"female","male","pairwise","attempt1","barn","nest","location1","soc.pair","total.dur","process.dist.m","dur.fertile","ci.diff","clutch_id_merge","clutch_match","fert_type","shared_fert","pat.clutch.size","bin_fert","fem_mass_1","fem_throat_avg_bright","fem_throat_chroma","fem_throat_hue","fem_throat_total_bright","fem_breast_avg_bright","fem_breast_chroma","fem_breast_hue","fem_breast_total_bright","fem_belly_avg_bright","fem_belly_chroma","fem_belly_hue","fem_belly_total_bright","fem_vent_avg_bright","fem_vent_chroma","fem_vent_hue","fem_vent_total_bright","fem_mean_rwl","fem_mean_rts","fem_mean_lts","fem_TS","fem_TS_scaled","fem_throat_avg_bright_scaled","fem_breast_avg_bright_scaled","fem_belly_avg_bright_scaled","fem_vent_avg_bright_scaled","male_mass_1","male_throat_avg_bright","male_throat_chroma","male_throat_hue","male_throat_total_bright","male_breast_avg_bright","male_breast_chroma","male_breast_hue","male_breast_total_bright","male_belly_avg_bright","male_belly_chroma","male_belly_hue","male_belly_total_bright","male_vent_avg_bright","male_vent_chroma","male_vent_hue","male_vent_total_bright","male_mean_rwl","male_mean_rts","male_mean_lts","male_TS","male_TS_scaled","male_throat_avg_bright_scaled","male_breast_avg_bright_scaled","male_belly_avg_bright_scaled","male_vent_avg_bright_scaled"
"2640-97331","2640-97588","2640-97331_2640-97588",1,"CHR",29,"CHR-29",0,11,12.54316078,7,-4,"CHR_29_1",1,"ep_same",2,4,"yes",16.76,9.83579096,0.544014282,674.104,19730.59667,18.81945995,0.511323939,633.7533333,37751.83667,19.5594101,0.486640052,616.7373333,39236.17667,18.82038717,0.496634551,652.7723333,37753.69667,119,79.83333333,79,79.83333333,0.841087169976081,-2.1023325983426,-1.58701740214741,-1.17487569171357,-1.36053335402883,18.7,11.85018943,0.544837496,653.7273333,23771.48,14.45612662,0.507893605,610.6836667,28998.99,21.21705716,0.471668493,610.6836667,42561.41667,27.50362745,0.462396686,637.0386667,55172.27667,119,87,85,87,-0.327950447205388,-0.607889525035993,-1.69870577771304,-0.287874870450448,1.03914087582914
"2640-97331","2640-97588","2640-97331_2640-97588",2,"CHR",27,"CHR-27",0,10,13.55260368,7,-4,"CHR_27_2",1,NA,0,4,"no",16.76,9.83579096,0.544014282,674.104,19730.59667,18.81945995,0.511323939,633.7533333,37751.83667,19.5594101,0.486640052,616.7373333,39236.17667,18.82038717,0.496634551,652.7723333,37753.69667,119,79.83333333,79,79.83333333,0.841087169976081,-2.1023325983426,-1.58701740214741,-1.17487569171357,-1.36053335402883,18.7,11.85018943,0.544837496,653.7273333,23771.48,14.45612662,0.507893605,610.6836667,28998.99,21.21705716,0.471668493,610.6836667,42561.41667,27.50362745,0.462396686,637.0386667,55172.27667,119,87,85,87,-0.327950447205388,-0.607889525035993,-1.69870577771304,-0.287874870450448,1.03914087582914
"2640-97331","2640-97589","2640-97331_2640-97589",1,"CHR",29,"CHR-29",0,11,3.345023064,9,-2,"CHR_29_1",1,NA,0,4,"no",16.76,9.83579096,0.544014282,674.104,19730.59667,18.81945995,0.511323939,633.7533333,37751.83667,19.5594101,0.486640052,616.7373333,39236.17667,18.82038717,0.496634551,652.7723333,37753.69667,119,79.83333333,79,79.83333333,0.841087169976081,-2.1023325983426,-1.58701740214741,-1.17487569171357,-1.36053335402883,16.1,11.8153556,0.523609389,681.183,23701.60333,16.91354271,0.528785659,657.7393333,33928.56667,18.6526321,0.480672665,627.3723333,37417.18,20.65218677,0.48363622,650.113,41428.28667,119,99.66666667,98,99.66666667,1.52440248376499,-0.617154537768401,-1.28234576663637,-0.738145434585443,-0.438240313367936
"2640-97331","2640-97589","2640-97331_2640-97589",2,"CHR",27,"CHR-27",0,10,3.56350997,10,-1,"CHR_27_2",1,NA,0,4,"no",16.76,9.83579096,0.544014282,674.104,19730.59667,18.81945995,0.511323939,633.7533333,37751.83667,19.5594101,0.486640052,616.7373333,39236.17667,18.82038717,0.496634551,652.7723333,37753.69667,119,79.83333333,79,79.83333333,0.841087169976081,-2.1023325983426,-1.58701740214741,-1.17487569171357,-1.36053335402883,16.1,11.8153556,0.523609389,681.183,23701.60333,16.91354271,0.528785659,657.7393333,33928.56667,18.6526321,0.480672665,627.3723333,37417.18,20.65218677,0.48363622,650.113,41428.28667,119,99.66666667,98,99.66666667,1.52440248376499,-0.617154537768401,-1.28234576663637,-0.738145434585443,-0.438240313367936
"2640-97331","2811-83208","2640-97331_2811-83208",2,"CHR",27,"CHR-27",0,10,15.90725563,0,14,"CHR_27_2",1,NA,0,4,"no",16.76,9.83579096,0.544014282,674.104,19730.59667,18.81945995,0.511323939,633.7533333,37751.83667,19.5594101,0.486640052,616.7373333,39236.17667,18.82038717,0.496634551,652.7723333,37753.69667,119,79.83333333,79,79.83333333,0.841087169976081,-2.1023325983426,-1.58701740214741,-1.17487569171357,-1.36053335402883,16.9,18.73416916,0.484585352,611.004,37580.74333,21.00459455,0.486882121,610.6836667,42135.21667,26.39878531,0.450512144,610.6836667,52955.96333,23.23742606,0.475660646,611.004,46614.27667,118,87,89.5,87,-0.327950447205388,1.22309374175052,-0.589198848477454,0.621950764031026,0.119216734719535
"2640-97331","2811-83208","2640-97331_2811-83208",1,"CHR",29,"CHR-29",0,0,16.94168974,0,13,"CHR_29_1",1,NA,0,4,"no",16.76,9.83579096,0.544014282,674.104,19730.59667,18.81945995,0.511323939,633.7533333,37751.83667,19.5594101,0.486640052,616.7373333,39236.17667,18.82038717,0.496634551,652.7723333,37753.69667,119,79.83333333,79,79.83333333,0.841087169976081,-2.1023325983426,-1.58701740214741,-1.17487569171357,-1.36053335402883,16.9,18.73416916,0.484585352,611.004,37580.74333,21.00459455,0.486882121,610.6836667,42135.21667,26.39878531,0.450512144,610.6836667,52955.96333,23.23742606,0.475660646,611.004,46614.27667,118,87,89.5,87,-0.327950447205388,1.22309374175052,-0.589198848477454,0.621950764031026,0.119216734719535
"2640-97331","2850-57567","2640-97331_2850-57567",2,"CHR",27,"CHR-27",0,6,10.66265844,0,-37,"CHR_27_2",1,NA,0,4,"no",16.76,9.83579096,0.544014282,674.104,19730.59667,18.81945995,0.511323939,633.7533333,37751.83667,19.5594101,0.486640052,616.7373333,39236.17667,18.82038717,0.496634551,652.7723333,37753.69667,119,79.83333333,79,79.83333333,0.841087169976081,-2.1023325983426,-1.58701740214741,-1.17487569171357,-1.36053335402883,16.6,10.56012296,0.52180729,667.1156667,21183.60667,26.35612994,0.49271154,611.3883333,52870.39667,22.28285809,0.48721335,606.0566667,44699.41333,16.73888169,0.511359264,628.0706667,33578.19667,121.5,102.1666667,102.5,102.1666667,1.88999846127377,-0.951018094883241,0.317511799070068,-0.100737880763292,-1.28206916379613
"2640-97331","2850-57567","2640-97331_2850-57567",1,"CHR",29,"CHR-29",0,0,9.735905078,0,11,"CHR_29_1",1,NA,0,4,"no",16.76,9.83579096,0.544014282,674.104,19730.59667,18.81945995,0.511323939,633.7533333,37751.83667,19.5594101,0.486640052,616.7373333,39236.17667,18.82038717,0.496634551,652.7723333,37753.69667,119,79.83333333,79,79.83333333,0.841087169976081,-2.1023325983426,-1.58701740214741,-1.17487569171357,-1.36053335402883,16.6,10.56012296,0.52180729,667.1156667,21183.60667,26.35612994,0.49271154,611.3883333,52870.39667,22.28285809,0.48721335,606.0566667,44699.41333,16.73888169,0.511359264,628.0706667,33578.19667,121.5,102.1666667,102.5,102.1666667,1.88999846127377,-0.951018094883241,0.317511799070068,-0.100737880763292,-1.28206916379613
"2640-97331","2850-57570","2640-97331_2850-57570",2,"CHR",27,"CHR-27",0,10,10.22398322,5,-5,"CHR_27_2",1,NA,0,4,"no",16.76,9.83579096,0.544014282,674.104,19730.59667,18.81945995,0.511323939,633.7533333,37751.83667,19.5594101,0.486640052,616.7373333,39236.17667,18.82038717,0.496634551,652.7723333,37753.69667,119,79.83333333,79,79.83333333,0.841087169976081,-2.1023325983426,-1.58701740214741,-1.17487569171357,-1.36053335402883,16.51,16.84077767,0.501161039,611.004,33782.6,23.06811898,0.49586693,611.004,46274.64667,25.67366733,0.443766873,611.004,51501.37667,19.07592556,0.494641169,627.6863333,38266.30667,121.5,90,NA,90,0.110764720540566,0.719494330997171,-0.239575901827104,0.494632057389222,-0.778130676530947
"2640-97331","2850-57570","2640-97331_2850-57570",1,"CHR",29,"CHR-29",0,0,6.917761569,0,23,"CHR_29_1",1,NA,0,4,"no",16.76,9.83579096,0.544014282,674.104,19730.59667,18.81945995,0.511323939,633.7533333,37751.83667,19.5594101,0.486640052,616.7373333,39236.17667,18.82038717,0.496634551,652.7723333,37753.69667,119,79.83333333,79,79.83333333,0.841087169976081,-2.1023325983426,-1.58701740214741,-1.17487569171357,-1.36053335402883,16.51,16.84077767,0.501161039,611.004,33782.6,23.06811898,0.49586693,611.004,46274.64667,25.67366733,0.443766873,611.004,51501.37667,19.07592556,0.494641169,627.6863333,38266.30667,121.5,90,NA,90,0.110764720540566,0.719494330997171,-0.239575901827104,0.494632057389222,-0.778130676530947
"2640-97331","2850-57577","2640-97331_2850-57577",2,"CHR",27,"CHR-27",0,10,13.569444,0,24,"CHR_27_2",1,NA,0,4,"no",16.76,9.83579096,0.544014282,674.104,19730.59667,18.81945995,0.511323939,633.7533333,37751.83667,19.5594101,0.486640052,616.7373333,39236.17667,18.82038717,0.496634551,652.7723333,37753.69667,119,79.83333333,79,79.83333333,0.841087169976081,-2.1023325983426,-1.58701740214741,-1.17487569171357,-1.36053335402883,18.2,20.92472416,0.512057073,676.164,41974.99667,28.83623131,0.475799583,625.399,57845.48,28.80829345,0.443602398,627.1216667,57789.43667,29.54534563,0.455136562,636.0576667,59267.96333,119,90.83333333,91.16666667,90.83333333,0.232630044426981,1.80573194047972,0.737715377164354,1.04502048301344,1.47939806751422
"2640-97331","2850-57577","2640-97331_2850-57577",1,"CHR",29,"CHR-29",0,0,12.51519135,0,23,"CHR_29_1",1,NA,0,4,"no",16.76,9.83579096,0.544014282,674.104,19730.59667,18.81945995,0.511323939,633.7533333,37751.83667,19.5594101,0.486640052,616.7373333,39236.17667,18.82038717,0.496634551,652.7723333,37753.69667,119,79.83333333,79,79.83333333,0.841087169976081,-2.1023325983426,-1.58701740214741,-1.17487569171357,-1.36053335402883,18.2,20.92472416,0.512057073,676.164,41974.99667,28.83623131,0.475799583,625.399,57845.48,28.80829345,0.443602398,627.1216667,57789.43667,29.54534563,0.455136562,636.0576667,59267.96333,119,90.83333333,91.16666667,90.83333333,0.232630044426981,1.80573194047972,0.737715377164354,1.04502048301344,1.47939806751422
"2640-97331","2850-57578","2640-97331_2850-57578",2,"CHR",27,"CHR-27",0,10,3.704275342,0,21,"CHR_27_2",1,NA,0,4,"no",16.76,9.83579096,0.544014282,674.104,19730.59667,18.81945995,0.511323939,633.7533333,37751.83667,19.5594101,0.486640052,616.7373333,39236.17667,18.82038717,0.496634551,652.7723333,37753.69667,119,79.83333333,79,79.83333333,0.841087169976081,-2.1023325983426,-1.58701740214741,-1.17487569171357,-1.36053335402883,17.2,10.81633932,0.556799001,678.4426667,21697.57667,15.67680791,0.517385329,657.4626667,31447.67667,20.72179628,0.496782872,642.7923333,41567.92333,11.67128448,0.547842632,659.167,23412.59667,119,91.5,91.5,91.5,0.330122304413543,-0.882870324808829,-1.49188574528399,-0.374834477619313,-2.37479887454678
"2640-97331","2850-57578","2640-97331_2850-57578",1,"CHR",29,"CHR-29",0,0,2.800078,0,19,"CHR_29_1",1,NA,0,4,"no",16.76,9.83579096,0.544014282,674.104,19730.59667,18.81945995,0.511323939,633.7533333,37751.83667,19.5594101,0.486640052,616.7373333,39236.17667,18.82038717,0.496634551,652.7723333,37753.69667,119,79.83333333,79,79.83333333,0.841087169976081,-2.1023325983426,-1.58701740214741,-1.17487569171357,-1.36053335402883,17.2,10.81633932,0.556799001,678.4426667,21697.57667,15.67680791,0.517385329,657.4626667,31447.67667,20.72179628,0.496782872,642.7923333,41567.92333,11.67128448,0.547842632,659.167,23412.59667,119,91.5,91.5,91.5,0.330122304413543,-0.882870324808829,-1.49188574528399,-0.374834477619313,-2.37479887454678
"2640-97331","2850-57579","2640-97331_2850-57579",1,"CHR",29,"CHR-29",0,5,5.951304253,5,6,"CHR_29_1",1,NA,0,4,"no",16.76,9.83579096,0.544014282,674.104,19730.59667,18.81945995,0.511323939,633.7533333,37751.83667,19.5594101,0.486640052,616.7373333,39236.17667,18.82038717,0.496634551,652.7723333,37753.69667,119,79.83333333,79,79.83333333,0.841087169976081,-2.1023325983426,-1.58701740214741,-1.17487569171357,-1.36053335402883,16.3,11.31949153,0.533256519,660.737,22706.9,24.77905949,0.48852106,617.005,49706.79333,18.07848455,0.49353373,627.3723333,36265.44,24.4043104,0.499147361,611.004,48955.04667,118.5,93.5,92,93.5,0.622599082910845,-0.749043190899379,0.0503087508346794,-0.838956234350139,0.37083286253875
"2640-97331","2850-57579","2640-97331_2850-57579",2,"CHR",27,"CHR-27",0,10,5.784839798,0,-17,"CHR_27_2",1,NA,0,4,"no",16.76,9.83579096,0.544014282,674.104,19730.59667,18.81945995,0.511323939,633.7533333,37751.83667,19.5594101,0.486640052,616.7373333,39236.17667,18.82038717,0.496634551,652.7723333,37753.69667,119,79.83333333,79,79.83333333,0.841087169976081,-2.1023325983426,-1.58701740214741,-1.17487569171357,-1.36053335402883,16.3,11.31949153,0.533256519,660.737,22706.9,24.77905949,0.48852106,617.005,49706.79333,18.07848455,0.49353373,627.3723333,36265.44,24.4043104,0.499147361,611.004,48955.04667,118.5,93.5,92,93.5,0.622599082910845,-0.749043190899379,0.0503087508346794,-0.838956234350139,0.37083286253875
"2640-97331","2850-57580","2640-97331_2850-57580",2,"CHR",27,"CHR-27",0,8,10.75579679,0,-34,"CHR_27_2",1,NA,0,4,"no",16.76,9.83579096,0.544014282,674.104,19730.59667,18.81945995,0.511323939,633.7533333,37751.83667,19.5594101,0.486640052,616.7373333,39236.17667,18.82038717,0.496634551,652.7723333,37753.69667,119,79.83333333,79,79.83333333,0.841087169976081,-2.1023325983426,-1.58701740214741,-1.17487569171357,-1.36053335402883,16.2,9.142844799,0.560214832,667.427,18340.54667,27.48113161,0.465556814,625.399,55127.15,22.9424111,0.468469624,647.108,46022.47667,30.74621137,0.465611781,608.7603333,61676.9,117.5,87.83333333,NA,87.83333333,-0.206085123318973,-1.32798210392354,0.508120833367745,0.0150687031458652,1.73834162958958
"2640-97331","2850-57580","2640-97331_2850-57580",1,"CHR",29,"CHR-29",0,0,11.78128134,0,14,"CHR_29_1",1,NA,0,4,"no",16.76,9.83579096,0.544014282,674.104,19730.59667,18.81945995,0.511323939,633.7533333,37751.83667,19.5594101,0.486640052,616.7373333,39236.17667,18.82038717,0.496634551,652.7723333,37753.69667,119,79.83333333,79,79.83333333,0.841087169976081,-2.1023325983426,-1.58701740214741,-1.17487569171357,-1.36053335402883,16.2,9.142844799,0.560214832,667.427,18340.54667,27.48113161,0.465556814,625.399,55127.15,22.9424111,0.468469624,647.108,46022.47667,30.74621137,0.465611781,608.7603333,61676.9,117.5,87.83333333,NA,87.83333333,-0.206085123318973,-1.32798210392354,0.508120833367745,0.0150687031458652,1.73834162958958
"2640-97331","2850-57581","2640-97331_2850-57581",1,"CHR",29,"CHR-29",0,7,12.40409686,7,4,"CHR_29_1",1,NA,0,4,"no",16.76,9.83579096,0.544014282,674.104,19730.59667,18.81945995,0.511323939,633.7533333,37751.83667,19.5594101,0.486640052,616.7373333,39236.17667,18.82038717,0.496634551,652.7723333,37753.69667,119,79.83333333,79,79.83333333,0.841087169976081,-2.1023325983426,-1.58701740214741,-1.17487569171357,-1.36053335402883,15.5,12.5018158,0.557442636,674.1035,25078.6425,18.94245264,0.521103483,641.0916667,37998.56,27.0381655,0.472765016,616.0483333,54238.56,19.62838485,0.524143762,664.102,39374.54,116,82.5,83,82.5,-0.986023198824319,-0.434571614980667,-0.938587554762546,0.734215334884986,-0.659003473806166
"2640-97331","2850-57581","2640-97331_2850-57581",2,"CHR",27,"CHR-27",0,10,12.46090579,5,5,"CHR_27_2",1,NA,0,4,"no",16.76,9.83579096,0.544014282,674.104,19730.59667,18.81945995,0.511323939,633.7533333,37751.83667,19.5594101,0.486640052,616.7373333,39236.17667,18.82038717,0.496634551,652.7723333,37753.69667,119,79.83333333,79,79.83333333,0.841087169976081,-2.1023325983426,-1.58701740214741,-1.17487569171357,-1.36053335402883,15.5,12.5018158,0.557442636,674.1035,25078.6425,18.94245264,0.521103483,641.0916667,37998.56,27.0381655,0.472765016,616.0483333,54238.56,19.62838485,0.524143762,664.102,39374.54,116,82.5,83,82.5,-0.986023198824319,-0.434571614980667,-0.938587554762546,0.734215334884986,-0.659003473806166
"2640-97331","2850-57582","2640-97331_2850-57582",2,"CHR",27,"CHR-27",0,10,12.09954678,0,16,"CHR_27_2",1,NA,0,4,"no",16.76,9.83579096,0.544014282,674.104,19730.59667,18.81945995,0.511323939,633.7533333,37751.83667,19.5594101,0.486640052,616.7373333,39236.17667,18.82038717,0.496634551,652.7723333,37753.69667,119,79.83333333,79,79.83333333,0.841087169976081,-2.1023325983426,-1.58701740214741,-1.17487569171357,-1.36053335402883,15.9,NA,NA,NA,NA,28.49882187,0.467628455,626.7313333,57168.63667,24.79582419,0.471185748,627.0583333,49740.42333,10.86734629,0.526212895,643.7406667,21799.89667,118,88.5,86,88.5,-0.108592863332411,NA,0.68054809534039,0.340497342347155,-2.54815265729939
"2640-97331","2850-57582","2640-97331_2850-57582",1,"CHR",29,"CHR-29",0,0,13.16811811,0,12,"CHR_29_1",1,NA,0,4,"no",16.76,9.83579096,0.544014282,674.104,19730.59667,18.81945995,0.511323939,633.7533333,37751.83667,19.5594101,0.486640052,616.7373333,39236.17667,18.82038717,0.496634551,652.7723333,37753.69667,119,79.83333333,79,79.83333333,0.841087169976081,-2.1023325983426,-1.58701740214741,-1.17487569171357,-1.36053335402883,15.9,NA,NA,NA,NA,28.49882187,0.467628455,626.7313333,57168.63667,24.79582419,0.471185748,627.0583333,49740.42333,10.86734629,0.526212895,643.7406667,21799.89667,118,88.5,86,88.5,-0.108592863332411,NA,0.68054809534039,0.340497342347155,-2.54815265729939
"2640-97331","2850-57589","2640-97331_2850-57589",1,"CHR",29,"CHR-29",0,1,7.023837135,1,10,"CHR_29_1",1,NA,0,4,"no",16.76,9.83579096,0.544014282,674.104,19730.59667,18.81945995,0.511323939,633.7533333,37751.83667,19.5594101,0.486640052,616.7373333,39236.17667,18.82038717,0.496634551,652.7723333,37753.69667,119,79.83333333,79,79.83333333,0.841087169976081,-2.1023325983426,-1.58701740214741,-1.17487569171357,-1.36053335402883,17.5,12.65077601,0.531237153,675.7903333,25377.45667,16.92662014,0.501144529,627.3723333,33954.8,19.27879528,0.490091496,643.7406667,38673.26333,19.52571951,0.519492939,627.6863333,39168.59333,119.8333333,97,96.5,97,1.13443344528112,-0.394951560502818,-1.28013005765578,-0.628201551764721,-0.681141276522795
"2640-97331","2850-57589","2640-97331_2850-57589",2,"CHR",27,"CHR-27",0,10,6.234389011,0,15,"CHR_27_2",1,NA,0,4,"no",16.76,9.83579096,0.544014282,674.104,19730.59667,18.81945995,0.511323939,633.7533333,37751.83667,19.5594101,0.486640052,616.7373333,39236.17667,18.82038717,0.496634551,652.7723333,37753.69667,119,79.83333333,79,79.83333333,0.841087169976081,-2.1023325983426,-1.58701740214741,-1.17487569171357,-1.36053335402883,17.5,12.65077601,0.531237153,675.7903333,25377.45667,16.92662014,0.501144529,627.3723333,33954.8,19.27879528,0.490091496,643.7406667,38673.26333,19.52571951,0.519492939,627.6863333,39168.59333,119.8333333,97,96.5,97,1.13443344528112,-0.394951560502818,-1.28013005765578,-0.628201551764721,-0.681141276522795
"2640-97331","2850-57620","2640-97331_2850-57620",2,"CHR",27,"CHR-27",0,10,6.422664264,0,14,"CHR_27_2",1,NA,0,4,"no",16.76,9.83579096,0.544014282,674.104,19730.59667,18.81945995,0.511323939,633.7533333,37751.83667,19.5594101,0.486640052,616.7373333,39236.17667,18.82038717,0.496634551,652.7723333,37753.69667,119,79.83333333,79,79.83333333,0.841087169976081,-2.1023325983426,-1.58701740214741,-1.17487569171357,-1.36053335402883,18.2,8.903889997,0.510576941,627.6863333,17861.20333,21.60838485,0.492100236,611.004,43346.42,22.72290794,0.464821292,611.004,45582.15333,21.84048023,0.466018925,627.6863333,43812.00333,121,87,84,87,-0.327950447205388,-1.39153868908802,-0.486898657224134,-0.0234724159627646,-0.182007721268793
"2640-97331","2850-57620","2640-97331_2850-57620",1,"CHR",29,"CHR-29",0,0,5.45933273,0,13,"CHR_29_1",1,NA,0,4,"no",16.76,9.83579096,0.544014282,674.104,19730.59667,18.81945995,0.511323939,633.7533333,37751.83667,19.5594101,0.486640052,616.7373333,39236.17667,18.82038717,0.496634551,652.7723333,37753.69667,119,79.83333333,79,79.83333333,0.841087169976081,-2.1023325983426,-1.58701740214741,-1.17487569171357,-1.36053335402883,18.2,8.903889997,0.510576941,627.6863333,17861.20333,21.60838485,0.492100236,611.004,43346.42,22.72290794,0.464821292,611.004,45582.15333,21.84048023,0.466018925,627.6863333,43812.00333,121,87,84,87,-0.327950447205388,-1.39153868908802,-0.486898657224134,-0.0234724159627646,-0.182007721268793
"2640-97331","2850-57647","2640-97331_2850-57647",2,"CHR",27,"CHR-27",0,10,3.77388294,0,24,"CHR_27_2",1,NA,0,4,"no",16.76,9.83579096,0.544014282,674.104,19730.59667,18.81945995,0.511323939,633.7533333,37751.83667,19.5594101,0.486640052,616.7373333,39236.17667,18.82038717,0.496634551,652.7723333,37753.69667,119,79.83333333,79,79.83333333,0.841087169976081,-2.1023325983426,-1.58701740214741,-1.17487569171357,-1.36053335402883,15.8,12.89783981,0.543297932,643.7406667,25873.06667,28.1838767,0.473800388,617.439,56536.85667,25.45478232,0.436115595,638.1653333,51062.29333,20.55910934,0.502370676,626.097,41241.57333,122.1666667,85.83333333,87.33333333,85.83333333,-0.498561901816276,-0.329238164855052,0.627186934809475,0.456199475181733,-0.458310668004767
"2640-97331","2850-57647","2640-97331_2850-57647",1,"CHR",29,"CHR-29",0,0,3.546625264,0,18,"CHR_29_1",1,NA,0,4,"no",16.76,9.83579096,0.544014282,674.104,19730.59667,18.81945995,0.511323939,633.7533333,37751.83667,19.5594101,0.486640052,616.7373333,39236.17667,18.82038717,0.496634551,652.7723333,37753.69667,119,79.83333333,79,79.83333333,0.841087169976081,-2.1023325983426,-1.58701740214741,-1.17487569171357,-1.36053335402883,15.8,12.89783981,0.543297932,643.7406667,25873.06667,28.1838767,0.473800388,617.439,56536.85667,25.45478232,0.436115595,638.1653333,51062.29333,20.55910934,0.502370676,626.097,41241.57333,122.1666667,85.83333333,87.33333333,85.83333333,-0.498561901816276,-0.329238164855052,0.627186934809475,0.456199475181733,-0.458310668004767
"2640-97331","2850-57653","2640-97331_2850-57653",2,"CHR",27,"CHR-27",0,10,16.54801295,9,-2,"CHR_27_2",1,NA,0,4,"no",16.76,9.83579096,0.544014282,674.104,19730.59667,18.81945995,0.511323939,633.7533333,37751.83667,19.5594101,0.486640052,616.7373333,39236.17667,18.82038717,0.496634551,652.7723333,37753.69667,119,79.83333333,79,79.83333333,0.841087169976081,-2.1023325983426,-1.58701740214741,-1.17487569171357,-1.36053335402883,16.37,8.467490861,0.535457505,660.1716667,16985.78667,27.15053506,0.465647634,659.167,54463.97333,21.8547225,0.470898637,665.8,43840.57333,15.40861914,0.497215455,659.167,30909.69,119.3333333,78,76.33333333,78,-1.64409595044325,-1.50761101163916,0.452107859504655,-0.175911398852204,-1.56891465511013
"2640-97331","2850-57653","2640-97331_2850-57653",1,"CHR",29,"CHR-29",0,0,13.22996489,0,13,"CHR_29_1",1,NA,0,4,"no",16.76,9.83579096,0.544014282,674.104,19730.59667,18.81945995,0.511323939,633.7533333,37751.83667,19.5594101,0.486640052,616.7373333,39236.17667,18.82038717,0.496634551,652.7723333,37753.69667,119,79.83333333,79,79.83333333,0.841087169976081,-2.1023325983426,-1.58701740214741,-1.17487569171357,-1.36053335402883,16.37,8.467490861,0.535457505,660.1716667,16985.78667,27.15053506,0.465647634,659.167,54463.97333,21.8547225,0.470898637,665.8,43840.57333,15.40861914,0.497215455,659.167,30909.69,119.3333333,78,76.33333333,78,-1.64409595044325,-1.50761101163916,0.452107859504655,-0.175911398852204,-1.56891465511013
"2640-97331","2850-57669","2640-97331_2850-57669",2,"CHR",27,"CHR-27",0,10,4.5015262,9,1,"CHR_27_2",1,NA,0,4,"no",16.76,9.83579096,0.544014282,674.104,19730.59667,18.81945995,0.511323939,633.7533333,37751.83667,19.5594101,0.486640052,616.7373333,39236.17667,18.82038717,0.496634551,652.7723333,37753.69667,119,79.83333333,79,79.83333333,0.841087169976081,-2.1023325983426,-1.58701740214741,-1.17487569171357,-1.36053335402883,17.82,14.07982054,0.504204618,611.004,28244.12,27.72719176,0.47617904,611.004,55620.74667,17.24374875,0.494612283,611.004,34590.96,18.57412762,0.508699718,611.004,37259.7,123.8333333,89.66666667,90,89.66666667,0.0620185912784761,-0.0148579628241403,0.549810804877425,-0.985522014505819,-0.886333735122392
"2640-97331","2850-57669","2640-97331_2850-57669",1,"CHR",29,"CHR-29",0,0,3.835087464,0,13,"CHR_29_1",1,NA,0,4,"no",16.76,9.83579096,0.544014282,674.104,19730.59667,18.81945995,0.511323939,633.7533333,37751.83667,19.5594101,0.486640052,616.7373333,39236.17667,18.82038717,0.496634551,652.7723333,37753.69667,119,79.83333333,79,79.83333333,0.841087169976081,-2.1023325983426,-1.58701740214741,-1.17487569171357,-1.36053335402883,17.82,14.07982054,0.504204618,611.004,28244.12,27.72719176,0.47617904,611.004,55620.74667,17.24374875,0.494612283,611.004,34590.96,18.57412762,0.508699718,611.004,37259.7,123.8333333,89.66666667,90,89.66666667,0.0620185912784761,-0.0148579628241403,0.549810804877425,-0.985522014505819,-0.886333735122392
"2640-97331","2850-57671","2640-97331_2850-57671",2,"CHR",27,"CHR-27",0,10,14.97887567,0,-31,"CHR_27_2",1,NA,0,4,"no",16.76,9.83579096,0.544014282,674.104,19730.59667,18.81945995,0.511323939,633.7533333,37751.83667,19.5594101,0.486640052,616.7373333,39236.17667,18.82038717,0.496634551,652.7723333,37753.69667,119,79.83333333,79,79.83333333,0.841087169976081,-2.1023325983426,-1.58701740214741,-1.17487569171357,-1.36053335402883,17.53,16.28350449,0.48181303,667.733,32664.71,28.84180791,0.479499655,593.4133333,57856.66667,23.68146062,0.459973843,641.034,47505.01,25.7482569,0.475226128,607.0326667,51651.00333,117.8333333,75.83333333,83.16666667,75.83333333,-1.96094579430279,0.571272240341928,0.738660220509044,0.144833557453636,0.660629034048076
"2640-97331","2850-57671","2640-97331_2850-57671",1,"CHR",29,"CHR-29",0,0,16.04915093,0,17,"CHR_29_1",1,NA,0,4,"no",16.76,9.83579096,0.544014282,674.104,19730.59667,18.81945995,0.511323939,633.7533333,37751.83667,19.5594101,0.486640052,616.7373333,39236.17667,18.82038717,0.496634551,652.7723333,37753.69667,119,79.83333333,79,79.83333333,0.841087169976081,-2.1023325983426,-1.58701740214741,-1.17487569171357,-1.36053335402883,17.53,16.28350449,0.48181303,667.733,32664.71,28.84180791,0.479499655,593.4133333,57856.66667,23.68146062,0.459973843,641.034,47505.01,25.7482569,0.475226128,607.0326667,51651.00333,117.8333333,75.83333333,83.16666667,75.83333333,-1.96094579430279,0.571272240341928,0.738660220509044,0.144833557453636,0.660629034048076
"2640-97331","2850-57731","2640-97331_2850-57731",1,"CHR",29,"CHR-29",0,11,2.113967997,6,-5,"CHR_29_1",1,NA,0,4,"no",16.76,9.83579096,0.544014282,674.104,19730.59667,18.81945995,0.511323939,633.7533333,37751.83667,19.5594101,0.486640052,616.7373333,39236.17667,18.82038717,0.496634551,652.7723333,37753.69667,119,79.83333333,79,79.83333333,0.841087169976081,-2.1023325983426,-1.58701740214741,-1.17487569171357,-1.36053335402883,15.9,10.9634214,0.500436597,689.138,21992.62333,23.24545364,0.49159359,611.004,46630.38,18.5751562,0.456752009,611.004,37261.76333,24.60593387,0.474122334,611.004,49359.50333,119,91,92.33333333,91,0.257003109789217,-0.84374981052978,-0.209530090170569,-0.751748919336863,0.414309079555146
"2640-97331","2850-57731","2640-97331_2850-57731",2,"CHR",27,"CHR-27",0,10,4.116895593,6,-4,"CHR_27_2",1,NA,0,4,"no",16.76,9.83579096,0.544014282,674.104,19730.59667,18.81945995,0.511323939,633.7533333,37751.83667,19.5594101,0.486640052,616.7373333,39236.17667,18.82038717,0.496634551,652.7723333,37753.69667,119,79.83333333,79,79.83333333,0.841087169976081,-2.1023325983426,-1.58701740214741,-1.17487569171357,-1.36053335402883,15.9,10.9634214,0.500436597,689.138,21992.62333,23.24545364,0.49159359,611.004,46630.38,18.5751562,0.456752009,611.004,37261.76333,24.60593387,0.474122334,611.004,49359.50333,119,91,92.33333333,91,0.257003109789217,-0.84374981052978,-0.209530090170569,-0.751748919336863,0.414309079555146
"2640-97331","2850-57733","2640-97331_2850-57733",2,"CHR",27,"CHR-27",0,10,8.269835775,0,-10,"CHR_27_2",1,NA,0,4,"no",16.76,9.83579096,0.544014282,674.104,19730.59667,18.81945995,0.511323939,633.7533333,37751.83667,19.5594101,0.486640052,616.7373333,39236.17667,18.82038717,0.496634551,652.7723333,37753.69667,119,79.83333333,79,79.83333333,0.841087169976081,-2.1023325983426,-1.58701740214741,-1.17487569171357,-1.36053335402883,15.66,14.84394317,0.488091858,680.0823333,29776.95,20.45213858,0.480742509,611.004,41026.99,22.3788767,0.481773003,627.3723333,44892.02667,18.61630941,0.474711747,611.004,37344.31667,121.6666667,NA,102,102,1.86562539152438,0.188381413841325,-0.682801464137293,-0.0838786032720019,-0.877238044743787
"2640-97331","2850-57733","2640-97331_2850-57733",1,"CHR",29,"CHR-29",0,0,9.277382025,0,38,"CHR_29_1",1,NA,0,4,"no",16.76,9.83579096,0.544014282,674.104,19730.59667,18.81945995,0.511323939,633.7533333,37751.83667,19.5594101,0.486640052,616.7373333,39236.17667,18.82038717,0.496634551,652.7723333,37753.69667,119,79.83333333,79,79.83333333,0.841087169976081,-2.1023325983426,-1.58701740214741,-1.17487569171357,-1.36053335402883,15.66,14.84394317,0.488091858,680.0823333,29776.95,20.45213858,0.480742509,611.004,41026.99,22.3788767,0.481773003,627.3723333,44892.02667,18.61630941,0.474711747,611.004,37344.31667,121.6666667,NA,102,102,1.86562539152438,0.188381413841325,-0.682801464137293,-0.0838786032720019,-0.877238044743787
"2640-97331","2850-57742","2640-97331_2850-57742",1,"CHR",29,"CHR-29",0,8,6.502144006,8,3,"CHR_29_1",1,NA,0,4,"no",16.76,9.83579096,0.544014282,674.104,19730.59667,18.81945995,0.511323939,633.7533333,37751.83667,19.5594101,0.486640052,616.7373333,39236.17667,18.82038717,0.496634551,652.7723333,37753.69667,119,79.83333333,79,79.83333333,0.841087169976081,-2.1023325983426,-1.58701740214741,-1.17487569171357,-1.36053335402883,16.98,13.00562645,0.511030769,671.763,26089.28667,26.1463443,0.49002744,625.0783333,52449.56667,26.30566135,0.456120566,609.081,52769.15667,22.8044882,0.51172569,659.167,45745.80333,118,93,92,93,0.54947988828652,-0.300569350889335,0.281967817833205,0.605599739133584,0.0258620257862253
"2640-97331","2850-57742","2640-97331_2850-57742",2,"CHR",27,"CHR-27",0,10,6.1628208967,9,1,"CHR_27_2",1,NA,0,4,"no",16.76,9.83579096,0.544014282,674.104,19730.59667,18.81945995,0.511323939,633.7533333,37751.83667,19.5594101,0.486640052,616.7373333,39236.17667,18.82038717,0.496634551,652.7723333,37753.69667,119,79.83333333,79,79.83333333,0.841087169976081,-2.1023325983426,-1.58701740214741,-1.17487569171357,-1.36053335402883,16.98,13.00562645,0.511030769,671.763,26089.28667,26.1463443,0.49002744,625.0783333,52449.56667,26.30566135,0.456120566,609.081,52769.15667,22.8044882,0.51172569,659.167,45745.80333,118,93,92,93,0.54947988828652,-0.300569350889335,0.281967817833205,0.605599739133584,0.0258620257862253
"2640-97331","2850-57744","2640-97331_2850-57744",2,"CHR",27,"CHR-27",0,10,13.29871713,0,25,"CHR_27_2",1,NA,0,4,"no",16.76,9.83579096,0.544014282,674.104,19730.59667,18.81945995,0.511323939,633.7533333,37751.83667,19.5594101,0.486640052,616.7373333,39236.17667,18.82038717,0.496634551,652.7723333,37753.69667,119,79.83333333,79,79.83333333,0.841087169976081,-2.1023325983426,-1.58701740214741,-1.17487569171357,-1.36053335402883,14.77,24.63866733,0.441897015,611.004,49425.16667,20.45419575,0.491736389,610.6836667,41031.11667,20.25567464,0.470934773,627.6863333,40632.88333,16.45550847,0.489979153,643.7406667,33009.75,116,84.5,NA,84.5,-0.693546420327017,2.79355701620318,-0.682452917821725,-0.456677716898191,-1.34317313948584
"2640-97331","2850-57744","2640-97331_2850-57744",1,"CHR",29,"CHR-29",0,0,14.27662498,0,21,"CHR_29_1",1,NA,0,4,"no",16.76,9.83579096,0.544014282,674.104,19730.59667,18.81945995,0.511323939,633.7533333,37751.83667,19.5594101,0.486640052,616.7373333,39236.17667,18.82038717,0.496634551,652.7723333,37753.69667,119,79.83333333,79,79.83333333,0.841087169976081,-2.1023325983426,-1.58701740214741,-1.17487569171357,-1.36053335402883,14.77,24.63866733,0.441897015,611.004,49425.16667,20.45419575,0.491736389,610.6836667,41031.11667,20.25567464,0.470934773,627.6863333,40632.88333,16.45550847,0.489979153,643.7406667,33009.75,116,84.5,NA,84.5,-0.693546420327017,2.79355701620318,-0.682452917821725,-0.456677716898191,-1.34317313948584
"2640-97331","2850-57745","2640-97331_2850-57745",1,"CHR",29,"CHR-29",0,3,11.9931834,3,8,"CHR_29_1",1,NA,0,4,"no",16.76,9.83579096,0.544014282,674.104,19730.59667,18.81945995,0.511323939,633.7533333,37751.83667,19.5594101,0.486640052,616.7373333,39236.17667,18.82038717,0.496634551,652.7723333,37753.69667,119,79.83333333,79,79.83333333,0.841087169976081,-2.1023325983426,-1.58701740214741,-1.17487569171357,-1.36053335402883,16.33,11.89491525,0.520998035,667.1156667,23861.2,19.28173812,0.496153459,634.065,38679.16667,21.88407444,0.484884869,657.7393333,43899.45333,26.3850565,0.474305256,645.4026667,52928.42333,118,85,86,85,-0.620427225702691,-0.59599346618265,-0.881102415479132,-0.170757684365318,0.797942599802867
"2640-97331","2850-57745","2640-97331_2850-57745",2,"CHR",27,"CHR-27",0,10,12.58730193,4,-5,"CHR_27_2",1,NA,0,4,"no",16.76,9.83579096,0.544014282,674.104,19730.59667,18.81945995,0.511323939,633.7533333,37751.83667,19.5594101,0.486640052,616.7373333,39236.17667,18.82038717,0.496634551,652.7723333,37753.69667,119,79.83333333,79,79.83333333,0.841087169976081,-2.1023325983426,-1.58701740214741,-1.17487569171357,-1.36053335402883,16.33,11.89491525,0.520998035,667.1156667,23861.2,19.28173812,0.496153459,634.065,38679.16667,21.88407444,0.484884869,657.7393333,43899.45333,26.3850565,0.474305256,645.4026667,52928.42333,118,85,86,85,-0.620427225702691,-0.59599346618265,-0.881102415479132,-0.170757684365318,0.797942599802867
"2640-97331","2850-57806","2640-97331_2850-57806",1,"CHR",29,"CHR-29",0,11,6.598714514,11,0,"CHR_29_1",1,NA,0,4,"no",16.76,9.83579096,0.544014282,674.104,19730.59667,18.81945995,0.511323939,633.7533333,37751.83667,19.5594101,0.486640052,616.7373333,39236.17667,18.82038717,0.496634551,652.7723333,37753.69667,119,79.83333333,79,79.83333333,0.841087169976081,-2.1023325983426,-1.58701740214741,-1.17487569171357,-1.36053335402883,15.88,11.25502825,0.516086951,669.4676667,22577.58667,14.26422898,0.518970434,659.167,28614.04333,18.0460319,0.470292612,659.167,36200.34,17.57589232,0.493413321,659.167,35257.24,120.1666667,83.83333333,86,83.83333333,-0.791038680313578,-0.766188968724348,-1.73121899508845,-0.844654382153754,-1.1015839465002
"2640-97331","2850-57806","2640-97331_2850-57806",2,"CHR",27,"CHR-27",0,11,8.69850265090909,6,4,"CHR_27_2",1,NA,0,4,"no",16.76,9.83579096,0.544014282,674.104,19730.59667,18.81945995,0.511323939,633.7533333,37751.83667,19.5594101,0.486640052,616.7373333,39236.17667,18.82038717,0.496634551,652.7723333,37753.69667,119,79.83333333,79,79.83333333,0.841087169976081,-2.1023325983426,-1.58701740214741,-1.17487569171357,-1.36053335402883,15.88,11.25502825,0.516086951,669.4676667,22577.58667,14.26422898,0.518970434,659.167,28614.04333,18.0460319,0.470292612,659.167,36200.34,17.57589232,0.493413321,659.167,35257.24,120.1666667,83.83333333,86,83.83333333,-0.791038680313578,-0.766188968724348,-1.73121899508845,-0.844654382153754,-1.1015839465002
"2640-97331","2850-57808","2640-97331_2850-57808",1,"CHR",29,"CHR-29",1,11,0.08,11,0,"CHR_29_1",1,"wp",2,4,"yes",16.76,9.83579096,0.544014282,674.104,19730.59667,18.81945995,0.511323939,633.7533333,37751.83667,19.5594101,0.486640052,616.7373333,39236.17667,18.82038717,0.496634551,652.7723333,37753.69667,119,79.83333333,79,79.83333333,0.841087169976081,-2.1023325983426,-1.58701740214741,-1.17487569171357,-1.36053335402883,17.44,11.46748421,0.514088925,678.7753333,23003.77333,15.37756564,0.515459018,659.167,30847.39667,20.6164008,0.49573159,641.3963333,41356.5,18.7548222,0.472216787,642.151,37622.17333,120.5,NA,100,100,1.57314861302708,-0.709680477568599,-1.54258636344907,-0.393340178166818,-0.847370430038086
"2640-97331","2850-57808","2640-97331_2850-57808",2,"CHR",27,"CHR-27",1,10,0.08,10,0,"CHR_27_2",1,"wp",3,4,"yes",16.76,9.83579096,0.544014282,674.104,19730.59667,18.81945995,0.511323939,633.7533333,37751.83667,19.5594101,0.486640052,616.7373333,39236.17667,18.82038717,0.496634551,652.7723333,37753.69667,119,79.83333333,79,79.83333333,0.841087169976081,-2.1023325983426,-1.58701740214741,-1.17487569171357,-1.36053335402883,17.44,11.46748421,0.514088925,678.7753333,23003.77333,15.37756564,0.515459018,659.167,30847.39667,20.6164008,0.49573159,641.3963333,41356.5,18.7548222,0.472216787,642.151,37622.17333,120.5,NA,100,100,1.57314861302708,-0.709680477568599,-1.54258636344907,-0.393340178166818,-0.847370430038086
"2640-97331","2850-57881","2640-97331_2850-57881",1,"CHR",29,"CHR-29",0,6,3.021301671,6,5,"CHR_29_1",1,NA,0,4,"no",16.76,9.83579096,0.544014282,674.104,19730.59667,18.81945995,0.511323939,633.7533333,37751.83667,19.5594101,0.486640052,616.7373333,39236.17667,18.82038717,0.496634551,652.7723333,37753.69667,119,79.83333333,79,79.83333333,0.841087169976081,-2.1023325983426,-1.58701740214741,-1.17487569171357,-1.36053335402883,16.55,11.73463277,0.535560863,644.7453333,23539.67333,21.93833167,0.494146676,611.004,44008.29333,26.56095214,0.438684751,643.7343333,53281.27,31.59365071,0.464706779,610.6836667,63376.86333,119.6666667,84.83333333,85.83333333,84.83333333,-0.644800291064927,-0.638624988986254,-0.430995767115722,0.650424573294177,1.92107559728725
"2640-97331","2850-57881","2640-97331_2850-57881",2,"CHR",27,"CHR-27",0,10,3.332676517,0,14,"CHR_27_2",1,NA,0,4,"no",16.76,9.83579096,0.544014282,674.104,19730.59667,18.81945995,0.511323939,633.7533333,37751.83667,19.5594101,0.486640052,616.7373333,39236.17667,18.82038717,0.496634551,652.7723333,37753.69667,119,79.83333333,79,79.83333333,0.841087169976081,-2.1023325983426,-1.58701740214741,-1.17487569171357,-1.36053335402883,16.55,11.73463277,0.535560863,644.7453333,23539.67333,21.93833167,0.494146676,611.004,44008.29333,26.56095214,0.438684751,643.7343333,53281.27,31.59365071,0.464706779,610.6836667,63376.86333,119.6666667,84.83333333,85.83333333,84.83333333,-0.644800291064927,-0.638624988986254,-0.430995767115722,0.650424573294177,1.92107559728725
"2640-97358","2640-97588","2640-97358_2640-97588",1,"CHR",32,"CHR-32",0,10,12.6552842,10,1,"CHR_32_1",1,NA,0,5,"no",16.83,13.77641409,0.537489733,659.167,27635.48667,19.740555,0.495234064,642.151,39599.55333,21.14287305,0.469501946,651.4403333,42412.60333,22.67428049,0.46988128,671.7466667,45484.60667,115,73,76.5,73,-0.940842096057504,-0.971279059426395,-1.43533121253598,-0.896375301429055,-0.718199906902165,18.7,11.85018943,0.544837496,653.7273333,23771.48,14.45612662,0.507893605,610.6836667,28998.99,21.21705716,0.471668493,610.6836667,42561.41667,27.50362745,0.462396686,637.0386667,55172.27667,119,87,85,87,-0.327950447205388,-0.607889525035993,-1.69870577771304,-0.287874870450448,1.03914087582914
"2640-97358","2640-97588","2640-97358_2640-97588",3,"CHR",32,"CHR-32",0,2,12.6552842,0,-41,"CHR_32_3",1,NA,0,2,"no",16.83,13.77641409,0.537489733,659.167,27635.48667,19.740555,0.495234064,642.151,39599.55333,21.14287305,0.469501946,651.4403333,42412.60333,22.67428049,0.46988128,671.7466667,45484.60667,115,73,76.5,73,-0.940842096057504,-0.971279059426395,-1.43533121253598,-0.896375301429055,-0.718199906902165,18.7,11.85018943,0.544837496,653.7273333,23771.48,14.45612662,0.507893605,610.6836667,28998.99,21.21705716,0.471668493,610.6836667,42561.41667,27.50362745,0.462396686,637.0386667,55172.27667,119,87,85,87,-0.327950447205388,-0.607889525035993,-1.69870577771304,-0.287874870450448,1.03914087582914
"2640-97358","2640-97589","2640-97358_2640-97589",1,"CHR",32,"CHR-32",0,8,1.577070176,8,3,"CHR_32_1",1,NA,0,5,"no",16.83,13.77641409,0.537489733,659.167,27635.48667,19.740555,0.495234064,642.151,39599.55333,21.14287305,0.469501946,651.4403333,42412.60333,22.67428049,0.46988128,671.7466667,45484.60667,115,73,76.5,73,-0.940842096057504,-0.971279059426395,-1.43533121253598,-0.896375301429055,-0.718199906902165,16.1,11.8153556,0.523609389,681.183,23701.60333,16.91354271,0.528785659,657.7393333,33928.56667,18.6526321,0.480672665,627.3723333,37417.18,20.65218677,0.48363622,650.113,41428.28667,119,99.66666667,98,99.66666667,1.52440248376499,-0.617154537768401,-1.28234576663637,-0.738145434585443,-0.438240313367936
"2640-97358","2640-97589","2640-97358_2640-97589",3,"CHR",32,"CHR-32",0,5,1.577070176,0,-38,"CHR_32_3",1,NA,0,2,"no",16.83,13.77641409,0.537489733,659.167,27635.48667,19.740555,0.495234064,642.151,39599.55333,21.14287305,0.469501946,651.4403333,42412.60333,22.67428049,0.46988128,671.7466667,45484.60667,115,73,76.5,73,-0.940842096057504,-0.971279059426395,-1.43533121253598,-0.896375301429055,-0.718199906902165,16.1,11.8153556,0.523609389,681.183,23701.60333,16.91354271,0.528785659,657.7393333,33928.56667,18.6526321,0.480672665,627.3723333,37417.18,20.65218677,0.48363622,650.113,41428.28667,119,99.66666667,98,99.66666667,1.52440248376499,-0.617154537768401,-1.28234576663637,-0.738145434585443,-0.438240313367936
"2640-97358","2811-83208","2640-97358_2811-83208",3,"CHR",32,"CHR-32",0,9,15.89371749,0,-23,"CHR_32_3",1,NA,0,2,"no",16.83,13.77641409,0.537489733,659.167,27635.48667,19.740555,0.495234064,642.151,39599.55333,21.14287305,0.469501946,651.4403333,42412.60333,22.67428049,0.46988128,671.7466667,45484.60667,115,73,76.5,73,-0.940842096057504,-0.971279059426395,-1.43533121253598,-0.896375301429055,-0.718199906902165,16.9,18.73416916,0.484585352,611.004,37580.74333,21.00459455,0.486882121,610.6836667,42135.21667,26.39878531,0.450512144,610.6836667,52955.96333,23.23742606,0.475660646,611.004,46614.27667,118,87,89.5,87,-0.327950447205388,1.22309374175052,-0.589198848477454,0.621950764031026,0.119216734719535
"2640-97358","2811-83208","2640-97358_2811-83208",1,"CHR",32,"CHR-32",0,0,15.89371749,0,18,"CHR_32_1",1,NA,0,5,"no",16.83,13.77641409,0.537489733,659.167,27635.48667,19.740555,0.495234064,642.151,39599.55333,21.14287305,0.469501946,651.4403333,42412.60333,22.67428049,0.46988128,671.7466667,45484.60667,115,73,76.5,73,-0.940842096057504,-0.971279059426395,-1.43533121253598,-0.896375301429055,-0.718199906902165,16.9,18.73416916,0.484585352,611.004,37580.74333,21.00459455,0.486882121,610.6836667,42135.21667,26.39878531,0.450512144,610.6836667,52955.96333,23.23742606,0.475660646,611.004,46614.27667,118,87,89.5,87,-0.327950447205388,1.22309374175052,-0.589198848477454,0.621950764031026,0.119216734719535
"2640-97358","2850-57567","2640-97358_2850-57567",1,"CHR",32,"CHR-32",0,0,9.48243736,0,16,"CHR_32_1",1,NA,0,5,"no",16.83,13.77641409,0.537489733,659.167,27635.48667,19.740555,0.495234064,642.151,39599.55333,21.14287305,0.469501946,651.4403333,42412.60333,22.67428049,0.46988128,671.7466667,45484.60667,115,73,76.5,73,-0.940842096057504,-0.971279059426395,-1.43533121253598,-0.896375301429055,-0.718199906902165,16.6,10.56012296,0.52180729,667.1156667,21183.60667,26.35612994,0.49271154,611.3883333,52870.39667,22.28285809,0.48721335,606.0566667,44699.41333,16.73888169,0.511359264,628.0706667,33578.19667,121.5,102.1666667,102.5,102.1666667,1.88999846127377,-0.951018094883241,0.317511799070068,-0.100737880763292,-1.28206916379613
"2640-97358","2850-57567","2640-97358_2850-57567",3,"CHR",32,"CHR-32",0,0,9.48243736,0,-74,"CHR_32_3",1,NA,0,2,"no",16.83,13.77641409,0.537489733,659.167,27635.48667,19.740555,0.495234064,642.151,39599.55333,21.14287305,0.469501946,651.4403333,42412.60333,22.67428049,0.46988128,671.7466667,45484.60667,115,73,76.5,73,-0.940842096057504,-0.971279059426395,-1.43533121253598,-0.896375301429055,-0.718199906902165,16.6,10.56012296,0.52180729,667.1156667,21183.60667,26.35612994,0.49271154,611.3883333,52870.39667,22.28285809,0.48721335,606.0566667,44699.41333,16.73888169,0.511359264,628.0706667,33578.19667,121.5,102.1666667,102.5,102.1666667,1.88999846127377,-0.951018094883241,0.317511799070068,-0.100737880763292,-1.28206916379613
"2640-97358","2850-57570","2640-97358_2850-57570",1,"CHR",32,"CHR-32",0,0,6.668909987,0,28,"CHR_32_1",1,NA,0,5,"no",16.83,13.77641409,0.537489733,659.167,27635.48667,19.740555,0.495234064,642.151,39599.55333,21.14287305,0.469501946,651.4403333,42412.60333,22.67428049,0.46988128,671.7466667,45484.60667,115,73,76.5,73,-0.940842096057504,-0.971279059426395,-1.43533121253598,-0.896375301429055,-0.718199906902165,16.51,16.84077767,0.501161039,611.004,33782.6,23.06811898,0.49586693,611.004,46274.64667,25.67366733,0.443766873,611.004,51501.37667,19.07592556,0.494641169,627.6863333,38266.30667,121.5,90,NA,90,0.110764720540566,0.719494330997171,-0.239575901827104,0.494632057389222,-0.778130676530947
"2640-97358","2850-57570","2640-97358_2850-57570",3,"CHR",32,"CHR-32",0,0,9.343164629,0,-42,"CHR_32_3",1,NA,0,2,"no",16.83,13.77641409,0.537489733,659.167,27635.48667,19.740555,0.495234064,642.151,39599.55333,21.14287305,0.469501946,651.4403333,42412.60333,22.67428049,0.46988128,671.7466667,45484.60667,115,73,76.5,73,-0.940842096057504,-0.971279059426395,-1.43533121253598,-0.896375301429055,-0.718199906902165,16.51,16.84077767,0.501161039,611.004,33782.6,23.06811898,0.49586693,611.004,46274.64667,25.67366733,0.443766873,611.004,51501.37667,19.07592556,0.494641169,627.6863333,38266.30667,121.5,90,NA,90,0.110764720540566,0.719494330997171,-0.239575901827104,0.494632057389222,-0.778130676530947
"2640-97358","2850-57577","2640-97358_2850-57577",3,"CHR",32,"CHR-32",0,9,14.14510354,0,-13,"CHR_32_3",1,NA,0,2,"no",16.83,13.77641409,0.537489733,659.167,27635.48667,19.740555,0.495234064,642.151,39599.55333,21.14287305,0.469501946,651.4403333,42412.60333,22.67428049,0.46988128,671.7466667,45484.60667,115,73,76.5,73,-0.940842096057504,-0.971279059426395,-1.43533121253598,-0.896375301429055,-0.718199906902165,18.2,20.92472416,0.512057073,676.164,41974.99667,28.83623131,0.475799583,625.399,57845.48,28.80829345,0.443602398,627.1216667,57789.43667,29.54534563,0.455136562,636.0576667,59267.96333,119,90.83333333,91.16666667,90.83333333,0.232630044426981,1.80573194047972,0.737715377164354,1.04502048301344,1.47939806751422
"2640-97358","2850-57577","2640-97358_2850-57577",1,"CHR",32,"CHR-32",0,0,13.66075475,0,28,"CHR_32_1",1,NA,0,5,"no",16.83,13.77641409,0.537489733,659.167,27635.48667,19.740555,0.495234064,642.151,39599.55333,21.14287305,0.469501946,651.4403333,42412.60333,22.67428049,0.46988128,671.7466667,45484.60667,115,73,76.5,73,-0.940842096057504,-0.971279059426395,-1.43533121253598,-0.896375301429055,-0.718199906902165,18.2,20.92472416,0.512057073,676.164,41974.99667,28.83623131,0.475799583,625.399,57845.48,28.80829345,0.443602398,627.1216667,57789.43667,29.54534563,0.455136562,636.0576667,59267.96333,119,90.83333333,91.16666667,90.83333333,0.232630044426981,1.80573194047972,0.737715377164354,1.04502048301344,1.47939806751422
"2640-97358","2850-57578","2640-97358_2850-57578",3,"CHR",32,"CHR-32",0,9,2.895473875,0,-16,"CHR_32_3",1,NA,0,2,"no",16.83,13.77641409,0.537489733,659.167,27635.48667,19.740555,0.495234064,642.151,39599.55333,21.14287305,0.469501946,651.4403333,42412.60333,22.67428049,0.46988128,671.7466667,45484.60667,115,73,76.5,73,-0.940842096057504,-0.971279059426395,-1.43533121253598,-0.896375301429055,-0.718199906902165,17.2,10.81633932,0.556799001,678.4426667,21697.57667,15.67680791,0.517385329,657.4626667,31447.67667,20.72179628,0.496782872,642.7923333,41567.92333,11.67128448,0.547842632,659.167,23412.59667,119,91.5,91.5,91.5,0.330122304413543,-0.882870324808829,-1.49188574528399,-0.374834477619313,-2.37479887454678
"2640-97358","2850-57578","2640-97358_2850-57578",1,"CHR",32,"CHR-32",0,0,2.895473875,0,24,"CHR_32_1",1,NA,0,5,"no",16.83,13.77641409,0.537489733,659.167,27635.48667,19.740555,0.495234064,642.151,39599.55333,21.14287305,0.469501946,651.4403333,42412.60333,22.67428049,0.46988128,671.7466667,45484.60667,115,73,76.5,73,-0.940842096057504,-0.971279059426395,-1.43533121253598,-0.896375301429055,-0.718199906902165,17.2,10.81633932,0.556799001,678.4426667,21697.57667,15.67680791,0.517385329,657.4626667,31447.67667,20.72179628,0.496782872,642.7923333,41567.92333,11.67128448,0.547842632,659.167,23412.59667,119,91.5,91.5,91.5,0.330122304413543,-0.882870324808829,-1.49188574528399,-0.374834477619313,-2.37479887454678
"2640-97358","2850-57579","2640-97358_2850-57579",1,"CHR",32,"CHR-32",0,0,4.854405069,0,11,"CHR_32_1",1,NA,0,5,"no",16.83,13.77641409,0.537489733,659.167,27635.48667,19.740555,0.495234064,642.151,39599.55333,21.14287305,0.469501946,651.4403333,42412.60333,22.67428049,0.46988128,671.7466667,45484.60667,115,73,76.5,73,-0.940842096057504,-0.971279059426395,-1.43533121253598,-0.896375301429055,-0.718199906902165,16.3,11.31949153,0.533256519,660.737,22706.9,24.77905949,0.48852106,617.005,49706.79333,18.07848455,0.49353373,627.3723333,36265.44,24.4043104,0.499147361,611.004,48955.04667,118.5,93.5,92,93.5,0.622599082910845,-0.749043190899379,0.0503087508346794,-0.838956234350139,0.37083286253875
"2640-97358","2850-57579","2640-97358_2850-57579",3,"CHR",32,"CHR-32",0,0,6.192228038,0,-54,"CHR_32_3",1,NA,0,2,"no",16.83,13.77641409,0.537489733,659.167,27635.48667,19.740555,0.495234064,642.151,39599.55333,21.14287305,0.469501946,651.4403333,42412.60333,22.67428049,0.46988128,671.7466667,45484.60667,115,73,76.5,73,-0.940842096057504,-0.971279059426395,-1.43533121253598,-0.896375301429055,-0.718199906902165,16.3,11.31949153,0.533256519,660.737,22706.9,24.77905949,0.48852106,617.005,49706.79333,18.07848455,0.49353373,627.3723333,36265.44,24.4043104,0.499147361,611.004,48955.04667,118.5,93.5,92,93.5,0.622599082910845,-0.749043190899379,0.0503087508346794,-0.838956234350139,0.37083286253875
"2640-97358","2850-57580","2640-97358_2850-57580",1,"CHR",32,"CHR-32",0,0,10.73150544,0,19,"CHR_32_1",1,NA,0,5,"no",16.83,13.77641409,0.537489733,659.167,27635.48667,19.740555,0.495234064,642.151,39599.55333,21.14287305,0.469501946,651.4403333,42412.60333,22.67428049,0.46988128,671.7466667,45484.60667,115,73,76.5,73,-0.940842096057504,-0.971279059426395,-1.43533121253598,-0.896375301429055,-0.718199906902165,16.2,9.142844799,0.560214832,667.427,18340.54667,27.48113161,0.465556814,625.399,55127.15,22.9424111,0.468469624,647.108,46022.47667,30.74621137,0.465611781,608.7603333,61676.9,117.5,87.83333333,NA,87.83333333,-0.206085123318973,-1.32798210392354,0.508120833367745,0.0150687031458652,1.73834162958958
"2640-97358","2850-57580","2640-97358_2850-57580",3,"CHR",32,"CHR-32",0,0,10.73150544,0,-71,"CHR_32_3",1,NA,0,2,"no",16.83,13.77641409,0.537489733,659.167,27635.48667,19.740555,0.495234064,642.151,39599.55333,21.14287305,0.469501946,651.4403333,42412.60333,22.67428049,0.46988128,671.7466667,45484.60667,115,73,76.5,73,-0.940842096057504,-0.971279059426395,-1.43533121253598,-0.896375301429055,-0.718199906902165,16.2,9.142844799,0.560214832,667.427,18340.54667,27.48113161,0.465556814,625.399,55127.15,22.9424111,0.468469624,647.108,46022.47667,30.74621137,0.465611781,608.7603333,61676.9,117.5,87.83333333,NA,87.83333333,-0.206085123318973,-1.32798210392354,0.508120833367745,0.0150687031458652,1.73834162958958
"2640-97358","2850-57581","2640-97358_2850-57581",1,"CHR",32,"CHR-32",0,2,10.64783291,2,9,"CHR_32_1",1,NA,0,5,"no",16.83,13.77641409,0.537489733,659.167,27635.48667,19.740555,0.495234064,642.151,39599.55333,21.14287305,0.469501946,651.4403333,42412.60333,22.67428049,0.46988128,671.7466667,45484.60667,115,73,76.5,73,-0.940842096057504,-0.971279059426395,-1.43533121253598,-0.896375301429055,-0.718199906902165,15.5,12.5018158,0.557442636,674.1035,25078.6425,18.94245264,0.521103483,641.0916667,37998.56,27.0381655,0.472765016,616.0483333,54238.56,19.62838485,0.524143762,664.102,39374.54,116,82.5,83,82.5,-0.986023198824319,-0.434571614980667,-0.938587554762546,0.734215334884986,-0.659003473806166
"2640-97358","2850-57581","2640-97358_2850-57581",3,"CHR",32,"CHR-32",0,9,12.48987977,0,-32,"CHR_32_3",1,NA,0,2,"no",16.83,13.77641409,0.537489733,659.167,27635.48667,19.740555,0.495234064,642.151,39599.55333,21.14287305,0.469501946,651.4403333,42412.60333,22.67428049,0.46988128,671.7466667,45484.60667,115,73,76.5,73,-0.940842096057504,-0.971279059426395,-1.43533121253598,-0.896375301429055,-0.718199906902165,15.5,12.5018158,0.557442636,674.1035,25078.6425,18.94245264,0.521103483,641.0916667,37998.56,27.0381655,0.472765016,616.0483333,54238.56,19.62838485,0.524143762,664.102,39374.54,116,82.5,83,82.5,-0.986023198824319,-0.434571614980667,-0.938587554762546,0.734215334884986,-0.659003473806166
"2640-97358","2850-57582","2640-97358_2850-57582",3,"CHR",32,"CHR-32",0,9,12.34434022,0,-21,"CHR_32_3",1,NA,0,2,"no",16.83,13.77641409,0.537489733,659.167,27635.48667,19.740555,0.495234064,642.151,39599.55333,21.14287305,0.469501946,651.4403333,42412.60333,22.67428049,0.46988128,671.7466667,45484.60667,115,73,76.5,73,-0.940842096057504,-0.971279059426395,-1.43533121253598,-0.896375301429055,-0.718199906902165,15.9,NA,NA,NA,NA,28.49882187,0.467628455,626.7313333,57168.63667,24.79582419,0.471185748,627.0583333,49740.42333,10.86734629,0.526212895,643.7406667,21799.89667,118,88.5,86,88.5,-0.108592863332411,NA,0.68054809534039,0.340497342347155,-2.54815265729939
"2640-97358","2850-57582","2640-97358_2850-57582",1,"CHR",32,"CHR-32",0,0,12.77634584,0,17,"CHR_32_1",1,NA,0,5,"no",16.83,13.77641409,0.537489733,659.167,27635.48667,19.740555,0.495234064,642.151,39599.55333,21.14287305,0.469501946,651.4403333,42412.60333,22.67428049,0.46988128,671.7466667,45484.60667,115,73,76.5,73,-0.940842096057504,-0.971279059426395,-1.43533121253598,-0.896375301429055,-0.718199906902165,15.9,NA,NA,NA,NA,28.49882187,0.467628455,626.7313333,57168.63667,24.79582419,0.471185748,627.0583333,49740.42333,10.86734629,0.526212895,643.7406667,21799.89667,118,88.5,86,88.5,-0.108592863332411,NA,0.68054809534039,0.340497342347155,-2.54815265729939
"2640-97358","2850-57589","2640-97358_2850-57589",3,"CHR",32,"CHR-32",0,9,6.682175434,0,-22,"CHR_32_3",1,NA,0,2,"no",16.83,13.77641409,0.537489733,659.167,27635.48667,19.740555,0.495234064,642.151,39599.55333,21.14287305,0.469501946,651.4403333,42412.60333,22.67428049,0.46988128,671.7466667,45484.60667,115,73,76.5,73,-0.940842096057504,-0.971279059426395,-1.43533121253598,-0.896375301429055,-0.718199906902165,17.5,12.65077601,0.531237153,675.7903333,25377.45667,16.92662014,0.501144529,627.3723333,33954.8,19.27879528,0.490091496,643.7406667,38673.26333,19.52571951,0.519492939,627.6863333,39168.59333,119.8333333,97,96.5,97,1.13443344528112,-0.394951560502818,-1.28013005765578,-0.628201551764721,-0.681141276522795
"2640-97358","2850-57589","2640-97358_2850-57589",1,"CHR",32,"CHR-32",0,0,5.352451183,0,15,"CHR_32_1",1,NA,0,5,"no",16.83,13.77641409,0.537489733,659.167,27635.48667,19.740555,0.495234064,642.151,39599.55333,21.14287305,0.469501946,651.4403333,42412.60333,22.67428049,0.46988128,671.7466667,45484.60667,115,73,76.5,73,-0.940842096057504,-0.971279059426395,-1.43533121253598,-0.896375301429055,-0.718199906902165,17.5,12.65077601,0.531237153,675.7903333,25377.45667,16.92662014,0.501144529,627.3723333,33954.8,19.27879528,0.490091496,643.7406667,38673.26333,19.52571951,0.519492939,627.6863333,39168.59333,119.8333333,97,96.5,97,1.13443344528112,-0.394951560502818,-1.28013005765578,-0.628201551764721,-0.681141276522795
"2640-97358","2850-57620","2640-97358_2850-57620",3,"CHR",32,"CHR-32",0,9,5.510588776,0,-23,"CHR_32_3",1,NA,0,2,"no",16.83,13.77641409,0.537489733,659.167,27635.48667,19.740555,0.495234064,642.151,39599.55333,21.14287305,0.469501946,651.4403333,42412.60333,22.67428049,0.46988128,671.7466667,45484.60667,115,73,76.5,73,-0.940842096057504,-0.971279059426395,-1.43533121253598,-0.896375301429055,-0.718199906902165,18.2,8.903889997,0.510576941,627.6863333,17861.20333,21.60838485,0.492100236,611.004,43346.42,22.72290794,0.464821292,611.004,45582.15333,21.84048023,0.466018925,627.6863333,43812.00333,121,87,84,87,-0.327950447205388,-1.39153868908802,-0.486898657224134,-0.0234724159627646,-0.182007721268793
"2640-97358","2850-57620","2640-97358_2850-57620",1,"CHR",32,"CHR-32",0,0,5.510588776,0,18,"CHR_32_1",1,NA,0,5,"no",16.83,13.77641409,0.537489733,659.167,27635.48667,19.740555,0.495234064,642.151,39599.55333,21.14287305,0.469501946,651.4403333,42412.60333,22.67428049,0.46988128,671.7466667,45484.60667,115,73,76.5,73,-0.940842096057504,-0.971279059426395,-1.43533121253598,-0.896375301429055,-0.718199906902165,18.2,8.903889997,0.510576941,627.6863333,17861.20333,21.60838485,0.492100236,611.004,43346.42,22.72290794,0.464821292,611.004,45582.15333,21.84048023,0.466018925,627.6863333,43812.00333,121,87,84,87,-0.327950447205388,-1.39153868908802,-0.486898657224134,-0.0234724159627646,-0.182007721268793
"2640-97358","2850-57647","2640-97358_2850-57647",3,"CHR",32,"CHR-32",0,9,1.783308813,0,-13,"CHR_32_3",1,NA,0,2,"no",16.83,13.77641409,0.537489733,659.167,27635.48667,19.740555,0.495234064,642.151,39599.55333,21.14287305,0.469501946,651.4403333,42412.60333,22.67428049,0.46988128,671.7466667,45484.60667,115,73,76.5,73,-0.940842096057504,-0.971279059426395,-1.43533121253598,-0.896375301429055,-0.718199906902165,15.8,12.89783981,0.543297932,643.7406667,25873.06667,28.1838767,0.473800388,617.439,56536.85667,25.45478232,0.436115595,638.1653333,51062.29333,20.55910934,0.502370676,626.097,41241.57333,122.1666667,85.83333333,87.33333333,85.83333333,-0.498561901816276,-0.329238164855052,0.627186934809475,0.456199475181733,-0.458310668004767
"2640-97358","2850-57647","2640-97358_2850-57647",1,"CHR",32,"CHR-32",0,0,1.783308813,0,23,"CHR_32_1",1,NA,0,5,"no",16.83,13.77641409,0.537489733,659.167,27635.48667,19.740555,0.495234064,642.151,39599.55333,21.14287305,0.469501946,651.4403333,42412.60333,22.67428049,0.46988128,671.7466667,45484.60667,115,73,76.5,73,-0.940842096057504,-0.971279059426395,-1.43533121253598,-0.896375301429055,-0.718199906902165,15.8,12.89783981,0.543297932,643.7406667,25873.06667,28.1838767,0.473800388,617.439,56536.85667,25.45478232,0.436115595,638.1653333,51062.29333,20.55910934,0.502370676,626.097,41241.57333,122.1666667,85.83333333,87.33333333,85.83333333,-0.498561901816276,-0.329238164855052,0.627186934809475,0.456199475181733,-0.458310668004767
"2640-97358","2850-57653","2640-97358_2850-57653",3,"CHR",32,"CHR-32",0,4,15.78636065,0,-39,"CHR_32_3",1,NA,0,2,"no",16.83,13.77641409,0.537489733,659.167,27635.48667,19.740555,0.495234064,642.151,39599.55333,21.14287305,0.469501946,651.4403333,42412.60333,22.67428049,0.46988128,671.7466667,45484.60667,115,73,76.5,73,-0.940842096057504,-0.971279059426395,-1.43533121253598,-0.896375301429055,-0.718199906902165,16.37,8.467490861,0.535457505,660.1716667,16985.78667,27.15053506,0.465647634,659.167,54463.97333,21.8547225,0.470898637,665.8,43840.57333,15.40861914,0.497215455,659.167,30909.69,119.3333333,78,76.33333333,78,-1.64409595044325,-1.50761101163916,0.452107859504655,-0.175911398852204,-1.56891465511013
"2640-97358","2850-57653","2640-97358_2850-57653",1,"CHR",32,"CHR-32",0,0,13.61310389,0,18,"CHR_32_1",1,NA,0,5,"no",16.83,13.77641409,0.537489733,659.167,27635.48667,19.740555,0.495234064,642.151,39599.55333,21.14287305,0.469501946,651.4403333,42412.60333,22.67428049,0.46988128,671.7466667,45484.60667,115,73,76.5,73,-0.940842096057504,-0.971279059426395,-1.43533121253598,-0.896375301429055,-0.718199906902165,16.37,8.467490861,0.535457505,660.1716667,16985.78667,27.15053506,0.465647634,659.167,54463.97333,21.8547225,0.470898637,665.8,43840.57333,15.40861914,0.497215455,659.167,30909.69,119.3333333,78,76.33333333,78,-1.64409595044325,-1.50761101163916,0.452107859504655,-0.175911398852204,-1.56891465511013
"2640-97358","2850-57669","2640-97358_2850-57669",3,"CHR",32,"CHR-32",0,9,2.937468205,0,-18,"CHR_32_3",1,NA,0,2,"no",16.83,13.77641409,0.537489733,659.167,27635.48667,19.740555,0.495234064,642.151,39599.55333,21.14287305,0.469501946,651.4403333,42412.60333,22.67428049,0.46988128,671.7466667,45484.60667,115,73,76.5,73,-0.940842096057504,-0.971279059426395,-1.43533121253598,-0.896375301429055,-0.718199906902165,17.82,14.07982054,0.504204618,611.004,28244.12,27.72719176,0.47617904,611.004,55620.74667,17.24374875,0.494612283,611.004,34590.96,18.57412762,0.508699718,611.004,37259.7,123.8333333,89.66666667,90,89.66666667,0.0620185912784761,-0.0148579628241403,0.549810804877425,-0.985522014505819,-0.886333735122392
"2640-97358","2850-57669","2640-97358_2850-57669",1,"CHR",32,"CHR-32",0,0,2.99327368,0,18,"CHR_32_1",1,NA,0,5,"no",16.83,13.77641409,0.537489733,659.167,27635.48667,19.740555,0.495234064,642.151,39599.55333,21.14287305,0.469501946,651.4403333,42412.60333,22.67428049,0.46988128,671.7466667,45484.60667,115,73,76.5,73,-0.940842096057504,-0.971279059426395,-1.43533121253598,-0.896375301429055,-0.718199906902165,17.82,14.07982054,0.504204618,611.004,28244.12,27.72719176,0.47617904,611.004,55620.74667,17.24374875,0.494612283,611.004,34590.96,18.57412762,0.508699718,611.004,37259.7,123.8333333,89.66666667,90,89.66666667,0.0620185912784761,-0.0148579628241403,0.549810804877425,-0.985522014505819,-0.886333735122392
"2640-97358","2850-57671","2640-97358_2850-57671",1,"CHR",32,"CHR-32",0,0,15.5412171,0,22,"CHR_32_1",1,NA,0,5,"no",16.83,13.77641409,0.537489733,659.167,27635.48667,19.740555,0.495234064,642.151,39599.55333,21.14287305,0.469501946,651.4403333,42412.60333,22.67428049,0.46988128,671.7466667,45484.60667,115,73,76.5,73,-0.940842096057504,-0.971279059426395,-1.43533121253598,-0.896375301429055,-0.718199906902165,17.53,16.28350449,0.48181303,667.733,32664.71,28.84180791,0.479499655,593.4133333,57856.66667,23.68146062,0.459973843,641.034,47505.01,25.7482569,0.475226128,607.0326667,51651.00333,117.8333333,75.83333333,83.16666667,75.83333333,-1.96094579430279,0.571272240341928,0.738660220509044,0.144833557453636,0.660629034048076
"2640-97358","2850-57671","2640-97358_2850-57671",3,"CHR",32,"CHR-32",0,0,15.5412171,0,-68,"CHR_32_3",1,NA,0,2,"no",16.83,13.77641409,0.537489733,659.167,27635.48667,19.740555,0.495234064,642.151,39599.55333,21.14287305,0.469501946,651.4403333,42412.60333,22.67428049,0.46988128,671.7466667,45484.60667,115,73,76.5,73,-0.940842096057504,-0.971279059426395,-1.43533121253598,-0.896375301429055,-0.718199906902165,17.53,16.28350449,0.48181303,667.733,32664.71,28.84180791,0.479499655,593.4133333,57856.66667,23.68146062,0.459973843,641.034,47505.01,25.7482569,0.475226128,607.0326667,51651.00333,117.8333333,75.83333333,83.16666667,75.83333333,-1.96094579430279,0.571272240341928,0.738660220509044,0.144833557453636,0.660629034048076
"2640-97358","2850-57731","2640-97358_2850-57731",1,"CHR",32,"CHR-32",1,11,0.08,11,0,"CHR_32_1",1,"wp",4,5,"yes",16.83,13.77641409,0.537489733,659.167,27635.48667,19.740555,0.495234064,642.151,39599.55333,21.14287305,0.469501946,651.4403333,42412.60333,22.67428049,0.46988128,671.7466667,45484.60667,115,73,76.5,73,-0.940842096057504,-0.971279059426395,-1.43533121253598,-0.896375301429055,-0.718199906902165,15.9,10.9634214,0.500436597,689.138,21992.62333,23.24545364,0.49159359,611.004,46630.38,18.5751562,0.456752009,611.004,37261.76333,24.60593387,0.474122334,611.004,49359.50333,119,91,92.33333333,91,0.257003109789217,-0.84374981052978,-0.209530090170569,-0.751748919336863,0.414309079555146
"2640-97358","2850-57731","2640-97358_2850-57731",3,"CHR",32,"CHR-32",1,9,0.08,9,0,"CHR_32_3",1,"wp",2,2,"yes",16.83,13.77641409,0.537489733,659.167,27635.48667,19.740555,0.495234064,642.151,39599.55333,21.14287305,0.469501946,651.4403333,42412.60333,22.67428049,0.46988128,671.7466667,45484.60667,115,73,76.5,73,-0.940842096057504,-0.971279059426395,-1.43533121253598,-0.896375301429055,-0.718199906902165,15.9,10.9634214,0.500436597,689.138,21992.62333,23.24545364,0.49159359,611.004,46630.38,18.5751562,0.456752009,611.004,37261.76333,24.60593387,0.474122334,611.004,49359.50333,119,91,92.33333333,91,0.257003109789217,-0.84374981052978,-0.209530090170569,-0.751748919336863,0.414309079555146
"2640-97358","2850-57733","2640-97358_2850-57733",3,"CHR",32,"CHR-32",0,9,8.027254901,9,-1,"CHR_32_3",1,NA,0,2,"no",16.83,13.77641409,0.537489733,659.167,27635.48667,19.740555,0.495234064,642.151,39599.55333,21.14287305,0.469501946,651.4403333,42412.60333,22.67428049,0.46988128,671.7466667,45484.60667,115,73,76.5,73,-0.940842096057504,-0.971279059426395,-1.43533121253598,-0.896375301429055,-0.718199906902165,15.66,14.84394317,0.488091858,680.0823333,29776.95,20.45213858,0.480742509,611.004,41026.99,22.3788767,0.481773003,627.3723333,44892.02667,18.61630941,0.474711747,611.004,37344.31667,121.6666667,NA,102,102,1.86562539152438,0.188381413841325,-0.682801464137293,-0.0838786032720019,-0.877238044743787
"2640-97358","2850-57733","2640-97358_2850-57733",1,"CHR",32,"CHR-32",0,0,8.180056395,0,43,"CHR_32_1",1,NA,0,5,"no",16.83,13.77641409,0.537489733,659.167,27635.48667,19.740555,0.495234064,642.151,39599.55333,21.14287305,0.469501946,651.4403333,42412.60333,22.67428049,0.46988128,671.7466667,45484.60667,115,73,76.5,73,-0.940842096057504,-0.971279059426395,-1.43533121253598,-0.896375301429055,-0.718199906902165,15.66,14.84394317,0.488091858,680.0823333,29776.95,20.45213858,0.480742509,611.004,41026.99,22.3788767,0.481773003,627.3723333,44892.02667,18.61630941,0.474711747,611.004,37344.31667,121.6666667,NA,102,102,1.86562539152438,0.188381413841325,-0.682801464137293,-0.0838786032720019,-0.877238044743787
"2640-97358","2850-57742","2640-97358_2850-57742",1,"CHR",32,"CHR-32",0,3,4.44740581,3,8,"CHR_32_1",1,NA,0,5,"no",16.83,13.77641409,0.537489733,659.167,27635.48667,19.740555,0.495234064,642.151,39599.55333,21.14287305,0.469501946,651.4403333,42412.60333,22.67428049,0.46988128,671.7466667,45484.60667,115,73,76.5,73,-0.940842096057504,-0.971279059426395,-1.43533121253598,-0.896375301429055,-0.718199906902165,16.98,13.00562645,0.511030769,671.763,26089.28667,26.1463443,0.49002744,625.0783333,52449.56667,26.30566135,0.456120566,609.081,52769.15667,22.8044882,0.51172569,659.167,45745.80333,118,93,92,93,0.54947988828652,-0.300569350889335,0.281967817833205,0.605599739133584,0.0258620257862253
"2640-97358","2850-57742","2640-97358_2850-57742",3,"CHR",32,"CHR-32",0,7,4.608725363,0,-36,"CHR_32_3",1,NA,0,2,"no",16.83,13.77641409,0.537489733,659.167,27635.48667,19.740555,0.495234064,642.151,39599.55333,21.14287305,0.469501946,651.4403333,42412.60333,22.67428049,0.46988128,671.7466667,45484.60667,115,73,76.5,73,-0.940842096057504,-0.971279059426395,-1.43533121253598,-0.896375301429055,-0.718199906902165,16.98,13.00562645,0.511030769,671.763,26089.28667,26.1463443,0.49002744,625.0783333,52449.56667,26.30566135,0.456120566,609.081,52769.15667,22.8044882,0.51172569,659.167,45745.80333,118,93,92,93,0.54947988828652,-0.300569350889335,0.281967817833205,0.605599739133584,0.0258620257862253
"2640-97358","2850-57744","2640-97358_2850-57744",3,"CHR",32,"CHR-32",0,9,12.97113301,0,-12,"CHR_32_3",1,NA,0,2,"no",16.83,13.77641409,0.537489733,659.167,27635.48667,19.740555,0.495234064,642.151,39599.55333,21.14287305,0.469501946,651.4403333,42412.60333,22.67428049,0.46988128,671.7466667,45484.60667,115,73,76.5,73,-0.940842096057504,-0.971279059426395,-1.43533121253598,-0.896375301429055,-0.718199906902165,14.77,24.63866733,0.441897015,611.004,49425.16667,20.45419575,0.491736389,610.6836667,41031.11667,20.25567464,0.470934773,627.6863333,40632.88333,16.45550847,0.489979153,643.7406667,33009.75,116,84.5,NA,84.5,-0.693546420327017,2.79355701620318,-0.682452917821725,-0.456677716898191,-1.34317313948584
"2640-97358","2850-57744","2640-97358_2850-57744",1,"CHR",32,"CHR-32",0,0,12.97113301,0,26,"CHR_32_1",1,NA,0,5,"no",16.83,13.77641409,0.537489733,659.167,27635.48667,19.740555,0.495234064,642.151,39599.55333,21.14287305,0.469501946,651.4403333,42412.60333,22.67428049,0.46988128,671.7466667,45484.60667,115,73,76.5,73,-0.940842096057504,-0.971279059426395,-1.43533121253598,-0.896375301429055,-0.718199906902165,14.77,24.63866733,0.441897015,611.004,49425.16667,20.45419575,0.491736389,610.6836667,41031.11667,20.25567464,0.470934773,627.6863333,40632.88333,16.45550847,0.489979153,643.7406667,33009.75,116,84.5,NA,84.5,-0.693546420327017,2.79355701620318,-0.682452917821725,-0.456677716898191,-1.34317313948584
"2640-97358","2850-57745","2640-97358_2850-57745",1,"CHR",32,"CHR-32",0,0,12.90294043,0,13,"CHR_32_1",1,NA,0,5,"no",16.83,13.77641409,0.537489733,659.167,27635.48667,19.740555,0.495234064,642.151,39599.55333,21.14287305,0.469501946,651.4403333,42412.60333,22.67428049,0.46988128,671.7466667,45484.60667,115,73,76.5,73,-0.940842096057504,-0.971279059426395,-1.43533121253598,-0.896375301429055,-0.718199906902165,16.33,11.89491525,0.520998035,667.1156667,23861.2,19.28173812,0.496153459,634.065,38679.16667,21.88407444,0.484884869,657.7393333,43899.45333,26.3850565,0.474305256,645.4026667,52928.42333,118,85,86,85,-0.620427225702691,-0.59599346618265,-0.881102415479132,-0.170757684365318,0.797942599802867
"2640-97358","2850-57745","2640-97358_2850-57745",3,"CHR",32,"CHR-32",0,0,12.35367069,0,-42,"CHR_32_3",1,NA,0,2,"no",16.83,13.77641409,0.537489733,659.167,27635.48667,19.740555,0.495234064,642.151,39599.55333,21.14287305,0.469501946,651.4403333,42412.60333,22.67428049,0.46988128,671.7466667,45484.60667,115,73,76.5,73,-0.940842096057504,-0.971279059426395,-1.43533121253598,-0.896375301429055,-0.718199906902165,16.33,11.89491525,0.520998035,667.1156667,23861.2,19.28173812,0.496153459,634.065,38679.16667,21.88407444,0.484884869,657.7393333,43899.45333,26.3850565,0.474305256,645.4026667,52928.42333,118,85,86,85,-0.620427225702691,-0.59599346618265,-0.881102415479132,-0.170757684365318,0.797942599802867
"2640-97358","2850-57806","2640-97358_2850-57806",1,"CHR",32,"CHR-32",0,6,7.493744191,6,5,"CHR_32_1",1,NA,0,5,"no",16.83,13.77641409,0.537489733,659.167,27635.48667,19.740555,0.495234064,642.151,39599.55333,21.14287305,0.469501946,651.4403333,42412.60333,22.67428049,0.46988128,671.7466667,45484.60667,115,73,76.5,73,-0.940842096057504,-0.971279059426395,-1.43533121253598,-0.896375301429055,-0.718199906902165,15.88,11.25502825,0.516086951,669.4676667,22577.58667,14.26422898,0.518970434,659.167,28614.04333,18.0460319,0.470292612,659.167,36200.34,17.57589232,0.493413321,659.167,35257.24,120.1666667,83.83333333,86,83.83333333,-0.791038680313578,-0.766188968724348,-1.73121899508845,-0.844654382153754,-1.1015839465002
"2640-97358","2850-57806","2640-97358_2850-57806",3,"CHR",32,"CHR-32",0,9,9.22669082,0,-33,"CHR_32_3",1,NA,0,2,"no",16.83,13.77641409,0.537489733,659.167,27635.48667,19.740555,0.495234064,642.151,39599.55333,21.14287305,0.469501946,651.4403333,42412.60333,22.67428049,0.46988128,671.7466667,45484.60667,115,73,76.5,73,-0.940842096057504,-0.971279059426395,-1.43533121253598,-0.896375301429055,-0.718199906902165,15.88,11.25502825,0.516086951,669.4676667,22577.58667,14.26422898,0.518970434,659.167,28614.04333,18.0460319,0.470292612,659.167,36200.34,17.57589232,0.493413321,659.167,35257.24,120.1666667,83.83333333,86,83.83333333,-0.791038680313578,-0.766188968724348,-1.73121899508845,-0.844654382153754,-1.1015839465002
"2640-97358","2850-57808","2640-97358_2850-57808",1,"CHR",32,"CHR-32",0,6,2.113967997,6,5,"CHR_32_1",1,"ep_same",1,5,"yes",16.83,13.77641409,0.537489733,659.167,27635.48667,19.740555,0.495234064,642.151,39599.55333,21.14287305,0.469501946,651.4403333,42412.60333,22.67428049,0.46988128,671.7466667,45484.60667,115,73,76.5,73,-0.940842096057504,-0.971279059426395,-1.43533121253598,-0.896375301429055,-0.718199906902165,17.44,11.46748421,0.514088925,678.7753333,23003.77333,15.37756564,0.515459018,659.167,30847.39667,20.6164008,0.49573159,641.3963333,41356.5,18.7548222,0.472216787,642.151,37622.17333,120.5,NA,100,100,1.57314861302708,-0.709680477568599,-1.54258636344907,-0.393340178166818,-0.847370430038086
"2640-97358","2850-57808","2640-97358_2850-57808",3,"CHR",32,"CHR-32",0,5,2.045060714,0,-37,"CHR_32_3",1,NA,0,2,"no",16.83,13.77641409,0.537489733,659.167,27635.48667,19.740555,0.495234064,642.151,39599.55333,21.14287305,0.469501946,651.4403333,42412.60333,22.67428049,0.46988128,671.7466667,45484.60667,115,73,76.5,73,-0.940842096057504,-0.971279059426395,-1.43533121253598,-0.896375301429055,-0.718199906902165,17.44,11.46748421,0.514088925,678.7753333,23003.77333,15.37756564,0.515459018,659.167,30847.39667,20.6164008,0.49573159,641.3963333,41356.5,18.7548222,0.472216787,642.151,37622.17333,120.5,NA,100,100,1.57314861302708,-0.709680477568599,-1.54258636344907,-0.393340178166818,-0.847370430038086
"2640-97358","2850-57881","2640-97358_2850-57881",1,"CHR",32,"CHR-32",0,1,5.112140496,1,10,"CHR_32_1",1,NA,0,5,"no",16.83,13.77641409,0.537489733,659.167,27635.48667,19.740555,0.495234064,642.151,39599.55333,21.14287305,0.469501946,651.4403333,42412.60333,22.67428049,0.46988128,671.7466667,45484.60667,115,73,76.5,73,-0.940842096057504,-0.971279059426395,-1.43533121253598,-0.896375301429055,-0.718199906902165,16.55,11.73463277,0.535560863,644.7453333,23539.67333,21.93833167,0.494146676,611.004,44008.29333,26.56095214,0.438684751,643.7343333,53281.27,31.59365071,0.464706779,610.6836667,63376.86333,119.6666667,84.83333333,85.83333333,84.83333333,-0.644800291064927,-0.638624988986254,-0.430995767115722,0.650424573294177,1.92107559728725
"2640-97358","2850-57881","2640-97358_2850-57881",3,"CHR",32,"CHR-32",0,9,5.064903298,0,-23,"CHR_32_3",1,NA,0,2,"no",16.83,13.77641409,0.537489733,659.167,27635.48667,19.740555,0.495234064,642.151,39599.55333,21.14287305,0.469501946,651.4403333,42412.60333,22.67428049,0.46988128,671.7466667,45484.60667,115,73,76.5,73,-0.940842096057504,-0.971279059426395,-1.43533121253598,-0.896375301429055,-0.718199906902165,16.55,11.73463277,0.535560863,644.7453333,23539.67333,21.93833167,0.494146676,611.004,44008.29333,26.56095214,0.438684751,643.7343333,53281.27,31.59365071,0.464706779,610.6836667,63376.86333,119.6666667,84.83333333,85.83333333,84.83333333,-0.644800291064927,-0.638624988986254,-0.430995767115722,0.650424573294177,1.92107559728725
"2640-97596","2350-21085","2640-97596_2350-21085",1,"Make Believe",73,"Make Believe-73",1,11,0.08,11,0,"Make Believe_73_1",1,"wp",5,5,"yes",19.6,14.9893104,0.547060066,678.131,30068.55667,28.48857095,0.481209825,658.7613333,57148.07333,30.15,0.434089165,634.778,60480.9,26.80653706,0.460644426,605.0816667,53773.91333,114.1666667,75,74,75,-0.419301822817655,-0.623148670270427,0.0052944928302281,0.687803457484877,-0.0294712923228968,18.2,9.637572283,0.565814715,678.4426667,19332.97,28.84809571,0.4595684,575.396,57869.28,35.25318711,0.41933404,600.3766667,70717.89333,28.30530741,0.481670083,649.4673333,56780.44667,119,84.5,NA,84.5,-0.693546420327017,-1.19639575702077,0.739725562470587,2.17663705833979,1.21200771478721
"2640-97596","2350-21085","2640-97596_2350-21085",2,"Make Believe",73,"Make Believe-73",1,11,0.08,11,0,"Make Believe_73_2",1,"wp",2,5,"yes",19.6,14.9893104,0.547060066,678.131,30068.55667,28.48857095,0.481209825,658.7613333,57148.07333,30.15,0.434089165,634.778,60480.9,26.80653706,0.460644426,605.0816667,53773.91333,114.1666667,75,74,75,-0.419301822817655,-0.623148670270427,0.0052944928302281,0.687803457484877,-0.0294712923228968,18.2,9.637572283,0.565814715,678.4426667,19332.97,28.84809571,0.4595684,575.396,57869.28,35.25318711,0.41933404,600.3766667,70717.89333,28.30530741,0.481670083,649.4673333,56780.44667,119,84.5,NA,84.5,-0.693546420327017,-1.19639575702077,0.739725562470587,2.17663705833979,1.21200771478721
"2640-97596","2850-57518","2640-97596_2850-57518",2,"Make Believe",73,"Make Believe-73",0,11,8.06746300727273,2,9,"Make Believe_73_2",1,NA,0,5,"no",19.6,14.9893104,0.547060066,678.131,30068.55667,28.48857095,0.481209825,658.7613333,57148.07333,30.15,0.434089165,634.778,60480.9,26.80653706,0.460644426,605.0816667,53773.91333,114.1666667,75,74,75,-0.419301822817655,-0.623148670270427,0.0052944928302281,0.687803457484877,-0.0294712923228968,18.14,14.90719508,0.519809235,611.004,29903.83333,19.59704719,0.532886535,665.0906667,39311.67667,20.80960452,0.478712673,627.0583333,41744.06667,18.70017448,0.514676857,678.7786667,37512.55,122.8333333,101.1666667,NA,101.1666667,1.74376007202512,0.205204994581631,-0.82767959937078,-0.35941680510581,-0.859154158064248
"2640-97596","2850-57518","2640-97596_2850-57518",1,"Make Believe",73,"Make Believe-73",0,0,8.76593454,0,12,"Make Believe_73_1",1,NA,0,5,"no",19.6,14.9893104,0.547060066,678.131,30068.55667,28.48857095,0.481209825,658.7613333,57148.07333,30.15,0.434089165,634.778,60480.9,26.80653706,0.460644426,605.0816667,53773.91333,114.1666667,75,74,75,-0.419301822817655,-0.623148670270427,0.0052944928302281,0.687803457484877,-0.0294712923228968,18.14,14.90719508,0.519809235,611.004,29903.83333,19.59704719,0.532886535,665.0906667,39311.67667,20.80960452,0.478712673,627.0583333,41744.06667,18.70017448,0.514676857,678.7786667,37512.55,122.8333333,101.1666667,NA,101.1666667,1.74376007202512,0.205204994581631,-0.82767959937078,-0.35941680510581,-0.859154158064248
"2640-97596","2850-57668","2640-97596_2850-57668",2,"Make Believe",73,"Make Believe-73",0,11,9.322435728,0,13,"Make Believe_73_2",1,NA,0,5,"no",19.6,14.9893104,0.547060066,678.131,30068.55667,28.48857095,0.481209825,658.7613333,57148.07333,30.15,0.434089165,634.778,60480.9,26.80653706,0.460644426,605.0816667,53773.91333,114.1666667,75,74,75,-0.419301822817655,-0.623148670270427,0.0052944928302281,0.687803457484877,-0.0294712923228968,15.92,11.681557,0.516184021,664.1173333,23433.20333,26.74239614,0.471296726,631.6946667,53645.24667,23.99616318,0.472439003,611.004,48136.30333,20.15335992,0.478588104,611.004,40427.64,115.3333333,79.33333333,81.16666667,79.33333333,-1.44911143193251,-0.65274194611765,0.382956881799442,0.200090114346715,-0.54580271363912
"2640-97596","2850-57668","2640-97596_2850-57668",1,"Make Believe",73,"Make Believe-73",0,0,9.322435728,0,15,"Make Believe_73_1",1,NA,0,5,"no",19.6,14.9893104,0.547060066,678.131,30068.55667,28.48857095,0.481209825,658.7613333,57148.07333,30.15,0.434089165,634.778,60480.9,26.80653706,0.460644426,605.0816667,53773.91333,114.1666667,75,74,75,-0.419301822817655,-0.623148670270427,0.0052944928302281,0.687803457484877,-0.0294712923228968,15.92,11.681557,0.516184021,664.1173333,23433.20333,26.74239614,0.471296726,631.6946667,53645.24667,23.99616318,0.472439003,611.004,48136.30333,20.15335992,0.478588104,611.004,40427.64,115.3333333,79.33333333,81.16666667,79.33333333,-1.44911143193251,-0.65274194611765,0.382956881799442,0.200090114346715,-0.54580271363912
"2640-97596","2850-57873","2640-97596_2850-57873",2,"Make Believe",73,"Make Believe-73",0,11,4.235389899,0,14,"Make Believe_73_2",1,NA,0,5,"no",19.6,14.9893104,0.547060066,678.131,30068.55667,28.48857095,0.481209825,658.7613333,57148.07333,30.15,0.434089165,634.778,60480.9,26.80653706,0.460644426,605.0816667,53773.91333,114.1666667,75,74,75,-0.419301822817655,-0.623148670270427,0.0052944928302281,0.687803457484877,-0.0294712923228968,17.78,14.19395646,0.523433174,611.004,28473.07667,25.92409605,0.488596319,611.004,52003.73667,17.52426554,0.486432213,611.004,35153.67667,23.12273347,0.46271403,611.004,46384.20333,121.6666667,91.5,93.83333333,91.5,0.330122304413543,0.0154996163460246,0.244312296569091,-0.936267912581453,0.0944854872461505
"2640-97596","2850-57873","2640-97596_2850-57873",1,"Make Believe",73,"Make Believe-73",0,0,4.235389899,0,14,"Make Believe_73_1",1,NA,0,5,"no",19.6,14.9893104,0.547060066,678.131,30068.55667,28.48857095,0.481209825,658.7613333,57148.07333,30.15,0.434089165,634.778,60480.9,26.80653706,0.460644426,605.0816667,53773.91333,114.1666667,75,74,75,-0.419301822817655,-0.623148670270427,0.0052944928302281,0.687803457484877,-0.0294712923228968,17.78,14.19395646,0.523433174,611.004,28473.07667,25.92409605,0.488596319,611.004,52003.73667,17.52426554,0.486432213,611.004,35153.67667,23.12273347,0.46271403,611.004,46384.20333,121.6666667,91.5,93.83333333,91.5,0.330122304413543,0.0154996163460246,0.244312296569091,-0.936267912581453,0.0944854872461505
"2640-97596","2850-57875","2640-97596_2850-57875",2,"Make Believe",73,"Make Believe-73",0,11,17.2762774,0,11,"Make Believe_73_2",1,NA,0,5,"no",19.6,14.9893104,0.547060066,678.131,30068.55667,28.48857095,0.481209825,658.7613333,57148.07333,30.15,0.434089165,634.778,60480.9,26.80653706,0.460644426,605.0816667,53773.91333,114.1666667,75,74,75,-0.419301822817655,-0.623148670270427,0.0052944928302281,0.687803457484877,-0.0294712923228968,18.35,10.47729977,0.47401193,669.7853333,21017.46333,18.82554005,0.501831056,611.004,37764.03333,18.80828847,0.487568807,611.004,37729.42667,20.39057162,0.464260504,627.3723333,40903.48667,120,85.16666667,78.16666667,85.16666667,-0.596054160340455,-0.97304719446513,-0.958396055026497,-0.710814754260901,-0.494652580432762
"2640-97596","2850-57875","2640-97596_2850-57875",1,"Make Believe",73,"Make Believe-73",0,0,17.2762774,0,15,"Make Believe_73_1",1,NA,0,5,"no",19.6,14.9893104,0.547060066,678.131,30068.55667,28.48857095,0.481209825,658.7613333,57148.07333,30.15,0.434089165,634.778,60480.9,26.80653706,0.460644426,605.0816667,53773.91333,114.1666667,75,74,75,-0.419301822817655,-0.623148670270427,0.0052944928302281,0.687803457484877,-0.0294712923228968,18.35,10.47729977,0.47401193,669.7853333,21017.46333,18.82554005,0.501831056,611.004,37764.03333,18.80828847,0.487568807,611.004,37729.42667,20.39057162,0.464260504,627.3723333,40903.48667,120,85.16666667,78.16666667,85.16666667,-0.596054160340455,-0.97304719446513,-0.958396055026497,-0.710814754260901,-0.494652580432762
"2640-97596","2850-57877","2640-97596_2850-57877",2,"Make Believe",73,"Make Believe-73",0,11,14.90668647,0,-21,"Make Believe_73_2",1,NA,0,5,"no",19.6,14.9893104,0.547060066,678.131,30068.55667,28.48857095,0.481209825,658.7613333,57148.07333,30.15,0.434089165,634.778,60480.9,26.80653706,0.460644426,605.0816667,53773.91333,114.1666667,75,74,75,-0.419301822817655,-0.623148670270427,0.0052944928302281,0.687803457484877,-0.0294712923228968,17.41,16.51858757,0.525460668,643.7406667,33136.28667,21.75545862,0.485404041,611.004,43641.45,23.0853988,0.486452342,627.3723333,46309.31,26.05510967,0.469183949,611.004,52266.55,120.3333333,80.83333333,NA,80.83333333,-1.22975384805953,0.633799034822283,-0.461979948196601,0.040174974858623,0.726795922360246
"2640-97596","2850-57877","2640-97596_2850-57877",1,"Make Believe",73,"Make Believe-73",0,0,14.90668647,0,29,"Make Believe_73_1",1,NA,0,5,"no",19.6,14.9893104,0.547060066,678.131,30068.55667,28.48857095,0.481209825,658.7613333,57148.07333,30.15,0.434089165,634.778,60480.9,26.80653706,0.460644426,605.0816667,53773.91333,114.1666667,75,74,75,-0.419301822817655,-0.623148670270427,0.0052944928302281,0.687803457484877,-0.0294712923228968,17.41,16.51858757,0.525460668,643.7406667,33136.28667,21.75545862,0.485404041,611.004,43641.45,23.0853988,0.486452342,627.3723333,46309.31,26.05510967,0.469183949,611.004,52266.55,120.3333333,80.83333333,NA,80.83333333,-1.22975384805953,0.633799034822283,-0.461979948196601,0.040174974858623,0.726795922360246
"2811-38984","2640-97588","2811-38984_2640-97588",1,"CHR",102,"CHR-102",0,11,11.64241472,9,-2,"CHR_102_1",1,NA,0,3,"no",15.8,14.51881356,0.515995203,679.458,29124.74,20.07807245,0.466369752,606.3786667,40276.61333,23.66085577,0.458228381,627.3723333,47463.67667,25.18879362,0.489744034,662.7626667,50528.72,116,81.5,81.5,81.5,1.27570406521186,-0.758192570276894,-1.37974874477886,-0.453511027118329,-0.299102710242308,18.7,11.85018943,0.544837496,653.7273333,23771.48,14.45612662,0.507893605,610.6836667,28998.99,21.21705716,0.471668493,610.6836667,42561.41667,27.50362745,0.462396686,637.0386667,55172.27667,119,87,85,87,-0.327950447205388,-0.607889525035993,-1.69870577771304,-0.287874870450448,1.03914087582914
"2811-38984","2640-97588","2811-38984_2640-97588",2,"CHR",102,"CHR-102",0,11,11.64241472,8,-3,"CHR_102_2",1,NA,0,4,"no",15.8,14.51881356,0.515995203,679.458,29124.74,20.07807245,0.466369752,606.3786667,40276.61333,23.66085577,0.458228381,627.3723333,47463.67667,25.18879362,0.489744034,662.7626667,50528.72,116,81.5,81.5,81.5,1.27570406521186,-0.758192570276894,-1.37974874477886,-0.453511027118329,-0.299102710242308,18.7,11.85018943,0.544837496,653.7273333,23771.48,14.45612662,0.507893605,610.6836667,28998.99,21.21705716,0.471668493,610.6836667,42561.41667,27.50362745,0.462396686,637.0386667,55172.27667,119,87,85,87,-0.327950447205388,-0.607889525035993,-1.69870577771304,-0.287874870450448,1.03914087582914
"2811-38984","2640-97589","2811-38984_2640-97589",1,"CHR",102,"CHR-102",1,11,0.08,11,0,"CHR_102_1",1,"wp",3,3,"yes",15.8,14.51881356,0.515995203,679.458,29124.74,20.07807245,0.466369752,606.3786667,40276.61333,23.66085577,0.458228381,627.3723333,47463.67667,25.18879362,0.489744034,662.7626667,50528.72,116,81.5,81.5,81.5,1.27570406521186,-0.758192570276894,-1.37974874477886,-0.453511027118329,-0.299102710242308,16.1,11.8153556,0.523609389,681.183,23701.60333,16.91354271,0.528785659,657.7393333,33928.56667,18.6526321,0.480672665,627.3723333,37417.18,20.65218677,0.48363622,650.113,41428.28667,119,99.66666667,98,99.66666667,1.52440248376499,-0.617154537768401,-1.28234576663637,-0.738145434585443,-0.438240313367936
"2811-38984","2640-97589","2811-38984_2640-97589",2,"CHR",102,"CHR-102",1,11,0.08,11,0,"CHR_102_2",1,"wp",4,4,"yes",15.8,14.51881356,0.515995203,679.458,29124.74,20.07807245,0.466369752,606.3786667,40276.61333,23.66085577,0.458228381,627.3723333,47463.67667,25.18879362,0.489744034,662.7626667,50528.72,116,81.5,81.5,81.5,1.27570406521186,-0.758192570276894,-1.37974874477886,-0.453511027118329,-0.299102710242308,16.1,11.8153556,0.523609389,681.183,23701.60333,16.91354271,0.528785659,657.7393333,33928.56667,18.6526321,0.480672665,627.3723333,37417.18,20.65218677,0.48363622,650.113,41428.28667,119,99.66666667,98,99.66666667,1.52440248376499,-0.617154537768401,-1.28234576663637,-0.738145434585443,-0.438240313367936
"2811-38984","2811-83208","2811-38984_2811-83208",2,"CHR",102,"CHR-102",0,11,16.60092687,0,15,"CHR_102_2",1,NA,0,4,"no",15.8,14.51881356,0.515995203,679.458,29124.74,20.07807245,0.466369752,606.3786667,40276.61333,23.66085577,0.458228381,627.3723333,47463.67667,25.18879362,0.489744034,662.7626667,50528.72,116,81.5,81.5,81.5,1.27570406521186,-0.758192570276894,-1.37974874477886,-0.453511027118329,-0.299102710242308,16.9,18.73416916,0.484585352,611.004,37580.74333,21.00459455,0.486882121,610.6836667,42135.21667,26.39878531,0.450512144,610.6836667,52955.96333,23.23742606,0.475660646,611.004,46614.27667,118,87,89.5,87,-0.327950447205388,1.22309374175052,-0.589198848477454,0.621950764031026,0.119216734719535
"2811-38984","2811-83208","2811-38984_2811-83208",1,"CHR",102,"CHR-102",0,0,16.60092687,0,15,"CHR_102_1",1,NA,0,3,"no",15.8,14.51881356,0.515995203,679.458,29124.74,20.07807245,0.466369752,606.3786667,40276.61333,23.66085577,0.458228381,627.3723333,47463.67667,25.18879362,0.489744034,662.7626667,50528.72,116,81.5,81.5,81.5,1.27570406521186,-0.758192570276894,-1.37974874477886,-0.453511027118329,-0.299102710242308,16.9,18.73416916,0.484585352,611.004,37580.74333,21.00459455,0.486882121,610.6836667,42135.21667,26.39878531,0.450512144,610.6836667,52955.96333,23.23742606,0.475660646,611.004,46614.27667,118,87,89.5,87,-0.327950447205388,1.22309374175052,-0.589198848477454,0.621950764031026,0.119216734719535
"2811-38984","2850-57567","2811-38984_2850-57567",2,"CHR",102,"CHR-102",0,7,8.313013431,0,-36,"CHR_102_2",1,NA,0,4,"no",15.8,14.51881356,0.515995203,679.458,29124.74,20.07807245,0.466369752,606.3786667,40276.61333,23.66085577,0.458228381,627.3723333,47463.67667,25.18879362,0.489744034,662.7626667,50528.72,116,81.5,81.5,81.5,1.27570406521186,-0.758192570276894,-1.37974874477886,-0.453511027118329,-0.299102710242308,16.6,10.56012296,0.52180729,667.1156667,21183.60667,26.35612994,0.49271154,611.3883333,52870.39667,22.28285809,0.48721335,606.0566667,44699.41333,16.73888169,0.511359264,628.0706667,33578.19667,121.5,102.1666667,102.5,102.1666667,1.88999846127377,-0.951018094883241,0.317511799070068,-0.100737880763292,-1.28206916379613
"2811-38984","2850-57567","2811-38984_2850-57567",1,"CHR",102,"CHR-102",0,0,8.313013431,0,13,"CHR_102_1",1,NA,0,3,"no",15.8,14.51881356,0.515995203,679.458,29124.74,20.07807245,0.466369752,606.3786667,40276.61333,23.66085577,0.458228381,627.3723333,47463.67667,25.18879362,0.489744034,662.7626667,50528.72,116,81.5,81.5,81.5,1.27570406521186,-0.758192570276894,-1.37974874477886,-0.453511027118329,-0.299102710242308,16.6,10.56012296,0.52180729,667.1156667,21183.60667,26.35612994,0.49271154,611.3883333,52870.39667,22.28285809,0.48721335,606.0566667,44699.41333,16.73888169,0.511359264,628.0706667,33578.19667,121.5,102.1666667,102.5,102.1666667,1.88999846127377,-0.951018094883241,0.317511799070068,-0.100737880763292,-1.28206916379613
"2811-38984","2850-57570","2811-38984_2850-57570",2,"CHR",102,"CHR-102",0,11,8.398125942,6,-4,"CHR_102_2",1,NA,0,4,"no",15.8,14.51881356,0.515995203,679.458,29124.74,20.07807245,0.466369752,606.3786667,40276.61333,23.66085577,0.458228381,627.3723333,47463.67667,25.18879362,0.489744034,662.7626667,50528.72,116,81.5,81.5,81.5,1.27570406521186,-0.758192570276894,-1.37974874477886,-0.453511027118329,-0.299102710242308,16.51,16.84077767,0.501161039,611.004,33782.6,23.06811898,0.49586693,611.004,46274.64667,25.67366733,0.443766873,611.004,51501.37667,19.07592556,0.494641169,627.6863333,38266.30667,121.5,90,NA,90,0.110764720540566,0.719494330997171,-0.239575901827104,0.494632057389222,-0.778130676530947
"2811-38984","2850-57570","2811-38984_2850-57570",1,"CHR",102,"CHR-102",0,0,5.589012772,0,25,"CHR_102_1",1,NA,0,3,"no",15.8,14.51881356,0.515995203,679.458,29124.74,20.07807245,0.466369752,606.3786667,40276.61333,23.66085577,0.458228381,627.3723333,47463.67667,25.18879362,0.489744034,662.7626667,50528.72,116,81.5,81.5,81.5,1.27570406521186,-0.758192570276894,-1.37974874477886,-0.453511027118329,-0.299102710242308,16.51,16.84077767,0.501161039,611.004,33782.6,23.06811898,0.49586693,611.004,46274.64667,25.67366733,0.443766873,611.004,51501.37667,19.07592556,0.494641169,627.6863333,38266.30667,121.5,90,NA,90,0.110764720540566,0.719494330997171,-0.239575901827104,0.494632057389222,-0.778130676530947
"2811-38984","2850-57577","2811-38984_2850-57577",2,"CHR",102,"CHR-102",0,11,13.36803151,0,-24,"CHR_102_2",1,NA,0,4,"no",15.8,14.51881356,0.515995203,679.458,29124.74,20.07807245,0.466369752,606.3786667,40276.61333,23.66085577,0.458228381,627.3723333,47463.67667,25.18879362,0.489744034,662.7626667,50528.72,116,81.5,81.5,81.5,1.27570406521186,-0.758192570276894,-1.37974874477886,-0.453511027118329,-0.299102710242308,18.2,20.92472416,0.512057073,676.164,41974.99667,28.83623131,0.475799583,625.399,57845.48,28.80829345,0.443602398,627.1216667,57789.43667,29.54534563,0.455136562,636.0576667,59267.96333,119,90.83333333,91.16666667,90.83333333,0.232630044426981,1.80573194047972,0.737715377164354,1.04502048301344,1.47939806751422
"2811-38984","2850-57577","2811-38984_2850-57577",1,"CHR",102,"CHR-102",0,0,13.36803151,0,25,"CHR_102_1",1,NA,0,3,"no",15.8,14.51881356,0.515995203,679.458,29124.74,20.07807245,0.466369752,606.3786667,40276.61333,23.66085577,0.458228381,627.3723333,47463.67667,25.18879362,0.489744034,662.7626667,50528.72,116,81.5,81.5,81.5,1.27570406521186,-0.758192570276894,-1.37974874477886,-0.453511027118329,-0.299102710242308,18.2,20.92472416,0.512057073,676.164,41974.99667,28.83623131,0.475799583,625.399,57845.48,28.80829345,0.443602398,627.1216667,57789.43667,29.54534563,0.455136562,636.0576667,59267.96333,119,90.83333333,91.16666667,90.83333333,0.232630044426981,1.80573194047972,0.737715377164354,1.04502048301344,1.47939806751422
"2811-38984","2850-57578","2811-38984_2850-57578",2,"CHR",102,"CHR-102",0,11,2.609073064,0,22,"CHR_102_2",1,NA,0,4,"no",15.8,14.51881356,0.515995203,679.458,29124.74,20.07807245,0.466369752,606.3786667,40276.61333,23.66085577,0.458228381,627.3723333,47463.67667,25.18879362,0.489744034,662.7626667,50528.72,116,81.5,81.5,81.5,1.27570406521186,-0.758192570276894,-1.37974874477886,-0.453511027118329,-0.299102710242308,17.2,10.81633932,0.556799001,678.4426667,21697.57667,15.67680791,0.517385329,657.4626667,31447.67667,20.72179628,0.496782872,642.7923333,41567.92333,11.67128448,0.547842632,659.167,23412.59667,119,91.5,91.5,91.5,0.330122304413543,-0.882870324808829,-1.49188574528399,-0.374834477619313,-2.37479887454678
"2811-38984","2850-57578","2811-38984_2850-57578",1,"CHR",102,"CHR-102",0,0,2.609073064,0,21,"CHR_102_1",1,NA,0,3,"no",15.8,14.51881356,0.515995203,679.458,29124.74,20.07807245,0.466369752,606.3786667,40276.61333,23.66085577,0.458228381,627.3723333,47463.67667,25.18879362,0.489744034,662.7626667,50528.72,116,81.5,81.5,81.5,1.27570406521186,-0.758192570276894,-1.37974874477886,-0.453511027118329,-0.299102710242308,17.2,10.81633932,0.556799001,678.4426667,21697.57667,15.67680791,0.517385329,657.4626667,31447.67667,20.72179628,0.496782872,642.7923333,41567.92333,11.67128448,0.547842632,659.167,23412.59667,119,91.5,91.5,91.5,0.330122304413543,-0.882870324808829,-1.49188574528399,-0.374834477619313,-2.37479887454678
"2811-38984","2850-57579","2811-38984_2850-57579",1,"CHR",102,"CHR-102",0,3,5.795943745,3,8,"CHR_102_1",1,NA,0,3,"no",15.8,14.51881356,0.515995203,679.458,29124.74,20.07807245,0.466369752,606.3786667,40276.61333,23.66085577,0.458228381,627.3723333,47463.67667,25.18879362,0.489744034,662.7626667,50528.72,116,81.5,81.5,81.5,1.27570406521186,-0.758192570276894,-1.37974874477886,-0.453511027118329,-0.299102710242308,16.3,11.31949153,0.533256519,660.737,22706.9,24.77905949,0.48852106,617.005,49706.79333,18.07848455,0.49353373,627.3723333,36265.44,24.4043104,0.499147361,611.004,48955.04667,118.5,93.5,92,93.5,0.622599082910845,-0.749043190899379,0.0503087508346794,-0.838956234350139,0.37083286253875
"2811-38984","2850-57579","2811-38984_2850-57579",2,"CHR",102,"CHR-102",0,11,7.337925181,0,-16,"CHR_102_2",1,NA,0,4,"no",15.8,14.51881356,0.515995203,679.458,29124.74,20.07807245,0.466369752,606.3786667,40276.61333,23.66085577,0.458228381,627.3723333,47463.67667,25.18879362,0.489744034,662.7626667,50528.72,116,81.5,81.5,81.5,1.27570406521186,-0.758192570276894,-1.37974874477886,-0.453511027118329,-0.299102710242308,16.3,11.31949153,0.533256519,660.737,22706.9,24.77905949,0.48852106,617.005,49706.79333,18.07848455,0.49353373,627.3723333,36265.44,24.4043104,0.499147361,611.004,48955.04667,118.5,93.5,92,93.5,0.622599082910845,-0.749043190899379,0.0503087508346794,-0.838956234350139,0.37083286253875
"2811-38984","2850-57580","2811-38984_2850-57580",2,"CHR",102,"CHR-102",0,9,11.50131062,0,-33,"CHR_102_2",1,NA,0,4,"no",15.8,14.51881356,0.515995203,679.458,29124.74,20.07807245,0.466369752,606.3786667,40276.61333,23.66085577,0.458228381,627.3723333,47463.67667,25.18879362,0.489744034,662.7626667,50528.72,116,81.5,81.5,81.5,1.27570406521186,-0.758192570276894,-1.37974874477886,-0.453511027118329,-0.299102710242308,16.2,9.142844799,0.560214832,667.427,18340.54667,27.48113161,0.465556814,625.399,55127.15,22.9424111,0.468469624,647.108,46022.47667,30.74621137,0.465611781,608.7603333,61676.9,117.5,87.83333333,NA,87.83333333,-0.206085123318973,-1.32798210392354,0.508120833367745,0.0150687031458652,1.73834162958958
"2811-38984","2850-57580","2811-38984_2850-57580",1,"CHR",102,"CHR-102",0,0,11.50131062,0,16,"CHR_102_1",1,NA,0,3,"no",15.8,14.51881356,0.515995203,679.458,29124.74,20.07807245,0.466369752,606.3786667,40276.61333,23.66085577,0.458228381,627.3723333,47463.67667,25.18879362,0.489744034,662.7626667,50528.72,116,81.5,81.5,81.5,1.27570406521186,-0.758192570276894,-1.37974874477886,-0.453511027118329,-0.299102710242308,16.2,9.142844799,0.560214832,667.427,18340.54667,27.48113161,0.465556814,625.399,55127.15,22.9424111,0.468469624,647.108,46022.47667,30.74621137,0.465611781,608.7603333,61676.9,117.5,87.83333333,NA,87.83333333,-0.206085123318973,-1.32798210392354,0.508120833367745,0.0150687031458652,1.73834162958958
"2811-38984","2850-57581","2811-38984_2850-57581",1,"CHR",102,"CHR-102",0,5,10.69451428,5,6,"CHR_102_1",1,NA,0,3,"no",15.8,14.51881356,0.515995203,679.458,29124.74,20.07807245,0.466369752,606.3786667,40276.61333,23.66085577,0.458228381,627.3723333,47463.67667,25.18879362,0.489744034,662.7626667,50528.72,116,81.5,81.5,81.5,1.27570406521186,-0.758192570276894,-1.37974874477886,-0.453511027118329,-0.299102710242308,15.5,12.5018158,0.557442636,674.1035,25078.6425,18.94245264,0.521103483,641.0916667,37998.56,27.0381655,0.472765016,616.0483333,54238.56,19.62838485,0.524143762,664.102,39374.54,116,82.5,83,82.5,-0.986023198824319,-0.434571614980667,-0.938587554762546,0.734215334884986,-0.659003473806166
"2811-38984","2850-57581","2811-38984_2850-57581",2,"CHR",102,"CHR-102",0,11,11.5730881118182,5,6,"CHR_102_2",1,NA,0,4,"no",15.8,14.51881356,0.515995203,679.458,29124.74,20.07807245,0.466369752,606.3786667,40276.61333,23.66085577,0.458228381,627.3723333,47463.67667,25.18879362,0.489744034,662.7626667,50528.72,116,81.5,81.5,81.5,1.27570406521186,-0.758192570276894,-1.37974874477886,-0.453511027118329,-0.299102710242308,15.5,12.5018158,0.557442636,674.1035,25078.6425,18.94245264,0.521103483,641.0916667,37998.56,27.0381655,0.472765016,616.0483333,54238.56,19.62838485,0.524143762,664.102,39374.54,116,82.5,83,82.5,-0.986023198824319,-0.434571614980667,-0.938587554762546,0.734215334884986,-0.659003473806166
"2811-38984","2850-57582","2811-38984_2850-57582",2,"CHR",102,"CHR-102",0,11,13.92789691,0,17,"CHR_102_2",1,NA,0,4,"no",15.8,14.51881356,0.515995203,679.458,29124.74,20.07807245,0.466369752,606.3786667,40276.61333,23.66085577,0.458228381,627.3723333,47463.67667,25.18879362,0.489744034,662.7626667,50528.72,116,81.5,81.5,81.5,1.27570406521186,-0.758192570276894,-1.37974874477886,-0.453511027118329,-0.299102710242308,15.9,NA,NA,NA,NA,28.49882187,0.467628455,626.7313333,57168.63667,24.79582419,0.471185748,627.0583333,49740.42333,10.86734629,0.526212895,643.7406667,21799.89667,118,88.5,86,88.5,-0.108592863332411,NA,0.68054809534039,0.340497342347155,-2.54815265729939
"2811-38984","2850-57582","2811-38984_2850-57582",1,"CHR",102,"CHR-102",0,0,13.92789691,0,14,"CHR_102_1",1,NA,0,3,"no",15.8,14.51881356,0.515995203,679.458,29124.74,20.07807245,0.466369752,606.3786667,40276.61333,23.66085577,0.458228381,627.3723333,47463.67667,25.18879362,0.489744034,662.7626667,50528.72,116,81.5,81.5,81.5,1.27570406521186,-0.758192570276894,-1.37974874477886,-0.453511027118329,-0.299102710242308,15.9,NA,NA,NA,NA,28.49882187,0.467628455,626.7313333,57168.63667,24.79582419,0.471185748,627.0583333,49740.42333,10.86734629,0.526212895,643.7406667,21799.89667,118,88.5,86,88.5,-0.108592863332411,NA,0.68054809534039,0.340497342347155,-2.54815265729939
"2811-38984","2850-57589","2811-38984_2850-57589",2,"CHR",102,"CHR-102",0,11,5.705506599,0,16,"CHR_102_2",1,NA,0,4,"no",15.8,14.51881356,0.515995203,679.458,29124.74,20.07807245,0.466369752,606.3786667,40276.61333,23.66085577,0.458228381,627.3723333,47463.67667,25.18879362,0.489744034,662.7626667,50528.72,116,81.5,81.5,81.5,1.27570406521186,-0.758192570276894,-1.37974874477886,-0.453511027118329,-0.299102710242308,17.5,12.65077601,0.531237153,675.7903333,25377.45667,16.92662014,0.501144529,627.3723333,33954.8,19.27879528,0.490091496,643.7406667,38673.26333,19.52571951,0.519492939,627.6863333,39168.59333,119.8333333,97,96.5,97,1.13443344528112,-0.394951560502818,-1.28013005765578,-0.628201551764721,-0.681141276522795
"2811-38984","2850-57589","2811-38984_2850-57589",1,"CHR",102,"CHR-102",0,0,5.705506599,0,12,"CHR_102_1",1,NA,0,3,"no",15.8,14.51881356,0.515995203,679.458,29124.74,20.07807245,0.466369752,606.3786667,40276.61333,23.66085577,0.458228381,627.3723333,47463.67667,25.18879362,0.489744034,662.7626667,50528.72,116,81.5,81.5,81.5,1.27570406521186,-0.758192570276894,-1.37974874477886,-0.453511027118329,-0.299102710242308,17.5,12.65077601,0.531237153,675.7903333,25377.45667,16.92662014,0.501144529,627.3723333,33954.8,19.27879528,0.490091496,643.7406667,38673.26333,19.52571951,0.519492939,627.6863333,39168.59333,119.8333333,97,96.5,97,1.13443344528112,-0.394951560502818,-1.28013005765578,-0.628201551764721,-0.681141276522795
"2811-38984","2850-57620","2811-38984_2850-57620",2,"CHR",102,"CHR-102",0,11,4.703666967,0,15,"CHR_102_2",1,NA,0,4,"no",15.8,14.51881356,0.515995203,679.458,29124.74,20.07807245,0.466369752,606.3786667,40276.61333,23.66085577,0.458228381,627.3723333,47463.67667,25.18879362,0.489744034,662.7626667,50528.72,116,81.5,81.5,81.5,1.27570406521186,-0.758192570276894,-1.37974874477886,-0.453511027118329,-0.299102710242308,18.2,8.903889997,0.510576941,627.6863333,17861.20333,21.60838485,0.492100236,611.004,43346.42,22.72290794,0.464821292,611.004,45582.15333,21.84048023,0.466018925,627.6863333,43812.00333,121,87,84,87,-0.327950447205388,-1.39153868908802,-0.486898657224134,-0.0234724159627646,-0.182007721268793
"2811-38984","2850-57620","2811-38984_2850-57620",1,"CHR",102,"CHR-102",0,0,4.703666967,0,15,"CHR_102_1",1,NA,0,3,"no",15.8,14.51881356,0.515995203,679.458,29124.74,20.07807245,0.466369752,606.3786667,40276.61333,23.66085577,0.458228381,627.3723333,47463.67667,25.18879362,0.489744034,662.7626667,50528.72,116,81.5,81.5,81.5,1.27570406521186,-0.758192570276894,-1.37974874477886,-0.453511027118329,-0.299102710242308,18.2,8.903889997,0.510576941,627.6863333,17861.20333,21.60838485,0.492100236,611.004,43346.42,22.72290794,0.464821292,611.004,45582.15333,21.84048023,0.466018925,627.6863333,43812.00333,121,87,84,87,-0.327950447205388,-1.39153868908802,-0.486898657224134,-0.0234724159627646,-0.182007721268793
"2811-38984","2850-57647","2811-38984_2850-57647",2,"CHR",102,"CHR-102",0,11,0.210376542,0,25,"CHR_102_2",1,NA,0,4,"no",15.8,14.51881356,0.515995203,679.458,29124.74,20.07807245,0.466369752,606.3786667,40276.61333,23.66085577,0.458228381,627.3723333,47463.67667,25.18879362,0.489744034,662.7626667,50528.72,116,81.5,81.5,81.5,1.27570406521186,-0.758192570276894,-1.37974874477886,-0.453511027118329,-0.299102710242308,15.8,12.89783981,0.543297932,643.7406667,25873.06667,28.1838767,0.473800388,617.439,56536.85667,25.45478232,0.436115595,638.1653333,51062.29333,20.55910934,0.502370676,626.097,41241.57333,122.1666667,85.83333333,87.33333333,85.83333333,-0.498561901816276,-0.329238164855052,0.627186934809475,0.456199475181733,-0.458310668004767
"2811-38984","2850-57647","2811-38984_2850-57647",1,"CHR",102,"CHR-102",0,0,0.210376542,0,20,"CHR_102_1",1,NA,0,3,"no",15.8,14.51881356,0.515995203,679.458,29124.74,20.07807245,0.466369752,606.3786667,40276.61333,23.66085577,0.458228381,627.3723333,47463.67667,25.18879362,0.489744034,662.7626667,50528.72,116,81.5,81.5,81.5,1.27570406521186,-0.758192570276894,-1.37974874477886,-0.453511027118329,-0.299102710242308,15.8,12.89783981,0.543297932,643.7406667,25873.06667,28.1838767,0.473800388,617.439,56536.85667,25.45478232,0.436115595,638.1653333,51062.29333,20.55910934,0.502370676,626.097,41241.57333,122.1666667,85.83333333,87.33333333,85.83333333,-0.498561901816276,-0.329238164855052,0.627186934809475,0.456199475181733,-0.458310668004767
"2811-38984","2850-57653","2811-38984_2850-57653",2,"CHR",102,"CHR-102",0,11,14.83818046,10,-1,"CHR_102_2",1,NA,0,4,"no",15.8,14.51881356,0.515995203,679.458,29124.74,20.07807245,0.466369752,606.3786667,40276.61333,23.66085577,0.458228381,627.3723333,47463.67667,25.18879362,0.489744034,662.7626667,50528.72,116,81.5,81.5,81.5,1.27570406521186,-0.758192570276894,-1.37974874477886,-0.453511027118329,-0.299102710242308,16.37,8.467490861,0.535457505,660.1716667,16985.78667,27.15053506,0.465647634,659.167,54463.97333,21.8547225,0.470898637,665.8,43840.57333,15.40861914,0.497215455,659.167,30909.69,119.3333333,78,76.33333333,78,-1.64409595044325,-1.50761101163916,0.452107859504655,-0.175911398852204,-1.56891465511013
"2811-38984","2850-57653","2811-38984_2850-57653",1,"CHR",102,"CHR-102",0,0,12.75639032,0,15,"CHR_102_1",1,NA,0,3,"no",15.8,14.51881356,0.515995203,679.458,29124.74,20.07807245,0.466369752,606.3786667,40276.61333,23.66085577,0.458228381,627.3723333,47463.67667,25.18879362,0.489744034,662.7626667,50528.72,116,81.5,81.5,81.5,1.27570406521186,-0.758192570276894,-1.37974874477886,-0.453511027118329,-0.299102710242308,16.37,8.467490861,0.535457505,660.1716667,16985.78667,27.15053506,0.465647634,659.167,54463.97333,21.8547225,0.470898637,665.8,43840.57333,15.40861914,0.497215455,659.167,30909.69,119.3333333,78,76.33333333,78,-1.64409595044325,-1.50761101163916,0.452107859504655,-0.175911398852204,-1.56891465511013
"2811-38984","2850-57669","2811-38984_2850-57669",2,"CHR",102,"CHR-102",0,11,1.893100505,9,2,"CHR_102_2",1,NA,0,4,"no",15.8,14.51881356,0.515995203,679.458,29124.74,20.07807245,0.466369752,606.3786667,40276.61333,23.66085577,0.458228381,627.3723333,47463.67667,25.18879362,0.489744034,662.7626667,50528.72,116,81.5,81.5,81.5,1.27570406521186,-0.758192570276894,-1.37974874477886,-0.453511027118329,-0.299102710242308,17.82,14.07982054,0.504204618,611.004,28244.12,27.72719176,0.47617904,611.004,55620.74667,17.24374875,0.494612283,611.004,34590.96,18.57412762,0.508699718,611.004,37259.7,123.8333333,89.66666667,90,89.66666667,0.0620185912784761,-0.0148579628241403,0.549810804877425,-0.985522014505819,-0.886333735122392
"2811-38984","2850-57669","2811-38984_2850-57669",1,"CHR",102,"CHR-102",0,0,1.893100505,0,15,"CHR_102_1",1,NA,0,3,"no",15.8,14.51881356,0.515995203,679.458,29124.74,20.07807245,0.466369752,606.3786667,40276.61333,23.66085577,0.458228381,627.3723333,47463.67667,25.18879362,0.489744034,662.7626667,50528.72,116,81.5,81.5,81.5,1.27570406521186,-0.758192570276894,-1.37974874477886,-0.453511027118329,-0.299102710242308,17.82,14.07982054,0.504204618,611.004,28244.12,27.72719176,0.47617904,611.004,55620.74667,17.24374875,0.494612283,611.004,34590.96,18.57412762,0.508699718,611.004,37259.7,123.8333333,89.66666667,90,89.66666667,0.0620185912784761,-0.0148579628241403,0.549810804877425,-0.985522014505819,-0.886333735122392
"2811-38984","2850-57671","2811-38984_2850-57671",2,"CHR",102,"CHR-102",0,11,16.60764839,0,-30,"CHR_102_2",1,NA,0,4,"no",15.8,14.51881356,0.515995203,679.458,29124.74,20.07807245,0.466369752,606.3786667,40276.61333,23.66085577,0.458228381,627.3723333,47463.67667,25.18879362,0.489744034,662.7626667,50528.72,116,81.5,81.5,81.5,1.27570406521186,-0.758192570276894,-1.37974874477886,-0.453511027118329,-0.299102710242308,17.53,16.28350449,0.48181303,667.733,32664.71,28.84180791,0.479499655,593.4133333,57856.66667,23.68146062,0.459973843,641.034,47505.01,25.7482569,0.475226128,607.0326667,51651.00333,117.8333333,75.83333333,83.16666667,75.83333333,-1.96094579430279,0.571272240341928,0.738660220509044,0.144833557453636,0.660629034048076
"2811-38984","2850-57671","2811-38984_2850-57671",1,"CHR",102,"CHR-102",0,0,16.60764839,0,19,"CHR_102_1",1,NA,0,3,"no",15.8,14.51881356,0.515995203,679.458,29124.74,20.07807245,0.466369752,606.3786667,40276.61333,23.66085577,0.458228381,627.3723333,47463.67667,25.18879362,0.489744034,662.7626667,50528.72,116,81.5,81.5,81.5,1.27570406521186,-0.758192570276894,-1.37974874477886,-0.453511027118329,-0.299102710242308,17.53,16.28350449,0.48181303,667.733,32664.71,28.84180791,0.479499655,593.4133333,57856.66667,23.68146062,0.459973843,641.034,47505.01,25.7482569,0.475226128,607.0326667,51651.00333,117.8333333,75.83333333,83.16666667,75.83333333,-1.96094579430279,0.571272240341928,0.738660220509044,0.144833557453636,0.660629034048076
"2811-38984","2850-57731","2811-38984_2850-57731",1,"CHR",102,"CHR-102",0,11,1.577070176,8,-3,"CHR_102_1",1,NA,0,3,"no",15.8,14.51881356,0.515995203,679.458,29124.74,20.07807245,0.466369752,606.3786667,40276.61333,23.66085577,0.458228381,627.3723333,47463.67667,25.18879362,0.489744034,662.7626667,50528.72,116,81.5,81.5,81.5,1.27570406521186,-0.758192570276894,-1.37974874477886,-0.453511027118329,-0.299102710242308,15.9,10.9634214,0.500436597,689.138,21992.62333,23.24545364,0.49159359,611.004,46630.38,18.5751562,0.456752009,611.004,37261.76333,24.60593387,0.474122334,611.004,49359.50333,119,91,92.33333333,91,0.257003109789217,-0.84374981052978,-0.209530090170569,-0.751748919336863,0.414309079555146
"2811-38984","2850-57731","2811-38984_2850-57731",2,"CHR",102,"CHR-102",0,11,3.616180933,7,-3,"CHR_102_2",1,NA,0,4,"no",15.8,14.51881356,0.515995203,679.458,29124.74,20.07807245,0.466369752,606.3786667,40276.61333,23.66085577,0.458228381,627.3723333,47463.67667,25.18879362,0.489744034,662.7626667,50528.72,116,81.5,81.5,81.5,1.27570406521186,-0.758192570276894,-1.37974874477886,-0.453511027118329,-0.299102710242308,15.9,10.9634214,0.500436597,689.138,21992.62333,23.24545364,0.49159359,611.004,46630.38,18.5751562,0.456752009,611.004,37261.76333,24.60593387,0.474122334,611.004,49359.50333,119,91,92.33333333,91,0.257003109789217,-0.84374981052978,-0.209530090170569,-0.751748919336863,0.414309079555146
"2811-38984","2850-57733","2811-38984_2850-57733",2,"CHR",102,"CHR-102",0,11,8.971697229,1,-9,"CHR_102_2",1,NA,0,4,"no",15.8,14.51881356,0.515995203,679.458,29124.74,20.07807245,0.466369752,606.3786667,40276.61333,23.66085577,0.458228381,627.3723333,47463.67667,25.18879362,0.489744034,662.7626667,50528.72,116,81.5,81.5,81.5,1.27570406521186,-0.758192570276894,-1.37974874477886,-0.453511027118329,-0.299102710242308,15.66,14.84394317,0.488091858,680.0823333,29776.95,20.45213858,0.480742509,611.004,41026.99,22.3788767,0.481773003,627.3723333,44892.02667,18.61630941,0.474711747,611.004,37344.31667,121.6666667,NA,102,102,1.86562539152438,0.188381413841325,-0.682801464137293,-0.0838786032720019,-0.877238044743787
"2811-38984","2850-57733","2811-38984_2850-57733",1,"CHR",102,"CHR-102",0,0,8.971697229,0,40,"CHR_102_1",1,NA,0,3,"no",15.8,14.51881356,0.515995203,679.458,29124.74,20.07807245,0.466369752,606.3786667,40276.61333,23.66085577,0.458228381,627.3723333,47463.67667,25.18879362,0.489744034,662.7626667,50528.72,116,81.5,81.5,81.5,1.27570406521186,-0.758192570276894,-1.37974874477886,-0.453511027118329,-0.299102710242308,15.66,14.84394317,0.488091858,680.0823333,29776.95,20.45213858,0.480742509,611.004,41026.99,22.3788767,0.481773003,627.3723333,44892.02667,18.61630941,0.474711747,611.004,37344.31667,121.6666667,NA,102,102,1.86562539152438,0.188381413841325,-0.682801464137293,-0.0838786032720019,-0.877238044743787
"2811-38984","2850-57742","2811-38984_2850-57742",1,"CHR",102,"CHR-102",0,6,3.26345876,6,5,"CHR_102_1",1,NA,0,3,"no",15.8,14.51881356,0.515995203,679.458,29124.74,20.07807245,0.466369752,606.3786667,40276.61333,23.66085577,0.458228381,627.3723333,47463.67667,25.18879362,0.489744034,662.7626667,50528.72,116,81.5,81.5,81.5,1.27570406521186,-0.758192570276894,-1.37974874477886,-0.453511027118329,-0.299102710242308,16.98,13.00562645,0.511030769,671.763,26089.28667,26.1463443,0.49002744,625.0783333,52449.56667,26.30566135,0.456120566,609.081,52769.15667,22.8044882,0.51172569,659.167,45745.80333,118,93,92,93,0.54947988828652,-0.300569350889335,0.281967817833205,0.605599739133584,0.0258620257862253
"2811-38984","2850-57742","2811-38984_2850-57742",2,"CHR",102,"CHR-102",0,11,4.15144640518182,9,2,"CHR_102_2",1,NA,0,4,"no",15.8,14.51881356,0.515995203,679.458,29124.74,20.07807245,0.466369752,606.3786667,40276.61333,23.66085577,0.458228381,627.3723333,47463.67667,25.18879362,0.489744034,662.7626667,50528.72,116,81.5,81.5,81.5,1.27570406521186,-0.758192570276894,-1.37974874477886,-0.453511027118329,-0.299102710242308,16.98,13.00562645,0.511030769,671.763,26089.28667,26.1463443,0.49002744,625.0783333,52449.56667,26.30566135,0.456120566,609.081,52769.15667,22.8044882,0.51172569,659.167,45745.80333,118,93,92,93,0.54947988828652,-0.300569350889335,0.281967817833205,0.605599739133584,0.0258620257862253
"2811-38984","2850-57744","2811-38984_2850-57744",2,"CHR",102,"CHR-102",0,11,13.49224612,0,-26,"CHR_102_2",1,NA,0,4,"no",15.8,14.51881356,0.515995203,679.458,29124.74,20.07807245,0.466369752,606.3786667,40276.61333,23.66085577,0.458228381,627.3723333,47463.67667,25.18879362,0.489744034,662.7626667,50528.72,116,81.5,81.5,81.5,1.27570406521186,-0.758192570276894,-1.37974874477886,-0.453511027118329,-0.299102710242308,14.77,24.63866733,0.441897015,611.004,49425.16667,20.45419575,0.491736389,610.6836667,41031.11667,20.25567464,0.470934773,627.6863333,40632.88333,16.45550847,0.489979153,643.7406667,33009.75,116,84.5,NA,84.5,-0.693546420327017,2.79355701620318,-0.682452917821725,-0.456677716898191,-1.34317313948584
"2811-38984","2850-57744","2811-38984_2850-57744",1,"CHR",102,"CHR-102",0,0,13.49224612,0,23,"CHR_102_1",1,NA,0,3,"no",15.8,14.51881356,0.515995203,679.458,29124.74,20.07807245,0.466369752,606.3786667,40276.61333,23.66085577,0.458228381,627.3723333,47463.67667,25.18879362,0.489744034,662.7626667,50528.72,116,81.5,81.5,81.5,1.27570406521186,-0.758192570276894,-1.37974874477886,-0.453511027118329,-0.299102710242308,14.77,24.63866733,0.441897015,611.004,49425.16667,20.45419575,0.491736389,610.6836667,41031.11667,20.25567464,0.470934773,627.6863333,40632.88333,16.45550847,0.489979153,643.7406667,33009.75,116,84.5,NA,84.5,-0.693546420327017,2.79355701620318,-0.682452917821725,-0.456677716898191,-1.34317313948584
"2811-38984","2850-57745","2811-38984_2850-57745",1,"CHR",102,"CHR-102",0,1,12.4311523,1,10,"CHR_102_1",1,NA,0,3,"no",15.8,14.51881356,0.515995203,679.458,29124.74,20.07807245,0.466369752,606.3786667,40276.61333,23.66085577,0.458228381,627.3723333,47463.67667,25.18879362,0.489744034,662.7626667,50528.72,116,81.5,81.5,81.5,1.27570406521186,-0.758192570276894,-1.37974874477886,-0.453511027118329,-0.299102710242308,16.33,11.89491525,0.520998035,667.1156667,23861.2,19.28173812,0.496153459,634.065,38679.16667,21.88407444,0.484884869,657.7393333,43899.45333,26.3850565,0.474305256,645.4026667,52928.42333,118,85,86,85,-0.620427225702691,-0.59599346618265,-0.881102415479132,-0.170757684365318,0.797942599802867
"2811-38984","2850-57745","2811-38984_2850-57745",2,"CHR",102,"CHR-102",0,11,11.83520927,5,-4,"CHR_102_2",1,NA,0,4,"no",15.8,14.51881356,0.515995203,679.458,29124.74,20.07807245,0.466369752,606.3786667,40276.61333,23.66085577,0.458228381,627.3723333,47463.67667,25.18879362,0.489744034,662.7626667,50528.72,116,81.5,81.5,81.5,1.27570406521186,-0.758192570276894,-1.37974874477886,-0.453511027118329,-0.299102710242308,16.33,11.89491525,0.520998035,667.1156667,23861.2,19.28173812,0.496153459,634.065,38679.16667,21.88407444,0.484884869,657.7393333,43899.45333,26.3850565,0.474305256,645.4026667,52928.42333,118,85,86,85,-0.620427225702691,-0.59599346618265,-0.881102415479132,-0.170757684365318,0.797942599802867
"2811-38984","2850-57806","2811-38984_2850-57806",1,"CHR",102,"CHR-102",0,9,7.166145998,9,2,"CHR_102_1",1,NA,0,3,"no",15.8,14.51881356,0.515995203,679.458,29124.74,20.07807245,0.466369752,606.3786667,40276.61333,23.66085577,0.458228381,627.3723333,47463.67667,25.18879362,0.489744034,662.7626667,50528.72,116,81.5,81.5,81.5,1.27570406521186,-0.758192570276894,-1.37974874477886,-0.453511027118329,-0.299102710242308,15.88,11.25502825,0.516086951,669.4676667,22577.58667,14.26422898,0.518970434,659.167,28614.04333,18.0460319,0.470292612,659.167,36200.34,17.57589232,0.493413321,659.167,35257.24,120.1666667,83.83333333,86,83.83333333,-0.791038680313578,-0.766188968724348,-1.73121899508845,-0.844654382153754,-1.1015839465002
"2811-38984","2850-57806","2811-38984_2850-57806",2,"CHR",102,"CHR-102",0,12,7.93731493,6,5,"CHR_102_2",1,NA,0,4,"no",15.8,14.51881356,0.515995203,679.458,29124.74,20.07807245,0.466369752,606.3786667,40276.61333,23.66085577,0.458228381,627.3723333,47463.67667,25.18879362,0.489744034,662.7626667,50528.72,116,81.5,81.5,81.5,1.27570406521186,-0.758192570276894,-1.37974874477886,-0.453511027118329,-0.299102710242308,15.88,11.25502825,0.516086951,669.4676667,22577.58667,14.26422898,0.518970434,659.167,28614.04333,18.0460319,0.470292612,659.167,36200.34,17.57589232,0.493413321,659.167,35257.24,120.1666667,83.83333333,86,83.83333333,-0.791038680313578,-0.766188968724348,-1.73121899508845,-0.844654382153754,-1.1015839465002
"2811-38984","2850-57808","2811-38984_2850-57808",1,"CHR",102,"CHR-102",0,9,3.345023064,9,2,"CHR_102_1",1,NA,0,3,"no",15.8,14.51881356,0.515995203,679.458,29124.74,20.07807245,0.466369752,606.3786667,40276.61333,23.66085577,0.458228381,627.3723333,47463.67667,25.18879362,0.489744034,662.7626667,50528.72,116,81.5,81.5,81.5,1.27570406521186,-0.758192570276894,-1.37974874477886,-0.453511027118329,-0.299102710242308,17.44,11.46748421,0.514088925,678.7753333,23003.77333,15.37756564,0.515459018,659.167,30847.39667,20.6164008,0.49573159,641.3963333,41356.5,18.7548222,0.472216787,642.151,37622.17333,120.5,NA,100,100,1.57314861302708,-0.709680477568599,-1.54258636344907,-0.393340178166818,-0.847370430038086
"2811-38984","2850-57808","2811-38984_2850-57808",2,"CHR",102,"CHR-102",0,11,3.543647524,10,1,"CHR_102_2",1,NA,0,4,"no",15.8,14.51881356,0.515995203,679.458,29124.74,20.07807245,0.466369752,606.3786667,40276.61333,23.66085577,0.458228381,627.3723333,47463.67667,25.18879362,0.489744034,662.7626667,50528.72,116,81.5,81.5,81.5,1.27570406521186,-0.758192570276894,-1.37974874477886,-0.453511027118329,-0.299102710242308,17.44,11.46748421,0.514088925,678.7753333,23003.77333,15.37756564,0.515459018,659.167,30847.39667,20.6164008,0.49573159,641.3963333,41356.5,18.7548222,0.472216787,642.151,37622.17333,120.5,NA,100,100,1.57314861302708,-0.709680477568599,-1.54258636344907,-0.393340178166818,-0.847370430038086
"2811-38984","2850-57881","2811-38984_2850-57881",1,"CHR",102,"CHR-102",0,4,6.340652122,4,7,"CHR_102_1",1,NA,0,3,"no",15.8,14.51881356,0.515995203,679.458,29124.74,20.07807245,0.466369752,606.3786667,40276.61333,23.66085577,0.458228381,627.3723333,47463.67667,25.18879362,0.489744034,662.7626667,50528.72,116,81.5,81.5,81.5,1.27570406521186,-0.758192570276894,-1.37974874477886,-0.453511027118329,-0.299102710242308,16.55,11.73463277,0.535560863,644.7453333,23539.67333,21.93833167,0.494146676,611.004,44008.29333,26.56095214,0.438684751,643.7343333,53281.27,31.59365071,0.464706779,610.6836667,63376.86333,119.6666667,84.83333333,85.83333333,84.83333333,-0.644800291064927,-0.638624988986254,-0.430995767115722,0.650424573294177,1.92107559728725
"2811-38984","2850-57881","2811-38984_2850-57881",2,"CHR",102,"CHR-102",0,11,6.340652122,0,15,"CHR_102_2",1,NA,0,4,"no",15.8,14.51881356,0.515995203,679.458,29124.74,20.07807245,0.466369752,606.3786667,40276.61333,23.66085577,0.458228381,627.3723333,47463.67667,25.18879362,0.489744034,662.7626667,50528.72,116,81.5,81.5,81.5,1.27570406521186,-0.758192570276894,-1.37974874477886,-0.453511027118329,-0.299102710242308,16.55,11.73463277,0.535560863,644.7453333,23539.67333,21.93833167,0.494146676,611.004,44008.29333,26.56095214,0.438684751,643.7343333,53281.27,31.59365071,0.464706779,610.6836667,63376.86333,119.6666667,84.83333333,85.83333333,84.83333333,-0.644800291064927,-0.638624988986254,-0.430995767115722,0.650424573294177,1.92107559728725
"2850-57551","2850-57552","2850-57551_2850-57552",1,"Struthers",10,"Struthers-10",1,11,0.08,11,0,"Struthers_10_1",1,"wp",4,5,"yes",19,21.72451147,0.519022756,619.0316667,43579.37,25.07222499,0.496796279,617.439,50294.88333,24.04588401,0.474288937,631.0536667,48236.04333,29.70191592,0.461660687,632.079,59582.04333,120.5,77.5,78,77.5,0.232623518732157,1.31001589640452,-0.557310312251316,-0.385792034949576,0.453105294379681,17.6,16.47890661,0.541955633,652.3853333,33056.68667,28.13388501,0.471008287,636.077,56436.57333,26.12840312,0.473146464,630.4126667,52413.57667,25.80811565,0.486261458,632.783,51771.08,124.1666667,95,95.5,95,0.841956666783822,0.623244794888455,0.618716842712803,0.574476130000053,0.673536420302912
"2850-57551","2850-57552","2850-57551_2850-57552",2,"Struthers",20,"Struthers-20",1,12,0.08,12,0,"Struthers_20_2",1,"wp",4,5,"yes",19,21.72451147,0.519022756,619.0316667,43579.37,25.07222499,0.496796279,617.439,50294.88333,24.04588401,0.474288937,631.0536667,48236.04333,29.70191592,0.461660687,632.079,59582.04333,120.5,77.5,78,77.5,0.232623518732157,1.31001589640452,-0.557310312251316,-0.385792034949576,0.453105294379681,17.6,16.47890661,0.541955633,652.3853333,33056.68667,28.13388501,0.471008287,636.077,56436.57333,26.12840312,0.473146464,630.4126667,52413.57667,25.80811565,0.486261458,632.783,51771.08,124.1666667,95,95.5,95,0.841956666783822,0.623244794888455,0.618716842712803,0.574476130000053,0.673536420302912
"2850-57568","2640-97588","2850-57568_2640-97588",1,"CHR",96,"CHR-96",0,11,6.642331491,7,-4,"CHR_96_1",1,NA,0,4,"no",15.37,15.13231971,0.50506128,659.167,30355.43333,25.47213526,0.452418429,642.151,51097.10333,23.5398787,0.430572869,625.7763333,47220.99667,23.32200897,0.497056741,659.167,46783.95,118,79.5,NA,79.5,0.754163791972006,-0.582101561516978,-0.491452977503093,-0.474788544985405,-0.610242152804158,18.7,11.85018943,0.544837496,653.7273333,23771.48,14.45612662,0.507893605,610.6836667,28998.99,21.21705716,0.471668493,610.6836667,42561.41667,27.50362745,0.462396686,637.0386667,55172.27667,119,87,85,87,-0.327950447205388,-0.607889525035993,-1.69870577771304,-0.287874870450448,1.03914087582914
"2850-57568","2640-97588","2850-57568_2640-97588",2,"CHR",96,"CHR-96",0,11,6.642331491,2,-9,"CHR_96_2",1,NA,0,3,"no",15.37,15.13231971,0.50506128,659.167,30355.43333,25.47213526,0.452418429,642.151,51097.10333,23.5398787,0.430572869,625.7763333,47220.99667,23.32200897,0.497056741,659.167,46783.95,118,79.5,NA,79.5,0.754163791972006,-0.582101561516978,-0.491452977503093,-0.474788544985405,-0.610242152804158,18.7,11.85018943,0.544837496,653.7273333,23771.48,14.45612662,0.507893605,610.6836667,28998.99,21.21705716,0.471668493,610.6836667,42561.41667,27.50362745,0.462396686,637.0386667,55172.27667,119,87,85,87,-0.327950447205388,-0.607889525035993,-1.69870577771304,-0.287874870450448,1.03914087582914
"2850-57568","2640-97589","2850-57568_2640-97589",1,"CHR",96,"CHR-96",0,11,7.166145998,9,-2,"CHR_96_1",1,NA,0,4,"no",15.37,15.13231971,0.50506128,659.167,30355.43333,25.47213526,0.452418429,642.151,51097.10333,23.5398787,0.430572869,625.7763333,47220.99667,23.32200897,0.497056741,659.167,46783.95,118,79.5,NA,79.5,0.754163791972006,-0.582101561516978,-0.491452977503093,-0.474788544985405,-0.610242152804158,16.1,11.8153556,0.523609389,681.183,23701.60333,16.91354271,0.528785659,657.7393333,33928.56667,18.6526321,0.480672665,627.3723333,37417.18,20.65218677,0.48363622,650.113,41428.28667,119,99.66666667,98,99.66666667,1.52440248376499,-0.617154537768401,-1.28234576663637,-0.738145434585443,-0.438240313367936
"2850-57568","2640-97589","2850-57568_2640-97589",2,"CHR",96,"CHR-96",0,11,7.166145998,5,-6,"CHR_96_2",1,"ep_same",1,3,"yes",15.37,15.13231971,0.50506128,659.167,30355.43333,25.47213526,0.452418429,642.151,51097.10333,23.5398787,0.430572869,625.7763333,47220.99667,23.32200897,0.497056741,659.167,46783.95,118,79.5,NA,79.5,0.754163791972006,-0.582101561516978,-0.491452977503093,-0.474788544985405,-0.610242152804158,16.1,11.8153556,0.523609389,681.183,23701.60333,16.91354271,0.528785659,657.7393333,33928.56667,18.6526321,0.480672665,627.3723333,37417.18,20.65218677,0.48363622,650.113,41428.28667,119,99.66666667,98,99.66666667,1.52440248376499,-0.617154537768401,-1.28234576663637,-0.738145434585443,-0.438240313367936
"2850-57568","2811-83208","2850-57568_2811-83208",2,"CHR",96,"CHR-96",0,11,23.35798423,2,9,"CHR_96_2",1,NA,0,3,"no",15.37,15.13231971,0.50506128,659.167,30355.43333,25.47213526,0.452418429,642.151,51097.10333,23.5398787,0.430572869,625.7763333,47220.99667,23.32200897,0.497056741,659.167,46783.95,118,79.5,NA,79.5,0.754163791972006,-0.582101561516978,-0.491452977503093,-0.474788544985405,-0.610242152804158,16.9,18.73416916,0.484585352,611.004,37580.74333,21.00459455,0.486882121,610.6836667,42135.21667,26.39878531,0.450512144,610.6836667,52955.96333,23.23742606,0.475660646,611.004,46614.27667,118,87,89.5,87,-0.327950447205388,1.22309374175052,-0.589198848477454,0.621950764031026,0.119216734719535
"2850-57568","2811-83208","2850-57568_2811-83208",1,"CHR",96,"CHR-96",0,0,23.35798423,0,13,"CHR_96_1",1,NA,0,4,"no",15.37,15.13231971,0.50506128,659.167,30355.43333,25.47213526,0.452418429,642.151,51097.10333,23.5398787,0.430572869,625.7763333,47220.99667,23.32200897,0.497056741,659.167,46783.95,118,79.5,NA,79.5,0.754163791972006,-0.582101561516978,-0.491452977503093,-0.474788544985405,-0.610242152804158,16.9,18.73416916,0.484585352,611.004,37580.74333,21.00459455,0.486882121,610.6836667,42135.21667,26.39878531,0.450512144,610.6836667,52955.96333,23.23742606,0.475660646,611.004,46614.27667,118,87,89.5,87,-0.327950447205388,1.22309374175052,-0.589198848477454,0.621950764031026,0.119216734719535
"2850-57568","2850-57567","2850-57568_2850-57567",2,"CHR",96,"CHR-96",0,1,5.211051794,0,-42,"CHR_96_2",1,NA,0,3,"no",15.37,15.13231971,0.50506128,659.167,30355.43333,25.47213526,0.452418429,642.151,51097.10333,23.5398787,0.430572869,625.7763333,47220.99667,23.32200897,0.497056741,659.167,46783.95,118,79.5,NA,79.5,0.754163791972006,-0.582101561516978,-0.491452977503093,-0.474788544985405,-0.610242152804158,16.6,10.56012296,0.52180729,667.1156667,21183.60667,26.35612994,0.49271154,611.3883333,52870.39667,22.28285809,0.48721335,606.0566667,44699.41333,16.73888169,0.511359264,628.0706667,33578.19667,121.5,102.1666667,102.5,102.1666667,1.88999846127377,-0.951018094883241,0.317511799070068,-0.100737880763292,-1.28206916379613
"2850-57568","2850-57567","2850-57568_2850-57567",1,"CHR",96,"CHR-96",0,0,5.211051794,0,11,"CHR_96_1",1,NA,0,4,"no",15.37,15.13231971,0.50506128,659.167,30355.43333,25.47213526,0.452418429,642.151,51097.10333,23.5398787,0.430572869,625.7763333,47220.99667,23.32200897,0.497056741,659.167,46783.95,118,79.5,NA,79.5,0.754163791972006,-0.582101561516978,-0.491452977503093,-0.474788544985405,-0.610242152804158,16.6,10.56012296,0.52180729,667.1156667,21183.60667,26.35612994,0.49271154,611.3883333,52870.39667,22.28285809,0.48721335,606.0566667,44699.41333,16.73888169,0.511359264,628.0706667,33578.19667,121.5,102.1666667,102.5,102.1666667,1.88999846127377,-0.951018094883241,0.317511799070068,-0.100737880763292,-1.28206916379613
"2850-57568","2850-57570","2850-57568_2850-57570",2,"CHR",96,"CHR-96",0,11,3.793397743,0,-10,"CHR_96_2",1,"ep_same",2,3,"yes",15.37,15.13231971,0.50506128,659.167,30355.43333,25.47213526,0.452418429,642.151,51097.10333,23.5398787,0.430572869,625.7763333,47220.99667,23.32200897,0.497056741,659.167,46783.95,118,79.5,NA,79.5,0.754163791972006,-0.582101561516978,-0.491452977503093,-0.474788544985405,-0.610242152804158,16.51,16.84077767,0.501161039,611.004,33782.6,23.06811898,0.49586693,611.004,46274.64667,25.67366733,0.443766873,611.004,51501.37667,19.07592556,0.494641169,627.6863333,38266.30667,121.5,90,NA,90,0.110764720540566,0.719494330997171,-0.239575901827104,0.494632057389222,-0.778130676530947
"2850-57568","2850-57570","2850-57568_2850-57570",1,"CHR",96,"CHR-96",0,0,3.799390559,0,23,"CHR_96_1",1,NA,0,4,"no",15.37,15.13231971,0.50506128,659.167,30355.43333,25.47213526,0.452418429,642.151,51097.10333,23.5398787,0.430572869,625.7763333,47220.99667,23.32200897,0.497056741,659.167,46783.95,118,79.5,NA,79.5,0.754163791972006,-0.582101561516978,-0.491452977503093,-0.474788544985405,-0.610242152804158,16.51,16.84077767,0.501161039,611.004,33782.6,23.06811898,0.49586693,611.004,46274.64667,25.67366733,0.443766873,611.004,51501.37667,19.07592556,0.494641169,627.6863333,38266.30667,121.5,90,NA,90,0.110764720540566,0.719494330997171,-0.239575901827104,0.494632057389222,-0.778130676530947
"2850-57568","2850-57577","2850-57568_2850-57577",2,"CHR",96,"CHR-96",0,11,6.207264631,0,19,"CHR_96_2",1,NA,0,3,"no",15.37,15.13231971,0.50506128,659.167,30355.43333,25.47213526,0.452418429,642.151,51097.10333,23.5398787,0.430572869,625.7763333,47220.99667,23.32200897,0.497056741,659.167,46783.95,118,79.5,NA,79.5,0.754163791972006,-0.582101561516978,-0.491452977503093,-0.474788544985405,-0.610242152804158,18.2,20.92472416,0.512057073,676.164,41974.99667,28.83623131,0.475799583,625.399,57845.48,28.80829345,0.443602398,627.1216667,57789.43667,29.54534563,0.455136562,636.0576667,59267.96333,119,90.83333333,91.16666667,90.83333333,0.232630044426981,1.80573194047972,0.737715377164354,1.04502048301344,1.47939806751422
"2850-57568","2850-57577","2850-57568_2850-57577",1,"CHR",96,"CHR-96",0,0,6.207264631,0,23,"CHR_96_1",1,NA,0,4,"no",15.37,15.13231971,0.50506128,659.167,30355.43333,25.47213526,0.452418429,642.151,51097.10333,23.5398787,0.430572869,625.7763333,47220.99667,23.32200897,0.497056741,659.167,46783.95,118,79.5,NA,79.5,0.754163791972006,-0.582101561516978,-0.491452977503093,-0.474788544985405,-0.610242152804158,18.2,20.92472416,0.512057073,676.164,41974.99667,28.83623131,0.475799583,625.399,57845.48,28.80829345,0.443602398,627.1216667,57789.43667,29.54534563,0.455136562,636.0576667,59267.96333,119,90.83333333,91.16666667,90.83333333,0.232630044426981,1.80573194047972,0.737715377164354,1.04502048301344,1.47939806751422
"2850-57568","2850-57578","2850-57568_2850-57578",2,"CHR",96,"CHR-96",0,11,4.649295834,0,16,"CHR_96_2",1,NA,0,3,"no",15.37,15.13231971,0.50506128,659.167,30355.43333,25.47213526,0.452418429,642.151,51097.10333,23.5398787,0.430572869,625.7763333,47220.99667,23.32200897,0.497056741,659.167,46783.95,118,79.5,NA,79.5,0.754163791972006,-0.582101561516978,-0.491452977503093,-0.474788544985405,-0.610242152804158,17.2,10.81633932,0.556799001,678.4426667,21697.57667,15.67680791,0.517385329,657.4626667,31447.67667,20.72179628,0.496782872,642.7923333,41567.92333,11.67128448,0.547842632,659.167,23412.59667,119,91.5,91.5,91.5,0.330122304413543,-0.882870324808829,-1.49188574528399,-0.374834477619313,-2.37479887454678
"2850-57568","2850-57578","2850-57568_2850-57578",1,"CHR",96,"CHR-96",0,0,4.649295834,0,19,"CHR_96_1",1,NA,0,4,"no",15.37,15.13231971,0.50506128,659.167,30355.43333,25.47213526,0.452418429,642.151,51097.10333,23.5398787,0.430572869,625.7763333,47220.99667,23.32200897,0.497056741,659.167,46783.95,118,79.5,NA,79.5,0.754163791972006,-0.582101561516978,-0.491452977503093,-0.474788544985405,-0.610242152804158,17.2,10.81633932,0.556799001,678.4426667,21697.57667,15.67680791,0.517385329,657.4626667,31447.67667,20.72179628,0.496782872,642.7923333,41567.92333,11.67128448,0.547842632,659.167,23412.59667,119,91.5,91.5,91.5,0.330122304413543,-0.882870324808829,-1.49188574528399,-0.374834477619313,-2.37479887454678
"2850-57568","2850-57579","2850-57568_2850-57579",1,"CHR",96,"CHR-96",0,5,12.2884515,5,6,"CHR_96_1",1,NA,0,4,"no",15.37,15.13231971,0.50506128,659.167,30355.43333,25.47213526,0.452418429,642.151,51097.10333,23.5398787,0.430572869,625.7763333,47220.99667,23.32200897,0.497056741,659.167,46783.95,118,79.5,NA,79.5,0.754163791972006,-0.582101561516978,-0.491452977503093,-0.474788544985405,-0.610242152804158,16.3,11.31949153,0.533256519,660.737,22706.9,24.77905949,0.48852106,617.005,49706.79333,18.07848455,0.49353373,627.3723333,36265.44,24.4043104,0.499147361,611.004,48955.04667,118.5,93.5,92,93.5,0.622599082910845,-0.749043190899379,0.0503087508346794,-0.838956234350139,0.37083286253875
"2850-57568","2850-57579","2850-57568_2850-57579",2,"CHR",96,"CHR-96",0,11,13.39401385,0,-22,"CHR_96_2",1,NA,0,3,"no",15.37,15.13231971,0.50506128,659.167,30355.43333,25.47213526,0.452418429,642.151,51097.10333,23.5398787,0.430572869,625.7763333,47220.99667,23.32200897,0.497056741,659.167,46783.95,118,79.5,NA,79.5,0.754163791972006,-0.582101561516978,-0.491452977503093,-0.474788544985405,-0.610242152804158,16.3,11.31949153,0.533256519,660.737,22706.9,24.77905949,0.48852106,617.005,49706.79333,18.07848455,0.49353373,627.3723333,36265.44,24.4043104,0.499147361,611.004,48955.04667,118.5,93.5,92,93.5,0.622599082910845,-0.749043190899379,0.0503087508346794,-0.838956234350139,0.37083286253875
"2850-57568","2850-57580","2850-57568_2850-57580",2,"CHR",96,"CHR-96",0,3,18.18602989,0,-39,"CHR_96_2",1,NA,0,3,"no",15.37,15.13231971,0.50506128,659.167,30355.43333,25.47213526,0.452418429,642.151,51097.10333,23.5398787,0.430572869,625.7763333,47220.99667,23.32200897,0.497056741,659.167,46783.95,118,79.5,NA,79.5,0.754163791972006,-0.582101561516978,-0.491452977503093,-0.474788544985405,-0.610242152804158,16.2,9.142844799,0.560214832,667.427,18340.54667,27.48113161,0.465556814,625.399,55127.15,22.9424111,0.468469624,647.108,46022.47667,30.74621137,0.465611781,608.7603333,61676.9,117.5,87.83333333,NA,87.83333333,-0.206085123318973,-1.32798210392354,0.508120833367745,0.0150687031458652,1.73834162958958
"2850-57568","2850-57580","2850-57568_2850-57580",1,"CHR",96,"CHR-96",0,0,18.18602989,0,14,"CHR_96_1",1,NA,0,4,"no",15.37,15.13231971,0.50506128,659.167,30355.43333,25.47213526,0.452418429,642.151,51097.10333,23.5398787,0.430572869,625.7763333,47220.99667,23.32200897,0.497056741,659.167,46783.95,118,79.5,NA,79.5,0.754163791972006,-0.582101561516978,-0.491452977503093,-0.474788544985405,-0.610242152804158,16.2,9.142844799,0.560214832,667.427,18340.54667,27.48113161,0.465556814,625.399,55127.15,22.9424111,0.468469624,647.108,46022.47667,30.74621137,0.465611781,608.7603333,61676.9,117.5,87.83333333,NA,87.83333333,-0.206085123318973,-1.32798210392354,0.508120833367745,0.0150687031458652,1.73834162958958
"2850-57568","2850-57581","2850-57568_2850-57581",1,"CHR",96,"CHR-96",0,7,17.86065878,7,4,"CHR_96_1",1,NA,0,4,"no",15.37,15.13231971,0.50506128,659.167,30355.43333,25.47213526,0.452418429,642.151,51097.10333,23.5398787,0.430572869,625.7763333,47220.99667,23.32200897,0.497056741,659.167,46783.95,118,79.5,NA,79.5,0.754163791972006,-0.582101561516978,-0.491452977503093,-0.474788544985405,-0.610242152804158,15.5,12.5018158,0.557442636,674.1035,25078.6425,18.94245264,0.521103483,641.0916667,37998.56,27.0381655,0.472765016,616.0483333,54238.56,19.62838485,0.524143762,664.102,39374.54,116,82.5,83,82.5,-0.986023198824319,-0.434571614980667,-0.938587554762546,0.734215334884986,-0.659003473806166
"2850-57568","2850-57581","2850-57568_2850-57581",2,"CHR",96,"CHR-96",0,11,19.78845254,11,0,"CHR_96_2",1,NA,0,3,"no",15.37,15.13231971,0.50506128,659.167,30355.43333,25.47213526,0.452418429,642.151,51097.10333,23.5398787,0.430572869,625.7763333,47220.99667,23.32200897,0.497056741,659.167,46783.95,118,79.5,NA,79.5,0.754163791972006,-0.582101561516978,-0.491452977503093,-0.474788544985405,-0.610242152804158,15.5,12.5018158,0.557442636,674.1035,25078.6425,18.94245264,0.521103483,641.0916667,37998.56,27.0381655,0.472765016,616.0483333,54238.56,19.62838485,0.524143762,664.102,39374.54,116,82.5,83,82.5,-0.986023198824319,-0.434571614980667,-0.938587554762546,0.734215334884986,-0.659003473806166
"2850-57568","2850-57582","2850-57568_2850-57582",2,"CHR",96,"CHR-96",0,11,19.76481823,0,11,"CHR_96_2",1,NA,0,3,"no",15.37,15.13231971,0.50506128,659.167,30355.43333,25.47213526,0.452418429,642.151,51097.10333,23.5398787,0.430572869,625.7763333,47220.99667,23.32200897,0.497056741,659.167,46783.95,118,79.5,NA,79.5,0.754163791972006,-0.582101561516978,-0.491452977503093,-0.474788544985405,-0.610242152804158,15.9,NA,NA,NA,NA,28.49882187,0.467628455,626.7313333,57168.63667,24.79582419,0.471185748,627.0583333,49740.42333,10.86734629,0.526212895,643.7406667,21799.89667,118,88.5,86,88.5,-0.108592863332411,NA,0.68054809534039,0.340497342347155,-2.54815265729939
"2850-57568","2850-57582","2850-57568_2850-57582",1,"CHR",96,"CHR-96",0,0,19.76481823,0,12,"CHR_96_1",1,NA,0,4,"no",15.37,15.13231971,0.50506128,659.167,30355.43333,25.47213526,0.452418429,642.151,51097.10333,23.5398787,0.430572869,625.7763333,47220.99667,23.32200897,0.497056741,659.167,46783.95,118,79.5,NA,79.5,0.754163791972006,-0.582101561516978,-0.491452977503093,-0.474788544985405,-0.610242152804158,15.9,NA,NA,NA,NA,28.49882187,0.467628455,626.7313333,57168.63667,24.79582419,0.471185748,627.0583333,49740.42333,10.86734629,0.526212895,643.7406667,21799.89667,118,88.5,86,88.5,-0.108592863332411,NA,0.68054809534039,0.340497342347155,-2.54815265729939
"2850-57568","2850-57589","2850-57568_2850-57589",1,"CHR",96,"CHR-96",0,1,12.76407049,1,10,"CHR_96_1",1,NA,0,4,"no",15.37,15.13231971,0.50506128,659.167,30355.43333,25.47213526,0.452418429,642.151,51097.10333,23.5398787,0.430572869,625.7763333,47220.99667,23.32200897,0.497056741,659.167,46783.95,118,79.5,NA,79.5,0.754163791972006,-0.582101561516978,-0.491452977503093,-0.474788544985405,-0.610242152804158,17.5,12.65077601,0.531237153,675.7903333,25377.45667,16.92662014,0.501144529,627.3723333,33954.8,19.27879528,0.490091496,643.7406667,38673.26333,19.52571951,0.519492939,627.6863333,39168.59333,119.8333333,97,96.5,97,1.13443344528112,-0.394951560502818,-1.28013005765578,-0.628201551764721,-0.681141276522795
"2850-57568","2850-57589","2850-57568_2850-57589",2,"CHR",96,"CHR-96",0,11,12.8891057572727,1,10,"CHR_96_2",1,NA,0,3,"no",15.37,15.13231971,0.50506128,659.167,30355.43333,25.47213526,0.452418429,642.151,51097.10333,23.5398787,0.430572869,625.7763333,47220.99667,23.32200897,0.497056741,659.167,46783.95,118,79.5,NA,79.5,0.754163791972006,-0.582101561516978,-0.491452977503093,-0.474788544985405,-0.610242152804158,17.5,12.65077601,0.531237153,675.7903333,25377.45667,16.92662014,0.501144529,627.3723333,33954.8,19.27879528,0.490091496,643.7406667,38673.26333,19.52571951,0.519492939,627.6863333,39168.59333,119.8333333,97,96.5,97,1.13443344528112,-0.394951560502818,-1.28013005765578,-0.628201551764721,-0.681141276522795
"2850-57568","2850-57620","2850-57568_2850-57620",2,"CHR",96,"CHR-96",0,11,2.998408922,2,9,"CHR_96_2",1,NA,0,3,"no",15.37,15.13231971,0.50506128,659.167,30355.43333,25.47213526,0.452418429,642.151,51097.10333,23.5398787,0.430572869,625.7763333,47220.99667,23.32200897,0.497056741,659.167,46783.95,118,79.5,NA,79.5,0.754163791972006,-0.582101561516978,-0.491452977503093,-0.474788544985405,-0.610242152804158,18.2,8.903889997,0.510576941,627.6863333,17861.20333,21.60838485,0.492100236,611.004,43346.42,22.72290794,0.464821292,611.004,45582.15333,21.84048023,0.466018925,627.6863333,43812.00333,121,87,84,87,-0.327950447205388,-1.39153868908802,-0.486898657224134,-0.0234724159627646,-0.182007721268793
"2850-57568","2850-57620","2850-57568_2850-57620",1,"CHR",96,"CHR-96",0,0,2.998408922,0,13,"CHR_96_1",1,NA,0,4,"no",15.37,15.13231971,0.50506128,659.167,30355.43333,25.47213526,0.452418429,642.151,51097.10333,23.5398787,0.430572869,625.7763333,47220.99667,23.32200897,0.497056741,659.167,46783.95,118,79.5,NA,79.5,0.754163791972006,-0.582101561516978,-0.491452977503093,-0.474788544985405,-0.610242152804158,18.2,8.903889997,0.510576941,627.6863333,17861.20333,21.60838485,0.492100236,611.004,43346.42,22.72290794,0.464821292,611.004,45582.15333,21.84048023,0.466018925,627.6863333,43812.00333,121,87,84,87,-0.327950447205388,-1.39153868908802,-0.486898657224134,-0.0234724159627646,-0.182007721268793
"2850-57568","2850-57647","2850-57568_2850-57647",2,"CHR",96,"CHR-96",0,11,7.192032508,0,19,"CHR_96_2",1,NA,0,3,"no",15.37,15.13231971,0.50506128,659.167,30355.43333,25.47213526,0.452418429,642.151,51097.10333,23.5398787,0.430572869,625.7763333,47220.99667,23.32200897,0.497056741,659.167,46783.95,118,79.5,NA,79.5,0.754163791972006,-0.582101561516978,-0.491452977503093,-0.474788544985405,-0.610242152804158,15.8,12.89783981,0.543297932,643.7406667,25873.06667,28.1838767,0.473800388,617.439,56536.85667,25.45478232,0.436115595,638.1653333,51062.29333,20.55910934,0.502370676,626.097,41241.57333,122.1666667,85.83333333,87.33333333,85.83333333,-0.498561901816276,-0.329238164855052,0.627186934809475,0.456199475181733,-0.458310668004767
"2850-57568","2850-57647","2850-57568_2850-57647",1,"CHR",96,"CHR-96",0,0,7.192032508,0,18,"CHR_96_1",1,NA,0,4,"no",15.37,15.13231971,0.50506128,659.167,30355.43333,25.47213526,0.452418429,642.151,51097.10333,23.5398787,0.430572869,625.7763333,47220.99667,23.32200897,0.497056741,659.167,46783.95,118,79.5,NA,79.5,0.754163791972006,-0.582101561516978,-0.491452977503093,-0.474788544985405,-0.610242152804158,15.8,12.89783981,0.543297932,643.7406667,25873.06667,28.1838767,0.473800388,617.439,56536.85667,25.45478232,0.436115595,638.1653333,51062.29333,20.55910934,0.502370676,626.097,41241.57333,122.1666667,85.83333333,87.33333333,85.83333333,-0.498561901816276,-0.329238164855052,0.627186934809475,0.456199475181733,-0.458310668004767
"2850-57568","2850-57653","2850-57568_2850-57653",2,"CHR",96,"CHR-96",0,11,9.217123692,4,-7,"CHR_96_2",1,NA,0,3,"no",15.37,15.13231971,0.50506128,659.167,30355.43333,25.47213526,0.452418429,642.151,51097.10333,23.5398787,0.430572869,625.7763333,47220.99667,23.32200897,0.497056741,659.167,46783.95,118,79.5,NA,79.5,0.754163791972006,-0.582101561516978,-0.491452977503093,-0.474788544985405,-0.610242152804158,16.37,8.467490861,0.535457505,660.1716667,16985.78667,27.15053506,0.465647634,659.167,54463.97333,21.8547225,0.470898637,665.8,43840.57333,15.40861914,0.497215455,659.167,30909.69,119.3333333,78,76.33333333,78,-1.64409595044325,-1.50761101163916,0.452107859504655,-0.175911398852204,-1.56891465511013
"2850-57568","2850-57653","2850-57568_2850-57653",1,"CHR",96,"CHR-96",0,0,6.869086004,0,13,"CHR_96_1",1,NA,0,4,"no",15.37,15.13231971,0.50506128,659.167,30355.43333,25.47213526,0.452418429,642.151,51097.10333,23.5398787,0.430572869,625.7763333,47220.99667,23.32200897,0.497056741,659.167,46783.95,118,79.5,NA,79.5,0.754163791972006,-0.582101561516978,-0.491452977503093,-0.474788544985405,-0.610242152804158,16.37,8.467490861,0.535457505,660.1716667,16985.78667,27.15053506,0.465647634,659.167,54463.97333,21.8547225,0.470898637,665.8,43840.57333,15.40861914,0.497215455,659.167,30909.69,119.3333333,78,76.33333333,78,-1.64409595044325,-1.50761101163916,0.452107859504655,-0.175911398852204,-1.56891465511013
"2850-57568","2850-57669","2850-57568_2850-57669",2,"CHR",96,"CHR-96",0,11,5.474645232,3,-4,"CHR_96_2",1,NA,0,3,"no",15.37,15.13231971,0.50506128,659.167,30355.43333,25.47213526,0.452418429,642.151,51097.10333,23.5398787,0.430572869,625.7763333,47220.99667,23.32200897,0.497056741,659.167,46783.95,118,79.5,NA,79.5,0.754163791972006,-0.582101561516978,-0.491452977503093,-0.474788544985405,-0.610242152804158,17.82,14.07982054,0.504204618,611.004,28244.12,27.72719176,0.47617904,611.004,55620.74667,17.24374875,0.494612283,611.004,34590.96,18.57412762,0.508699718,611.004,37259.7,123.8333333,89.66666667,90,89.66666667,0.0620185912784761,-0.0148579628241403,0.549810804877425,-0.985522014505819,-0.886333735122392
"2850-57568","2850-57669","2850-57568_2850-57669",1,"CHR",96,"CHR-96",0,0,5.474645232,0,13,"CHR_96_1",1,NA,0,4,"no",15.37,15.13231971,0.50506128,659.167,30355.43333,25.47213526,0.452418429,642.151,51097.10333,23.5398787,0.430572869,625.7763333,47220.99667,23.32200897,0.497056741,659.167,46783.95,118,79.5,NA,79.5,0.754163791972006,-0.582101561516978,-0.491452977503093,-0.474788544985405,-0.610242152804158,17.82,14.07982054,0.504204618,611.004,28244.12,27.72719176,0.47617904,611.004,55620.74667,17.24374875,0.494612283,611.004,34590.96,18.57412762,0.508699718,611.004,37259.7,123.8333333,89.66666667,90,89.66666667,0.0620185912784761,-0.0148579628241403,0.549810804877425,-0.985522014505819,-0.886333735122392
"2850-57568","2850-57671","2850-57568_2850-57671",2,"CHR",96,"CHR-96",0,7,22.64758752,0,-36,"CHR_96_2",1,NA,0,3,"no",15.37,15.13231971,0.50506128,659.167,30355.43333,25.47213526,0.452418429,642.151,51097.10333,23.5398787,0.430572869,625.7763333,47220.99667,23.32200897,0.497056741,659.167,46783.95,118,79.5,NA,79.5,0.754163791972006,-0.582101561516978,-0.491452977503093,-0.474788544985405,-0.610242152804158,17.53,16.28350449,0.48181303,667.733,32664.71,28.84180791,0.479499655,593.4133333,57856.66667,23.68146062,0.459973843,641.034,47505.01,25.7482569,0.475226128,607.0326667,51651.00333,117.8333333,75.83333333,83.16666667,75.83333333,-1.96094579430279,0.571272240341928,0.738660220509044,0.144833557453636,0.660629034048076
"2850-57568","2850-57671","2850-57568_2850-57671",1,"CHR",96,"CHR-96",0,0,22.64758752,0,17,"CHR_96_1",1,NA,0,4,"no",15.37,15.13231971,0.50506128,659.167,30355.43333,25.47213526,0.452418429,642.151,51097.10333,23.5398787,0.430572869,625.7763333,47220.99667,23.32200897,0.497056741,659.167,46783.95,118,79.5,NA,79.5,0.754163791972006,-0.582101561516978,-0.491452977503093,-0.474788544985405,-0.610242152804158,17.53,16.28350449,0.48181303,667.733,32664.71,28.84180791,0.479499655,593.4133333,57856.66667,23.68146062,0.459973843,641.034,47505.01,25.7482569,0.475226128,607.0326667,51651.00333,117.8333333,75.83333333,83.16666667,75.83333333,-1.96094579430279,0.571272240341928,0.738660220509044,0.144833557453636,0.660629034048076
"2850-57568","2850-57731","2850-57568_2850-57731",1,"CHR",96,"CHR-96",0,11,7.493744191,6,-5,"CHR_96_1",1,NA,0,4,"no",15.37,15.13231971,0.50506128,659.167,30355.43333,25.47213526,0.452418429,642.151,51097.10333,23.5398787,0.430572869,625.7763333,47220.99667,23.32200897,0.497056741,659.167,46783.95,118,79.5,NA,79.5,0.754163791972006,-0.582101561516978,-0.491452977503093,-0.474788544985405,-0.610242152804158,15.9,10.9634214,0.500436597,689.138,21992.62333,23.24545364,0.49159359,611.004,46630.38,18.5751562,0.456752009,611.004,37261.76333,24.60593387,0.474122334,611.004,49359.50333,119,91,92.33333333,91,0.257003109789217,-0.84374981052978,-0.209530090170569,-0.751748919336863,0.414309079555146
"2850-57568","2850-57731","2850-57568_2850-57731",2,"CHR",96,"CHR-96",0,11,3.764567061,1,-9,"CHR_96_2",1,NA,0,3,"no",15.37,15.13231971,0.50506128,659.167,30355.43333,25.47213526,0.452418429,642.151,51097.10333,23.5398787,0.430572869,625.7763333,47220.99667,23.32200897,0.497056741,659.167,46783.95,118,79.5,NA,79.5,0.754163791972006,-0.582101561516978,-0.491452977503093,-0.474788544985405,-0.610242152804158,15.9,10.9634214,0.500436597,689.138,21992.62333,23.24545364,0.49159359,611.004,46630.38,18.5751562,0.456752009,611.004,37261.76333,24.60593387,0.474122334,611.004,49359.50333,119,91,92.33333333,91,0.257003109789217,-0.84374981052978,-0.209530090170569,-0.751748919336863,0.414309079555146
"2850-57568","2850-57733","2850-57568_2850-57733",2,"CHR",96,"CHR-96",0,11,15.64034838,0,-15,"CHR_96_2",1,NA,0,3,"no",15.37,15.13231971,0.50506128,659.167,30355.43333,25.47213526,0.452418429,642.151,51097.10333,23.5398787,0.430572869,625.7763333,47220.99667,23.32200897,0.497056741,659.167,46783.95,118,79.5,NA,79.5,0.754163791972006,-0.582101561516978,-0.491452977503093,-0.474788544985405,-0.610242152804158,15.66,14.84394317,0.488091858,680.0823333,29776.95,20.45213858,0.480742509,611.004,41026.99,22.3788767,0.481773003,627.3723333,44892.02667,18.61630941,0.474711747,611.004,37344.31667,121.6666667,NA,102,102,1.86562539152438,0.188381413841325,-0.682801464137293,-0.0838786032720019,-0.877238044743787
"2850-57568","2850-57733","2850-57568_2850-57733",1,"CHR",96,"CHR-96",0,0,15.64034838,0,38,"CHR_96_1",1,NA,0,4,"no",15.37,15.13231971,0.50506128,659.167,30355.43333,25.47213526,0.452418429,642.151,51097.10333,23.5398787,0.430572869,625.7763333,47220.99667,23.32200897,0.497056741,659.167,46783.95,118,79.5,NA,79.5,0.754163791972006,-0.582101561516978,-0.491452977503093,-0.474788544985405,-0.610242152804158,15.66,14.84394317,0.488091858,680.0823333,29776.95,20.45213858,0.480742509,611.004,41026.99,22.3788767,0.481773003,627.3723333,44892.02667,18.61630941,0.474711747,611.004,37344.31667,121.6666667,NA,102,102,1.86562539152438,0.188381413841325,-0.682801464137293,-0.0838786032720019,-0.877238044743787
"2850-57568","2850-57742","2850-57568_2850-57742",1,"CHR",96,"CHR-96",0,8,9.718855261,8,3,"CHR_96_1",1,NA,0,4,"no",15.37,15.13231971,0.50506128,659.167,30355.43333,25.47213526,0.452418429,642.151,51097.10333,23.5398787,0.430572869,625.7763333,47220.99667,23.32200897,0.497056741,659.167,46783.95,118,79.5,NA,79.5,0.754163791972006,-0.582101561516978,-0.491452977503093,-0.474788544985405,-0.610242152804158,16.98,13.00562645,0.511030769,671.763,26089.28667,26.1463443,0.49002744,625.0783333,52449.56667,26.30566135,0.456120566,609.081,52769.15667,22.8044882,0.51172569,659.167,45745.80333,118,93,92,93,0.54947988828652,-0.300569350889335,0.281967817833205,0.605599739133584,0.0258620257862253
"2850-57568","2850-57742","2850-57568_2850-57742",2,"CHR",96,"CHR-96",0,11,11.50370703,7,-4,"CHR_96_2",1,NA,0,3,"no",15.37,15.13231971,0.50506128,659.167,30355.43333,25.47213526,0.452418429,642.151,51097.10333,23.5398787,0.430572869,625.7763333,47220.99667,23.32200897,0.497056741,659.167,46783.95,118,79.5,NA,79.5,0.754163791972006,-0.582101561516978,-0.491452977503093,-0.474788544985405,-0.610242152804158,16.98,13.00562645,0.511030769,671.763,26089.28667,26.1463443,0.49002744,625.0783333,52449.56667,26.30566135,0.456120566,609.081,52769.15667,22.8044882,0.51172569,659.167,45745.80333,118,93,92,93,0.54947988828652,-0.300569350889335,0.281967817833205,0.605599739133584,0.0258620257862253
"2850-57568","2850-57744","2850-57568_2850-57744",2,"CHR",96,"CHR-96",0,11,20.46219552,0,20,"CHR_96_2",1,NA,0,3,"no",15.37,15.13231971,0.50506128,659.167,30355.43333,25.47213526,0.452418429,642.151,51097.10333,23.5398787,0.430572869,625.7763333,47220.99667,23.32200897,0.497056741,659.167,46783.95,118,79.5,NA,79.5,0.754163791972006,-0.582101561516978,-0.491452977503093,-0.474788544985405,-0.610242152804158,14.77,24.63866733,0.441897015,611.004,49425.16667,20.45419575,0.491736389,610.6836667,41031.11667,20.25567464,0.470934773,627.6863333,40632.88333,16.45550847,0.489979153,643.7406667,33009.75,116,84.5,NA,84.5,-0.693546420327017,2.79355701620318,-0.682452917821725,-0.456677716898191,-1.34317313948584
"2850-57568","2850-57744","2850-57568_2850-57744",1,"CHR",96,"CHR-96",0,0,20.46219552,0,21,"CHR_96_1",1,NA,0,4,"no",15.37,15.13231971,0.50506128,659.167,30355.43333,25.47213526,0.452418429,642.151,51097.10333,23.5398787,0.430572869,625.7763333,47220.99667,23.32200897,0.497056741,659.167,46783.95,118,79.5,NA,79.5,0.754163791972006,-0.582101561516978,-0.491452977503093,-0.474788544985405,-0.610242152804158,14.77,24.63866733,0.441897015,611.004,49425.16667,20.45419575,0.491736389,610.6836667,41031.11667,20.25567464,0.470934773,627.6863333,40632.88333,16.45550847,0.489979153,643.7406667,33009.75,116,84.5,NA,84.5,-0.693546420327017,2.79355701620318,-0.682452917821725,-0.456677716898191,-1.34317313948584
"2850-57568","2850-57745","2850-57568_2850-57745",1,"CHR",96,"CHR-96",0,3,5.430762873,3,8,"CHR_96_1",1,NA,0,4,"no",15.37,15.13231971,0.50506128,659.167,30355.43333,25.47213526,0.452418429,642.151,51097.10333,23.5398787,0.430572869,625.7763333,47220.99667,23.32200897,0.497056741,659.167,46783.95,118,79.5,NA,79.5,0.754163791972006,-0.582101561516978,-0.491452977503093,-0.474788544985405,-0.610242152804158,16.33,11.89491525,0.520998035,667.1156667,23861.2,19.28173812,0.496153459,634.065,38679.16667,21.88407444,0.484884869,657.7393333,43899.45333,26.3850565,0.474305256,645.4026667,52928.42333,118,85,86,85,-0.620427225702691,-0.59599346618265,-0.881102415479132,-0.170757684365318,0.797942599802867
"2850-57568","2850-57745","2850-57568_2850-57745",2,"CHR",96,"CHR-96",0,11,4.924170673,0,-10,"CHR_96_2",1,NA,0,3,"no",15.37,15.13231971,0.50506128,659.167,30355.43333,25.47213526,0.452418429,642.151,51097.10333,23.5398787,0.430572869,625.7763333,47220.99667,23.32200897,0.497056741,659.167,46783.95,118,79.5,NA,79.5,0.754163791972006,-0.582101561516978,-0.491452977503093,-0.474788544985405,-0.610242152804158,16.33,11.89491525,0.520998035,667.1156667,23861.2,19.28173812,0.496153459,634.065,38679.16667,21.88407444,0.484884869,657.7393333,43899.45333,26.3850565,0.474305256,645.4026667,52928.42333,118,85,86,85,-0.620427225702691,-0.59599346618265,-0.881102415479132,-0.170757684365318,0.797942599802867
"2850-57568","2850-57806","2850-57568_2850-57806",1,"CHR",96,"CHR-96",1,11,0.08,11,0,"CHR_96_1",1,NA,0,4,"no",15.37,15.13231971,0.50506128,659.167,30355.43333,25.47213526,0.452418429,642.151,51097.10333,23.5398787,0.430572869,625.7763333,47220.99667,23.32200897,0.497056741,659.167,46783.95,118,79.5,NA,79.5,0.754163791972006,-0.582101561516978,-0.491452977503093,-0.474788544985405,-0.610242152804158,15.88,11.25502825,0.516086951,669.4676667,22577.58667,14.26422898,0.518970434,659.167,28614.04333,18.0460319,0.470292612,659.167,36200.34,17.57589232,0.493413321,659.167,35257.24,120.1666667,83.83333333,86,83.83333333,-0.791038680313578,-0.766188968724348,-1.73121899508845,-0.844654382153754,-1.1015839465002
"2850-57568","2850-57806","2850-57568_2850-57806",2,"CHR",96,"CHR-96",1,11,0.08,9,-1,"CHR_96_2",1,NA,0,3,"no",15.37,15.13231971,0.50506128,659.167,30355.43333,25.47213526,0.452418429,642.151,51097.10333,23.5398787,0.430572869,625.7763333,47220.99667,23.32200897,0.497056741,659.167,46783.95,118,79.5,NA,79.5,0.754163791972006,-0.582101561516978,-0.491452977503093,-0.474788544985405,-0.610242152804158,15.88,11.25502825,0.516086951,669.4676667,22577.58667,14.26422898,0.518970434,659.167,28614.04333,18.0460319,0.470292612,659.167,36200.34,17.57589232,0.493413321,659.167,35257.24,120.1666667,83.83333333,86,83.83333333,-0.791038680313578,-0.766188968724348,-1.73121899508845,-0.844654382153754,-1.1015839465002
"2850-57568","2850-57808","2850-57568_2850-57808",1,"CHR",96,"CHR-96",0,11,6.598714514,11,0,"CHR_96_1",1,"ep_same",4,4,"yes",15.37,15.13231971,0.50506128,659.167,30355.43333,25.47213526,0.452418429,642.151,51097.10333,23.5398787,0.430572869,625.7763333,47220.99667,23.32200897,0.497056741,659.167,46783.95,118,79.5,NA,79.5,0.754163791972006,-0.582101561516978,-0.491452977503093,-0.474788544985405,-0.610242152804158,17.44,11.46748421,0.514088925,678.7753333,23003.77333,15.37756564,0.515459018,659.167,30847.39667,20.6164008,0.49573159,641.3963333,41356.5,18.7548222,0.472216787,642.151,37622.17333,120.5,NA,100,100,1.57314861302708,-0.709680477568599,-1.54258636344907,-0.393340178166818,-0.847370430038086
"2850-57568","2850-57808","2850-57568_2850-57808",2,"CHR",96,"CHR-96",0,11,7.668810504,5,-5,"CHR_96_2",1,NA,0,3,"no",15.37,15.13231971,0.50506128,659.167,30355.43333,25.47213526,0.452418429,642.151,51097.10333,23.5398787,0.430572869,625.7763333,47220.99667,23.32200897,0.497056741,659.167,46783.95,118,79.5,NA,79.5,0.754163791972006,-0.582101561516978,-0.491452977503093,-0.474788544985405,-0.610242152804158,17.44,11.46748421,0.514088925,678.7753333,23003.77333,15.37756564,0.515459018,659.167,30847.39667,20.6164008,0.49573159,641.3963333,41356.5,18.7548222,0.472216787,642.151,37622.17333,120.5,NA,100,100,1.57314861302708,-0.709680477568599,-1.54258636344907,-0.393340178166818,-0.847370430038086
"2850-57568","2850-57881","2850-57568_2850-57881",1,"CHR",96,"CHR-96",0,6,6.968481868,6,5,"CHR_96_1",1,NA,0,4,"no",15.37,15.13231971,0.50506128,659.167,30355.43333,25.47213526,0.452418429,642.151,51097.10333,23.5398787,0.430572869,625.7763333,47220.99667,23.32200897,0.497056741,659.167,46783.95,118,79.5,NA,79.5,0.754163791972006,-0.582101561516978,-0.491452977503093,-0.474788544985405,-0.610242152804158,16.55,11.73463277,0.535560863,644.7453333,23539.67333,21.93833167,0.494146676,611.004,44008.29333,26.56095214,0.438684751,643.7343333,53281.27,31.59365071,0.464706779,610.6836667,63376.86333,119.6666667,84.83333333,85.83333333,84.83333333,-0.644800291064927,-0.638624988986254,-0.430995767115722,0.650424573294177,1.92107559728725
"2850-57568","2850-57881","2850-57568_2850-57881",2,"CHR",96,"CHR-96",0,11,7.10379761236364,2,9,"CHR_96_2",1,NA,0,3,"no",15.37,15.13231971,0.50506128,659.167,30355.43333,25.47213526,0.452418429,642.151,51097.10333,23.5398787,0.430572869,625.7763333,47220.99667,23.32200897,0.497056741,659.167,46783.95,118,79.5,NA,79.5,0.754163791972006,-0.582101561516978,-0.491452977503093,-0.474788544985405,-0.610242152804158,16.55,11.73463277,0.535560863,644.7453333,23539.67333,21.93833167,0.494146676,611.004,44008.29333,26.56095214,0.438684751,643.7343333,53281.27,31.59365071,0.464706779,610.6836667,63376.86333,119.6666667,84.83333333,85.83333333,84.83333333,-0.644800291064927,-0.638624988986254,-0.430995767115722,0.650424573294177,1.92107559728725
"2850-57571","2640-97588","2850-57571_2640-97588",1,"CHR",58,"CHR-58",0,10,17.416029,1,-10,"CHR_58_1",1,NA,0,4,"no",20.23,16.76718677,0.503477031,659.167,33634.97667,24.15598039,0.482387459,642.4716667,48456.89667,22.57087571,0.47703029,625.7763333,45277.17667,14.77255068,0.53662753,666.1736667,29633.73667,119.1666667,79.16666667,85.83333333,79.16666667,0.667240413967931,-0.112855426358012,-0.708197728404573,-0.645217357924706,-2.03519156330868,18.7,11.85018943,0.544837496,653.7273333,23771.48,14.45612662,0.507893605,610.6836667,28998.99,21.21705716,0.471668493,610.6836667,42561.41667,27.50362745,0.462396686,637.0386667,55172.27667,119,87,85,87,-0.327950447205388,-0.607889525035993,-1.69870577771304,-0.287874870450448,1.03914087582914
"2850-57571","2640-97589","2850-57571_2640-97589",1,"CHR",58,"CHR-58",0,10,5.795943745,3,-8,"CHR_58_1",1,NA,0,4,"no",20.23,16.76718677,0.503477031,659.167,33634.97667,24.15598039,0.482387459,642.4716667,48456.89667,22.57087571,0.47703029,625.7763333,45277.17667,14.77255068,0.53662753,666.1736667,29633.73667,119.1666667,79.16666667,85.83333333,79.16666667,0.667240413967931,-0.112855426358012,-0.708197728404573,-0.645217357924706,-2.03519156330868,16.1,11.8153556,0.523609389,681.183,23701.60333,16.91354271,0.528785659,657.7393333,33928.56667,18.6526321,0.480672665,627.3723333,37417.18,20.65218677,0.48363622,650.113,41428.28667,119,99.66666667,98,99.66666667,1.52440248376499,-0.617154537768401,-1.28234576663637,-0.738145434585443,-0.438240313367936
"2850-57571","2811-83208","2850-57571_2811-83208",1,"CHR",58,"CHR-58",0,3,11.06999379,3,7,"CHR_58_1",1,NA,0,4,"no",20.23,16.76718677,0.503477031,659.167,33634.97667,24.15598039,0.482387459,642.4716667,48456.89667,22.57087571,0.47703029,625.7763333,45277.17667,14.77255068,0.53662753,666.1736667,29633.73667,119.1666667,79.16666667,85.83333333,79.16666667,0.667240413967931,-0.112855426358012,-0.708197728404573,-0.645217357924706,-2.03519156330868,16.9,18.73416916,0.484585352,611.004,37580.74333,21.00459455,0.486882121,610.6836667,42135.21667,26.39878531,0.450512144,610.6836667,52955.96333,23.23742606,0.475660646,611.004,46614.27667,118,87,89.5,87,-0.327950447205388,1.22309374175052,-0.589198848477454,0.621950764031026,0.119216734719535
"2850-57571","2850-57567","2850-57571_2850-57567",1,"CHR",58,"CHR-58",0,5,14.10829303,5,5,"CHR_58_1",1,NA,0,4,"no",20.23,16.76718677,0.503477031,659.167,33634.97667,24.15598039,0.482387459,642.4716667,48456.89667,22.57087571,0.47703029,625.7763333,45277.17667,14.77255068,0.53662753,666.1736667,29633.73667,119.1666667,79.16666667,85.83333333,79.16666667,0.667240413967931,-0.112855426358012,-0.708197728404573,-0.645217357924706,-2.03519156330868,16.6,10.56012296,0.52180729,667.1156667,21183.60667,26.35612994,0.49271154,611.3883333,52870.39667,22.28285809,0.48721335,606.0566667,44699.41333,16.73888169,0.511359264,628.0706667,33578.19667,121.5,102.1666667,102.5,102.1666667,1.88999846127377,-0.951018094883241,0.317511799070068,-0.100737880763292,-1.28206916379613
"2850-57571","2850-57570","2850-57571_2850-57570",1,"CHR",58,"CHR-58",0,0,11.37124227,0,17,"CHR_58_1",1,NA,0,4,"no",20.23,16.76718677,0.503477031,659.167,33634.97667,24.15598039,0.482387459,642.4716667,48456.89667,22.57087571,0.47703029,625.7763333,45277.17667,14.77255068,0.53662753,666.1736667,29633.73667,119.1666667,79.16666667,85.83333333,79.16666667,0.667240413967931,-0.112855426358012,-0.708197728404573,-0.645217357924706,-2.03519156330868,16.51,16.84077767,0.501161039,611.004,33782.6,23.06811898,0.49586693,611.004,46274.64667,25.67366733,0.443766873,611.004,51501.37667,19.07592556,0.494641169,627.6863333,38266.30667,121.5,90,NA,90,0.110764720540566,0.719494330997171,-0.239575901827104,0.494632057389222,-0.778130676530947
"2850-57571","2850-57577","2850-57571_2850-57577",1,"CHR",58,"CHR-58",0,0,18.38380221,0,17,"CHR_58_1",1,NA,0,4,"no",20.23,16.76718677,0.503477031,659.167,33634.97667,24.15598039,0.482387459,642.4716667,48456.89667,22.57087571,0.47703029,625.7763333,45277.17667,14.77255068,0.53662753,666.1736667,29633.73667,119.1666667,79.16666667,85.83333333,79.16666667,0.667240413967931,-0.112855426358012,-0.708197728404573,-0.645217357924706,-2.03519156330868,18.2,20.92472416,0.512057073,676.164,41974.99667,28.83623131,0.475799583,625.399,57845.48,28.80829345,0.443602398,627.1216667,57789.43667,29.54534563,0.455136562,636.0576667,59267.96333,119,90.83333333,91.16666667,90.83333333,0.232630044426981,1.80573194047972,0.737715377164354,1.04502048301344,1.47939806751422
"2850-57571","2850-57578","2850-57571_2850-57578",1,"CHR",58,"CHR-58",0,0,7.747253326,0,13,"CHR_58_1",1,NA,0,4,"no",20.23,16.76718677,0.503477031,659.167,33634.97667,24.15598039,0.482387459,642.4716667,48456.89667,22.57087571,0.47703029,625.7763333,45277.17667,14.77255068,0.53662753,666.1736667,29633.73667,119.1666667,79.16666667,85.83333333,79.16666667,0.667240413967931,-0.112855426358012,-0.708197728404573,-0.645217357924706,-2.03519156330868,17.2,10.81633932,0.556799001,678.4426667,21697.57667,15.67680791,0.517385329,657.4626667,31447.67667,20.72179628,0.496782872,642.7923333,41567.92333,11.67128448,0.547842632,659.167,23412.59667,119,91.5,91.5,91.5,0.330122304413543,-0.882870324808829,-1.49188574528399,-0.374834477619313,-2.37479887454678
"2850-57571","2850-57579","2850-57571_2850-57579",1,"CHR",58,"CHR-58",1,10,0.08,10,0,"CHR_58_1",1,NA,0,4,"no",20.23,16.76718677,0.503477031,659.167,33634.97667,24.15598039,0.482387459,642.4716667,48456.89667,22.57087571,0.47703029,625.7763333,45277.17667,14.77255068,0.53662753,666.1736667,29633.73667,119.1666667,79.16666667,85.83333333,79.16666667,0.667240413967931,-0.112855426358012,-0.708197728404573,-0.645217357924706,-2.03519156330868,16.3,11.31949153,0.533256519,660.737,22706.9,24.77905949,0.48852106,617.005,49706.79333,18.07848455,0.49353373,627.3723333,36265.44,24.4043104,0.499147361,611.004,48955.04667,118.5,93.5,92,93.5,0.622599082910845,-0.749043190899379,0.0503087508346794,-0.838956234350139,0.37083286253875
"2850-57571","2850-57580","2850-57571_2850-57580",1,"CHR",58,"CHR-58",0,2,5.897584565,2,8,"CHR_58_1",1,NA,0,4,"no",20.23,16.76718677,0.503477031,659.167,33634.97667,24.15598039,0.482387459,642.4716667,48456.89667,22.57087571,0.47703029,625.7763333,45277.17667,14.77255068,0.53662753,666.1736667,29633.73667,119.1666667,79.16666667,85.83333333,79.16666667,0.667240413967931,-0.112855426358012,-0.708197728404573,-0.645217357924706,-2.03519156330868,16.2,9.142844799,0.560214832,667.427,18340.54667,27.48113161,0.465556814,625.399,55127.15,22.9424111,0.468469624,647.108,46022.47667,30.74621137,0.465611781,608.7603333,61676.9,117.5,87.83333333,NA,87.83333333,-0.206085123318973,-1.32798210392354,0.508120833367745,0.0150687031458652,1.73834162958958
"2850-57571","2850-57581","2850-57571_2850-57581",1,"CHR",58,"CHR-58",0,10,7.022679488,7,-2,"CHR_58_1",1,NA,0,4,"no",20.23,16.76718677,0.503477031,659.167,33634.97667,24.15598039,0.482387459,642.4716667,48456.89667,22.57087571,0.47703029,625.7763333,45277.17667,14.77255068,0.53662753,666.1736667,29633.73667,119.1666667,79.16666667,85.83333333,79.16666667,0.667240413967931,-0.112855426358012,-0.708197728404573,-0.645217357924706,-2.03519156330868,15.5,12.5018158,0.557442636,674.1035,25078.6425,18.94245264,0.521103483,641.0916667,37998.56,27.0381655,0.472765016,616.0483333,54238.56,19.62838485,0.524143762,664.102,39374.54,116,82.5,83,82.5,-0.986023198824319,-0.434571614980667,-0.938587554762546,0.734215334884986,-0.659003473806166
"2850-57571","2850-57582","2850-57571_2850-57582",1,"CHR",58,"CHR-58",0,4,8.185514377,4,6,"CHR_58_1",1,NA,0,4,"no",20.23,16.76718677,0.503477031,659.167,33634.97667,24.15598039,0.482387459,642.4716667,48456.89667,22.57087571,0.47703029,625.7763333,45277.17667,14.77255068,0.53662753,666.1736667,29633.73667,119.1666667,79.16666667,85.83333333,79.16666667,0.667240413967931,-0.112855426358012,-0.708197728404573,-0.645217357924706,-2.03519156330868,15.9,NA,NA,NA,NA,28.49882187,0.467628455,626.7313333,57168.63667,24.79582419,0.471185748,627.0583333,49740.42333,10.86734629,0.526212895,643.7406667,21799.89667,118,88.5,86,88.5,-0.108592863332411,NA,0.68054809534039,0.340497342347155,-2.54815265729939
"2850-57571","2850-57589","2850-57571_2850-57589",1,"CHR",58,"CHR-58",0,6,2.235708931,6,4,"CHR_58_1",1,NA,0,4,"no",20.23,16.76718677,0.503477031,659.167,33634.97667,24.15598039,0.482387459,642.4716667,48456.89667,22.57087571,0.47703029,625.7763333,45277.17667,14.77255068,0.53662753,666.1736667,29633.73667,119.1666667,79.16666667,85.83333333,79.16666667,0.667240413967931,-0.112855426358012,-0.708197728404573,-0.645217357924706,-2.03519156330868,17.5,12.65077601,0.531237153,675.7903333,25377.45667,16.92662014,0.501144529,627.3723333,33954.8,19.27879528,0.490091496,643.7406667,38673.26333,19.52571951,0.519492939,627.6863333,39168.59333,119.8333333,97,96.5,97,1.13443344528112,-0.394951560502818,-1.28013005765578,-0.628201551764721,-0.681141276522795
"2850-57571","2850-57620","2850-57571_2850-57620",1,"CHR",58,"CHR-58",0,3,10.33583306,3,7,"CHR_58_1",1,NA,0,4,"no",20.23,16.76718677,0.503477031,659.167,33634.97667,24.15598039,0.482387459,642.4716667,48456.89667,22.57087571,0.47703029,625.7763333,45277.17667,14.77255068,0.53662753,666.1736667,29633.73667,119.1666667,79.16666667,85.83333333,79.16666667,0.667240413967931,-0.112855426358012,-0.708197728404573,-0.645217357924706,-2.03519156330868,18.2,8.903889997,0.510576941,627.6863333,17861.20333,21.60838485,0.492100236,611.004,43346.42,22.72290794,0.464821292,611.004,45582.15333,21.84048023,0.466018925,627.6863333,43812.00333,121,87,84,87,-0.327950447205388,-1.39153868908802,-0.486898657224134,-0.0234724159627646,-0.182007721268793
"2850-57571","2850-57647","2850-57571_2850-57647",1,"CHR",58,"CHR-58",0,0,5.907321837,0,12,"CHR_58_1",1,NA,0,4,"no",20.23,16.76718677,0.503477031,659.167,33634.97667,24.15598039,0.482387459,642.4716667,48456.89667,22.57087571,0.47703029,625.7763333,45277.17667,14.77255068,0.53662753,666.1736667,29633.73667,119.1666667,79.16666667,85.83333333,79.16666667,0.667240413967931,-0.112855426358012,-0.708197728404573,-0.645217357924706,-2.03519156330868,15.8,12.89783981,0.543297932,643.7406667,25873.06667,28.1838767,0.473800388,617.439,56536.85667,25.45478232,0.436115595,638.1653333,51062.29333,20.55910934,0.502370676,626.097,41241.57333,122.1666667,85.83333333,87.33333333,85.83333333,-0.498561901816276,-0.329238164855052,0.627186934809475,0.456199475181733,-0.458310668004767
"2850-57571","2850-57653","2850-57571_2850-57653",1,"CHR",58,"CHR-58",0,3,18.44634242,3,7,"CHR_58_1",1,NA,0,4,"no",20.23,16.76718677,0.503477031,659.167,33634.97667,24.15598039,0.482387459,642.4716667,48456.89667,22.57087571,0.47703029,625.7763333,45277.17667,14.77255068,0.53662753,666.1736667,29633.73667,119.1666667,79.16666667,85.83333333,79.16666667,0.667240413967931,-0.112855426358012,-0.708197728404573,-0.645217357924706,-2.03519156330868,16.37,8.467490861,0.535457505,660.1716667,16985.78667,27.15053506,0.465647634,659.167,54463.97333,21.8547225,0.470898637,665.8,43840.57333,15.40861914,0.497215455,659.167,30909.69,119.3333333,78,76.33333333,78,-1.64409595044325,-1.50761101163916,0.452107859504655,-0.175911398852204,-1.56891465511013
"2850-57571","2850-57669","2850-57571_2850-57669",1,"CHR",58,"CHR-58",0,3,7.644889909,3,7,"CHR_58_1",1,NA,0,4,"no",20.23,16.76718677,0.503477031,659.167,33634.97667,24.15598039,0.482387459,642.4716667,48456.89667,22.57087571,0.47703029,625.7763333,45277.17667,14.77255068,0.53662753,666.1736667,29633.73667,119.1666667,79.16666667,85.83333333,79.16666667,0.667240413967931,-0.112855426358012,-0.708197728404573,-0.645217357924706,-2.03519156330868,17.82,14.07982054,0.504204618,611.004,28244.12,27.72719176,0.47617904,611.004,55620.74667,17.24374875,0.494612283,611.004,34590.96,18.57412762,0.508699718,611.004,37259.7,123.8333333,89.66666667,90,89.66666667,0.0620185912784761,-0.0148579628241403,0.549810804877425,-0.985522014505819,-0.886333735122392
"2850-57571","2850-57671","2850-57571_2850-57671",1,"CHR",58,"CHR-58",0,0,10.8143011,0,11,"CHR_58_1",1,NA,0,4,"no",20.23,16.76718677,0.503477031,659.167,33634.97667,24.15598039,0.482387459,642.4716667,48456.89667,22.57087571,0.47703029,625.7763333,45277.17667,14.77255068,0.53662753,666.1736667,29633.73667,119.1666667,79.16666667,85.83333333,79.16666667,0.667240413967931,-0.112855426358012,-0.708197728404573,-0.645217357924706,-2.03519156330868,17.53,16.28350449,0.48181303,667.733,32664.71,28.84180791,0.479499655,593.4133333,57856.66667,23.68146062,0.459973843,641.034,47505.01,25.7482569,0.475226128,607.0326667,51651.00333,117.8333333,75.83333333,83.16666667,75.83333333,-1.96094579430279,0.571272240341928,0.738660220509044,0.144833557453636,0.660629034048076
"2850-57571","2850-57731","2850-57571_2850-57731",1,"CHR",58,"CHR-58",0,10,4.854405069,0,-11,"CHR_58_1",1,NA,0,4,"no",20.23,16.76718677,0.503477031,659.167,33634.97667,24.15598039,0.482387459,642.4716667,48456.89667,22.57087571,0.47703029,625.7763333,45277.17667,14.77255068,0.53662753,666.1736667,29633.73667,119.1666667,79.16666667,85.83333333,79.16666667,0.667240413967931,-0.112855426358012,-0.708197728404573,-0.645217357924706,-2.03519156330868,15.9,10.9634214,0.500436597,689.138,21992.62333,23.24545364,0.49159359,611.004,46630.38,18.5751562,0.456752009,611.004,37261.76333,24.60593387,0.474122334,611.004,49359.50333,119,91,92.33333333,91,0.257003109789217,-0.84374981052978,-0.209530090170569,-0.751748919336863,0.414309079555146
"2850-57571","2850-57733","2850-57571_2850-57733",1,"CHR",58,"CHR-58",0,0,3.355260563,0,32,"CHR_58_1",1,NA,0,4,"no",20.23,16.76718677,0.503477031,659.167,33634.97667,24.15598039,0.482387459,642.4716667,48456.89667,22.57087571,0.47703029,625.7763333,45277.17667,14.77255068,0.53662753,666.1736667,29633.73667,119.1666667,79.16666667,85.83333333,79.16666667,0.667240413967931,-0.112855426358012,-0.708197728404573,-0.645217357924706,-2.03519156330868,15.66,14.84394317,0.488091858,680.0823333,29776.95,20.45213858,0.480742509,611.004,41026.99,22.3788767,0.481773003,627.3723333,44892.02667,18.61630941,0.474711747,611.004,37344.31667,121.6666667,NA,102,102,1.86562539152438,0.188381413841325,-0.682801464137293,-0.0838786032720019,-0.877238044743787
"2850-57571","2850-57742","2850-57571_2850-57742",1,"CHR",58,"CHR-58",0,10,6.315668815,7,-3,"CHR_58_1",1,NA,0,4,"no",20.23,16.76718677,0.503477031,659.167,33634.97667,24.15598039,0.482387459,642.4716667,48456.89667,22.57087571,0.47703029,625.7763333,45277.17667,14.77255068,0.53662753,666.1736667,29633.73667,119.1666667,79.16666667,85.83333333,79.16666667,0.667240413967931,-0.112855426358012,-0.708197728404573,-0.645217357924706,-2.03519156330868,16.98,13.00562645,0.511030769,671.763,26089.28667,26.1463443,0.49002744,625.0783333,52449.56667,26.30566135,0.456120566,609.081,52769.15667,22.8044882,0.51172569,659.167,45745.80333,118,93,92,93,0.54947988828652,-0.300569350889335,0.281967817833205,0.605599739133584,0.0258620257862253
"2850-57571","2850-57744","2850-57571_2850-57744",1,"CHR",58,"CHR-58",0,0,8.327252868,0,15,"CHR_58_1",1,NA,0,4,"no",20.23,16.76718677,0.503477031,659.167,33634.97667,24.15598039,0.482387459,642.4716667,48456.89667,22.57087571,0.47703029,625.7763333,45277.17667,14.77255068,0.53662753,666.1736667,29633.73667,119.1666667,79.16666667,85.83333333,79.16666667,0.667240413967931,-0.112855426358012,-0.708197728404573,-0.645217357924706,-2.03519156330868,14.77,24.63866733,0.441897015,611.004,49425.16667,20.45419575,0.491736389,610.6836667,41031.11667,20.25567464,0.470934773,627.6863333,40632.88333,16.45550847,0.489979153,643.7406667,33009.75,116,84.5,NA,84.5,-0.693546420327017,2.79355701620318,-0.682452917821725,-0.456677716898191,-1.34317313948584
"2850-57571","2850-57745","2850-57571_2850-57745",1,"CHR",58,"CHR-58",0,8,17.71650288,8,2,"CHR_58_1",1,NA,0,4,"no",20.23,16.76718677,0.503477031,659.167,33634.97667,24.15598039,0.482387459,642.4716667,48456.89667,22.57087571,0.47703029,625.7763333,45277.17667,14.77255068,0.53662753,666.1736667,29633.73667,119.1666667,79.16666667,85.83333333,79.16666667,0.667240413967931,-0.112855426358012,-0.708197728404573,-0.645217357924706,-2.03519156330868,16.33,11.89491525,0.520998035,667.1156667,23861.2,19.28173812,0.496153459,634.065,38679.16667,21.88407444,0.484884869,657.7393333,43899.45333,26.3850565,0.474305256,645.4026667,52928.42333,118,85,86,85,-0.620427225702691,-0.59599346618265,-0.881102415479132,-0.170757684365318,0.797942599802867
"2850-57571","2850-57806","2850-57571_2850-57806",1,"CHR",58,"CHR-58",0,10,12.2884515,5,-6,"CHR_58_1",1,NA,0,4,"no",20.23,16.76718677,0.503477031,659.167,33634.97667,24.15598039,0.482387459,642.4716667,48456.89667,22.57087571,0.47703029,625.7763333,45277.17667,14.77255068,0.53662753,666.1736667,29633.73667,119.1666667,79.16666667,85.83333333,79.16666667,0.667240413967931,-0.112855426358012,-0.708197728404573,-0.645217357924706,-2.03519156330868,15.88,11.25502825,0.516086951,669.4676667,22577.58667,14.26422898,0.518970434,659.167,28614.04333,18.0460319,0.470292612,659.167,36200.34,17.57589232,0.493413321,659.167,35257.24,120.1666667,83.83333333,86,83.83333333,-0.791038680313578,-0.766188968724348,-1.73121899508845,-0.844654382153754,-1.1015839465002
"2850-57571","2850-57808","2850-57571_2850-57808",1,"CHR",58,"CHR-58",0,10,5.951304253,5,-6,"CHR_58_1",1,"ep_same",3,4,"yes",20.23,16.76718677,0.503477031,659.167,33634.97667,24.15598039,0.482387459,642.4716667,48456.89667,22.57087571,0.47703029,625.7763333,45277.17667,14.77255068,0.53662753,666.1736667,29633.73667,119.1666667,79.16666667,85.83333333,79.16666667,0.667240413967931,-0.112855426358012,-0.708197728404573,-0.645217357924706,-2.03519156330868,17.44,11.46748421,0.514088925,678.7753333,23003.77333,15.37756564,0.515459018,659.167,30847.39667,20.6164008,0.49573159,641.3963333,41356.5,18.7548222,0.472216787,642.151,37622.17333,120.5,NA,100,100,1.57314861302708,-0.709680477568599,-1.54258636344907,-0.393340178166818,-0.847370430038086
"2850-57571","2850-57881","2850-57571_2850-57881",1,"CHR",58,"CHR-58",0,10,7.88623328,10,-1,"CHR_58_1",1,NA,0,4,"no",20.23,16.76718677,0.503477031,659.167,33634.97667,24.15598039,0.482387459,642.4716667,48456.89667,22.57087571,0.47703029,625.7763333,45277.17667,14.77255068,0.53662753,666.1736667,29633.73667,119.1666667,79.16666667,85.83333333,79.16666667,0.667240413967931,-0.112855426358012,-0.708197728404573,-0.645217357924706,-2.03519156330868,16.55,11.73463277,0.535560863,644.7453333,23539.67333,21.93833167,0.494146676,611.004,44008.29333,26.56095214,0.438684751,643.7343333,53281.27,31.59365071,0.464706779,610.6836667,63376.86333,119.6666667,84.83333333,85.83333333,84.83333333,-0.644800291064927,-0.638624988986254,-0.430995767115722,0.650424573294177,1.92107559728725
"2850-57575","2850-57557","2850-57575_2850-57557",1,"Cooks",4,"Cooks-4",0,10,5.740060563,0,-18,"Cooks_4_1",1,NA,0,4,"no",19.8,17.39330841,0.525583019,627.6863333,34890.97667,38.62646062,0.440771487,634.7333333,77484.68,29.39766035,0.430465732,587.3956667,58971.70667,30.38286142,0.442822349,660.737,60948.02,118.1666667,73.33333333,76.5,73.33333333,-0.853918718053429,0.0668565312059226,1.67480498986682,0.555481519575614,0.566599372705749,18.25,14.35665503,0.503765598,644.0546667,28799.45,21.70364905,0.515457829,644.0546667,43537.52,15.87132436,0.509334773,611.004,31837.87667,19.32620306,0.47860699,611.004,38768.36333,117,84,83.66666667,84,-0.766665614951342,0.0587737645690167,-0.470758043703853,-1.22649700494595,-0.724163155268066
"2850-57575","2850-57573","2850-57575_2850-57573",1,"Cooks",4,"Cooks-4",0,10,4.620338857,6,-4,"Cooks_4_1",1,NA,0,4,"no",19.8,17.39330841,0.525583019,627.6863333,34890.97667,38.62646062,0.440771487,634.7333333,77484.68,29.39766035,0.430465732,587.3956667,58971.70667,30.38286142,0.442822349,660.737,60948.02,118.1666667,73.33333333,76.5,73.33333333,-0.853918718053429,0.0668565312059226,1.67480498986682,0.555481519575614,0.566599372705749,18.3,12.92033898,0.516923185,659.167,25918.2,24.59975573,0.484233366,625.7763333,49347.11,31.1244234,0.424712746,659.167,62435.59333,21.93607178,0.497268887,659.167,44003.76,117.1666667,87.5,87,87.5,-0.254831252581063,-0.323253893343174,0.019929314562782,1.45169453852141,-0.161395245088646
"2850-57575","2850-57574","2850-57575_2850-57574",1,"Cooks",4,"Cooks-4",1,10,0.08,10,0,"Cooks_4_1",1,"wp",2,4,"yes",19.8,17.39330841,0.525583019,627.6863333,34890.97667,38.62646062,0.440771487,634.7333333,77484.68,29.39766035,0.430465732,587.3956667,58971.70667,30.38286142,0.442822349,660.737,60948.02,118.1666667,73.33333333,76.5,73.33333333,-0.853918718053429,0.0668565312059226,1.67480498986682,0.555481519575614,0.566599372705749,18.7,11.90285975,0.492942754,627.3723333,23877.13667,21.77220837,0.49172923,611.004,43675.05,18.26303423,0.465028061,637.359,36635.64667,20.35447823,0.465982626,611.004,40831.08333,121,88,90,88,-0.181712057956737,-0.59388040845536,-0.459142038034007,-0.806552367370094,-0.502435424644784
"2850-57575","2850-57633","2850-57575_2850-57633",1,"Cooks",4,"Cooks-4",0,10,4.61834683,1,-10,"Cooks_4_1",1,NA,0,4,"no",19.8,17.39330841,0.525583019,627.6863333,34890.97667,38.62646062,0.440771487,634.7333333,77484.68,29.39766035,0.430465732,587.3956667,58971.70667,30.38286142,0.442822349,660.737,60948.02,118.1666667,73.33333333,76.5,73.33333333,-0.853918718053429,0.0668565312059226,1.67480498986682,0.555481519575614,0.566599372705749,17.94,11.19749917,0.509885343,666.1736667,22462.18333,17.60286474,0.553353548,659.167,35311.34667,16.38984214,0.524913975,659.167,32878.02333,19.65409771,0.49918894,658.7896667,39426.12,121.1666667,89,88.66666667,89,-0.0354736687080858,-0.781490405823964,-1.16555393426655,-1.1354538713577,-0.653458990907066
"2850-57575","2850-57638","2850-57575_2850-57638",1,"Cooks",4,"Cooks-4",0,10,2.651336676,0,-20,"Cooks_4_1",1,NA,0,4,"no",19.8,17.39330841,0.525583019,627.6863333,34890.97667,38.62646062,0.440771487,634.7333333,77484.68,29.39766035,0.430465732,587.3956667,58971.70667,30.38286142,0.442822349,660.737,60948.02,118.1666667,73.33333333,76.5,73.33333333,-0.853918718053429,0.0668565312059226,1.67480498986682,0.555481519575614,0.566599372705749,16.53,10.19052011,0.487622013,670.0956667,20442.18333,18.05735626,0.481711047,627.6863333,36223.05667,18.27628946,0.486914464,611.004,36662.23667,23.08476072,0.442975542,644.3686667,46308.03,122,99,105,99,1.42691022377843,-1.04932411265918,-1.08854943548773,-0.804224968537921,0.0862973952561187
"2850-57575","2850-57673","2850-57575_2850-57673",1,"Cooks",4,"Cooks-4",0,10,4.106341138,9,-1,"Cooks_4_1",1,NA,0,4,"no",19.8,17.39330841,0.525583019,627.6863333,34890.97667,38.62646062,0.440771487,634.7333333,77484.68,29.39766035,0.430465732,587.3956667,58971.70667,30.38286142,0.442822349,660.737,60948.02,118.1666667,73.33333333,76.5,73.33333333,-0.853918718053429,0.0668565312059226,1.67480498986682,0.555481519575614,0.566599372705749,16.42,10.84304919,0.510941546,631.6946667,21751.15667,23.8083001,0.490864516,611.004,47759.45,25.12981888,0.475219286,611.004,50410.41667,29.45398804,0.462833294,611.004,59084.7,121.1666667,86,86.33333333,86,-0.47418883645404,-0.875766102114083,-0.114167013777566,0.399141277718927,1.45969856324056
"2850-57576","2350-21085","2850-57576_2350-21085",1,"Make Believe",14,"Make Believe-14",0,11,8.76593454,0,-12,"Make Believe_14_1",1,"ep_same",1,4,"yes",17.9,14.04054005,0.552302631,679.439,28165.32333,31.59471751,0.465997478,600.3753333,63379.00333,29.94176304,0.439812252,647.8016667,60063.17667,27.9942888,0.496187481,635.4193333,56156.54333,118,79.16666667,79.33333333,79.16666667,0.667240413967931,-0.895468561461409,0.516815574244216,0.651178619100334,0.168492845793124,18.2,9.637572283,0.565814715,678.4426667,19332.97,28.84809571,0.4595684,575.396,57869.28,35.25318711,0.41933404,600.3766667,70717.89333,28.30530741,0.481670083,649.4673333,56780.44667,119,84.5,NA,84.5,-0.693546420327017,-1.19639575702077,0.739725562470587,2.17663705833979,1.21200771478721
"2850-57576","2350-21085","2850-57576_2350-21085",2,"Make Believe",69,"Make Believe-69",0,10,4.92434111,2,-9,"Make Believe_69_2",1,NA,0,2,"no",17.9,14.04054005,0.552302631,679.439,28165.32333,31.59471751,0.465997478,600.3753333,63379.00333,29.94176304,0.439812252,647.8016667,60063.17667,27.9942888,0.496187481,635.4193333,56156.54333,118,79.16666667,79.33333333,79.16666667,0.667240413967931,-0.895468561461409,0.516815574244216,0.651178619100334,0.168492845793124,18.2,9.637572283,0.565814715,678.4426667,19332.97,28.84809571,0.4595684,575.396,57869.28,35.25318711,0.41933404,600.3766667,70717.89333,28.30530741,0.481670083,649.4673333,56780.44667,119,84.5,NA,84.5,-0.693546420327017,-1.19639575702077,0.739725562470587,2.17663705833979,1.21200771478721
"2850-57576","2850-57518","2850-57576_2850-57518",1,"Make Believe",14,"Make Believe-14",1,11,0.08,11,0,"Make Believe_14_1",1,"wp",3,4,"yes",17.9,14.04054005,0.552302631,679.439,28165.32333,31.59471751,0.465997478,600.3753333,63379.00333,29.94176304,0.439812252,647.8016667,60063.17667,27.9942888,0.496187481,635.4193333,56156.54333,118,79.16666667,79.33333333,79.16666667,0.667240413967931,-0.895468561461409,0.516815574244216,0.651178619100334,0.168492845793124,18.14,14.90719508,0.519809235,611.004,29903.83333,19.59704719,0.532886535,665.0906667,39311.67667,20.80960452,0.478712673,627.0583333,41744.06667,18.70017448,0.514676857,678.7786667,37512.55,122.8333333,101.1666667,NA,101.1666667,1.74376007202512,0.205204994581631,-0.82767959937078,-0.35941680510581,-0.859154158064248
"2850-57576","2850-57518","2850-57576_2850-57518",2,"Make Believe",69,"Make Believe-69",1,10,0.08,10,0,"Make Believe_69_2",1,"wp",2,2,"yes",17.9,14.04054005,0.552302631,679.439,28165.32333,31.59471751,0.465997478,600.3753333,63379.00333,29.94176304,0.439812252,647.8016667,60063.17667,27.9942888,0.496187481,635.4193333,56156.54333,118,79.16666667,79.33333333,79.16666667,0.667240413967931,-0.895468561461409,0.516815574244216,0.651178619100334,0.168492845793124,18.14,14.90719508,0.519809235,611.004,29903.83333,19.59704719,0.532886535,665.0906667,39311.67667,20.80960452,0.478712673,627.0583333,41744.06667,18.70017448,0.514676857,678.7786667,37512.55,122.8333333,101.1666667,NA,101.1666667,1.74376007202512,0.205204994581631,-0.82767959937078,-0.35941680510581,-0.859154158064248
"2850-57576","2850-57668","2850-57576_2850-57668",1,"Make Believe",14,"Make Believe-14",0,8,10.14581095,8,3,"Make Believe_14_1",1,NA,0,4,"no",17.9,14.04054005,0.552302631,679.439,28165.32333,31.59471751,0.465997478,600.3753333,63379.00333,29.94176304,0.439812252,647.8016667,60063.17667,27.9942888,0.496187481,635.4193333,56156.54333,118,79.16666667,79.33333333,79.16666667,0.667240413967931,-0.895468561461409,0.516815574244216,0.651178619100334,0.168492845793124,15.92,11.681557,0.516184021,664.1173333,23433.20333,26.74239614,0.471296726,631.6946667,53645.24667,23.99616318,0.472439003,611.004,48136.30333,20.15335992,0.478588104,611.004,40427.64,115.3333333,79.33333333,81.16666667,79.33333333,-1.44911143193251,-0.65274194611765,0.382956881799442,0.200090114346715,-0.54580271363912
"2850-57576","2850-57668","2850-57576_2850-57668",2,"Make Believe",69,"Make Believe-69",0,10,9.4059998772,6,4,"Make Believe_69_2",1,NA,0,2,"no",17.9,14.04054005,0.552302631,679.439,28165.32333,31.59471751,0.465997478,600.3753333,63379.00333,29.94176304,0.439812252,647.8016667,60063.17667,27.9942888,0.496187481,635.4193333,56156.54333,118,79.16666667,79.33333333,79.16666667,0.667240413967931,-0.895468561461409,0.516815574244216,0.651178619100334,0.168492845793124,15.92,11.681557,0.516184021,664.1173333,23433.20333,26.74239614,0.471296726,631.6946667,53645.24667,23.99616318,0.472439003,611.004,48136.30333,20.15335992,0.478588104,611.004,40427.64,115.3333333,79.33333333,81.16666667,79.33333333,-1.44911143193251,-0.65274194611765,0.382956881799442,0.200090114346715,-0.54580271363912
"2850-57576","2850-57873","2850-57576_2850-57873",1,"Make Believe",14,"Make Believe-14",0,9,8.124297081,9,2,"Make Believe_14_1",1,NA,0,4,"no",17.9,14.04054005,0.552302631,679.439,28165.32333,31.59471751,0.465997478,600.3753333,63379.00333,29.94176304,0.439812252,647.8016667,60063.17667,27.9942888,0.496187481,635.4193333,56156.54333,118,79.16666667,79.33333333,79.16666667,0.667240413967931,-0.895468561461409,0.516815574244216,0.651178619100334,0.168492845793124,17.78,14.19395646,0.523433174,611.004,28473.07667,25.92409605,0.488596319,611.004,52003.73667,17.52426554,0.486432213,611.004,35153.67667,23.12273347,0.46271403,611.004,46384.20333,121.6666667,91.5,93.83333333,91.5,0.330122304413543,0.0154996163460246,0.244312296569091,-0.936267912581453,0.0944854872461505
"2850-57576","2850-57873","2850-57576_2850-57873",2,"Make Believe",69,"Make Believe-69",0,10,5.065881925,5,5,"Make Believe_69_2",1,NA,0,2,"no",17.9,14.04054005,0.552302631,679.439,28165.32333,31.59471751,0.465997478,600.3753333,63379.00333,29.94176304,0.439812252,647.8016667,60063.17667,27.9942888,0.496187481,635.4193333,56156.54333,118,79.16666667,79.33333333,79.16666667,0.667240413967931,-0.895468561461409,0.516815574244216,0.651178619100334,0.168492845793124,17.78,14.19395646,0.523433174,611.004,28473.07667,25.92409605,0.488596319,611.004,52003.73667,17.52426554,0.486432213,611.004,35153.67667,23.12273347,0.46271403,611.004,46384.20333,121.6666667,91.5,93.83333333,91.5,0.330122304413543,0.0154996163460246,0.244312296569091,-0.936267912581453,0.0944854872461505
"2850-57576","2850-57875","2850-57576_2850-57875",1,"Make Believe",14,"Make Believe-14",0,8,15.20151143,8,3,"Make Believe_14_1",1,NA,0,4,"no",17.9,14.04054005,0.552302631,679.439,28165.32333,31.59471751,0.465997478,600.3753333,63379.00333,29.94176304,0.439812252,647.8016667,60063.17667,27.9942888,0.496187481,635.4193333,56156.54333,118,79.16666667,79.33333333,79.16666667,0.667240413967931,-0.895468561461409,0.516815574244216,0.651178619100334,0.168492845793124,18.35,10.47729977,0.47401193,669.7853333,21017.46333,18.82554005,0.501831056,611.004,37764.03333,18.80828847,0.487568807,611.004,37729.42667,20.39057162,0.464260504,627.3723333,40903.48667,120,85.16666667,78.16666667,85.16666667,-0.596054160340455,-0.97304719446513,-0.958396055026497,-0.710814754260901,-0.494652580432762
"2850-57576","2850-57875","2850-57576_2850-57875",2,"Make Believe",69,"Make Believe-69",0,10,15.42561942,8,2,"Make Believe_69_2",1,NA,0,2,"no",17.9,14.04054005,0.552302631,679.439,28165.32333,31.59471751,0.465997478,600.3753333,63379.00333,29.94176304,0.439812252,647.8016667,60063.17667,27.9942888,0.496187481,635.4193333,56156.54333,118,79.16666667,79.33333333,79.16666667,0.667240413967931,-0.895468561461409,0.516815574244216,0.651178619100334,0.168492845793124,18.35,10.47729977,0.47401193,669.7853333,21017.46333,18.82554005,0.501831056,611.004,37764.03333,18.80828847,0.487568807,611.004,37729.42667,20.39057162,0.464260504,627.3723333,40903.48667,120,85.16666667,78.16666667,85.16666667,-0.596054160340455,-0.97304719446513,-0.958396055026497,-0.710814754260901,-0.494652580432762
"2850-57576","2850-57877","2850-57576_2850-57877",2,"Make Believe",69,"Make Believe-69",0,10,14.3682585,0,-30,"Make Believe_69_2",1,NA,0,2,"no",17.9,14.04054005,0.552302631,679.439,28165.32333,31.59471751,0.465997478,600.3753333,63379.00333,29.94176304,0.439812252,647.8016667,60063.17667,27.9942888,0.496187481,635.4193333,56156.54333,118,79.16666667,79.33333333,79.16666667,0.667240413967931,-0.895468561461409,0.516815574244216,0.651178619100334,0.168492845793124,17.41,16.51858757,0.525460668,643.7406667,33136.28667,21.75545862,0.485404041,611.004,43641.45,23.0853988,0.486452342,627.3723333,46309.31,26.05510967,0.469183949,611.004,52266.55,120.3333333,80.83333333,NA,80.83333333,-1.22975384805953,0.633799034822283,-0.461979948196601,0.040174974858623,0.726795922360246
"2850-57576","2850-57877","2850-57576_2850-57877",1,"Make Believe",14,"Make Believe-14",0,0,15.3033427,0,17,"Make Believe_14_1",1,NA,0,4,"no",17.9,14.04054005,0.552302631,679.439,28165.32333,31.59471751,0.465997478,600.3753333,63379.00333,29.94176304,0.439812252,647.8016667,60063.17667,27.9942888,0.496187481,635.4193333,56156.54333,118,79.16666667,79.33333333,79.16666667,0.667240413967931,-0.895468561461409,0.516815574244216,0.651178619100334,0.168492845793124,17.41,16.51858757,0.525460668,643.7406667,33136.28667,21.75545862,0.485404041,611.004,43641.45,23.0853988,0.486452342,627.3723333,46309.31,26.05510967,0.469183949,611.004,52266.55,120.3333333,80.83333333,NA,80.83333333,-1.22975384805953,0.633799034822283,-0.461979948196601,0.040174974858623,0.726795922360246
"2850-57583","2640-97588","2850-57583_2640-97588",1,"CHR",97,"CHR-97",0,11,17.19439348,0,-14,"CHR_97_1",1,NA,0,4,"no",17.7,15.31283815,0.525054732,667.7976667,30717.55333,21.03828348,0.492798435,600.0436667,42202.79667,20.55429379,0.481698876,611.004,41231.91333,27.90630608,0.467220258,622.747,55980.05,114.3333333,79.16666667,79,79.16666667,0.667240413967931,-0.530288431038391,-1.2216209246765,-0.99989496611295,0.153828650618884,18.7,11.85018943,0.544837496,653.7273333,23771.48,14.45612662,0.507893605,610.6836667,28998.99,21.21705716,0.471668493,610.6836667,42561.41667,27.50362745,0.462396686,637.0386667,55172.27667,119,87,85,87,-0.327950447205388,-0.607889525035993,-1.69870577771304,-0.287874870450448,1.03914087582914
"2850-57583","2640-97588","2850-57583_2640-97588",2,"CHR",19,"CHR-19",0,10,19.15528529,0,-19,"CHR_19_2",1,NA,0,4,"no",17.7,15.31283815,0.525054732,667.7976667,30717.55333,21.03828348,0.492798435,600.0436667,42202.79667,20.55429379,0.481698876,611.004,41231.91333,27.90630608,0.467220258,622.747,55980.05,114.3333333,79.16666667,79,79.16666667,0.667240413967931,-0.530288431038391,-1.2216209246765,-0.99989496611295,0.153828650618884,18.7,11.85018943,0.544837496,653.7273333,23771.48,14.45612662,0.507893605,610.6836667,28998.99,21.21705716,0.471668493,610.6836667,42561.41667,27.50362745,0.462396686,637.0386667,55172.27667,119,87,85,87,-0.327950447205388,-0.607889525035993,-1.69870577771304,-0.287874870450448,1.03914087582914
"2850-57583","2640-97589","2850-57583_2640-97589",1,"CHR",97,"CHR-97",0,11,5.705506599,0,-12,"CHR_97_1",1,NA,0,4,"no",17.7,15.31283815,0.525054732,667.7976667,30717.55333,21.03828348,0.492798435,600.0436667,42202.79667,20.55429379,0.481698876,611.004,41231.91333,27.90630608,0.467220258,622.747,55980.05,114.3333333,79.16666667,79,79.16666667,0.667240413967931,-0.530288431038391,-1.2216209246765,-0.99989496611295,0.153828650618884,16.1,11.8153556,0.523609389,681.183,23701.60333,16.91354271,0.528785659,657.7393333,33928.56667,18.6526321,0.480672665,627.3723333,37417.18,20.65218677,0.48363622,650.113,41428.28667,119,99.66666667,98,99.66666667,1.52440248376499,-0.617154537768401,-1.28234576663637,-0.738145434585443,-0.438240313367936
"2850-57583","2640-97589","2850-57583_2640-97589",2,"CHR",19,"CHR-19",0,10,7.512870616,0,-16,"CHR_19_2",1,NA,0,4,"no",17.7,15.31283815,0.525054732,667.7976667,30717.55333,21.03828348,0.492798435,600.0436667,42202.79667,20.55429379,0.481698876,611.004,41231.91333,27.90630608,0.467220258,622.747,55980.05,114.3333333,79.16666667,79,79.16666667,0.667240413967931,-0.530288431038391,-1.2216209246765,-0.99989496611295,0.153828650618884,16.1,11.8153556,0.523609389,681.183,23701.60333,16.91354271,0.528785659,657.7393333,33928.56667,18.6526321,0.480672665,627.3723333,37417.18,20.65218677,0.48363622,650.113,41428.28667,119,99.66666667,98,99.66666667,1.52440248376499,-0.617154537768401,-1.28234576663637,-0.738145434585443,-0.438240313367936
"2850-57583","2811-83208","2850-57583_2811-83208",1,"CHR",97,"CHR-97",0,8,10.9861078,8,3,"CHR_97_1",1,NA,0,4,"no",17.7,15.31283815,0.525054732,667.7976667,30717.55333,21.03828348,0.492798435,600.0436667,42202.79667,20.55429379,0.481698876,611.004,41231.91333,27.90630608,0.467220258,622.747,55980.05,114.3333333,79.16666667,79,79.16666667,0.667240413967931,-0.530288431038391,-1.2216209246765,-0.99989496611295,0.153828650618884,16.9,18.73416916,0.484585352,611.004,37580.74333,21.00459455,0.486882121,610.6836667,42135.21667,26.39878531,0.450512144,610.6836667,52955.96333,23.23742606,0.475660646,611.004,46614.27667,118,87,89.5,87,-0.327950447205388,1.22309374175052,-0.589198848477454,0.621950764031026,0.119216734719535
"2850-57583","2811-83208","2850-57583_2811-83208",2,"CHR",19,"CHR-19",0,10,9.219050593,9,-1,"CHR_19_2",1,NA,0,4,"no",17.7,15.31283815,0.525054732,667.7976667,30717.55333,21.03828348,0.492798435,600.0436667,42202.79667,20.55429379,0.481698876,611.004,41231.91333,27.90630608,0.467220258,622.747,55980.05,114.3333333,79.16666667,79,79.16666667,0.667240413967931,-0.530288431038391,-1.2216209246765,-0.99989496611295,0.153828650618884,16.9,18.73416916,0.484585352,611.004,37580.74333,21.00459455,0.486882121,610.6836667,42135.21667,26.39878531,0.450512144,610.6836667,52955.96333,23.23742606,0.475660646,611.004,46614.27667,118,87,89.5,87,-0.327950447205388,1.22309374175052,-0.589198848477454,0.621950764031026,0.119216734719535
"2850-57583","2850-57567","2850-57583_2850-57567",1,"CHR",97,"CHR-97",0,10,13.7343222,10,1,"CHR_97_1",1,NA,0,4,"no",17.7,15.31283815,0.525054732,667.7976667,30717.55333,21.03828348,0.492798435,600.0436667,42202.79667,20.55429379,0.481698876,611.004,41231.91333,27.90630608,0.467220258,622.747,55980.05,114.3333333,79.16666667,79,79.16666667,0.667240413967931,-0.530288431038391,-1.2216209246765,-0.99989496611295,0.153828650618884,16.6,10.56012296,0.52180729,667.1156667,21183.60667,26.35612994,0.49271154,611.3883333,52870.39667,22.28285809,0.48721335,606.0566667,44699.41333,16.73888169,0.511359264,628.0706667,33578.19667,121.5,102.1666667,102.5,102.1666667,1.88999846127377,-0.951018094883241,0.317511799070068,-0.100737880763292,-1.28206916379613
"2850-57583","2850-57567","2850-57583_2850-57567",2,"CHR",19,"CHR-19",0,0,15.79405727,0,-52,"CHR_19_2",1,NA,0,4,"no",17.7,15.31283815,0.525054732,667.7976667,30717.55333,21.03828348,0.492798435,600.0436667,42202.79667,20.55429379,0.481698876,611.004,41231.91333,27.90630608,0.467220258,622.747,55980.05,114.3333333,79.16666667,79,79.16666667,0.667240413967931,-0.530288431038391,-1.2216209246765,-0.99989496611295,0.153828650618884,16.6,10.56012296,0.52180729,667.1156667,21183.60667,26.35612994,0.49271154,611.3883333,52870.39667,22.28285809,0.48721335,606.0566667,44699.41333,16.73888169,0.511359264,628.0706667,33578.19667,121.5,102.1666667,102.5,102.1666667,1.88999846127377,-0.951018094883241,0.317511799070068,-0.100737880763292,-1.28206916379613
"2850-57583","2850-57570","2850-57583_2850-57570",2,"CHR",19,"CHR-19",0,10,15.8991203,0,-20,"CHR_19_2",1,NA,0,4,"no",17.7,15.31283815,0.525054732,667.7976667,30717.55333,21.03828348,0.492798435,600.0436667,42202.79667,20.55429379,0.481698876,611.004,41231.91333,27.90630608,0.467220258,622.747,55980.05,114.3333333,79.16666667,79,79.16666667,0.667240413967931,-0.530288431038391,-1.2216209246765,-0.99989496611295,0.153828650618884,16.51,16.84077767,0.501161039,611.004,33782.6,23.06811898,0.49586693,611.004,46274.64667,25.67366733,0.443766873,611.004,51501.37667,19.07592556,0.494641169,627.6863333,38266.30667,121.5,90,NA,90,0.110764720540566,0.719494330997171,-0.239575901827104,0.494632057389222,-0.778130676530947
"2850-57583","2850-57570","2850-57583_2850-57570",1,"CHR",97,"CHR-97",0,0,11.17374737,0,13,"CHR_97_1",1,NA,0,4,"no",17.7,15.31283815,0.525054732,667.7976667,30717.55333,21.03828348,0.492798435,600.0436667,42202.79667,20.55429379,0.481698876,611.004,41231.91333,27.90630608,0.467220258,622.747,55980.05,114.3333333,79.16666667,79,79.16666667,0.667240413967931,-0.530288431038391,-1.2216209246765,-0.99989496611295,0.153828650618884,16.51,16.84077767,0.501161039,611.004,33782.6,23.06811898,0.49586693,611.004,46274.64667,25.67366733,0.443766873,611.004,51501.37667,19.07592556,0.494641169,627.6863333,38266.30667,121.5,90,NA,90,0.110764720540566,0.719494330997171,-0.239575901827104,0.494632057389222,-0.778130676530947
"2850-57583","2850-57577","2850-57583_2850-57577",2,"CHR",19,"CHR-19",0,10,20.279100925,1,9,"CHR_19_2",1,NA,0,4,"no",17.7,15.31283815,0.525054732,667.7976667,30717.55333,21.03828348,0.492798435,600.0436667,42202.79667,20.55429379,0.481698876,611.004,41231.91333,27.90630608,0.467220258,622.747,55980.05,114.3333333,79.16666667,79,79.16666667,0.667240413967931,-0.530288431038391,-1.2216209246765,-0.99989496611295,0.153828650618884,18.2,20.92472416,0.512057073,676.164,41974.99667,28.83623131,0.475799583,625.399,57845.48,28.80829345,0.443602398,627.1216667,57789.43667,29.54534563,0.455136562,636.0576667,59267.96333,119,90.83333333,91.16666667,90.83333333,0.232630044426981,1.80573194047972,0.737715377164354,1.04502048301344,1.47939806751422
"2850-57583","2850-57577","2850-57583_2850-57577",1,"CHR",97,"CHR-97",0,0,18.96419155,0,13,"CHR_97_1",1,NA,0,4,"no",17.7,15.31283815,0.525054732,667.7976667,30717.55333,21.03828348,0.492798435,600.0436667,42202.79667,20.55429379,0.481698876,611.004,41231.91333,27.90630608,0.467220258,622.747,55980.05,114.3333333,79.16666667,79,79.16666667,0.667240413967931,-0.530288431038391,-1.2216209246765,-0.99989496611295,0.153828650618884,18.2,20.92472416,0.512057073,676.164,41974.99667,28.83623131,0.475799583,625.399,57845.48,28.80829345,0.443602398,627.1216667,57789.43667,29.54534563,0.455136562,636.0576667,59267.96333,119,90.83333333,91.16666667,90.83333333,0.232630044426981,1.80573194047972,0.737715377164354,1.04502048301344,1.47939806751422
"2850-57583","2850-57578","2850-57583_2850-57578",1,"CHR",97,"CHR-97",0,2,8.114828014,2,9,"CHR_97_1",1,NA,0,4,"no",17.7,15.31283815,0.525054732,667.7976667,30717.55333,21.03828348,0.492798435,600.0436667,42202.79667,20.55429379,0.481698876,611.004,41231.91333,27.90630608,0.467220258,622.747,55980.05,114.3333333,79.16666667,79,79.16666667,0.667240413967931,-0.530288431038391,-1.2216209246765,-0.99989496611295,0.153828650618884,17.2,10.81633932,0.556799001,678.4426667,21697.57667,15.67680791,0.517385329,657.4626667,31447.67667,20.72179628,0.496782872,642.7923333,41567.92333,11.67128448,0.547842632,659.167,23412.59667,119,91.5,91.5,91.5,0.330122304413543,-0.882870324808829,-1.49188574528399,-0.374834477619313,-2.37479887454678
"2850-57583","2850-57578","2850-57583_2850-57578",2,"CHR",19,"CHR-19",0,10,9.577634021,4,6,"CHR_19_2",1,NA,0,4,"no",17.7,15.31283815,0.525054732,667.7976667,30717.55333,21.03828348,0.492798435,600.0436667,42202.79667,20.55429379,0.481698876,611.004,41231.91333,27.90630608,0.467220258,622.747,55980.05,114.3333333,79.16666667,79,79.16666667,0.667240413967931,-0.530288431038391,-1.2216209246765,-0.99989496611295,0.153828650618884,17.2,10.81633932,0.556799001,678.4426667,21697.57667,15.67680791,0.517385329,657.4626667,31447.67667,20.72179628,0.496782872,642.7923333,41567.92333,11.67128448,0.547842632,659.167,23412.59667,119,91.5,91.5,91.5,0.330122304413543,-0.882870324808829,-1.49188574528399,-0.374834477619313,-2.37479887454678
"2850-57583","2850-57579","2850-57583_2850-57579",1,"CHR",97,"CHR-97",0,11,2.235708931,6,-4,"CHR_97_1",1,NA,0,4,"no",17.7,15.31283815,0.525054732,667.7976667,30717.55333,21.03828348,0.492798435,600.0436667,42202.79667,20.55429379,0.481698876,611.004,41231.91333,27.90630608,0.467220258,622.747,55980.05,114.3333333,79.16666667,79,79.16666667,0.667240413967931,-0.530288431038391,-1.2216209246765,-0.99989496611295,0.153828650618884,16.3,11.31949153,0.533256519,660.737,22706.9,24.77905949,0.48852106,617.005,49706.79333,18.07848455,0.49353373,627.3723333,36265.44,24.4043104,0.499147361,611.004,48955.04667,118.5,93.5,92,93.5,0.622599082910845,-0.749043190899379,0.0503087508346794,-0.838956234350139,0.37083286253875
"2850-57583","2850-57579","2850-57583_2850-57579",2,"CHR",19,"CHR-19",0,10,1.812072325,0,-32,"CHR_19_2",1,NA,0,4,"no",17.7,15.31283815,0.525054732,667.7976667,30717.55333,21.03828348,0.492798435,600.0436667,42202.79667,20.55429379,0.481698876,611.004,41231.91333,27.90630608,0.467220258,622.747,55980.05,114.3333333,79.16666667,79,79.16666667,0.667240413967931,-0.530288431038391,-1.2216209246765,-0.99989496611295,0.153828650618884,16.3,11.31949153,0.533256519,660.737,22706.9,24.77905949,0.48852106,617.005,49706.79333,18.07848455,0.49353373,627.3723333,36265.44,24.4043104,0.499147361,611.004,48955.04667,118.5,93.5,92,93.5,0.622599082910845,-0.749043190899379,0.0503087508346794,-0.838956234350139,0.37083286253875
"2850-57583","2850-57580","2850-57583_2850-57580",1,"CHR",97,"CHR-97",0,7,6.034415307,7,4,"CHR_97_1",1,NA,0,4,"no",17.7,15.31283815,0.525054732,667.7976667,30717.55333,21.03828348,0.492798435,600.0436667,42202.79667,20.55429379,0.481698876,611.004,41231.91333,27.90630608,0.467220258,622.747,55980.05,114.3333333,79.16666667,79,79.16666667,0.667240413967931,-0.530288431038391,-1.2216209246765,-0.99989496611295,0.153828650618884,16.2,9.142844799,0.560214832,667.427,18340.54667,27.48113161,0.465556814,625.399,55127.15,22.9424111,0.468469624,647.108,46022.47667,30.74621137,0.465611781,608.7603333,61676.9,117.5,87.83333333,NA,87.83333333,-0.206085123318973,-1.32798210392354,0.508120833367745,0.0150687031458652,1.73834162958958
"2850-57583","2850-57580","2850-57583_2850-57580",2,"CHR",19,"CHR-19",0,0,4.050279453,0,-49,"CHR_19_2",1,NA,0,4,"no",17.7,15.31283815,0.525054732,667.7976667,30717.55333,21.03828348,0.492798435,600.0436667,42202.79667,20.55429379,0.481698876,611.004,41231.91333,27.90630608,0.467220258,622.747,55980.05,114.3333333,79.16666667,79,79.16666667,0.667240413967931,-0.530288431038391,-1.2216209246765,-0.99989496611295,0.153828650618884,16.2,9.142844799,0.560214832,667.427,18340.54667,27.48113161,0.465556814,625.399,55127.15,22.9424111,0.468469624,647.108,46022.47667,30.74621137,0.465611781,608.7603333,61676.9,117.5,87.83333333,NA,87.83333333,-0.206085123318973,-1.32798210392354,0.508120833367745,0.0150687031458652,1.73834162958958
"2850-57583","2850-57581","2850-57583_2850-57581",1,"CHR",97,"CHR-97",0,11,5.383295227,3,-6,"CHR_97_1",1,NA,0,4,"no",17.7,15.31283815,0.525054732,667.7976667,30717.55333,21.03828348,0.492798435,600.0436667,42202.79667,20.55429379,0.481698876,611.004,41231.91333,27.90630608,0.467220258,622.747,55980.05,114.3333333,79.16666667,79,79.16666667,0.667240413967931,-0.530288431038391,-1.2216209246765,-0.99989496611295,0.153828650618884,15.5,12.5018158,0.557442636,674.1035,25078.6425,18.94245264,0.521103483,641.0916667,37998.56,27.0381655,0.472765016,616.0483333,54238.56,19.62838485,0.524143762,664.102,39374.54,116,82.5,83,82.5,-0.986023198824319,-0.434571614980667,-0.938587554762546,0.734215334884986,-0.659003473806166
"2850-57583","2850-57581","2850-57583_2850-57581",2,"CHR",19,"CHR-19",0,10,7.008084499,0,-10,"CHR_19_2",1,NA,0,4,"no",17.7,15.31283815,0.525054732,667.7976667,30717.55333,21.03828348,0.492798435,600.0436667,42202.79667,20.55429379,0.481698876,611.004,41231.91333,27.90630608,0.467220258,622.747,55980.05,114.3333333,79.16666667,79,79.16666667,0.667240413967931,-0.530288431038391,-1.2216209246765,-0.99989496611295,0.153828650618884,15.5,12.5018158,0.557442636,674.1035,25078.6425,18.94245264,0.521103483,641.0916667,37998.56,27.0381655,0.472765016,616.0483333,54238.56,19.62838485,0.524143762,664.102,39374.54,116,82.5,83,82.5,-0.986023198824319,-0.434571614980667,-0.938587554762546,0.734215334884986,-0.659003473806166
"2850-57583","2850-57582","2850-57583_2850-57582",1,"CHR",97,"CHR-97",0,9,9.310637846,9,2,"CHR_97_1",1,NA,0,4,"no",17.7,15.31283815,0.525054732,667.7976667,30717.55333,21.03828348,0.492798435,600.0436667,42202.79667,20.55429379,0.481698876,611.004,41231.91333,27.90630608,0.467220258,622.747,55980.05,114.3333333,79.16666667,79,79.16666667,0.667240413967931,-0.530288431038391,-1.2216209246765,-0.99989496611295,0.153828650618884,15.9,NA,NA,NA,NA,28.49882187,0.467628455,626.7313333,57168.63667,24.79582419,0.471185748,627.0583333,49740.42333,10.86734629,0.526212895,643.7406667,21799.89667,118,88.5,86,88.5,-0.108592863332411,NA,0.68054809534039,0.340497342347155,-2.54815265729939
"2850-57583","2850-57582","2850-57583_2850-57582",2,"CHR",19,"CHR-19",0,10,6.5111396061,9,1,"CHR_19_2",1,NA,0,4,"no",17.7,15.31283815,0.525054732,667.7976667,30717.55333,21.03828348,0.492798435,600.0436667,42202.79667,20.55429379,0.481698876,611.004,41231.91333,27.90630608,0.467220258,622.747,55980.05,114.3333333,79.16666667,79,79.16666667,0.667240413967931,-0.530288431038391,-1.2216209246765,-0.99989496611295,0.153828650618884,15.9,NA,NA,NA,NA,28.49882187,0.467628455,626.7313333,57168.63667,24.79582419,0.471185748,627.0583333,49740.42333,10.86734629,0.526212895,643.7406667,21799.89667,118,88.5,86,88.5,-0.108592863332411,NA,0.68054809534039,0.340497342347155,-2.54815265729939
"2850-57583","2850-57589","2850-57583_2850-57589",1,"CHR",97,"CHR-97",1,11,0.08,11,0,"CHR_97_1",1,"wp",4,4,"yes",17.7,15.31283815,0.525054732,667.7976667,30717.55333,21.03828348,0.492798435,600.0436667,42202.79667,20.55429379,0.481698876,611.004,41231.91333,27.90630608,0.467220258,622.747,55980.05,114.3333333,79.16666667,79,79.16666667,0.667240413967931,-0.530288431038391,-1.2216209246765,-0.99989496611295,0.153828650618884,17.5,12.65077601,0.531237153,675.7903333,25377.45667,16.92662014,0.501144529,627.3723333,33954.8,19.27879528,0.490091496,643.7406667,38673.26333,19.52571951,0.519492939,627.6863333,39168.59333,119.8333333,97,96.5,97,1.13443344528112,-0.394951560502818,-1.28013005765578,-0.628201551764721,-0.681141276522795
"2850-57583","2850-57589","2850-57583_2850-57589",2,"CHR",19,"CHR-19",1,10,0.08,10,0,"CHR_19_2",1,"wp",4,4,"yes",17.7,15.31283815,0.525054732,667.7976667,30717.55333,21.03828348,0.492798435,600.0436667,42202.79667,20.55429379,0.481698876,611.004,41231.91333,27.90630608,0.467220258,622.747,55980.05,114.3333333,79.16666667,79,79.16666667,0.667240413967931,-0.530288431038391,-1.2216209246765,-0.99989496611295,0.153828650618884,17.5,12.65077601,0.531237153,675.7903333,25377.45667,16.92662014,0.501144529,627.3723333,33954.8,19.27879528,0.490091496,643.7406667,38673.26333,19.52571951,0.519492939,627.6863333,39168.59333,119.8333333,97,96.5,97,1.13443344528112,-0.394951560502818,-1.28013005765578,-0.628201551764721,-0.681141276522795
"2850-57583","2850-57620","2850-57583_2850-57620",1,"CHR",97,"CHR-97",0,8,10.40756867,8,3,"CHR_97_1",1,NA,0,4,"no",17.7,15.31283815,0.525054732,667.7976667,30717.55333,21.03828348,0.492798435,600.0436667,42202.79667,20.55429379,0.481698876,611.004,41231.91333,27.90630608,0.467220258,622.747,55980.05,114.3333333,79.16666667,79,79.16666667,0.667240413967931,-0.530288431038391,-1.2216209246765,-0.99989496611295,0.153828650618884,18.2,8.903889997,0.510576941,627.6863333,17861.20333,21.60838485,0.492100236,611.004,43346.42,22.72290794,0.464821292,611.004,45582.15333,21.84048023,0.466018925,627.6863333,43812.00333,121,87,84,87,-0.327950447205388,-1.39153868908802,-0.486898657224134,-0.0234724159627646,-0.182007721268793
"2850-57583","2850-57620","2850-57583_2850-57620",2,"CHR",19,"CHR-19",0,10,12.12745622,9,-1,"CHR_19_2",1,NA,0,4,"no",17.7,15.31283815,0.525054732,667.7976667,30717.55333,21.03828348,0.492798435,600.0436667,42202.79667,20.55429379,0.481698876,611.004,41231.91333,27.90630608,0.467220258,622.747,55980.05,114.3333333,79.16666667,79,79.16666667,0.667240413967931,-0.530288431038391,-1.2216209246765,-0.99989496611295,0.153828650618884,18.2,8.903889997,0.510576941,627.6863333,17861.20333,21.60838485,0.492100236,611.004,43346.42,22.72290794,0.464821292,611.004,45582.15333,21.84048023,0.466018925,627.6863333,43812.00333,121,87,84,87,-0.327950447205388,-1.39153868908802,-0.486898657224134,-0.0234724159627646,-0.182007721268793
"2850-57583","2850-57647","2850-57583_2850-57647",1,"CHR",97,"CHR-97",0,3,5.741055304,3,8,"CHR_97_1",1,NA,0,4,"no",17.7,15.31283815,0.525054732,667.7976667,30717.55333,21.03828348,0.492798435,600.0436667,42202.79667,20.55429379,0.481698876,611.004,41231.91333,27.90630608,0.467220258,622.747,55980.05,114.3333333,79.16666667,79,79.16666667,0.667240413967931,-0.530288431038391,-1.2216209246765,-0.99989496611295,0.153828650618884,15.8,12.89783981,0.543297932,643.7406667,25873.06667,28.1838767,0.473800388,617.439,56536.85667,25.45478232,0.436115595,638.1653333,51062.29333,20.55910934,0.502370676,626.097,41241.57333,122.1666667,85.83333333,87.33333333,85.83333333,-0.498561901816276,-0.329238164855052,0.627186934809475,0.456199475181733,-0.458310668004767
"2850-57583","2850-57647","2850-57583_2850-57647",2,"CHR",19,"CHR-19",0,10,7.603974661,1,9,"CHR_19_2",1,NA,0,4,"no",17.7,15.31283815,0.525054732,667.7976667,30717.55333,21.03828348,0.492798435,600.0436667,42202.79667,20.55429379,0.481698876,611.004,41231.91333,27.90630608,0.467220258,622.747,55980.05,114.3333333,79.16666667,79,79.16666667,0.667240413967931,-0.530288431038391,-1.2216209246765,-0.99989496611295,0.153828650618884,15.8,12.89783981,0.543297932,643.7406667,25873.06667,28.1838767,0.473800388,617.439,56536.85667,25.45478232,0.436115595,638.1653333,51062.29333,20.55910934,0.502370676,626.097,41241.57333,122.1666667,85.83333333,87.33333333,85.83333333,-0.498561901816276,-0.329238164855052,0.627186934809475,0.456199475181733,-0.458310668004767
"2850-57583","2850-57653","2850-57583_2850-57653",1,"CHR",97,"CHR-97",0,8,18.41139156,8,3,"CHR_97_1",1,NA,0,4,"no",17.7,15.31283815,0.525054732,667.7976667,30717.55333,21.03828348,0.492798435,600.0436667,42202.79667,20.55429379,0.481698876,611.004,41231.91333,27.90630608,0.467220258,622.747,55980.05,114.3333333,79.16666667,79,79.16666667,0.667240413967931,-0.530288431038391,-1.2216209246765,-0.99989496611295,0.153828650618884,16.37,8.467490861,0.535457505,660.1716667,16985.78667,27.15053506,0.465647634,659.167,54463.97333,21.8547225,0.470898637,665.8,43840.57333,15.40861914,0.497215455,659.167,30909.69,119.3333333,78,76.33333333,78,-1.64409595044325,-1.50761101163916,0.452107859504655,-0.175911398852204,-1.56891465511013
"2850-57583","2850-57653","2850-57583_2850-57653",2,"CHR",19,"CHR-19",0,10,22.34633259,0,-17,"CHR_19_2",1,NA,0,4,"no",17.7,15.31283815,0.525054732,667.7976667,30717.55333,21.03828348,0.492798435,600.0436667,42202.79667,20.55429379,0.481698876,611.004,41231.91333,27.90630608,0.467220258,622.747,55980.05,114.3333333,79.16666667,79,79.16666667,0.667240413967931,-0.530288431038391,-1.2216209246765,-0.99989496611295,0.153828650618884,16.37,8.467490861,0.535457505,660.1716667,16985.78667,27.15053506,0.465647634,659.167,54463.97333,21.8547225,0.470898637,665.8,43840.57333,15.40861914,0.497215455,659.167,30909.69,119.3333333,78,76.33333333,78,-1.64409595044325,-1.50761101163916,0.452107859504655,-0.175911398852204,-1.56891465511013
"2850-57583","2850-57669","2850-57583_2850-57669",1,"CHR",97,"CHR-97",0,8,7.584307072,8,3,"CHR_97_1",1,NA,0,4,"no",17.7,15.31283815,0.525054732,667.7976667,30717.55333,21.03828348,0.492798435,600.0436667,42202.79667,20.55429379,0.481698876,611.004,41231.91333,27.90630608,0.467220258,622.747,55980.05,114.3333333,79.16666667,79,79.16666667,0.667240413967931,-0.530288431038391,-1.2216209246765,-0.99989496611295,0.153828650618884,17.82,14.07982054,0.504204618,611.004,28244.12,27.72719176,0.47617904,611.004,55620.74667,17.24374875,0.494612283,611.004,34590.96,18.57412762,0.508699718,611.004,37259.7,123.8333333,89.66666667,90,89.66666667,0.0620185912784761,-0.0148579628241403,0.549810804877425,-0.985522014505819,-0.886333735122392
"2850-57583","2850-57669","2850-57583_2850-57669",2,"CHR",19,"CHR-19",0,10,8.478373909,6,4,"CHR_19_2",1,NA,0,4,"no",17.7,15.31283815,0.525054732,667.7976667,30717.55333,21.03828348,0.492798435,600.0436667,42202.79667,20.55429379,0.481698876,611.004,41231.91333,27.90630608,0.467220258,622.747,55980.05,114.3333333,79.16666667,79,79.16666667,0.667240413967931,-0.530288431038391,-1.2216209246765,-0.99989496611295,0.153828650618884,17.82,14.07982054,0.504204618,611.004,28244.12,27.72719176,0.47617904,611.004,55620.74667,17.24374875,0.494612283,611.004,34590.96,18.57412762,0.508699718,611.004,37259.7,123.8333333,89.66666667,90,89.66666667,0.0620185912784761,-0.0148579628241403,0.549810804877425,-0.985522014505819,-0.886333735122392
"2850-57583","2850-57671","2850-57583_2850-57671",1,"CHR",97,"CHR-97",0,4,11.61683212,4,7,"CHR_97_1",1,NA,0,4,"no",17.7,15.31283815,0.525054732,667.7976667,30717.55333,21.03828348,0.492798435,600.0436667,42202.79667,20.55429379,0.481698876,611.004,41231.91333,27.90630608,0.467220258,622.747,55980.05,114.3333333,79.16666667,79,79.16666667,0.667240413967931,-0.530288431038391,-1.2216209246765,-0.99989496611295,0.153828650618884,17.53,16.28350449,0.48181303,667.733,32664.71,28.84180791,0.479499655,593.4133333,57856.66667,23.68146062,0.459973843,641.034,47505.01,25.7482569,0.475226128,607.0326667,51651.00333,117.8333333,75.83333333,83.16666667,75.83333333,-1.96094579430279,0.571272240341928,0.738660220509044,0.144833557453636,0.660629034048076
"2850-57583","2850-57671","2850-57583_2850-57671",2,"CHR",19,"CHR-19",0,0,9.212382003,0,-46,"CHR_19_2",1,NA,0,4,"no",17.7,15.31283815,0.525054732,667.7976667,30717.55333,21.03828348,0.492798435,600.0436667,42202.79667,20.55429379,0.481698876,611.004,41231.91333,27.90630608,0.467220258,622.747,55980.05,114.3333333,79.16666667,79,79.16666667,0.667240413967931,-0.530288431038391,-1.2216209246765,-0.99989496611295,0.153828650618884,17.53,16.28350449,0.48181303,667.733,32664.71,28.84180791,0.479499655,593.4133333,57856.66667,23.68146062,0.459973843,641.034,47505.01,25.7482569,0.475226128,607.0326667,51651.00333,117.8333333,75.83333333,83.16666667,75.83333333,-1.96094579430279,0.571272240341928,0.738660220509044,0.144833557453636,0.660629034048076
"2850-57583","2850-57731","2850-57583_2850-57731",1,"CHR",97,"CHR-97",0,11,5.352451183,0,-15,"CHR_97_1",1,NA,0,4,"no",17.7,15.31283815,0.525054732,667.7976667,30717.55333,21.03828348,0.492798435,600.0436667,42202.79667,20.55429379,0.481698876,611.004,41231.91333,27.90630608,0.467220258,622.747,55980.05,114.3333333,79.16666667,79,79.16666667,0.667240413967931,-0.530288431038391,-1.2216209246765,-0.99989496611295,0.153828650618884,15.9,10.9634214,0.500436597,689.138,21992.62333,23.24545364,0.49159359,611.004,46630.38,18.5751562,0.456752009,611.004,37261.76333,24.60593387,0.474122334,611.004,49359.50333,119,91,92.33333333,91,0.257003109789217,-0.84374981052978,-0.209530090170569,-0.751748919336863,0.414309079555146
"2850-57583","2850-57731","2850-57583_2850-57731",2,"CHR",19,"CHR-19",0,10,10.3793746,0,-19,"CHR_19_2",1,NA,0,4,"no",17.7,15.31283815,0.525054732,667.7976667,30717.55333,21.03828348,0.492798435,600.0436667,42202.79667,20.55429379,0.481698876,611.004,41231.91333,27.90630608,0.467220258,622.747,55980.05,114.3333333,79.16666667,79,79.16666667,0.667240413967931,-0.530288431038391,-1.2216209246765,-0.99989496611295,0.153828650618884,15.9,10.9634214,0.500436597,689.138,21992.62333,23.24545364,0.49159359,611.004,46630.38,18.5751562,0.456752009,611.004,37261.76333,24.60593387,0.474122334,611.004,49359.50333,119,91,92.33333333,91,0.257003109789217,-0.84374981052978,-0.209530090170569,-0.751748919336863,0.414309079555146
"2850-57583","2850-57733","2850-57583_2850-57733",2,"CHR",19,"CHR-19",0,10,1.500911563,0,21,"CHR_19_2",1,NA,0,4,"no",17.7,15.31283815,0.525054732,667.7976667,30717.55333,21.03828348,0.492798435,600.0436667,42202.79667,20.55429379,0.481698876,611.004,41231.91333,27.90630608,0.467220258,622.747,55980.05,114.3333333,79.16666667,79,79.16666667,0.667240413967931,-0.530288431038391,-1.2216209246765,-0.99989496611295,0.153828650618884,15.66,14.84394317,0.488091858,680.0823333,29776.95,20.45213858,0.480742509,611.004,41026.99,22.3788767,0.481773003,627.3723333,44892.02667,18.61630941,0.474711747,611.004,37344.31667,121.6666667,NA,102,102,1.86562539152438,0.188381413841325,-0.682801464137293,-0.0838786032720019,-0.877238044743787
"2850-57583","2850-57733","2850-57583_2850-57733",1,"CHR",97,"CHR-97",0,0,3.690294212,0,28,"CHR_97_1",1,NA,0,4,"no",17.7,15.31283815,0.525054732,667.7976667,30717.55333,21.03828348,0.492798435,600.0436667,42202.79667,20.55429379,0.481698876,611.004,41231.91333,27.90630608,0.467220258,622.747,55980.05,114.3333333,79.16666667,79,79.16666667,0.667240413967931,-0.530288431038391,-1.2216209246765,-0.99989496611295,0.153828650618884,15.66,14.84394317,0.488091858,680.0823333,29776.95,20.45213858,0.480742509,611.004,41026.99,22.3788767,0.481773003,627.3723333,44892.02667,18.61630941,0.474711747,611.004,37344.31667,121.6666667,NA,102,102,1.86562539152438,0.188381413841325,-0.682801464137293,-0.0838786032720019,-0.877238044743787
"2850-57583","2850-57742","2850-57583_2850-57742",1,"CHR",97,"CHR-97",0,11,5.014249266,3,-7,"CHR_97_1",1,NA,0,4,"no",17.7,15.31283815,0.525054732,667.7976667,30717.55333,21.03828348,0.492798435,600.0436667,42202.79667,20.55429379,0.481698876,611.004,41231.91333,27.90630608,0.467220258,622.747,55980.05,114.3333333,79.16666667,79,79.16666667,0.667240413967931,-0.530288431038391,-1.2216209246765,-0.99989496611295,0.153828650618884,16.98,13.00562645,0.511030769,671.763,26089.28667,26.1463443,0.49002744,625.0783333,52449.56667,26.30566135,0.456120566,609.081,52769.15667,22.8044882,0.51172569,659.167,45745.80333,118,93,92,93,0.54947988828652,-0.300569350889335,0.281967817833205,0.605599739133584,0.0258620257862253
"2850-57583","2850-57742","2850-57583_2850-57742",2,"CHR",19,"CHR-19",0,10,4.770184441,0,-14,"CHR_19_2",1,NA,0,4,"no",17.7,15.31283815,0.525054732,667.7976667,30717.55333,21.03828348,0.492798435,600.0436667,42202.79667,20.55429379,0.481698876,611.004,41231.91333,27.90630608,0.467220258,622.747,55980.05,114.3333333,79.16666667,79,79.16666667,0.667240413967931,-0.530288431038391,-1.2216209246765,-0.99989496611295,0.153828650618884,16.98,13.00562645,0.511030769,671.763,26089.28667,26.1463443,0.49002744,625.0783333,52449.56667,26.30566135,0.456120566,609.081,52769.15667,22.8044882,0.51172569,659.167,45745.80333,118,93,92,93,0.54947988828652,-0.300569350889335,0.281967817833205,0.605599739133584,0.0258620257862253
"2850-57583","2850-57744","2850-57583_2850-57744",2,"CHR",19,"CHR-19",0,10,6.501461487,0,10,"CHR_19_2",1,NA,0,4,"no",17.7,15.31283815,0.525054732,667.7976667,30717.55333,21.03828348,0.492798435,600.0436667,42202.79667,20.55429379,0.481698876,611.004,41231.91333,27.90630608,0.467220258,622.747,55980.05,114.3333333,79.16666667,79,79.16666667,0.667240413967931,-0.530288431038391,-1.2216209246765,-0.99989496611295,0.153828650618884,14.77,24.63866733,0.441897015,611.004,49425.16667,20.45419575,0.491736389,610.6836667,41031.11667,20.25567464,0.470934773,627.6863333,40632.88333,16.45550847,0.489979153,643.7406667,33009.75,116,84.5,NA,84.5,-0.693546420327017,2.79355701620318,-0.682452917821725,-0.456677716898191,-1.34317313948584
"2850-57583","2850-57744","2850-57583_2850-57744",1,"CHR",97,"CHR-97",0,0,7.791016926,0,11,"CHR_97_1",1,NA,0,4,"no",17.7,15.31283815,0.525054732,667.7976667,30717.55333,21.03828348,0.492798435,600.0436667,42202.79667,20.55429379,0.481698876,611.004,41231.91333,27.90630608,0.467220258,622.747,55980.05,114.3333333,79.16666667,79,79.16666667,0.667240413967931,-0.530288431038391,-1.2216209246765,-0.99989496611295,0.153828650618884,14.77,24.63866733,0.441897015,611.004,49425.16667,20.45419575,0.491736389,610.6836667,41031.11667,20.25567464,0.470934773,627.6863333,40632.88333,16.45550847,0.489979153,643.7406667,33009.75,116,84.5,NA,84.5,-0.693546420327017,2.79355701620318,-0.682452917821725,-0.456677716898191,-1.34317313948584
"2850-57583","2850-57745","2850-57583_2850-57745",1,"CHR",97,"CHR-97",0,11,18.10885817,9,-2,"CHR_97_1",1,NA,0,4,"no",17.7,15.31283815,0.525054732,667.7976667,30717.55333,21.03828348,0.492798435,600.0436667,42202.79667,20.55429379,0.481698876,611.004,41231.91333,27.90630608,0.467220258,622.747,55980.05,114.3333333,79.16666667,79,79.16666667,0.667240413967931,-0.530288431038391,-1.2216209246765,-0.99989496611295,0.153828650618884,16.33,11.89491525,0.520998035,667.1156667,23861.2,19.28173812,0.496153459,634.065,38679.16667,21.88407444,0.484884869,657.7393333,43899.45333,26.3850565,0.474305256,645.4026667,52928.42333,118,85,86,85,-0.620427225702691,-0.59599346618265,-0.881102415479132,-0.170757684365318,0.797942599802867
"2850-57583","2850-57745","2850-57583_2850-57745",2,"CHR",19,"CHR-19",0,10,19.02770251,0,-20,"CHR_19_2",1,NA,0,4,"no",17.7,15.31283815,0.525054732,667.7976667,30717.55333,21.03828348,0.492798435,600.0436667,42202.79667,20.55429379,0.481698876,611.004,41231.91333,27.90630608,0.467220258,622.747,55980.05,114.3333333,79.16666667,79,79.16666667,0.667240413967931,-0.530288431038391,-1.2216209246765,-0.99989496611295,0.153828650618884,16.33,11.89491525,0.520998035,667.1156667,23861.2,19.28173812,0.496153459,634.065,38679.16667,21.88407444,0.484884869,657.7393333,43899.45333,26.3850565,0.474305256,645.4026667,52928.42333,118,85,86,85,-0.620427225702691,-0.59599346618265,-0.881102415479132,-0.170757684365318,0.797942599802867
"2850-57583","2850-57806","2850-57583_2850-57806",1,"CHR",97,"CHR-97",0,11,12.76407049,1,-10,"CHR_97_1",1,NA,0,4,"no",17.7,15.31283815,0.525054732,667.7976667,30717.55333,21.03828348,0.492798435,600.0436667,42202.79667,20.55429379,0.481698876,611.004,41231.91333,27.90630608,0.467220258,622.747,55980.05,114.3333333,79.16666667,79,79.16666667,0.667240413967931,-0.530288431038391,-1.2216209246765,-0.99989496611295,0.153828650618884,15.88,11.25502825,0.516086951,669.4676667,22577.58667,14.26422898,0.518970434,659.167,28614.04333,18.0460319,0.470292612,659.167,36200.34,17.57589232,0.493413321,659.167,35257.24,120.1666667,83.83333333,86,83.83333333,-0.791038680313578,-0.766188968724348,-1.73121899508845,-0.844654382153754,-1.1015839465002
"2850-57583","2850-57806","2850-57583_2850-57806",2,"CHR",19,"CHR-19",0,10,15.90569611,0,-11,"CHR_19_2",1,NA,0,4,"no",17.7,15.31283815,0.525054732,667.7976667,30717.55333,21.03828348,0.492798435,600.0436667,42202.79667,20.55429379,0.481698876,611.004,41231.91333,27.90630608,0.467220258,622.747,55980.05,114.3333333,79.16666667,79,79.16666667,0.667240413967931,-0.530288431038391,-1.2216209246765,-0.99989496611295,0.153828650618884,15.88,11.25502825,0.516086951,669.4676667,22577.58667,14.26422898,0.518970434,659.167,28614.04333,18.0460319,0.470292612,659.167,36200.34,17.57589232,0.493413321,659.167,35257.24,120.1666667,83.83333333,86,83.83333333,-0.791038680313578,-0.766188968724348,-1.73121899508845,-0.844654382153754,-1.1015839465002
"2850-57583","2850-57808","2850-57583_2850-57808",1,"CHR",97,"CHR-97",0,11,7.023837135,1,-10,"CHR_97_1",1,NA,0,4,"no",17.7,15.31283815,0.525054732,667.7976667,30717.55333,21.03828348,0.492798435,600.0436667,42202.79667,20.55429379,0.481698876,611.004,41231.91333,27.90630608,0.467220258,622.747,55980.05,114.3333333,79.16666667,79,79.16666667,0.667240413967931,-0.530288431038391,-1.2216209246765,-0.99989496611295,0.153828650618884,17.44,11.46748421,0.514088925,678.7753333,23003.77333,15.37756564,0.515459018,659.167,30847.39667,20.6164008,0.49573159,641.3963333,41356.5,18.7548222,0.472216787,642.151,37622.17333,120.5,NA,100,100,1.57314861302708,-0.709680477568599,-1.54258636344907,-0.393340178166818,-0.847370430038086
"2850-57583","2850-57808","2850-57583_2850-57808",2,"CHR",19,"CHR-19",0,10,6.802400876,0,-15,"CHR_19_2",1,NA,0,4,"no",17.7,15.31283815,0.525054732,667.7976667,30717.55333,21.03828348,0.492798435,600.0436667,42202.79667,20.55429379,0.481698876,611.004,41231.91333,27.90630608,0.467220258,622.747,55980.05,114.3333333,79.16666667,79,79.16666667,0.667240413967931,-0.530288431038391,-1.2216209246765,-0.99989496611295,0.153828650618884,17.44,11.46748421,0.514088925,678.7753333,23003.77333,15.37756564,0.515459018,659.167,30847.39667,20.6164008,0.49573159,641.3963333,41356.5,18.7548222,0.472216787,642.151,37622.17333,120.5,NA,100,100,1.57314861302708,-0.709680477568599,-1.54258636344907,-0.393340178166818,-0.847370430038086
"2850-57583","2850-57881","2850-57583_2850-57881",1,"CHR",97,"CHR-97",0,11,9.456269646,7,-5,"CHR_97_1",1,NA,0,4,"no",17.7,15.31283815,0.525054732,667.7976667,30717.55333,21.03828348,0.492798435,600.0436667,42202.79667,20.55429379,0.481698876,611.004,41231.91333,27.90630608,0.467220258,622.747,55980.05,114.3333333,79.16666667,79,79.16666667,0.667240413967931,-0.530288431038391,-1.2216209246765,-0.99989496611295,0.153828650618884,16.55,11.73463277,0.535560863,644.7453333,23539.67333,21.93833167,0.494146676,611.004,44008.29333,26.56095214,0.438684751,643.7343333,53281.27,31.59365071,0.464706779,610.6836667,63376.86333,119.6666667,84.83333333,85.83333333,84.83333333,-0.644800291064927,-0.638624988986254,-0.430995767115722,0.650424573294177,1.92107559728725
"2850-57583","2850-57881","2850-57583_2850-57881",2,"CHR",19,"CHR-19",0,10,8.985527746,9,-1,"CHR_19_2",1,NA,0,4,"no",17.7,15.31283815,0.525054732,667.7976667,30717.55333,21.03828348,0.492798435,600.0436667,42202.79667,20.55429379,0.481698876,611.004,41231.91333,27.90630608,0.467220258,622.747,55980.05,114.3333333,79.16666667,79,79.16666667,0.667240413967931,-0.530288431038391,-1.2216209246765,-0.99989496611295,0.153828650618884,16.55,11.73463277,0.535560863,644.7453333,23539.67333,21.93833167,0.494146676,611.004,44008.29333,26.56095214,0.438684751,643.7343333,53281.27,31.59365071,0.464706779,610.6836667,63376.86333,119.6666667,84.83333333,85.83333333,84.83333333,-0.644800291064927,-0.638624988986254,-0.430995767115722,0.650424573294177,1.92107559728725
"2850-57585","2640-97588","2850-57585_2640-97588",1,"CHR",4,"CHR-4",0,10,28.17761148,0,-17,"CHR_4_1",1,NA,0,4,"no",15.5,15.49893652,0.532900141,628.063,31090.86667,38.8499435,0.434593729,588.369,77932.98667,25.59709704,0.444705538,599.3946667,51347.77667,38.00804752,0.431624901,610.0426667,76244.14333,121,76,76,76,-0.15853168619773,-0.47687372655356,1.71160821284646,-0.112963779467231,1.83749912677453,18.7,11.85018943,0.544837496,653.7273333,23771.48,14.45612662,0.507893605,610.6836667,28998.99,21.21705716,0.471668493,610.6836667,42561.41667,27.50362745,0.462396686,637.0386667,55172.27667,119,87,85,87,-0.327950447205388,-0.607889525035993,-1.69870577771304,-0.287874870450448,1.03914087582914
"2850-57585","2640-97588","2850-57585_2640-97588",2,"CHR",4,"CHR-4",0,10,28.17761148,0,-18,"CHR_4_2",1,NA,0,2,"no",15.5,15.49893652,0.532900141,628.063,31090.86667,38.8499435,0.434593729,588.369,77932.98667,25.59709704,0.444705538,599.3946667,51347.77667,38.00804752,0.431624901,610.0426667,76244.14333,121,76,76,76,-0.15853168619773,-0.47687372655356,1.71160821284646,-0.112963779467231,1.83749912677453,18.7,11.85018943,0.544837496,653.7273333,23771.48,14.45612662,0.507893605,610.6836667,28998.99,21.21705716,0.471668493,610.6836667,42561.41667,27.50362745,0.462396686,637.0386667,55172.27667,119,87,85,87,-0.327950447205388,-0.607889525035993,-1.69870577771304,-0.287874870450448,1.03914087582914
"2850-57585","2640-97589","2850-57585_2640-97589",1,"CHR",4,"CHR-4",0,10,16.60092687,0,-15,"CHR_4_1",1,NA,0,4,"no",15.5,15.49893652,0.532900141,628.063,31090.86667,38.8499435,0.434593729,588.369,77932.98667,25.59709704,0.444705538,599.3946667,51347.77667,38.00804752,0.431624901,610.0426667,76244.14333,121,76,76,76,-0.15853168619773,-0.47687372655356,1.71160821284646,-0.112963779467231,1.83749912677453,16.1,11.8153556,0.523609389,681.183,23701.60333,16.91354271,0.528785659,657.7393333,33928.56667,18.6526321,0.480672665,627.3723333,37417.18,20.65218677,0.48363622,650.113,41428.28667,119,99.66666667,98,99.66666667,1.52440248376499,-0.617154537768401,-1.28234576663637,-0.738145434585443,-0.438240313367936
"2850-57585","2640-97589","2850-57585_2640-97589",2,"CHR",4,"CHR-4",0,10,16.60092687,0,-15,"CHR_4_2",1,NA,0,2,"no",15.5,15.49893652,0.532900141,628.063,31090.86667,38.8499435,0.434593729,588.369,77932.98667,25.59709704,0.444705538,599.3946667,51347.77667,38.00804752,0.431624901,610.0426667,76244.14333,121,76,76,76,-0.15853168619773,-0.47687372655356,1.71160821284646,-0.112963779467231,1.83749912677453,16.1,11.8153556,0.523609389,681.183,23701.60333,16.91354271,0.528785659,657.7393333,33928.56667,18.6526321,0.480672665,627.3723333,37417.18,20.65218677,0.48363622,650.113,41428.28667,119,99.66666667,98,99.66666667,1.52440248376499,-0.617154537768401,-1.28234576663637,-0.738145434585443,-0.438240313367936
"2850-57585","2811-83208","2850-57585_2811-83208",1,"CHR",4,"CHR-4",1,10,0.08,10,0,"CHR_4_1",1,NA,0,4,"no",15.5,15.49893652,0.532900141,628.063,31090.86667,38.8499435,0.434593729,588.369,77932.98667,25.59709704,0.444705538,599.3946667,51347.77667,38.00804752,0.431624901,610.0426667,76244.14333,121,76,76,76,-0.15853168619773,-0.47687372655356,1.71160821284646,-0.112963779467231,1.83749912677453,16.9,18.73416916,0.484585352,611.004,37580.74333,21.00459455,0.486882121,610.6836667,42135.21667,26.39878531,0.450512144,610.6836667,52955.96333,23.23742606,0.475660646,611.004,46614.27667,118,87,89.5,87,-0.327950447205388,1.22309374175052,-0.589198848477454,0.621950764031026,0.119216734719535
"2850-57585","2811-83208","2850-57585_2811-83208",2,"CHR",4,"CHR-4",1,10,0.08,10,0,"CHR_4_2",1,"wp",1,2,"yes",15.5,15.49893652,0.532900141,628.063,31090.86667,38.8499435,0.434593729,588.369,77932.98667,25.59709704,0.444705538,599.3946667,51347.77667,38.00804752,0.431624901,610.0426667,76244.14333,121,76,76,76,-0.15853168619773,-0.47687372655356,1.71160821284646,-0.112963779467231,1.83749912677453,16.9,18.73416916,0.484585352,611.004,37580.74333,21.00459455,0.486882121,610.6836667,42135.21667,26.39878531,0.450512144,610.6836667,52955.96333,23.23742606,0.475660646,611.004,46614.27667,118,87,89.5,87,-0.327950447205388,1.22309374175052,-0.589198848477454,0.621950764031026,0.119216734719535
"2850-57585","2850-57567","2850-57585_2850-57567",1,"CHR",4,"CHR-4",0,10,24.71865145,9,-2,"CHR_4_1",1,NA,0,4,"no",15.5,15.49893652,0.532900141,628.063,31090.86667,38.8499435,0.434593729,588.369,77932.98667,25.59709704,0.444705538,599.3946667,51347.77667,38.00804752,0.431624901,610.0426667,76244.14333,121,76,76,76,-0.15853168619773,-0.47687372655356,1.71160821284646,-0.112963779467231,1.83749912677453,16.6,10.56012296,0.52180729,667.1156667,21183.60667,26.35612994,0.49271154,611.3883333,52870.39667,22.28285809,0.48721335,606.0566667,44699.41333,16.73888169,0.511359264,628.0706667,33578.19667,121.5,102.1666667,102.5,102.1666667,1.88999846127377,-0.951018094883241,0.317511799070068,-0.100737880763292,-1.28206916379613
"2850-57585","2850-57567","2850-57585_2850-57567",2,"CHR",4,"CHR-4",0,0,24.71865145,0,-51,"CHR_4_2",1,NA,0,2,"no",15.5,15.49893652,0.532900141,628.063,31090.86667,38.8499435,0.434593729,588.369,77932.98667,25.59709704,0.444705538,599.3946667,51347.77667,38.00804752,0.431624901,610.0426667,76244.14333,121,76,76,76,-0.15853168619773,-0.47687372655356,1.71160821284646,-0.112963779467231,1.83749912677453,16.6,10.56012296,0.52180729,667.1156667,21183.60667,26.35612994,0.49271154,611.3883333,52870.39667,22.28285809,0.48721335,606.0566667,44699.41333,16.73888169,0.511359264,628.0706667,33578.19667,121.5,102.1666667,102.5,102.1666667,1.88999846127377,-0.951018094883241,0.317511799070068,-0.100737880763292,-1.28206916379613
"2850-57585","2850-57570","2850-57585_2850-57570",2,"CHR",4,"CHR-4",0,10,24.98854943,0,-19,"CHR_4_2",1,NA,0,2,"no",15.5,15.49893652,0.532900141,628.063,31090.86667,38.8499435,0.434593729,588.369,77932.98667,25.59709704,0.444705538,599.3946667,51347.77667,38.00804752,0.431624901,610.0426667,76244.14333,121,76,76,76,-0.15853168619773,-0.47687372655356,1.71160821284646,-0.112963779467231,1.83749912677453,16.51,16.84077767,0.501161039,611.004,33782.6,23.06811898,0.49586693,611.004,46274.64667,25.67366733,0.443766873,611.004,51501.37667,19.07592556,0.494641169,627.6863333,38266.30667,121.5,90,NA,90,0.110764720540566,0.719494330997171,-0.239575901827104,0.494632057389222,-0.778130676530947
"2850-57585","2850-57570","2850-57585_2850-57570",1,"CHR",4,"CHR-4",0,0,22.14425318,0,10,"CHR_4_1",1,NA,0,4,"no",15.5,15.49893652,0.532900141,628.063,31090.86667,38.8499435,0.434593729,588.369,77932.98667,25.59709704,0.444705538,599.3946667,51347.77667,38.00804752,0.431624901,610.0426667,76244.14333,121,76,76,76,-0.15853168619773,-0.47687372655356,1.71160821284646,-0.112963779467231,1.83749912677453,16.51,16.84077767,0.501161039,611.004,33782.6,23.06811898,0.49586693,611.004,46274.64667,25.67366733,0.443766873,611.004,51501.37667,19.07592556,0.494641169,627.6863333,38266.30667,121.5,90,NA,90,0.110764720540566,0.719494330997171,-0.239575901827104,0.494632057389222,-0.778130676530947
"2850-57585","2850-57577","2850-57585_2850-57577",2,"CHR",4,"CHR-4",0,10,29.43897383,0,10,"CHR_4_2",1,NA,0,2,"no",15.5,15.49893652,0.532900141,628.063,31090.86667,38.8499435,0.434593729,588.369,77932.98667,25.59709704,0.444705538,599.3946667,51347.77667,38.00804752,0.431624901,610.0426667,76244.14333,121,76,76,76,-0.15853168619773,-0.47687372655356,1.71160821284646,-0.112963779467231,1.83749912677453,18.2,20.92472416,0.512057073,676.164,41974.99667,28.83623131,0.475799583,625.399,57845.48,28.80829345,0.443602398,627.1216667,57789.43667,29.54534563,0.455136562,636.0576667,59267.96333,119,90.83333333,91.16666667,90.83333333,0.232630044426981,1.80573194047972,0.737715377164354,1.04502048301344,1.47939806751422
"2850-57585","2850-57577","2850-57585_2850-57577",1,"CHR",4,"CHR-4",0,0,29.43897383,0,10,"CHR_4_1",1,NA,0,4,"no",15.5,15.49893652,0.532900141,628.063,31090.86667,38.8499435,0.434593729,588.369,77932.98667,25.59709704,0.444705538,599.3946667,51347.77667,38.00804752,0.431624901,610.0426667,76244.14333,121,76,76,76,-0.15853168619773,-0.47687372655356,1.71160821284646,-0.112963779467231,1.83749912677453,18.2,20.92472416,0.512057073,676.164,41974.99667,28.83623131,0.475799583,625.399,57845.48,28.80829345,0.443602398,627.1216667,57789.43667,29.54534563,0.455136562,636.0576667,59267.96333,119,90.83333333,91.16666667,90.83333333,0.232630044426981,1.80573194047972,0.737715377164354,1.04502048301344,1.47939806751422
"2850-57585","2850-57578","2850-57585_2850-57578",1,"CHR",4,"CHR-4",0,4,18.78723311,4,6,"CHR_4_1",1,NA,0,4,"no",15.5,15.49893652,0.532900141,628.063,31090.86667,38.8499435,0.434593729,588.369,77932.98667,25.59709704,0.444705538,599.3946667,51347.77667,38.00804752,0.431624901,610.0426667,76244.14333,121,76,76,76,-0.15853168619773,-0.47687372655356,1.71160821284646,-0.112963779467231,1.83749912677453,17.2,10.81633932,0.556799001,678.4426667,21697.57667,15.67680791,0.517385329,657.4626667,31447.67667,20.72179628,0.496782872,642.7923333,41567.92333,11.67128448,0.547842632,659.167,23412.59667,119,91.5,91.5,91.5,0.330122304413543,-0.882870324808829,-1.49188574528399,-0.374834477619313,-2.37479887454678
"2850-57585","2850-57578","2850-57585_2850-57578",2,"CHR",4,"CHR-4",0,10,18.78723311,3,7,"CHR_4_2",1,NA,0,2,"no",15.5,15.49893652,0.532900141,628.063,31090.86667,38.8499435,0.434593729,588.369,77932.98667,25.59709704,0.444705538,599.3946667,51347.77667,38.00804752,0.431624901,610.0426667,76244.14333,121,76,76,76,-0.15853168619773,-0.47687372655356,1.71160821284646,-0.112963779467231,1.83749912677453,17.2,10.81633932,0.556799001,678.4426667,21697.57667,15.67680791,0.517385329,657.4626667,31447.67667,20.72179628,0.496782872,642.7923333,41567.92333,11.67128448,0.547842632,659.167,23412.59667,119,91.5,91.5,91.5,0.330122304413543,-0.882870324808829,-1.49188574528399,-0.374834477619313,-2.37479887454678
"2850-57585","2850-57579","2850-57585_2850-57579",1,"CHR",4,"CHR-4",0,10,11.06999379,3,-7,"CHR_4_1",1,NA,0,4,"no",15.5,15.49893652,0.532900141,628.063,31090.86667,38.8499435,0.434593729,588.369,77932.98667,25.59709704,0.444705538,599.3946667,51347.77667,38.00804752,0.431624901,610.0426667,76244.14333,121,76,76,76,-0.15853168619773,-0.47687372655356,1.71160821284646,-0.112963779467231,1.83749912677453,16.3,11.31949153,0.533256519,660.737,22706.9,24.77905949,0.48852106,617.005,49706.79333,18.07848455,0.49353373,627.3723333,36265.44,24.4043104,0.499147361,611.004,48955.04667,118.5,93.5,92,93.5,0.622599082910845,-0.749043190899379,0.0503087508346794,-0.838956234350139,0.37083286253875
"2850-57585","2850-57579","2850-57585_2850-57579",2,"CHR",4,"CHR-4",0,10,10.1681123,0,-31,"CHR_4_2",1,NA,0,2,"no",15.5,15.49893652,0.532900141,628.063,31090.86667,38.8499435,0.434593729,588.369,77932.98667,25.59709704,0.444705538,599.3946667,51347.77667,38.00804752,0.431624901,610.0426667,76244.14333,121,76,76,76,-0.15853168619773,-0.47687372655356,1.71160821284646,-0.112963779467231,1.83749912677453,16.3,11.31949153,0.533256519,660.737,22706.9,24.77905949,0.48852106,617.005,49706.79333,18.07848455,0.49353373,627.3723333,36265.44,24.4043104,0.499147361,611.004,48955.04667,118.5,93.5,92,93.5,0.622599082910845,-0.749043190899379,0.0503087508346794,-0.838956234350139,0.37083286253875
"2850-57585","2850-57580","2850-57585_2850-57580",1,"CHR",4,"CHR-4",0,9,5.173148491,9,1,"CHR_4_1",1,NA,0,4,"no",15.5,15.49893652,0.532900141,628.063,31090.86667,38.8499435,0.434593729,588.369,77932.98667,25.59709704,0.444705538,599.3946667,51347.77667,38.00804752,0.431624901,610.0426667,76244.14333,121,76,76,76,-0.15853168619773,-0.47687372655356,1.71160821284646,-0.112963779467231,1.83749912677453,16.2,9.142844799,0.560214832,667.427,18340.54667,27.48113161,0.465556814,625.399,55127.15,22.9424111,0.468469624,647.108,46022.47667,30.74621137,0.465611781,608.7603333,61676.9,117.5,87.83333333,NA,87.83333333,-0.206085123318973,-1.32798210392354,0.508120833367745,0.0150687031458652,1.73834162958958
"2850-57585","2850-57580","2850-57585_2850-57580",2,"CHR",4,"CHR-4",0,0,5.173148491,0,-48,"CHR_4_2",1,NA,0,2,"no",15.5,15.49893652,0.532900141,628.063,31090.86667,38.8499435,0.434593729,588.369,77932.98667,25.59709704,0.444705538,599.3946667,51347.77667,38.00804752,0.431624901,610.0426667,76244.14333,121,76,76,76,-0.15853168619773,-0.47687372655356,1.71160821284646,-0.112963779467231,1.83749912677453,16.2,9.142844799,0.560214832,667.427,18340.54667,27.48113161,0.465556814,625.399,55127.15,22.9424111,0.468469624,647.108,46022.47667,30.74621137,0.465611781,608.7603333,61676.9,117.5,87.83333333,NA,87.83333333,-0.206085123318973,-1.32798210392354,0.508120833367745,0.0150687031458652,1.73834162958958
"2850-57585","2850-57581","2850-57585_2850-57581",1,"CHR",4,"CHR-4",0,10,7.971151755,0,-9,"CHR_4_1",1,"ep_same",2,4,"yes",15.5,15.49893652,0.532900141,628.063,31090.86667,38.8499435,0.434593729,588.369,77932.98667,25.59709704,0.444705538,599.3946667,51347.77667,38.00804752,0.431624901,610.0426667,76244.14333,121,76,76,76,-0.15853168619773,-0.47687372655356,1.71160821284646,-0.112963779467231,1.83749912677453,15.5,12.5018158,0.557442636,674.1035,25078.6425,18.94245264,0.521103483,641.0916667,37998.56,27.0381655,0.472765016,616.0483333,54238.56,19.62838485,0.524143762,664.102,39374.54,116,82.5,83,82.5,-0.986023198824319,-0.434571614980667,-0.938587554762546,0.734215334884986,-0.659003473806166
"2850-57585","2850-57581","2850-57585_2850-57581",2,"CHR",4,"CHR-4",0,10,6.511773364,1,-9,"CHR_4_2",1,"ep_same",1,2,"yes",15.5,15.49893652,0.532900141,628.063,31090.86667,38.8499435,0.434593729,588.369,77932.98667,25.59709704,0.444705538,599.3946667,51347.77667,38.00804752,0.431624901,610.0426667,76244.14333,121,76,76,76,-0.15853168619773,-0.47687372655356,1.71160821284646,-0.112963779467231,1.83749912677453,15.5,12.5018158,0.557442636,674.1035,25078.6425,18.94245264,0.521103483,641.0916667,37998.56,27.0381655,0.472765016,616.0483333,54238.56,19.62838485,0.524143762,664.102,39374.54,116,82.5,83,82.5,-0.986023198824319,-0.434571614980667,-0.938587554762546,0.734215334884986,-0.659003473806166
"2850-57585","2850-57582","2850-57585_2850-57582",1,"CHR",4,"CHR-4",0,10,5.933724475,9,-1,"CHR_4_1",1,NA,0,4,"no",15.5,15.49893652,0.532900141,628.063,31090.86667,38.8499435,0.434593729,588.369,77932.98667,25.59709704,0.444705538,599.3946667,51347.77667,38.00804752,0.431624901,610.0426667,76244.14333,121,76,76,76,-0.15853168619773,-0.47687372655356,1.71160821284646,-0.112963779467231,1.83749912677453,15.9,NA,NA,NA,NA,28.49882187,0.467628455,626.7313333,57168.63667,24.79582419,0.471185748,627.0583333,49740.42333,10.86734629,0.526212895,643.7406667,21799.89667,118,88.5,86,88.5,-0.108592863332411,NA,0.68054809534039,0.340497342347155,-2.54815265729939
"2850-57585","2850-57582","2850-57585_2850-57582",2,"CHR",4,"CHR-4",0,10,6.3331476174,8,2,"CHR_4_2",1,NA,0,2,"no",15.5,15.49893652,0.532900141,628.063,31090.86667,38.8499435,0.434593729,588.369,77932.98667,25.59709704,0.444705538,599.3946667,51347.77667,38.00804752,0.431624901,610.0426667,76244.14333,121,76,76,76,-0.15853168619773,-0.47687372655356,1.71160821284646,-0.112963779467231,1.83749912677453,15.9,NA,NA,NA,NA,28.49882187,0.467628455,626.7313333,57168.63667,24.79582419,0.471185748,627.0583333,49740.42333,10.86734629,0.526212895,643.7406667,21799.89667,118,88.5,86,88.5,-0.108592863332411,NA,0.68054809534039,0.340497342347155,-2.54815265729939
"2850-57585","2850-57589","2850-57585_2850-57589",1,"CHR",4,"CHR-4",0,10,10.9861078,8,-3,"CHR_4_1",1,NA,0,4,"no",15.5,15.49893652,0.532900141,628.063,31090.86667,38.8499435,0.434593729,588.369,77932.98667,25.59709704,0.444705538,599.3946667,51347.77667,38.00804752,0.431624901,610.0426667,76244.14333,121,76,76,76,-0.15853168619773,-0.47687372655356,1.71160821284646,-0.112963779467231,1.83749912677453,17.5,12.65077601,0.531237153,675.7903333,25377.45667,16.92662014,0.501144529,627.3723333,33954.8,19.27879528,0.490091496,643.7406667,38673.26333,19.52571951,0.519492939,627.6863333,39168.59333,119.8333333,97,96.5,97,1.13443344528112,-0.394951560502818,-1.28013005765578,-0.628201551764721,-0.681141276522795
"2850-57585","2850-57589","2850-57585_2850-57589",2,"CHR",4,"CHR-4",0,10,9.3957563137,9,1,"CHR_4_2",1,NA,0,2,"no",15.5,15.49893652,0.532900141,628.063,31090.86667,38.8499435,0.434593729,588.369,77932.98667,25.59709704,0.444705538,599.3946667,51347.77667,38.00804752,0.431624901,610.0426667,76244.14333,121,76,76,76,-0.15853168619773,-0.47687372655356,1.71160821284646,-0.112963779467231,1.83749912677453,17.5,12.65077601,0.531237153,675.7903333,25377.45667,16.92662014,0.501144529,627.3723333,33954.8,19.27879528,0.490091496,643.7406667,38673.26333,19.52571951,0.519492939,627.6863333,39168.59333,119.8333333,97,96.5,97,1.13443344528112,-0.394951560502818,-1.28013005765578,-0.628201551764721,-0.681141276522795
"2850-57585","2850-57620","2850-57585_2850-57620",1,"CHR",4,"CHR-4",0,10,21.28259696,10,0,"CHR_4_1",1,NA,0,4,"no",15.5,15.49893652,0.532900141,628.063,31090.86667,38.8499435,0.434593729,588.369,77932.98667,25.59709704,0.444705538,599.3946667,51347.77667,38.00804752,0.431624901,610.0426667,76244.14333,121,76,76,76,-0.15853168619773,-0.47687372655356,1.71160821284646,-0.112963779467231,1.83749912677453,18.2,8.903889997,0.510576941,627.6863333,17861.20333,21.60838485,0.492100236,611.004,43346.42,22.72290794,0.464821292,611.004,45582.15333,21.84048023,0.466018925,627.6863333,43812.00333,121,87,84,87,-0.327950447205388,-1.39153868908802,-0.486898657224134,-0.0234724159627646,-0.182007721268793
"2850-57585","2850-57620","2850-57585_2850-57620",2,"CHR",4,"CHR-4",0,10,21.28259696,10,0,"CHR_4_2",1,NA,0,2,"no",15.5,15.49893652,0.532900141,628.063,31090.86667,38.8499435,0.434593729,588.369,77932.98667,25.59709704,0.444705538,599.3946667,51347.77667,38.00804752,0.431624901,610.0426667,76244.14333,121,76,76,76,-0.15853168619773,-0.47687372655356,1.71160821284646,-0.112963779467231,1.83749912677453,18.2,8.903889997,0.510576941,627.6863333,17861.20333,21.60838485,0.492100236,611.004,43346.42,22.72290794,0.464821292,611.004,45582.15333,21.84048023,0.466018925,627.6863333,43812.00333,121,87,84,87,-0.327950447205388,-1.39153868908802,-0.486898657224134,-0.0234724159627646,-0.182007721268793
"2850-57585","2850-57647","2850-57585_2850-57647",1,"CHR",4,"CHR-4",0,5,16.66361176,5,5,"CHR_4_1",1,NA,0,4,"no",15.5,15.49893652,0.532900141,628.063,31090.86667,38.8499435,0.434593729,588.369,77932.98667,25.59709704,0.444705538,599.3946667,51347.77667,38.00804752,0.431624901,610.0426667,76244.14333,121,76,76,76,-0.15853168619773,-0.47687372655356,1.71160821284646,-0.112963779467231,1.83749912677453,15.8,12.89783981,0.543297932,643.7406667,25873.06667,28.1838767,0.473800388,617.439,56536.85667,25.45478232,0.436115595,638.1653333,51062.29333,20.55910934,0.502370676,626.097,41241.57333,122.1666667,85.83333333,87.33333333,85.83333333,-0.498561901816276,-0.329238164855052,0.627186934809475,0.456199475181733,-0.458310668004767
"2850-57585","2850-57647","2850-57585_2850-57647",2,"CHR",4,"CHR-4",0,10,16.66361176,0,10,"CHR_4_2",1,NA,0,2,"no",15.5,15.49893652,0.532900141,628.063,31090.86667,38.8499435,0.434593729,588.369,77932.98667,25.59709704,0.444705538,599.3946667,51347.77667,38.00804752,0.431624901,610.0426667,76244.14333,121,76,76,76,-0.15853168619773,-0.47687372655356,1.71160821284646,-0.112963779467231,1.83749912677453,15.8,12.89783981,0.543297932,643.7406667,25873.06667,28.1838767,0.473800388,617.439,56536.85667,25.45478232,0.436115595,638.1653333,51062.29333,20.55910934,0.502370676,626.097,41241.57333,122.1666667,85.83333333,87.33333333,85.83333333,-0.498561901816276,-0.329238164855052,0.627186934809475,0.456199475181733,-0.458310668004767
"2850-57585","2850-57653","2850-57585_2850-57653",1,"CHR",4,"CHR-4",0,10,29.35647712,10,0,"CHR_4_1",1,NA,0,4,"no",15.5,15.49893652,0.532900141,628.063,31090.86667,38.8499435,0.434593729,588.369,77932.98667,25.59709704,0.444705538,599.3946667,51347.77667,38.00804752,0.431624901,610.0426667,76244.14333,121,76,76,76,-0.15853168619773,-0.47687372655356,1.71160821284646,-0.112963779467231,1.83749912677453,16.37,8.467490861,0.535457505,660.1716667,16985.78667,27.15053506,0.465647634,659.167,54463.97333,21.8547225,0.470898637,665.8,43840.57333,15.40861914,0.497215455,659.167,30909.69,119.3333333,78,76.33333333,78,-1.64409595044325,-1.50761101163916,0.452107859504655,-0.175911398852204,-1.56891465511013
"2850-57585","2850-57653","2850-57585_2850-57653",2,"CHR",4,"CHR-4",0,10,31.40355192,0,-16,"CHR_4_2",1,NA,0,2,"no",15.5,15.49893652,0.532900141,628.063,31090.86667,38.8499435,0.434593729,588.369,77932.98667,25.59709704,0.444705538,599.3946667,51347.77667,38.00804752,0.431624901,610.0426667,76244.14333,121,76,76,76,-0.15853168619773,-0.47687372655356,1.71160821284646,-0.112963779467231,1.83749912677453,16.37,8.467490861,0.535457505,660.1716667,16985.78667,27.15053506,0.465647634,659.167,54463.97333,21.8547225,0.470898637,665.8,43840.57333,15.40861914,0.497215455,659.167,30909.69,119.3333333,78,76.33333333,78,-1.64409595044325,-1.50761101163916,0.452107859504655,-0.175911398852204,-1.56891465511013
"2850-57585","2850-57669","2850-57585_2850-57669",1,"CHR",4,"CHR-4",0,10,18.49401987,10,0,"CHR_4_1",1,NA,0,4,"no",15.5,15.49893652,0.532900141,628.063,31090.86667,38.8499435,0.434593729,588.369,77932.98667,25.59709704,0.444705538,599.3946667,51347.77667,38.00804752,0.431624901,610.0426667,76244.14333,121,76,76,76,-0.15853168619773,-0.47687372655356,1.71160821284646,-0.112963779467231,1.83749912677453,17.82,14.07982054,0.504204618,611.004,28244.12,27.72719176,0.47617904,611.004,55620.74667,17.24374875,0.494612283,611.004,34590.96,18.57412762,0.508699718,611.004,37259.7,123.8333333,89.66666667,90,89.66666667,0.0620185912784761,-0.0148579628241403,0.549810804877425,-0.985522014505819,-0.886333735122392
"2850-57585","2850-57669","2850-57585_2850-57669",2,"CHR",4,"CHR-4",0,10,17.591652565,5,5,"CHR_4_2",1,NA,0,2,"no",15.5,15.49893652,0.532900141,628.063,31090.86667,38.8499435,0.434593729,588.369,77932.98667,25.59709704,0.444705538,599.3946667,51347.77667,38.00804752,0.431624901,610.0426667,76244.14333,121,76,76,76,-0.15853168619773,-0.47687372655356,1.71160821284646,-0.112963779467231,1.83749912677453,17.82,14.07982054,0.504204618,611.004,28244.12,27.72719176,0.47617904,611.004,55620.74667,17.24374875,0.494612283,611.004,34590.96,18.57412762,0.508699718,611.004,37259.7,123.8333333,89.66666667,90,89.66666667,0.0620185912784761,-0.0148579628241403,0.549810804877425,-0.985522014505819,-0.886333735122392
"2850-57585","2850-57671","2850-57585_2850-57671",1,"CHR",4,"CHR-4",0,6,4.473367138,6,4,"CHR_4_1",1,NA,0,4,"no",15.5,15.49893652,0.532900141,628.063,31090.86667,38.8499435,0.434593729,588.369,77932.98667,25.59709704,0.444705538,599.3946667,51347.77667,38.00804752,0.431624901,610.0426667,76244.14333,121,76,76,76,-0.15853168619773,-0.47687372655356,1.71160821284646,-0.112963779467231,1.83749912677453,17.53,16.28350449,0.48181303,667.733,32664.71,28.84180791,0.479499655,593.4133333,57856.66667,23.68146062,0.459973843,641.034,47505.01,25.7482569,0.475226128,607.0326667,51651.00333,117.8333333,75.83333333,83.16666667,75.83333333,-1.96094579430279,0.571272240341928,0.738660220509044,0.144833557453636,0.660629034048076
"2850-57585","2850-57671","2850-57585_2850-57671",2,"CHR",4,"CHR-4",0,0,4.473367138,0,-45,"CHR_4_2",1,NA,0,2,"no",15.5,15.49893652,0.532900141,628.063,31090.86667,38.8499435,0.434593729,588.369,77932.98667,25.59709704,0.444705538,599.3946667,51347.77667,38.00804752,0.431624901,610.0426667,76244.14333,121,76,76,76,-0.15853168619773,-0.47687372655356,1.71160821284646,-0.112963779467231,1.83749912677453,17.53,16.28350449,0.48181303,667.733,32664.71,28.84180791,0.479499655,593.4133333,57856.66667,23.68146062,0.459973843,641.034,47505.01,25.7482569,0.475226128,607.0326667,51651.00333,117.8333333,75.83333333,83.16666667,75.83333333,-1.96094579430279,0.571272240341928,0.738660220509044,0.144833557453636,0.660629034048076
"2850-57585","2850-57731","2850-57585_2850-57731",1,"CHR",4,"CHR-4",0,10,15.89371749,0,-18,"CHR_4_1",1,NA,0,4,"no",15.5,15.49893652,0.532900141,628.063,31090.86667,38.8499435,0.434593729,588.369,77932.98667,25.59709704,0.444705538,599.3946667,51347.77667,38.00804752,0.431624901,610.0426667,76244.14333,121,76,76,76,-0.15853168619773,-0.47687372655356,1.71160821284646,-0.112963779467231,1.83749912677453,15.9,10.9634214,0.500436597,689.138,21992.62333,23.24545364,0.49159359,611.004,46630.38,18.5751562,0.456752009,611.004,37261.76333,24.60593387,0.474122334,611.004,49359.50333,119,91,92.33333333,91,0.257003109789217,-0.84374981052978,-0.209530090170569,-0.751748919336863,0.414309079555146
"2850-57585","2850-57731","2850-57585_2850-57731",2,"CHR",4,"CHR-4",0,10,19.59842008,0,-18,"CHR_4_2",1,NA,0,2,"no",15.5,15.49893652,0.532900141,628.063,31090.86667,38.8499435,0.434593729,588.369,77932.98667,25.59709704,0.444705538,599.3946667,51347.77667,38.00804752,0.431624901,610.0426667,76244.14333,121,76,76,76,-0.15853168619773,-0.47687372655356,1.71160821284646,-0.112963779467231,1.83749912677453,15.9,10.9634214,0.500436597,689.138,21992.62333,23.24545364,0.49159359,611.004,46630.38,18.5751562,0.456752009,611.004,37261.76333,24.60593387,0.474122334,611.004,49359.50333,119,91,92.33333333,91,0.257003109789217,-0.84374981052978,-0.209530090170569,-0.751748919336863,0.414309079555146
"2850-57585","2850-57733","2850-57585_2850-57733",2,"CHR",4,"CHR-4",0,10,7.718197398,0,22,"CHR_4_2",1,NA,0,2,"no",15.5,15.49893652,0.532900141,628.063,31090.86667,38.8499435,0.434593729,588.369,77932.98667,25.59709704,0.444705538,599.3946667,51347.77667,38.00804752,0.431624901,610.0426667,76244.14333,121,76,76,76,-0.15853168619773,-0.47687372655356,1.71160821284646,-0.112963779467231,1.83749912677453,15.66,14.84394317,0.488091858,680.0823333,29776.95,20.45213858,0.480742509,611.004,41026.99,22.3788767,0.481773003,627.3723333,44892.02667,18.61630941,0.474711747,611.004,37344.31667,121.6666667,NA,102,102,1.86562539152438,0.188381413841325,-0.682801464137293,-0.0838786032720019,-0.877238044743787
"2850-57585","2850-57733","2850-57585_2850-57733",1,"CHR",4,"CHR-4",0,0,7.718197398,0,25,"CHR_4_1",1,NA,0,4,"no",15.5,15.49893652,0.532900141,628.063,31090.86667,38.8499435,0.434593729,588.369,77932.98667,25.59709704,0.444705538,599.3946667,51347.77667,38.00804752,0.431624901,610.0426667,76244.14333,121,76,76,76,-0.15853168619773,-0.47687372655356,1.71160821284646,-0.112963779467231,1.83749912677453,15.66,14.84394317,0.488091858,680.0823333,29776.95,20.45213858,0.480742509,611.004,41026.99,22.3788767,0.481773003,627.3723333,44892.02667,18.61630941,0.474711747,611.004,37344.31667,121.6666667,NA,102,102,1.86562539152438,0.188381413841325,-0.682801464137293,-0.0838786032720019,-0.877238044743787
"2850-57585","2850-57742","2850-57585_2850-57742",1,"CHR",4,"CHR-4",0,10,15.7455459,0,-10,"CHR_4_1",1,NA,0,4,"no",15.5,15.49893652,0.532900141,628.063,31090.86667,38.8499435,0.434593729,588.369,77932.98667,25.59709704,0.444705538,599.3946667,51347.77667,38.00804752,0.431624901,610.0426667,76244.14333,121,76,76,76,-0.15853168619773,-0.47687372655356,1.71160821284646,-0.112963779467231,1.83749912677453,16.98,13.00562645,0.511030769,671.763,26089.28667,26.1463443,0.49002744,625.0783333,52449.56667,26.30566135,0.456120566,609.081,52769.15667,22.8044882,0.51172569,659.167,45745.80333,118,93,92,93,0.54947988828652,-0.300569350889335,0.281967817833205,0.605599739133584,0.0258620257862253
"2850-57585","2850-57742","2850-57585_2850-57742",2,"CHR",4,"CHR-4",0,10,12.94374732,0,-13,"CHR_4_2",1,NA,0,2,"no",15.5,15.49893652,0.532900141,628.063,31090.86667,38.8499435,0.434593729,588.369,77932.98667,25.59709704,0.444705538,599.3946667,51347.77667,38.00804752,0.431624901,610.0426667,76244.14333,121,76,76,76,-0.15853168619773,-0.47687372655356,1.71160821284646,-0.112963779467231,1.83749912677453,16.98,13.00562645,0.511030769,671.763,26089.28667,26.1463443,0.49002744,625.0783333,52449.56667,26.30566135,0.456120566,609.081,52769.15667,22.8044882,0.51172569,659.167,45745.80333,118,93,92,93,0.54947988828652,-0.300569350889335,0.281967817833205,0.605599739133584,0.0258620257862253
"2850-57585","2850-57744","2850-57585_2850-57744",1,"CHR",4,"CHR-4",0,2,3.556109437,2,8,"CHR_4_1",1,NA,0,4,"no",15.5,15.49893652,0.532900141,628.063,31090.86667,38.8499435,0.434593729,588.369,77932.98667,25.59709704,0.444705538,599.3946667,51347.77667,38.00804752,0.431624901,610.0426667,76244.14333,121,76,76,76,-0.15853168619773,-0.47687372655356,1.71160821284646,-0.112963779467231,1.83749912677453,14.77,24.63866733,0.441897015,611.004,49425.16667,20.45419575,0.491736389,610.6836667,41031.11667,20.25567464,0.470934773,627.6863333,40632.88333,16.45550847,0.489979153,643.7406667,33009.75,116,84.5,NA,84.5,-0.693546420327017,2.79355701620318,-0.682452917821725,-0.456677716898191,-1.34317313948584
"2850-57585","2850-57744","2850-57585_2850-57744",2,"CHR",4,"CHR-4",0,10,3.556109437,0,11,"CHR_4_2",1,NA,0,2,"no",15.5,15.49893652,0.532900141,628.063,31090.86667,38.8499435,0.434593729,588.369,77932.98667,25.59709704,0.444705538,599.3946667,51347.77667,38.00804752,0.431624901,610.0426667,76244.14333,121,76,76,76,-0.15853168619773,-0.47687372655356,1.71160821284646,-0.112963779467231,1.83749912677453,14.77,24.63866733,0.441897015,611.004,49425.16667,20.45419575,0.491736389,610.6836667,41031.11667,20.25567464,0.470934773,627.6863333,40632.88333,16.45550847,0.489979153,643.7406667,33009.75,116,84.5,NA,84.5,-0.693546420327017,2.79355701620318,-0.682452917821725,-0.456677716898191,-1.34317313948584
"2850-57585","2850-57745","2850-57585_2850-57745",1,"CHR",4,"CHR-4",0,10,28.78449961,6,-5,"CHR_4_1",1,NA,0,4,"no",15.5,15.49893652,0.532900141,628.063,31090.86667,38.8499435,0.434593729,588.369,77932.98667,25.59709704,0.444705538,599.3946667,51347.77667,38.00804752,0.431624901,610.0426667,76244.14333,121,76,76,76,-0.15853168619773,-0.47687372655356,1.71160821284646,-0.112963779467231,1.83749912677453,16.33,11.89491525,0.520998035,667.1156667,23861.2,19.28173812,0.496153459,634.065,38679.16667,21.88407444,0.484884869,657.7393333,43899.45333,26.3850565,0.474305256,645.4026667,52928.42333,118,85,86,85,-0.620427225702691,-0.59599346618265,-0.881102415479132,-0.170757684365318,0.797942599802867
"2850-57585","2850-57745","2850-57585_2850-57745",2,"CHR",4,"CHR-4",0,10,28.24518316,0,-19,"CHR_4_2",1,NA,0,2,"no",15.5,15.49893652,0.532900141,628.063,31090.86667,38.8499435,0.434593729,588.369,77932.98667,25.59709704,0.444705538,599.3946667,51347.77667,38.00804752,0.431624901,610.0426667,76244.14333,121,76,76,76,-0.15853168619773,-0.47687372655356,1.71160821284646,-0.112963779467231,1.83749912677453,16.33,11.89491525,0.520998035,667.1156667,23861.2,19.28173812,0.496153459,634.065,38679.16667,21.88407444,0.484884869,657.7393333,43899.45333,26.3850565,0.474305256,645.4026667,52928.42333,118,85,86,85,-0.620427225702691,-0.59599346618265,-0.881102415479132,-0.170757684365318,0.797942599802867
"2850-57585","2850-57806","2850-57585_2850-57806",1,"CHR",4,"CHR-4",0,10,23.35798423,0,-13,"CHR_4_1",1,"ep_same",2,4,"yes",15.5,15.49893652,0.532900141,628.063,31090.86667,38.8499435,0.434593729,588.369,77932.98667,25.59709704,0.444705538,599.3946667,51347.77667,38.00804752,0.431624901,610.0426667,76244.14333,121,76,76,76,-0.15853168619773,-0.47687372655356,1.71160821284646,-0.112963779467231,1.83749912677453,15.88,11.25502825,0.516086951,669.4676667,22577.58667,14.26422898,0.518970434,659.167,28614.04333,18.0460319,0.470292612,659.167,36200.34,17.57589232,0.493413321,659.167,35257.24,120.1666667,83.83333333,86,83.83333333,-0.791038680313578,-0.766188968724348,-1.73121899508845,-0.844654382153754,-1.1015839465002
"2850-57585","2850-57806","2850-57585_2850-57806",2,"CHR",4,"CHR-4",0,10,25.1203531,0,-10,"CHR_4_2",1,NA,0,2,"no",15.5,15.49893652,0.532900141,628.063,31090.86667,38.8499435,0.434593729,588.369,77932.98667,25.59709704,0.444705538,599.3946667,51347.77667,38.00804752,0.431624901,610.0426667,76244.14333,121,76,76,76,-0.15853168619773,-0.47687372655356,1.71160821284646,-0.112963779467231,1.83749912677453,15.88,11.25502825,0.516086951,669.4676667,22577.58667,14.26422898,0.518970434,659.167,28614.04333,18.0460319,0.470292612,659.167,36200.34,17.57589232,0.493413321,659.167,35257.24,120.1666667,83.83333333,86,83.83333333,-0.791038680313578,-0.766188968724348,-1.73121899508845,-0.844654382153754,-1.1015839465002
"2850-57585","2850-57808","2850-57585_2850-57808",1,"CHR",4,"CHR-4",0,10,16.94168974,0,-13,"CHR_4_1",1,NA,0,4,"no",15.5,15.49893652,0.532900141,628.063,31090.86667,38.8499435,0.434593729,588.369,77932.98667,25.59709704,0.444705538,599.3946667,51347.77667,38.00804752,0.431624901,610.0426667,76244.14333,121,76,76,76,-0.15853168619773,-0.47687372655356,1.71160821284646,-0.112963779467231,1.83749912677453,17.44,11.46748421,0.514088925,678.7753333,23003.77333,15.37756564,0.515459018,659.167,30847.39667,20.6164008,0.49573159,641.3963333,41356.5,18.7548222,0.472216787,642.151,37622.17333,120.5,NA,100,100,1.57314861302708,-0.709680477568599,-1.54258636344907,-0.393340178166818,-0.847370430038086
"2850-57585","2850-57808","2850-57585_2850-57808",2,"CHR",4,"CHR-4",0,10,15.90725563,0,-14,"CHR_4_2",1,NA,0,2,"no",15.5,15.49893652,0.532900141,628.063,31090.86667,38.8499435,0.434593729,588.369,77932.98667,25.59709704,0.444705538,599.3946667,51347.77667,38.00804752,0.431624901,610.0426667,76244.14333,121,76,76,76,-0.15853168619773,-0.47687372655356,1.71160821284646,-0.112963779467231,1.83749912677453,17.44,11.46748421,0.514088925,678.7753333,23003.77333,15.37756564,0.515459018,659.167,30847.39667,20.6164008,0.49573159,641.3963333,41356.5,18.7548222,0.472216787,642.151,37622.17333,120.5,NA,100,100,1.57314861302708,-0.709680477568599,-1.54258636344907,-0.393340178166818,-0.847370430038086
"2850-57585","2850-57881","2850-57585_2850-57881",1,"CHR",4,"CHR-4",0,10,18.2811172,4,-8,"CHR_4_1",1,NA,0,4,"no",15.5,15.49893652,0.532900141,628.063,31090.86667,38.8499435,0.434593729,588.369,77932.98667,25.59709704,0.444705538,599.3946667,51347.77667,38.00804752,0.431624901,610.0426667,76244.14333,121,76,76,76,-0.15853168619773,-0.47687372655356,1.71160821284646,-0.112963779467231,1.83749912677453,16.55,11.73463277,0.535560863,644.7453333,23539.67333,21.93833167,0.494146676,611.004,44008.29333,26.56095214,0.438684751,643.7343333,53281.27,31.59365071,0.464706779,610.6836667,63376.86333,119.6666667,84.83333333,85.83333333,84.83333333,-0.644800291064927,-0.638624988986254,-0.430995767115722,0.650424573294177,1.92107559728725
"2850-57585","2850-57881","2850-57585_2850-57881",2,"CHR",4,"CHR-4",0,10,17.57294798,10,0,"CHR_4_2",1,NA,0,2,"no",15.5,15.49893652,0.532900141,628.063,31090.86667,38.8499435,0.434593729,588.369,77932.98667,25.59709704,0.444705538,599.3946667,51347.77667,38.00804752,0.431624901,610.0426667,76244.14333,121,76,76,76,-0.15853168619773,-0.47687372655356,1.71160821284646,-0.112963779467231,1.83749912677453,16.55,11.73463277,0.535560863,644.7453333,23539.67333,21.93833167,0.494146676,611.004,44008.29333,26.56095214,0.438684751,643.7343333,53281.27,31.59365071,0.464706779,610.6836667,63376.86333,119.6666667,84.83333333,85.83333333,84.83333333,-0.644800291064927,-0.638624988986254,-0.430995767115722,0.650424573294177,1.92107559728725
"2850-57588","2640-97588","2850-57588_2640-97588",2,"CHR",45,"CHR-45",0,11,3.246163671,9,-2,"CHR_45_2",1,NA,0,4,"no",18.1,12.52124294,0.529217393,669.7853333,25117.61333,26.61550183,0.468672327,627.7566667,53390.69667,22.60458126,0.444473503,616.0873333,45344.79,19.09416916,0.481473446,627.3723333,38302.90333,119.8333333,78.33333333,76.83333333,78.33333333,0.449931965046194,-1.3315433436065,-0.303163052014516,-0.639289206066304,-1.31490175118054,18.7,11.85018943,0.544837496,653.7273333,23771.48,14.45612662,0.507893605,610.6836667,28998.99,21.21705716,0.471668493,610.6836667,42561.41667,27.50362745,0.462396686,637.0386667,55172.27667,119,87,85,87,-0.327950447205388,-0.607889525035993,-1.69870577771304,-0.287874870450448,1.03914087582914
"2850-57588","2640-97589","2850-57588_2640-97589",2,"CHR",45,"CHR-45",0,11,14.83818046,10,1,"CHR_45_2",1,NA,0,4,"no",18.1,12.52124294,0.529217393,669.7853333,25117.61333,26.61550183,0.468672327,627.7566667,53390.69667,22.60458126,0.444473503,616.0873333,45344.79,19.09416916,0.481473446,627.3723333,38302.90333,119.8333333,78.33333333,76.83333333,78.33333333,0.449931965046194,-1.3315433436065,-0.303163052014516,-0.639289206066304,-1.31490175118054,16.1,11.8153556,0.523609389,681.183,23701.60333,16.91354271,0.528785659,657.7393333,33928.56667,18.6526321,0.480672665,627.3723333,37417.18,20.65218677,0.48363622,650.113,41428.28667,119,99.66666667,98,99.66666667,1.52440248376499,-0.617154537768401,-1.28234576663637,-0.738145434585443,-0.438240313367936
"2850-57588","2811-83208","2850-57588_2811-83208",2,"CHR",45,"CHR-45",0,11,31.40355192,0,16,"CHR_45_2",1,NA,0,4,"no",18.1,12.52124294,0.529217393,669.7853333,25117.61333,26.61550183,0.468672327,627.7566667,53390.69667,22.60458126,0.444473503,616.0873333,45344.79,19.09416916,0.481473446,627.3723333,38302.90333,119.8333333,78.33333333,76.83333333,78.33333333,0.449931965046194,-1.3315433436065,-0.303163052014516,-0.639289206066304,-1.31490175118054,16.9,18.73416916,0.484585352,611.004,37580.74333,21.00459455,0.486882121,610.6836667,42135.21667,26.39878531,0.450512144,610.6836667,52955.96333,23.23742606,0.475660646,611.004,46614.27667,118,87,89.5,87,-0.327950447205388,1.22309374175052,-0.589198848477454,0.621950764031026,0.119216734719535
"2850-57588","2850-57567","2850-57588_2850-57567",2,"CHR",45,"CHR-45",0,8,6.793815753,0,-35,"CHR_45_2",1,NA,0,4,"no",18.1,12.52124294,0.529217393,669.7853333,25117.61333,26.61550183,0.468672327,627.7566667,53390.69667,22.60458126,0.444473503,616.0873333,45344.79,19.09416916,0.481473446,627.3723333,38302.90333,119.8333333,78.33333333,76.83333333,78.33333333,0.449931965046194,-1.3315433436065,-0.303163052014516,-0.639289206066304,-1.31490175118054,16.6,10.56012296,0.52180729,667.1156667,21183.60667,26.35612994,0.49271154,611.3883333,52870.39667,22.28285809,0.48721335,606.0566667,44699.41333,16.73888169,0.511359264,628.0706667,33578.19667,121.5,102.1666667,102.5,102.1666667,1.88999846127377,-0.951018094883241,0.317511799070068,-0.100737880763292,-1.28206916379613
"2850-57588","2850-57570","2850-57588_2850-57570",2,"CHR",45,"CHR-45",0,11,6.451162169,7,-3,"CHR_45_2",1,NA,0,4,"no",18.1,12.52124294,0.529217393,669.7853333,25117.61333,26.61550183,0.468672327,627.7566667,53390.69667,22.60458126,0.444473503,616.0873333,45344.79,19.09416916,0.481473446,627.3723333,38302.90333,119.8333333,78.33333333,76.83333333,78.33333333,0.449931965046194,-1.3315433436065,-0.303163052014516,-0.639289206066304,-1.31490175118054,16.51,16.84077767,0.501161039,611.004,33782.6,23.06811898,0.49586693,611.004,46274.64667,25.67366733,0.443766873,611.004,51501.37667,19.07592556,0.494641169,627.6863333,38266.30667,121.5,90,NA,90,0.110764720540566,0.719494330997171,-0.239575901827104,0.494632057389222,-0.778130676530947
"2850-57588","2850-57577","2850-57588_2850-57577",2,"CHR",45,"CHR-45",0,11,6.777622682,0,-23,"CHR_45_2",1,NA,0,4,"no",18.1,12.52124294,0.529217393,669.7853333,25117.61333,26.61550183,0.468672327,627.7566667,53390.69667,22.60458126,0.444473503,616.0873333,45344.79,19.09416916,0.481473446,627.3723333,38302.90333,119.8333333,78.33333333,76.83333333,78.33333333,0.449931965046194,-1.3315433436065,-0.303163052014516,-0.639289206066304,-1.31490175118054,18.2,20.92472416,0.512057073,676.164,41974.99667,28.83623131,0.475799583,625.399,57845.48,28.80829345,0.443602398,627.1216667,57789.43667,29.54534563,0.455136562,636.0576667,59267.96333,119,90.83333333,91.16666667,90.83333333,0.232630044426981,1.80573194047972,0.737715377164354,1.04502048301344,1.47939806751422
"2850-57588","2850-57578","2850-57588_2850-57578",2,"CHR",45,"CHR-45",0,11,12.97952929,0,23,"CHR_45_2",1,NA,0,4,"no",18.1,12.52124294,0.529217393,669.7853333,25117.61333,26.61550183,0.468672327,627.7566667,53390.69667,22.60458126,0.444473503,616.0873333,45344.79,19.09416916,0.481473446,627.3723333,38302.90333,119.8333333,78.33333333,76.83333333,78.33333333,0.449931965046194,-1.3315433436065,-0.303163052014516,-0.639289206066304,-1.31490175118054,17.2,10.81633932,0.556799001,678.4426667,21697.57667,15.67680791,0.517385329,657.4626667,31447.67667,20.72179628,0.496782872,642.7923333,41567.92333,11.67128448,0.547842632,659.167,23412.59667,119,91.5,91.5,91.5,0.330122304413543,-0.882870324808829,-1.49188574528399,-0.374834477619313,-2.37479887454678
"2850-57588","2850-57579","2850-57588_2850-57579",2,"CHR",45,"CHR-45",0,11,21.97434176,0,-15,"CHR_45_2",1,NA,0,4,"no",18.1,12.52124294,0.529217393,669.7853333,25117.61333,26.61550183,0.468672327,627.7566667,53390.69667,22.60458126,0.444473503,616.0873333,45344.79,19.09416916,0.481473446,627.3723333,38302.90333,119.8333333,78.33333333,76.83333333,78.33333333,0.449931965046194,-1.3315433436065,-0.303163052014516,-0.639289206066304,-1.31490175118054,16.3,11.31949153,0.533256519,660.737,22706.9,24.77905949,0.48852106,617.005,49706.79333,18.07848455,0.49353373,627.3723333,36265.44,24.4043104,0.499147361,611.004,48955.04667,118.5,93.5,92,93.5,0.622599082910845,-0.749043190899379,0.0503087508346794,-0.838956234350139,0.37083286253875
"2850-57588","2850-57580","2850-57588_2850-57580",2,"CHR",45,"CHR-45",0,10,26.33609713,0,-32,"CHR_45_2",1,NA,0,4,"no",18.1,12.52124294,0.529217393,669.7853333,25117.61333,26.61550183,0.468672327,627.7566667,53390.69667,22.60458126,0.444473503,616.0873333,45344.79,19.09416916,0.481473446,627.3723333,38302.90333,119.8333333,78.33333333,76.83333333,78.33333333,0.449931965046194,-1.3315433436065,-0.303163052014516,-0.639289206066304,-1.31490175118054,16.2,9.142844799,0.560214832,667.427,18340.54667,27.48113161,0.465556814,625.399,55127.15,22.9424111,0.468469624,647.108,46022.47667,30.74621137,0.465611781,608.7603333,61676.9,117.5,87.83333333,NA,87.83333333,-0.206085123318973,-1.32798210392354,0.508120833367745,0.0150687031458652,1.73834162958958
"2850-57588","2850-57581","2850-57588_2850-57581",2,"CHR",45,"CHR-45",0,11,25.4904246872727,4,7,"CHR_45_2",1,NA,0,4,"no",18.1,12.52124294,0.529217393,669.7853333,25117.61333,26.61550183,0.468672327,627.7566667,53390.69667,22.60458126,0.444473503,616.0873333,45344.79,19.09416916,0.481473446,627.3723333,38302.90333,119.8333333,78.33333333,76.83333333,78.33333333,0.449931965046194,-1.3315433436065,-0.303163052014516,-0.639289206066304,-1.31490175118054,15.5,12.5018158,0.557442636,674.1035,25078.6425,18.94245264,0.521103483,641.0916667,37998.56,27.0381655,0.472765016,616.0483333,54238.56,19.62838485,0.524143762,664.102,39374.54,116,82.5,83,82.5,-0.986023198824319,-0.434571614980667,-0.938587554762546,0.734215334884986,-0.659003473806166
"2850-57588","2850-57582","2850-57588_2850-57582",2,"CHR",45,"CHR-45",0,11,28.53299789,0,18,"CHR_45_2",1,NA,0,4,"no",18.1,12.52124294,0.529217393,669.7853333,25117.61333,26.61550183,0.468672327,627.7566667,53390.69667,22.60458126,0.444473503,616.0873333,45344.79,19.09416916,0.481473446,627.3723333,38302.90333,119.8333333,78.33333333,76.83333333,78.33333333,0.449931965046194,-1.3315433436065,-0.303163052014516,-0.639289206066304,-1.31490175118054,15.9,NA,NA,NA,NA,28.49882187,0.467628455,626.7313333,57168.63667,24.79582419,0.471185748,627.0583333,49740.42333,10.86734629,0.526212895,643.7406667,21799.89667,118,88.5,86,88.5,-0.108592863332411,NA,0.68054809534039,0.340497342347155,-2.54815265729939
"2850-57588","2850-57589","2850-57588_2850-57589",2,"CHR",45,"CHR-45",0,11,20.42508594,0,17,"CHR_45_2",1,NA,0,4,"no",18.1,12.52124294,0.529217393,669.7853333,25117.61333,26.61550183,0.468672327,627.7566667,53390.69667,22.60458126,0.444473503,616.0873333,45344.79,19.09416916,0.481473446,627.3723333,38302.90333,119.8333333,78.33333333,76.83333333,78.33333333,0.449931965046194,-1.3315433436065,-0.303163052014516,-0.639289206066304,-1.31490175118054,17.5,12.65077601,0.531237153,675.7903333,25377.45667,16.92662014,0.501144529,627.3723333,33954.8,19.27879528,0.490091496,643.7406667,38673.26333,19.52571951,0.519492939,627.6863333,39168.59333,119.8333333,97,96.5,97,1.13443344528112,-0.394951560502818,-1.28013005765578,-0.628201551764721,-0.681141276522795
"2850-57588","2850-57620","2850-57588_2850-57620",2,"CHR",45,"CHR-45",0,11,10.27751357,0,16,"CHR_45_2",1,NA,0,4,"no",18.1,12.52124294,0.529217393,669.7853333,25117.61333,26.61550183,0.468672327,627.7566667,53390.69667,22.60458126,0.444473503,616.0873333,45344.79,19.09416916,0.481473446,627.3723333,38302.90333,119.8333333,78.33333333,76.83333333,78.33333333,0.449931965046194,-1.3315433436065,-0.303163052014516,-0.639289206066304,-1.31490175118054,18.2,8.903889997,0.510576941,627.6863333,17861.20333,21.60838485,0.492100236,611.004,43346.42,22.72290794,0.464821292,611.004,45582.15333,21.84048023,0.466018925,627.6863333,43812.00333,121,87,84,87,-0.327950447205388,-1.39153868908802,-0.486898657224134,-0.0234724159627646,-0.182007721268793
"2850-57588","2850-57647","2850-57588_2850-57647",2,"CHR",45,"CHR-45",0,11,14.75912949,0,26,"CHR_45_2",1,NA,0,4,"no",18.1,12.52124294,0.529217393,669.7853333,25117.61333,26.61550183,0.468672327,627.7566667,53390.69667,22.60458126,0.444473503,616.0873333,45344.79,19.09416916,0.481473446,627.3723333,38302.90333,119.8333333,78.33333333,76.83333333,78.33333333,0.449931965046194,-1.3315433436065,-0.303163052014516,-0.639289206066304,-1.31490175118054,15.8,12.89783981,0.543297932,643.7406667,25873.06667,28.1838767,0.473800388,617.439,56536.85667,25.45478232,0.436115595,638.1653333,51062.29333,20.55910934,0.502370676,626.097,41241.57333,122.1666667,85.83333333,87.33333333,85.83333333,-0.498561901816276,-0.329238164855052,0.627186934809475,0.456199475181733,-0.458310668004767
"2850-57588","2850-57653","2850-57588_2850-57653",2,"CHR",45,"CHR-45",1,11,0.08,11,0,"CHR_45_2",1,NA,0,4,"no",18.1,12.52124294,0.529217393,669.7853333,25117.61333,26.61550183,0.468672327,627.7566667,53390.69667,22.60458126,0.444473503,616.0873333,45344.79,19.09416916,0.481473446,627.3723333,38302.90333,119.8333333,78.33333333,76.83333333,78.33333333,0.449931965046194,-1.3315433436065,-0.303163052014516,-0.639289206066304,-1.31490175118054,16.37,8.467490861,0.535457505,660.1716667,16985.78667,27.15053506,0.465647634,659.167,54463.97333,21.8547225,0.470898637,665.8,43840.57333,15.40861914,0.497215455,659.167,30909.69,119.3333333,78,76.33333333,78,-1.64409595044325,-1.50761101163916,0.452107859504655,-0.175911398852204,-1.56891465511013
"2850-57588","2850-57669","2850-57588_2850-57669",2,"CHR",45,"CHR-45",0,11,12.95554044,8,3,"CHR_45_2",1,NA,0,4,"no",18.1,12.52124294,0.529217393,669.7853333,25117.61333,26.61550183,0.468672327,627.7566667,53390.69667,22.60458126,0.444473503,616.0873333,45344.79,19.09416916,0.481473446,627.3723333,38302.90333,119.8333333,78.33333333,76.83333333,78.33333333,0.449931965046194,-1.3315433436065,-0.303163052014516,-0.639289206066304,-1.31490175118054,17.82,14.07982054,0.504204618,611.004,28244.12,27.72719176,0.47617904,611.004,55620.74667,17.24374875,0.494612283,611.004,34590.96,18.57412762,0.508699718,611.004,37259.7,123.8333333,89.66666667,90,89.66666667,0.0620185912784761,-0.0148579628241403,0.549810804877425,-0.985522014505819,-0.886333735122392
"2850-57588","2850-57671","2850-57588_2850-57671",2,"CHR",45,"CHR-45",0,11,31.3259709,0,-29,"CHR_45_2",1,NA,0,4,"no",18.1,12.52124294,0.529217393,669.7853333,25117.61333,26.61550183,0.468672327,627.7566667,53390.69667,22.60458126,0.444473503,616.0873333,45344.79,19.09416916,0.481473446,627.3723333,38302.90333,119.8333333,78.33333333,76.83333333,78.33333333,0.449931965046194,-1.3315433436065,-0.303163052014516,-0.639289206066304,-1.31490175118054,17.53,16.28350449,0.48181303,667.733,32664.71,28.84180791,0.479499655,593.4133333,57856.66667,23.68146062,0.459973843,641.034,47505.01,25.7482569,0.475226128,607.0326667,51651.00333,117.8333333,75.83333333,83.16666667,75.83333333,-1.96094579430279,0.571272240341928,0.738660220509044,0.144833557453636,0.660629034048076
"2850-57588","2850-57731","2850-57588_2850-57731",2,"CHR",45,"CHR-45",0,11,12.43113436,8,-2,"CHR_45_2",1,NA,0,4,"no",18.1,12.52124294,0.529217393,669.7853333,25117.61333,26.61550183,0.468672327,627.7566667,53390.69667,22.60458126,0.444473503,616.0873333,45344.79,19.09416916,0.481473446,627.3723333,38302.90333,119.8333333,78.33333333,76.83333333,78.33333333,0.449931965046194,-1.3315433436065,-0.303163052014516,-0.639289206066304,-1.31490175118054,15.9,10.9634214,0.500436597,689.138,21992.62333,23.24545364,0.49159359,611.004,46630.38,18.5751562,0.456752009,611.004,37261.76333,24.60593387,0.474122334,611.004,49359.50333,119,91,92.33333333,91,0.257003109789217,-0.84374981052978,-0.209530090170569,-0.751748919336863,0.414309079555146
"2850-57588","2850-57733","2850-57588_2850-57733",2,"CHR",45,"CHR-45",0,11,23.80987697,2,-8,"CHR_45_2",1,NA,0,4,"no",18.1,12.52124294,0.529217393,669.7853333,25117.61333,26.61550183,0.468672327,627.7566667,53390.69667,22.60458126,0.444473503,616.0873333,45344.79,19.09416916,0.481473446,627.3723333,38302.90333,119.8333333,78.33333333,76.83333333,78.33333333,0.449931965046194,-1.3315433436065,-0.303163052014516,-0.639289206066304,-1.31490175118054,15.66,14.84394317,0.488091858,680.0823333,29776.95,20.45213858,0.480742509,611.004,41026.99,22.3788767,0.481773003,627.3723333,44892.02667,18.61630941,0.474711747,611.004,37344.31667,121.6666667,NA,102,102,1.86562539152438,0.188381413841325,-0.682801464137293,-0.0838786032720019,-0.877238044743787
"2850-57588","2850-57742","2850-57588_2850-57742",2,"CHR",45,"CHR-45",0,11,17.8981910109091,8,3,"CHR_45_2",1,NA,0,4,"no",18.1,12.52124294,0.529217393,669.7853333,25117.61333,26.61550183,0.468672327,627.7566667,53390.69667,22.60458126,0.444473503,616.0873333,45344.79,19.09416916,0.481473446,627.3723333,38302.90333,119.8333333,78.33333333,76.83333333,78.33333333,0.449931965046194,-1.3315433436065,-0.303163052014516,-0.639289206066304,-1.31490175118054,16.98,13.00562645,0.511030769,671.763,26089.28667,26.1463443,0.49002744,625.0783333,52449.56667,26.30566135,0.456120566,609.081,52769.15667,22.8044882,0.51172569,659.167,45745.80333,118,93,92,93,0.54947988828652,-0.300569350889335,0.281967817833205,0.605599739133584,0.0258620257862253
"2850-57588","2850-57744","2850-57588_2850-57744",2,"CHR",45,"CHR-45",0,11,28.17367532,0,-25,"CHR_45_2",1,NA,0,4,"no",18.1,12.52124294,0.529217393,669.7853333,25117.61333,26.61550183,0.468672327,627.7566667,53390.69667,22.60458126,0.444473503,616.0873333,45344.79,19.09416916,0.481473446,627.3723333,38302.90333,119.8333333,78.33333333,76.83333333,78.33333333,0.449931965046194,-1.3315433436065,-0.303163052014516,-0.639289206066304,-1.31490175118054,14.77,24.63866733,0.441897015,611.004,49425.16667,20.45419575,0.491736389,610.6836667,41031.11667,20.25567464,0.470934773,627.6863333,40632.88333,16.45550847,0.489979153,643.7406667,33009.75,116,84.5,NA,84.5,-0.693546420327017,2.79355701620318,-0.682452917821725,-0.456677716898191,-1.34317313948584
"2850-57588","2850-57745","2850-57588_2850-57745",2,"CHR",45,"CHR-45",0,11,5.294267559,6,-3,"CHR_45_2",1,NA,0,4,"no",18.1,12.52124294,0.529217393,669.7853333,25117.61333,26.61550183,0.468672327,627.7566667,53390.69667,22.60458126,0.444473503,616.0873333,45344.79,19.09416916,0.481473446,627.3723333,38302.90333,119.8333333,78.33333333,76.83333333,78.33333333,0.449931965046194,-1.3315433436065,-0.303163052014516,-0.639289206066304,-1.31490175118054,16.33,11.89491525,0.520998035,667.1156667,23861.2,19.28173812,0.496153459,634.065,38679.16667,21.88407444,0.484884869,657.7393333,43899.45333,26.3850565,0.474305256,645.4026667,52928.42333,118,85,86,85,-0.620427225702691,-0.59599346618265,-0.881102415479132,-0.170757684365318,0.797942599802867
"2850-57588","2850-57806","2850-57588_2850-57806",2,"CHR",45,"CHR-45",0,12,8.42402140866667,5,6,"CHR_45_2",1,NA,0,4,"no",18.1,12.52124294,0.529217393,669.7853333,25117.61333,26.61550183,0.468672327,627.7566667,53390.69667,22.60458126,0.444473503,616.0873333,45344.79,19.09416916,0.481473446,627.3723333,38302.90333,119.8333333,78.33333333,76.83333333,78.33333333,0.449931965046194,-1.3315433436065,-0.303163052014516,-0.639289206066304,-1.31490175118054,15.88,11.25502825,0.516086951,669.4676667,22577.58667,14.26422898,0.518970434,659.167,28614.04333,18.0460319,0.470292612,659.167,36200.34,17.57589232,0.493413321,659.167,35257.24,120.1666667,83.83333333,86,83.83333333,-0.791038680313578,-0.766188968724348,-1.73121899508845,-0.844654382153754,-1.1015839465002
"2850-57588","2850-57808","2850-57588_2850-57808",2,"CHR",45,"CHR-45",0,11,16.3594590081818,9,2,"CHR_45_2",1,NA,0,4,"no",18.1,12.52124294,0.529217393,669.7853333,25117.61333,26.61550183,0.468672327,627.7566667,53390.69667,22.60458126,0.444473503,616.0873333,45344.79,19.09416916,0.481473446,627.3723333,38302.90333,119.8333333,78.33333333,76.83333333,78.33333333,0.449931965046194,-1.3315433436065,-0.303163052014516,-0.639289206066304,-1.31490175118054,17.44,11.46748421,0.514088925,678.7753333,23003.77333,15.37756564,0.515459018,659.167,30847.39667,20.6164008,0.49573159,641.3963333,41356.5,18.7548222,0.472216787,642.151,37622.17333,120.5,NA,100,100,1.57314861302708,-0.709680477568599,-1.54258636344907,-0.393340178166818,-0.847370430038086
"2850-57588","2850-57881","2850-57588_2850-57881",2,"CHR",45,"CHR-45",0,11,16.18122728,0,16,"CHR_45_2",1,NA,0,4,"no",18.1,12.52124294,0.529217393,669.7853333,25117.61333,26.61550183,0.468672327,627.7566667,53390.69667,22.60458126,0.444473503,616.0873333,45344.79,19.09416916,0.481473446,627.3723333,38302.90333,119.8333333,78.33333333,76.83333333,78.33333333,0.449931965046194,-1.3315433436065,-0.303163052014516,-0.639289206066304,-1.31490175118054,16.55,11.73463277,0.535560863,644.7453333,23539.67333,21.93833167,0.494146676,611.004,44008.29333,26.56095214,0.438684751,643.7343333,53281.27,31.59365071,0.464706779,610.6836667,63376.86333,119.6666667,84.83333333,85.83333333,84.83333333,-0.644800291064927,-0.638624988986254,-0.430995767115722,0.650424573294177,1.92107559728725
"2850-57608","2850-57899","2850-57608_2850-57899",1,"Urban Farm Girlz",2,"Urban Farm Girlz-2",1,10,0.08,10,0,"Urban Farm Girlz_2_1",1,"wp",2,3,"yes",NA,NA,NA,NA,NA,NA,NA,NA,NA,NA,NA,NA,NA,NA,NA,NA,NA,NA,NA,NA,NA,NA,NA,NA,NA,NA,NA,NA,NA,NA,NA,NA,NA,NA,NA,NA,NA,NA,NA,NA,NA,NA,NA,119,83,83,83,-0.912904004199994,NA,NA,NA,NA
"2850-57609","2850-57557","2850-57609_2850-57557",1,"Cooks",6,"Cooks-6",1,11,0.08,11,0,"Cooks_6_1",1,NA,0,5,"no",18.1,22.70465769,0.474206188,627.3723333,45545.54333,30.26842971,0.465549311,611.004,60718.47,24.77977567,0.458920894,631.6946667,49708.23,29.68129279,0.445512159,611.004,59540.67333,116.1666667,74,74,74,-0.680071959437579,1.59134141630683,0.298402129605538,-0.256714740317231,0.449668010292263,18.25,14.35665503,0.503765598,644.0546667,28799.45,21.70364905,0.515457829,644.0546667,43537.52,15.87132436,0.509334773,611.004,31837.87667,19.32620306,0.47860699,611.004,38768.36333,117,84,83.66666667,84,-0.766665614951342,0.0587737645690167,-0.470758043703853,-1.22649700494595,-0.724163155268066
"2850-57609","2850-57633","2850-57609_2850-57633",1,"Cooks",6,"Cooks-6",0,3,1.482300005,3,8,"Cooks_6_1",1,NA,0,5,"no",18.1,22.70465769,0.474206188,627.3723333,45545.54333,30.26842971,0.465549311,611.004,60718.47,24.77977567,0.458920894,631.6946667,49708.23,29.68129279,0.445512159,611.004,59540.67333,116.1666667,74,74,74,-0.680071959437579,1.59134141630683,0.298402129605538,-0.256714740317231,0.449668010292263,17.94,11.19749917,0.509885343,666.1736667,22462.18333,17.60286474,0.553353548,659.167,35311.34667,16.38984214,0.524913975,659.167,32878.02333,19.65409771,0.49918894,658.7896667,39426.12,121.1666667,89,88.66666667,89,-0.0354736687080858,-0.781490405823964,-1.16555393426655,-1.1354538713577,-0.653458990907066
"2850-57609","2850-57638","2850-57609_2850-57638",1,"Cooks",6,"Cooks-6",0,11,8.358902715,9,-2,"Cooks_6_1",1,NA,0,5,"no",18.1,22.70465769,0.474206188,627.3723333,45545.54333,30.26842971,0.465549311,611.004,60718.47,24.77977567,0.458920894,631.6946667,49708.23,29.68129279,0.445512159,611.004,59540.67333,116.1666667,74,74,74,-0.680071959437579,1.59134141630683,0.298402129605538,-0.256714740317231,0.449668010292263,16.53,10.19052011,0.487622013,670.0956667,20442.18333,18.05735626,0.481711047,627.6863333,36223.05667,18.27628946,0.486914464,611.004,36662.23667,23.08476072,0.442975542,644.3686667,46308.03,122,99,105,99,1.42691022377843,-1.04932411265918,-1.08854943548773,-0.804224968537921,0.0862973952561187
"2850-57612","2640-97548","2850-57612_2640-97548",1,"Blue Cloud",18,"Blue Cloud-18",1,11,0.08,11,0,"Blue Cloud_18_1",1,"wp",5,5,"yes",18.9,13.22723496,0.518363044,638.1016667,26533.83333,31.54638584,0.423674908,599.3986667,63282.05,22.9551778,0.446093784,627.3723333,46048.08667,29.48091226,0.432903161,626.4176667,59138.71,123.3333333,83.16666667,82.66666667,83.16666667,1.71032096044763,-1.12890666754669,0.508856301354998,-0.577626081442894,0.416270324916798,20,8.556945829,0.558975656,675.7926667,17165.23333,16.23411599,0.513907415,647.108,32565.63667,13.59760386,0.499036814,680.1246667,27276.79333,18.35999003,0.513099679,677.3806667,36830.14,120,79.83333333,77.16666667,79.83333333,-1.37599223730818,-1.48381800875957,-1.39746103662103,-1.62572466349188,-0.932508381031462
"2850-57612","2640-97548","2850-57612_2640-97548",2,"Blue Cloud",21,"Blue Cloud-21",1,11,0.08,11,0,"Blue Cloud_21_2",1,"wp",4,5,"yes",18.9,13.22723496,0.518363044,638.1016667,26533.83333,31.54638584,0.423674908,599.3986667,63282.05,22.9551778,0.446093784,627.3723333,46048.08667,29.48091226,0.432903161,626.4176667,59138.71,123.3333333,83.16666667,82.66666667,83.16666667,1.71032096044763,-1.12890666754669,0.508856301354998,-0.577626081442894,0.416270324916798,20,8.556945829,0.558975656,675.7926667,17165.23333,16.23411599,0.513907415,647.108,32565.63667,13.59760386,0.499036814,680.1246667,27276.79333,18.35999003,0.513099679,677.3806667,36830.14,120,79.83333333,77.16666667,79.83333333,-1.37599223730818,-1.48381800875957,-1.39746103662103,-1.62572466349188,-0.932508381031462
"2850-57612","2850-57614","2850-57612_2850-57614",1,"Blue Cloud",18,"Blue Cloud-18",0,7,5.485719357,7,4,"Blue Cloud_18_1",1,NA,0,5,"no",18.9,13.22723496,0.518363044,638.1016667,26533.83333,31.54638584,0.423674908,599.3986667,63282.05,22.9551778,0.446093784,627.3723333,46048.08667,29.48091226,0.432903161,626.4176667,59138.71,123.3333333,83.16666667,82.66666667,83.16666667,1.71032096044763,-1.12890666754669,0.508856301354998,-0.577626081442894,0.416270324916798,18.3,13.30648222,0.524842311,674.1076667,26692.80333,31.01010136,0.478070016,618.34,62206.26333,23.45964274,0.480179557,610.7476667,47060.04333,26.01526421,0.457140549,611.004,52186.62,116.1666667,92.5,92.16666667,92.5,0.476360693662194,-0.220548505071683,1.10603418234368,0.105886011853365,0.718204016536593
"2850-57612","2850-57614","2850-57612_2850-57614",2,"Blue Cloud",21,"Blue Cloud-21",0,11,6.062382204,11,0,"Blue Cloud_21_2",1,NA,0,5,"no",18.9,13.22723496,0.518363044,638.1016667,26533.83333,31.54638584,0.423674908,599.3986667,63282.05,22.9551778,0.446093784,627.3723333,46048.08667,29.48091226,0.432903161,626.4176667,59138.71,123.3333333,83.16666667,82.66666667,83.16666667,1.71032096044763,-1.12890666754669,0.508856301354998,-0.577626081442894,0.416270324916798,18.3,13.30648222,0.524842311,674.1076667,26692.80333,31.01010136,0.478070016,618.34,62206.26333,23.45964274,0.480179557,610.7476667,47060.04333,26.01526421,0.457140549,611.004,52186.62,116.1666667,92.5,92.16666667,92.5,0.476360693662194,-0.220548505071683,1.10603418234368,0.105886011853365,0.718204016536593
"2850-57612","2850-57659","2850-57612_2850-57659",2,"Blue Cloud",21,"Blue Cloud-21",0,11,7.43035803454545,2,9,"Blue Cloud_21_2",1,NA,0,5,"no",18.9,13.22723496,0.518363044,638.1016667,26533.83333,31.54638584,0.423674908,599.3986667,63282.05,22.9551778,0.446093784,627.3723333,46048.08667,29.48091226,0.432903161,626.4176667,59138.71,123.3333333,83.16666667,82.66666667,83.16666667,1.71032096044763,-1.12890666754669,0.508856301354998,-0.577626081442894,0.416270324916798,18.87,11.84195912,0.556138857,670.81,23754.97,21.67765038,0.502116285,616.7863333,43485.36667,25.05338485,0.45743907,627.1573333,50257.09,24.84697906,0.488799595,625.7763333,49843.04,120.3333333,NA,89.33333333,89.33333333,0.0132724605540037,-0.610078601773799,-0.475162998393141,0.385720728082273,0.466285831027572
"2850-57612","2850-57659","2850-57612_2850-57659",1,"Blue Cloud",18,"Blue Cloud-18",0,0,5.758099624,0,11,"Blue Cloud_18_1",1,NA,0,5,"no",18.9,13.22723496,0.518363044,638.1016667,26533.83333,31.54638584,0.423674908,599.3986667,63282.05,22.9551778,0.446093784,627.3723333,46048.08667,29.48091226,0.432903161,626.4176667,59138.71,123.3333333,83.16666667,82.66666667,83.16666667,1.71032096044763,-1.12890666754669,0.508856301354998,-0.577626081442894,0.416270324916798,18.87,11.84195912,0.556138857,670.81,23754.97,21.67765038,0.502116285,616.7863333,43485.36667,25.05338485,0.45743907,627.1573333,50257.09,24.84697906,0.488799595,625.7763333,49843.04,120.3333333,NA,89.33333333,89.33333333,0.0132724605540037,-0.610078601773799,-0.475162998393141,0.385720728082273,0.466285831027572
"2850-57629","2850-57868","2850-57629_2850-57868",1,"Urban Farm Girlz",8,"Urban Farm Girlz-8",1,10,0.08,10,0,"Urban Farm Girlz_8_1",1,"wp",3,3,"yes",19.02,15.71125789,0.536531031,685.4083333,31516.78333,25.05653539,0.492861382,670.057,50263.41,19.96372715,0.488795698,688.7656667,40047.23667,17.6905334,0.496600632,658.7226667,35487.21,117,NA,79,79,0.623778723662044,-0.41593239088058,-0.55989407995317,-1.10376417235426,-1.5488475616554,19,11.44505317,0.569608511,685.4083333,22958.77667,25.26557328,0.476245808,620.4296667,50682.74,22.7552343,0.490298323,659.375,45647,21.53962944,0.505408439,670.7396667,43208.49667,120,90.33333333,91.16666667,90.33333333,0.159510849802655,-0.715646628037874,0.132738782858012,-0.0177964425913174,-0.246880398222494
"2850-57629","2850-57868","2850-57629_2850-57868",2,"Urban Farm Girlz",8,"Urban Farm Girlz-8",1,11,0.08,11,0,"Urban Farm Girlz_8_2",1,"wp",1,4,"yes",19.02,15.71125789,0.536531031,685.4083333,31516.78333,25.05653539,0.492861382,670.057,50263.41,19.96372715,0.488795698,688.7656667,40047.23667,17.6905334,0.496600632,658.7226667,35487.21,117,NA,79,79,0.623778723662044,-0.41593239088058,-0.55989407995317,-1.10376417235426,-1.5488475616554,19,11.44505317,0.569608511,685.4083333,22958.77667,25.26557328,0.476245808,620.4296667,50682.74,22.7552343,0.490298323,659.375,45647,21.53962944,0.505408439,670.7396667,43208.49667,120,90.33333333,91.16666667,90.33333333,0.159510849802655,-0.715646628037874,0.132738782858012,-0.0177964425913174,-0.246880398222494
"2850-57629","2850-57899","2850-57629_2850-57899",1,"Urban Farm Girlz",8,"Urban Farm Girlz-8",0,10,7.420861852,0,-22,"Urban Farm Girlz_8_1",1,NA,0,3,"no",19.02,15.71125789,0.536531031,685.4083333,31516.78333,25.05653539,0.492861382,670.057,50263.41,19.96372715,0.488795698,688.7656667,40047.23667,17.6905334,0.496600632,658.7226667,35487.21,117,NA,79,79,0.623778723662044,-0.41593239088058,-0.55989407995317,-1.10376417235426,-1.5488475616554,NA,NA,NA,NA,NA,NA,NA,NA,NA,NA,NA,NA,NA,NA,NA,NA,NA,119,83,83,83,-0.912904004199994,NA,NA,NA,NA
"2850-57629","2850-57899","2850-57629_2850-57899",2,"Urban Farm Girlz",8,"Urban Farm Girlz-8",0,0,7.420861852,0,-67,"Urban Farm Girlz_8_2",1,NA,0,4,"no",19.02,15.71125789,0.536531031,685.4083333,31516.78333,25.05653539,0.492861382,670.057,50263.41,19.96372715,0.488795698,688.7656667,40047.23667,17.6905334,0.496600632,658.7226667,35487.21,117,NA,79,79,0.623778723662044,-0.41593239088058,-0.55989407995317,-1.10376417235426,-1.5488475616554,NA,NA,NA,NA,NA,NA,NA,NA,NA,NA,NA,NA,NA,NA,NA,NA,NA,119,83,83,83,-0.912904004199994,NA,NA,NA,NA
"2850-57635","2350-21085","2850-57635_2350-21085",1,"Make Believe",34,"Make Believe-34",0,11,9.322435728,0,-15,"Make Believe_34_1",1,"ep_same",1,4,"yes",17.99,13.44884015,0.474851404,643.7406667,26978.37333,28.03611499,0.444287898,611.004,56240.44667,23.18695248,0.404177279,610.6836667,46513.02667,24.56099701,0.446808925,611.004,49269.36,120.6666667,75.16666667,75.5,75.16666667,-0.375840132511767,-1.06530065242601,-0.0692160807955711,-0.536861415090538,-0.403738393462447,18.2,9.637572283,0.565814715,678.4426667,19332.97,28.84809571,0.4595684,575.396,57869.28,35.25318711,0.41933404,600.3766667,70717.89333,28.30530741,0.481670083,649.4673333,56780.44667,119,84.5,NA,84.5,-0.693546420327017,-1.19639575702077,0.739725562470587,2.17663705833979,1.21200771478721
"2850-57635","2350-21085","2850-57635_2350-21085",2,"Make Believe",38,"Make Believe-38",0,11,12.88609469,0,-13,"Make Believe_38_2",1,"ep_same",3,4,"yes",17.99,13.44884015,0.474851404,643.7406667,26978.37333,28.03611499,0.444287898,611.004,56240.44667,23.18695248,0.404177279,610.6836667,46513.02667,24.56099701,0.446808925,611.004,49269.36,120.6666667,75.16666667,75.5,75.16666667,-0.375840132511767,-1.06530065242601,-0.0692160807955711,-0.536861415090538,-0.403738393462447,18.2,9.637572283,0.565814715,678.4426667,19332.97,28.84809571,0.4595684,575.396,57869.28,35.25318711,0.41933404,600.3766667,70717.89333,28.30530741,0.481670083,649.4673333,56780.44667,119,84.5,NA,84.5,-0.693546420327017,-1.19639575702077,0.739725562470587,2.17663705833979,1.21200771478721
"2850-57635","2850-57518","2850-57635_2850-57518",1,"Make Believe",34,"Make Believe-34",0,11,10.14581095,8,-3,"Make Believe_34_1",1,"ep_same",1,4,"yes",17.99,13.44884015,0.474851404,643.7406667,26978.37333,28.03611499,0.444287898,611.004,56240.44667,23.18695248,0.404177279,610.6836667,46513.02667,24.56099701,0.446808925,611.004,49269.36,120.6666667,75.16666667,75.5,75.16666667,-0.375840132511767,-1.06530065242601,-0.0692160807955711,-0.536861415090538,-0.403738393462447,18.14,14.90719508,0.519809235,611.004,29903.83333,19.59704719,0.532886535,665.0906667,39311.67667,20.80960452,0.478712673,627.0583333,41744.06667,18.70017448,0.514676857,678.7786667,37512.55,122.8333333,101.1666667,NA,101.1666667,1.74376007202512,0.205204994581631,-0.82767959937078,-0.35941680510581,-0.859154158064248
"2850-57635","2850-57518","2850-57635_2850-57518",2,"Make Believe",38,"Make Believe-38",0,11,9.90871048,6,-4,"Make Believe_38_2",1,NA,0,4,"no",17.99,13.44884015,0.474851404,643.7406667,26978.37333,28.03611499,0.444287898,611.004,56240.44667,23.18695248,0.404177279,610.6836667,46513.02667,24.56099701,0.446808925,611.004,49269.36,120.6666667,75.16666667,75.5,75.16666667,-0.375840132511767,-1.06530065242601,-0.0692160807955711,-0.536861415090538,-0.403738393462447,18.14,14.90719508,0.519809235,611.004,29903.83333,19.59704719,0.532886535,665.0906667,39311.67667,20.80960452,0.478712673,627.0583333,41744.06667,18.70017448,0.514676857,678.7786667,37512.55,122.8333333,101.1666667,NA,101.1666667,1.74376007202512,0.205204994581631,-0.82767959937078,-0.35941680510581,-0.859154158064248
"2850-57635","2850-57668","2850-57635_2850-57668",1,"Make Believe",34,"Make Believe-34",1,11,0.08,11,0,"Make Believe_34_1",1,"wp",2,4,"yes",17.99,13.44884015,0.474851404,643.7406667,26978.37333,28.03611499,0.444287898,611.004,56240.44667,23.18695248,0.404177279,610.6836667,46513.02667,24.56099701,0.446808925,611.004,49269.36,120.6666667,75.16666667,75.5,75.16666667,-0.375840132511767,-1.06530065242601,-0.0692160807955711,-0.536861415090538,-0.403738393462447,15.92,11.681557,0.516184021,664.1173333,23433.20333,26.74239614,0.471296726,631.6946667,53645.24667,23.99616318,0.472439003,611.004,48136.30333,20.15335992,0.478588104,611.004,40427.64,115.3333333,79.33333333,81.16666667,79.33333333,-1.44911143193251,-0.65274194611765,0.382956881799442,0.200090114346715,-0.54580271363912
"2850-57635","2850-57668","2850-57635_2850-57668",2,"Make Believe",38,"Make Believe-38",1,11,0.08,11,0,"Make Believe_38_2",1,"wp",1,4,"yes",17.99,13.44884015,0.474851404,643.7406667,26978.37333,28.03611499,0.444287898,611.004,56240.44667,23.18695248,0.404177279,610.6836667,46513.02667,24.56099701,0.446808925,611.004,49269.36,120.6666667,75.16666667,75.5,75.16666667,-0.375840132511767,-1.06530065242601,-0.0692160807955711,-0.536861415090538,-0.403738393462447,15.92,11.681557,0.516184021,664.1173333,23433.20333,26.74239614,0.471296726,631.6946667,53645.24667,23.99616318,0.472439003,611.004,48136.30333,20.15335992,0.478588104,611.004,40427.64,115.3333333,79.33333333,81.16666667,79.33333333,-1.44911143193251,-0.65274194611765,0.382956881799442,0.200090114346715,-0.54580271363912
"2850-57635","2850-57873","2850-57635_2850-57873",1,"Make Believe",34,"Make Believe-34",0,11,5.088129173,9,-1,"Make Believe_34_1",1,NA,0,4,"no",17.99,13.44884015,0.474851404,643.7406667,26978.37333,28.03611499,0.444287898,611.004,56240.44667,23.18695248,0.404177279,610.6836667,46513.02667,24.56099701,0.446808925,611.004,49269.36,120.6666667,75.16666667,75.5,75.16666667,-0.375840132511767,-1.06530065242601,-0.0692160807955711,-0.536861415090538,-0.403738393462447,17.78,14.19395646,0.523433174,611.004,28473.07667,25.92409605,0.488596319,611.004,52003.73667,17.52426554,0.486432213,611.004,35153.67667,23.12273347,0.46271403,611.004,46384.20333,121.6666667,91.5,93.83333333,91.5,0.330122304413543,0.0154996163460246,0.244312296569091,-0.936267912581453,0.0944854872461505
"2850-57635","2850-57873","2850-57635_2850-57873",2,"Make Believe",38,"Make Believe-38",0,11,9.26732470118182,10,1,"Make Believe_38_2",1,NA,0,4,"no",17.99,13.44884015,0.474851404,643.7406667,26978.37333,28.03611499,0.444287898,611.004,56240.44667,23.18695248,0.404177279,610.6836667,46513.02667,24.56099701,0.446808925,611.004,49269.36,120.6666667,75.16666667,75.5,75.16666667,-0.375840132511767,-1.06530065242601,-0.0692160807955711,-0.536861415090538,-0.403738393462447,17.78,14.19395646,0.523433174,611.004,28473.07667,25.92409605,0.488596319,611.004,52003.73667,17.52426554,0.486432213,611.004,35153.67667,23.12273347,0.46271403,611.004,46384.20333,121.6666667,91.5,93.83333333,91.5,0.330122304413543,0.0154996163460246,0.244312296569091,-0.936267912581453,0.0944854872461505
"2850-57635","2850-57875","2850-57635_2850-57875",1,"Make Believe",34,"Make Believe-34",0,11,8.086602378,11,0,"Make Believe_34_1",1,NA,0,4,"no",17.99,13.44884015,0.474851404,643.7406667,26978.37333,28.03611499,0.444287898,611.004,56240.44667,23.18695248,0.404177279,610.6836667,46513.02667,24.56099701,0.446808925,611.004,49269.36,120.6666667,75.16666667,75.5,75.16666667,-0.375840132511767,-1.06530065242601,-0.0692160807955711,-0.536861415090538,-0.403738393462447,18.35,10.47729977,0.47401193,669.7853333,21017.46333,18.82554005,0.501831056,611.004,37764.03333,18.80828847,0.487568807,611.004,37729.42667,20.39057162,0.464260504,627.3723333,40903.48667,120,85.16666667,78.16666667,85.16666667,-0.596054160340455,-0.97304719446513,-0.958396055026497,-0.710814754260901,-0.494652580432762
"2850-57635","2850-57875","2850-57635_2850-57875",2,"Make Believe",38,"Make Believe-38",0,11,6.161113691,9,-2,"Make Believe_38_2",1,NA,0,4,"no",17.99,13.44884015,0.474851404,643.7406667,26978.37333,28.03611499,0.444287898,611.004,56240.44667,23.18695248,0.404177279,610.6836667,46513.02667,24.56099701,0.446808925,611.004,49269.36,120.6666667,75.16666667,75.5,75.16666667,-0.375840132511767,-1.06530065242601,-0.0692160807955711,-0.536861415090538,-0.403738393462447,18.35,10.47729977,0.47401193,669.7853333,21017.46333,18.82554005,0.501831056,611.004,37764.03333,18.80828847,0.487568807,611.004,37729.42667,20.39057162,0.464260504,627.3723333,40903.48667,120,85.16666667,78.16666667,85.16666667,-0.596054160340455,-0.97304719446513,-0.958396055026497,-0.710814754260901,-0.494652580432762
"2850-57635","2850-57877","2850-57635_2850-57877",2,"Make Believe",38,"Make Believe-38",0,9,7.616218514,0,-34,"Make Believe_38_2",1,NA,0,4,"no",17.99,13.44884015,0.474851404,643.7406667,26978.37333,28.03611499,0.444287898,611.004,56240.44667,23.18695248,0.404177279,610.6836667,46513.02667,24.56099701,0.446808925,611.004,49269.36,120.6666667,75.16666667,75.5,75.16666667,-0.375840132511767,-1.06530065242601,-0.0692160807955711,-0.536861415090538,-0.403738393462447,17.41,16.51858757,0.525460668,643.7406667,33136.28667,21.75545862,0.485404041,611.004,43641.45,23.0853988,0.486452342,627.3723333,46309.31,26.05510967,0.469183949,611.004,52266.55,120.3333333,80.83333333,NA,80.83333333,-1.22975384805953,0.633799034822283,-0.461979948196601,0.040174974858623,0.726795922360246
"2850-57635","2850-57877","2850-57635_2850-57877",1,"Make Believe",34,"Make Believe-34",0,0,5.791827141,0,14,"Make Believe_34_1",1,NA,0,4,"no",17.99,13.44884015,0.474851404,643.7406667,26978.37333,28.03611499,0.444287898,611.004,56240.44667,23.18695248,0.404177279,610.6836667,46513.02667,24.56099701,0.446808925,611.004,49269.36,120.6666667,75.16666667,75.5,75.16666667,-0.375840132511767,-1.06530065242601,-0.0692160807955711,-0.536861415090538,-0.403738393462447,17.41,16.51858757,0.525460668,643.7406667,33136.28667,21.75545862,0.485404041,611.004,43641.45,23.0853988,0.486452342,627.3723333,46309.31,26.05510967,0.469183949,611.004,52266.55,120.3333333,80.83333333,NA,80.83333333,-1.22975384805953,0.633799034822283,-0.461979948196601,0.040174974858623,0.726795922360246
"2850-57637","2850-57557","2850-57637_2850-57557",1,"Cooks",2,"Cooks-2",0,11,1.482300005,3,-8,"Cooks_2_1",1,NA,0,1,"no",23.06,21.08817714,0.490705084,658.7896667,42302.88333,22.7540329,0.479011297,642.151,45644.59,18.7512014,0.46052956,659.167,37614.91,21.16858757,0.484169565,659.167,42464.18667,114.6666667,73,76,73,-0.940842096057504,1.12737265138038,-0.939070831884412,-1.31702391083126,-0.9691557178995,18.25,14.35665503,0.503765598,644.0546667,28799.45,21.70364905,0.515457829,644.0546667,43537.52,15.87132436,0.509334773,611.004,31837.87667,19.32620306,0.47860699,611.004,38768.36333,117,84,83.66666667,84,-0.766665614951342,0.0587737645690167,-0.470758043703853,-1.22649700494595,-0.724163155268066
"2850-57637","2850-57573","2850-57637_2850-57573",1,"Cooks",2,"Cooks-2",0,5,8.139134548,5,6,"Cooks_2_1",1,NA,0,1,"no",23.06,21.08817714,0.490705084,658.7896667,42302.88333,22.7540329,0.479011297,642.151,45644.59,18.7512014,0.46052956,659.167,37614.91,21.16858757,0.484169565,659.167,42464.18667,114.6666667,73,76,73,-0.940842096057504,1.12737265138038,-0.939070831884412,-1.31702391083126,-0.9691557178995,18.3,12.92033898,0.516923185,659.167,25918.2,24.59975573,0.484233366,625.7763333,49347.11,31.1244234,0.424712746,659.167,62435.59333,21.93607178,0.497268887,659.167,44003.76,117.1666667,87.5,87,87.5,-0.254831252581063,-0.323253893343174,0.019929314562782,1.45169453852141,-0.161395245088646
"2850-57637","2850-57574","2850-57637_2850-57574",1,"Cooks",2,"Cooks-2",0,1,4.61834683,1,10,"Cooks_2_1",1,NA,0,1,"no",23.06,21.08817714,0.490705084,658.7896667,42302.88333,22.7540329,0.479011297,642.151,45644.59,18.7512014,0.46052956,659.167,37614.91,21.16858757,0.484169565,659.167,42464.18667,114.6666667,73,76,73,-0.940842096057504,1.12737265138038,-0.939070831884412,-1.31702391083126,-0.9691557178995,18.7,11.90285975,0.492942754,627.3723333,23877.13667,21.77220837,0.49172923,611.004,43675.05,18.26303423,0.465028061,637.359,36635.64667,20.35447823,0.465982626,611.004,40831.08333,121,88,90,88,-0.181712057956737,-0.59388040845536,-0.459142038034007,-0.806552367370094,-0.502435424644784
"2850-57637","2850-57633","2850-57637_2850-57633",1,"Cooks",2,"Cooks-2",1,11,0.08,11,0,"Cooks_2_1",1,"wp",1,1,"yes",23.06,21.08817714,0.490705084,658.7896667,42302.88333,22.7540329,0.479011297,642.151,45644.59,18.7512014,0.46052956,659.167,37614.91,21.16858757,0.484169565,659.167,42464.18667,114.6666667,73,76,73,-0.940842096057504,1.12737265138038,-0.939070831884412,-1.31702391083126,-0.9691557178995,17.94,11.19749917,0.509885343,666.1736667,22462.18333,17.60286474,0.553353548,659.167,35311.34667,16.38984214,0.524913975,659.167,32878.02333,19.65409771,0.49918894,658.7896667,39426.12,121.1666667,89,88.66666667,89,-0.0354736687080858,-0.781490405823964,-1.16555393426655,-1.1354538713577,-0.653458990907066
"2850-57637","2850-57638","2850-57637_2850-57638",1,"Cooks",2,"Cooks-2",0,11,7.269682798,1,-10,"Cooks_2_1",1,NA,0,1,"no",23.06,21.08817714,0.490705084,658.7896667,42302.88333,22.7540329,0.479011297,642.151,45644.59,18.7512014,0.46052956,659.167,37614.91,21.16858757,0.484169565,659.167,42464.18667,114.6666667,73,76,73,-0.940842096057504,1.12737265138038,-0.939070831884412,-1.31702391083126,-0.9691557178995,16.53,10.19052011,0.487622013,670.0956667,20442.18333,18.05735626,0.481711047,627.6863333,36223.05667,18.27628946,0.486914464,611.004,36662.23667,23.08476072,0.442975542,644.3686667,46308.03,122,99,105,99,1.42691022377843,-1.04932411265918,-1.08854943548773,-0.804224968537921,0.0862973952561187
"2850-57637","2850-57673","2850-57637_2850-57673",1,"Cooks",2,"Cooks-2",0,2,4.463487017,2,9,"Cooks_2_1",1,NA,0,1,"no",23.06,21.08817714,0.490705084,658.7896667,42302.88333,22.7540329,0.479011297,642.151,45644.59,18.7512014,0.46052956,659.167,37614.91,21.16858757,0.484169565,659.167,42464.18667,114.6666667,73,76,73,-0.940842096057504,1.12737265138038,-0.939070831884412,-1.31702391083126,-0.9691557178995,16.42,10.84304919,0.510941546,631.6946667,21751.15667,23.8083001,0.490864516,611.004,47759.45,25.12981888,0.475219286,611.004,50410.41667,29.45398804,0.462833294,611.004,59084.7,121.1666667,86,86.33333333,86,-0.47418883645404,-0.875766102114083,-0.114167013777566,0.399141277718927,1.45969856324056
"2850-57637","2850-57675","2850-57637_2850-57675",1,"Cooks",2,"Cooks-2",0,0,1.685430942,0,42,"Cooks_2_1",1,NA,0,1,"no",23.06,21.08817714,0.490705084,658.7896667,42302.88333,22.7540329,0.479011297,642.151,45644.59,18.7512014,0.46052956,659.167,37614.91,21.16858757,0.484169565,659.167,42464.18667,114.6666667,73,76,73,-0.940842096057504,1.12737265138038,-0.939070831884412,-1.31702391083126,-0.9691557178995,16.13,21.83237454,0.479320618,646.7306667,43795.74333,30.69659189,0.449354193,597.0816667,61577.36333,23.809111,0.463668452,633.779,47761.07667,29.3981572,0.45677817,609.081,58972.70333,120.5,87.66666667,90.16666667,87.66666667,-0.230458187218827,2.04714645984995,1.05291627246548,0.167246849817363,1.44765971817928
"2850-57637","2850-57676","2850-57637_2850-57676",1,"Cooks",2,"Cooks-2",0,0,3.391521836,0,26,"Cooks_2_1",1,NA,0,1,"no",23.06,21.08817714,0.490705084,658.7896667,42302.88333,22.7540329,0.479011297,642.151,45644.59,18.7512014,0.46052956,659.167,37614.91,21.16858757,0.484169565,659.167,42464.18667,114.6666667,73,76,73,-0.940842096057504,1.12737265138038,-0.939070831884412,-1.31702391083126,-0.9691557178995,15.04,12.13272848,0.48765255,653.7273333,24338.25333,11.56205716,0.497269884,644.0546667,23193.48667,29.82227983,0.475489058,611.004,59823.49333,24.87789963,0.471451969,611.004,49905.06667,115.1666667,74.16666667,71.5,74.16666667,-2.20467644207562,-0.532740513409871,-2.18904796979264,1.22305969596194,0.472953256261305
"2850-57637","2870-64915","2850-57637_2870-64915",1,"Cooks",2,"Cooks-2",0,0,3.986457179,0,44,"Cooks_2_1",1,NA,0,1,"no",23.06,21.08817714,0.490705084,658.7896667,42302.88333,22.7540329,0.479011297,642.151,45644.59,18.7512014,0.46052956,659.167,37614.91,21.16858757,0.484169565,659.167,42464.18667,114.6666667,73,76,73,-0.940842096057504,1.12737265138038,-0.939070831884412,-1.31702391083126,-0.9691557178995,16.13,17.296557,0.511786214,611.004,34696.89333,40.0972898,0.40323729,627.0583333,80435.16333,37.77161349,0.386328777,611.004,75769.85667,30.36117979,0.457614333,611.004,60904.52667,119.8333333,92.5,91.66666667,92.5,0.476360693662194,0.840721347825874,2.64567653063407,2.61883101617572,1.65531698702071
"2850-57645","2850-57552","2850-57645_2850-57552",2,"Struthers",3,"Struthers-3",0,9,5.664082546,0,-35,"Struthers_3_2",1,NA,0,4,"no",19.03,13.92495181,0.554820262,688.7656667,27933.45333,29.63371718,0.470303247,630.108,59445.23667,20.0065653,0.469153661,625.135,40133.17,22.27975573,0.470981619,662.08,44693.19,116.1666667,76.5,75,76.5,-0.0281466178877678,-0.928645164144827,0.193877493223729,-1.09622977346348,-0.783955865364352,17.6,16.47890661,0.541955633,652.3853333,33056.68667,28.13388501,0.471008287,636.077,56436.57333,26.12840312,0.473146464,630.4126667,52413.57667,25.80811565,0.486261458,632.783,51771.08,124.1666667,95,95.5,95,0.841956666783822,0.623244794888455,0.618716842712803,0.574476130000053,0.673536420302912
"2850-57645","2850-57674","2850-57645_2850-57674",2,"Struthers",3,"Struthers-3",1,10,0.08,10,0,"Struthers_3_2",1,NA,0,4,"no",19.03,13.92495181,0.554820262,688.7656667,27933.45333,29.63371718,0.470303247,630.108,59445.23667,20.0065653,0.469153661,625.135,40133.17,22.27975573,0.470981619,662.08,44693.19,116.1666667,76.5,75,76.5,-0.0281466178877678,-0.928645164144827,0.193877493223729,-1.09622977346348,-0.783955865364352,17.49,15.36206547,0.525460468,686.4013333,30816.30333,21.17854271,0.51035659,688.3933333,42484.15667,19.32716683,0.489049527,682.4233333,38770.29667,21.16911266,0.514089369,678.0256667,42465.24,120,87.5,87.5,87.5,-0.254831252581063,0.326190253881146,-0.559726811519982,-0.619708308797199,-0.326775203799921
"2850-57648","2640-97588","2850-57648_2640-97588",1,"CHR",133,"CHR-133",0,9,6.053862163,0,21,"CHR_133_1",1,NA,0,1,"no",17.74,11.60741442,0.494800711,627.6863333,23284.47333,18.61403456,0.491184052,627.6863333,37339.75333,20.95208873,0.466379984,610.6836667,42029.89,24.50020273,0.465461665,611.004,49147.40667,119.8333333,77,76,77,0.102238450422195,-1.59383408986941,-1.62084691263989,-0.929930559277157,-0.413871055732918,18.7,11.85018943,0.544837496,653.7273333,23771.48,14.45612662,0.507893605,610.6836667,28998.99,21.21705716,0.471668493,610.6836667,42561.41667,27.50362745,0.462396686,637.0386667,55172.27667,119,87,85,87,-0.327950447205388,-0.607889525035993,-1.69870577771304,-0.287874870450448,1.03914087582914
"2850-57648","2640-97588","2850-57648_2640-97588",2,"CHR",151,"CHR-151",0,10,3.332966163,9,1,"CHR_151_2",1,NA,0,3,"no",17.74,11.60741442,0.494800711,627.6863333,23284.47333,18.61403456,0.491184052,627.6863333,37339.75333,20.95208873,0.466379984,610.6836667,42029.89,24.50020273,0.465461665,611.004,49147.40667,119.8333333,77,76,77,0.102238450422195,-1.59383408986941,-1.62084691263989,-0.929930559277157,-0.413871055732918,18.7,11.85018943,0.544837496,653.7273333,23771.48,14.45612662,0.507893605,610.6836667,28998.99,21.21705716,0.471668493,610.6836667,42561.41667,27.50362745,0.462396686,637.0386667,55172.27667,119,87,85,87,-0.327950447205388,-0.607889525035993,-1.69870577771304,-0.287874870450448,1.03914087582914
"2850-57648","2640-97589","2850-57648_2640-97589",1,"CHR",133,"CHR-133",0,9,5.589012772,0,24,"CHR_133_1",1,NA,0,1,"no",17.74,11.60741442,0.494800711,627.6863333,23284.47333,18.61403456,0.491184052,627.6863333,37339.75333,20.95208873,0.466379984,610.6836667,42029.89,24.50020273,0.465461665,611.004,49147.40667,119.8333333,77,76,77,0.102238450422195,-1.59383408986941,-1.62084691263989,-0.929930559277157,-0.413871055732918,16.1,11.8153556,0.523609389,681.183,23701.60333,16.91354271,0.528785659,657.7393333,33928.56667,18.6526321,0.480672665,627.3723333,37417.18,20.65218677,0.48363622,650.113,41428.28667,119,99.66666667,98,99.66666667,1.52440248376499,-0.617154537768401,-1.28234576663637,-0.738145434585443,-0.438240313367936
"2850-57648","2640-97589","2850-57648_2640-97589",2,"CHR",151,"CHR-151",0,10,8.398125942,6,4,"CHR_151_2",1,NA,0,3,"no",17.74,11.60741442,0.494800711,627.6863333,23284.47333,18.61403456,0.491184052,627.6863333,37339.75333,20.95208873,0.466379984,610.6836667,42029.89,24.50020273,0.465461665,611.004,49147.40667,119.8333333,77,76,77,0.102238450422195,-1.59383408986941,-1.62084691263989,-0.929930559277157,-0.413871055732918,16.1,11.8153556,0.523609389,681.183,23701.60333,16.91354271,0.528785659,657.7393333,33928.56667,18.6526321,0.480672665,627.3723333,37417.18,20.65218677,0.48363622,650.113,41428.28667,119,99.66666667,98,99.66666667,1.52440248376499,-0.617154537768401,-1.28234576663637,-0.738145434585443,-0.438240313367936
"2850-57648","2811-83208","2850-57648_2811-83208",1,"CHR",133,"CHR-133",0,9,22.14425318,0,-10,"CHR_133_1",1,NA,0,1,"no",17.74,11.60741442,0.494800711,627.6863333,23284.47333,18.61403456,0.491184052,627.6863333,37339.75333,20.95208873,0.466379984,610.6836667,42029.89,24.50020273,0.465461665,611.004,49147.40667,119.8333333,77,76,77,0.102238450422195,-1.59383408986941,-1.62084691263989,-0.929930559277157,-0.413871055732918,16.9,18.73416916,0.484585352,611.004,37580.74333,21.00459455,0.486882121,610.6836667,42135.21667,26.39878531,0.450512144,610.6836667,52955.96333,23.23742606,0.475660646,611.004,46614.27667,118,87,89.5,87,-0.327950447205388,1.22309374175052,-0.589198848477454,0.621950764031026,0.119216734719535
"2850-57648","2811-83208","2850-57648_2811-83208",2,"CHR",151,"CHR-151",0,10,24.98854943,0,19,"CHR_151_2",1,NA,0,3,"no",17.74,11.60741442,0.494800711,627.6863333,23284.47333,18.61403456,0.491184052,627.6863333,37339.75333,20.95208873,0.466379984,610.6836667,42029.89,24.50020273,0.465461665,611.004,49147.40667,119.8333333,77,76,77,0.102238450422195,-1.59383408986941,-1.62084691263989,-0.929930559277157,-0.413871055732918,16.9,18.73416916,0.484585352,611.004,37580.74333,21.00459455,0.486882121,610.6836667,42135.21667,26.39878531,0.450512144,610.6836667,52955.96333,23.23742606,0.475660646,611.004,46614.27667,118,87,89.5,87,-0.327950447205388,1.22309374175052,-0.589198848477454,0.621950764031026,0.119216734719535
"2850-57648","2850-57567","2850-57648_2850-57567",1,"CHR",133,"CHR-133",0,9,2.83997057,0,-12,"CHR_133_1",1,NA,0,1,"no",17.74,11.60741442,0.494800711,627.6863333,23284.47333,18.61403456,0.491184052,627.6863333,37339.75333,20.95208873,0.466379984,610.6836667,42029.89,24.50020273,0.465461665,611.004,49147.40667,119.8333333,77,76,77,0.102238450422195,-1.59383408986941,-1.62084691263989,-0.929930559277157,-0.413871055732918,16.6,10.56012296,0.52180729,667.1156667,21183.60667,26.35612994,0.49271154,611.3883333,52870.39667,22.28285809,0.48721335,606.0566667,44699.41333,16.73888169,0.511359264,628.0706667,33578.19667,121.5,102.1666667,102.5,102.1666667,1.88999846127377,-0.951018094883241,0.317511799070068,-0.100737880763292,-1.28206916379613
"2850-57648","2850-57567","2850-57648_2850-57567",2,"CHR",151,"CHR-151",0,10,1.707202981,0,-32,"CHR_151_2",1,NA,0,3,"no",17.74,11.60741442,0.494800711,627.6863333,23284.47333,18.61403456,0.491184052,627.6863333,37339.75333,20.95208873,0.466379984,610.6836667,42029.89,24.50020273,0.465461665,611.004,49147.40667,119.8333333,77,76,77,0.102238450422195,-1.59383408986941,-1.62084691263989,-0.929930559277157,-0.413871055732918,16.6,10.56012296,0.52180729,667.1156667,21183.60667,26.35612994,0.49271154,611.3883333,52870.39667,22.28285809,0.48721335,606.0566667,44699.41333,16.73888169,0.511359264,628.0706667,33578.19667,121.5,102.1666667,102.5,102.1666667,1.88999846127377,-0.951018094883241,0.317511799070068,-0.100737880763292,-1.28206916379613
"2850-57648","2850-57570","2850-57648_2850-57570",1,"CHR",133,"CHR-133",1,9,0.08,9,0,"CHR_133_1",1,NA,0,1,"no",17.74,11.60741442,0.494800711,627.6863333,23284.47333,18.61403456,0.491184052,627.6863333,37339.75333,20.95208873,0.466379984,610.6836667,42029.89,24.50020273,0.465461665,611.004,49147.40667,119.8333333,77,76,77,0.102238450422195,-1.59383408986941,-1.62084691263989,-0.929930559277157,-0.413871055732918,16.51,16.84077767,0.501161039,611.004,33782.6,23.06811898,0.49586693,611.004,46274.64667,25.67366733,0.443766873,611.004,51501.37667,19.07592556,0.494641169,627.6863333,38266.30667,121.5,90,NA,90,0.110764720540566,0.719494330997171,-0.239575901827104,0.494632057389222,-0.778130676530947
"2850-57648","2850-57570","2850-57648_2850-57570",2,"CHR",151,"CHR-151",1,10,0.08,10,0,"CHR_151_2",1,"wp",2,3,"yes",17.74,11.60741442,0.494800711,627.6863333,23284.47333,18.61403456,0.491184052,627.6863333,37339.75333,20.95208873,0.466379984,610.6836667,42029.89,24.50020273,0.465461665,611.004,49147.40667,119.8333333,77,76,77,0.102238450422195,-1.59383408986941,-1.62084691263989,-0.929930559277157,-0.413871055732918,16.51,16.84077767,0.501161039,611.004,33782.6,23.06811898,0.49586693,611.004,46274.64667,25.67366733,0.443766873,611.004,51501.37667,19.07592556,0.494641169,627.6863333,38266.30667,121.5,90,NA,90,0.110764720540566,0.719494330997171,-0.239575901827104,0.494632057389222,-0.778130676530947
"2850-57648","2850-57577","2850-57648_2850-57577",1,"CHR",133,"CHR-133",0,9,8.987406143,9,0,"CHR_133_1",1,NA,0,1,"no",17.74,11.60741442,0.494800711,627.6863333,23284.47333,18.61403456,0.491184052,627.6863333,37339.75333,20.95208873,0.466379984,610.6836667,42029.89,24.50020273,0.465461665,611.004,49147.40667,119.8333333,77,76,77,0.102238450422195,-1.59383408986941,-1.62084691263989,-0.929930559277157,-0.413871055732918,18.2,20.92472416,0.512057073,676.164,41974.99667,28.83623131,0.475799583,625.399,57845.48,28.80829345,0.443602398,627.1216667,57789.43667,29.54534563,0.455136562,636.0576667,59267.96333,119,90.83333333,91.16666667,90.83333333,0.232630044426981,1.80573194047972,0.737715377164354,1.04502048301344,1.47939806751422
"2850-57648","2850-57577","2850-57648_2850-57577",2,"CHR",151,"CHR-151",0,10,6.790833229,0,-20,"CHR_151_2",1,NA,0,3,"no",17.74,11.60741442,0.494800711,627.6863333,23284.47333,18.61403456,0.491184052,627.6863333,37339.75333,20.95208873,0.466379984,610.6836667,42029.89,24.50020273,0.465461665,611.004,49147.40667,119.8333333,77,76,77,0.102238450422195,-1.59383408986941,-1.62084691263989,-0.929930559277157,-0.413871055732918,18.2,20.92472416,0.512057073,676.164,41974.99667,28.83623131,0.475799583,625.399,57845.48,28.80829345,0.443602398,627.1216667,57789.43667,29.54534563,0.455136562,636.0576667,59267.96333,119,90.83333333,91.16666667,90.83333333,0.232630044426981,1.80573194047972,0.737715377164354,1.04502048301344,1.47939806751422
"2850-57648","2850-57578","2850-57648_2850-57578",1,"CHR",133,"CHR-133",0,9,4.127994156,7,-4,"CHR_133_1",1,NA,0,1,"no",17.74,11.60741442,0.494800711,627.6863333,23284.47333,18.61403456,0.491184052,627.6863333,37339.75333,20.95208873,0.466379984,610.6836667,42029.89,24.50020273,0.465461665,611.004,49147.40667,119.8333333,77,76,77,0.102238450422195,-1.59383408986941,-1.62084691263989,-0.929930559277157,-0.413871055732918,17.2,10.81633932,0.556799001,678.4426667,21697.57667,15.67680791,0.517385329,657.4626667,31447.67667,20.72179628,0.496782872,642.7923333,41567.92333,11.67128448,0.547842632,659.167,23412.59667,119,91.5,91.5,91.5,0.330122304413543,-0.882870324808829,-1.49188574528399,-0.374834477619313,-2.37479887454678
"2850-57648","2850-57578","2850-57648_2850-57578",2,"CHR",151,"CHR-151",0,10,6.577697441,0,-24,"CHR_151_2",1,NA,0,3,"no",17.74,11.60741442,0.494800711,627.6863333,23284.47333,18.61403456,0.491184052,627.6863333,37339.75333,20.95208873,0.466379984,610.6836667,42029.89,24.50020273,0.465461665,611.004,49147.40667,119.8333333,77,76,77,0.102238450422195,-1.59383408986941,-1.62084691263989,-0.929930559277157,-0.413871055732918,17.2,10.81633932,0.556799001,678.4426667,21697.57667,15.67680791,0.517385329,657.4626667,31447.67667,20.72179628,0.496782872,642.7923333,41567.92333,11.67128448,0.547842632,659.167,23412.59667,119,91.5,91.5,91.5,0.330122304413543,-0.882870324808829,-1.49188574528399,-0.374834477619313,-2.37479887454678
"2850-57648","2850-57579","2850-57648_2850-57579",1,"CHR",133,"CHR-133",0,9,11.5344245144444,1,8,"CHR_133_1",1,NA,0,1,"no",17.74,11.60741442,0.494800711,627.6863333,23284.47333,18.61403456,0.491184052,627.6863333,37339.75333,20.95208873,0.466379984,610.6836667,42029.89,24.50020273,0.465461665,611.004,49147.40667,119.8333333,77,76,77,0.102238450422195,-1.59383408986941,-1.62084691263989,-0.929930559277157,-0.413871055732918,16.3,11.31949153,0.533256519,660.737,22706.9,24.77905949,0.48852106,617.005,49706.79333,18.07848455,0.49353373,627.3723333,36265.44,24.4043104,0.499147361,611.004,48955.04667,118.5,93.5,92,93.5,0.622599082910845,-0.749043190899379,0.0503087508346794,-0.838956234350139,0.37083286253875
"2850-57648","2850-57579","2850-57648_2850-57579",2,"CHR",151,"CHR-151",0,10,15.53483464,0,-12,"CHR_151_2",1,NA,0,3,"no",17.74,11.60741442,0.494800711,627.6863333,23284.47333,18.61403456,0.491184052,627.6863333,37339.75333,20.95208873,0.466379984,610.6836667,42029.89,24.50020273,0.465461665,611.004,49147.40667,119.8333333,77,76,77,0.102238450422195,-1.59383408986941,-1.62084691263989,-0.929930559277157,-0.413871055732918,16.3,11.31949153,0.533256519,660.737,22706.9,24.77905949,0.48852106,617.005,49706.79333,18.07848455,0.49353373,627.3723333,36265.44,24.4043104,0.499147361,611.004,48955.04667,118.5,93.5,92,93.5,0.622599082910845,-0.749043190899379,0.0503087508346794,-0.838956234350139,0.37083286253875
"2850-57648","2850-57580","2850-57648_2850-57580",1,"CHR",133,"CHR-133",0,9,17.07674627,1,-9,"CHR_133_1",1,NA,0,1,"no",17.74,11.60741442,0.494800711,627.6863333,23284.47333,18.61403456,0.491184052,627.6863333,37339.75333,20.95208873,0.466379984,610.6836667,42029.89,24.50020273,0.465461665,611.004,49147.40667,119.8333333,77,76,77,0.102238450422195,-1.59383408986941,-1.62084691263989,-0.929930559277157,-0.413871055732918,16.2,9.142844799,0.560214832,667.427,18340.54667,27.48113161,0.465556814,625.399,55127.15,22.9424111,0.468469624,647.108,46022.47667,30.74621137,0.465611781,608.7603333,61676.9,117.5,87.83333333,NA,87.83333333,-0.206085123318973,-1.32798210392354,0.508120833367745,0.0150687031458652,1.73834162958958
"2850-57648","2850-57580","2850-57648_2850-57580",2,"CHR",151,"CHR-151",0,10,19.89943086,0,-29,"CHR_151_2",1,NA,0,3,"no",17.74,11.60741442,0.494800711,627.6863333,23284.47333,18.61403456,0.491184052,627.6863333,37339.75333,20.95208873,0.466379984,610.6836667,42029.89,24.50020273,0.465461665,611.004,49147.40667,119.8333333,77,76,77,0.102238450422195,-1.59383408986941,-1.62084691263989,-0.929930559277157,-0.413871055732918,16.2,9.142844799,0.560214832,667.427,18340.54667,27.48113161,0.465556814,625.399,55127.15,22.9424111,0.468469624,647.108,46022.47667,30.74621137,0.465611781,608.7603333,61676.9,117.5,87.83333333,NA,87.83333333,-0.206085123318973,-1.32798210392354,0.508120833367745,0.0150687031458652,1.73834162958958
"2850-57648","2850-57581","2850-57648_2850-57581",1,"CHR",133,"CHR-133",0,9,15.72815413,0,-19,"CHR_133_1",1,NA,0,1,"no",17.74,11.60741442,0.494800711,627.6863333,23284.47333,18.61403456,0.491184052,627.6863333,37339.75333,20.95208873,0.466379984,610.6836667,42029.89,24.50020273,0.465461665,611.004,49147.40667,119.8333333,77,76,77,0.102238450422195,-1.59383408986941,-1.62084691263989,-0.929930559277157,-0.413871055732918,15.5,12.5018158,0.557442636,674.1035,25078.6425,18.94245264,0.521103483,641.0916667,37998.56,27.0381655,0.472765016,616.0483333,54238.56,19.62838485,0.524143762,664.102,39374.54,116,82.5,83,82.5,-0.986023198824319,-0.434571614980667,-0.938587554762546,0.734215334884986,-0.659003473806166
"2850-57648","2850-57581","2850-57648_2850-57581",2,"CHR",151,"CHR-151",0,10,18.58457563,0,10,"CHR_151_2",1,NA,0,3,"no",17.74,11.60741442,0.494800711,627.6863333,23284.47333,18.61403456,0.491184052,627.6863333,37339.75333,20.95208873,0.466379984,610.6836667,42029.89,24.50020273,0.465461665,611.004,49147.40667,119.8333333,77,76,77,0.102238450422195,-1.59383408986941,-1.62084691263989,-0.929930559277157,-0.413871055732918,15.5,12.5018158,0.557442636,674.1035,25078.6425,18.94245264,0.521103483,641.0916667,37998.56,27.0381655,0.472765016,616.0483333,54238.56,19.62838485,0.524143762,664.102,39374.54,116,82.5,83,82.5,-0.986023198824319,-0.434571614980667,-0.938587554762546,0.734215334884986,-0.659003473806166
"2850-57648","2850-57582","2850-57648_2850-57582",1,"CHR",133,"CHR-133",0,9,19.43540932,0,-11,"CHR_133_1",1,NA,0,1,"no",17.74,11.60741442,0.494800711,627.6863333,23284.47333,18.61403456,0.491184052,627.6863333,37339.75333,20.95208873,0.466379984,610.6836667,42029.89,24.50020273,0.465461665,611.004,49147.40667,119.8333333,77,76,77,0.102238450422195,-1.59383408986941,-1.62084691263989,-0.929930559277157,-0.413871055732918,15.9,NA,NA,NA,NA,28.49882187,0.467628455,626.7313333,57168.63667,24.79582419,0.471185748,627.0583333,49740.42333,10.86734629,0.526212895,643.7406667,21799.89667,118,88.5,86,88.5,-0.108592863332411,NA,0.68054809534039,0.340497342347155,-2.54815265729939
"2850-57648","2850-57582","2850-57648_2850-57582",2,"CHR",151,"CHR-151",0,10,22.10798881,0,21,"CHR_151_2",1,NA,0,3,"no",17.74,11.60741442,0.494800711,627.6863333,23284.47333,18.61403456,0.491184052,627.6863333,37339.75333,20.95208873,0.466379984,610.6836667,42029.89,24.50020273,0.465461665,611.004,49147.40667,119.8333333,77,76,77,0.102238450422195,-1.59383408986941,-1.62084691263989,-0.929930559277157,-0.413871055732918,15.9,NA,NA,NA,NA,28.49882187,0.467628455,626.7313333,57168.63667,24.79582419,0.471185748,627.0583333,49740.42333,10.86734629,0.526212895,643.7406667,21799.89667,118,88.5,86,88.5,-0.108592863332411,NA,0.68054809534039,0.340497342347155,-2.54815265729939
"2850-57648","2850-57589","2850-57648_2850-57589",1,"CHR",133,"CHR-133",0,9,11.17374737,0,-13,"CHR_133_1",1,NA,0,1,"no",17.74,11.60741442,0.494800711,627.6863333,23284.47333,18.61403456,0.491184052,627.6863333,37339.75333,20.95208873,0.466379984,610.6836667,42029.89,24.50020273,0.465461665,611.004,49147.40667,119.8333333,77,76,77,0.102238450422195,-1.59383408986941,-1.62084691263989,-0.929930559277157,-0.413871055732918,17.5,12.65077601,0.531237153,675.7903333,25377.45667,16.92662014,0.501144529,627.3723333,33954.8,19.27879528,0.490091496,643.7406667,38673.26333,19.52571951,0.519492939,627.6863333,39168.59333,119.8333333,97,96.5,97,1.13443344528112,-0.394951560502818,-1.28013005765578,-0.628201551764721,-0.681141276522795
"2850-57648","2850-57589","2850-57648_2850-57589",2,"CHR",151,"CHR-151",0,10,14.03144448,0,20,"CHR_151_2",1,NA,0,3,"no",17.74,11.60741442,0.494800711,627.6863333,23284.47333,18.61403456,0.491184052,627.6863333,37339.75333,20.95208873,0.466379984,610.6836667,42029.89,24.50020273,0.465461665,611.004,49147.40667,119.8333333,77,76,77,0.102238450422195,-1.59383408986941,-1.62084691263989,-0.929930559277157,-0.413871055732918,17.5,12.65077601,0.531237153,675.7903333,25377.45667,16.92662014,0.501144529,627.3723333,33954.8,19.27879528,0.490091496,643.7406667,38673.26333,19.52571951,0.519492939,627.6863333,39168.59333,119.8333333,97,96.5,97,1.13443344528112,-0.394951560502818,-1.28013005765578,-0.628201551764721,-0.681141276522795
"2850-57648","2850-57620","2850-57648_2850-57620",1,"CHR",133,"CHR-133",0,9,1.586490482,0,-10,"CHR_133_1",1,NA,0,1,"no",17.74,11.60741442,0.494800711,627.6863333,23284.47333,18.61403456,0.491184052,627.6863333,37339.75333,20.95208873,0.466379984,610.6836667,42029.89,24.50020273,0.465461665,611.004,49147.40667,119.8333333,77,76,77,0.102238450422195,-1.59383408986941,-1.62084691263989,-0.929930559277157,-0.413871055732918,18.2,8.903889997,0.510576941,627.6863333,17861.20333,21.60838485,0.492100236,611.004,43346.42,22.72290794,0.464821292,611.004,45582.15333,21.84048023,0.466018925,627.6863333,43812.00333,121,87,84,87,-0.327950447205388,-1.39153868908802,-0.486898657224134,-0.0234724159627646,-0.182007721268793
"2850-57648","2850-57620","2850-57648_2850-57620",2,"CHR",151,"CHR-151",0,10,3.847179517,0,19,"CHR_151_2",1,NA,0,3,"no",17.74,11.60741442,0.494800711,627.6863333,23284.47333,18.61403456,0.491184052,627.6863333,37339.75333,20.95208873,0.466379984,610.6836667,42029.89,24.50020273,0.465461665,611.004,49147.40667,119.8333333,77,76,77,0.102238450422195,-1.59383408986941,-1.62084691263989,-0.929930559277157,-0.413871055732918,18.2,8.903889997,0.510576941,627.6863333,17861.20333,21.60838485,0.492100236,611.004,43346.42,22.72290794,0.464821292,611.004,45582.15333,21.84048023,0.466018925,627.6863333,43812.00333,121,87,84,87,-0.327950447205388,-1.39153868908802,-0.486898657224134,-0.0234724159627646,-0.182007721268793
"2850-57648","2850-57647","2850-57648_2850-57647",1,"CHR",133,"CHR-133",0,9,5.501847625,6,-5,"CHR_133_1",1,NA,0,1,"no",17.74,11.60741442,0.494800711,627.6863333,23284.47333,18.61403456,0.491184052,627.6863333,37339.75333,20.95208873,0.466379984,610.6836667,42029.89,24.50020273,0.465461665,611.004,49147.40667,119.8333333,77,76,77,0.102238450422195,-1.59383408986941,-1.62084691263989,-0.929930559277157,-0.413871055732918,15.8,12.89783981,0.543297932,643.7406667,25873.06667,28.1838767,0.473800388,617.439,56536.85667,25.45478232,0.436115595,638.1653333,51062.29333,20.55910934,0.502370676,626.097,41241.57333,122.1666667,85.83333333,87.33333333,85.83333333,-0.498561901816276,-0.329238164855052,0.627186934809475,0.456199475181733,-0.458310668004767
"2850-57648","2850-57647","2850-57648_2850-57647",2,"CHR",151,"CHR-151",0,10,8.326762193,0,-25,"CHR_151_2",1,NA,0,3,"no",17.74,11.60741442,0.494800711,627.6863333,23284.47333,18.61403456,0.491184052,627.6863333,37339.75333,20.95208873,0.466379984,610.6836667,42029.89,24.50020273,0.465461665,611.004,49147.40667,119.8333333,77,76,77,0.102238450422195,-1.59383408986941,-1.62084691263989,-0.929930559277157,-0.413871055732918,15.8,12.89783981,0.543297932,643.7406667,25873.06667,28.1838767,0.473800388,617.439,56536.85667,25.45478232,0.436115595,638.1653333,51062.29333,20.55910934,0.502370676,626.097,41241.57333,122.1666667,85.83333333,87.33333333,85.83333333,-0.498561901816276,-0.329238164855052,0.627186934809475,0.456199475181733,-0.458310668004767
"2850-57648","2850-57653","2850-57648_2850-57653",1,"CHR",133,"CHR-133",0,9,7.254204793,0,-10,"CHR_133_1",1,NA,0,1,"no",17.74,11.60741442,0.494800711,627.6863333,23284.47333,18.61403456,0.491184052,627.6863333,37339.75333,20.95208873,0.466379984,610.6836667,42029.89,24.50020273,0.465461665,611.004,49147.40667,119.8333333,77,76,77,0.102238450422195,-1.59383408986941,-1.62084691263989,-0.929930559277157,-0.413871055732918,16.37,8.467490861,0.535457505,660.1716667,16985.78667,27.15053506,0.465647634,659.167,54463.97333,21.8547225,0.470898637,665.8,43840.57333,15.40861914,0.497215455,659.167,30909.69,119.3333333,78,76.33333333,78,-1.64409595044325,-1.50761101163916,0.452107859504655,-0.175911398852204,-1.56891465511013
"2850-57648","2850-57653","2850-57648_2850-57653",2,"CHR",151,"CHR-151",0,10,5.8311092681,7,3,"CHR_151_2",1,NA,0,3,"no",17.74,11.60741442,0.494800711,627.6863333,23284.47333,18.61403456,0.491184052,627.6863333,37339.75333,20.95208873,0.466379984,610.6836667,42029.89,24.50020273,0.465461665,611.004,49147.40667,119.8333333,77,76,77,0.102238450422195,-1.59383408986941,-1.62084691263989,-0.929930559277157,-0.413871055732918,16.37,8.467490861,0.535457505,660.1716667,16985.78667,27.15053506,0.465647634,659.167,54463.97333,21.8547225,0.470898637,665.8,43840.57333,15.40861914,0.497215455,659.167,30909.69,119.3333333,78,76.33333333,78,-1.64409595044325,-1.50761101163916,0.452107859504655,-0.175911398852204,-1.56891465511013
"2850-57648","2850-57669","2850-57648_2850-57669",1,"CHR",133,"CHR-133",0,9,3.728284271,1,-10,"CHR_133_1",1,NA,0,1,"no",17.74,11.60741442,0.494800711,627.6863333,23284.47333,18.61403456,0.491184052,627.6863333,37339.75333,20.95208873,0.466379984,610.6836667,42029.89,24.50020273,0.465461665,611.004,49147.40667,119.8333333,77,76,77,0.102238450422195,-1.59383408986941,-1.62084691263989,-0.929930559277157,-0.413871055732918,17.82,14.07982054,0.504204618,611.004,28244.12,27.72719176,0.47617904,611.004,55620.74667,17.24374875,0.494612283,611.004,34590.96,18.57412762,0.508699718,611.004,37259.7,123.8333333,89.66666667,90,89.66666667,0.0620185912784761,-0.0148579628241403,0.549810804877425,-0.985522014505819,-0.886333735122392
"2850-57648","2850-57669","2850-57648_2850-57669",2,"CHR",151,"CHR-151",0,10,6.51008189,4,6,"CHR_151_2",1,NA,0,3,"no",17.74,11.60741442,0.494800711,627.6863333,23284.47333,18.61403456,0.491184052,627.6863333,37339.75333,20.95208873,0.466379984,610.6836667,42029.89,24.50020273,0.465461665,611.004,49147.40667,119.8333333,77,76,77,0.102238450422195,-1.59383408986941,-1.62084691263989,-0.929930559277157,-0.413871055732918,17.82,14.07982054,0.504204618,611.004,28244.12,27.72719176,0.47617904,611.004,55620.74667,17.24374875,0.494612283,611.004,34590.96,18.57412762,0.508699718,611.004,37259.7,123.8333333,89.66666667,90,89.66666667,0.0620185912784761,-0.0148579628241403,0.549810804877425,-0.985522014505819,-0.886333735122392
"2850-57648","2850-57671","2850-57648_2850-57671",1,"CHR",133,"CHR-133",0,9,22.16538088,5,-6,"CHR_133_1",1,NA,0,1,"no",17.74,11.60741442,0.494800711,627.6863333,23284.47333,18.61403456,0.491184052,627.6863333,37339.75333,20.95208873,0.466379984,610.6836667,42029.89,24.50020273,0.465461665,611.004,49147.40667,119.8333333,77,76,77,0.102238450422195,-1.59383408986941,-1.62084691263989,-0.929930559277157,-0.413871055732918,17.53,16.28350449,0.48181303,667.733,32664.71,28.84180791,0.479499655,593.4133333,57856.66667,23.68146062,0.459973843,641.034,47505.01,25.7482569,0.475226128,607.0326667,51651.00333,117.8333333,75.83333333,83.16666667,75.83333333,-1.96094579430279,0.571272240341928,0.738660220509044,0.144833557453636,0.660629034048076
"2850-57648","2850-57671","2850-57648_2850-57671",2,"CHR",151,"CHR-151",0,10,24.88427199,0,-26,"CHR_151_2",1,NA,0,3,"no",17.74,11.60741442,0.494800711,627.6863333,23284.47333,18.61403456,0.491184052,627.6863333,37339.75333,20.95208873,0.466379984,610.6836667,42029.89,24.50020273,0.465461665,611.004,49147.40667,119.8333333,77,76,77,0.102238450422195,-1.59383408986941,-1.62084691263989,-0.929930559277157,-0.413871055732918,17.53,16.28350449,0.48181303,667.733,32664.71,28.84180791,0.479499655,593.4133333,57856.66667,23.68146062,0.459973843,641.034,47505.01,25.7482569,0.475226128,607.0326667,51651.00333,117.8333333,75.83333333,83.16666667,75.83333333,-1.96094579430279,0.571272240341928,0.738660220509044,0.144833557453636,0.660629034048076
"2850-57648","2850-57731","2850-57648_2850-57731",1,"CHR",133,"CHR-133",0,9,6.668909987,0,21,"CHR_133_1",1,NA,0,1,"no",17.74,11.60741442,0.494800711,627.6863333,23284.47333,18.61403456,0.491184052,627.6863333,37339.75333,20.95208873,0.466379984,610.6836667,42029.89,24.50020273,0.465461665,611.004,49147.40667,119.8333333,77,76,77,0.102238450422195,-1.59383408986941,-1.62084691263989,-0.929930559277157,-0.413871055732918,15.9,10.9634214,0.500436597,689.138,21992.62333,23.24545364,0.49159359,611.004,46630.38,18.5751562,0.456752009,611.004,37261.76333,24.60593387,0.474122334,611.004,49359.50333,119,91,92.33333333,91,0.257003109789217,-0.84374981052978,-0.209530090170569,-0.751748919336863,0.414309079555146
"2850-57648","2850-57731","2850-57648_2850-57731",2,"CHR",151,"CHR-151",0,10,6.4589031371,9,1,"CHR_151_2",1,NA,0,3,"no",17.74,11.60741442,0.494800711,627.6863333,23284.47333,18.61403456,0.491184052,627.6863333,37339.75333,20.95208873,0.466379984,610.6836667,42029.89,24.50020273,0.465461665,611.004,49147.40667,119.8333333,77,76,77,0.102238450422195,-1.59383408986941,-1.62084691263989,-0.929930559277157,-0.413871055732918,15.9,10.9634214,0.500436597,689.138,21992.62333,23.24545364,0.49159359,611.004,46630.38,18.5751562,0.456752009,611.004,37261.76333,24.60593387,0.474122334,611.004,49359.50333,119,91,92.33333333,91,0.257003109789217,-0.84374981052978,-0.209530090170569,-0.751748919336863,0.414309079555146
"2850-57648","2850-57733","2850-57648_2850-57733",2,"CHR",151,"CHR-151",0,10,17.36725555,5,-5,"CHR_151_2",1,NA,0,3,"no",17.74,11.60741442,0.494800711,627.6863333,23284.47333,18.61403456,0.491184052,627.6863333,37339.75333,20.95208873,0.466379984,610.6836667,42029.89,24.50020273,0.465461665,611.004,49147.40667,119.8333333,77,76,77,0.102238450422195,-1.59383408986941,-1.62084691263989,-0.929930559277157,-0.413871055732918,15.66,14.84394317,0.488091858,680.0823333,29776.95,20.45213858,0.480742509,611.004,41026.99,22.3788767,0.481773003,627.3723333,44892.02667,18.61630941,0.474711747,611.004,37344.31667,121.6666667,NA,102,102,1.86562539152438,0.188381413841325,-0.682801464137293,-0.0838786032720019,-0.877238044743787
"2850-57648","2850-57733","2850-57648_2850-57733",1,"CHR",133,"CHR-133",0,0,14.55603638,0,15,"CHR_133_1",1,NA,0,1,"no",17.74,11.60741442,0.494800711,627.6863333,23284.47333,18.61403456,0.491184052,627.6863333,37339.75333,20.95208873,0.466379984,610.6836667,42029.89,24.50020273,0.465461665,611.004,49147.40667,119.8333333,77,76,77,0.102238450422195,-1.59383408986941,-1.62084691263989,-0.929930559277157,-0.413871055732918,15.66,14.84394317,0.488091858,680.0823333,29776.95,20.45213858,0.480742509,611.004,41026.99,22.3788767,0.481773003,627.3723333,44892.02667,18.61630941,0.474711747,611.004,37344.31667,121.6666667,NA,102,102,1.86562539152438,0.188381413841325,-0.682801464137293,-0.0838786032720019,-0.877238044743787
"2850-57648","2850-57742","2850-57648_2850-57742",1,"CHR",133,"CHR-133",0,9,7.044103878,0,-20,"CHR_133_1",1,NA,0,1,"no",17.74,11.60741442,0.494800711,627.6863333,23284.47333,18.61403456,0.491184052,627.6863333,37339.75333,20.95208873,0.466379984,610.6836667,42029.89,24.50020273,0.465461665,611.004,49147.40667,119.8333333,77,76,77,0.102238450422195,-1.59383408986941,-1.62084691263989,-0.929930559277157,-0.413871055732918,16.98,13.00562645,0.511030769,671.763,26089.28667,26.1463443,0.49002744,625.0783333,52449.56667,26.30566135,0.456120566,609.081,52769.15667,22.8044882,0.51172569,659.167,45745.80333,118,93,92,93,0.54947988828652,-0.300569350889335,0.281967817833205,0.605599739133584,0.0258620257862253
"2850-57648","2850-57742","2850-57648_2850-57742",2,"CHR",151,"CHR-151",0,10,10.8429500448,4,6,"CHR_151_2",1,NA,0,3,"no",17.74,11.60741442,0.494800711,627.6863333,23284.47333,18.61403456,0.491184052,627.6863333,37339.75333,20.95208873,0.466379984,610.6836667,42029.89,24.50020273,0.465461665,611.004,49147.40667,119.8333333,77,76,77,0.102238450422195,-1.59383408986941,-1.62084691263989,-0.929930559277157,-0.413871055732918,16.98,13.00562645,0.511030769,671.763,26089.28667,26.1463443,0.49002744,625.0783333,52449.56667,26.30566135,0.456120566,609.081,52769.15667,22.8044882,0.51172569,659.167,45745.80333,118,93,92,93,0.54947988828652,-0.300569350889335,0.281967817833205,0.605599739133584,0.0258620257862253
"2850-57648","2850-57744","2850-57648_2850-57744",1,"CHR",133,"CHR-133",0,9,18.94453536,9,-2,"CHR_133_1",1,NA,0,1,"no",17.74,11.60741442,0.494800711,627.6863333,23284.47333,18.61403456,0.491184052,627.6863333,37339.75333,20.95208873,0.466379984,610.6836667,42029.89,24.50020273,0.465461665,611.004,49147.40667,119.8333333,77,76,77,0.102238450422195,-1.59383408986941,-1.62084691263989,-0.929930559277157,-0.413871055732918,14.77,24.63866733,0.441897015,611.004,49425.16667,20.45419575,0.491736389,610.6836667,41031.11667,20.25567464,0.470934773,627.6863333,40632.88333,16.45550847,0.489979153,643.7406667,33009.75,116,84.5,NA,84.5,-0.693546420327017,2.79355701620318,-0.682452917821725,-0.456677716898191,-1.34317313948584
"2850-57648","2850-57744","2850-57648_2850-57744",2,"CHR",151,"CHR-151",0,10,21.80951002,0,-22,"CHR_151_2",1,NA,0,3,"no",17.74,11.60741442,0.494800711,627.6863333,23284.47333,18.61403456,0.491184052,627.6863333,37339.75333,20.95208873,0.466379984,610.6836667,42029.89,24.50020273,0.465461665,611.004,49147.40667,119.8333333,77,76,77,0.102238450422195,-1.59383408986941,-1.62084691263989,-0.929930559277157,-0.413871055732918,14.77,24.63866733,0.441897015,611.004,49425.16667,20.45419575,0.491736389,610.6836667,41031.11667,20.25567464,0.470934773,627.6863333,40632.88333,16.45550847,0.489979153,643.7406667,33009.75,116,84.5,NA,84.5,-0.693546420327017,2.79355701620318,-0.682452917821725,-0.456677716898191,-1.34317313948584
"2850-57648","2850-57745","2850-57648_2850-57745",1,"CHR",133,"CHR-133",0,9,7.64483771,0,-15,"CHR_133_1",1,NA,0,1,"no",17.74,11.60741442,0.494800711,627.6863333,23284.47333,18.61403456,0.491184052,627.6863333,37339.75333,20.95208873,0.466379984,610.6836667,42029.89,24.50020273,0.465461665,611.004,49147.40667,119.8333333,77,76,77,0.102238450422195,-1.59383408986941,-1.62084691263989,-0.929930559277157,-0.413871055732918,16.33,11.89491525,0.520998035,667.1156667,23861.2,19.28173812,0.496153459,634.065,38679.16667,21.88407444,0.484884869,657.7393333,43899.45333,26.3850565,0.474305256,645.4026667,52928.42333,118,85,86,85,-0.620427225702691,-0.59599346618265,-0.881102415479132,-0.170757684365318,0.797942599802867
"2850-57648","2850-57745","2850-57648_2850-57745",2,"CHR",151,"CHR-151",0,10,4.527146647,10,0,"CHR_151_2",1,NA,0,3,"no",17.74,11.60741442,0.494800711,627.6863333,23284.47333,18.61403456,0.491184052,627.6863333,37339.75333,20.95208873,0.466379984,610.6836667,42029.89,24.50020273,0.465461665,611.004,49147.40667,119.8333333,77,76,77,0.102238450422195,-1.59383408986941,-1.62084691263989,-0.929930559277157,-0.413871055732918,16.33,11.89491525,0.520998035,667.1156667,23861.2,19.28173812,0.496153459,634.065,38679.16667,21.88407444,0.484884869,657.7393333,43899.45333,26.3850565,0.474305256,645.4026667,52928.42333,118,85,86,85,-0.620427225702691,-0.59599346618265,-0.881102415479132,-0.170757684365318,0.797942599802867
"2850-57648","2850-57806","2850-57648_2850-57806",1,"CHR",133,"CHR-133",0,9,3.799390559,0,-23,"CHR_133_1",1,NA,0,1,"no",17.74,11.60741442,0.494800711,627.6863333,23284.47333,18.61403456,0.491184052,627.6863333,37339.75333,20.95208873,0.466379984,610.6836667,42029.89,24.50020273,0.465461665,611.004,49147.40667,119.8333333,77,76,77,0.102238450422195,-1.59383408986941,-1.62084691263989,-0.929930559277157,-0.413871055732918,15.88,11.25502825,0.516086951,669.4676667,22577.58667,14.26422898,0.518970434,659.167,28614.04333,18.0460319,0.470292612,659.167,36200.34,17.57589232,0.493413321,659.167,35257.24,120.1666667,83.83333333,86,83.83333333,-0.791038680313578,-0.766188968724348,-1.73121899508845,-0.844654382153754,-1.1015839465002
"2850-57648","2850-57806","2850-57648_2850-57806",2,"CHR",151,"CHR-151",0,11,3.69702302836364,1,9,"CHR_151_2",1,NA,0,3,"no",17.74,11.60741442,0.494800711,627.6863333,23284.47333,18.61403456,0.491184052,627.6863333,37339.75333,20.95208873,0.466379984,610.6836667,42029.89,24.50020273,0.465461665,611.004,49147.40667,119.8333333,77,76,77,0.102238450422195,-1.59383408986941,-1.62084691263989,-0.929930559277157,-0.413871055732918,15.88,11.25502825,0.516086951,669.4676667,22577.58667,14.26422898,0.518970434,659.167,28614.04333,18.0460319,0.470292612,659.167,36200.34,17.57589232,0.493413321,659.167,35257.24,120.1666667,83.83333333,86,83.83333333,-0.791038680313578,-0.766188968724348,-1.73121899508845,-0.844654382153754,-1.1015839465002
"2850-57648","2850-57808","2850-57648_2850-57808",1,"CHR",133,"CHR-133",0,9,6.917761569,0,-23,"CHR_133_1",1,NA,0,1,"no",17.74,11.60741442,0.494800711,627.6863333,23284.47333,18.61403456,0.491184052,627.6863333,37339.75333,20.95208873,0.466379984,610.6836667,42029.89,24.50020273,0.465461665,611.004,49147.40667,119.8333333,77,76,77,0.102238450422195,-1.59383408986941,-1.62084691263989,-0.929930559277157,-0.413871055732918,17.44,11.46748421,0.514088925,678.7753333,23003.77333,15.37756564,0.515459018,659.167,30847.39667,20.6164008,0.49573159,641.3963333,41356.5,18.7548222,0.472216787,642.151,37622.17333,120.5,NA,100,100,1.57314861302708,-0.709680477568599,-1.54258636344907,-0.393340178166818,-0.847370430038086
"2850-57648","2850-57808","2850-57648_2850-57808",2,"CHR",151,"CHR-151",0,10,9.7229105205,5,5,"CHR_151_2",1,NA,0,3,"no",17.74,11.60741442,0.494800711,627.6863333,23284.47333,18.61403456,0.491184052,627.6863333,37339.75333,20.95208873,0.466379984,610.6836667,42029.89,24.50020273,0.465461665,611.004,49147.40667,119.8333333,77,76,77,0.102238450422195,-1.59383408986941,-1.62084691263989,-0.929930559277157,-0.413871055732918,17.44,11.46748421,0.514088925,678.7753333,23003.77333,15.37756564,0.515459018,659.167,30847.39667,20.6164008,0.49573159,641.3963333,41356.5,18.7548222,0.472216787,642.151,37622.17333,120.5,NA,100,100,1.57314861302708,-0.709680477568599,-1.54258636344907,-0.393340178166818,-0.847370430038086
"2850-57648","2850-57881","2850-57648_2850-57881",1,"CHR",133,"CHR-133",0,9,8.701475932,0,-18,"CHR_133_1",1,NA,0,1,"no",17.74,11.60741442,0.494800711,627.6863333,23284.47333,18.61403456,0.491184052,627.6863333,37339.75333,20.95208873,0.466379984,610.6836667,42029.89,24.50020273,0.465461665,611.004,49147.40667,119.8333333,77,76,77,0.102238450422195,-1.59383408986941,-1.62084691263989,-0.929930559277157,-0.413871055732918,16.55,11.73463277,0.535560863,644.7453333,23539.67333,21.93833167,0.494146676,611.004,44008.29333,26.56095214,0.438684751,643.7343333,53281.27,31.59365071,0.464706779,610.6836667,63376.86333,119.6666667,84.83333333,85.83333333,84.83333333,-0.644800291064927,-0.638624988986254,-0.430995767115722,0.650424573294177,1.92107559728725
"2850-57648","2850-57881","2850-57648_2850-57881",2,"CHR",151,"CHR-151",0,10,10.38974716,0,19,"CHR_151_2",1,NA,0,3,"no",17.74,11.60741442,0.494800711,627.6863333,23284.47333,18.61403456,0.491184052,627.6863333,37339.75333,20.95208873,0.466379984,610.6836667,42029.89,24.50020273,0.465461665,611.004,49147.40667,119.8333333,77,76,77,0.102238450422195,-1.59383408986941,-1.62084691263989,-0.929930559277157,-0.413871055732918,16.55,11.73463277,0.535560863,644.7453333,23539.67333,21.93833167,0.494146676,611.004,44008.29333,26.56095214,0.438684751,643.7343333,53281.27,31.59365071,0.464706779,610.6836667,63376.86333,119.6666667,84.83333333,85.83333333,84.83333333,-0.644800291064927,-0.638624988986254,-0.430995767115722,0.650424573294177,1.92107559728725
"2850-57649","2640-97588","2850-57649_2640-97588",1,"CHR",39,"CHR-39",0,10,7.176553384,0,-17,"CHR_39_1",1,NA,0,4,"no",17.01,14.39168328,0.51971022,680.086,28869.71667,23.55332004,0.457667002,627.3723333,47247.96,22.86421569,0.440671477,653.731,45865.61667,16.04356098,0.508434104,644.425,32183.38333,116,73.5,NA,73.5,-0.810457027747541,-0.794682015817302,-0.807444002848665,-0.593624550580491,-1.8233506119529,18.7,11.85018943,0.544837496,653.7273333,23771.48,14.45612662,0.507893605,610.6836667,28998.99,21.21705716,0.471668493,610.6836667,42561.41667,27.50362745,0.462396686,637.0386667,55172.27667,119,87,85,87,-0.327950447205388,-0.607889525035993,-1.69870577771304,-0.287874870450448,1.03914087582914
"2850-57649","2640-97588","2850-57649_2640-97588",2,"CHR",39,"CHR-39",0,10,7.176553384,0,-18,"CHR_39_2",1,NA,0,3,"no",17.01,14.39168328,0.51971022,680.086,28869.71667,23.55332004,0.457667002,627.3723333,47247.96,22.86421569,0.440671477,653.731,45865.61667,16.04356098,0.508434104,644.425,32183.38333,116,73.5,NA,73.5,-0.810457027747541,-0.794682015817302,-0.807444002848665,-0.593624550580491,-1.8233506119529,18.7,11.85018943,0.544837496,653.7273333,23771.48,14.45612662,0.507893605,610.6836667,28998.99,21.21705716,0.471668493,610.6836667,42561.41667,27.50362745,0.462396686,637.0386667,55172.27667,119,87,85,87,-0.327950447205388,-0.607889525035993,-1.69870577771304,-0.287874870450448,1.03914087582914
"2850-57649","2640-97589","2850-57649_2640-97589",1,"CHR",39,"CHR-39",0,10,4.703666967,0,-15,"CHR_39_1",1,NA,0,4,"no",17.01,14.39168328,0.51971022,680.086,28869.71667,23.55332004,0.457667002,627.3723333,47247.96,22.86421569,0.440671477,653.731,45865.61667,16.04356098,0.508434104,644.425,32183.38333,116,73.5,NA,73.5,-0.810457027747541,-0.794682015817302,-0.807444002848665,-0.593624550580491,-1.8233506119529,16.1,11.8153556,0.523609389,681.183,23701.60333,16.91354271,0.528785659,657.7393333,33928.56667,18.6526321,0.480672665,627.3723333,37417.18,20.65218677,0.48363622,650.113,41428.28667,119,99.66666667,98,99.66666667,1.52440248376499,-0.617154537768401,-1.28234576663637,-0.738145434585443,-0.438240313367936
"2850-57649","2640-97589","2850-57649_2640-97589",2,"CHR",39,"CHR-39",0,10,4.703666967,0,-15,"CHR_39_2",1,NA,0,3,"no",17.01,14.39168328,0.51971022,680.086,28869.71667,23.55332004,0.457667002,627.3723333,47247.96,22.86421569,0.440671477,653.731,45865.61667,16.04356098,0.508434104,644.425,32183.38333,116,73.5,NA,73.5,-0.810457027747541,-0.794682015817302,-0.807444002848665,-0.593624550580491,-1.8233506119529,16.1,11.8153556,0.523609389,681.183,23701.60333,16.91354271,0.528785659,657.7393333,33928.56667,18.6526321,0.480672665,627.3723333,37417.18,20.65218677,0.48363622,650.113,41428.28667,119,99.66666667,98,99.66666667,1.52440248376499,-0.617154537768401,-1.28234576663637,-0.738145434585443,-0.438240313367936
"2850-57649","2811-83208","2850-57649_2811-83208",1,"CHR",39,"CHR-39",0,10,21.28259696,10,0,"CHR_39_1",1,NA,0,4,"no",17.01,14.39168328,0.51971022,680.086,28869.71667,23.55332004,0.457667002,627.3723333,47247.96,22.86421569,0.440671477,653.731,45865.61667,16.04356098,0.508434104,644.425,32183.38333,116,73.5,NA,73.5,-0.810457027747541,-0.794682015817302,-0.807444002848665,-0.593624550580491,-1.8233506119529,16.9,18.73416916,0.484585352,611.004,37580.74333,21.00459455,0.486882121,610.6836667,42135.21667,26.39878531,0.450512144,610.6836667,52955.96333,23.23742606,0.475660646,611.004,46614.27667,118,87,89.5,87,-0.327950447205388,1.22309374175052,-0.589198848477454,0.621950764031026,0.119216734719535
"2850-57649","2811-83208","2850-57649_2811-83208",2,"CHR",39,"CHR-39",0,10,21.28259696,10,0,"CHR_39_2",1,NA,0,3,"no",17.01,14.39168328,0.51971022,680.086,28869.71667,23.55332004,0.457667002,627.3723333,47247.96,22.86421569,0.440671477,653.731,45865.61667,16.04356098,0.508434104,644.425,32183.38333,116,73.5,NA,73.5,-0.810457027747541,-0.794682015817302,-0.807444002848665,-0.593624550580491,-1.8233506119529,16.9,18.73416916,0.484585352,611.004,37580.74333,21.00459455,0.486882121,610.6836667,42135.21667,26.39878531,0.450512144,610.6836667,52955.96333,23.23742606,0.475660646,611.004,46614.27667,118,87,89.5,87,-0.327950447205388,1.22309374175052,-0.589198848477454,0.621950764031026,0.119216734719535
"2850-57649","2850-57567","2850-57649_2850-57567",1,"CHR",39,"CHR-39",0,10,4.29802041,9,-2,"CHR_39_1",1,NA,0,4,"no",17.01,14.39168328,0.51971022,680.086,28869.71667,23.55332004,0.457667002,627.3723333,47247.96,22.86421569,0.440671477,653.731,45865.61667,16.04356098,0.508434104,644.425,32183.38333,116,73.5,NA,73.5,-0.810457027747541,-0.794682015817302,-0.807444002848665,-0.593624550580491,-1.8233506119529,16.6,10.56012296,0.52180729,667.1156667,21183.60667,26.35612994,0.49271154,611.3883333,52870.39667,22.28285809,0.48721335,606.0566667,44699.41333,16.73888169,0.511359264,628.0706667,33578.19667,121.5,102.1666667,102.5,102.1666667,1.88999846127377,-0.951018094883241,0.317511799070068,-0.100737880763292,-1.28206916379613
"2850-57649","2850-57567","2850-57649_2850-57567",2,"CHR",39,"CHR-39",0,0,4.29802041,0,-51,"CHR_39_2",1,NA,0,3,"no",17.01,14.39168328,0.51971022,680.086,28869.71667,23.55332004,0.457667002,627.3723333,47247.96,22.86421569,0.440671477,653.731,45865.61667,16.04356098,0.508434104,644.425,32183.38333,116,73.5,NA,73.5,-0.810457027747541,-0.794682015817302,-0.807444002848665,-0.593624550580491,-1.8233506119529,16.6,10.56012296,0.52180729,667.1156667,21183.60667,26.35612994,0.49271154,611.3883333,52870.39667,22.28285809,0.48721335,606.0566667,44699.41333,16.73888169,0.511359264,628.0706667,33578.19667,121.5,102.1666667,102.5,102.1666667,1.88999846127377,-0.951018094883241,0.317511799070068,-0.100737880763292,-1.28206916379613
"2850-57649","2850-57570","2850-57649_2850-57570",2,"CHR",39,"CHR-39",0,10,3.847179517,0,-19,"CHR_39_2",1,NA,0,3,"no",17.01,14.39168328,0.51971022,680.086,28869.71667,23.55332004,0.457667002,627.3723333,47247.96,22.86421569,0.440671477,653.731,45865.61667,16.04356098,0.508434104,644.425,32183.38333,116,73.5,NA,73.5,-0.810457027747541,-0.794682015817302,-0.807444002848665,-0.593624550580491,-1.8233506119529,16.51,16.84077767,0.501161039,611.004,33782.6,23.06811898,0.49586693,611.004,46274.64667,25.67366733,0.443766873,611.004,51501.37667,19.07592556,0.494641169,627.6863333,38266.30667,121.5,90,NA,90,0.110764720540566,0.719494330997171,-0.239575901827104,0.494632057389222,-0.778130676530947
"2850-57649","2850-57570","2850-57649_2850-57570",1,"CHR",39,"CHR-39",0,0,1.586490482,0,10,"CHR_39_1",1,NA,0,4,"no",17.01,14.39168328,0.51971022,680.086,28869.71667,23.55332004,0.457667002,627.3723333,47247.96,22.86421569,0.440671477,653.731,45865.61667,16.04356098,0.508434104,644.425,32183.38333,116,73.5,NA,73.5,-0.810457027747541,-0.794682015817302,-0.807444002848665,-0.593624550580491,-1.8233506119529,16.51,16.84077767,0.501161039,611.004,33782.6,23.06811898,0.49586693,611.004,46274.64667,25.67366733,0.443766873,611.004,51501.37667,19.07592556,0.494641169,627.6863333,38266.30667,121.5,90,NA,90,0.110764720540566,0.719494330997171,-0.239575901827104,0.494632057389222,-0.778130676530947
"2850-57649","2850-57577","2850-57649_2850-57577",2,"CHR",39,"CHR-39",0,10,8.922176166,0,10,"CHR_39_2",1,NA,0,3,"no",17.01,14.39168328,0.51971022,680.086,28869.71667,23.55332004,0.457667002,627.3723333,47247.96,22.86421569,0.440671477,653.731,45865.61667,16.04356098,0.508434104,644.425,32183.38333,116,73.5,NA,73.5,-0.810457027747541,-0.794682015817302,-0.807444002848665,-0.593624550580491,-1.8233506119529,18.2,20.92472416,0.512057073,676.164,41974.99667,28.83623131,0.475799583,625.399,57845.48,28.80829345,0.443602398,627.1216667,57789.43667,29.54534563,0.455136562,636.0576667,59267.96333,119,90.83333333,91.16666667,90.83333333,0.232630044426981,1.80573194047972,0.737715377164354,1.04502048301344,1.47939806751422
"2850-57649","2850-57577","2850-57649_2850-57577",1,"CHR",39,"CHR-39",0,0,8.922176166,0,10,"CHR_39_1",1,NA,0,4,"no",17.01,14.39168328,0.51971022,680.086,28869.71667,23.55332004,0.457667002,627.3723333,47247.96,22.86421569,0.440671477,653.731,45865.61667,16.04356098,0.508434104,644.425,32183.38333,116,73.5,NA,73.5,-0.810457027747541,-0.794682015817302,-0.807444002848665,-0.593624550580491,-1.8233506119529,18.2,20.92472416,0.512057073,676.164,41974.99667,28.83623131,0.475799583,625.399,57845.48,28.80829345,0.443602398,627.1216667,57789.43667,29.54534563,0.455136562,636.0576667,59267.96333,119,90.83333333,91.16666667,90.83333333,0.232630044426981,1.80573194047972,0.737715377164354,1.04502048301344,1.47939806751422
"2850-57649","2850-57578","2850-57649_2850-57578",1,"CHR",39,"CHR-39",0,4,2.738914154,4,6,"CHR_39_1",1,NA,0,4,"no",17.01,14.39168328,0.51971022,680.086,28869.71667,23.55332004,0.457667002,627.3723333,47247.96,22.86421569,0.440671477,653.731,45865.61667,16.04356098,0.508434104,644.425,32183.38333,116,73.5,NA,73.5,-0.810457027747541,-0.794682015817302,-0.807444002848665,-0.593624550580491,-1.8233506119529,17.2,10.81633932,0.556799001,678.4426667,21697.57667,15.67680791,0.517385329,657.4626667,31447.67667,20.72179628,0.496782872,642.7923333,41567.92333,11.67128448,0.547842632,659.167,23412.59667,119,91.5,91.5,91.5,0.330122304413543,-0.882870324808829,-1.49188574528399,-0.374834477619313,-2.37479887454678
"2850-57649","2850-57578","2850-57649_2850-57578",2,"CHR",39,"CHR-39",0,10,2.738914154,3,7,"CHR_39_2",1,NA,0,3,"no",17.01,14.39168328,0.51971022,680.086,28869.71667,23.55332004,0.457667002,627.3723333,47247.96,22.86421569,0.440671477,653.731,45865.61667,16.04356098,0.508434104,644.425,32183.38333,116,73.5,NA,73.5,-0.810457027747541,-0.794682015817302,-0.807444002848665,-0.593624550580491,-1.8233506119529,17.2,10.81633932,0.556799001,678.4426667,21697.57667,15.67680791,0.517385329,657.4626667,31447.67667,20.72179628,0.496782872,642.7923333,41567.92333,11.67128448,0.547842632,659.167,23412.59667,119,91.5,91.5,91.5,0.330122304413543,-0.882870324808829,-1.49188574528399,-0.374834477619313,-2.37479887454678
"2850-57649","2850-57579","2850-57649_2850-57579",1,"CHR",39,"CHR-39",0,10,10.33583306,3,-7,"CHR_39_1",1,NA,0,4,"no",17.01,14.39168328,0.51971022,680.086,28869.71667,23.55332004,0.457667002,627.3723333,47247.96,22.86421569,0.440671477,653.731,45865.61667,16.04356098,0.508434104,644.425,32183.38333,116,73.5,NA,73.5,-0.810457027747541,-0.794682015817302,-0.807444002848665,-0.593624550580491,-1.8233506119529,16.3,11.31949153,0.533256519,660.737,22706.9,24.77905949,0.48852106,617.005,49706.79333,18.07848455,0.49353373,627.3723333,36265.44,24.4043104,0.499147361,611.004,48955.04667,118.5,93.5,92,93.5,0.622599082910845,-0.749043190899379,0.0503087508346794,-0.838956234350139,0.37083286253875
"2850-57649","2850-57579","2850-57649_2850-57579",2,"CHR",39,"CHR-39",0,10,11.69684807,0,-31,"CHR_39_2",1,NA,0,3,"no",17.01,14.39168328,0.51971022,680.086,28869.71667,23.55332004,0.457667002,627.3723333,47247.96,22.86421569,0.440671477,653.731,45865.61667,16.04356098,0.508434104,644.425,32183.38333,116,73.5,NA,73.5,-0.810457027747541,-0.794682015817302,-0.807444002848665,-0.593624550580491,-1.8233506119529,16.3,11.31949153,0.533256519,660.737,22706.9,24.77905949,0.48852106,617.005,49706.79333,18.07848455,0.49353373,627.3723333,36265.44,24.4043104,0.499147361,611.004,48955.04667,118.5,93.5,92,93.5,0.622599082910845,-0.749043190899379,0.0503087508346794,-0.838956234350139,0.37083286253875
"2850-57649","2850-57580","2850-57649_2850-57580",1,"CHR",39,"CHR-39",0,9,16.1553589,9,1,"CHR_39_1",1,NA,0,4,"no",17.01,14.39168328,0.51971022,680.086,28869.71667,23.55332004,0.457667002,627.3723333,47247.96,22.86421569,0.440671477,653.731,45865.61667,16.04356098,0.508434104,644.425,32183.38333,116,73.5,NA,73.5,-0.810457027747541,-0.794682015817302,-0.807444002848665,-0.593624550580491,-1.8233506119529,16.2,9.142844799,0.560214832,667.427,18340.54667,27.48113161,0.465556814,625.399,55127.15,22.9424111,0.468469624,647.108,46022.47667,30.74621137,0.465611781,608.7603333,61676.9,117.5,87.83333333,NA,87.83333333,-0.206085123318973,-1.32798210392354,0.508120833367745,0.0150687031458652,1.73834162958958
"2850-57649","2850-57580","2850-57649_2850-57580",2,"CHR",39,"CHR-39",0,0,16.1553589,0,-48,"CHR_39_2",1,NA,0,3,"no",17.01,14.39168328,0.51971022,680.086,28869.71667,23.55332004,0.457667002,627.3723333,47247.96,22.86421569,0.440671477,653.731,45865.61667,16.04356098,0.508434104,644.425,32183.38333,116,73.5,NA,73.5,-0.810457027747541,-0.794682015817302,-0.807444002848665,-0.593624550580491,-1.8233506119529,16.2,9.142844799,0.560214832,667.427,18340.54667,27.48113161,0.465556814,625.399,55127.15,22.9424111,0.468469624,647.108,46022.47667,30.74621137,0.465611781,608.7603333,61676.9,117.5,87.83333333,NA,87.83333333,-0.206085123318973,-1.32798210392354,0.508120833367745,0.0150687031458652,1.73834162958958
"2850-57649","2850-57581","2850-57649_2850-57581",1,"CHR",39,"CHR-39",0,10,15.25649999,0,-9,"CHR_39_1",1,NA,0,4,"no",17.01,14.39168328,0.51971022,680.086,28869.71667,23.55332004,0.457667002,627.3723333,47247.96,22.86421569,0.440671477,653.731,45865.61667,16.04356098,0.508434104,644.425,32183.38333,116,73.5,NA,73.5,-0.810457027747541,-0.794682015817302,-0.807444002848665,-0.593624550580491,-1.8233506119529,15.5,12.5018158,0.557442636,674.1035,25078.6425,18.94245264,0.521103483,641.0916667,37998.56,27.0381655,0.472765016,616.0483333,54238.56,19.62838485,0.524143762,664.102,39374.54,116,82.5,83,82.5,-0.986023198824319,-0.434571614980667,-0.938587554762546,0.734215334884986,-0.659003473806166
"2850-57649","2850-57581","2850-57649_2850-57581",2,"CHR",39,"CHR-39",0,10,17.22533064,1,-9,"CHR_39_2",1,NA,0,3,"no",17.01,14.39168328,0.51971022,680.086,28869.71667,23.55332004,0.457667002,627.3723333,47247.96,22.86421569,0.440671477,653.731,45865.61667,16.04356098,0.508434104,644.425,32183.38333,116,73.5,NA,73.5,-0.810457027747541,-0.794682015817302,-0.807444002848665,-0.593624550580491,-1.8233506119529,15.5,12.5018158,0.557442636,674.1035,25078.6425,18.94245264,0.521103483,641.0916667,37998.56,27.0381655,0.472765016,616.0483333,54238.56,19.62838485,0.524143762,664.102,39374.54,116,82.5,83,82.5,-0.986023198824319,-0.434571614980667,-0.938587554762546,0.734215334884986,-0.659003473806166
"2850-57649","2850-57582","2850-57649_2850-57582",1,"CHR",39,"CHR-39",0,10,18.26278611,9,-1,"CHR_39_1",1,NA,0,4,"no",17.01,14.39168328,0.51971022,680.086,28869.71667,23.55332004,0.457667002,627.3723333,47247.96,22.86421569,0.440671477,653.731,45865.61667,16.04356098,0.508434104,644.425,32183.38333,116,73.5,NA,73.5,-0.810457027747541,-0.794682015817302,-0.807444002848665,-0.593624550580491,-1.8233506119529,15.9,NA,NA,NA,NA,28.49882187,0.467628455,626.7313333,57168.63667,24.79582419,0.471185748,627.0583333,49740.42333,10.86734629,0.526212895,643.7406667,21799.89667,118,88.5,86,88.5,-0.108592863332411,NA,0.68054809534039,0.340497342347155,-2.54815265729939
"2850-57649","2850-57582","2850-57649_2850-57582",2,"CHR",39,"CHR-39",0,10,17.906111038,8,2,"CHR_39_2",1,NA,0,3,"no",17.01,14.39168328,0.51971022,680.086,28869.71667,23.55332004,0.457667002,627.3723333,47247.96,22.86421569,0.440671477,653.731,45865.61667,16.04356098,0.508434104,644.425,32183.38333,116,73.5,NA,73.5,-0.810457027747541,-0.794682015817302,-0.807444002848665,-0.593624550580491,-1.8233506119529,15.9,NA,NA,NA,NA,28.49882187,0.467628455,626.7313333,57168.63667,24.79582419,0.471185748,627.0583333,49740.42333,10.86734629,0.526212895,643.7406667,21799.89667,118,88.5,86,88.5,-0.108592863332411,NA,0.68054809534039,0.340497342347155,-2.54815265729939
"2850-57649","2850-57589","2850-57649_2850-57589",1,"CHR",39,"CHR-39",0,10,10.40756867,8,-3,"CHR_39_1",1,NA,0,4,"no",17.01,14.39168328,0.51971022,680.086,28869.71667,23.55332004,0.457667002,627.3723333,47247.96,22.86421569,0.440671477,653.731,45865.61667,16.04356098,0.508434104,644.425,32183.38333,116,73.5,NA,73.5,-0.810457027747541,-0.794682015817302,-0.807444002848665,-0.593624550580491,-1.8233506119529,17.5,12.65077601,0.531237153,675.7903333,25377.45667,16.92662014,0.501144529,627.3723333,33954.8,19.27879528,0.490091496,643.7406667,38673.26333,19.52571951,0.519492939,627.6863333,39168.59333,119.8333333,97,96.5,97,1.13443344528112,-0.394951560502818,-1.28013005765578,-0.628201551764721,-0.681141276522795
"2850-57649","2850-57589","2850-57649_2850-57589",2,"CHR",39,"CHR-39",0,10,11.955467465,9,1,"CHR_39_2",1,NA,0,3,"no",17.01,14.39168328,0.51971022,680.086,28869.71667,23.55332004,0.457667002,627.3723333,47247.96,22.86421569,0.440671477,653.731,45865.61667,16.04356098,0.508434104,644.425,32183.38333,116,73.5,NA,73.5,-0.810457027747541,-0.794682015817302,-0.807444002848665,-0.593624550580491,-1.8233506119529,17.5,12.65077601,0.531237153,675.7903333,25377.45667,16.92662014,0.501144529,627.3723333,33954.8,19.27879528,0.490091496,643.7406667,38673.26333,19.52571951,0.519492939,627.6863333,39168.59333,119.8333333,97,96.5,97,1.13443344528112,-0.394951560502818,-1.28013005765578,-0.628201551764721,-0.681141276522795
"2850-57649","2850-57620","2850-57649_2850-57620",1,"CHR",39,"CHR-39",1,10,0.08,10,0,"CHR_39_1",1,"wp",4,4,"yes",17.01,14.39168328,0.51971022,680.086,28869.71667,23.55332004,0.457667002,627.3723333,47247.96,22.86421569,0.440671477,653.731,45865.61667,16.04356098,0.508434104,644.425,32183.38333,116,73.5,NA,73.5,-0.810457027747541,-0.794682015817302,-0.807444002848665,-0.593624550580491,-1.8233506119529,18.2,8.903889997,0.510576941,627.6863333,17861.20333,21.60838485,0.492100236,611.004,43346.42,22.72290794,0.464821292,611.004,45582.15333,21.84048023,0.466018925,627.6863333,43812.00333,121,87,84,87,-0.327950447205388,-1.39153868908802,-0.486898657224134,-0.0234724159627646,-0.182007721268793
"2850-57649","2850-57620","2850-57649_2850-57620",2,"CHR",39,"CHR-39",1,10,0.08,10,0,"CHR_39_2",1,"wp",3,3,"yes",17.01,14.39168328,0.51971022,680.086,28869.71667,23.55332004,0.457667002,627.3723333,47247.96,22.86421569,0.440671477,653.731,45865.61667,16.04356098,0.508434104,644.425,32183.38333,116,73.5,NA,73.5,-0.810457027747541,-0.794682015817302,-0.807444002848665,-0.593624550580491,-1.8233506119529,18.2,8.903889997,0.510576941,627.6863333,17861.20333,21.60838485,0.492100236,611.004,43346.42,22.72290794,0.464821292,611.004,45582.15333,21.84048023,0.466018925,627.6863333,43812.00333,121,87,84,87,-0.327950447205388,-1.39153868908802,-0.486898657224134,-0.0234724159627646,-0.182007721268793
"2850-57649","2850-57647","2850-57649_2850-57647",1,"CHR",39,"CHR-39",0,5,4.669147474,5,5,"CHR_39_1",1,NA,0,4,"no",17.01,14.39168328,0.51971022,680.086,28869.71667,23.55332004,0.457667002,627.3723333,47247.96,22.86421569,0.440671477,653.731,45865.61667,16.04356098,0.508434104,644.425,32183.38333,116,73.5,NA,73.5,-0.810457027747541,-0.794682015817302,-0.807444002848665,-0.593624550580491,-1.8233506119529,15.8,12.89783981,0.543297932,643.7406667,25873.06667,28.1838767,0.473800388,617.439,56536.85667,25.45478232,0.436115595,638.1653333,51062.29333,20.55910934,0.502370676,626.097,41241.57333,122.1666667,85.83333333,87.33333333,85.83333333,-0.498561901816276,-0.329238164855052,0.627186934809475,0.456199475181733,-0.458310668004767
"2850-57649","2850-57647","2850-57649_2850-57647",2,"CHR",39,"CHR-39",0,10,4.669147474,0,10,"CHR_39_2",1,NA,0,3,"no",17.01,14.39168328,0.51971022,680.086,28869.71667,23.55332004,0.457667002,627.3723333,47247.96,22.86421569,0.440671477,653.731,45865.61667,16.04356098,0.508434104,644.425,32183.38333,116,73.5,NA,73.5,-0.810457027747541,-0.794682015817302,-0.807444002848665,-0.593624550580491,-1.8233506119529,15.8,12.89783981,0.543297932,643.7406667,25873.06667,28.1838767,0.473800388,617.439,56536.85667,25.45478232,0.436115595,638.1653333,51062.29333,20.55910934,0.502370676,626.097,41241.57333,122.1666667,85.83333333,87.33333333,85.83333333,-0.498561901816276,-0.329238164855052,0.627186934809475,0.456199475181733,-0.458310668004767
"2850-57649","2850-57653","2850-57649_2850-57653",1,"CHR",39,"CHR-39",0,10,8.110510173,10,0,"CHR_39_1",1,NA,0,4,"no",17.01,14.39168328,0.51971022,680.086,28869.71667,23.55332004,0.457667002,627.3723333,47247.96,22.86421569,0.440671477,653.731,45865.61667,16.04356098,0.508434104,644.425,32183.38333,116,73.5,NA,73.5,-0.810457027747541,-0.794682015817302,-0.807444002848665,-0.593624550580491,-1.8233506119529,16.37,8.467490861,0.535457505,660.1716667,16985.78667,27.15053506,0.465647634,659.167,54463.97333,21.8547225,0.470898637,665.8,43840.57333,15.40861914,0.497215455,659.167,30909.69,119.3333333,78,76.33333333,78,-1.64409595044325,-1.50761101163916,0.452107859504655,-0.175911398852204,-1.56891465511013
"2850-57649","2850-57653","2850-57649_2850-57653",2,"CHR",39,"CHR-39",0,10,10.27751357,0,-16,"CHR_39_2",1,NA,0,3,"no",17.01,14.39168328,0.51971022,680.086,28869.71667,23.55332004,0.457667002,627.3723333,47247.96,22.86421569,0.440671477,653.731,45865.61667,16.04356098,0.508434104,644.425,32183.38333,116,73.5,NA,73.5,-0.810457027747541,-0.794682015817302,-0.807444002848665,-0.593624550580491,-1.8233506119529,16.37,8.467490861,0.535457505,660.1716667,16985.78667,27.15053506,0.465647634,659.167,54463.97333,21.8547225,0.470898637,665.8,43840.57333,15.40861914,0.497215455,659.167,30909.69,119.3333333,78,76.33333333,78,-1.64409595044325,-1.50761101163916,0.452107859504655,-0.175911398852204,-1.56891465511013
"2850-57649","2850-57669","2850-57649_2850-57669",1,"CHR",39,"CHR-39",0,10,2.828497882,10,0,"CHR_39_1",1,NA,0,4,"no",17.01,14.39168328,0.51971022,680.086,28869.71667,23.55332004,0.457667002,627.3723333,47247.96,22.86421569,0.440671477,653.731,45865.61667,16.04356098,0.508434104,644.425,32183.38333,116,73.5,NA,73.5,-0.810457027747541,-0.794682015817302,-0.807444002848665,-0.593624550580491,-1.8233506119529,17.82,14.07982054,0.504204618,611.004,28244.12,27.72719176,0.47617904,611.004,55620.74667,17.24374875,0.494612283,611.004,34590.96,18.57412762,0.508699718,611.004,37259.7,123.8333333,89.66666667,90,89.66666667,0.0620185912784761,-0.0148579628241403,0.549810804877425,-0.985522014505819,-0.886333735122392
"2850-57649","2850-57669","2850-57649_2850-57669",2,"CHR",39,"CHR-39",0,10,3.9384537895,5,5,"CHR_39_2",1,NA,0,3,"no",17.01,14.39168328,0.51971022,680.086,28869.71667,23.55332004,0.457667002,627.3723333,47247.96,22.86421569,0.440671477,653.731,45865.61667,16.04356098,0.508434104,644.425,32183.38333,116,73.5,NA,73.5,-0.810457027747541,-0.794682015817302,-0.807444002848665,-0.593624550580491,-1.8233506119529,17.82,14.07982054,0.504204618,611.004,28244.12,27.72719176,0.47617904,611.004,55620.74667,17.24374875,0.494612283,611.004,34590.96,18.57412762,0.508699718,611.004,37259.7,123.8333333,89.66666667,90,89.66666667,0.0620185912784761,-0.0148579628241403,0.549810804877425,-0.985522014505819,-0.886333735122392
"2850-57649","2850-57671","2850-57649_2850-57671",1,"CHR",39,"CHR-39",0,6,21.04846256,6,4,"CHR_39_1",1,NA,0,4,"no",17.01,14.39168328,0.51971022,680.086,28869.71667,23.55332004,0.457667002,627.3723333,47247.96,22.86421569,0.440671477,653.731,45865.61667,16.04356098,0.508434104,644.425,32183.38333,116,73.5,NA,73.5,-0.810457027747541,-0.794682015817302,-0.807444002848665,-0.593624550580491,-1.8233506119529,17.53,16.28350449,0.48181303,667.733,32664.71,28.84180791,0.479499655,593.4133333,57856.66667,23.68146062,0.459973843,641.034,47505.01,25.7482569,0.475226128,607.0326667,51651.00333,117.8333333,75.83333333,83.16666667,75.83333333,-1.96094579430279,0.571272240341928,0.738660220509044,0.144833557453636,0.660629034048076
"2850-57649","2850-57671","2850-57649_2850-57671",2,"CHR",39,"CHR-39",0,0,21.04846256,0,-45,"CHR_39_2",1,NA,0,3,"no",17.01,14.39168328,0.51971022,680.086,28869.71667,23.55332004,0.457667002,627.3723333,47247.96,22.86421569,0.440671477,653.731,45865.61667,16.04356098,0.508434104,644.425,32183.38333,116,73.5,NA,73.5,-0.810457027747541,-0.794682015817302,-0.807444002848665,-0.593624550580491,-1.8233506119529,17.53,16.28350449,0.48181303,667.733,32664.71,28.84180791,0.479499655,593.4133333,57856.66667,23.68146062,0.459973843,641.034,47505.01,25.7482569,0.475226128,607.0326667,51651.00333,117.8333333,75.83333333,83.16666667,75.83333333,-1.96094579430279,0.571272240341928,0.738660220509044,0.144833557453636,0.660629034048076
"2850-57649","2850-57731","2850-57649_2850-57731",1,"CHR",39,"CHR-39",0,10,5.510588776,0,-18,"CHR_39_1",1,NA,0,4,"no",17.01,14.39168328,0.51971022,680.086,28869.71667,23.55332004,0.457667002,627.3723333,47247.96,22.86421569,0.440671477,653.731,45865.61667,16.04356098,0.508434104,644.425,32183.38333,116,73.5,NA,73.5,-0.810457027747541,-0.794682015817302,-0.807444002848665,-0.593624550580491,-1.8233506119529,15.9,10.9634214,0.500436597,689.138,21992.62333,23.24545364,0.49159359,611.004,46630.38,18.5751562,0.456752009,611.004,37261.76333,24.60593387,0.474122334,611.004,49359.50333,119,91,92.33333333,91,0.257003109789217,-0.84374981052978,-0.209530090170569,-0.751748919336863,0.414309079555146
"2850-57649","2850-57731","2850-57649_2850-57731",2,"CHR",39,"CHR-39",0,10,2.463062007,0,-18,"CHR_39_2",1,NA,0,3,"no",17.01,14.39168328,0.51971022,680.086,28869.71667,23.55332004,0.457667002,627.3723333,47247.96,22.86421569,0.440671477,653.731,45865.61667,16.04356098,0.508434104,644.425,32183.38333,116,73.5,NA,73.5,-0.810457027747541,-0.794682015817302,-0.807444002848665,-0.593624550580491,-1.8233506119529,15.9,10.9634214,0.500436597,689.138,21992.62333,23.24545364,0.49159359,611.004,46630.38,18.5751562,0.456752009,611.004,37261.76333,24.60593387,0.474122334,611.004,49359.50333,119,91,92.33333333,91,0.257003109789217,-0.84374981052978,-0.209530090170569,-0.751748919336863,0.414309079555146
"2850-57649","2850-57733","2850-57649_2850-57733",2,"CHR",39,"CHR-39",0,10,13.61036262,0,22,"CHR_39_2",1,NA,0,3,"no",17.01,14.39168328,0.51971022,680.086,28869.71667,23.55332004,0.457667002,627.3723333,47247.96,22.86421569,0.440671477,653.731,45865.61667,16.04356098,0.508434104,644.425,32183.38333,116,73.5,NA,73.5,-0.810457027747541,-0.794682015817302,-0.807444002848665,-0.593624550580491,-1.8233506119529,15.66,14.84394317,0.488091858,680.0823333,29776.95,20.45213858,0.480742509,611.004,41026.99,22.3788767,0.481773003,627.3723333,44892.02667,18.61630941,0.474711747,611.004,37344.31667,121.6666667,NA,102,102,1.86562539152438,0.188381413841325,-0.682801464137293,-0.0838786032720019,-0.877238044743787
"2850-57649","2850-57733","2850-57649_2850-57733",1,"CHR",39,"CHR-39",0,0,13.61036262,0,25,"CHR_39_1",1,NA,0,4,"no",17.01,14.39168328,0.51971022,680.086,28869.71667,23.55332004,0.457667002,627.3723333,47247.96,22.86421569,0.440671477,653.731,45865.61667,16.04356098,0.508434104,644.425,32183.38333,116,73.5,NA,73.5,-0.810457027747541,-0.794682015817302,-0.807444002848665,-0.593624550580491,-1.8233506119529,15.66,14.84394317,0.488091858,680.0823333,29776.95,20.45213858,0.480742509,611.004,41026.99,22.3788767,0.481773003,627.3723333,44892.02667,18.61630941,0.474711747,611.004,37344.31667,121.6666667,NA,102,102,1.86562539152438,0.188381413841325,-0.682801464137293,-0.0838786032720019,-0.877238044743787
"2850-57649","2850-57742","2850-57649_2850-57742",1,"CHR",39,"CHR-39",0,10,6.83427215,0,-10,"CHR_39_1",1,NA,0,4,"no",17.01,14.39168328,0.51971022,680.086,28869.71667,23.55332004,0.457667002,627.3723333,47247.96,22.86421569,0.440671477,653.731,45865.61667,16.04356098,0.508434104,644.425,32183.38333,116,73.5,NA,73.5,-0.810457027747541,-0.794682015817302,-0.807444002848665,-0.593624550580491,-1.8233506119529,16.98,13.00562645,0.511030769,671.763,26089.28667,26.1463443,0.49002744,625.0783333,52449.56667,26.30566135,0.456120566,609.081,52769.15667,22.8044882,0.51172569,659.167,45745.80333,118,93,92,93,0.54947988828652,-0.300569350889335,0.281967817833205,0.605599739133584,0.0258620257862253
"2850-57649","2850-57742","2850-57649_2850-57742",2,"CHR",39,"CHR-39",0,10,8.883945424,0,-13,"CHR_39_2",1,NA,0,3,"no",17.01,14.39168328,0.51971022,680.086,28869.71667,23.55332004,0.457667002,627.3723333,47247.96,22.86421569,0.440671477,653.731,45865.61667,16.04356098,0.508434104,644.425,32183.38333,116,73.5,NA,73.5,-0.810457027747541,-0.794682015817302,-0.807444002848665,-0.593624550580491,-1.8233506119529,16.98,13.00562645,0.511030769,671.763,26089.28667,26.1463443,0.49002744,625.0783333,52449.56667,26.30566135,0.456120566,609.081,52769.15667,22.8044882,0.51172569,659.167,45745.80333,118,93,92,93,0.54947988828652,-0.300569350889335,0.281967817833205,0.605599739133584,0.0258620257862253
"2850-57649","2850-57744","2850-57649_2850-57744",1,"CHR",39,"CHR-39",0,2,18.19585314,2,8,"CHR_39_1",1,NA,0,4,"no",17.01,14.39168328,0.51971022,680.086,28869.71667,23.55332004,0.457667002,627.3723333,47247.96,22.86421569,0.440671477,653.731,45865.61667,16.04356098,0.508434104,644.425,32183.38333,116,73.5,NA,73.5,-0.810457027747541,-0.794682015817302,-0.807444002848665,-0.593624550580491,-1.8233506119529,14.77,24.63866733,0.441897015,611.004,49425.16667,20.45419575,0.491736389,610.6836667,41031.11667,20.25567464,0.470934773,627.6863333,40632.88333,16.45550847,0.489979153,643.7406667,33009.75,116,84.5,NA,84.5,-0.693546420327017,2.79355701620318,-0.682452917821725,-0.456677716898191,-1.34317313948584
"2850-57649","2850-57744","2850-57649_2850-57744",2,"CHR",39,"CHR-39",0,10,18.19585314,0,11,"CHR_39_2",1,NA,0,3,"no",17.01,14.39168328,0.51971022,680.086,28869.71667,23.55332004,0.457667002,627.3723333,47247.96,22.86421569,0.440671477,653.731,45865.61667,16.04356098,0.508434104,644.425,32183.38333,116,73.5,NA,73.5,-0.810457027747541,-0.794682015817302,-0.807444002848665,-0.593624550580491,-1.8233506119529,14.77,24.63866733,0.441897015,611.004,49425.16667,20.45419575,0.491736389,610.6836667,41031.11667,20.25567464,0.470934773,627.6863333,40632.88333,16.45550847,0.489979153,643.7406667,33009.75,116,84.5,NA,84.5,-0.693546420327017,2.79355701620318,-0.682452917821725,-0.456677716898191,-1.34317313948584
"2850-57649","2850-57745","2850-57649_2850-57745",1,"CHR",39,"CHR-39",0,10,7.817152741,6,-5,"CHR_39_1",1,NA,0,4,"no",17.01,14.39168328,0.51971022,680.086,28869.71667,23.55332004,0.457667002,627.3723333,47247.96,22.86421569,0.440671477,653.731,45865.61667,16.04356098,0.508434104,644.425,32183.38333,116,73.5,NA,73.5,-0.810457027747541,-0.794682015817302,-0.807444002848665,-0.593624550580491,-1.8233506119529,16.33,11.89491525,0.520998035,667.1156667,23861.2,19.28173812,0.496153459,634.065,38679.16667,21.88407444,0.484884869,657.7393333,43899.45333,26.3850565,0.474305256,645.4026667,52928.42333,118,85,86,85,-0.620427225702691,-0.59599346618265,-0.881102415479132,-0.170757684365318,0.797942599802867
"2850-57649","2850-57745","2850-57649_2850-57745",2,"CHR",39,"CHR-39",0,10,7.192833164,0,-19,"CHR_39_2",1,NA,0,3,"no",17.01,14.39168328,0.51971022,680.086,28869.71667,23.55332004,0.457667002,627.3723333,47247.96,22.86421569,0.440671477,653.731,45865.61667,16.04356098,0.508434104,644.425,32183.38333,116,73.5,NA,73.5,-0.810457027747541,-0.794682015817302,-0.807444002848665,-0.593624550580491,-1.8233506119529,16.33,11.89491525,0.520998035,667.1156667,23861.2,19.28173812,0.496153459,634.065,38679.16667,21.88407444,0.484884869,657.7393333,43899.45333,26.3850565,0.474305256,645.4026667,52928.42333,118,85,86,85,-0.620427225702691,-0.59599346618265,-0.881102415479132,-0.170757684365318,0.797942599802867
"2850-57649","2850-57806","2850-57649_2850-57806",1,"CHR",39,"CHR-39",0,10,2.998408922,0,-13,"CHR_39_1",1,NA,0,4,"no",17.01,14.39168328,0.51971022,680.086,28869.71667,23.55332004,0.457667002,627.3723333,47247.96,22.86421569,0.440671477,653.731,45865.61667,16.04356098,0.508434104,644.425,32183.38333,116,73.5,NA,73.5,-0.810457027747541,-0.794682015817302,-0.807444002848665,-0.593624550580491,-1.8233506119529,15.88,11.25502825,0.516086951,669.4676667,22577.58667,14.26422898,0.518970434,659.167,28614.04333,18.0460319,0.470292612,659.167,36200.34,17.57589232,0.493413321,659.167,35257.24,120.1666667,83.83333333,86,83.83333333,-0.791038680313578,-0.766188968724348,-1.73121899508845,-0.844654382153754,-1.1015839465002
"2850-57649","2850-57806","2850-57649_2850-57806",2,"CHR",39,"CHR-39",0,10,4.115009989,0,-10,"CHR_39_2",1,NA,0,3,"no",17.01,14.39168328,0.51971022,680.086,28869.71667,23.55332004,0.457667002,627.3723333,47247.96,22.86421569,0.440671477,653.731,45865.61667,16.04356098,0.508434104,644.425,32183.38333,116,73.5,NA,73.5,-0.810457027747541,-0.794682015817302,-0.807444002848665,-0.593624550580491,-1.8233506119529,15.88,11.25502825,0.516086951,669.4676667,22577.58667,14.26422898,0.518970434,659.167,28614.04333,18.0460319,0.470292612,659.167,36200.34,17.57589232,0.493413321,659.167,35257.24,120.1666667,83.83333333,86,83.83333333,-0.791038680313578,-0.766188968724348,-1.73121899508845,-0.844654382153754,-1.1015839465002
"2850-57649","2850-57808","2850-57649_2850-57808",1,"CHR",39,"CHR-39",0,10,5.45933273,0,-13,"CHR_39_1",1,NA,0,4,"no",17.01,14.39168328,0.51971022,680.086,28869.71667,23.55332004,0.457667002,627.3723333,47247.96,22.86421569,0.440671477,653.731,45865.61667,16.04356098,0.508434104,644.425,32183.38333,116,73.5,NA,73.5,-0.810457027747541,-0.794682015817302,-0.807444002848665,-0.593624550580491,-1.8233506119529,17.44,11.46748421,0.514088925,678.7753333,23003.77333,15.37756564,0.515459018,659.167,30847.39667,20.6164008,0.49573159,641.3963333,41356.5,18.7548222,0.472216787,642.151,37622.17333,120.5,NA,100,100,1.57314861302708,-0.709680477568599,-1.54258636344907,-0.393340178166818,-0.847370430038086
"2850-57649","2850-57808","2850-57649_2850-57808",2,"CHR",39,"CHR-39",0,10,6.422664264,0,-14,"CHR_39_2",1,NA,0,3,"no",17.01,14.39168328,0.51971022,680.086,28869.71667,23.55332004,0.457667002,627.3723333,47247.96,22.86421569,0.440671477,653.731,45865.61667,16.04356098,0.508434104,644.425,32183.38333,116,73.5,NA,73.5,-0.810457027747541,-0.794682015817302,-0.807444002848665,-0.593624550580491,-1.8233506119529,17.44,11.46748421,0.514088925,678.7753333,23003.77333,15.37756564,0.515459018,659.167,30847.39667,20.6164008,0.49573159,641.3963333,41356.5,18.7548222,0.472216787,642.151,37622.17333,120.5,NA,100,100,1.57314861302708,-0.709680477568599,-1.54258636344907,-0.393340178166818,-0.847370430038086
"2850-57649","2850-57881","2850-57649_2850-57881",1,"CHR",39,"CHR-39",0,10,7.116624586,4,-8,"CHR_39_1",1,NA,0,4,"no",17.01,14.39168328,0.51971022,680.086,28869.71667,23.55332004,0.457667002,627.3723333,47247.96,22.86421569,0.440671477,653.731,45865.61667,16.04356098,0.508434104,644.425,32183.38333,116,73.5,NA,73.5,-0.810457027747541,-0.794682015817302,-0.807444002848665,-0.593624550580491,-1.8233506119529,16.55,11.73463277,0.535560863,644.7453333,23539.67333,21.93833167,0.494146676,611.004,44008.29333,26.56095214,0.438684751,643.7343333,53281.27,31.59365071,0.464706779,610.6836667,63376.86333,119.6666667,84.83333333,85.83333333,84.83333333,-0.644800291064927,-0.638624988986254,-0.430995767115722,0.650424573294177,1.92107559728725
"2850-57649","2850-57881","2850-57649_2850-57881",2,"CHR",39,"CHR-39",0,10,7.680677819,10,0,"CHR_39_2",1,NA,0,3,"no",17.01,14.39168328,0.51971022,680.086,28869.71667,23.55332004,0.457667002,627.3723333,47247.96,22.86421569,0.440671477,653.731,45865.61667,16.04356098,0.508434104,644.425,32183.38333,116,73.5,NA,73.5,-0.810457027747541,-0.794682015817302,-0.807444002848665,-0.593624550580491,-1.8233506119529,16.55,11.73463277,0.535560863,644.7453333,23539.67333,21.93833167,0.494146676,611.004,44008.29333,26.56095214,0.438684751,643.7343333,53281.27,31.59365071,0.464706779,610.6836667,63376.86333,119.6666667,84.83333333,85.83333333,84.83333333,-0.644800291064927,-0.638624988986254,-0.430995767115722,0.650424573294177,1.92107559728725
"2850-57650","2640-97588","2850-57650_2640-97588",1,"CHR",25,"CHR-25",0,12,13.53847398,2,-9,"CHR_25_1",1,NA,0,4,"no",16.49,17.68973745,0.527524421,637.359,35485.61333,37.8482436,0.422268626,611.004,75923.57667,25.65847624,0.39658214,610.6836667,51470.90333,24.74415088,0.447231158,610.6836667,49636.76667,116.3333333,74.33333333,74.16666667,74.33333333,-0.593148581433504,0.151938789434847,1.54664799406648,-0.102168369852278,-0.373211898071109,18.7,11.85018943,0.544837496,653.7273333,23771.48,14.45612662,0.507893605,610.6836667,28998.99,21.21705716,0.471668493,610.6836667,42561.41667,27.50362745,0.462396686,637.0386667,55172.27667,119,87,85,87,-0.327950447205388,-0.607889525035993,-1.69870577771304,-0.287874870450448,1.03914087582914
"2850-57650","2640-97588","2850-57650_2640-97588",2,"CHR",95,"CHR-95",0,10,14.24642123,0,-18,"CHR_95_2",1,NA,0,3,"no",16.49,17.68973745,0.527524421,637.359,35485.61333,37.8482436,0.422268626,611.004,75923.57667,25.65847624,0.39658214,610.6836667,51470.90333,24.74415088,0.447231158,610.6836667,49636.76667,116.3333333,74.33333333,74.16666667,74.33333333,-0.593148581433504,0.151938789434847,1.54664799406648,-0.102168369852278,-0.373211898071109,18.7,11.85018943,0.544837496,653.7273333,23771.48,14.45612662,0.507893605,610.6836667,28998.99,21.21705716,0.471668493,610.6836667,42561.41667,27.50362745,0.462396686,637.0386667,55172.27667,119,87,85,87,-0.327950447205388,-0.607889525035993,-1.69870577771304,-0.287874870450448,1.03914087582914
"2850-57650","2640-97589","2850-57650_2640-97589",1,"CHR",25,"CHR-25",0,12,6.340652122,4,-7,"CHR_25_1",1,NA,0,4,"no",16.49,17.68973745,0.527524421,637.359,35485.61333,37.8482436,0.422268626,611.004,75923.57667,25.65847624,0.39658214,610.6836667,51470.90333,24.74415088,0.447231158,610.6836667,49636.76667,116.3333333,74.33333333,74.16666667,74.33333333,-0.593148581433504,0.151938789434847,1.54664799406648,-0.102168369852278,-0.373211898071109,16.1,11.8153556,0.523609389,681.183,23701.60333,16.91354271,0.528785659,657.7393333,33928.56667,18.6526321,0.480672665,627.3723333,37417.18,20.65218677,0.48363622,650.113,41428.28667,119,99.66666667,98,99.66666667,1.52440248376499,-0.617154537768401,-1.28234576663637,-0.738145434585443,-0.438240313367936
"2850-57650","2640-97589","2850-57650_2640-97589",2,"CHR",95,"CHR-95",0,10,6.419982592,0,-15,"CHR_95_2",1,NA,0,3,"no",16.49,17.68973745,0.527524421,637.359,35485.61333,37.8482436,0.422268626,611.004,75923.57667,25.65847624,0.39658214,610.6836667,51470.90333,24.74415088,0.447231158,610.6836667,49636.76667,116.3333333,74.33333333,74.16666667,74.33333333,-0.593148581433504,0.151938789434847,1.54664799406648,-0.102168369852278,-0.373211898071109,16.1,11.8153556,0.523609389,681.183,23701.60333,16.91354271,0.528785659,657.7393333,33928.56667,18.6526321,0.480672665,627.3723333,37417.18,20.65218677,0.48363622,650.113,41428.28667,119,99.66666667,98,99.66666667,1.52440248376499,-0.617154537768401,-1.28234576663637,-0.738145434585443,-0.438240313367936
"2850-57650","2811-83208","2850-57650_2811-83208",1,"CHR",25,"CHR-25",0,4,18.2811172,4,8,"CHR_25_1",1,NA,0,4,"no",16.49,17.68973745,0.527524421,637.359,35485.61333,37.8482436,0.422268626,611.004,75923.57667,25.65847624,0.39658214,610.6836667,51470.90333,24.74415088,0.447231158,610.6836667,49636.76667,116.3333333,74.33333333,74.16666667,74.33333333,-0.593148581433504,0.151938789434847,1.54664799406648,-0.102168369852278,-0.373211898071109,16.9,18.73416916,0.484585352,611.004,37580.74333,21.00459455,0.486882121,610.6836667,42135.21667,26.39878531,0.450512144,610.6836667,52955.96333,23.23742606,0.475660646,611.004,46614.27667,118,87,89.5,87,-0.327950447205388,1.22309374175052,-0.589198848477454,0.621950764031026,0.119216734719535
"2850-57650","2811-83208","2850-57650_2811-83208",2,"CHR",95,"CHR-95",0,10,17.57294798,10,0,"CHR_95_2",1,NA,0,3,"no",16.49,17.68973745,0.527524421,637.359,35485.61333,37.8482436,0.422268626,611.004,75923.57667,25.65847624,0.39658214,610.6836667,51470.90333,24.74415088,0.447231158,610.6836667,49636.76667,116.3333333,74.33333333,74.16666667,74.33333333,-0.593148581433504,0.151938789434847,1.54664799406648,-0.102168369852278,-0.373211898071109,16.9,18.73416916,0.484585352,611.004,37580.74333,21.00459455,0.486882121,610.6836667,42135.21667,26.39878531,0.450512144,610.6836667,52955.96333,23.23742606,0.475660646,611.004,46614.27667,118,87,89.5,87,-0.327950447205388,1.22309374175052,-0.589198848477454,0.621950764031026,0.119216734719535
"2850-57650","2850-57567","2850-57650_2850-57567",1,"CHR",25,"CHR-25",0,6,11.31385671,6,6,"CHR_25_1",1,NA,0,4,"no",16.49,17.68973745,0.527524421,637.359,35485.61333,37.8482436,0.422268626,611.004,75923.57667,25.65847624,0.39658214,610.6836667,51470.90333,24.74415088,0.447231158,610.6836667,49636.76667,116.3333333,74.33333333,74.16666667,74.33333333,-0.593148581433504,0.151938789434847,1.54664799406648,-0.102168369852278,-0.373211898071109,16.6,10.56012296,0.52180729,667.1156667,21183.60667,26.35612994,0.49271154,611.3883333,52870.39667,22.28285809,0.48721335,606.0566667,44699.41333,16.73888169,0.511359264,628.0706667,33578.19667,121.5,102.1666667,102.5,102.1666667,1.88999846127377,-0.951018094883241,0.317511799070068,-0.100737880763292,-1.28206916379613
"2850-57650","2850-57567","2850-57650_2850-57567",2,"CHR",95,"CHR-95",0,0,11.92499837,0,-51,"CHR_95_2",1,NA,0,3,"no",16.49,17.68973745,0.527524421,637.359,35485.61333,37.8482436,0.422268626,611.004,75923.57667,25.65847624,0.39658214,610.6836667,51470.90333,24.74415088,0.447231158,610.6836667,49636.76667,116.3333333,74.33333333,74.16666667,74.33333333,-0.593148581433504,0.151938789434847,1.54664799406648,-0.102168369852278,-0.373211898071109,16.6,10.56012296,0.52180729,667.1156667,21183.60667,26.35612994,0.49271154,611.3883333,52870.39667,22.28285809,0.48721335,606.0566667,44699.41333,16.73888169,0.511359264,628.0706667,33578.19667,121.5,102.1666667,102.5,102.1666667,1.88999846127377,-0.951018094883241,0.317511799070068,-0.100737880763292,-1.28206916379613
"2850-57650","2850-57570","2850-57650_2850-57570",2,"CHR",95,"CHR-95",0,10,11.06313433,0,-19,"CHR_95_2",1,NA,0,3,"no",16.49,17.68973745,0.527524421,637.359,35485.61333,37.8482436,0.422268626,611.004,75923.57667,25.65847624,0.39658214,610.6836667,51470.90333,24.74415088,0.447231158,610.6836667,49636.76667,116.3333333,74.33333333,74.16666667,74.33333333,-0.593148581433504,0.151938789434847,1.54664799406648,-0.102168369852278,-0.373211898071109,16.51,16.84077767,0.501161039,611.004,33782.6,23.06811898,0.49586693,611.004,46274.64667,25.67366733,0.443766873,611.004,51501.37667,19.07592556,0.494641169,627.6863333,38266.30667,121.5,90,NA,90,0.110764720540566,0.719494330997171,-0.239575901827104,0.494632057389222,-0.778130676530947
"2850-57650","2850-57570","2850-57650_2850-57570",1,"CHR",25,"CHR-25",0,0,8.701475932,0,18,"CHR_25_1",1,NA,0,4,"no",16.49,17.68973745,0.527524421,637.359,35485.61333,37.8482436,0.422268626,611.004,75923.57667,25.65847624,0.39658214,610.6836667,51470.90333,24.74415088,0.447231158,610.6836667,49636.76667,116.3333333,74.33333333,74.16666667,74.33333333,-0.593148581433504,0.151938789434847,1.54664799406648,-0.102168369852278,-0.373211898071109,16.51,16.84077767,0.501161039,611.004,33782.6,23.06811898,0.49586693,611.004,46274.64667,25.67366733,0.443766873,611.004,51501.37667,19.07592556,0.494641169,627.6863333,38266.30667,121.5,90,NA,90,0.110764720540566,0.719494330997171,-0.239575901827104,0.494632057389222,-0.778130676530947
"2850-57650","2850-57577","2850-57650_2850-57577",2,"CHR",95,"CHR-95",0,10,12.74572561,0,10,"CHR_95_2",1,NA,0,3,"no",16.49,17.68973745,0.527524421,637.359,35485.61333,37.8482436,0.422268626,611.004,75923.57667,25.65847624,0.39658214,610.6836667,51470.90333,24.74415088,0.447231158,610.6836667,49636.76667,116.3333333,74.33333333,74.16666667,74.33333333,-0.593148581433504,0.151938789434847,1.54664799406648,-0.102168369852278,-0.373211898071109,18.2,20.92472416,0.512057073,676.164,41974.99667,28.83623131,0.475799583,625.399,57845.48,28.80829345,0.443602398,627.1216667,57789.43667,29.54534563,0.455136562,636.0576667,59267.96333,119,90.83333333,91.16666667,90.83333333,0.232630044426981,1.80573194047972,0.737715377164354,1.04502048301344,1.47939806751422
"2850-57650","2850-57577","2850-57650_2850-57577",1,"CHR",25,"CHR-25",0,0,11.9443778,0,18,"CHR_25_1",1,NA,0,4,"no",16.49,17.68973745,0.527524421,637.359,35485.61333,37.8482436,0.422268626,611.004,75923.57667,25.65847624,0.39658214,610.6836667,51470.90333,24.74415088,0.447231158,610.6836667,49636.76667,116.3333333,74.33333333,74.16666667,74.33333333,-0.593148581433504,0.151938789434847,1.54664799406648,-0.102168369852278,-0.373211898071109,18.2,20.92472416,0.512057073,676.164,41974.99667,28.83623131,0.475799583,625.399,57845.48,28.80829345,0.443602398,627.1216667,57789.43667,29.54534563,0.455136562,636.0576667,59267.96333,119,90.83333333,91.16666667,90.83333333,0.232630044426981,1.80573194047972,0.737715377164354,1.04502048301344,1.47939806751422
"2850-57650","2850-57578","2850-57650_2850-57578",2,"CHR",95,"CHR-95",0,10,5.443176722,3,7,"CHR_95_2",1,NA,0,3,"no",16.49,17.68973745,0.527524421,637.359,35485.61333,37.8482436,0.422268626,611.004,75923.57667,25.65847624,0.39658214,610.6836667,51470.90333,24.74415088,0.447231158,610.6836667,49636.76667,116.3333333,74.33333333,74.16666667,74.33333333,-0.593148581433504,0.151938789434847,1.54664799406648,-0.102168369852278,-0.373211898071109,17.2,10.81633932,0.556799001,678.4426667,21697.57667,15.67680791,0.517385329,657.4626667,31447.67667,20.72179628,0.496782872,642.7923333,41567.92333,11.67128448,0.547842632,659.167,23412.59667,119,91.5,91.5,91.5,0.330122304413543,-0.882870324808829,-1.49188574528399,-0.374834477619313,-2.37479887454678
"2850-57650","2850-57578","2850-57650_2850-57578",1,"CHR",25,"CHR-25",0,0,5.053284364,0,14,"CHR_25_1",1,NA,0,4,"no",16.49,17.68973745,0.527524421,637.359,35485.61333,37.8482436,0.422268626,611.004,75923.57667,25.65847624,0.39658214,610.6836667,51470.90333,24.74415088,0.447231158,610.6836667,49636.76667,116.3333333,74.33333333,74.16666667,74.33333333,-0.593148581433504,0.151938789434847,1.54664799406648,-0.102168369852278,-0.373211898071109,17.2,10.81633932,0.556799001,678.4426667,21697.57667,15.67680791,0.517385329,657.4626667,31447.67667,20.72179628,0.496782872,642.7923333,41567.92333,11.67128448,0.547842632,659.167,23412.59667,119,91.5,91.5,91.5,0.330122304413543,-0.882870324808829,-1.49188574528399,-0.374834477619313,-2.37479887454678
"2850-57650","2850-57579","2850-57650_2850-57579",1,"CHR",25,"CHR-25",0,11,7.88623328,11,1,"CHR_25_1",1,NA,0,4,"no",16.49,17.68973745,0.527524421,637.359,35485.61333,37.8482436,0.422268626,611.004,75923.57667,25.65847624,0.39658214,610.6836667,51470.90333,24.74415088,0.447231158,610.6836667,49636.76667,116.3333333,74.33333333,74.16666667,74.33333333,-0.593148581433504,0.151938789434847,1.54664799406648,-0.102168369852278,-0.373211898071109,16.3,11.31949153,0.533256519,660.737,22706.9,24.77905949,0.48852106,617.005,49706.79333,18.07848455,0.49353373,627.3723333,36265.44,24.4043104,0.499147361,611.004,48955.04667,118.5,93.5,92,93.5,0.622599082910845,-0.749043190899379,0.0503087508346794,-0.838956234350139,0.37083286253875
"2850-57650","2850-57579","2850-57650_2850-57579",2,"CHR",95,"CHR-95",0,10,7.527135405,0,-31,"CHR_95_2",1,NA,0,3,"no",16.49,17.68973745,0.527524421,637.359,35485.61333,37.8482436,0.422268626,611.004,75923.57667,25.65847624,0.39658214,610.6836667,51470.90333,24.74415088,0.447231158,610.6836667,49636.76667,116.3333333,74.33333333,74.16666667,74.33333333,-0.593148581433504,0.151938789434847,1.54664799406648,-0.102168369852278,-0.373211898071109,16.3,11.31949153,0.533256519,660.737,22706.9,24.77905949,0.48852106,617.005,49706.79333,18.07848455,0.49353373,627.3723333,36265.44,24.4043104,0.499147361,611.004,48955.04667,118.5,93.5,92,93.5,0.622599082910845,-0.749043190899379,0.0503087508346794,-0.838956234350139,0.37083286253875
"2850-57650","2850-57580","2850-57650_2850-57580",1,"CHR",25,"CHR-25",0,3,13.26934274,3,9,"CHR_25_1",1,NA,0,4,"no",16.49,17.68973745,0.527524421,637.359,35485.61333,37.8482436,0.422268626,611.004,75923.57667,25.65847624,0.39658214,610.6836667,51470.90333,24.74415088,0.447231158,610.6836667,49636.76667,116.3333333,74.33333333,74.16666667,74.33333333,-0.593148581433504,0.151938789434847,1.54664799406648,-0.102168369852278,-0.373211898071109,16.2,9.142844799,0.560214832,667.427,18340.54667,27.48113161,0.465556814,625.399,55127.15,22.9424111,0.468469624,647.108,46022.47667,30.74621137,0.465611781,608.7603333,61676.9,117.5,87.83333333,NA,87.83333333,-0.206085123318973,-1.32798210392354,0.508120833367745,0.0150687031458652,1.73834162958958
"2850-57650","2850-57580","2850-57650_2850-57580",2,"CHR",95,"CHR-95",0,0,12.59715536,0,-48,"CHR_95_2",1,NA,0,3,"no",16.49,17.68973745,0.527524421,637.359,35485.61333,37.8482436,0.422268626,611.004,75923.57667,25.65847624,0.39658214,610.6836667,51470.90333,24.74415088,0.447231158,610.6836667,49636.76667,116.3333333,74.33333333,74.16666667,74.33333333,-0.593148581433504,0.151938789434847,1.54664799406648,-0.102168369852278,-0.373211898071109,16.2,9.142844799,0.560214832,667.427,18340.54667,27.48113161,0.465556814,625.399,55127.15,22.9424111,0.468469624,647.108,46022.47667,30.74621137,0.465611781,608.7603333,61676.9,117.5,87.83333333,NA,87.83333333,-0.206085123318973,-1.32798210392354,0.508120833367745,0.0150687031458652,1.73834162958958
"2850-57650","2850-57581","2850-57650_2850-57581",1,"CHR",25,"CHR-25",0,12,14.78665518,8,-1,"CHR_25_1",1,NA,0,4,"no",16.49,17.68973745,0.527524421,637.359,35485.61333,37.8482436,0.422268626,611.004,75923.57667,25.65847624,0.39658214,610.6836667,51470.90333,24.74415088,0.447231158,610.6836667,49636.76667,116.3333333,74.33333333,74.16666667,74.33333333,-0.593148581433504,0.151938789434847,1.54664799406648,-0.102168369852278,-0.373211898071109,15.5,12.5018158,0.557442636,674.1035,25078.6425,18.94245264,0.521103483,641.0916667,37998.56,27.0381655,0.472765016,616.0483333,54238.56,19.62838485,0.524143762,664.102,39374.54,116,82.5,83,82.5,-0.986023198824319,-0.434571614980667,-0.938587554762546,0.734215334884986,-0.659003473806166
"2850-57650","2850-57581","2850-57650_2850-57581",2,"CHR",95,"CHR-95",0,10,15.86744581,1,-9,"CHR_95_2",1,NA,0,3,"no",16.49,17.68973745,0.527524421,637.359,35485.61333,37.8482436,0.422268626,611.004,75923.57667,25.65847624,0.39658214,610.6836667,51470.90333,24.74415088,0.447231158,610.6836667,49636.76667,116.3333333,74.33333333,74.16666667,74.33333333,-0.593148581433504,0.151938789434847,1.54664799406648,-0.102168369852278,-0.373211898071109,15.5,12.5018158,0.557442636,674.1035,25078.6425,18.94245264,0.521103483,641.0916667,37998.56,27.0381655,0.472765016,616.0483333,54238.56,19.62838485,0.524143762,664.102,39374.54,116,82.5,83,82.5,-0.986023198824319,-0.434571614980667,-0.938587554762546,0.734215334884986,-0.659003473806166
"2850-57650","2850-57582","2850-57650_2850-57582",1,"CHR",25,"CHR-25",0,5,13.7234473,5,7,"CHR_25_1",1,NA,0,4,"no",16.49,17.68973745,0.527524421,637.359,35485.61333,37.8482436,0.422268626,611.004,75923.57667,25.65847624,0.39658214,610.6836667,51470.90333,24.74415088,0.447231158,610.6836667,49636.76667,116.3333333,74.33333333,74.16666667,74.33333333,-0.593148581433504,0.151938789434847,1.54664799406648,-0.102168369852278,-0.373211898071109,15.9,NA,NA,NA,NA,28.49882187,0.467628455,626.7313333,57168.63667,24.79582419,0.471185748,627.0583333,49740.42333,10.86734629,0.526212895,643.7406667,21799.89667,118,88.5,86,88.5,-0.108592863332411,NA,0.68054809534039,0.340497342347155,-2.54815265729939
"2850-57650","2850-57582","2850-57650_2850-57582",2,"CHR",95,"CHR-95",0,10,12.512451596,8,2,"CHR_95_2",1,NA,0,3,"no",16.49,17.68973745,0.527524421,637.359,35485.61333,37.8482436,0.422268626,611.004,75923.57667,25.65847624,0.39658214,610.6836667,51470.90333,24.74415088,0.447231158,610.6836667,49636.76667,116.3333333,74.33333333,74.16666667,74.33333333,-0.593148581433504,0.151938789434847,1.54664799406648,-0.102168369852278,-0.373211898071109,15.9,NA,NA,NA,NA,28.49882187,0.467628455,626.7313333,57168.63667,24.79582419,0.471185748,627.0583333,49740.42333,10.86734629,0.526212895,643.7406667,21799.89667,118,88.5,86,88.5,-0.108592863332411,NA,0.68054809534039,0.340497342347155,-2.54815265729939
"2850-57650","2850-57589","2850-57650_2850-57589",1,"CHR",25,"CHR-25",0,7,9.456269646,7,5,"CHR_25_1",1,NA,0,4,"no",16.49,17.68973745,0.527524421,637.359,35485.61333,37.8482436,0.422268626,611.004,75923.57667,25.65847624,0.39658214,610.6836667,51470.90333,24.74415088,0.447231158,610.6836667,49636.76667,116.3333333,74.33333333,74.16666667,74.33333333,-0.593148581433504,0.151938789434847,1.54664799406648,-0.102168369852278,-0.373211898071109,17.5,12.65077601,0.531237153,675.7903333,25377.45667,16.92662014,0.501144529,627.3723333,33954.8,19.27879528,0.490091496,643.7406667,38673.26333,19.52571951,0.519492939,627.6863333,39168.59333,119.8333333,97,96.5,97,1.13443344528112,-0.394951560502818,-1.28013005765578,-0.628201551764721,-0.681141276522795
"2850-57650","2850-57589","2850-57650_2850-57589",2,"CHR",95,"CHR-95",0,10,8.9903977306,9,1,"CHR_95_2",1,NA,0,3,"no",16.49,17.68973745,0.527524421,637.359,35485.61333,37.8482436,0.422268626,611.004,75923.57667,25.65847624,0.39658214,610.6836667,51470.90333,24.74415088,0.447231158,610.6836667,49636.76667,116.3333333,74.33333333,74.16666667,74.33333333,-0.593148581433504,0.151938789434847,1.54664799406648,-0.102168369852278,-0.373211898071109,17.5,12.65077601,0.531237153,675.7903333,25377.45667,16.92662014,0.501144529,627.3723333,33954.8,19.27879528,0.490091496,643.7406667,38673.26333,19.52571951,0.519492939,627.6863333,39168.59333,119.8333333,97,96.5,97,1.13443344528112,-0.394951560502818,-1.28013005765578,-0.628201551764721,-0.681141276522795
"2850-57650","2850-57620","2850-57650_2850-57620",1,"CHR",25,"CHR-25",0,4,7.116624586,4,8,"CHR_25_1",1,NA,0,4,"no",16.49,17.68973745,0.527524421,637.359,35485.61333,37.8482436,0.422268626,611.004,75923.57667,25.65847624,0.39658214,610.6836667,51470.90333,24.74415088,0.447231158,610.6836667,49636.76667,116.3333333,74.33333333,74.16666667,74.33333333,-0.593148581433504,0.151938789434847,1.54664799406648,-0.102168369852278,-0.373211898071109,18.2,8.903889997,0.510576941,627.6863333,17861.20333,21.60838485,0.492100236,611.004,43346.42,22.72290794,0.464821292,611.004,45582.15333,21.84048023,0.466018925,627.6863333,43812.00333,121,87,84,87,-0.327950447205388,-1.39153868908802,-0.486898657224134,-0.0234724159627646,-0.182007721268793
"2850-57650","2850-57620","2850-57650_2850-57620",2,"CHR",95,"CHR-95",0,10,7.680677819,10,0,"CHR_95_2",1,NA,0,3,"no",16.49,17.68973745,0.527524421,637.359,35485.61333,37.8482436,0.422268626,611.004,75923.57667,25.65847624,0.39658214,610.6836667,51470.90333,24.74415088,0.447231158,610.6836667,49636.76667,116.3333333,74.33333333,74.16666667,74.33333333,-0.593148581433504,0.151938789434847,1.54664799406648,-0.102168369852278,-0.373211898071109,18.2,8.903889997,0.510576941,627.6863333,17861.20333,21.60838485,0.492100236,611.004,43346.42,22.72290794,0.464821292,611.004,45582.15333,21.84048023,0.466018925,627.6863333,43812.00333,121,87,84,87,-0.327950447205388,-1.39153868908802,-0.486898657224134,-0.0234724159627646,-0.182007721268793
"2850-57650","2850-57647","2850-57650_2850-57647",2,"CHR",95,"CHR-95",0,10,6.62356231,0,10,"CHR_95_2",1,NA,0,3,"no",16.49,17.68973745,0.527524421,637.359,35485.61333,37.8482436,0.422268626,611.004,75923.57667,25.65847624,0.39658214,610.6836667,51470.90333,24.74415088,0.447231158,610.6836667,49636.76667,116.3333333,74.33333333,74.16666667,74.33333333,-0.593148581433504,0.151938789434847,1.54664799406648,-0.102168369852278,-0.373211898071109,15.8,12.89783981,0.543297932,643.7406667,25873.06667,28.1838767,0.473800388,617.439,56536.85667,25.45478232,0.436115595,638.1653333,51062.29333,20.55910934,0.502370676,626.097,41241.57333,122.1666667,85.83333333,87.33333333,85.83333333,-0.498561901816276,-0.329238164855052,0.627186934809475,0.456199475181733,-0.458310668004767
"2850-57650","2850-57647","2850-57650_2850-57647",1,"CHR",25,"CHR-25",0,0,6.536178806,0,13,"CHR_25_1",1,NA,0,4,"no",16.49,17.68973745,0.527524421,637.359,35485.61333,37.8482436,0.422268626,611.004,75923.57667,25.65847624,0.39658214,610.6836667,51470.90333,24.74415088,0.447231158,610.6836667,49636.76667,116.3333333,74.33333333,74.16666667,74.33333333,-0.593148581433504,0.151938789434847,1.54664799406648,-0.102168369852278,-0.373211898071109,15.8,12.89783981,0.543297932,643.7406667,25873.06667,28.1838767,0.473800388,617.439,56536.85667,25.45478232,0.436115595,638.1653333,51062.29333,20.55910934,0.502370676,626.097,41241.57333,122.1666667,85.83333333,87.33333333,85.83333333,-0.498561901816276,-0.329238164855052,0.627186934809475,0.456199475181733,-0.458310668004767
"2850-57650","2850-57653","2850-57650_2850-57653",1,"CHR",25,"CHR-25",0,4,13.82924215,4,8,"CHR_25_1",1,NA,0,4,"no",16.49,17.68973745,0.527524421,637.359,35485.61333,37.8482436,0.422268626,611.004,75923.57667,25.65847624,0.39658214,610.6836667,51470.90333,24.74415088,0.447231158,610.6836667,49636.76667,116.3333333,74.33333333,74.16666667,74.33333333,-0.593148581433504,0.151938789434847,1.54664799406648,-0.102168369852278,-0.373211898071109,16.37,8.467490861,0.535457505,660.1716667,16985.78667,27.15053506,0.465647634,659.167,54463.97333,21.8547225,0.470898637,665.8,43840.57333,15.40861914,0.497215455,659.167,30909.69,119.3333333,78,76.33333333,78,-1.64409595044325,-1.50761101163916,0.452107859504655,-0.175911398852204,-1.56891465511013
"2850-57650","2850-57653","2850-57650_2850-57653",2,"CHR",95,"CHR-95",0,10,16.92975518,0,-16,"CHR_95_2",1,NA,0,3,"no",16.49,17.68973745,0.527524421,637.359,35485.61333,37.8482436,0.422268626,611.004,75923.57667,25.65847624,0.39658214,610.6836667,51470.90333,24.74415088,0.447231158,610.6836667,49636.76667,116.3333333,74.33333333,74.16666667,74.33333333,-0.593148581433504,0.151938789434847,1.54664799406648,-0.102168369852278,-0.373211898071109,16.37,8.467490861,0.535457505,660.1716667,16985.78667,27.15053506,0.465647634,659.167,54463.97333,21.8547225,0.470898637,665.8,43840.57333,15.40861914,0.497215455,659.167,30909.69,119.3333333,78,76.33333333,78,-1.64409595044325,-1.50761101163916,0.452107859504655,-0.175911398852204,-1.56891465511013
"2850-57650","2850-57669","2850-57650_2850-57669",1,"CHR",25,"CHR-25",0,4,6.451189402,4,8,"CHR_25_1",1,NA,0,4,"no",16.49,17.68973745,0.527524421,637.359,35485.61333,37.8482436,0.422268626,611.004,75923.57667,25.65847624,0.39658214,610.6836667,51470.90333,24.74415088,0.447231158,610.6836667,49636.76667,116.3333333,74.33333333,74.16666667,74.33333333,-0.593148581433504,0.151938789434847,1.54664799406648,-0.102168369852278,-0.373211898071109,17.82,14.07982054,0.504204618,611.004,28244.12,27.72719176,0.47617904,611.004,55620.74667,17.24374875,0.494612283,611.004,34590.96,18.57412762,0.508699718,611.004,37259.7,123.8333333,89.66666667,90,89.66666667,0.0620185912784761,-0.0148579628241403,0.549810804877425,-0.985522014505819,-0.886333735122392
"2850-57650","2850-57669","2850-57650_2850-57669",2,"CHR",95,"CHR-95",0,10,7.313173473,5,5,"CHR_95_2",1,NA,0,3,"no",16.49,17.68973745,0.527524421,637.359,35485.61333,37.8482436,0.422268626,611.004,75923.57667,25.65847624,0.39658214,610.6836667,51470.90333,24.74415088,0.447231158,610.6836667,49636.76667,116.3333333,74.33333333,74.16666667,74.33333333,-0.593148581433504,0.151938789434847,1.54664799406648,-0.102168369852278,-0.373211898071109,17.82,14.07982054,0.504204618,611.004,28244.12,27.72719176,0.47617904,611.004,55620.74667,17.24374875,0.494612283,611.004,34590.96,18.57412762,0.508699718,611.004,37259.7,123.8333333,89.66666667,90,89.66666667,0.0620185912784761,-0.0148579628241403,0.549810804877425,-0.985522014505819,-0.886333735122392
"2850-57650","2850-57731","2850-57650_2850-57731",1,"CHR",25,"CHR-25",0,12,5.112140496,1,-10,"CHR_25_1",1,NA,0,4,"no",16.49,17.68973745,0.527524421,637.359,35485.61333,37.8482436,0.422268626,611.004,75923.57667,25.65847624,0.39658214,610.6836667,51470.90333,24.74415088,0.447231158,610.6836667,49636.76667,116.3333333,74.33333333,74.16666667,74.33333333,-0.593148581433504,0.151938789434847,1.54664799406648,-0.102168369852278,-0.373211898071109,15.9,10.9634214,0.500436597,689.138,21992.62333,23.24545364,0.49159359,611.004,46630.38,18.5751562,0.456752009,611.004,37261.76333,24.60593387,0.474122334,611.004,49359.50333,119,91,92.33333333,91,0.257003109789217,-0.84374981052978,-0.209530090170569,-0.751748919336863,0.414309079555146
"2850-57650","2850-57731","2850-57650_2850-57731",2,"CHR",95,"CHR-95",0,10,5.246091718,0,-18,"CHR_95_2",1,"ep_same",1,3,"yes",16.49,17.68973745,0.527524421,637.359,35485.61333,37.8482436,0.422268626,611.004,75923.57667,25.65847624,0.39658214,610.6836667,51470.90333,24.74415088,0.447231158,610.6836667,49636.76667,116.3333333,74.33333333,74.16666667,74.33333333,-0.593148581433504,0.151938789434847,1.54664799406648,-0.102168369852278,-0.373211898071109,15.9,10.9634214,0.500436597,689.138,21992.62333,23.24545364,0.49159359,611.004,46630.38,18.5751562,0.456752009,611.004,37261.76333,24.60593387,0.474122334,611.004,49359.50333,119,91,92.33333333,91,0.257003109789217,-0.84374981052978,-0.209530090170569,-0.751748919336863,0.414309079555146
"2850-57650","2850-57733","2850-57650_2850-57733",2,"CHR",95,"CHR-95",0,10,10.31480885,0,22,"CHR_95_2",1,NA,0,3,"no",16.49,17.68973745,0.527524421,637.359,35485.61333,37.8482436,0.422268626,611.004,75923.57667,25.65847624,0.39658214,610.6836667,51470.90333,24.74415088,0.447231158,610.6836667,49636.76667,116.3333333,74.33333333,74.16666667,74.33333333,-0.593148581433504,0.151938789434847,1.54664799406648,-0.102168369852278,-0.373211898071109,15.66,14.84394317,0.488091858,680.0823333,29776.95,20.45213858,0.480742509,611.004,41026.99,22.3788767,0.481773003,627.3723333,44892.02667,18.61630941,0.474711747,611.004,37344.31667,121.6666667,NA,102,102,1.86562539152438,0.188381413841325,-0.682801464137293,-0.0838786032720019,-0.877238044743787
"2850-57650","2850-57733","2850-57650_2850-57733",1,"CHR",25,"CHR-25",0,0,10.94334048,0,33,"CHR_25_1",1,"ep_same",1,4,"yes",16.49,17.68973745,0.527524421,637.359,35485.61333,37.8482436,0.422268626,611.004,75923.57667,25.65847624,0.39658214,610.6836667,51470.90333,24.74415088,0.447231158,610.6836667,49636.76667,116.3333333,74.33333333,74.16666667,74.33333333,-0.593148581433504,0.151938789434847,1.54664799406648,-0.102168369852278,-0.373211898071109,15.66,14.84394317,0.488091858,680.0823333,29776.95,20.45213858,0.480742509,611.004,41026.99,22.3788767,0.481773003,627.3723333,44892.02667,18.61630941,0.474711747,611.004,37344.31667,121.6666667,NA,102,102,1.86562539152438,0.188381413841325,-0.682801464137293,-0.0838786032720019,-0.877238044743787
"2850-57650","2850-57742","2850-57650_2850-57742",1,"CHR",25,"CHR-25",0,12,9.52343924,8,-2,"CHR_25_1",1,NA,0,4,"no",16.49,17.68973745,0.527524421,637.359,35485.61333,37.8482436,0.422268626,611.004,75923.57667,25.65847624,0.39658214,610.6836667,51470.90333,24.74415088,0.447231158,610.6836667,49636.76667,116.3333333,74.33333333,74.16666667,74.33333333,-0.593148581433504,0.151938789434847,1.54664799406648,-0.102168369852278,-0.373211898071109,16.98,13.00562645,0.511030769,671.763,26089.28667,26.1463443,0.49002744,625.0783333,52449.56667,26.30566135,0.456120566,609.081,52769.15667,22.8044882,0.51172569,659.167,45745.80333,118,93,92,93,0.54947988828652,-0.300569350889335,0.281967817833205,0.605599739133584,0.0258620257862253
"2850-57650","2850-57742","2850-57650_2850-57742",2,"CHR",95,"CHR-95",0,10,9.211911346,0,-13,"CHR_95_2",1,NA,0,3,"no",16.49,17.68973745,0.527524421,637.359,35485.61333,37.8482436,0.422268626,611.004,75923.57667,25.65847624,0.39658214,610.6836667,51470.90333,24.74415088,0.447231158,610.6836667,49636.76667,116.3333333,74.33333333,74.16666667,74.33333333,-0.593148581433504,0.151938789434847,1.54664799406648,-0.102168369852278,-0.373211898071109,16.98,13.00562645,0.511030769,671.763,26089.28667,26.1463443,0.49002744,625.0783333,52449.56667,26.30566135,0.456120566,609.081,52769.15667,22.8044882,0.51172569,659.167,45745.80333,118,93,92,93,0.54947988828652,-0.300569350889335,0.281967817833205,0.605599739133584,0.0258620257862253
"2850-57650","2850-57744","2850-57650_2850-57744",2,"CHR",95,"CHR-95",0,10,15.38640057,0,11,"CHR_95_2",1,NA,0,3,"no",16.49,17.68973745,0.527524421,637.359,35485.61333,37.8482436,0.422268626,611.004,75923.57667,25.65847624,0.39658214,610.6836667,51470.90333,24.74415088,0.447231158,610.6836667,49636.76667,116.3333333,74.33333333,74.16666667,74.33333333,-0.593148581433504,0.151938789434847,1.54664799406648,-0.102168369852278,-0.373211898071109,14.77,24.63866733,0.441897015,611.004,49425.16667,20.45419575,0.491736389,610.6836667,41031.11667,20.25567464,0.470934773,627.6863333,40632.88333,16.45550847,0.489979153,643.7406667,33009.75,116,84.5,NA,84.5,-0.693546420327017,2.79355701620318,-0.682452917821725,-0.456677716898191,-1.34317313948584
"2850-57650","2850-57744","2850-57650_2850-57744",1,"CHR",25,"CHR-25",0,0,16.02301471,0,16,"CHR_25_1",1,NA,0,4,"no",16.49,17.68973745,0.527524421,637.359,35485.61333,37.8482436,0.422268626,611.004,75923.57667,25.65847624,0.39658214,610.6836667,51470.90333,24.74415088,0.447231158,610.6836667,49636.76667,116.3333333,74.33333333,74.16666667,74.33333333,-0.593148581433504,0.151938789434847,1.54664799406648,-0.102168369852278,-0.373211898071109,14.77,24.63866733,0.441897015,611.004,49425.16667,20.45419575,0.491736389,610.6836667,41031.11667,20.25567464,0.470934773,627.6863333,40632.88333,16.45550847,0.489979153,643.7406667,33009.75,116,84.5,NA,84.5,-0.693546420327017,2.79355701620318,-0.682452917821725,-0.456677716898191,-1.34317313948584
"2850-57650","2850-57745","2850-57650_2850-57745",1,"CHR",25,"CHR-25",0,9,11.85051341,9,3,"CHR_25_1",1,NA,0,4,"no",16.49,17.68973745,0.527524421,637.359,35485.61333,37.8482436,0.422268626,611.004,75923.57667,25.65847624,0.39658214,610.6836667,51470.90333,24.74415088,0.447231158,610.6836667,49636.76667,116.3333333,74.33333333,74.16666667,74.33333333,-0.593148581433504,0.151938789434847,1.54664799406648,-0.102168369852278,-0.373211898071109,16.33,11.89491525,0.520998035,667.1156667,23861.2,19.28173812,0.496153459,634.065,38679.16667,21.88407444,0.484884869,657.7393333,43899.45333,26.3850565,0.474305256,645.4026667,52928.42333,118,85,86,85,-0.620427225702691,-0.59599346618265,-0.881102415479132,-0.170757684365318,0.797942599802867
"2850-57650","2850-57745","2850-57650_2850-57745",2,"CHR",95,"CHR-95",0,10,12.30600658,0,-19,"CHR_95_2",1,NA,0,3,"no",16.49,17.68973745,0.527524421,637.359,35485.61333,37.8482436,0.422268626,611.004,75923.57667,25.65847624,0.39658214,610.6836667,51470.90333,24.74415088,0.447231158,610.6836667,49636.76667,116.3333333,74.33333333,74.16666667,74.33333333,-0.593148581433504,0.151938789434847,1.54664799406648,-0.102168369852278,-0.373211898071109,16.33,11.89491525,0.520998035,667.1156667,23861.2,19.28173812,0.496153459,634.065,38679.16667,21.88407444,0.484884869,657.7393333,43899.45333,26.3850565,0.474305256,645.4026667,52928.42333,118,85,86,85,-0.620427225702691,-0.59599346618265,-0.881102415479132,-0.170757684365318,0.797942599802867
"2850-57650","2850-57806","2850-57650_2850-57806",1,"CHR",25,"CHR-25",0,12,6.968481868,6,-5,"CHR_25_1",1,NA,0,4,"no",16.49,17.68973745,0.527524421,637.359,35485.61333,37.8482436,0.422268626,611.004,75923.57667,25.65847624,0.39658214,610.6836667,51470.90333,24.74415088,0.447231158,610.6836667,49636.76667,116.3333333,74.33333333,74.16666667,74.33333333,-0.593148581433504,0.151938789434847,1.54664799406648,-0.102168369852278,-0.373211898071109,15.88,11.25502825,0.516086951,669.4676667,22577.58667,14.26422898,0.518970434,659.167,28614.04333,18.0460319,0.470292612,659.167,36200.34,17.57589232,0.493413321,659.167,35257.24,120.1666667,83.83333333,86,83.83333333,-0.791038680313578,-0.766188968724348,-1.73121899508845,-0.844654382153754,-1.1015839465002
"2850-57650","2850-57806","2850-57650_2850-57806",2,"CHR",95,"CHR-95",0,10,9.625696497,0,-10,"CHR_95_2",1,NA,0,3,"no",16.49,17.68973745,0.527524421,637.359,35485.61333,37.8482436,0.422268626,611.004,75923.57667,25.65847624,0.39658214,610.6836667,51470.90333,24.74415088,0.447231158,610.6836667,49636.76667,116.3333333,74.33333333,74.16666667,74.33333333,-0.593148581433504,0.151938789434847,1.54664799406648,-0.102168369852278,-0.373211898071109,15.88,11.25502825,0.516086951,669.4676667,22577.58667,14.26422898,0.518970434,659.167,28614.04333,18.0460319,0.470292612,659.167,36200.34,17.57589232,0.493413321,659.167,35257.24,120.1666667,83.83333333,86,83.83333333,-0.791038680313578,-0.766188968724348,-1.73121899508845,-0.844654382153754,-1.1015839465002
"2850-57650","2850-57808","2850-57650_2850-57808",1,"CHR",25,"CHR-25",0,12,3.021301671,6,-5,"CHR_25_1",1,"ep_same",1,4,"yes",16.49,17.68973745,0.527524421,637.359,35485.61333,37.8482436,0.422268626,611.004,75923.57667,25.65847624,0.39658214,610.6836667,51470.90333,24.74415088,0.447231158,610.6836667,49636.76667,116.3333333,74.33333333,74.16666667,74.33333333,-0.593148581433504,0.151938789434847,1.54664799406648,-0.102168369852278,-0.373211898071109,17.44,11.46748421,0.514088925,678.7753333,23003.77333,15.37756564,0.515459018,659.167,30847.39667,20.6164008,0.49573159,641.3963333,41356.5,18.7548222,0.472216787,642.151,37622.17333,120.5,NA,100,100,1.57314861302708,-0.709680477568599,-1.54258636344907,-0.393340178166818,-0.847370430038086
"2850-57650","2850-57808","2850-57650_2850-57808",2,"CHR",95,"CHR-95",0,10,3.123526535,0,-14,"CHR_95_2",1,NA,0,3,"no",16.49,17.68973745,0.527524421,637.359,35485.61333,37.8482436,0.422268626,611.004,75923.57667,25.65847624,0.39658214,610.6836667,51470.90333,24.74415088,0.447231158,610.6836667,49636.76667,116.3333333,74.33333333,74.16666667,74.33333333,-0.593148581433504,0.151938789434847,1.54664799406648,-0.102168369852278,-0.373211898071109,17.44,11.46748421,0.514088925,678.7753333,23003.77333,15.37756564,0.515459018,659.167,30847.39667,20.6164008,0.49573159,641.3963333,41356.5,18.7548222,0.472216787,642.151,37622.17333,120.5,NA,100,100,1.57314861302708,-0.709680477568599,-1.54258636344907,-0.393340178166818,-0.847370430038086
"2850-57650","2850-57881","2850-57650_2850-57881",1,"CHR",25,"CHR-25",1,12,0.08,12,0,"CHR_25_1",1,"wp",2,4,"yes",16.49,17.68973745,0.527524421,637.359,35485.61333,37.8482436,0.422268626,611.004,75923.57667,25.65847624,0.39658214,610.6836667,51470.90333,24.74415088,0.447231158,610.6836667,49636.76667,116.3333333,74.33333333,74.16666667,74.33333333,-0.593148581433504,0.151938789434847,1.54664799406648,-0.102168369852278,-0.373211898071109,16.55,11.73463277,0.535560863,644.7453333,23539.67333,21.93833167,0.494146676,611.004,44008.29333,26.56095214,0.438684751,643.7343333,53281.27,31.59365071,0.464706779,610.6836667,63376.86333,119.6666667,84.83333333,85.83333333,84.83333333,-0.644800291064927,-0.638624988986254,-0.430995767115722,0.650424573294177,1.92107559728725
"2850-57650","2850-57881","2850-57650_2850-57881",2,"CHR",95,"CHR-95",1,10,0.08,10,0,"CHR_95_2",1,"wp",2,3,"yes",16.49,17.68973745,0.527524421,637.359,35485.61333,37.8482436,0.422268626,611.004,75923.57667,25.65847624,0.39658214,610.6836667,51470.90333,24.74415088,0.447231158,610.6836667,49636.76667,116.3333333,74.33333333,74.16666667,74.33333333,-0.593148581433504,0.151938789434847,1.54664799406648,-0.102168369852278,-0.373211898071109,16.55,11.73463277,0.535560863,644.7453333,23539.67333,21.93833167,0.494146676,611.004,44008.29333,26.56095214,0.438684751,643.7343333,53281.27,31.59365071,0.464706779,610.6836667,63376.86333,119.6666667,84.83333333,85.83333333,84.83333333,-0.644800291064927,-0.638624988986254,-0.430995767115722,0.650424573294177,1.92107559728725
"2850-57652","2640-97588","2850-57652_2640-97588",1,"CHR",66,"CHR-66",0,9,21.5198601,3,-8,"CHR_66_1",1,NA,0,2,"no",15.44,16.27360253,0.547521478,687.0273333,32644.84667,25.43874875,0.469492898,616.7976667,51030.13,25.62919242,0.427143999,665.8,51412.16,26.1985211,0.446364335,648.784,52554.23333,110.5,74,72,74,-0.680071959437579,-0.254525964998245,-0.496951077277188,-0.107318825250696,-0.130810108700623,18.7,11.85018943,0.544837496,653.7273333,23771.48,14.45612662,0.507893605,610.6836667,28998.99,21.21705716,0.471668493,610.6836667,42561.41667,27.50362745,0.462396686,637.0386667,55172.27667,119,87,85,87,-0.327950447205388,-0.607889525035993,-1.69870577771304,-0.287874870450448,1.03914087582914
"2850-57652","2640-97588","2850-57652_2640-97588",2,"CHR",16,"CHR-16",0,10,23.52595236,2,-9,"CHR_16_2",1,NA,0,3,"no",15.44,16.27360253,0.547521478,687.0273333,32644.84667,25.43874875,0.469492898,616.7976667,51030.13,25.62919242,0.427143999,665.8,51412.16,26.1985211,0.446364335,648.784,52554.23333,110.5,74,72,74,-0.680071959437579,-0.254525964998245,-0.496951077277188,-0.107318825250696,-0.130810108700623,18.7,11.85018943,0.544837496,653.7273333,23771.48,14.45612662,0.507893605,610.6836667,28998.99,21.21705716,0.471668493,610.6836667,42561.41667,27.50362745,0.462396686,637.0386667,55172.27667,119,87,85,87,-0.327950447205388,-0.607889525035993,-1.69870577771304,-0.287874870450448,1.03914087582914
"2850-57652","2640-97589","2850-57652_2640-97589",1,"CHR",66,"CHR-66",0,9,10.69451428,5,-6,"CHR_66_1",1,NA,0,2,"no",15.44,16.27360253,0.547521478,687.0273333,32644.84667,25.43874875,0.469492898,616.7976667,51030.13,25.62919242,0.427143999,665.8,51412.16,26.1985211,0.446364335,648.784,52554.23333,110.5,74,72,74,-0.680071959437579,-0.254525964998245,-0.496951077277188,-0.107318825250696,-0.130810108700623,16.1,11.8153556,0.523609389,681.183,23701.60333,16.91354271,0.528785659,657.7393333,33928.56667,18.6526321,0.480672665,627.3723333,37417.18,20.65218677,0.48363622,650.113,41428.28667,119,99.66666667,98,99.66666667,1.52440248376499,-0.617154537768401,-1.28234576663637,-0.738145434585443,-0.438240313367936
"2850-57652","2640-97589","2850-57652_2640-97589",2,"CHR",16,"CHR-16",0,10,12.62737671,5,-6,"CHR_16_2",1,NA,0,3,"no",15.44,16.27360253,0.547521478,687.0273333,32644.84667,25.43874875,0.469492898,616.7976667,51030.13,25.62919242,0.427143999,665.8,51412.16,26.1985211,0.446364335,648.784,52554.23333,110.5,74,72,74,-0.680071959437579,-0.254525964998245,-0.496951077277188,-0.107318825250696,-0.130810108700623,16.1,11.8153556,0.523609389,681.183,23701.60333,16.91354271,0.528785659,657.7393333,33928.56667,18.6526321,0.480672665,627.3723333,37417.18,20.65218677,0.48363622,650.113,41428.28667,119,99.66666667,98,99.66666667,1.52440248376499,-0.617154537768401,-1.28234576663637,-0.738145434585443,-0.438240313367936
"2850-57652","2811-83208","2850-57652_2811-83208",2,"CHR",16,"CHR-16",0,10,6.511773364,1,9,"CHR_16_2",1,NA,0,3,"no",15.44,16.27360253,0.547521478,687.0273333,32644.84667,25.43874875,0.469492898,616.7976667,51030.13,25.62919242,0.427143999,665.8,51412.16,26.1985211,0.446364335,648.784,52554.23333,110.5,74,72,74,-0.680071959437579,-0.254525964998245,-0.496951077277188,-0.107318825250696,-0.130810108700623,16.9,18.73416916,0.484585352,611.004,37580.74333,21.00459455,0.486882121,610.6836667,42135.21667,26.39878531,0.450512144,610.6836667,52955.96333,23.23742606,0.475660646,611.004,46614.27667,118,87,89.5,87,-0.327950447205388,1.22309374175052,-0.589198848477454,0.621950764031026,0.119216734719535
"2850-57652","2811-83208","2850-57652_2811-83208",1,"CHR",66,"CHR-66",0,0,7.971151755,0,9,"CHR_66_1",1,NA,0,2,"no",15.44,16.27360253,0.547521478,687.0273333,32644.84667,25.43874875,0.469492898,616.7976667,51030.13,25.62919242,0.427143999,665.8,51412.16,26.1985211,0.446364335,648.784,52554.23333,110.5,74,72,74,-0.680071959437579,-0.254525964998245,-0.496951077277188,-0.107318825250696,-0.130810108700623,16.9,18.73416916,0.484585352,611.004,37580.74333,21.00459455,0.486882121,610.6836667,42135.21667,26.39878531,0.450512144,610.6836667,52955.96333,23.23742606,0.475660646,611.004,46614.27667,118,87,89.5,87,-0.327950447205388,1.22309374175052,-0.589198848477454,0.621950764031026,0.119216734719535
"2850-57652","2850-57567","2850-57652_2850-57567",1,"CHR",66,"CHR-66",0,2,17.96708073,2,7,"CHR_66_1",1,NA,0,2,"no",15.44,16.27360253,0.547521478,687.0273333,32644.84667,25.43874875,0.469492898,616.7976667,51030.13,25.62919242,0.427143999,665.8,51412.16,26.1985211,0.446364335,648.784,52554.23333,110.5,74,72,74,-0.680071959437579,-0.254525964998245,-0.496951077277188,-0.107318825250696,-0.130810108700623,16.6,10.56012296,0.52180729,667.1156667,21183.60667,26.35612994,0.49271154,611.3883333,52870.39667,22.28285809,0.48721335,606.0566667,44699.41333,16.73888169,0.511359264,628.0706667,33578.19667,121.5,102.1666667,102.5,102.1666667,1.88999846127377,-0.951018094883241,0.317511799070068,-0.100737880763292,-1.28206916379613
"2850-57652","2850-57567","2850-57652_2850-57567",2,"CHR",16,"CHR-16",0,1,19.97329149,0,-42,"CHR_16_2",1,NA,0,3,"no",15.44,16.27360253,0.547521478,687.0273333,32644.84667,25.43874875,0.469492898,616.7976667,51030.13,25.62919242,0.427143999,665.8,51412.16,26.1985211,0.446364335,648.784,52554.23333,110.5,74,72,74,-0.680071959437579,-0.254525964998245,-0.496951077277188,-0.107318825250696,-0.130810108700623,16.6,10.56012296,0.52180729,667.1156667,21183.60667,26.35612994,0.49271154,611.3883333,52870.39667,22.28285809,0.48721335,606.0566667,44699.41333,16.73888169,0.511359264,628.0706667,33578.19667,121.5,102.1666667,102.5,102.1666667,1.88999846127377,-0.951018094883241,0.317511799070068,-0.100737880763292,-1.28206916379613
"2850-57652","2850-57570","2850-57652_2850-57570",2,"CHR",16,"CHR-16",0,10,20.5833144,0,-10,"CHR_16_2",1,NA,0,3,"no",15.44,16.27360253,0.547521478,687.0273333,32644.84667,25.43874875,0.469492898,616.7976667,51030.13,25.62919242,0.427143999,665.8,51412.16,26.1985211,0.446364335,648.784,52554.23333,110.5,74,72,74,-0.680071959437579,-0.254525964998245,-0.496951077277188,-0.107318825250696,-0.130810108700623,16.51,16.84077767,0.501161039,611.004,33782.6,23.06811898,0.49586693,611.004,46274.64667,25.67366733,0.443766873,611.004,51501.37667,19.07592556,0.494641169,627.6863333,38266.30667,121.5,90,NA,90,0.110764720540566,0.719494330997171,-0.239575901827104,0.494632057389222,-0.778130676530947
"2850-57652","2850-57570","2850-57652_2850-57570",1,"CHR",66,"CHR-66",0,0,15.72815413,0,19,"CHR_66_1",1,NA,0,2,"no",15.44,16.27360253,0.547521478,687.0273333,32644.84667,25.43874875,0.469492898,616.7976667,51030.13,25.62919242,0.427143999,665.8,51412.16,26.1985211,0.446364335,648.784,52554.23333,110.5,74,72,74,-0.680071959437579,-0.254525964998245,-0.496951077277188,-0.107318825250696,-0.130810108700623,16.51,16.84077767,0.501161039,611.004,33782.6,23.06811898,0.49586693,611.004,46274.64667,25.67366733,0.443766873,611.004,51501.37667,19.07592556,0.494641169,627.6863333,38266.30667,121.5,90,NA,90,0.110764720540566,0.719494330997171,-0.239575901827104,0.494632057389222,-0.778130676530947
"2850-57652","2850-57577","2850-57652_2850-57577",2,"CHR",16,"CHR-16",0,10,25.99401697,0,19,"CHR_16_2",1,NA,0,3,"no",15.44,16.27360253,0.547521478,687.0273333,32644.84667,25.43874875,0.469492898,616.7976667,51030.13,25.62919242,0.427143999,665.8,51412.16,26.1985211,0.446364335,648.784,52554.23333,110.5,74,72,74,-0.680071959437579,-0.254525964998245,-0.496951077277188,-0.107318825250696,-0.130810108700623,18.2,20.92472416,0.512057073,676.164,41974.99667,28.83623131,0.475799583,625.399,57845.48,28.80829345,0.443602398,627.1216667,57789.43667,29.54534563,0.455136562,636.0576667,59267.96333,119,90.83333333,91.16666667,90.83333333,0.232630044426981,1.80573194047972,0.737715377164354,1.04502048301344,1.47939806751422
"2850-57652","2850-57577","2850-57652_2850-57577",1,"CHR",66,"CHR-66",0,0,24.06060461,0,19,"CHR_66_1",1,NA,0,2,"no",15.44,16.27360253,0.547521478,687.0273333,32644.84667,25.43874875,0.469492898,616.7976667,51030.13,25.62919242,0.427143999,665.8,51412.16,26.1985211,0.446364335,648.784,52554.23333,110.5,74,72,74,-0.680071959437579,-0.254525964998245,-0.496951077277188,-0.107318825250696,-0.130810108700623,18.2,20.92472416,0.512057073,676.164,41974.99667,28.83623131,0.475799583,625.399,57845.48,28.80829345,0.443602398,627.1216667,57789.43667,29.54534563,0.455136562,636.0576667,59267.96333,119,90.83333333,91.16666667,90.83333333,0.232630044426981,1.80573194047972,0.737715377164354,1.04502048301344,1.47939806751422
"2850-57652","2850-57578","2850-57652_2850-57578",2,"CHR",16,"CHR-16",0,10,15.1632651,0,16,"CHR_16_2",1,NA,0,3,"no",15.44,16.27360253,0.547521478,687.0273333,32644.84667,25.43874875,0.469492898,616.7976667,51030.13,25.62919242,0.427143999,665.8,51412.16,26.1985211,0.446364335,648.784,52554.23333,110.5,74,72,74,-0.680071959437579,-0.254525964998245,-0.496951077277188,-0.107318825250696,-0.130810108700623,17.2,10.81633932,0.556799001,678.4426667,21697.57667,15.67680791,0.517385329,657.4626667,31447.67667,20.72179628,0.496782872,642.7923333,41567.92333,11.67128448,0.547842632,659.167,23412.59667,119,91.5,91.5,91.5,0.330122304413543,-0.882870324808829,-1.49188574528399,-0.374834477619313,-2.37479887454678
"2850-57652","2850-57578","2850-57652_2850-57578",1,"CHR",66,"CHR-66",0,0,13.25550717,0,15,"CHR_66_1",1,NA,0,2,"no",15.44,16.27360253,0.547521478,687.0273333,32644.84667,25.43874875,0.469492898,616.7976667,51030.13,25.62919242,0.427143999,665.8,51412.16,26.1985211,0.446364335,648.784,52554.23333,110.5,74,72,74,-0.680071959437579,-0.254525964998245,-0.496951077277188,-0.107318825250696,-0.130810108700623,17.2,10.81633932,0.556799001,678.4426667,21697.57667,15.67680791,0.517385329,657.4626667,31447.67667,20.72179628,0.496782872,642.7923333,41567.92333,11.67128448,0.547842632,659.167,23412.59667,119,91.5,91.5,91.5,0.330122304413543,-0.882870324808829,-1.49188574528399,-0.374834477619313,-2.37479887454678
"2850-57652","2850-57579","2850-57652_2850-57579",1,"CHR",66,"CHR-66",0,7,7.022679488,7,2,"CHR_66_1",1,NA,0,2,"no",15.44,16.27360253,0.547521478,687.0273333,32644.84667,25.43874875,0.469492898,616.7976667,51030.13,25.62919242,0.427143999,665.8,51412.16,26.1985211,0.446364335,648.784,52554.23333,110.5,74,72,74,-0.680071959437579,-0.254525964998245,-0.496951077277188,-0.107318825250696,-0.130810108700623,16.3,11.31949153,0.533256519,660.737,22706.9,24.77905949,0.48852106,617.005,49706.79333,18.07848455,0.49353373,627.3723333,36265.44,24.4043104,0.499147361,611.004,48955.04667,118.5,93.5,92,93.5,0.622599082910845,-0.749043190899379,0.0503087508346794,-0.838956234350139,0.37083286253875
"2850-57652","2850-57579","2850-57652_2850-57579",2,"CHR",16,"CHR-16",0,10,8.746965331,0,-22,"CHR_16_2",1,NA,0,3,"no",15.44,16.27360253,0.547521478,687.0273333,32644.84667,25.43874875,0.469492898,616.7976667,51030.13,25.62919242,0.427143999,665.8,51412.16,26.1985211,0.446364335,648.784,52554.23333,110.5,74,72,74,-0.680071959437579,-0.254525964998245,-0.496951077277188,-0.107318825250696,-0.130810108700623,16.3,11.31949153,0.533256519,660.737,22706.9,24.77905949,0.48852106,617.005,49706.79333,18.07848455,0.49353373,627.3723333,36265.44,24.4043104,0.499147361,611.004,48955.04667,118.5,93.5,92,93.5,0.622599082910845,-0.749043190899379,0.0503087508346794,-0.838956234350139,0.37083286253875
"2850-57652","2850-57580","2850-57652_2850-57580",2,"CHR",16,"CHR-16",0,3,5.162086535,0,-39,"CHR_16_2",1,NA,0,3,"no",15.44,16.27360253,0.547521478,687.0273333,32644.84667,25.43874875,0.469492898,616.7976667,51030.13,25.62919242,0.427143999,665.8,51412.16,26.1985211,0.446364335,648.784,52554.23333,110.5,74,72,74,-0.680071959437579,-0.254525964998245,-0.496951077277188,-0.107318825250696,-0.130810108700623,16.2,9.142844799,0.560214832,667.427,18340.54667,27.48113161,0.465556814,625.399,55127.15,22.9424111,0.468469624,647.108,46022.47667,30.74621137,0.465611781,608.7603333,61676.9,117.5,87.83333333,NA,87.83333333,-0.206085123318973,-1.32798210392354,0.508120833367745,0.0150687031458652,1.73834162958958
"2850-57652","2850-57580","2850-57652_2850-57580",1,"CHR",66,"CHR-66",0,0,5.199639626,0,10,"CHR_66_1",1,NA,0,2,"no",15.44,16.27360253,0.547521478,687.0273333,32644.84667,25.43874875,0.469492898,616.7976667,51030.13,25.62919242,0.427143999,665.8,51412.16,26.1985211,0.446364335,648.784,52554.23333,110.5,74,72,74,-0.680071959437579,-0.254525964998245,-0.496951077277188,-0.107318825250696,-0.130810108700623,16.2,9.142844799,0.560214832,667.427,18340.54667,27.48113161,0.465556814,625.399,55127.15,22.9424111,0.468469624,647.108,46022.47667,30.74621137,0.465611781,608.7603333,61676.9,117.5,87.83333333,NA,87.83333333,-0.206085123318973,-1.32798210392354,0.508120833367745,0.0150687031458652,1.73834162958958
"2850-57652","2850-57581","2850-57652_2850-57581",1,"CHR",66,"CHR-66",1,9,0.08,9,0,"CHR_66_1",1,NA,0,2,"no",15.44,16.27360253,0.547521478,687.0273333,32644.84667,25.43874875,0.469492898,616.7976667,51030.13,25.62919242,0.427143999,665.8,51412.16,26.1985211,0.446364335,648.784,52554.23333,110.5,74,72,74,-0.680071959437579,-0.254525964998245,-0.496951077277188,-0.107318825250696,-0.130810108700623,15.5,12.5018158,0.557442636,674.1035,25078.6425,18.94245264,0.521103483,641.0916667,37998.56,27.0381655,0.472765016,616.0483333,54238.56,19.62838485,0.524143762,664.102,39374.54,116,82.5,83,82.5,-0.986023198824319,-0.434571614980667,-0.938587554762546,0.734215334884986,-0.659003473806166
"2850-57652","2850-57581","2850-57652_2850-57581",2,"CHR",16,"CHR-16",1,10,0.08,10,0,"CHR_16_2",1,"wp",3,3,"yes",15.44,16.27360253,0.547521478,687.0273333,32644.84667,25.43874875,0.469492898,616.7976667,51030.13,25.62919242,0.427143999,665.8,51412.16,26.1985211,0.446364335,648.784,52554.23333,110.5,74,72,74,-0.680071959437579,-0.254525964998245,-0.496951077277188,-0.107318825250696,-0.130810108700623,15.5,12.5018158,0.557442636,674.1035,25078.6425,18.94245264,0.521103483,641.0916667,37998.56,27.0381655,0.472765016,616.0483333,54238.56,19.62838485,0.524143762,664.102,39374.54,116,82.5,83,82.5,-0.986023198824319,-0.434571614980667,-0.938587554762546,0.734215334884986,-0.659003473806166
"2850-57652","2850-57582","2850-57652_2850-57582",1,"CHR",66,"CHR-66",0,1,9.556967883,1,8,"CHR_66_1",1,NA,0,2,"no",15.44,16.27360253,0.547521478,687.0273333,32644.84667,25.43874875,0.469492898,616.7976667,51030.13,25.62919242,0.427143999,665.8,51412.16,26.1985211,0.446364335,648.784,52554.23333,110.5,74,72,74,-0.680071959437579,-0.254525964998245,-0.496951077277188,-0.107318825250696,-0.130810108700623,15.9,NA,NA,NA,NA,28.49882187,0.467628455,626.7313333,57168.63667,24.79582419,0.471185748,627.0583333,49740.42333,10.86734629,0.526212895,643.7406667,21799.89667,118,88.5,86,88.5,-0.108592863332411,NA,0.68054809534039,0.340497342347155,-2.54815265729939
"2850-57652","2850-57582","2850-57652_2850-57582",2,"CHR",16,"CHR-16",0,10,9.290892858,0,11,"CHR_16_2",1,NA,0,3,"no",15.44,16.27360253,0.547521478,687.0273333,32644.84667,25.43874875,0.469492898,616.7976667,51030.13,25.62919242,0.427143999,665.8,51412.16,26.1985211,0.446364335,648.784,52554.23333,110.5,74,72,74,-0.680071959437579,-0.254525964998245,-0.496951077277188,-0.107318825250696,-0.130810108700623,15.9,NA,NA,NA,NA,28.49882187,0.467628455,626.7313333,57168.63667,24.79582419,0.471185748,627.0583333,49740.42333,10.86734629,0.526212895,643.7406667,21799.89667,118,88.5,86,88.5,-0.108592863332411,NA,0.68054809534039,0.340497342347155,-2.54815265729939
"2850-57652","2850-57589","2850-57652_2850-57589",1,"CHR",66,"CHR-66",0,3,5.383295227,3,6,"CHR_66_1",1,NA,0,2,"no",15.44,16.27360253,0.547521478,687.0273333,32644.84667,25.43874875,0.469492898,616.7976667,51030.13,25.62919242,0.427143999,665.8,51412.16,26.1985211,0.446364335,648.784,52554.23333,110.5,74,72,74,-0.680071959437579,-0.254525964998245,-0.496951077277188,-0.107318825250696,-0.130810108700623,17.5,12.65077601,0.531237153,675.7903333,25377.45667,16.92662014,0.501144529,627.3723333,33954.8,19.27879528,0.490091496,643.7406667,38673.26333,19.52571951,0.519492939,627.6863333,39168.59333,119.8333333,97,96.5,97,1.13443344528112,-0.394951560502818,-1.28013005765578,-0.628201551764721,-0.681141276522795
"2850-57652","2850-57589","2850-57652_2850-57589",2,"CHR",16,"CHR-16",0,10,7.153980936,0,10,"CHR_16_2",1,NA,0,3,"no",15.44,16.27360253,0.547521478,687.0273333,32644.84667,25.43874875,0.469492898,616.7976667,51030.13,25.62919242,0.427143999,665.8,51412.16,26.1985211,0.446364335,648.784,52554.23333,110.5,74,72,74,-0.680071959437579,-0.254525964998245,-0.496951077277188,-0.107318825250696,-0.130810108700623,17.5,12.65077601,0.531237153,675.7903333,25377.45667,16.92662014,0.501144529,627.3723333,33954.8,19.27879528,0.490091496,643.7406667,38673.26333,19.52571951,0.519492939,627.6863333,39168.59333,119.8333333,97,96.5,97,1.13443344528112,-0.394951560502818,-1.28013005765578,-0.628201551764721,-0.681141276522795
"2850-57652","2850-57620","2850-57652_2850-57620",2,"CHR",16,"CHR-16",0,10,17.22533064,1,9,"CHR_16_2",1,NA,0,3,"no",15.44,16.27360253,0.547521478,687.0273333,32644.84667,25.43874875,0.469492898,616.7976667,51030.13,25.62919242,0.427143999,665.8,51412.16,26.1985211,0.446364335,648.784,52554.23333,110.5,74,72,74,-0.680071959437579,-0.254525964998245,-0.496951077277188,-0.107318825250696,-0.130810108700623,18.2,8.903889997,0.510576941,627.6863333,17861.20333,21.60838485,0.492100236,611.004,43346.42,22.72290794,0.464821292,611.004,45582.15333,21.84048023,0.466018925,627.6863333,43812.00333,121,87,84,87,-0.327950447205388,-1.39153868908802,-0.486898657224134,-0.0234724159627646,-0.182007721268793
"2850-57652","2850-57620","2850-57652_2850-57620",1,"CHR",66,"CHR-66",0,0,15.25649999,0,9,"CHR_66_1",1,NA,0,2,"no",15.44,16.27360253,0.547521478,687.0273333,32644.84667,25.43874875,0.469492898,616.7976667,51030.13,25.62919242,0.427143999,665.8,51412.16,26.1985211,0.446364335,648.784,52554.23333,110.5,74,72,74,-0.680071959437579,-0.254525964998245,-0.496951077277188,-0.107318825250696,-0.130810108700623,18.2,8.903889997,0.510576941,627.6863333,17861.20333,21.60838485,0.492100236,611.004,43346.42,22.72290794,0.464821292,611.004,45582.15333,21.84048023,0.466018925,627.6863333,43812.00333,121,87,84,87,-0.327950447205388,-1.39153868908802,-0.486898657224134,-0.0234724159627646,-0.182007721268793
"2850-57652","2850-57647","2850-57652_2850-57647",2,"CHR",16,"CHR-16",0,10,12.61615031,0,19,"CHR_16_2",1,NA,0,3,"no",15.44,16.27360253,0.547521478,687.0273333,32644.84667,25.43874875,0.469492898,616.7976667,51030.13,25.62919242,0.427143999,665.8,51412.16,26.1985211,0.446364335,648.784,52554.23333,110.5,74,72,74,-0.680071959437579,-0.254525964998245,-0.496951077277188,-0.107318825250696,-0.130810108700623,15.8,12.89783981,0.543297932,643.7406667,25873.06667,28.1838767,0.473800388,617.439,56536.85667,25.45478232,0.436115595,638.1653333,51062.29333,20.55910934,0.502370676,626.097,41241.57333,122.1666667,85.83333333,87.33333333,85.83333333,-0.498561901816276,-0.329238164855052,0.627186934809475,0.456199475181733,-0.458310668004767
"2850-57652","2850-57647","2850-57652_2850-57647",1,"CHR",66,"CHR-66",0,0,10.67389294,0,14,"CHR_66_1",1,NA,0,2,"no",15.44,16.27360253,0.547521478,687.0273333,32644.84667,25.43874875,0.469492898,616.7976667,51030.13,25.62919242,0.427143999,665.8,51412.16,26.1985211,0.446364335,648.784,52554.23333,110.5,74,72,74,-0.680071959437579,-0.254525964998245,-0.496951077277188,-0.107318825250696,-0.130810108700623,15.8,12.89783981,0.543297932,643.7406667,25873.06667,28.1838767,0.473800388,617.439,56536.85667,25.45478232,0.436115595,638.1653333,51062.29333,20.55910934,0.502370676,626.097,41241.57333,122.1666667,85.83333333,87.33333333,85.83333333,-0.498561901816276,-0.329238164855052,0.627186934809475,0.456199475181733,-0.458310668004767
"2850-57652","2850-57653","2850-57652_2850-57653",2,"CHR",16,"CHR-16",0,10,26.76710283,4,-7,"CHR_16_2",1,NA,0,3,"no",15.44,16.27360253,0.547521478,687.0273333,32644.84667,25.43874875,0.469492898,616.7976667,51030.13,25.62919242,0.427143999,665.8,51412.16,26.1985211,0.446364335,648.784,52554.23333,110.5,74,72,74,-0.680071959437579,-0.254525964998245,-0.496951077277188,-0.107318825250696,-0.130810108700623,16.37,8.467490861,0.535457505,660.1716667,16985.78667,27.15053506,0.465647634,659.167,54463.97333,21.8547225,0.470898637,665.8,43840.57333,15.40861914,0.497215455,659.167,30909.69,119.3333333,78,76.33333333,78,-1.64409595044325,-1.50761101163916,0.452107859504655,-0.175911398852204,-1.56891465511013
"2850-57652","2850-57653","2850-57652_2850-57653",1,"CHR",66,"CHR-66",0,0,22.94034015,0,9,"CHR_66_1",1,NA,0,2,"no",15.44,16.27360253,0.547521478,687.0273333,32644.84667,25.43874875,0.469492898,616.7976667,51030.13,25.62919242,0.427143999,665.8,51412.16,26.1985211,0.446364335,648.784,52554.23333,110.5,74,72,74,-0.680071959437579,-0.254525964998245,-0.496951077277188,-0.107318825250696,-0.130810108700623,16.37,8.467490861,0.535457505,660.1716667,16985.78667,27.15053506,0.465647634,659.167,54463.97333,21.8547225,0.470898637,665.8,43840.57333,15.40861914,0.497215455,659.167,30909.69,119.3333333,78,76.33333333,78,-1.64409595044325,-1.50761101163916,0.452107859504655,-0.175911398852204,-1.56891465511013
"2850-57652","2850-57669","2850-57652_2850-57669",2,"CHR",16,"CHR-16",0,10,14.41731328,3,-4,"CHR_16_2",1,NA,0,3,"no",15.44,16.27360253,0.547521478,687.0273333,32644.84667,25.43874875,0.469492898,616.7976667,51030.13,25.62919242,0.427143999,665.8,51412.16,26.1985211,0.446364335,648.784,52554.23333,110.5,74,72,74,-0.680071959437579,-0.254525964998245,-0.496951077277188,-0.107318825250696,-0.130810108700623,17.82,14.07982054,0.504204618,611.004,28244.12,27.72719176,0.47617904,611.004,55620.74667,17.24374875,0.494612283,611.004,34590.96,18.57412762,0.508699718,611.004,37259.7,123.8333333,89.66666667,90,89.66666667,0.0620185912784761,-0.0148579628241403,0.549810804877425,-0.985522014505819,-0.886333735122392
"2850-57652","2850-57669","2850-57652_2850-57669",1,"CHR",66,"CHR-66",0,0,12.4590414,0,9,"CHR_66_1",1,NA,0,2,"no",15.44,16.27360253,0.547521478,687.0273333,32644.84667,25.43874875,0.469492898,616.7976667,51030.13,25.62919242,0.427143999,665.8,51412.16,26.1985211,0.446364335,648.784,52554.23333,110.5,74,72,74,-0.680071959437579,-0.254525964998245,-0.496951077277188,-0.107318825250696,-0.130810108700623,17.82,14.07982054,0.504204618,611.004,28244.12,27.72719176,0.47617904,611.004,55620.74667,17.24374875,0.494612283,611.004,34590.96,18.57412762,0.508699718,611.004,37259.7,123.8333333,89.66666667,90,89.66666667,0.0620185912784761,-0.0148579628241403,0.549810804877425,-0.985522014505819,-0.886333735122392
"2850-57652","2850-57671","2850-57652_2850-57671",2,"CHR",16,"CHR-16",0,7,9.796910184,0,-36,"CHR_16_2",1,NA,0,3,"no",15.44,16.27360253,0.547521478,687.0273333,32644.84667,25.43874875,0.469492898,616.7976667,51030.13,25.62919242,0.427143999,665.8,51412.16,26.1985211,0.446364335,648.784,52554.23333,110.5,74,72,74,-0.680071959437579,-0.254525964998245,-0.496951077277188,-0.107318825250696,-0.130810108700623,17.53,16.28350449,0.48181303,667.733,32664.71,28.84180791,0.479499655,593.4133333,57856.66667,23.68146062,0.459973843,641.034,47505.01,25.7482569,0.475226128,607.0326667,51651.00333,117.8333333,75.83333333,83.16666667,75.83333333,-1.96094579430279,0.571272240341928,0.738660220509044,0.144833557453636,0.660629034048076
"2850-57652","2850-57671","2850-57652_2850-57671",1,"CHR",66,"CHR-66",0,0,10.62077385,0,13,"CHR_66_1",1,NA,0,2,"no",15.44,16.27360253,0.547521478,687.0273333,32644.84667,25.43874875,0.469492898,616.7976667,51030.13,25.62919242,0.427143999,665.8,51412.16,26.1985211,0.446364335,648.784,52554.23333,110.5,74,72,74,-0.680071959437579,-0.254525964998245,-0.496951077277188,-0.107318825250696,-0.130810108700623,17.53,16.28350449,0.48181303,667.733,32664.71,28.84180791,0.479499655,593.4133333,57856.66667,23.68146062,0.459973843,641.034,47505.01,25.7482569,0.475226128,607.0326667,51651.00333,117.8333333,75.83333333,83.16666667,75.83333333,-1.96094579430279,0.571272240341928,0.738660220509044,0.144833557453636,0.660629034048076
"2850-57652","2850-57731","2850-57652_2850-57731",1,"CHR",66,"CHR-66",0,9,10.64783291,2,-9,"CHR_66_1",1,NA,0,2,"no",15.44,16.27360253,0.547521478,687.0273333,32644.84667,25.43874875,0.469492898,616.7976667,51030.13,25.62919242,0.427143999,665.8,51412.16,26.1985211,0.446364335,648.784,52554.23333,110.5,74,72,74,-0.680071959437579,-0.254525964998245,-0.496951077277188,-0.107318825250696,-0.130810108700623,15.9,10.9634214,0.500436597,689.138,21992.62333,23.24545364,0.49159359,611.004,46630.38,18.5751562,0.456752009,611.004,37261.76333,24.60593387,0.474122334,611.004,49359.50333,119,91,92.33333333,91,0.257003109789217,-0.84374981052978,-0.209530090170569,-0.751748919336863,0.414309079555146
"2850-57652","2850-57731","2850-57652_2850-57731",2,"CHR",16,"CHR-16",0,10,16.12261808,1,-9,"CHR_16_2",1,NA,0,3,"no",15.44,16.27360253,0.547521478,687.0273333,32644.84667,25.43874875,0.469492898,616.7976667,51030.13,25.62919242,0.427143999,665.8,51412.16,26.1985211,0.446364335,648.784,52554.23333,110.5,74,72,74,-0.680071959437579,-0.254525964998245,-0.496951077277188,-0.107318825250696,-0.130810108700623,15.9,10.9634214,0.500436597,689.138,21992.62333,23.24545364,0.49159359,611.004,46630.38,18.5751562,0.456752009,611.004,37261.76333,24.60593387,0.474122334,611.004,49359.50333,119,91,92.33333333,91,0.257003109789217,-0.84374981052978,-0.209530090170569,-0.751748919336863,0.414309079555146
"2850-57652","2850-57733","2850-57652_2850-57733",2,"CHR",16,"CHR-16",0,10,6.026396885,0,-15,"CHR_16_2",1,NA,0,3,"no",15.44,16.27360253,0.547521478,687.0273333,32644.84667,25.43874875,0.469492898,616.7976667,51030.13,25.62919242,0.427143999,665.8,51412.16,26.1985211,0.446364335,648.784,52554.23333,110.5,74,72,74,-0.680071959437579,-0.254525964998245,-0.496951077277188,-0.107318825250696,-0.130810108700623,15.66,14.84394317,0.488091858,680.0823333,29776.95,20.45213858,0.480742509,611.004,41026.99,22.3788767,0.481773003,627.3723333,44892.02667,18.61630941,0.474711747,611.004,37344.31667,121.6666667,NA,102,102,1.86562539152438,0.188381413841325,-0.682801464137293,-0.0838786032720019,-0.877238044743787
"2850-57652","2850-57733","2850-57652_2850-57733",1,"CHR",66,"CHR-66",0,0,5.146332892,0,34,"CHR_66_1",1,"ep_same",2,2,"yes",15.44,16.27360253,0.547521478,687.0273333,32644.84667,25.43874875,0.469492898,616.7976667,51030.13,25.62919242,0.427143999,665.8,51412.16,26.1985211,0.446364335,648.784,52554.23333,110.5,74,72,74,-0.680071959437579,-0.254525964998245,-0.496951077277188,-0.107318825250696,-0.130810108700623,15.66,14.84394317,0.488091858,680.0823333,29776.95,20.45213858,0.480742509,611.004,41026.99,22.3788767,0.481773003,627.3723333,44892.02667,18.61630941,0.474711747,611.004,37344.31667,121.6666667,NA,102,102,1.86562539152438,0.188381413841325,-0.682801464137293,-0.0838786032720019,-0.877238044743787
"2850-57652","2850-57742","2850-57652_2850-57742",1,"CHR",66,"CHR-66",0,9,8.754085291,9,-1,"CHR_66_1",1,NA,0,2,"no",15.44,16.27360253,0.547521478,687.0273333,32644.84667,25.43874875,0.469492898,616.7976667,51030.13,25.62919242,0.427143999,665.8,51412.16,26.1985211,0.446364335,648.784,52554.23333,110.5,74,72,74,-0.680071959437579,-0.254525964998245,-0.496951077277188,-0.107318825250696,-0.130810108700623,16.98,13.00562645,0.511030769,671.763,26089.28667,26.1463443,0.49002744,625.0783333,52449.56667,26.30566135,0.456120566,609.081,52769.15667,22.8044882,0.51172569,659.167,45745.80333,118,93,92,93,0.54947988828652,-0.300569350889335,0.281967817833205,0.605599739133584,0.0258620257862253
"2850-57652","2850-57742","2850-57652_2850-57742",2,"CHR",16,"CHR-16",0,10,8.341556782,7,-4,"CHR_16_2",1,NA,0,3,"no",15.44,16.27360253,0.547521478,687.0273333,32644.84667,25.43874875,0.469492898,616.7976667,51030.13,25.62919242,0.427143999,665.8,51412.16,26.1985211,0.446364335,648.784,52554.23333,110.5,74,72,74,-0.680071959437579,-0.254525964998245,-0.496951077277188,-0.107318825250696,-0.130810108700623,16.98,13.00562645,0.511030769,671.763,26089.28667,26.1463443,0.49002744,625.0783333,52449.56667,26.30566135,0.456120566,609.081,52769.15667,22.8044882,0.51172569,659.167,45745.80333,118,93,92,93,0.54947988828652,-0.300569350889335,0.281967817833205,0.605599739133584,0.0258620257862253
"2850-57652","2850-57744","2850-57652_2850-57744",2,"CHR",16,"CHR-16",0,10,3.277297878,0,20,"CHR_16_2",1,NA,0,3,"no",15.44,16.27360253,0.547521478,687.0273333,32644.84667,25.43874875,0.469492898,616.7976667,51030.13,25.62919242,0.427143999,665.8,51412.16,26.1985211,0.446364335,648.784,52554.23333,110.5,74,72,74,-0.680071959437579,-0.254525964998245,-0.496951077277188,-0.107318825250696,-0.130810108700623,14.77,24.63866733,0.441897015,611.004,49425.16667,20.45419575,0.491736389,610.6836667,41031.11667,20.25567464,0.470934773,627.6863333,40632.88333,16.45550847,0.489979153,643.7406667,33009.75,116,84.5,NA,84.5,-0.693546420327017,2.79355701620318,-0.682452917821725,-0.456677716898191,-1.34317313948584
"2850-57652","2850-57744","2850-57652_2850-57744",1,"CHR",66,"CHR-66",0,0,4.449553837,0,17,"CHR_66_1",1,NA,0,2,"no",15.44,16.27360253,0.547521478,687.0273333,32644.84667,25.43874875,0.469492898,616.7976667,51030.13,25.62919242,0.427143999,665.8,51412.16,26.1985211,0.446364335,648.784,52554.23333,110.5,74,72,74,-0.680071959437579,-0.254525964998245,-0.496951077277188,-0.107318825250696,-0.130810108700623,14.77,24.63866733,0.441897015,611.004,49425.16667,20.45419575,0.491736389,610.6836667,41031.11667,20.25567464,0.470934773,627.6863333,40632.88333,16.45550847,0.489979153,643.7406667,33009.75,116,84.5,NA,84.5,-0.693546420327017,2.79355701620318,-0.682452917821725,-0.456677716898191,-1.34317313948584
"2850-57652","2850-57745","2850-57652_2850-57745",1,"CHR",66,"CHR-66",0,5,23.06906568,5,4,"CHR_66_1",1,NA,0,2,"no",15.44,16.27360253,0.547521478,687.0273333,32644.84667,25.43874875,0.469492898,616.7976667,51030.13,25.62919242,0.427143999,665.8,51412.16,26.1985211,0.446364335,648.784,52554.23333,110.5,74,72,74,-0.680071959437579,-0.254525964998245,-0.496951077277188,-0.107318825250696,-0.130810108700623,16.33,11.89491525,0.520998035,667.1156667,23861.2,19.28173812,0.496153459,634.065,38679.16667,21.88407444,0.484884869,657.7393333,43899.45333,26.3850565,0.474305256,645.4026667,52928.42333,118,85,86,85,-0.620427225702691,-0.59599346618265,-0.881102415479132,-0.170757684365318,0.797942599802867
"2850-57652","2850-57745","2850-57652_2850-57745",2,"CHR",16,"CHR-16",0,10,24.41640549,0,-10,"CHR_16_2",1,NA,0,3,"no",15.44,16.27360253,0.547521478,687.0273333,32644.84667,25.43874875,0.469492898,616.7976667,51030.13,25.62919242,0.427143999,665.8,51412.16,26.1985211,0.446364335,648.784,52554.23333,110.5,74,72,74,-0.680071959437579,-0.254525964998245,-0.496951077277188,-0.107318825250696,-0.130810108700623,16.33,11.89491525,0.520998035,667.1156667,23861.2,19.28173812,0.496153459,634.065,38679.16667,21.88407444,0.484884869,657.7393333,43899.45333,26.3850565,0.474305256,645.4026667,52928.42333,118,85,86,85,-0.620427225702691,-0.59599346618265,-0.881102415479132,-0.170757684365318,0.797942599802867
"2850-57652","2850-57806","2850-57652_2850-57806",1,"CHR",66,"CHR-66",0,9,17.86065878,7,-4,"CHR_66_1",1,NA,0,2,"no",15.44,16.27360253,0.547521478,687.0273333,32644.84667,25.43874875,0.469492898,616.7976667,51030.13,25.62919242,0.427143999,665.8,51412.16,26.1985211,0.446364335,648.784,52554.23333,110.5,74,72,74,-0.680071959437579,-0.254525964998245,-0.496951077277188,-0.107318825250696,-0.130810108700623,15.88,11.25502825,0.516086951,669.4676667,22577.58667,14.26422898,0.518970434,659.167,28614.04333,18.0460319,0.470292612,659.167,36200.34,17.57589232,0.493413321,659.167,35257.24,120.1666667,83.83333333,86,83.83333333,-0.791038680313578,-0.766188968724348,-1.73121899508845,-0.844654382153754,-1.1015839465002
"2850-57652","2850-57806","2850-57652_2850-57806",2,"CHR",16,"CHR-16",0,10,21.30972896,9,-1,"CHR_16_2",1,NA,0,3,"no",15.44,16.27360253,0.547521478,687.0273333,32644.84667,25.43874875,0.469492898,616.7976667,51030.13,25.62919242,0.427143999,665.8,51412.16,26.1985211,0.446364335,648.784,52554.23333,110.5,74,72,74,-0.680071959437579,-0.254525964998245,-0.496951077277188,-0.107318825250696,-0.130810108700623,15.88,11.25502825,0.516086951,669.4676667,22577.58667,14.26422898,0.518970434,659.167,28614.04333,18.0460319,0.470292612,659.167,36200.34,17.57589232,0.493413321,659.167,35257.24,120.1666667,83.83333333,86,83.83333333,-0.791038680313578,-0.766188968724348,-1.73121899508845,-0.844654382153754,-1.1015839465002
"2850-57652","2850-57808","2850-57652_2850-57808",1,"CHR",66,"CHR-66",0,9,12.40409686,7,-4,"CHR_66_1",1,NA,0,2,"no",15.44,16.27360253,0.547521478,687.0273333,32644.84667,25.43874875,0.469492898,616.7976667,51030.13,25.62919242,0.427143999,665.8,51412.16,26.1985211,0.446364335,648.784,52554.23333,110.5,74,72,74,-0.680071959437579,-0.254525964998245,-0.496951077277188,-0.107318825250696,-0.130810108700623,17.44,11.46748421,0.514088925,678.7753333,23003.77333,15.37756564,0.515459018,659.167,30847.39667,20.6164008,0.49573159,641.3963333,41356.5,18.7548222,0.472216787,642.151,37622.17333,120.5,NA,100,100,1.57314861302708,-0.709680477568599,-1.54258636344907,-0.393340178166818,-0.847370430038086
"2850-57652","2850-57808","2850-57652_2850-57808",2,"CHR",16,"CHR-16",0,10,13.31016548,5,-5,"CHR_16_2",1,NA,0,3,"no",15.44,16.27360253,0.547521478,687.0273333,32644.84667,25.43874875,0.469492898,616.7976667,51030.13,25.62919242,0.427143999,665.8,51412.16,26.1985211,0.446364335,648.784,52554.23333,110.5,74,72,74,-0.680071959437579,-0.254525964998245,-0.496951077277188,-0.107318825250696,-0.130810108700623,17.44,11.46748421,0.514088925,678.7753333,23003.77333,15.37756564,0.515459018,659.167,30847.39667,20.6164008,0.49573159,641.3963333,41356.5,18.7548222,0.472216787,642.151,37622.17333,120.5,NA,100,100,1.57314861302708,-0.709680477568599,-1.54258636344907,-0.393340178166818,-0.847370430038086
"2850-57652","2850-57881","2850-57652_2850-57881",1,"CHR",66,"CHR-66",0,8,14.78665518,8,1,"CHR_66_1",1,NA,0,2,"no",15.44,16.27360253,0.547521478,687.0273333,32644.84667,25.43874875,0.469492898,616.7976667,51030.13,25.62919242,0.427143999,665.8,51412.16,26.1985211,0.446364335,648.784,52554.23333,110.5,74,72,74,-0.680071959437579,-0.254525964998245,-0.496951077277188,-0.107318825250696,-0.130810108700623,16.55,11.73463277,0.535560863,644.7453333,23539.67333,21.93833167,0.494146676,611.004,44008.29333,26.56095214,0.438684751,643.7343333,53281.27,31.59365071,0.464706779,610.6836667,63376.86333,119.6666667,84.83333333,85.83333333,84.83333333,-0.644800291064927,-0.638624988986254,-0.430995767115722,0.650424573294177,1.92107559728725
"2850-57652","2850-57881","2850-57652_2850-57881",2,"CHR",16,"CHR-16",0,10,16.339459459,1,9,"CHR_16_2",1,NA,0,3,"no",15.44,16.27360253,0.547521478,687.0273333,32644.84667,25.43874875,0.469492898,616.7976667,51030.13,25.62919242,0.427143999,665.8,51412.16,26.1985211,0.446364335,648.784,52554.23333,110.5,74,72,74,-0.680071959437579,-0.254525964998245,-0.496951077277188,-0.107318825250696,-0.130810108700623,16.55,11.73463277,0.535560863,644.7453333,23539.67333,21.93833167,0.494146676,611.004,44008.29333,26.56095214,0.438684751,643.7343333,53281.27,31.59365071,0.464706779,610.6836667,63376.86333,119.6666667,84.83333333,85.83333333,84.83333333,-0.644800291064927,-0.638624988986254,-0.430995767115722,0.650424573294177,1.92107559728725
"2850-57654","2640-97588","2850-57654_2640-97588",1,"CHR",80,"CHR-80",0,10,23.12713998,0,-18,"CHR_80_1",1,NA,0,4,"no",16.58,17.81852775,0.491470518,642.7856667,35743.96667,29.97126288,0.455286658,625.7763333,60122.35333,23.62500332,0.464684502,625.7763333,47391.75667,21.69604187,0.468765781,642.4716667,43522.26,116.6666667,79.83333333,81,79.83333333,0.841087169976081,0.188904700608668,0.249464613198725,-0.459816777005092,-0.881244218906378,18.7,11.85018943,0.544837496,653.7273333,23771.48,14.45612662,0.507893605,610.6836667,28998.99,21.21705716,0.471668493,610.6836667,42561.41667,27.50362745,0.462396686,637.0386667,55172.27667,119,87,85,87,-0.327950447205388,-0.607889525035993,-1.69870577771304,-0.287874870450448,1.03914087582914
"2850-57654","2640-97589","2850-57654_2640-97589",1,"CHR",80,"CHR-80",0,10,11.50131062,0,-16,"CHR_80_1",1,NA,0,4,"no",16.58,17.81852775,0.491470518,642.7856667,35743.96667,29.97126288,0.455286658,625.7763333,60122.35333,23.62500332,0.464684502,625.7763333,47391.75667,21.69604187,0.468765781,642.4716667,43522.26,116.6666667,79.83333333,81,79.83333333,0.841087169976081,0.188904700608668,0.249464613198725,-0.459816777005092,-0.881244218906378,16.1,11.8153556,0.523609389,681.183,23701.60333,16.91354271,0.528785659,657.7393333,33928.56667,18.6526321,0.480672665,627.3723333,37417.18,20.65218677,0.48363622,650.113,41428.28667,119,99.66666667,98,99.66666667,1.52440248376499,-0.617154537768401,-1.28234576663637,-0.738145434585443,-0.438240313367936
"2850-57654","2811-83208","2850-57654_2811-83208",1,"CHR",80,"CHR-80",0,10,5.173148491,9,-1,"CHR_80_1",1,NA,0,4,"no",16.58,17.81852775,0.491470518,642.7856667,35743.96667,29.97126288,0.455286658,625.7763333,60122.35333,23.62500332,0.464684502,625.7763333,47391.75667,21.69604187,0.468765781,642.4716667,43522.26,116.6666667,79.83333333,81,79.83333333,0.841087169976081,0.188904700608668,0.249464613198725,-0.459816777005092,-0.881244218906378,16.9,18.73416916,0.484585352,611.004,37580.74333,21.00459455,0.486882121,610.6836667,42135.21667,26.39878531,0.450512144,610.6836667,52955.96333,23.23742606,0.475660646,611.004,46614.27667,118,87,89.5,87,-0.327950447205388,1.22309374175052,-0.589198848477454,0.621950764031026,0.119216734719535
"2850-57654","2850-57567","2850-57654_2850-57567",1,"CHR",80,"CHR-80",0,10,19.71509877,8,-3,"CHR_80_1",1,NA,0,4,"no",16.58,17.81852775,0.491470518,642.7856667,35743.96667,29.97126288,0.455286658,625.7763333,60122.35333,23.62500332,0.464684502,625.7763333,47391.75667,21.69604187,0.468765781,642.4716667,43522.26,116.6666667,79.83333333,81,79.83333333,0.841087169976081,0.188904700608668,0.249464613198725,-0.459816777005092,-0.881244218906378,16.6,10.56012296,0.52180729,667.1156667,21183.60667,26.35612994,0.49271154,611.3883333,52870.39667,22.28285809,0.48721335,606.0566667,44699.41333,16.73888169,0.511359264,628.0706667,33578.19667,121.5,102.1666667,102.5,102.1666667,1.88999846127377,-0.951018094883241,0.317511799070068,-0.100737880763292,-1.28206916379613
"2850-57654","2850-57570","2850-57654_2850-57570",1,"CHR",80,"CHR-80",0,1,17.07674627,1,9,"CHR_80_1",1,NA,0,4,"no",16.58,17.81852775,0.491470518,642.7856667,35743.96667,29.97126288,0.455286658,625.7763333,60122.35333,23.62500332,0.464684502,625.7763333,47391.75667,21.69604187,0.468765781,642.4716667,43522.26,116.6666667,79.83333333,81,79.83333333,0.841087169976081,0.188904700608668,0.249464613198725,-0.459816777005092,-0.881244218906378,16.51,16.84077767,0.501161039,611.004,33782.6,23.06811898,0.49586693,611.004,46274.64667,25.67366733,0.443766873,611.004,51501.37667,19.07592556,0.494641169,627.6863333,38266.30667,121.5,90,NA,90,0.110764720540566,0.719494330997171,-0.239575901827104,0.494632057389222,-0.778130676530947
"2850-57654","2850-57577","2850-57654_2850-57577",1,"CHR",80,"CHR-80",0,1,24.26838259,1,9,"CHR_80_1",1,NA,0,4,"no",16.58,17.81852775,0.491470518,642.7856667,35743.96667,29.97126288,0.455286658,625.7763333,60122.35333,23.62500332,0.464684502,625.7763333,47391.75667,21.69604187,0.468765781,642.4716667,43522.26,116.6666667,79.83333333,81,79.83333333,0.841087169976081,0.188904700608668,0.249464613198725,-0.459816777005092,-0.881244218906378,18.2,20.92472416,0.512057073,676.164,41974.99667,28.83623131,0.475799583,625.399,57845.48,28.80829345,0.443602398,627.1216667,57789.43667,29.54534563,0.455136562,636.0576667,59267.96333,119,90.83333333,91.16666667,90.83333333,0.232630044426981,1.80573194047972,0.737715377164354,1.04502048301344,1.47939806751422
"2850-57654","2850-57578","2850-57654_2850-57578",1,"CHR",80,"CHR-80",0,5,13.62674793,5,5,"CHR_80_1",1,NA,0,4,"no",16.58,17.81852775,0.491470518,642.7856667,35743.96667,29.97126288,0.455286658,625.7763333,60122.35333,23.62500332,0.464684502,625.7763333,47391.75667,21.69604187,0.468765781,642.4716667,43522.26,116.6666667,79.83333333,81,79.83333333,0.841087169976081,0.188904700608668,0.249464613198725,-0.459816777005092,-0.881244218906378,17.2,10.81633932,0.556799001,678.4426667,21697.57667,15.67680791,0.517385329,657.4626667,31447.67667,20.72179628,0.496782872,642.7923333,41567.92333,11.67128448,0.547842632,659.167,23412.59667,119,91.5,91.5,91.5,0.330122304413543,-0.882870324808829,-1.49188574528399,-0.374834477619313,-2.37479887454678
"2850-57654","2850-57579","2850-57654_2850-57579",1,"CHR",80,"CHR-80",0,10,5.897584565,2,-8,"CHR_80_1",1,NA,0,4,"no",16.58,17.81852775,0.491470518,642.7856667,35743.96667,29.97126288,0.455286658,625.7763333,60122.35333,23.62500332,0.464684502,625.7763333,47391.75667,21.69604187,0.468765781,642.4716667,43522.26,116.6666667,79.83333333,81,79.83333333,0.841087169976081,0.188904700608668,0.249464613198725,-0.459816777005092,-0.881244218906378,16.3,11.31949153,0.533256519,660.737,22706.9,24.77905949,0.48852106,617.005,49706.79333,18.07848455,0.49353373,627.3723333,36265.44,24.4043104,0.499147361,611.004,48955.04667,118.5,93.5,92,93.5,0.622599082910845,-0.749043190899379,0.0503087508346794,-0.838956234350139,0.37083286253875
"2850-57654","2850-57580","2850-57654_2850-57580",1,"CHR",80,"CHR-80",1,10,0.08,10,0,"CHR_80_1",1,"wp",2,4,"yes",16.58,17.81852775,0.491470518,642.7856667,35743.96667,29.97126288,0.455286658,625.7763333,60122.35333,23.62500332,0.464684502,625.7763333,47391.75667,21.69604187,0.468765781,642.4716667,43522.26,116.6666667,79.83333333,81,79.83333333,0.841087169976081,0.188904700608668,0.249464613198725,-0.459816777005092,-0.881244218906378,16.2,9.142844799,0.560214832,667.427,18340.54667,27.48113161,0.465556814,625.399,55127.15,22.9424111,0.468469624,647.108,46022.47667,30.74621137,0.465611781,608.7603333,61676.9,117.5,87.83333333,NA,87.83333333,-0.206085123318973,-1.32798210392354,0.508120833367745,0.0150687031458652,1.73834162958958
"2850-57654","2850-57581","2850-57654_2850-57581",1,"CHR",80,"CHR-80",0,10,5.199639626,0,-10,"CHR_80_1",1,NA,0,4,"no",16.58,17.81852775,0.491470518,642.7856667,35743.96667,29.97126288,0.455286658,625.7763333,60122.35333,23.62500332,0.464684502,625.7763333,47391.75667,21.69604187,0.468765781,642.4716667,43522.26,116.6666667,79.83333333,81,79.83333333,0.841087169976081,0.188904700608668,0.249464613198725,-0.459816777005092,-0.881244218906378,15.5,12.5018158,0.557442636,674.1035,25078.6425,18.94245264,0.521103483,641.0916667,37998.56,27.0381655,0.472765016,616.0483333,54238.56,19.62838485,0.524143762,664.102,39374.54,116,82.5,83,82.5,-0.986023198824319,-0.434571614980667,-0.938587554762546,0.734215334884986,-0.659003473806166
"2850-57654","2850-57582","2850-57654_2850-57582",1,"CHR",80,"CHR-80",0,10,4.360833357,8,-2,"CHR_80_1",1,NA,0,4,"no",16.58,17.81852775,0.491470518,642.7856667,35743.96667,29.97126288,0.455286658,625.7763333,60122.35333,23.62500332,0.464684502,625.7763333,47391.75667,21.69604187,0.468765781,642.4716667,43522.26,116.6666667,79.83333333,81,79.83333333,0.841087169976081,0.188904700608668,0.249464613198725,-0.459816777005092,-0.881244218906378,15.9,NA,NA,NA,NA,28.49882187,0.467628455,626.7313333,57168.63667,24.79582419,0.471185748,627.0583333,49740.42333,10.86734629,0.526212895,643.7406667,21799.89667,118,88.5,86,88.5,-0.108592863332411,NA,0.68054809534039,0.340497342347155,-2.54815265729939
"2850-57654","2850-57589","2850-57654_2850-57589",1,"CHR",80,"CHR-80",0,10,6.034415307,7,-4,"CHR_80_1",1,"ep_same",1,4,"yes",16.58,17.81852775,0.491470518,642.7856667,35743.96667,29.97126288,0.455286658,625.7763333,60122.35333,23.62500332,0.464684502,625.7763333,47391.75667,21.69604187,0.468765781,642.4716667,43522.26,116.6666667,79.83333333,81,79.83333333,0.841087169976081,0.188904700608668,0.249464613198725,-0.459816777005092,-0.881244218906378,17.5,12.65077601,0.531237153,675.7903333,25377.45667,16.92662014,0.501144529,627.3723333,33954.8,19.27879528,0.490091496,643.7406667,38673.26333,19.52571951,0.519492939,627.6863333,39168.59333,119.8333333,97,96.5,97,1.13443344528112,-0.394951560502818,-1.28013005765578,-0.628201551764721,-0.681141276522795
"2850-57654","2850-57620","2850-57654_2850-57620",1,"CHR",80,"CHR-80",0,10,16.1553589,9,-1,"CHR_80_1",1,NA,0,4,"no",16.58,17.81852775,0.491470518,642.7856667,35743.96667,29.97126288,0.455286658,625.7763333,60122.35333,23.62500332,0.464684502,625.7763333,47391.75667,21.69604187,0.468765781,642.4716667,43522.26,116.6666667,79.83333333,81,79.83333333,0.841087169976081,0.188904700608668,0.249464613198725,-0.459816777005092,-0.881244218906378,18.2,8.903889997,0.510576941,627.6863333,17861.20333,21.60838485,0.492100236,611.004,43346.42,22.72290794,0.464821292,611.004,45582.15333,21.84048023,0.466018925,627.6863333,43812.00333,121,87,84,87,-0.327950447205388,-1.39153868908802,-0.486898657224134,-0.0234724159627646,-0.182007721268793
"2850-57654","2850-57647","2850-57654_2850-57647",1,"CHR",80,"CHR-80",0,6,11.57698308,6,4,"CHR_80_1",1,NA,0,4,"no",16.58,17.81852775,0.491470518,642.7856667,35743.96667,29.97126288,0.455286658,625.7763333,60122.35333,23.62500332,0.464684502,625.7763333,47391.75667,21.69604187,0.468765781,642.4716667,43522.26,116.6666667,79.83333333,81,79.83333333,0.841087169976081,0.188904700608668,0.249464613198725,-0.459816777005092,-0.881244218906378,15.8,12.89783981,0.543297932,643.7406667,25873.06667,28.1838767,0.473800388,617.439,56536.85667,25.45478232,0.436115595,638.1653333,51062.29333,20.55910934,0.502370676,626.097,41241.57333,122.1666667,85.83333333,87.33333333,85.83333333,-0.498561901816276,-0.329238164855052,0.627186934809475,0.456199475181733,-0.458310668004767
"2850-57654","2850-57653","2850-57654_2850-57653",1,"CHR",80,"CHR-80",0,10,24.25083568,9,-1,"CHR_80_1",1,NA,0,4,"no",16.58,17.81852775,0.491470518,642.7856667,35743.96667,29.97126288,0.455286658,625.7763333,60122.35333,23.62500332,0.464684502,625.7763333,47391.75667,21.69604187,0.468765781,642.4716667,43522.26,116.6666667,79.83333333,81,79.83333333,0.841087169976081,0.188904700608668,0.249464613198725,-0.459816777005092,-0.881244218906378,16.37,8.467490861,0.535457505,660.1716667,16985.78667,27.15053506,0.465647634,659.167,54463.97333,21.8547225,0.470898637,665.8,43840.57333,15.40861914,0.497215455,659.167,30909.69,119.3333333,78,76.33333333,78,-1.64409595044325,-1.50761101163916,0.452107859504655,-0.175911398852204,-1.56891465511013
"2850-57654","2850-57669","2850-57654_2850-57669",1,"CHR",80,"CHR-80",0,10,13.39088423,10,-1,"CHR_80_1",1,NA,0,4,"no",16.58,17.81852775,0.491470518,642.7856667,35743.96667,29.97126288,0.455286658,625.7763333,60122.35333,23.62500332,0.464684502,625.7763333,47391.75667,21.69604187,0.468765781,642.4716667,43522.26,116.6666667,79.83333333,81,79.83333333,0.841087169976081,0.188904700608668,0.249464613198725,-0.459816777005092,-0.881244218906378,17.82,14.07982054,0.504204618,611.004,28244.12,27.72719176,0.47617904,611.004,55620.74667,17.24374875,0.494612283,611.004,34590.96,18.57412762,0.508699718,611.004,37259.7,123.8333333,89.66666667,90,89.66666667,0.0620185912784761,-0.0148579628241403,0.549810804877425,-0.985522014505819,-0.886333735122392
"2850-57654","2850-57671","2850-57654_2850-57671",1,"CHR",80,"CHR-80",0,7,5.852811652,7,3,"CHR_80_1",1,NA,0,4,"no",16.58,17.81852775,0.491470518,642.7856667,35743.96667,29.97126288,0.455286658,625.7763333,60122.35333,23.62500332,0.464684502,625.7763333,47391.75667,21.69604187,0.468765781,642.4716667,43522.26,116.6666667,79.83333333,81,79.83333333,0.841087169976081,0.188904700608668,0.249464613198725,-0.459816777005092,-0.881244218906378,17.53,16.28350449,0.48181303,667.733,32664.71,28.84180791,0.479499655,593.4133333,57856.66667,23.68146062,0.459973843,641.034,47505.01,25.7482569,0.475226128,607.0326667,51651.00333,117.8333333,75.83333333,83.16666667,75.83333333,-1.96094579430279,0.571272240341928,0.738660220509044,0.144833557453636,0.660629034048076
"2850-57654","2850-57731","2850-57654_2850-57731",1,"CHR",80,"CHR-80",0,10,10.73150544,0,-19,"CHR_80_1",1,NA,0,4,"no",16.58,17.81852775,0.491470518,642.7856667,35743.96667,29.97126288,0.455286658,625.7763333,60122.35333,23.62500332,0.464684502,625.7763333,47391.75667,21.69604187,0.468765781,642.4716667,43522.26,116.6666667,79.83333333,81,79.83333333,0.841087169976081,0.188904700608668,0.249464613198725,-0.459816777005092,-0.881244218906378,15.9,10.9634214,0.500436597,689.138,21992.62333,23.24545364,0.49159359,611.004,46630.38,18.5751562,0.456752009,611.004,37261.76333,24.60593387,0.474122334,611.004,49359.50333,119,91,92.33333333,91,0.257003109789217,-0.84374981052978,-0.209530090170569,-0.751748919336863,0.414309079555146
"2850-57654","2850-57742","2850-57654_2850-57742",1,"CHR",80,"CHR-80",0,10,10.99316016,0,-11,"CHR_80_1",1,NA,0,4,"no",16.58,17.81852775,0.491470518,642.7856667,35743.96667,29.97126288,0.455286658,625.7763333,60122.35333,23.62500332,0.464684502,625.7763333,47391.75667,21.69604187,0.468765781,642.4716667,43522.26,116.6666667,79.83333333,81,79.83333333,0.841087169976081,0.188904700608668,0.249464613198725,-0.459816777005092,-0.881244218906378,16.98,13.00562645,0.511030769,671.763,26089.28667,26.1463443,0.49002744,625.0783333,52449.56667,26.30566135,0.456120566,609.081,52769.15667,22.8044882,0.51172569,659.167,45745.80333,118,93,92,93,0.54947988828652,-0.300569350889335,0.281967817833205,0.605599739133584,0.0258620257862253
"2850-57654","2850-57744","2850-57654_2850-57744",1,"CHR",80,"CHR-80",0,3,2.981141773,3,7,"CHR_80_1",1,NA,0,4,"no",16.58,17.81852775,0.491470518,642.7856667,35743.96667,29.97126288,0.455286658,625.7763333,60122.35333,23.62500332,0.464684502,625.7763333,47391.75667,21.69604187,0.468765781,642.4716667,43522.26,116.6666667,79.83333333,81,79.83333333,0.841087169976081,0.188904700608668,0.249464613198725,-0.459816777005092,-0.881244218906378,14.77,24.63866733,0.441897015,611.004,49425.16667,20.45419575,0.491736389,610.6836667,41031.11667,20.25567464,0.470934773,627.6863333,40632.88333,16.45550847,0.489979153,643.7406667,33009.75,116,84.5,NA,84.5,-0.693546420327017,2.79355701620318,-0.682452917821725,-0.456677716898191,-1.34317313948584
"2850-57654","2850-57745","2850-57654_2850-57745",1,"CHR",80,"CHR-80",0,10,23.61369084,5,-6,"CHR_80_1",1,NA,0,4,"no",16.58,17.81852775,0.491470518,642.7856667,35743.96667,29.97126288,0.455286658,625.7763333,60122.35333,23.62500332,0.464684502,625.7763333,47391.75667,21.69604187,0.468765781,642.4716667,43522.26,116.6666667,79.83333333,81,79.83333333,0.841087169976081,0.188904700608668,0.249464613198725,-0.459816777005092,-0.881244218906378,16.33,11.89491525,0.520998035,667.1156667,23861.2,19.28173812,0.496153459,634.065,38679.16667,21.88407444,0.484884869,657.7393333,43899.45333,26.3850565,0.474305256,645.4026667,52928.42333,118,85,86,85,-0.620427225702691,-0.59599346618265,-0.881102415479132,-0.170757684365318,0.797942599802867
"2850-57654","2850-57806","2850-57654_2850-57806",1,"CHR",80,"CHR-80",0,10,18.18602989,0,-14,"CHR_80_1",1,NA,0,4,"no",16.58,17.81852775,0.491470518,642.7856667,35743.96667,29.97126288,0.455286658,625.7763333,60122.35333,23.62500332,0.464684502,625.7763333,47391.75667,21.69604187,0.468765781,642.4716667,43522.26,116.6666667,79.83333333,81,79.83333333,0.841087169976081,0.188904700608668,0.249464613198725,-0.459816777005092,-0.881244218906378,15.88,11.25502825,0.516086951,669.4676667,22577.58667,14.26422898,0.518970434,659.167,28614.04333,18.0460319,0.470292612,659.167,36200.34,17.57589232,0.493413321,659.167,35257.24,120.1666667,83.83333333,86,83.83333333,-0.791038680313578,-0.766188968724348,-1.73121899508845,-0.844654382153754,-1.1015839465002
"2850-57654","2850-57808","2850-57654_2850-57808",1,"CHR",80,"CHR-80",0,10,11.78128134,0,-14,"CHR_80_1",1,NA,0,4,"no",16.58,17.81852775,0.491470518,642.7856667,35743.96667,29.97126288,0.455286658,625.7763333,60122.35333,23.62500332,0.464684502,625.7763333,47391.75667,21.69604187,0.468765781,642.4716667,43522.26,116.6666667,79.83333333,81,79.83333333,0.841087169976081,0.188904700608668,0.249464613198725,-0.459816777005092,-0.881244218906378,17.44,11.46748421,0.514088925,678.7753333,23003.77333,15.37756564,0.515459018,659.167,30847.39667,20.6164008,0.49573159,641.3963333,41356.5,18.7548222,0.472216787,642.151,37622.17333,120.5,NA,100,100,1.57314861302708,-0.709680477568599,-1.54258636344907,-0.393340178166818,-0.847370430038086
"2850-57654","2850-57881","2850-57654_2850-57881",1,"CHR",80,"CHR-80",0,10,13.26934274,3,-9,"CHR_80_1",1,NA,0,4,"no",16.58,17.81852775,0.491470518,642.7856667,35743.96667,29.97126288,0.455286658,625.7763333,60122.35333,23.62500332,0.464684502,625.7763333,47391.75667,21.69604187,0.468765781,642.4716667,43522.26,116.6666667,79.83333333,81,79.83333333,0.841087169976081,0.188904700608668,0.249464613198725,-0.459816777005092,-0.881244218906378,16.55,11.73463277,0.535560863,644.7453333,23539.67333,21.93833167,0.494146676,611.004,44008.29333,26.56095214,0.438684751,643.7343333,53281.27,31.59365071,0.464706779,610.6836667,63376.86333,119.6666667,84.83333333,85.83333333,84.83333333,-0.644800291064927,-0.638624988986254,-0.430995767115722,0.650424573294177,1.92107559728725
"2850-57656","2640-97588","2850-57656_2640-97588",1,"CHR",78,"CHR-78",0,11,24.93320866,0,23,"CHR_78_1",1,NA,0,5,"no",17.54,19.51600199,0.471636446,627.6863333,39149.1,27.59028249,0.438703207,611.004,55346.10667,21.03005151,0.436138594,610.6836667,42186.28333,27.85981057,0.44920838,611.004,55886.78,115.8333333,76,75.83333333,76,-0.15853168619773,0.676120600996253,-0.142635901182122,-0.916218419907135,0.146079183071554,18.7,11.85018943,0.544837496,653.7273333,23771.48,14.45612662,0.507893605,610.6836667,28998.99,21.21705716,0.471668493,610.6836667,42561.41667,27.50362745,0.462396686,637.0386667,55172.27667,119,87,85,87,-0.327950447205388,-0.607889525035993,-1.69870577771304,-0.287874870450448,1.03914087582914
"2850-57656","2640-97589","2850-57656_2640-97589",1,"CHR",78,"CHR-78",0,11,13.49224612,0,-23,"CHR_78_1",1,"ep_same",3,5,"yes",17.54,19.51600199,0.471636446,627.6863333,39149.1,27.59028249,0.438703207,611.004,55346.10667,21.03005151,0.436138594,610.6836667,42186.28333,27.85981057,0.44920838,611.004,55886.78,115.8333333,76,75.83333333,76,-0.15853168619773,0.676120600996253,-0.142635901182122,-0.916218419907135,0.146079183071554,16.1,11.8153556,0.523609389,681.183,23701.60333,16.91354271,0.528785659,657.7393333,33928.56667,18.6526321,0.480672665,627.3723333,37417.18,20.65218677,0.48363622,650.113,41428.28667,119,99.66666667,98,99.66666667,1.52440248376499,-0.617154537768401,-1.28234576663637,-0.738145434585443,-0.438240313367936
"2850-57656","2811-83208","2850-57656_2811-83208",1,"CHR",78,"CHR-78",0,11,3.556109437,2,-8,"CHR_78_1",1,NA,0,5,"no",17.54,19.51600199,0.471636446,627.6863333,39149.1,27.59028249,0.438703207,611.004,55346.10667,21.03005151,0.436138594,610.6836667,42186.28333,27.85981057,0.44920838,611.004,55886.78,115.8333333,76,75.83333333,76,-0.15853168619773,0.676120600996253,-0.142635901182122,-0.916218419907135,0.146079183071554,16.9,18.73416916,0.484585352,611.004,37580.74333,21.00459455,0.486882121,610.6836667,42135.21667,26.39878531,0.450512144,610.6836667,52955.96333,23.23742606,0.475660646,611.004,46614.27667,118,87,89.5,87,-0.327950447205388,1.22309374175052,-0.589198848477454,0.621950764031026,0.119216734719535
"2850-57656","2850-57567","2850-57656_2850-57567",1,"CHR",78,"CHR-78",0,11,21.43275829,1,-10,"CHR_78_1",1,NA,0,5,"no",17.54,19.51600199,0.471636446,627.6863333,39149.1,27.59028249,0.438703207,611.004,55346.10667,21.03005151,0.436138594,610.6836667,42186.28333,27.85981057,0.44920838,611.004,55886.78,115.8333333,76,75.83333333,76,-0.15853168619773,0.676120600996253,-0.142635901182122,-0.916218419907135,0.146079183071554,16.6,10.56012296,0.52180729,667.1156667,21183.60667,26.35612994,0.49271154,611.3883333,52870.39667,22.28285809,0.48721335,606.0566667,44699.41333,16.73888169,0.511359264,628.0706667,33578.19667,121.5,102.1666667,102.5,102.1666667,1.88999846127377,-0.951018094883241,0.317511799070068,-0.100737880763292,-1.28206916379613
"2850-57656","2850-57570","2850-57656_2850-57570",1,"CHR",78,"CHR-78",0,9,18.94453536,9,2,"CHR_78_1",1,NA,0,5,"no",17.54,19.51600199,0.471636446,627.6863333,39149.1,27.59028249,0.438703207,611.004,55346.10667,21.03005151,0.436138594,610.6836667,42186.28333,27.85981057,0.44920838,611.004,55886.78,115.8333333,76,75.83333333,76,-0.15853168619773,0.676120600996253,-0.142635901182122,-0.916218419907135,0.146079183071554,16.51,16.84077767,0.501161039,611.004,33782.6,23.06811898,0.49586693,611.004,46274.64667,25.67366733,0.443766873,611.004,51501.37667,19.07592556,0.494641169,627.6863333,38266.30667,121.5,90,NA,90,0.110764720540566,0.719494330997171,-0.239575901827104,0.494632057389222,-0.778130676530947
"2850-57656","2850-57577","2850-57656_2850-57577",1,"CHR",78,"CHR-78",0,9,26.62753665,9,2,"CHR_78_1",1,NA,0,5,"no",17.54,19.51600199,0.471636446,627.6863333,39149.1,27.59028249,0.438703207,611.004,55346.10667,21.03005151,0.436138594,610.6836667,42186.28333,27.85981057,0.44920838,611.004,55886.78,115.8333333,76,75.83333333,76,-0.15853168619773,0.676120600996253,-0.142635901182122,-0.916218419907135,0.146079183071554,18.2,20.92472416,0.512057073,676.164,41974.99667,28.83623131,0.475799583,625.399,57845.48,28.80829345,0.443602398,627.1216667,57789.43667,29.54534563,0.455136562,636.0576667,59267.96333,119,90.83333333,91.16666667,90.83333333,0.232630044426981,1.80573194047972,0.737715377164354,1.04502048301344,1.47939806751422
"2850-57656","2850-57578","2850-57656_2850-57578",1,"CHR",78,"CHR-78",0,11,15.82780332,9,-2,"CHR_78_1",1,NA,0,5,"no",17.54,19.51600199,0.471636446,627.6863333,39149.1,27.59028249,0.438703207,611.004,55346.10667,21.03005151,0.436138594,610.6836667,42186.28333,27.85981057,0.44920838,611.004,55886.78,115.8333333,76,75.83333333,76,-0.15853168619773,0.676120600996253,-0.142635901182122,-0.916218419907135,0.146079183071554,17.2,10.81633932,0.556799001,678.4426667,21697.57667,15.67680791,0.517385329,657.4626667,31447.67667,20.72179628,0.496782872,642.7923333,41567.92333,11.67128448,0.547842632,659.167,23412.59667,119,91.5,91.5,91.5,0.330122304413543,-0.882870324808829,-1.49188574528399,-0.374834477619313,-2.37479887454678
"2850-57656","2850-57579","2850-57656_2850-57579",1,"CHR",78,"CHR-78",0,11,8.28547973781818,1,10,"CHR_78_1",1,NA,0,5,"no",17.54,19.51600199,0.471636446,627.6863333,39149.1,27.59028249,0.438703207,611.004,55346.10667,21.03005151,0.436138594,610.6836667,42186.28333,27.85981057,0.44920838,611.004,55886.78,115.8333333,76,75.83333333,76,-0.15853168619773,0.676120600996253,-0.142635901182122,-0.916218419907135,0.146079183071554,16.3,11.31949153,0.533256519,660.737,22706.9,24.77905949,0.48852106,617.005,49706.79333,18.07848455,0.49353373,627.3723333,36265.44,24.4043104,0.499147361,611.004,48955.04667,118.5,93.5,92,93.5,0.622599082910845,-0.749043190899379,0.0503087508346794,-0.838956234350139,0.37083286253875
"2850-57656","2850-57580","2850-57656_2850-57580",1,"CHR",78,"CHR-78",0,11,2.981141773,3,-7,"CHR_78_1",1,NA,0,5,"no",17.54,19.51600199,0.471636446,627.6863333,39149.1,27.59028249,0.438703207,611.004,55346.10667,21.03005151,0.436138594,610.6836667,42186.28333,27.85981057,0.44920838,611.004,55886.78,115.8333333,76,75.83333333,76,-0.15853168619773,0.676120600996253,-0.142635901182122,-0.916218419907135,0.146079183071554,16.2,9.142844799,0.560214832,667.427,18340.54667,27.48113161,0.465556814,625.399,55127.15,22.9424111,0.468469624,647.108,46022.47667,30.74621137,0.465611781,608.7603333,61676.9,117.5,87.83333333,NA,87.83333333,-0.206085123318973,-1.32798210392354,0.508120833367745,0.0150687031458652,1.73834162958958
"2850-57656","2850-57581","2850-57656_2850-57581",1,"CHR",78,"CHR-78",0,11,4.449553837,0,-17,"CHR_78_1",1,NA,0,5,"no",17.54,19.51600199,0.471636446,627.6863333,39149.1,27.59028249,0.438703207,611.004,55346.10667,21.03005151,0.436138594,610.6836667,42186.28333,27.85981057,0.44920838,611.004,55886.78,115.8333333,76,75.83333333,76,-0.15853168619773,0.676120600996253,-0.142635901182122,-0.916218419907135,0.146079183071554,15.5,12.5018158,0.557442636,674.1035,25078.6425,18.94245264,0.521103483,641.0916667,37998.56,27.0381655,0.472765016,616.0483333,54238.56,19.62838485,0.524143762,664.102,39374.54,116,82.5,83,82.5,-0.986023198824319,-0.434571614980667,-0.938587554762546,0.734215334884986,-0.659003473806166
"2850-57656","2850-57582","2850-57656_2850-57582",1,"CHR",78,"CHR-78",0,11,6.340425465,1,-9,"CHR_78_1",1,NA,0,5,"no",17.54,19.51600199,0.471636446,627.6863333,39149.1,27.59028249,0.438703207,611.004,55346.10667,21.03005151,0.436138594,610.6836667,42186.28333,27.85981057,0.44920838,611.004,55886.78,115.8333333,76,75.83333333,76,-0.15853168619773,0.676120600996253,-0.142635901182122,-0.916218419907135,0.146079183071554,15.9,NA,NA,NA,NA,28.49882187,0.467628455,626.7313333,57168.63667,24.79582419,0.471185748,627.0583333,49740.42333,10.86734629,0.526212895,643.7406667,21799.89667,118,88.5,86,88.5,-0.108592863332411,NA,0.68054809534039,0.340497342347155,-2.54815265729939
"2850-57656","2850-57589","2850-57656_2850-57589",1,"CHR",78,"CHR-78",0,11,7.791016926,0,-11,"CHR_78_1",1,NA,0,5,"no",17.54,19.51600199,0.471636446,627.6863333,39149.1,27.59028249,0.438703207,611.004,55346.10667,21.03005151,0.436138594,610.6836667,42186.28333,27.85981057,0.44920838,611.004,55886.78,115.8333333,76,75.83333333,76,-0.15853168619773,0.676120600996253,-0.142635901182122,-0.916218419907135,0.146079183071554,17.5,12.65077601,0.531237153,675.7903333,25377.45667,16.92662014,0.501144529,627.3723333,33954.8,19.27879528,0.490091496,643.7406667,38673.26333,19.52571951,0.519492939,627.6863333,39168.59333,119.8333333,97,96.5,97,1.13443344528112,-0.394951560502818,-1.28013005765578,-0.628201551764721,-0.681141276522795
"2850-57656","2850-57620","2850-57656_2850-57620",1,"CHR",78,"CHR-78",0,11,18.19585314,2,-8,"CHR_78_1",1,NA,0,5,"no",17.54,19.51600199,0.471636446,627.6863333,39149.1,27.59028249,0.438703207,611.004,55346.10667,21.03005151,0.436138594,610.6836667,42186.28333,27.85981057,0.44920838,611.004,55886.78,115.8333333,76,75.83333333,76,-0.15853168619773,0.676120600996253,-0.142635901182122,-0.916218419907135,0.146079183071554,18.2,8.903889997,0.510576941,627.6863333,17861.20333,21.60838485,0.492100236,611.004,43346.42,22.72290794,0.464821292,611.004,45582.15333,21.84048023,0.466018925,627.6863333,43812.00333,121,87,84,87,-0.327950447205388,-1.39153868908802,-0.486898657224134,-0.0234724159627646,-0.182007721268793
"2850-57656","2850-57647","2850-57656_2850-57647",1,"CHR",78,"CHR-78",0,11,13.53171341,8,-3,"CHR_78_1",1,NA,0,5,"no",17.54,19.51600199,0.471636446,627.6863333,39149.1,27.59028249,0.438703207,611.004,55346.10667,21.03005151,0.436138594,610.6836667,42186.28333,27.85981057,0.44920838,611.004,55886.78,115.8333333,76,75.83333333,76,-0.15853168619773,0.676120600996253,-0.142635901182122,-0.916218419907135,0.146079183071554,15.8,12.89783981,0.543297932,643.7406667,25873.06667,28.1838767,0.473800388,617.439,56536.85667,25.45478232,0.436115595,638.1653333,51062.29333,20.55910934,0.502370676,626.097,41241.57333,122.1666667,85.83333333,87.33333333,85.83333333,-0.498561901816276,-0.329238164855052,0.627186934809475,0.456199475181733,-0.458310668004767
"2850-57656","2850-57653","2850-57656_2850-57653",1,"CHR",78,"CHR-78",0,11,26.19264283,2,-8,"CHR_78_1",1,NA,0,5,"no",17.54,19.51600199,0.471636446,627.6863333,39149.1,27.59028249,0.438703207,611.004,55346.10667,21.03005151,0.436138594,610.6836667,42186.28333,27.85981057,0.44920838,611.004,55886.78,115.8333333,76,75.83333333,76,-0.15853168619773,0.676120600996253,-0.142635901182122,-0.916218419907135,0.146079183071554,16.37,8.467490861,0.535457505,660.1716667,16985.78667,27.15053506,0.465647634,659.167,54463.97333,21.8547225,0.470898637,665.8,43840.57333,15.40861914,0.497215455,659.167,30909.69,119.3333333,78,76.33333333,78,-1.64409595044325,-1.50761101163916,0.452107859504655,-0.175911398852204,-1.56891465511013
"2850-57656","2850-57669","2850-57656_2850-57669",1,"CHR",78,"CHR-78",0,11,15.37485282,3,-8,"CHR_78_1",1,NA,0,5,"no",17.54,19.51600199,0.471636446,627.6863333,39149.1,27.59028249,0.438703207,611.004,55346.10667,21.03005151,0.436138594,610.6836667,42186.28333,27.85981057,0.44920838,611.004,55886.78,115.8333333,76,75.83333333,76,-0.15853168619773,0.676120600996253,-0.142635901182122,-0.916218419907135,0.146079183071554,17.82,14.07982054,0.504204618,611.004,28244.12,27.72719176,0.47617904,611.004,55620.74667,17.24374875,0.494612283,611.004,34590.96,18.57412762,0.508699718,611.004,37259.7,123.8333333,89.66666667,90,89.66666667,0.0620185912784761,-0.0148579628241403,0.549810804877425,-0.985522014505819,-0.886333735122392
"2850-57656","2850-57671","2850-57656_2850-57671",1,"CHR",78,"CHR-78",0,11,6.528819196,7,-4,"CHR_78_1",1,NA,0,5,"no",17.54,19.51600199,0.471636446,627.6863333,39149.1,27.59028249,0.438703207,611.004,55346.10667,21.03005151,0.436138594,610.6836667,42186.28333,27.85981057,0.44920838,611.004,55886.78,115.8333333,76,75.83333333,76,-0.15853168619773,0.676120600996253,-0.142635901182122,-0.916218419907135,0.146079183071554,17.53,16.28350449,0.48181303,667.733,32664.71,28.84180791,0.479499655,593.4133333,57856.66667,23.68146062,0.459973843,641.034,47505.01,25.7482569,0.475226128,607.0326667,51651.00333,117.8333333,75.83333333,83.16666667,75.83333333,-1.96094579430279,0.571272240341928,0.738660220509044,0.144833557453636,0.660629034048076
"2850-57656","2850-57731","2850-57656_2850-57731",1,"CHR",78,"CHR-78",0,11,12.97113301,0,23,"CHR_78_1",1,NA,0,5,"no",17.54,19.51600199,0.471636446,627.6863333,39149.1,27.59028249,0.438703207,611.004,55346.10667,21.03005151,0.436138594,610.6836667,42186.28333,27.85981057,0.44920838,611.004,55886.78,115.8333333,76,75.83333333,76,-0.15853168619773,0.676120600996253,-0.142635901182122,-0.916218419907135,0.146079183071554,15.9,10.9634214,0.500436597,689.138,21992.62333,23.24545364,0.49159359,611.004,46630.38,18.5751562,0.456752009,611.004,37261.76333,24.60593387,0.474122334,611.004,49359.50333,119,91,92.33333333,91,0.257003109789217,-0.84374981052978,-0.209530090170569,-0.751748919336863,0.414309079555146
"2850-57656","2850-57733","2850-57656_2850-57733",1,"CHR",78,"CHR-78",0,0,5.08098656,0,17,"CHR_78_1",1,NA,0,5,"no",17.54,19.51600199,0.471636446,627.6863333,39149.1,27.59028249,0.438703207,611.004,55346.10667,21.03005151,0.436138594,610.6836667,42186.28333,27.85981057,0.44920838,611.004,55886.78,115.8333333,76,75.83333333,76,-0.15853168619773,0.676120600996253,-0.142635901182122,-0.916218419907135,0.146079183071554,15.66,14.84394317,0.488091858,680.0823333,29776.95,20.45213858,0.480742509,611.004,41026.99,22.3788767,0.481773003,627.3723333,44892.02667,18.61630941,0.474711747,611.004,37344.31667,121.6666667,NA,102,102,1.86562539152438,0.188381413841325,-0.682801464137293,-0.0838786032720019,-0.877238044743787
"2850-57656","2850-57742","2850-57656_2850-57742",1,"CHR",78,"CHR-78",0,11,12.33962681,0,-18,"CHR_78_1",1,NA,0,5,"no",17.54,19.51600199,0.471636446,627.6863333,39149.1,27.59028249,0.438703207,611.004,55346.10667,21.03005151,0.436138594,610.6836667,42186.28333,27.85981057,0.44920838,611.004,55886.78,115.8333333,76,75.83333333,76,-0.15853168619773,0.676120600996253,-0.142635901182122,-0.916218419907135,0.146079183071554,16.98,13.00562645,0.511030769,671.763,26089.28667,26.1463443,0.49002744,625.0783333,52449.56667,26.30566135,0.456120566,609.081,52769.15667,22.8044882,0.51172569,659.167,45745.80333,118,93,92,93,0.54947988828652,-0.300569350889335,0.281967817833205,0.605599739133584,0.0258620257862253
"2850-57656","2850-57744","2850-57656_2850-57744",1,"CHR",78,"CHR-78",1,11,0.08,11,0,"CHR_78_1",1,"wp",2,5,"yes",17.54,19.51600199,0.471636446,627.6863333,39149.1,27.59028249,0.438703207,611.004,55346.10667,21.03005151,0.436138594,610.6836667,42186.28333,27.85981057,0.44920838,611.004,55886.78,115.8333333,76,75.83333333,76,-0.15853168619773,0.676120600996253,-0.142635901182122,-0.916218419907135,0.146079183071554,14.77,24.63866733,0.441897015,611.004,49425.16667,20.45419575,0.491736389,610.6836667,41031.11667,20.25567464,0.470934773,627.6863333,40632.88333,16.45550847,0.489979153,643.7406667,33009.75,116,84.5,NA,84.5,-0.693546420327017,2.79355701620318,-0.682452917821725,-0.456677716898191,-1.34317313948584
"2850-57656","2850-57745","2850-57656_2850-57745",1,"CHR",78,"CHR-78",0,11,25.85191382,0,-13,"CHR_78_1",1,NA,0,5,"no",17.54,19.51600199,0.471636446,627.6863333,39149.1,27.59028249,0.438703207,611.004,55346.10667,21.03005151,0.436138594,610.6836667,42186.28333,27.85981057,0.44920838,611.004,55886.78,115.8333333,76,75.83333333,76,-0.15853168619773,0.676120600996253,-0.142635901182122,-0.916218419907135,0.146079183071554,16.33,11.89491525,0.520998035,667.1156667,23861.2,19.28173812,0.496153459,634.065,38679.16667,21.88407444,0.484884869,657.7393333,43899.45333,26.3850565,0.474305256,645.4026667,52928.42333,118,85,86,85,-0.620427225702691,-0.59599346618265,-0.881102415479132,-0.170757684365318,0.797942599802867
"2850-57656","2850-57806","2850-57656_2850-57806",1,"CHR",78,"CHR-78",0,11,20.46219552,0,-21,"CHR_78_1",1,NA,0,5,"no",17.54,19.51600199,0.471636446,627.6863333,39149.1,27.59028249,0.438703207,611.004,55346.10667,21.03005151,0.436138594,610.6836667,42186.28333,27.85981057,0.44920838,611.004,55886.78,115.8333333,76,75.83333333,76,-0.15853168619773,0.676120600996253,-0.142635901182122,-0.916218419907135,0.146079183071554,15.88,11.25502825,0.516086951,669.4676667,22577.58667,14.26422898,0.518970434,659.167,28614.04333,18.0460319,0.470292612,659.167,36200.34,17.57589232,0.493413321,659.167,35257.24,120.1666667,83.83333333,86,83.83333333,-0.791038680313578,-0.766188968724348,-1.73121899508845,-0.844654382153754,-1.1015839465002
"2850-57656","2850-57808","2850-57656_2850-57808",1,"CHR",78,"CHR-78",0,11,14.27662498,0,-21,"CHR_78_1",1,NA,0,5,"no",17.54,19.51600199,0.471636446,627.6863333,39149.1,27.59028249,0.438703207,611.004,55346.10667,21.03005151,0.436138594,610.6836667,42186.28333,27.85981057,0.44920838,611.004,55886.78,115.8333333,76,75.83333333,76,-0.15853168619773,0.676120600996253,-0.142635901182122,-0.916218419907135,0.146079183071554,17.44,11.46748421,0.514088925,678.7753333,23003.77333,15.37756564,0.515459018,659.167,30847.39667,20.6164008,0.49573159,641.3963333,41356.5,18.7548222,0.472216787,642.151,37622.17333,120.5,NA,100,100,1.57314861302708,-0.709680477568599,-1.54258636344907,-0.393340178166818,-0.847370430038086
"2850-57656","2850-57881","2850-57656_2850-57881",1,"CHR",78,"CHR-78",0,11,16.02301471,0,-16,"CHR_78_1",1,NA,0,5,"no",17.54,19.51600199,0.471636446,627.6863333,39149.1,27.59028249,0.438703207,611.004,55346.10667,21.03005151,0.436138594,610.6836667,42186.28333,27.85981057,0.44920838,611.004,55886.78,115.8333333,76,75.83333333,76,-0.15853168619773,0.676120600996253,-0.142635901182122,-0.916218419907135,0.146079183071554,16.55,11.73463277,0.535560863,644.7453333,23539.67333,21.93833167,0.494146676,611.004,44008.29333,26.56095214,0.438684751,643.7343333,53281.27,31.59365071,0.464706779,610.6836667,63376.86333,119.6666667,84.83333333,85.83333333,84.83333333,-0.644800291064927,-0.638624988986254,-0.430995767115722,0.650424573294177,1.92107559728725
"2850-57663","2850-57557","2850-57663_2850-57557",1,"Cooks",31,"Cooks-31",0,10,8.647836301,0,-14,"Cooks_31_1",1,NA,0,3,"no",15.86,24.7404769,0.437529315,611.004,49629.39667,42.12408774,0.380513034,611.004,84500.92,36.61033234,0.421809375,611.004,73440.32667,37.0324676,0.411131368,611.004,74287.13,115.3333333,67,78.5,67,-2.50546291577705,2.1756704541522,2.25079519903624,1.82405049001424,1.67489794378144,18.25,14.35665503,0.503765598,644.0546667,28799.45,21.70364905,0.515457829,644.0546667,43537.52,15.87132436,0.509334773,611.004,31837.87667,19.32620306,0.47860699,611.004,38768.36333,117,84,83.66666667,84,-0.766665614951342,0.0587737645690167,-0.470758043703853,-1.22649700494595,-0.724163155268066
"2850-57663","2850-57557","2850-57663_2850-57557",2,"Cooks",14,"Cooks-14",0,0,10.34627476,0,-65,"Cooks_14_2",1,NA,0,4,"no",15.86,24.7404769,0.437529315,611.004,49629.39667,42.12408774,0.380513034,611.004,84500.92,36.61033234,0.421809375,611.004,73440.32667,37.0324676,0.411131368,611.004,74287.13,115.3333333,67,78.5,67,-2.50546291577705,2.1756704541522,2.25079519903624,1.82405049001424,1.67489794378144,18.25,14.35665503,0.503765598,644.0546667,28799.45,21.70364905,0.515457829,644.0546667,43537.52,15.87132436,0.509334773,611.004,31837.87667,19.32620306,0.47860699,611.004,38768.36333,117,84,83.66666667,84,-0.766665614951342,0.0587737645690167,-0.470758043703853,-1.22649700494595,-0.724163155268066
"2850-57663","2850-57573","2850-57663_2850-57573",1,"Cooks",31,"Cooks-31",1,10,0.08,10,0,"Cooks_31_1",1,"wp",3,3,"yes",15.86,24.7404769,0.437529315,611.004,49629.39667,42.12408774,0.380513034,611.004,84500.92,36.61033234,0.421809375,611.004,73440.32667,37.0324676,0.411131368,611.004,74287.13,115.3333333,67,78.5,67,-2.50546291577705,2.1756704541522,2.25079519903624,1.82405049001424,1.67489794378144,18.3,12.92033898,0.516923185,659.167,25918.2,24.59975573,0.484233366,625.7763333,49347.11,31.1244234,0.424712746,659.167,62435.59333,21.93607178,0.497268887,659.167,44003.76,117.1666667,87.5,87,87.5,-0.254831252581063,-0.323253893343174,0.019929314562782,1.45169453852141,-0.161395245088646
"2850-57663","2850-57573","2850-57663_2850-57573",2,"Cooks",14,"Cooks-14",1,10,0.08,10,0,"Cooks_14_2",1,"wp",4,4,"yes",15.86,24.7404769,0.437529315,611.004,49629.39667,42.12408774,0.380513034,611.004,84500.92,36.61033234,0.421809375,611.004,73440.32667,37.0324676,0.411131368,611.004,74287.13,115.3333333,67,78.5,67,-2.50546291577705,2.1756704541522,2.25079519903624,1.82405049001424,1.67489794378144,18.3,12.92033898,0.516923185,659.167,25918.2,24.59975573,0.484233366,625.7763333,49347.11,31.1244234,0.424712746,659.167,62435.59333,21.93607178,0.497268887,659.167,44003.76,117.1666667,87.5,87,87.5,-0.254831252581063,-0.323253893343174,0.019929314562782,1.45169453852141,-0.161395245088646
"2850-57663","2850-57574","2850-57663_2850-57574",1,"Cooks",31,"Cooks-31",0,6,4.620338857,6,4,"Cooks_31_1",1,NA,0,3,"no",15.86,24.7404769,0.437529315,611.004,49629.39667,42.12408774,0.380513034,611.004,84500.92,36.61033234,0.421809375,611.004,73440.32667,37.0324676,0.411131368,611.004,74287.13,115.3333333,67,78.5,67,-2.50546291577705,2.1756704541522,2.25079519903624,1.82405049001424,1.67489794378144,18.7,11.90285975,0.492942754,627.3723333,23877.13667,21.77220837,0.49172923,611.004,43675.05,18.26303423,0.465028061,637.359,36635.64667,20.35447823,0.465982626,611.004,40831.08333,121,88,90,88,-0.181712057956737,-0.59388040845536,-0.459142038034007,-0.806552367370094,-0.502435424644784
"2850-57663","2850-57574","2850-57663_2850-57574",2,"Cooks",14,"Cooks-14",0,0,5.793060072,0,-47,"Cooks_14_2",1,NA,0,4,"no",15.86,24.7404769,0.437529315,611.004,49629.39667,42.12408774,0.380513034,611.004,84500.92,36.61033234,0.421809375,611.004,73440.32667,37.0324676,0.411131368,611.004,74287.13,115.3333333,67,78.5,67,-2.50546291577705,2.1756704541522,2.25079519903624,1.82405049001424,1.67489794378144,18.7,11.90285975,0.492942754,627.3723333,23877.13667,21.77220837,0.49172923,611.004,43675.05,18.26303423,0.465028061,637.359,36635.64667,20.35447823,0.465982626,611.004,40831.08333,121,88,90,88,-0.181712057956737,-0.59388040845536,-0.459142038034007,-0.806552367370094,-0.502435424644784
"2850-57663","2850-57633","2850-57663_2850-57633",1,"Cooks",31,"Cooks-31",0,10,8.139134548,5,-6,"Cooks_31_1",1,NA,0,3,"no",15.86,24.7404769,0.437529315,611.004,49629.39667,42.12408774,0.380513034,611.004,84500.92,36.61033234,0.421809375,611.004,73440.32667,37.0324676,0.411131368,611.004,74287.13,115.3333333,67,78.5,67,-2.50546291577705,2.1756704541522,2.25079519903624,1.82405049001424,1.67489794378144,17.94,11.19749917,0.509885343,666.1736667,22462.18333,17.60286474,0.553353548,659.167,35311.34667,16.38984214,0.524913975,659.167,32878.02333,19.65409771,0.49918894,658.7896667,39426.12,121.1666667,89,88.66666667,89,-0.0354736687080858,-0.781490405823964,-1.16555393426655,-1.1354538713577,-0.653458990907066
"2850-57663","2850-57633","2850-57663_2850-57633",2,"Cooks",14,"Cooks-14",0,10,8.134789564,6,4,"Cooks_14_2",1,NA,0,4,"no",15.86,24.7404769,0.437529315,611.004,49629.39667,42.12408774,0.380513034,611.004,84500.92,36.61033234,0.421809375,611.004,73440.32667,37.0324676,0.411131368,611.004,74287.13,115.3333333,67,78.5,67,-2.50546291577705,2.1756704541522,2.25079519903624,1.82405049001424,1.67489794378144,17.94,11.19749917,0.509885343,666.1736667,22462.18333,17.60286474,0.553353548,659.167,35311.34667,16.38984214,0.524913975,659.167,32878.02333,19.65409771,0.49918894,658.7896667,39426.12,121.1666667,89,88.66666667,89,-0.0354736687080858,-0.781490405823964,-1.16555393426655,-1.1354538713577,-0.653458990907066
"2850-57663","2850-57638","2850-57663_2850-57638",1,"Cooks",31,"Cooks-31",0,10,3.850689154,0,-16,"Cooks_31_1",1,NA,0,3,"no",15.86,24.7404769,0.437529315,611.004,49629.39667,42.12408774,0.380513034,611.004,84500.92,36.61033234,0.421809375,611.004,73440.32667,37.0324676,0.411131368,611.004,74287.13,115.3333333,67,78.5,67,-2.50546291577705,2.1756704541522,2.25079519903624,1.82405049001424,1.67489794378144,16.53,10.19052011,0.487622013,670.0956667,20442.18333,18.05735626,0.481711047,627.6863333,36223.05667,18.27628946,0.486914464,611.004,36662.23667,23.08476072,0.442975542,644.3686667,46308.03,122,99,105,99,1.42691022377843,-1.04932411265918,-1.08854943548773,-0.804224968537921,0.0862973952561187
"2850-57663","2850-57638","2850-57663_2850-57638",2,"Cooks",14,"Cooks-14",0,10,5.579861364,0,-17,"Cooks_14_2",1,NA,0,4,"no",15.86,24.7404769,0.437529315,611.004,49629.39667,42.12408774,0.380513034,611.004,84500.92,36.61033234,0.421809375,611.004,73440.32667,37.0324676,0.411131368,611.004,74287.13,115.3333333,67,78.5,67,-2.50546291577705,2.1756704541522,2.25079519903624,1.82405049001424,1.67489794378144,16.53,10.19052011,0.487622013,670.0956667,20442.18333,18.05735626,0.481711047,627.6863333,36223.05667,18.27628946,0.486914464,611.004,36662.23667,23.08476072,0.442975542,644.3686667,46308.03,122,99,105,99,1.42691022377843,-1.04932411265918,-1.08854943548773,-0.804224968537921,0.0862973952561187
"2850-57663","2850-57673","2850-57663_2850-57673",1,"Cooks",31,"Cooks-31",0,7,8.719274267,7,3,"Cooks_31_1",1,NA,0,3,"no",15.86,24.7404769,0.437529315,611.004,49629.39667,42.12408774,0.380513034,611.004,84500.92,36.61033234,0.421809375,611.004,73440.32667,37.0324676,0.411131368,611.004,74287.13,115.3333333,67,78.5,67,-2.50546291577705,2.1756704541522,2.25079519903624,1.82405049001424,1.67489794378144,16.42,10.84304919,0.510941546,631.6946667,21751.15667,23.8083001,0.490864516,611.004,47759.45,25.12981888,0.475219286,611.004,50410.41667,29.45398804,0.462833294,611.004,59084.7,121.1666667,86,86.33333333,86,-0.47418883645404,-0.875766102114083,-0.114167013777566,0.399141277718927,1.45969856324056
"2850-57663","2850-57673","2850-57663_2850-57673",2,"Cooks",14,"Cooks-14",0,10,9.759708096,0,10,"Cooks_14_2",1,NA,0,4,"no",15.86,24.7404769,0.437529315,611.004,49629.39667,42.12408774,0.380513034,611.004,84500.92,36.61033234,0.421809375,611.004,73440.32667,37.0324676,0.411131368,611.004,74287.13,115.3333333,67,78.5,67,-2.50546291577705,2.1756704541522,2.25079519903624,1.82405049001424,1.67489794378144,16.42,10.84304919,0.510941546,631.6946667,21751.15667,23.8083001,0.490864516,611.004,47759.45,25.12981888,0.475219286,611.004,50410.41667,29.45398804,0.462833294,611.004,59084.7,121.1666667,86,86.33333333,86,-0.47418883645404,-0.875766102114083,-0.114167013777566,0.399141277718927,1.45969856324056
"2850-57663","2850-57675","2850-57663_2850-57675",2,"Cooks",14,"Cooks-14",0,10,8.140025438,0,-15,"Cooks_14_2",1,NA,0,4,"no",15.86,24.7404769,0.437529315,611.004,49629.39667,42.12408774,0.380513034,611.004,84500.92,36.61033234,0.421809375,611.004,73440.32667,37.0324676,0.411131368,611.004,74287.13,115.3333333,67,78.5,67,-2.50546291577705,2.1756704541522,2.25079519903624,1.82405049001424,1.67489794378144,16.13,21.83237454,0.479320618,646.7306667,43795.74333,30.69659189,0.449354193,597.0816667,61577.36333,23.809111,0.463668452,633.779,47761.07667,29.3981572,0.45677817,609.081,58972.70333,120.5,87.66666667,90.16666667,87.66666667,-0.230458187218827,2.04714645984995,1.05291627246548,0.167246849817363,1.44765971817928
"2850-57663","2850-57675","2850-57663_2850-57675",1,"Cooks",31,"Cooks-31",0,0,6.497659888,0,36,"Cooks_31_1",1,NA,0,3,"no",15.86,24.7404769,0.437529315,611.004,49629.39667,42.12408774,0.380513034,611.004,84500.92,36.61033234,0.421809375,611.004,73440.32667,37.0324676,0.411131368,611.004,74287.13,115.3333333,67,78.5,67,-2.50546291577705,2.1756704541522,2.25079519903624,1.82405049001424,1.67489794378144,16.13,21.83237454,0.479320618,646.7306667,43795.74333,30.69659189,0.449354193,597.0816667,61577.36333,23.809111,0.463668452,633.779,47761.07667,29.3981572,0.45677817,609.081,58972.70333,120.5,87.66666667,90.16666667,87.66666667,-0.230458187218827,2.04714645984995,1.05291627246548,0.167246849817363,1.44765971817928
"2850-57663","2850-57676","2850-57663_2850-57676",2,"Cooks",14,"Cooks-14",0,10,6.874469106,0,-31,"Cooks_14_2",1,NA,0,4,"no",15.86,24.7404769,0.437529315,611.004,49629.39667,42.12408774,0.380513034,611.004,84500.92,36.61033234,0.421809375,611.004,73440.32667,37.0324676,0.411131368,611.004,74287.13,115.3333333,67,78.5,67,-2.50546291577705,2.1756704541522,2.25079519903624,1.82405049001424,1.67489794378144,15.04,12.13272848,0.48765255,653.7273333,24338.25333,11.56205716,0.497269884,644.0546667,23193.48667,29.82227983,0.475489058,611.004,59823.49333,24.87789963,0.471451969,611.004,49905.06667,115.1666667,74.16666667,71.5,74.16666667,-2.20467644207562,-0.532740513409871,-2.18904796979264,1.22305969596194,0.472953256261305
"2850-57663","2850-57676","2850-57663_2850-57676",1,"Cooks",31,"Cooks-31",0,0,5.537764717,0,20,"Cooks_31_1",1,NA,0,3,"no",15.86,24.7404769,0.437529315,611.004,49629.39667,42.12408774,0.380513034,611.004,84500.92,36.61033234,0.421809375,611.004,73440.32667,37.0324676,0.411131368,611.004,74287.13,115.3333333,67,78.5,67,-2.50546291577705,2.1756704541522,2.25079519903624,1.82405049001424,1.67489794378144,15.04,12.13272848,0.48765255,653.7273333,24338.25333,11.56205716,0.497269884,644.0546667,23193.48667,29.82227983,0.475489058,611.004,59823.49333,24.87789963,0.471451969,611.004,49905.06667,115.1666667,74.16666667,71.5,74.16666667,-2.20467644207562,-0.532740513409871,-2.18904796979264,1.22305969596194,0.472953256261305
"2850-57663","2870-64915","2850-57663_2870-64915",2,"Cooks",14,"Cooks-14",0,10,7.939188645,0,-13,"Cooks_14_2",1,NA,0,4,"no",15.86,24.7404769,0.437529315,611.004,49629.39667,42.12408774,0.380513034,611.004,84500.92,36.61033234,0.421809375,611.004,73440.32667,37.0324676,0.411131368,611.004,74287.13,115.3333333,67,78.5,67,-2.50546291577705,2.1756704541522,2.25079519903624,1.82405049001424,1.67489794378144,16.13,17.296557,0.511786214,611.004,34696.89333,40.0972898,0.40323729,627.0583333,80435.16333,37.77161349,0.386328777,611.004,75769.85667,30.36117979,0.457614333,611.004,60904.52667,119.8333333,92.5,91.66666667,92.5,0.476360693662194,0.840721347825874,2.64567653063407,2.61883101617572,1.65531698702071
"2850-57663","2870-64915","2850-57663_2870-64915",1,"Cooks",31,"Cooks-31",0,0,6.161790483,0,38,"Cooks_31_1",1,NA,0,3,"no",15.86,24.7404769,0.437529315,611.004,49629.39667,42.12408774,0.380513034,611.004,84500.92,36.61033234,0.421809375,611.004,73440.32667,37.0324676,0.411131368,611.004,74287.13,115.3333333,67,78.5,67,-2.50546291577705,2.1756704541522,2.25079519903624,1.82405049001424,1.67489794378144,16.13,17.296557,0.511786214,611.004,34696.89333,40.0972898,0.40323729,627.0583333,80435.16333,37.77161349,0.386328777,611.004,75769.85667,30.36117979,0.457614333,611.004,60904.52667,119.8333333,92.5,91.66666667,92.5,0.476360693662194,0.840721347825874,2.64567653063407,2.61883101617572,1.65531698702071
"2850-57664","2850-57557","2850-57664_2850-57557",1,"Cooks",27,"Cooks-27",0,9,4.584727007,0,-34,"Cooks_27_1",1,NA,0,3,"no",20.15,14.39181954,0.510762963,611.004,28869.99,20.95414423,0.465707742,610.6836667,42034.01333,25.09655866,0.438692358,611.004,50343.69667,29.02535726,0.435062902,611.004,58224.86667,114.5,74,74,74,-0.680071959437579,-0.794642905922718,-1.23547699982234,-0.200998762655426,0.340342376421901,18.25,14.35665503,0.503765598,644.0546667,28799.45,21.70364905,0.515457829,644.0546667,43537.52,15.87132436,0.509334773,611.004,31837.87667,19.32620306,0.47860699,611.004,38768.36333,117,84,83.66666667,84,-0.766665614951342,0.0587737645690167,-0.470758043703853,-1.22649700494595,-0.724163155268066
"2850-57664","2850-57573","2850-57664_2850-57573",1,"Cooks",27,"Cooks-27",0,10,5.537764717,0,-20,"Cooks_27_1",1,NA,0,3,"no",20.15,14.39181954,0.510762963,611.004,28869.99,20.95414423,0.465707742,610.6836667,42034.01333,25.09655866,0.438692358,611.004,50343.69667,29.02535726,0.435062902,611.004,58224.86667,114.5,74,74,74,-0.680071959437579,-0.794642905922718,-1.23547699982234,-0.200998762655426,0.340342376421901,18.3,12.92033898,0.516923185,659.167,25918.2,24.59975573,0.484233366,625.7763333,49347.11,31.1244234,0.424712746,659.167,62435.59333,21.93607178,0.497268887,659.167,44003.76,117.1666667,87.5,87,87.5,-0.254831252581063,-0.323253893343174,0.019929314562782,1.45169453852141,-0.161395245088646
"2850-57664","2850-57574","2850-57664_2850-57574",1,"Cooks",27,"Cooks-27",0,10,1.247039631,0,-16,"Cooks_27_1",1,NA,0,3,"no",20.15,14.39181954,0.510762963,611.004,28869.99,20.95414423,0.465707742,610.6836667,42034.01333,25.09655866,0.438692358,611.004,50343.69667,29.02535726,0.435062902,611.004,58224.86667,114.5,74,74,74,-0.680071959437579,-0.794642905922718,-1.23547699982234,-0.200998762655426,0.340342376421901,18.7,11.90285975,0.492942754,627.3723333,23877.13667,21.77220837,0.49172923,611.004,43675.05,18.26303423,0.465028061,637.359,36635.64667,20.35447823,0.465982626,611.004,40831.08333,121,88,90,88,-0.181712057956737,-0.59388040845536,-0.459142038034007,-0.806552367370094,-0.502435424644784
"2850-57664","2850-57633","2850-57664_2850-57633",1,"Cooks",27,"Cooks-27",0,10,3.391521836,0,18,"Cooks_27_1",1,NA,0,3,"no",20.15,14.39181954,0.510762963,611.004,28869.99,20.95414423,0.465707742,610.6836667,42034.01333,25.09655866,0.438692358,611.004,50343.69667,29.02535726,0.435062902,611.004,58224.86667,114.5,74,74,74,-0.680071959437579,-0.794642905922718,-1.23547699982234,-0.200998762655426,0.340342376421901,17.94,11.19749917,0.509885343,666.1736667,22462.18333,17.60286474,0.553353548,659.167,35311.34667,16.38984214,0.524913975,659.167,32878.02333,19.65409771,0.49918894,658.7896667,39426.12,121.1666667,89,88.66666667,89,-0.0354736687080858,-0.781490405823964,-1.16555393426655,-1.1354538713577,-0.653458990907066
"2850-57664","2850-57638","2850-57664_2850-57638",1,"Cooks",27,"Cooks-27",0,10,3.888416622,0,14,"Cooks_27_1",1,NA,0,3,"no",20.15,14.39181954,0.510762963,611.004,28869.99,20.95414423,0.465707742,610.6836667,42034.01333,25.09655866,0.438692358,611.004,50343.69667,29.02535726,0.435062902,611.004,58224.86667,114.5,74,74,74,-0.680071959437579,-0.794642905922718,-1.23547699982234,-0.200998762655426,0.340342376421901,16.53,10.19052011,0.487622013,670.0956667,20442.18333,18.05735626,0.481711047,627.6863333,36223.05667,18.27628946,0.486914464,611.004,36662.23667,23.08476072,0.442975542,644.3686667,46308.03,122,99,105,99,1.42691022377843,-1.04932411265918,-1.08854943548773,-0.804224968537921,0.0862973952561187
"2850-57664","2850-57673","2850-57664_2850-57673",1,"Cooks",27,"Cooks-27",0,10,3.487716211,0,-17,"Cooks_27_1",1,"ep_same",1,3,"yes",20.15,14.39181954,0.510762963,611.004,28869.99,20.95414423,0.465707742,610.6836667,42034.01333,25.09655866,0.438692358,611.004,50343.69667,29.02535726,0.435062902,611.004,58224.86667,114.5,74,74,74,-0.680071959437579,-0.794642905922718,-1.23547699982234,-0.200998762655426,0.340342376421901,16.42,10.84304919,0.510941546,631.6946667,21751.15667,23.8083001,0.490864516,611.004,47759.45,25.12981888,0.475219286,611.004,50410.41667,29.45398804,0.462833294,611.004,59084.7,121.1666667,86,86.33333333,86,-0.47418883645404,-0.875766102114083,-0.114167013777566,0.399141277718927,1.45969856324056
"2850-57664","2850-57676","2850-57664_2850-57676",1,"Cooks",27,"Cooks-27",1,10,0.08,10,0,"Cooks_27_1",1,"wp",2,3,"yes",20.15,14.39181954,0.510762963,611.004,28869.99,20.95414423,0.465707742,610.6836667,42034.01333,25.09655866,0.438692358,611.004,50343.69667,29.02535726,0.435062902,611.004,58224.86667,114.5,74,74,74,-0.680071959437579,-0.794642905922718,-1.23547699982234,-0.200998762655426,0.340342376421901,15.04,12.13272848,0.48765255,653.7273333,24338.25333,11.56205716,0.497269884,644.0546667,23193.48667,29.82227983,0.475489058,611.004,59823.49333,24.87789963,0.471451969,611.004,49905.06667,115.1666667,74.16666667,71.5,74.16666667,-2.20467644207562,-0.532740513409871,-2.18904796979264,1.22305969596194,0.472953256261305
"2850-57670","2640-97588","2850-57670_2640-97588",1,"CHR",73,"CHR-73",0,11,28.19081952,0,-21,"CHR_73_1",1,NA,0,5,"no",18.2,19.57938518,0.470545396,598.0346667,39276.24667,27.12702227,0.458456098,634.4516667,54416.80667,24.27453971,0.4589917,618.3906667,48694.72667,21.16678132,0.479551687,604.4223333,42460.56333,118.8333333,NA,80,80,0.884548860281968,0.694313099743855,-0.218925723356669,-0.345575936624839,-0.969456767952663,18.7,11.85018943,0.544837496,653.7273333,23771.48,14.45612662,0.507893605,610.6836667,28998.99,21.21705716,0.471668493,610.6836667,42561.41667,27.50362745,0.462396686,637.0386667,55172.27667,119,87,85,87,-0.327950447205388,-0.607889525035993,-1.69870577771304,-0.287874870450448,1.03914087582914
"2850-57670","2640-97589","2850-57670_2640-97589",1,"CHR",73,"CHR-73",0,11,16.60764839,0,-19,"CHR_73_1",1,NA,0,5,"no",18.2,19.57938518,0.470545396,598.0346667,39276.24667,27.12702227,0.458456098,634.4516667,54416.80667,24.27453971,0.4589917,618.3906667,48694.72667,21.16678132,0.479551687,604.4223333,42460.56333,118.8333333,NA,80,80,0.884548860281968,0.694313099743855,-0.218925723356669,-0.345575936624839,-0.969456767952663,16.1,11.8153556,0.523609389,681.183,23701.60333,16.91354271,0.528785659,657.7393333,33928.56667,18.6526321,0.480672665,627.3723333,37417.18,20.65218677,0.48363622,650.113,41428.28667,119,99.66666667,98,99.66666667,1.52440248376499,-0.617154537768401,-1.28234576663637,-0.738145434585443,-0.438240313367936
"2850-57670","2811-83208","2850-57670_2811-83208",1,"CHR",73,"CHR-73",0,11,4.473367138,6,-4,"CHR_73_1",1,NA,0,5,"no",18.2,19.57938518,0.470545396,598.0346667,39276.24667,27.12702227,0.458456098,634.4516667,54416.80667,24.27453971,0.4589917,618.3906667,48694.72667,21.16678132,0.479551687,604.4223333,42460.56333,118.8333333,NA,80,80,0.884548860281968,0.694313099743855,-0.218925723356669,-0.345575936624839,-0.969456767952663,16.9,18.73416916,0.484585352,611.004,37580.74333,21.00459455,0.486882121,610.6836667,42135.21667,26.39878531,0.450512144,610.6836667,52955.96333,23.23742606,0.475660646,611.004,46614.27667,118,87,89.5,87,-0.327950447205388,1.22309374175052,-0.589198848477454,0.621950764031026,0.119216734719535
"2850-57670","2850-57567","2850-57670_2850-57567",1,"CHR",73,"CHR-73",0,11,24.92060744,5,-6,"CHR_73_1",1,NA,0,5,"no",18.2,19.57938518,0.470545396,598.0346667,39276.24667,27.12702227,0.458456098,634.4516667,54416.80667,24.27453971,0.4589917,618.3906667,48694.72667,21.16678132,0.479551687,604.4223333,42460.56333,118.8333333,NA,80,80,0.884548860281968,0.694313099743855,-0.218925723356669,-0.345575936624839,-0.969456767952663,16.6,10.56012296,0.52180729,667.1156667,21183.60667,26.35612994,0.49271154,611.3883333,52870.39667,22.28285809,0.48721335,606.0566667,44699.41333,16.73888169,0.511359264,628.0706667,33578.19667,121.5,102.1666667,102.5,102.1666667,1.88999846127377,-0.951018094883241,0.317511799070068,-0.100737880763292,-1.28206916379613
"2850-57670","2850-57570","2850-57670_2850-57570",1,"CHR",73,"CHR-73",0,5,22.16538088,5,6,"CHR_73_1",1,NA,0,5,"no",18.2,19.57938518,0.470545396,598.0346667,39276.24667,27.12702227,0.458456098,634.4516667,54416.80667,24.27453971,0.4589917,618.3906667,48694.72667,21.16678132,0.479551687,604.4223333,42460.56333,118.8333333,NA,80,80,0.884548860281968,0.694313099743855,-0.218925723356669,-0.345575936624839,-0.969456767952663,16.51,16.84077767,0.501161039,611.004,33782.6,23.06811898,0.49586693,611.004,46274.64667,25.67366733,0.443766873,611.004,51501.37667,19.07592556,0.494641169,627.6863333,38266.30667,121.5,90,NA,90,0.110764720540566,0.719494330997171,-0.239575901827104,0.494632057389222,-0.778130676530947
"2850-57670","2850-57577","2850-57670_2850-57577",1,"CHR",73,"CHR-73",0,5,28.42927924,5,6,"CHR_73_1",1,"ep_same",1,5,"yes",18.2,19.57938518,0.470545396,598.0346667,39276.24667,27.12702227,0.458456098,634.4516667,54416.80667,24.27453971,0.4589917,618.3906667,48694.72667,21.16678132,0.479551687,604.4223333,42460.56333,118.8333333,NA,80,80,0.884548860281968,0.694313099743855,-0.218925723356669,-0.345575936624839,-0.969456767952663,18.2,20.92472416,0.512057073,676.164,41974.99667,28.83623131,0.475799583,625.399,57845.48,28.80829345,0.443602398,627.1216667,57789.43667,29.54534563,0.455136562,636.0576667,59267.96333,119,90.83333333,91.16666667,90.83333333,0.232630044426981,1.80573194047972,0.737715377164354,1.04502048301344,1.47939806751422
"2850-57670","2850-57578","2850-57670_2850-57578",1,"CHR",73,"CHR-73",0,9,18.36382867,9,2,"CHR_73_1",1,NA,0,5,"no",18.2,19.57938518,0.470545396,598.0346667,39276.24667,27.12702227,0.458456098,634.4516667,54416.80667,24.27453971,0.4589917,618.3906667,48694.72667,21.16678132,0.479551687,604.4223333,42460.56333,118.8333333,NA,80,80,0.884548860281968,0.694313099743855,-0.218925723356669,-0.345575936624839,-0.969456767952663,17.2,10.81633932,0.556799001,678.4426667,21697.57667,15.67680791,0.517385329,657.4626667,31447.67667,20.72179628,0.496782872,642.7923333,41567.92333,11.67128448,0.547842632,659.167,23412.59667,119,91.5,91.5,91.5,0.330122304413543,-0.882870324808829,-1.49188574528399,-0.374834477619313,-2.37479887454678
"2850-57670","2850-57579","2850-57670_2850-57579",1,"CHR",73,"CHR-73",0,11,10.8143011,0,-11,"CHR_73_1",1,NA,0,5,"no",18.2,19.57938518,0.470545396,598.0346667,39276.24667,27.12702227,0.458456098,634.4516667,54416.80667,24.27453971,0.4589917,618.3906667,48694.72667,21.16678132,0.479551687,604.4223333,42460.56333,118.8333333,NA,80,80,0.884548860281968,0.694313099743855,-0.218925723356669,-0.345575936624839,-0.969456767952663,16.3,11.31949153,0.533256519,660.737,22706.9,24.77905949,0.48852106,617.005,49706.79333,18.07848455,0.49353373,627.3723333,36265.44,24.4043104,0.499147361,611.004,48955.04667,118.5,93.5,92,93.5,0.622599082910845,-0.749043190899379,0.0503087508346794,-0.838956234350139,0.37083286253875
"2850-57670","2850-57580","2850-57670_2850-57580",1,"CHR",73,"CHR-73",0,11,5.852811652,7,-3,"CHR_73_1",1,NA,0,5,"no",18.2,19.57938518,0.470545396,598.0346667,39276.24667,27.12702227,0.458456098,634.4516667,54416.80667,24.27453971,0.4589917,618.3906667,48694.72667,21.16678132,0.479551687,604.4223333,42460.56333,118.8333333,NA,80,80,0.884548860281968,0.694313099743855,-0.218925723356669,-0.345575936624839,-0.969456767952663,16.2,9.142844799,0.560214832,667.427,18340.54667,27.48113161,0.465556814,625.399,55127.15,22.9424111,0.468469624,647.108,46022.47667,30.74621137,0.465611781,608.7603333,61676.9,117.5,87.83333333,NA,87.83333333,-0.206085123318973,-1.32798210392354,0.508120833367745,0.0150687031458652,1.73834162958958
"2850-57670","2850-57581","2850-57670_2850-57581",1,"CHR",73,"CHR-73",0,11,10.62077385,0,-13,"CHR_73_1",1,NA,0,5,"no",18.2,19.57938518,0.470545396,598.0346667,39276.24667,27.12702227,0.458456098,634.4516667,54416.80667,24.27453971,0.4589917,618.3906667,48694.72667,21.16678132,0.479551687,604.4223333,42460.56333,118.8333333,NA,80,80,0.884548860281968,0.694313099743855,-0.218925723356669,-0.345575936624839,-0.969456767952663,15.5,12.5018158,0.557442636,674.1035,25078.6425,18.94245264,0.521103483,641.0916667,37998.56,27.0381655,0.472765016,616.0483333,54238.56,19.62838485,0.524143762,664.102,39374.54,116,82.5,83,82.5,-0.986023198824319,-0.434571614980667,-0.938587554762546,0.734215334884986,-0.659003473806166
"2850-57670","2850-57582","2850-57670_2850-57582",1,"CHR",73,"CHR-73",0,11,2.942554498,5,-5,"CHR_73_1",1,NA,0,5,"no",18.2,19.57938518,0.470545396,598.0346667,39276.24667,27.12702227,0.458456098,634.4516667,54416.80667,24.27453971,0.4589917,618.3906667,48694.72667,21.16678132,0.479551687,604.4223333,42460.56333,118.8333333,NA,80,80,0.884548860281968,0.694313099743855,-0.218925723356669,-0.345575936624839,-0.969456767952663,15.9,NA,NA,NA,NA,28.49882187,0.467628455,626.7313333,57168.63667,24.79582419,0.471185748,627.0583333,49740.42333,10.86734629,0.526212895,643.7406667,21799.89667,118,88.5,86,88.5,-0.108592863332411,NA,0.68054809534039,0.340497342347155,-2.54815265729939
"2850-57670","2850-57589","2850-57670_2850-57589",1,"CHR",73,"CHR-73",0,11,11.61683212,4,-7,"CHR_73_1",1,NA,0,5,"no",18.2,19.57938518,0.470545396,598.0346667,39276.24667,27.12702227,0.458456098,634.4516667,54416.80667,24.27453971,0.4589917,618.3906667,48694.72667,21.16678132,0.479551687,604.4223333,42460.56333,118.8333333,NA,80,80,0.884548860281968,0.694313099743855,-0.218925723356669,-0.345575936624839,-0.969456767952663,17.5,12.65077601,0.531237153,675.7903333,25377.45667,16.92662014,0.501144529,627.3723333,33954.8,19.27879528,0.490091496,643.7406667,38673.26333,19.52571951,0.519492939,627.6863333,39168.59333,119.8333333,97,96.5,97,1.13443344528112,-0.394951560502818,-1.28013005765578,-0.628201551764721,-0.681141276522795
"2850-57670","2850-57620","2850-57670_2850-57620",1,"CHR",73,"CHR-73",0,11,21.04846256,6,-4,"CHR_73_1",1,NA,0,5,"no",18.2,19.57938518,0.470545396,598.0346667,39276.24667,27.12702227,0.458456098,634.4516667,54416.80667,24.27453971,0.4589917,618.3906667,48694.72667,21.16678132,0.479551687,604.4223333,42460.56333,118.8333333,NA,80,80,0.884548860281968,0.694313099743855,-0.218925723356669,-0.345575936624839,-0.969456767952663,18.2,8.903889997,0.510576941,627.6863333,17861.20333,21.60838485,0.492100236,611.004,43346.42,22.72290794,0.464821292,611.004,45582.15333,21.84048023,0.466018925,627.6863333,43812.00333,121,87,84,87,-0.327950447205388,-1.39153868908802,-0.486898657224134,-0.0234724159627646,-0.182007721268793
"2850-57670","2850-57647","2850-57670_2850-57647",1,"CHR",73,"CHR-73",0,10,16.72153987,10,1,"CHR_73_1",1,NA,0,5,"no",18.2,19.57938518,0.470545396,598.0346667,39276.24667,27.12702227,0.458456098,634.4516667,54416.80667,24.27453971,0.4589917,618.3906667,48694.72667,21.16678132,0.479551687,604.4223333,42460.56333,118.8333333,NA,80,80,0.884548860281968,0.694313099743855,-0.218925723356669,-0.345575936624839,-0.969456767952663,15.8,12.89783981,0.543297932,643.7406667,25873.06667,28.1838767,0.473800388,617.439,56536.85667,25.45478232,0.436115595,638.1653333,51062.29333,20.55910934,0.502370676,626.097,41241.57333,122.1666667,85.83333333,87.33333333,85.83333333,-0.498561901816276,-0.329238164855052,0.627186934809475,0.456199475181733,-0.458310668004767
"2850-57670","2850-57653","2850-57670_2850-57653",1,"CHR",73,"CHR-73",0,11,29.12985901,6,-4,"CHR_73_1",1,NA,0,5,"no",18.2,19.57938518,0.470545396,598.0346667,39276.24667,27.12702227,0.458456098,634.4516667,54416.80667,24.27453971,0.4589917,618.3906667,48694.72667,21.16678132,0.479551687,604.4223333,42460.56333,118.8333333,NA,80,80,0.884548860281968,0.694313099743855,-0.218925723356669,-0.345575936624839,-0.969456767952663,16.37,8.467490861,0.535457505,660.1716667,16985.78667,27.15053506,0.465647634,659.167,54463.97333,21.8547225,0.470898637,665.8,43840.57333,15.40861914,0.497215455,659.167,30909.69,119.3333333,78,76.33333333,78,-1.64409595044325,-1.50761101163916,0.452107859504655,-0.175911398852204,-1.56891465511013
"2850-57670","2850-57669","2850-57670_2850-57669",1,"CHR",73,"CHR-73",0,11,18.43761329,7,-4,"CHR_73_1",1,NA,0,5,"no",18.2,19.57938518,0.470545396,598.0346667,39276.24667,27.12702227,0.458456098,634.4516667,54416.80667,24.27453971,0.4589917,618.3906667,48694.72667,21.16678132,0.479551687,604.4223333,42460.56333,118.8333333,NA,80,80,0.884548860281968,0.694313099743855,-0.218925723356669,-0.345575936624839,-0.969456767952663,17.82,14.07982054,0.504204618,611.004,28244.12,27.72719176,0.47617904,611.004,55620.74667,17.24374875,0.494612283,611.004,34590.96,18.57412762,0.508699718,611.004,37259.7,123.8333333,89.66666667,90,89.66666667,0.0620185912784761,-0.0148579628241403,0.549810804877425,-0.985522014505819,-0.886333735122392
"2850-57670","2850-57671","2850-57670_2850-57671",1,"CHR",73,"CHR-73",1,11,0.08,11,0,"CHR_73_1",1,"wp",4,5,"yes",18.2,19.57938518,0.470545396,598.0346667,39276.24667,27.12702227,0.458456098,634.4516667,54416.80667,24.27453971,0.4589917,618.3906667,48694.72667,21.16678132,0.479551687,604.4223333,42460.56333,118.8333333,NA,80,80,0.884548860281968,0.694313099743855,-0.218925723356669,-0.345575936624839,-0.969456767952663,17.53,16.28350449,0.48181303,667.733,32664.71,28.84180791,0.479499655,593.4133333,57856.66667,23.68146062,0.459973843,641.034,47505.01,25.7482569,0.475226128,607.0326667,51651.00333,117.8333333,75.83333333,83.16666667,75.83333333,-1.96094579430279,0.571272240341928,0.738660220509044,0.144833557453636,0.660629034048076
"2850-57670","2850-57731","2850-57670_2850-57731",1,"CHR",73,"CHR-73",0,11,15.5412171,0,-22,"CHR_73_1",1,NA,0,5,"no",18.2,19.57938518,0.470545396,598.0346667,39276.24667,27.12702227,0.458456098,634.4516667,54416.80667,24.27453971,0.4589917,618.3906667,48694.72667,21.16678132,0.479551687,604.4223333,42460.56333,118.8333333,NA,80,80,0.884548860281968,0.694313099743855,-0.218925723356669,-0.345575936624839,-0.969456767952663,15.9,10.9634214,0.500436597,689.138,21992.62333,23.24545364,0.49159359,611.004,46630.38,18.5751562,0.456752009,611.004,37261.76333,24.60593387,0.474122334,611.004,49359.50333,119,91,92.33333333,91,0.257003109789217,-0.84374981052978,-0.209530090170569,-0.751748919336863,0.414309079555146
"2850-57670","2850-57742","2850-57670_2850-57742",1,"CHR",73,"CHR-73",0,11,16.6309399,0,-14,"CHR_73_1",1,NA,0,5,"no",18.2,19.57938518,0.470545396,598.0346667,39276.24667,27.12702227,0.458456098,634.4516667,54416.80667,24.27453971,0.4589917,618.3906667,48694.72667,21.16678132,0.479551687,604.4223333,42460.56333,118.8333333,NA,80,80,0.884548860281968,0.694313099743855,-0.218925723356669,-0.345575936624839,-0.969456767952663,16.98,13.00562645,0.511030769,671.763,26089.28667,26.1463443,0.49002744,625.0783333,52449.56667,26.30566135,0.456120566,609.081,52769.15667,22.8044882,0.51172569,659.167,45745.80333,118,93,92,93,0.54947988828652,-0.300569350889335,0.281967817833205,0.605599739133584,0.0258620257862253
"2850-57670","2850-57744","2850-57670_2850-57744",1,"CHR",73,"CHR-73",0,7,6.528819196,7,4,"CHR_73_1",1,NA,0,5,"no",18.2,19.57938518,0.470545396,598.0346667,39276.24667,27.12702227,0.458456098,634.4516667,54416.80667,24.27453971,0.4589917,618.3906667,48694.72667,21.16678132,0.479551687,604.4223333,42460.56333,118.8333333,NA,80,80,0.884548860281968,0.694313099743855,-0.218925723356669,-0.345575936624839,-0.969456767952663,14.77,24.63866733,0.441897015,611.004,49425.16667,20.45419575,0.491736389,610.6836667,41031.11667,20.25567464,0.470934773,627.6863333,40632.88333,16.45550847,0.489979153,643.7406667,33009.75,116,84.5,NA,84.5,-0.693546420327017,2.79355701620318,-0.682452917821725,-0.456677716898191,-1.34317313948584
"2850-57670","2850-57745","2850-57670_2850-57745",1,"CHR",73,"CHR-73",0,11,28.03015619,2,-9,"CHR_73_1",1,NA,0,5,"no",18.2,19.57938518,0.470545396,598.0346667,39276.24667,27.12702227,0.458456098,634.4516667,54416.80667,24.27453971,0.4589917,618.3906667,48694.72667,21.16678132,0.479551687,604.4223333,42460.56333,118.8333333,NA,80,80,0.884548860281968,0.694313099743855,-0.218925723356669,-0.345575936624839,-0.969456767952663,16.33,11.89491525,0.520998035,667.1156667,23861.2,19.28173812,0.496153459,634.065,38679.16667,21.88407444,0.484884869,657.7393333,43899.45333,26.3850565,0.474305256,645.4026667,52928.42333,118,85,86,85,-0.620427225702691,-0.59599346618265,-0.881102415479132,-0.170757684365318,0.797942599802867
"2850-57670","2850-57806","2850-57670_2850-57806",1,"CHR",73,"CHR-73",0,11,22.64758752,0,-17,"CHR_73_1",1,NA,0,5,"no",18.2,19.57938518,0.470545396,598.0346667,39276.24667,27.12702227,0.458456098,634.4516667,54416.80667,24.27453971,0.4589917,618.3906667,48694.72667,21.16678132,0.479551687,604.4223333,42460.56333,118.8333333,NA,80,80,0.884548860281968,0.694313099743855,-0.218925723356669,-0.345575936624839,-0.969456767952663,15.88,11.25502825,0.516086951,669.4676667,22577.58667,14.26422898,0.518970434,659.167,28614.04333,18.0460319,0.470292612,659.167,36200.34,17.57589232,0.493413321,659.167,35257.24,120.1666667,83.83333333,86,83.83333333,-0.791038680313578,-0.766188968724348,-1.73121899508845,-0.844654382153754,-1.1015839465002
"2850-57670","2850-57808","2850-57670_2850-57808",1,"CHR",73,"CHR-73",0,11,16.04915093,0,-17,"CHR_73_1",1,NA,0,5,"no",18.2,19.57938518,0.470545396,598.0346667,39276.24667,27.12702227,0.458456098,634.4516667,54416.80667,24.27453971,0.4589917,618.3906667,48694.72667,21.16678132,0.479551687,604.4223333,42460.56333,118.8333333,NA,80,80,0.884548860281968,0.694313099743855,-0.218925723356669,-0.345575936624839,-0.969456767952663,17.44,11.46748421,0.514088925,678.7753333,23003.77333,15.37756564,0.515459018,659.167,30847.39667,20.6164008,0.49573159,641.3963333,41356.5,18.7548222,0.472216787,642.151,37622.17333,120.5,NA,100,100,1.57314861302708,-0.709680477568599,-1.54258636344907,-0.393340178166818,-0.847370430038086
"2850-57670","2850-57881","2850-57670_2850-57881",1,"CHR",73,"CHR-73",0,11,16.66597055,0,-12,"CHR_73_1",1,NA,0,5,"no",18.2,19.57938518,0.470545396,598.0346667,39276.24667,27.12702227,0.458456098,634.4516667,54416.80667,24.27453971,0.4589917,618.3906667,48694.72667,21.16678132,0.479551687,604.4223333,42460.56333,118.8333333,NA,80,80,0.884548860281968,0.694313099743855,-0.218925723356669,-0.345575936624839,-0.969456767952663,16.55,11.73463277,0.535560863,644.7453333,23539.67333,21.93833167,0.494146676,611.004,44008.29333,26.56095214,0.438684751,643.7343333,53281.27,31.59365071,0.464706779,610.6836667,63376.86333,119.6666667,84.83333333,85.83333333,84.83333333,-0.644800291064927,-0.638624988986254,-0.430995767115722,0.650424573294177,1.92107559728725
"2850-57672","2850-57557","2850-57672_2850-57557",1,"Cooks",17,"Cooks-17",0,10,5.936969751,0,-17,"Cooks_17_1",1,NA,0,4,"no",15.52,13.89017614,0.538874579,611.004,27863.69333,35.84661682,0.403076843,611.004,71908.31333,35.58468594,0.423710215,621.6993333,71382.88,44.24337488,0.411525886,611.004,88752.21,119.8333333,77.83333333,78,77.83333333,0.319546896736232,-0.938626617159767,1.21701953793439,1.64365920097656,2.87674930433574,18.25,14.35665503,0.503765598,644.0546667,28799.45,21.70364905,0.515457829,644.0546667,43537.52,15.87132436,0.509334773,611.004,31837.87667,19.32620306,0.47860699,611.004,38768.36333,117,84,83.66666667,84,-0.766665614951342,0.0587737645690167,-0.470758043703853,-1.22649700494595,-0.724163155268066
"2850-57672","2850-57573","2850-57672_2850-57573",1,"Cooks",17,"Cooks-17",0,10,8.719274267,7,-3,"Cooks_17_1",1,NA,0,4,"no",15.52,13.89017614,0.538874579,611.004,27863.69333,35.84661682,0.403076843,611.004,71908.31333,35.58468594,0.423710215,621.6993333,71382.88,44.24337488,0.411525886,611.004,88752.21,119.8333333,77.83333333,78,77.83333333,0.319546896736232,-0.938626617159767,1.21701953793439,1.64365920097656,2.87674930433574,18.3,12.92033898,0.516923185,659.167,25918.2,24.59975573,0.484233366,625.7763333,49347.11,31.1244234,0.424712746,659.167,62435.59333,21.93607178,0.497268887,659.167,44003.76,117.1666667,87.5,87,87.5,-0.254831252581063,-0.323253893343174,0.019929314562782,1.45169453852141,-0.161395245088646
"2850-57672","2850-57574","2850-57672_2850-57574",1,"Cooks",17,"Cooks-17",0,9,4.106341138,9,1,"Cooks_17_1",1,NA,0,4,"no",15.52,13.89017614,0.538874579,611.004,27863.69333,35.84661682,0.403076843,611.004,71908.31333,35.58468594,0.423710215,621.6993333,71382.88,44.24337488,0.411525886,611.004,88752.21,119.8333333,77.83333333,78,77.83333333,0.319546896736232,-0.938626617159767,1.21701953793439,1.64365920097656,2.87674930433574,18.7,11.90285975,0.492942754,627.3723333,23877.13667,21.77220837,0.49172923,611.004,43675.05,18.26303423,0.465028061,637.359,36635.64667,20.35447823,0.465982626,611.004,40831.08333,121,88,90,88,-0.181712057956737,-0.59388040845536,-0.459142038034007,-0.806552367370094,-0.502435424644784
"2850-57672","2850-57633","2850-57672_2850-57633",1,"Cooks",17,"Cooks-17",0,10,4.463487017,2,-9,"Cooks_17_1",1,NA,0,4,"no",15.52,13.89017614,0.538874579,611.004,27863.69333,35.84661682,0.403076843,611.004,71908.31333,35.58468594,0.423710215,621.6993333,71382.88,44.24337488,0.411525886,611.004,88752.21,119.8333333,77.83333333,78,77.83333333,0.319546896736232,-0.938626617159767,1.21701953793439,1.64365920097656,2.87674930433574,17.94,11.19749917,0.509885343,666.1736667,22462.18333,17.60286474,0.553353548,659.167,35311.34667,16.38984214,0.524913975,659.167,32878.02333,19.65409771,0.49918894,658.7896667,39426.12,121.1666667,89,88.66666667,89,-0.0354736687080858,-0.781490405823964,-1.16555393426655,-1.1354538713577,-0.653458990907066
"2850-57672","2850-57638","2850-57672_2850-57638",1,"Cooks",17,"Cooks-17",0,10,5.864879132,0,-19,"Cooks_17_1",1,NA,0,4,"no",15.52,13.89017614,0.538874579,611.004,27863.69333,35.84661682,0.403076843,611.004,71908.31333,35.58468594,0.423710215,621.6993333,71382.88,44.24337488,0.411525886,611.004,88752.21,119.8333333,77.83333333,78,77.83333333,0.319546896736232,-0.938626617159767,1.21701953793439,1.64365920097656,2.87674930433574,16.53,10.19052011,0.487622013,670.0956667,20442.18333,18.05735626,0.481711047,627.6863333,36223.05667,18.27628946,0.486914464,611.004,36662.23667,23.08476072,0.442975542,644.3686667,46308.03,122,99,105,99,1.42691022377843,-1.04932411265918,-1.08854943548773,-0.804224968537921,0.0862973952561187
"2850-57672","2850-57673","2850-57672_2850-57673",1,"Cooks",17,"Cooks-17",1,10,0.08,10,0,"Cooks_17_1",1,"wp",2,4,"yes",15.52,13.89017614,0.538874579,611.004,27863.69333,35.84661682,0.403076843,611.004,71908.31333,35.58468594,0.423710215,621.6993333,71382.88,44.24337488,0.411525886,611.004,88752.21,119.8333333,77.83333333,78,77.83333333,0.319546896736232,-0.938626617159767,1.21701953793439,1.64365920097656,2.87674930433574,16.42,10.84304919,0.510941546,631.6946667,21751.15667,23.8083001,0.490864516,611.004,47759.45,25.12981888,0.475219286,611.004,50410.41667,29.45398804,0.462833294,611.004,59084.7,121.1666667,86,86.33333333,86,-0.47418883645404,-0.875766102114083,-0.114167013777566,0.399141277718927,1.45969856324056
"2850-57672","2850-57675","2850-57672_2850-57675",1,"Cooks",17,"Cooks-17",0,0,4.87093001,0,33,"Cooks_17_1",1,NA,0,4,"no",15.52,13.89017614,0.538874579,611.004,27863.69333,35.84661682,0.403076843,611.004,71908.31333,35.58468594,0.423710215,621.6993333,71382.88,44.24337488,0.411525886,611.004,88752.21,119.8333333,77.83333333,78,77.83333333,0.319546896736232,-0.938626617159767,1.21701953793439,1.64365920097656,2.87674930433574,16.13,21.83237454,0.479320618,646.7306667,43795.74333,30.69659189,0.449354193,597.0816667,61577.36333,23.809111,0.463668452,633.779,47761.07667,29.3981572,0.45677817,609.081,58972.70333,120.5,87.66666667,90.16666667,87.66666667,-0.230458187218827,2.04714645984995,1.05291627246548,0.167246849817363,1.44765971817928
"2850-57672","2850-57676","2850-57672_2850-57676",1,"Cooks",17,"Cooks-17",0,0,3.487716211,0,17,"Cooks_17_1",1,NA,0,4,"no",15.52,13.89017614,0.538874579,611.004,27863.69333,35.84661682,0.403076843,611.004,71908.31333,35.58468594,0.423710215,621.6993333,71382.88,44.24337488,0.411525886,611.004,88752.21,119.8333333,77.83333333,78,77.83333333,0.319546896736232,-0.938626617159767,1.21701953793439,1.64365920097656,2.87674930433574,15.04,12.13272848,0.48765255,653.7273333,24338.25333,11.56205716,0.497269884,644.0546667,23193.48667,29.82227983,0.475489058,611.004,59823.49333,24.87789963,0.471451969,611.004,49905.06667,115.1666667,74.16666667,71.5,74.16666667,-2.20467644207562,-0.532740513409871,-2.18904796979264,1.22305969596194,0.472953256261305
"2850-57672","2870-64915","2850-57672_2870-64915",1,"Cooks",17,"Cooks-17",0,0,7.632108956,0,35,"Cooks_17_1",1,NA,0,4,"no",15.52,13.89017614,0.538874579,611.004,27863.69333,35.84661682,0.403076843,611.004,71908.31333,35.58468594,0.423710215,621.6993333,71382.88,44.24337488,0.411525886,611.004,88752.21,119.8333333,77.83333333,78,77.83333333,0.319546896736232,-0.938626617159767,1.21701953793439,1.64365920097656,2.87674930433574,16.13,17.296557,0.511786214,611.004,34696.89333,40.0972898,0.40323729,627.0583333,80435.16333,37.77161349,0.386328777,611.004,75769.85667,30.36117979,0.457614333,611.004,60904.52667,119.8333333,92.5,91.66666667,92.5,0.476360693662194,0.840721347825874,2.64567653063407,2.61883101617572,1.65531698702071
"2850-57700","2850-57573","2850-57700_2850-57573",1,"Cooks",33,"Cooks-33",0,10,6.161790483,0,13,"Cooks_33_1",1,NA,0,4,"no",18.41,23.54235626,0.486719105,654.042,47225.96667,33.71179295,0.457311168,630.0866667,67625.85667,33.7028448,0.429778508,628.404,67607.90667,32.97698571,0.423956395,582.1216667,66151.83333,115.3333333,73.5,72.66666667,73.5,-0.810457027747541,1.83178103737345,0.865456147889201,1.31267988002468,0.998965465670332,18.3,12.92033898,0.516923185,659.167,25918.2,24.59975573,0.484233366,625.7763333,49347.11,31.1244234,0.424712746,659.167,62435.59333,21.93607178,0.497268887,659.167,44003.76,117.1666667,87.5,87,87.5,-0.254831252581063,-0.323253893343174,0.019929314562782,1.45169453852141,-0.161395245088646
"2850-57700","2850-57574","2850-57700_2850-57574",1,"Cooks",33,"Cooks-33",0,8,5.282841372,0,-34,"Cooks_33_1",1,NA,0,4,"no",18.41,23.54235626,0.486719105,654.042,47225.96667,33.71179295,0.457311168,630.0866667,67625.85667,33.7028448,0.429778508,628.404,67607.90667,32.97698571,0.423956395,582.1216667,66151.83333,115.3333333,73.5,72.66666667,73.5,-0.810457027747541,1.83178103737345,0.865456147889201,1.31267988002468,0.998965465670332,18.7,11.90285975,0.492942754,627.3723333,23877.13667,21.77220837,0.49172923,611.004,43675.05,18.26303423,0.465028061,637.359,36635.64667,20.35447823,0.465982626,611.004,40831.08333,121,88,90,88,-0.181712057956737,-0.59388040845536,-0.459142038034007,-0.806552367370094,-0.502435424644784
"2850-57700","2850-57633","2850-57700_2850-57633",1,"Cooks",33,"Cooks-33",0,10,3.090659756,10,0,"Cooks_33_1",1,NA,0,4,"no",18.41,23.54235626,0.486719105,654.042,47225.96667,33.71179295,0.457311168,630.0866667,67625.85667,33.7028448,0.429778508,628.404,67607.90667,32.97698571,0.423956395,582.1216667,66151.83333,115.3333333,73.5,72.66666667,73.5,-0.810457027747541,1.83178103737345,0.865456147889201,1.31267988002468,0.998965465670332,17.94,11.19749917,0.509885343,666.1736667,22462.18333,17.60286474,0.553353548,659.167,35311.34667,16.38984214,0.524913975,659.167,32878.02333,19.65409771,0.49918894,658.7896667,39426.12,121.1666667,89,88.66666667,89,-0.0354736687080858,-0.781490405823964,-1.16555393426655,-1.1354538713577,-0.653458990907066
"2850-57700","2850-57638","2850-57700_2850-57638",1,"Cooks",33,"Cooks-33",0,10,5.760475577,7,-4,"Cooks_33_1",1,NA,0,4,"no",18.41,23.54235626,0.486719105,654.042,47225.96667,33.71179295,0.457311168,630.0866667,67625.85667,33.7028448,0.429778508,628.404,67607.90667,32.97698571,0.423956395,582.1216667,66151.83333,115.3333333,73.5,72.66666667,73.5,-0.810457027747541,1.83178103737345,0.865456147889201,1.31267988002468,0.998965465670332,16.53,10.19052011,0.487622013,670.0956667,20442.18333,18.05735626,0.481711047,627.6863333,36223.05667,18.27628946,0.486914464,611.004,36662.23667,23.08476072,0.442975542,644.3686667,46308.03,122,99,105,99,1.42691022377843,-1.04932411265918,-1.08854943548773,-0.804224968537921,0.0862973952561187
"2850-57700","2850-57673","2850-57700_2850-57673",1,"Cooks",33,"Cooks-33",0,10,7.632108956,0,23,"Cooks_33_1",1,NA,0,4,"no",18.41,23.54235626,0.486719105,654.042,47225.96667,33.71179295,0.457311168,630.0866667,67625.85667,33.7028448,0.429778508,628.404,67607.90667,32.97698571,0.423956395,582.1216667,66151.83333,115.3333333,73.5,72.66666667,73.5,-0.810457027747541,1.83178103737345,0.865456147889201,1.31267988002468,0.998965465670332,16.42,10.84304919,0.510941546,631.6946667,21751.15667,23.8083001,0.490864516,611.004,47759.45,25.12981888,0.475219286,611.004,50410.41667,29.45398804,0.462833294,611.004,59084.7,121.1666667,86,86.33333333,86,-0.47418883645404,-0.875766102114083,-0.114167013777566,0.399141277718927,1.45969856324056
"2850-57700","2850-57675","2850-57700_2850-57675",1,"Cooks",33,"Cooks-33",0,10,2.78939232,8,-2,"Cooks_33_1",1,NA,0,4,"no",18.41,23.54235626,0.486719105,654.042,47225.96667,33.71179295,0.457311168,630.0866667,67625.85667,33.7028448,0.429778508,628.404,67607.90667,32.97698571,0.423956395,582.1216667,66151.83333,115.3333333,73.5,72.66666667,73.5,-0.810457027747541,1.83178103737345,0.865456147889201,1.31267988002468,0.998965465670332,16.13,21.83237454,0.479320618,646.7306667,43795.74333,30.69659189,0.449354193,597.0816667,61577.36333,23.809111,0.463668452,633.779,47761.07667,29.3981572,0.45677817,609.081,58972.70333,120.5,87.66666667,90.16666667,87.66666667,-0.230458187218827,2.04714645984995,1.05291627246548,0.167246849817363,1.44765971817928
"2850-57700","2850-57676","2850-57700_2850-57676",1,"Cooks",33,"Cooks-33",0,10,4.695109482,0,-18,"Cooks_33_1",1,NA,0,4,"no",18.41,23.54235626,0.486719105,654.042,47225.96667,33.71179295,0.457311168,630.0866667,67625.85667,33.7028448,0.429778508,628.404,67607.90667,32.97698571,0.423956395,582.1216667,66151.83333,115.3333333,73.5,72.66666667,73.5,-0.810457027747541,1.83178103737345,0.865456147889201,1.31267988002468,0.998965465670332,15.04,12.13272848,0.48765255,653.7273333,24338.25333,11.56205716,0.497269884,644.0546667,23193.48667,29.82227983,0.475489058,611.004,59823.49333,24.87789963,0.471451969,611.004,49905.06667,115.1666667,74.16666667,71.5,74.16666667,-2.20467644207562,-0.532740513409871,-2.18904796979264,1.22305969596194,0.472953256261305
"2850-57700","2870-64915","2850-57700_2870-64915",1,"Cooks",33,"Cooks-33",1,10,0.08,10,0,"Cooks_33_1",1,"wp",4,4,"yes",18.41,23.54235626,0.486719105,654.042,47225.96667,33.71179295,0.457311168,630.0866667,67625.85667,33.7028448,0.429778508,628.404,67607.90667,32.97698571,0.423956395,582.1216667,66151.83333,115.3333333,73.5,72.66666667,73.5,-0.810457027747541,1.83178103737345,0.865456147889201,1.31267988002468,0.998965465670332,16.13,17.296557,0.511786214,611.004,34696.89333,40.0972898,0.40323729,627.0583333,80435.16333,37.77161349,0.386328777,611.004,75769.85667,30.36117979,0.457614333,611.004,60904.52667,119.8333333,92.5,91.66666667,92.5,0.476360693662194,0.840721347825874,2.64567653063407,2.61883101617572,1.65531698702071
"2850-57730","2640-97588","2850-57730_2640-97588",1,"CHR",93,"CHR-93",1,11,0.08,11,0,"CHR_93_1",1,"wp",5,5,"yes",19.1,15.70236623,0.531579294,611.004,31498.94667,12.82672316,0.51832543,611.004,25730.40667,23.21604354,0.47011436,611.004,46571.38333,25.31275341,0.478724512,611.004,50777.38333,117,78.5,79,78.5,0.493393655352081,-0.418484510983941,-2.57390296734437,-0.531744862433722,-0.278442169691642,18.7,11.85018943,0.544837496,653.7273333,23771.48,14.45612662,0.507893605,610.6836667,28998.99,21.21705716,0.471668493,610.6836667,42561.41667,27.50362745,0.462396686,637.0386667,55172.27667,119,87,85,87,-0.327950447205388,-0.607889525035993,-1.69870577771304,-0.287874870450448,1.03914087582914
"2850-57730","2640-97588","2850-57730_2640-97588",2,"CHR",93,"CHR-93",1,11,0.08,11,0,"CHR_93_2",1,"wp",2,4,"yes",19.1,15.70236623,0.531579294,611.004,31498.94667,12.82672316,0.51832543,611.004,25730.40667,23.21604354,0.47011436,611.004,46571.38333,25.31275341,0.478724512,611.004,50777.38333,117,78.5,79,78.5,0.493393655352081,-0.418484510983941,-2.57390296734437,-0.531744862433722,-0.278442169691642,18.7,11.85018943,0.544837496,653.7273333,23771.48,14.45612662,0.507893605,610.6836667,28998.99,21.21705716,0.471668493,610.6836667,42561.41667,27.50362745,0.462396686,637.0386667,55172.27667,119,87,85,87,-0.327950447205388,-0.607889525035993,-1.69870577771304,-0.287874870450448,1.03914087582914
"2850-57730","2640-97589","2850-57730_2640-97589",1,"CHR",93,"CHR-93",0,9,11.64241472,9,2,"CHR_93_1",1,NA,0,5,"no",19.1,15.70236623,0.531579294,611.004,31498.94667,12.82672316,0.51832543,611.004,25730.40667,23.21604354,0.47011436,611.004,46571.38333,25.31275341,0.478724512,611.004,50777.38333,117,78.5,79,78.5,0.493393655352081,-0.418484510983941,-2.57390296734437,-0.531744862433722,-0.278442169691642,16.1,11.8153556,0.523609389,681.183,23701.60333,16.91354271,0.528785659,657.7393333,33928.56667,18.6526321,0.480672665,627.3723333,37417.18,20.65218677,0.48363622,650.113,41428.28667,119,99.66666667,98,99.66666667,1.52440248376499,-0.617154537768401,-1.28234576663637,-0.738145434585443,-0.438240313367936
"2850-57730","2640-97589","2850-57730_2640-97589",2,"CHR",93,"CHR-93",0,11,11.64241472,8,3,"CHR_93_2",1,NA,0,4,"no",19.1,15.70236623,0.531579294,611.004,31498.94667,12.82672316,0.51832543,611.004,25730.40667,23.21604354,0.47011436,611.004,46571.38333,25.31275341,0.478724512,611.004,50777.38333,117,78.5,79,78.5,0.493393655352081,-0.418484510983941,-2.57390296734437,-0.531744862433722,-0.278442169691642,16.1,11.8153556,0.523609389,681.183,23701.60333,16.91354271,0.528785659,657.7393333,33928.56667,18.6526321,0.480672665,627.3723333,37417.18,20.65218677,0.48363622,650.113,41428.28667,119,99.66666667,98,99.66666667,1.52440248376499,-0.617154537768401,-1.28234576663637,-0.738145434585443,-0.438240313367936
"2850-57730","2811-83208","2850-57730_2811-83208",2,"CHR",93,"CHR-93",0,11,28.17761148,0,18,"CHR_93_2",1,NA,0,4,"no",19.1,15.70236623,0.531579294,611.004,31498.94667,12.82672316,0.51832543,611.004,25730.40667,23.21604354,0.47011436,611.004,46571.38333,25.31275341,0.478724512,611.004,50777.38333,117,78.5,79,78.5,0.493393655352081,-0.418484510983941,-2.57390296734437,-0.531744862433722,-0.278442169691642,16.9,18.73416916,0.484585352,611.004,37580.74333,21.00459455,0.486882121,610.6836667,42135.21667,26.39878531,0.450512144,610.6836667,52955.96333,23.23742606,0.475660646,611.004,46614.27667,118,87,89.5,87,-0.327950447205388,1.22309374175052,-0.589198848477454,0.621950764031026,0.119216734719535
"2850-57730","2811-83208","2850-57730_2811-83208",1,"CHR",93,"CHR-93",0,0,28.17761148,0,17,"CHR_93_1",1,NA,0,5,"no",19.1,15.70236623,0.531579294,611.004,31498.94667,12.82672316,0.51832543,611.004,25730.40667,23.21604354,0.47011436,611.004,46571.38333,25.31275341,0.478724512,611.004,50777.38333,117,78.5,79,78.5,0.493393655352081,-0.418484510983941,-2.57390296734437,-0.531744862433722,-0.278442169691642,16.9,18.73416916,0.484585352,611.004,37580.74333,21.00459455,0.486882121,610.6836667,42135.21667,26.39878531,0.450512144,610.6836667,52955.96333,23.23742606,0.475660646,611.004,46614.27667,118,87,89.5,87,-0.327950447205388,1.22309374175052,-0.589198848477454,0.621950764031026,0.119216734719535
"2850-57730","2850-57567","2850-57730_2850-57567",2,"CHR",93,"CHR-93",0,10,3.556400208,0,-33,"CHR_93_2",1,NA,0,4,"no",19.1,15.70236623,0.531579294,611.004,31498.94667,12.82672316,0.51832543,611.004,25730.40667,23.21604354,0.47011436,611.004,46571.38333,25.31275341,0.478724512,611.004,50777.38333,117,78.5,79,78.5,0.493393655352081,-0.418484510983941,-2.57390296734437,-0.531744862433722,-0.278442169691642,16.6,10.56012296,0.52180729,667.1156667,21183.60667,26.35612994,0.49271154,611.3883333,52870.39667,22.28285809,0.48721335,606.0566667,44699.41333,16.73888169,0.511359264,628.0706667,33578.19667,121.5,102.1666667,102.5,102.1666667,1.88999846127377,-0.951018094883241,0.317511799070068,-0.100737880763292,-1.28206916379613
"2850-57730","2850-57567","2850-57730_2850-57567",1,"CHR",93,"CHR-93",0,0,3.556400208,0,15,"CHR_93_1",1,NA,0,5,"no",19.1,15.70236623,0.531579294,611.004,31498.94667,12.82672316,0.51832543,611.004,25730.40667,23.21604354,0.47011436,611.004,46571.38333,25.31275341,0.478724512,611.004,50777.38333,117,78.5,79,78.5,0.493393655352081,-0.418484510983941,-2.57390296734437,-0.531744862433722,-0.278442169691642,16.6,10.56012296,0.52180729,667.1156667,21183.60667,26.35612994,0.49271154,611.3883333,52870.39667,22.28285809,0.48721335,606.0566667,44699.41333,16.73888169,0.511359264,628.0706667,33578.19667,121.5,102.1666667,102.5,102.1666667,1.88999846127377,-0.951018094883241,0.317511799070068,-0.100737880763292,-1.28206916379613
"2850-57730","2850-57570","2850-57730_2850-57570",2,"CHR",93,"CHR-93",0,11,3.332966163,9,-1,"CHR_93_2",1,NA,0,4,"no",19.1,15.70236623,0.531579294,611.004,31498.94667,12.82672316,0.51832543,611.004,25730.40667,23.21604354,0.47011436,611.004,46571.38333,25.31275341,0.478724512,611.004,50777.38333,117,78.5,79,78.5,0.493393655352081,-0.418484510983941,-2.57390296734437,-0.531744862433722,-0.278442169691642,16.51,16.84077767,0.501161039,611.004,33782.6,23.06811898,0.49586693,611.004,46274.64667,25.67366733,0.443766873,611.004,51501.37667,19.07592556,0.494641169,627.6863333,38266.30667,121.5,90,NA,90,0.110764720540566,0.719494330997171,-0.239575901827104,0.494632057389222,-0.778130676530947
"2850-57730","2850-57570","2850-57730_2850-57570",1,"CHR",93,"CHR-93",0,0,6.053862163,0,27,"CHR_93_1",1,NA,0,5,"no",19.1,15.70236623,0.531579294,611.004,31498.94667,12.82672316,0.51832543,611.004,25730.40667,23.21604354,0.47011436,611.004,46571.38333,25.31275341,0.478724512,611.004,50777.38333,117,78.5,79,78.5,0.493393655352081,-0.418484510983941,-2.57390296734437,-0.531744862433722,-0.278442169691642,16.51,16.84077767,0.501161039,611.004,33782.6,23.06811898,0.49586693,611.004,46274.64667,25.67366733,0.443766873,611.004,51501.37667,19.07592556,0.494641169,627.6863333,38266.30667,121.5,90,NA,90,0.110764720540566,0.719494330997171,-0.239575901827104,0.494632057389222,-0.778130676530947
"2850-57730","2850-57577","2850-57730_2850-57577",2,"CHR",93,"CHR-93",0,11,6.614013398,0,-21,"CHR_93_2",1,NA,0,4,"no",19.1,15.70236623,0.531579294,611.004,31498.94667,12.82672316,0.51832543,611.004,25730.40667,23.21604354,0.47011436,611.004,46571.38333,25.31275341,0.478724512,611.004,50777.38333,117,78.5,79,78.5,0.493393655352081,-0.418484510983941,-2.57390296734437,-0.531744862433722,-0.278442169691642,18.2,20.92472416,0.512057073,676.164,41974.99667,28.83623131,0.475799583,625.399,57845.48,28.80829345,0.443602398,627.1216667,57789.43667,29.54534563,0.455136562,636.0576667,59267.96333,119,90.83333333,91.16666667,90.83333333,0.232630044426981,1.80573194047972,0.737715377164354,1.04502048301344,1.47939806751422
"2850-57730","2850-57577","2850-57730_2850-57577",1,"CHR",93,"CHR-93",0,0,6.614013398,0,27,"CHR_93_1",1,NA,0,5,"no",19.1,15.70236623,0.531579294,611.004,31498.94667,12.82672316,0.51832543,611.004,25730.40667,23.21604354,0.47011436,611.004,46571.38333,25.31275341,0.478724512,611.004,50777.38333,117,78.5,79,78.5,0.493393655352081,-0.418484510983941,-2.57390296734437,-0.531744862433722,-0.278442169691642,18.2,20.92472416,0.512057073,676.164,41974.99667,28.83623131,0.475799583,625.399,57845.48,28.80829345,0.443602398,627.1216667,57789.43667,29.54534563,0.455136562,636.0576667,59267.96333,119,90.83333333,91.16666667,90.83333333,0.232630044426981,1.80573194047972,0.737715377164354,1.04502048301344,1.47939806751422
"2850-57730","2850-57578","2850-57730_2850-57578",2,"CHR",93,"CHR-93",0,11,9.910183806,0,-25,"CHR_93_2",1,NA,0,4,"no",19.1,15.70236623,0.531579294,611.004,31498.94667,12.82672316,0.51832543,611.004,25730.40667,23.21604354,0.47011436,611.004,46571.38333,25.31275341,0.478724512,611.004,50777.38333,117,78.5,79,78.5,0.493393655352081,-0.418484510983941,-2.57390296734437,-0.531744862433722,-0.278442169691642,17.2,10.81633932,0.556799001,678.4426667,21697.57667,15.67680791,0.517385329,657.4626667,31447.67667,20.72179628,0.496782872,642.7923333,41567.92333,11.67128448,0.547842632,659.167,23412.59667,119,91.5,91.5,91.5,0.330122304413543,-0.882870324808829,-1.49188574528399,-0.374834477619313,-2.37479887454678
"2850-57730","2850-57578","2850-57730_2850-57578",1,"CHR",93,"CHR-93",0,0,9.910183806,0,23,"CHR_93_1",1,NA,0,5,"no",19.1,15.70236623,0.531579294,611.004,31498.94667,12.82672316,0.51832543,611.004,25730.40667,23.21604354,0.47011436,611.004,46571.38333,25.31275341,0.478724512,611.004,50777.38333,117,78.5,79,78.5,0.493393655352081,-0.418484510983941,-2.57390296734437,-0.531744862433722,-0.278442169691642,17.2,10.81633932,0.556799001,678.4426667,21697.57667,15.67680791,0.517385329,657.4626667,31447.67667,20.72179628,0.496782872,642.7923333,41567.92333,11.67128448,0.547842632,659.167,23412.59667,119,91.5,91.5,91.5,0.330122304413543,-0.882870324808829,-1.49188574528399,-0.374834477619313,-2.37479887454678
"2850-57730","2850-57579","2850-57730_2850-57579",1,"CHR",93,"CHR-93",0,1,17.416029,1,10,"CHR_93_1",1,NA,0,5,"no",19.1,15.70236623,0.531579294,611.004,31498.94667,12.82672316,0.51832543,611.004,25730.40667,23.21604354,0.47011436,611.004,46571.38333,25.31275341,0.478724512,611.004,50777.38333,117,78.5,79,78.5,0.493393655352081,-0.418484510983941,-2.57390296734437,-0.531744862433722,-0.278442169691642,16.3,11.31949153,0.533256519,660.737,22706.9,24.77905949,0.48852106,617.005,49706.79333,18.07848455,0.49353373,627.3723333,36265.44,24.4043104,0.499147361,611.004,48955.04667,118.5,93.5,92,93.5,0.622599082910845,-0.749043190899379,0.0503087508346794,-0.838956234350139,0.37083286253875
"2850-57730","2850-57579","2850-57730_2850-57579",2,"CHR",93,"CHR-93",0,11,18.84691719,0,-13,"CHR_93_2",1,NA,0,4,"no",19.1,15.70236623,0.531579294,611.004,31498.94667,12.82672316,0.51832543,611.004,25730.40667,23.21604354,0.47011436,611.004,46571.38333,25.31275341,0.478724512,611.004,50777.38333,117,78.5,79,78.5,0.493393655352081,-0.418484510983941,-2.57390296734437,-0.531744862433722,-0.278442169691642,16.3,11.31949153,0.533256519,660.737,22706.9,24.77905949,0.48852106,617.005,49706.79333,18.07848455,0.49353373,627.3723333,36265.44,24.4043104,0.499147361,611.004,48955.04667,118.5,93.5,92,93.5,0.622599082910845,-0.749043190899379,0.0503087508346794,-0.838956234350139,0.37083286253875
"2850-57730","2850-57580","2850-57730_2850-57580",2,"CHR",93,"CHR-93",0,11,23.12713998,0,-30,"CHR_93_2",1,NA,0,4,"no",19.1,15.70236623,0.531579294,611.004,31498.94667,12.82672316,0.51832543,611.004,25730.40667,23.21604354,0.47011436,611.004,46571.38333,25.31275341,0.478724512,611.004,50777.38333,117,78.5,79,78.5,0.493393655352081,-0.418484510983941,-2.57390296734437,-0.531744862433722,-0.278442169691642,16.2,9.142844799,0.560214832,667.427,18340.54667,27.48113161,0.465556814,625.399,55127.15,22.9424111,0.468469624,647.108,46022.47667,30.74621137,0.465611781,608.7603333,61676.9,117.5,87.83333333,NA,87.83333333,-0.206085123318973,-1.32798210392354,0.508120833367745,0.0150687031458652,1.73834162958958
"2850-57730","2850-57580","2850-57730_2850-57580",1,"CHR",93,"CHR-93",0,0,23.12713998,0,18,"CHR_93_1",1,NA,0,5,"no",19.1,15.70236623,0.531579294,611.004,31498.94667,12.82672316,0.51832543,611.004,25730.40667,23.21604354,0.47011436,611.004,46571.38333,25.31275341,0.478724512,611.004,50777.38333,117,78.5,79,78.5,0.493393655352081,-0.418484510983941,-2.57390296734437,-0.531744862433722,-0.278442169691642,16.2,9.142844799,0.560214832,667.427,18340.54667,27.48113161,0.465556814,625.399,55127.15,22.9424111,0.468469624,647.108,46022.47667,30.74621137,0.465611781,608.7603333,61676.9,117.5,87.83333333,NA,87.83333333,-0.206085123318973,-1.32798210392354,0.508120833367745,0.0150687031458652,1.73834162958958
"2850-57730","2850-57581","2850-57730_2850-57581",1,"CHR",93,"CHR-93",0,3,21.5198601,3,8,"CHR_93_1",1,NA,0,5,"no",19.1,15.70236623,0.531579294,611.004,31498.94667,12.82672316,0.51832543,611.004,25730.40667,23.21604354,0.47011436,611.004,46571.38333,25.31275341,0.478724512,611.004,50777.38333,117,78.5,79,78.5,0.493393655352081,-0.418484510983941,-2.57390296734437,-0.531744862433722,-0.278442169691642,15.5,12.5018158,0.557442636,674.1035,25078.6425,18.94245264,0.521103483,641.0916667,37998.56,27.0381655,0.472765016,616.0483333,54238.56,19.62838485,0.524143762,664.102,39374.54,116,82.5,83,82.5,-0.986023198824319,-0.434571614980667,-0.938587554762546,0.734215334884986,-0.659003473806166
"2850-57730","2850-57581","2850-57730_2850-57581",2,"CHR",93,"CHR-93",0,11,21.8846041472727,2,9,"CHR_93_2",1,NA,0,4,"no",19.1,15.70236623,0.531579294,611.004,31498.94667,12.82672316,0.51832543,611.004,25730.40667,23.21604354,0.47011436,611.004,46571.38333,25.31275341,0.478724512,611.004,50777.38333,117,78.5,79,78.5,0.493393655352081,-0.418484510983941,-2.57390296734437,-0.531744862433722,-0.278442169691642,15.5,12.5018158,0.557442636,674.1035,25078.6425,18.94245264,0.521103483,641.0916667,37998.56,27.0381655,0.472765016,616.0483333,54238.56,19.62838485,0.524143762,664.102,39374.54,116,82.5,83,82.5,-0.986023198824319,-0.434571614980667,-0.938587554762546,0.734215334884986,-0.659003473806166
"2850-57730","2850-57582","2850-57730_2850-57582",2,"CHR",93,"CHR-93",0,11,25.42855193,0,20,"CHR_93_2",1,NA,0,4,"no",19.1,15.70236623,0.531579294,611.004,31498.94667,12.82672316,0.51832543,611.004,25730.40667,23.21604354,0.47011436,611.004,46571.38333,25.31275341,0.478724512,611.004,50777.38333,117,78.5,79,78.5,0.493393655352081,-0.418484510983941,-2.57390296734437,-0.531744862433722,-0.278442169691642,15.9,NA,NA,NA,NA,28.49882187,0.467628455,626.7313333,57168.63667,24.79582419,0.471185748,627.0583333,49740.42333,10.86734629,0.526212895,643.7406667,21799.89667,118,88.5,86,88.5,-0.108592863332411,NA,0.68054809534039,0.340497342347155,-2.54815265729939
"2850-57730","2850-57582","2850-57730_2850-57582",1,"CHR",93,"CHR-93",0,0,25.42855193,0,16,"CHR_93_1",1,NA,0,5,"no",19.1,15.70236623,0.531579294,611.004,31498.94667,12.82672316,0.51832543,611.004,25730.40667,23.21604354,0.47011436,611.004,46571.38333,25.31275341,0.478724512,611.004,50777.38333,117,78.5,79,78.5,0.493393655352081,-0.418484510983941,-2.57390296734437,-0.531744862433722,-0.278442169691642,15.9,NA,NA,NA,NA,28.49882187,0.467628455,626.7313333,57168.63667,24.79582419,0.471185748,627.0583333,49740.42333,10.86734629,0.526212895,643.7406667,21799.89667,118,88.5,86,88.5,-0.108592863332411,NA,0.68054809534039,0.340497342347155,-2.54815265729939
"2850-57730","2850-57589","2850-57730_2850-57589",2,"CHR",93,"CHR-93",0,11,17.19439348,0,19,"CHR_93_2",1,NA,0,4,"no",19.1,15.70236623,0.531579294,611.004,31498.94667,12.82672316,0.51832543,611.004,25730.40667,23.21604354,0.47011436,611.004,46571.38333,25.31275341,0.478724512,611.004,50777.38333,117,78.5,79,78.5,0.493393655352081,-0.418484510983941,-2.57390296734437,-0.531744862433722,-0.278442169691642,17.5,12.65077601,0.531237153,675.7903333,25377.45667,16.92662014,0.501144529,627.3723333,33954.8,19.27879528,0.490091496,643.7406667,38673.26333,19.52571951,0.519492939,627.6863333,39168.59333,119.8333333,97,96.5,97,1.13443344528112,-0.394951560502818,-1.28013005765578,-0.628201551764721,-0.681141276522795
"2850-57730","2850-57589","2850-57730_2850-57589",1,"CHR",93,"CHR-93",0,0,17.19439348,0,14,"CHR_93_1",1,NA,0,5,"no",19.1,15.70236623,0.531579294,611.004,31498.94667,12.82672316,0.51832543,611.004,25730.40667,23.21604354,0.47011436,611.004,46571.38333,25.31275341,0.478724512,611.004,50777.38333,117,78.5,79,78.5,0.493393655352081,-0.418484510983941,-2.57390296734437,-0.531744862433722,-0.278442169691642,17.5,12.65077601,0.531237153,675.7903333,25377.45667,16.92662014,0.501144529,627.3723333,33954.8,19.27879528,0.490091496,643.7406667,38673.26333,19.52571951,0.519492939,627.6863333,39168.59333,119.8333333,97,96.5,97,1.13443344528112,-0.394951560502818,-1.28013005765578,-0.628201551764721,-0.681141276522795
"2850-57730","2850-57620","2850-57730_2850-57620",2,"CHR",93,"CHR-93",0,11,7.176553384,0,18,"CHR_93_2",1,NA,0,4,"no",19.1,15.70236623,0.531579294,611.004,31498.94667,12.82672316,0.51832543,611.004,25730.40667,23.21604354,0.47011436,611.004,46571.38333,25.31275341,0.478724512,611.004,50777.38333,117,78.5,79,78.5,0.493393655352081,-0.418484510983941,-2.57390296734437,-0.531744862433722,-0.278442169691642,18.2,8.903889997,0.510576941,627.6863333,17861.20333,21.60838485,0.492100236,611.004,43346.42,22.72290794,0.464821292,611.004,45582.15333,21.84048023,0.466018925,627.6863333,43812.00333,121,87,84,87,-0.327950447205388,-1.39153868908802,-0.486898657224134,-0.0234724159627646,-0.182007721268793
"2850-57730","2850-57620","2850-57730_2850-57620",1,"CHR",93,"CHR-93",0,0,7.176553384,0,17,"CHR_93_1",1,NA,0,5,"no",19.1,15.70236623,0.531579294,611.004,31498.94667,12.82672316,0.51832543,611.004,25730.40667,23.21604354,0.47011436,611.004,46571.38333,25.31275341,0.478724512,611.004,50777.38333,117,78.5,79,78.5,0.493393655352081,-0.418484510983941,-2.57390296734437,-0.531744862433722,-0.278442169691642,18.2,8.903889997,0.510576941,627.6863333,17861.20333,21.60838485,0.492100236,611.004,43346.42,22.72290794,0.464821292,611.004,45582.15333,21.84048023,0.466018925,627.6863333,43812.00333,121,87,84,87,-0.327950447205388,-1.39153868908802,-0.486898657224134,-0.0234724159627646,-0.182007721268793
"2850-57730","2850-57647","2850-57730_2850-57647",2,"CHR",93,"CHR-93",0,11,11.55530626,0,-26,"CHR_93_2",1,NA,0,4,"no",19.1,15.70236623,0.531579294,611.004,31498.94667,12.82672316,0.51832543,611.004,25730.40667,23.21604354,0.47011436,611.004,46571.38333,25.31275341,0.478724512,611.004,50777.38333,117,78.5,79,78.5,0.493393655352081,-0.418484510983941,-2.57390296734437,-0.531744862433722,-0.278442169691642,15.8,12.89783981,0.543297932,643.7406667,25873.06667,28.1838767,0.473800388,617.439,56536.85667,25.45478232,0.436115595,638.1653333,51062.29333,20.55910934,0.502370676,626.097,41241.57333,122.1666667,85.83333333,87.33333333,85.83333333,-0.498561901816276,-0.329238164855052,0.627186934809475,0.456199475181733,-0.458310668004767
"2850-57730","2850-57647","2850-57730_2850-57647",1,"CHR",93,"CHR-93",0,0,11.55530626,0,22,"CHR_93_1",1,NA,0,5,"no",19.1,15.70236623,0.531579294,611.004,31498.94667,12.82672316,0.51832543,611.004,25730.40667,23.21604354,0.47011436,611.004,46571.38333,25.31275341,0.478724512,611.004,50777.38333,117,78.5,79,78.5,0.493393655352081,-0.418484510983941,-2.57390296734437,-0.531744862433722,-0.278442169691642,15.8,12.89783981,0.543297932,643.7406667,25873.06667,28.1838767,0.473800388,617.439,56536.85667,25.45478232,0.436115595,638.1653333,51062.29333,20.55910934,0.502370676,626.097,41241.57333,122.1666667,85.83333333,87.33333333,85.83333333,-0.498561901816276,-0.329238164855052,0.627186934809475,0.456199475181733,-0.458310668004767
"2850-57730","2850-57653","2850-57730_2850-57653",2,"CHR",93,"CHR-93",0,11,2.99603000936364,9,2,"CHR_93_2",1,"ep_same",1,4,"yes",19.1,15.70236623,0.531579294,611.004,31498.94667,12.82672316,0.51832543,611.004,25730.40667,23.21604354,0.47011436,611.004,46571.38333,25.31275341,0.478724512,611.004,50777.38333,117,78.5,79,78.5,0.493393655352081,-0.418484510983941,-2.57390296734437,-0.531744862433722,-0.278442169691642,16.37,8.467490861,0.535457505,660.1716667,16985.78667,27.15053506,0.465647634,659.167,54463.97333,21.8547225,0.470898637,665.8,43840.57333,15.40861914,0.497215455,659.167,30909.69,119.3333333,78,76.33333333,78,-1.64409595044325,-1.50761101163916,0.452107859504655,-0.175911398852204,-1.56891465511013
"2850-57730","2850-57653","2850-57730_2850-57653",1,"CHR",93,"CHR-93",0,0,1.870428532,0,17,"CHR_93_1",1,NA,0,5,"no",19.1,15.70236623,0.531579294,611.004,31498.94667,12.82672316,0.51832543,611.004,25730.40667,23.21604354,0.47011436,611.004,46571.38333,25.31275341,0.478724512,611.004,50777.38333,117,78.5,79,78.5,0.493393655352081,-0.418484510983941,-2.57390296734437,-0.531744862433722,-0.278442169691642,16.37,8.467490861,0.535457505,660.1716667,16985.78667,27.15053506,0.465647634,659.167,54463.97333,21.8547225,0.470898637,665.8,43840.57333,15.40861914,0.497215455,659.167,30909.69,119.3333333,78,76.33333333,78,-1.64409595044325,-1.50761101163916,0.452107859504655,-0.175911398852204,-1.56891465511013
"2850-57730","2850-57669","2850-57730_2850-57669",2,"CHR",93,"CHR-93",0,11,9.771915537,6,5,"CHR_93_2",1,NA,0,4,"no",19.1,15.70236623,0.531579294,611.004,31498.94667,12.82672316,0.51832543,611.004,25730.40667,23.21604354,0.47011436,611.004,46571.38333,25.31275341,0.478724512,611.004,50777.38333,117,78.5,79,78.5,0.493393655352081,-0.418484510983941,-2.57390296734437,-0.531744862433722,-0.278442169691642,17.82,14.07982054,0.504204618,611.004,28244.12,27.72719176,0.47617904,611.004,55620.74667,17.24374875,0.494612283,611.004,34590.96,18.57412762,0.508699718,611.004,37259.7,123.8333333,89.66666667,90,89.66666667,0.0620185912784761,-0.0148579628241403,0.549810804877425,-0.985522014505819,-0.886333735122392
"2850-57730","2850-57669","2850-57730_2850-57669",1,"CHR",93,"CHR-93",0,0,9.771915537,0,17,"CHR_93_1",1,NA,0,5,"no",19.1,15.70236623,0.531579294,611.004,31498.94667,12.82672316,0.51832543,611.004,25730.40667,23.21604354,0.47011436,611.004,46571.38333,25.31275341,0.478724512,611.004,50777.38333,117,78.5,79,78.5,0.493393655352081,-0.418484510983941,-2.57390296734437,-0.531744862433722,-0.278442169691642,17.82,14.07982054,0.504204618,611.004,28244.12,27.72719176,0.47617904,611.004,55620.74667,17.24374875,0.494612283,611.004,34590.96,18.57412762,0.508699718,611.004,37259.7,123.8333333,89.66666667,90,89.66666667,0.0620185912784761,-0.0148579628241403,0.549810804877425,-0.985522014505819,-0.886333735122392
"2850-57730","2850-57671","2850-57730_2850-57671",2,"CHR",93,"CHR-93",0,11,28.19081952,0,-27,"CHR_93_2",1,NA,0,4,"no",19.1,15.70236623,0.531579294,611.004,31498.94667,12.82672316,0.51832543,611.004,25730.40667,23.21604354,0.47011436,611.004,46571.38333,25.31275341,0.478724512,611.004,50777.38333,117,78.5,79,78.5,0.493393655352081,-0.418484510983941,-2.57390296734437,-0.531744862433722,-0.278442169691642,17.53,16.28350449,0.48181303,667.733,32664.71,28.84180791,0.479499655,593.4133333,57856.66667,23.68146062,0.459973843,641.034,47505.01,25.7482569,0.475226128,607.0326667,51651.00333,117.8333333,75.83333333,83.16666667,75.83333333,-1.96094579430279,0.571272240341928,0.738660220509044,0.144833557453636,0.660629034048076
"2850-57730","2850-57671","2850-57730_2850-57671",1,"CHR",93,"CHR-93",0,0,28.19081952,0,21,"CHR_93_1",1,NA,0,5,"no",19.1,15.70236623,0.531579294,611.004,31498.94667,12.82672316,0.51832543,611.004,25730.40667,23.21604354,0.47011436,611.004,46571.38333,25.31275341,0.478724512,611.004,50777.38333,117,78.5,79,78.5,0.493393655352081,-0.418484510983941,-2.57390296734437,-0.531744862433722,-0.278442169691642,17.53,16.28350449,0.48181303,667.733,32664.71,28.84180791,0.479499655,593.4133333,57856.66667,23.68146062,0.459973843,641.034,47505.01,25.7482569,0.475226128,607.0326667,51651.00333,117.8333333,75.83333333,83.16666667,75.83333333,-1.96094579430279,0.571272240341928,0.738660220509044,0.144833557453636,0.660629034048076
"2850-57730","2850-57731","2850-57730_2850-57731",1,"CHR",93,"CHR-93",0,11,12.6552842,10,-1,"CHR_93_1",1,NA,0,5,"no",19.1,15.70236623,0.531579294,611.004,31498.94667,12.82672316,0.51832543,611.004,25730.40667,23.21604354,0.47011436,611.004,46571.38333,25.31275341,0.478724512,611.004,50777.38333,117,78.5,79,78.5,0.493393655352081,-0.418484510983941,-2.57390296734437,-0.531744862433722,-0.278442169691642,15.9,10.9634214,0.500436597,689.138,21992.62333,23.24545364,0.49159359,611.004,46630.38,18.5751562,0.456752009,611.004,37261.76333,24.60593387,0.474122334,611.004,49359.50333,119,91,92.33333333,91,0.257003109789217,-0.84374981052978,-0.209530090170569,-0.751748919336863,0.414309079555146
"2850-57730","2850-57731","2850-57730_2850-57731",2,"CHR",93,"CHR-93",0,11,9.455109905,11,0,"CHR_93_2",1,NA,0,4,"no",19.1,15.70236623,0.531579294,611.004,31498.94667,12.82672316,0.51832543,611.004,25730.40667,23.21604354,0.47011436,611.004,46571.38333,25.31275341,0.478724512,611.004,50777.38333,117,78.5,79,78.5,0.493393655352081,-0.418484510983941,-2.57390296734437,-0.531744862433722,-0.278442169691642,15.9,10.9634214,0.500436597,689.138,21992.62333,23.24545364,0.49159359,611.004,46630.38,18.5751562,0.456752009,611.004,37261.76333,24.60593387,0.474122334,611.004,49359.50333,119,91,92.33333333,91,0.257003109789217,-0.84374981052978,-0.209530090170569,-0.751748919336863,0.414309079555146
"2850-57730","2850-57733","2850-57730_2850-57733",2,"CHR",93,"CHR-93",0,11,20.60946097,4,-6,"CHR_93_2",1,NA,0,4,"no",19.1,15.70236623,0.531579294,611.004,31498.94667,12.82672316,0.51832543,611.004,25730.40667,23.21604354,0.47011436,611.004,46571.38333,25.31275341,0.478724512,611.004,50777.38333,117,78.5,79,78.5,0.493393655352081,-0.418484510983941,-2.57390296734437,-0.531744862433722,-0.278442169691642,15.66,14.84394317,0.488091858,680.0823333,29776.95,20.45213858,0.480742509,611.004,41026.99,22.3788767,0.481773003,627.3723333,44892.02667,18.61630941,0.474711747,611.004,37344.31667,121.6666667,NA,102,102,1.86562539152438,0.188381413841325,-0.682801464137293,-0.0838786032720019,-0.877238044743787
"2850-57730","2850-57733","2850-57730_2850-57733",1,"CHR",93,"CHR-93",0,0,20.60946097,0,42,"CHR_93_1",1,NA,0,5,"no",19.1,15.70236623,0.531579294,611.004,31498.94667,12.82672316,0.51832543,611.004,25730.40667,23.21604354,0.47011436,611.004,46571.38333,25.31275341,0.478724512,611.004,50777.38333,117,78.5,79,78.5,0.493393655352081,-0.418484510983941,-2.57390296734437,-0.531744862433722,-0.278442169691642,15.66,14.84394317,0.488091858,680.0823333,29776.95,20.45213858,0.480742509,611.004,41026.99,22.3788767,0.481773003,627.3723333,44892.02667,18.61630941,0.474711747,611.004,37344.31667,121.6666667,NA,102,102,1.86562539152438,0.188381413841325,-0.682801464137293,-0.0838786032720019,-0.877238044743787
"2850-57730","2850-57742","2850-57730_2850-57742",1,"CHR",93,"CHR-93",0,4,12.7667261,4,7,"CHR_93_1",1,NA,0,5,"no",19.1,15.70236623,0.531579294,611.004,31498.94667,12.82672316,0.51832543,611.004,25730.40667,23.21604354,0.47011436,611.004,46571.38333,25.31275341,0.478724512,611.004,50777.38333,117,78.5,79,78.5,0.493393655352081,-0.418484510983941,-2.57390296734437,-0.531744862433722,-0.278442169691642,16.98,13.00562645,0.511030769,671.763,26089.28667,26.1463443,0.49002744,625.0783333,52449.56667,26.30566135,0.456120566,609.081,52769.15667,22.8044882,0.51172569,659.167,45745.80333,118,93,92,93,0.54947988828652,-0.300569350889335,0.281967817833205,0.605599739133584,0.0258620257862253
"2850-57730","2850-57742","2850-57730_2850-57742",2,"CHR",93,"CHR-93",0,11,14.1821213381818,6,5,"CHR_93_2",1,NA,0,4,"no",19.1,15.70236623,0.531579294,611.004,31498.94667,12.82672316,0.51832543,611.004,25730.40667,23.21604354,0.47011436,611.004,46571.38333,25.31275341,0.478724512,611.004,50777.38333,117,78.5,79,78.5,0.493393655352081,-0.418484510983941,-2.57390296734437,-0.531744862433722,-0.278442169691642,16.98,13.00562645,0.511030769,671.763,26089.28667,26.1463443,0.49002744,625.0783333,52449.56667,26.30566135,0.456120566,609.081,52769.15667,22.8044882,0.51172569,659.167,45745.80333,118,93,92,93,0.54947988828652,-0.300569350889335,0.281967817833205,0.605599739133584,0.0258620257862253
"2850-57730","2850-57744","2850-57730_2850-57744",2,"CHR",93,"CHR-93",0,11,24.93320866,0,-23,"CHR_93_2",1,NA,0,4,"no",19.1,15.70236623,0.531579294,611.004,31498.94667,12.82672316,0.51832543,611.004,25730.40667,23.21604354,0.47011436,611.004,46571.38333,25.31275341,0.478724512,611.004,50777.38333,117,78.5,79,78.5,0.493393655352081,-0.418484510983941,-2.57390296734437,-0.531744862433722,-0.278442169691642,14.77,24.63866733,0.441897015,611.004,49425.16667,20.45419575,0.491736389,610.6836667,41031.11667,20.25567464,0.470934773,627.6863333,40632.88333,16.45550847,0.489979153,643.7406667,33009.75,116,84.5,NA,84.5,-0.693546420327017,2.79355701620318,-0.682452917821725,-0.456677716898191,-1.34317313948584
"2850-57730","2850-57744","2850-57730_2850-57744",1,"CHR",93,"CHR-93",0,0,24.93320866,0,25,"CHR_93_1",1,NA,0,5,"no",19.1,15.70236623,0.531579294,611.004,31498.94667,12.82672316,0.51832543,611.004,25730.40667,23.21604354,0.47011436,611.004,46571.38333,25.31275341,0.478724512,611.004,50777.38333,117,78.5,79,78.5,0.493393655352081,-0.418484510983941,-2.57390296734437,-0.531744862433722,-0.278442169691642,14.77,24.63866733,0.441897015,611.004,49425.16667,20.45419575,0.491736389,610.6836667,41031.11667,20.25567464,0.470934773,627.6863333,40632.88333,16.45550847,0.489979153,643.7406667,33009.75,116,84.5,NA,84.5,-0.693546420327017,2.79355701620318,-0.682452917821725,-0.456677716898191,-1.34317313948584
"2850-57730","2850-57745","2850-57730_2850-57745",2,"CHR",93,"CHR-93",0,11,4.367526945,8,-1,"CHR_93_2",1,NA,0,4,"no",19.1,15.70236623,0.531579294,611.004,31498.94667,12.82672316,0.51832543,611.004,25730.40667,23.21604354,0.47011436,611.004,46571.38333,25.31275341,0.478724512,611.004,50777.38333,117,78.5,79,78.5,0.493393655352081,-0.418484510983941,-2.57390296734437,-0.531744862433722,-0.278442169691642,16.33,11.89491525,0.520998035,667.1156667,23861.2,19.28173812,0.496153459,634.065,38679.16667,21.88407444,0.484884869,657.7393333,43899.45333,26.3850565,0.474305256,645.4026667,52928.42333,118,85,86,85,-0.620427225702691,-0.59599346618265,-0.881102415479132,-0.170757684365318,0.797942599802867
"2850-57730","2850-57745","2850-57730_2850-57745",1,"CHR",93,"CHR-93",0,0,4.876923868,0,12,"CHR_93_1",1,NA,0,5,"no",19.1,15.70236623,0.531579294,611.004,31498.94667,12.82672316,0.51832543,611.004,25730.40667,23.21604354,0.47011436,611.004,46571.38333,25.31275341,0.478724512,611.004,50777.38333,117,78.5,79,78.5,0.493393655352081,-0.418484510983941,-2.57390296734437,-0.531744862433722,-0.278442169691642,16.33,11.89491525,0.520998035,667.1156667,23861.2,19.28173812,0.496153459,634.065,38679.16667,21.88407444,0.484884869,657.7393333,43899.45333,26.3850565,0.474305256,645.4026667,52928.42333,118,85,86,85,-0.620427225702691,-0.59599346618265,-0.881102415479132,-0.170757684365318,0.797942599802867
"2850-57730","2850-57806","2850-57730_2850-57806",1,"CHR",93,"CHR-93",0,7,6.642331491,7,4,"CHR_93_1",1,NA,0,5,"no",19.1,15.70236623,0.531579294,611.004,31498.94667,12.82672316,0.51832543,611.004,25730.40667,23.21604354,0.47011436,611.004,46571.38333,25.31275341,0.478724512,611.004,50777.38333,117,78.5,79,78.5,0.493393655352081,-0.418484510983941,-2.57390296734437,-0.531744862433722,-0.278442169691642,15.88,11.25502825,0.516086951,669.4676667,22577.58667,14.26422898,0.518970434,659.167,28614.04333,18.0460319,0.470292612,659.167,36200.34,17.57589232,0.493413321,659.167,35257.24,120.1666667,83.83333333,86,83.83333333,-0.791038680313578,-0.766188968724348,-1.73121899508845,-0.844654382153754,-1.1015839465002
"2850-57730","2850-57806","2850-57730_2850-57806",2,"CHR",93,"CHR-93",0,12,6.21442920225,3,8,"CHR_93_2",1,NA,0,4,"no",19.1,15.70236623,0.531579294,611.004,31498.94667,12.82672316,0.51832543,611.004,25730.40667,23.21604354,0.47011436,611.004,46571.38333,25.31275341,0.478724512,611.004,50777.38333,117,78.5,79,78.5,0.493393655352081,-0.418484510983941,-2.57390296734437,-0.531744862433722,-0.278442169691642,15.88,11.25502825,0.516086951,669.4676667,22577.58667,14.26422898,0.518970434,659.167,28614.04333,18.0460319,0.470292612,659.167,36200.34,17.57589232,0.493413321,659.167,35257.24,120.1666667,83.83333333,86,83.83333333,-0.791038680313578,-0.766188968724348,-1.73121899508845,-0.844654382153754,-1.1015839465002
"2850-57730","2850-57808","2850-57730_2850-57808",1,"CHR",93,"CHR-93",0,7,12.54316078,7,4,"CHR_93_1",1,NA,0,5,"no",19.1,15.70236623,0.531579294,611.004,31498.94667,12.82672316,0.51832543,611.004,25730.40667,23.21604354,0.47011436,611.004,46571.38333,25.31275341,0.478724512,611.004,50777.38333,117,78.5,79,78.5,0.493393655352081,-0.418484510983941,-2.57390296734437,-0.531744862433722,-0.278442169691642,17.44,11.46748421,0.514088925,678.7753333,23003.77333,15.37756564,0.515459018,659.167,30847.39667,20.6164008,0.49573159,641.3963333,41356.5,18.7548222,0.472216787,642.151,37622.17333,120.5,NA,100,100,1.57314861302708,-0.709680477568599,-1.54258636344907,-0.393340178166818,-0.847370430038086
"2850-57730","2850-57808","2850-57730_2850-57808",2,"CHR",93,"CHR-93",0,11,13.1855335345455,7,4,"CHR_93_2",1,NA,0,4,"no",19.1,15.70236623,0.531579294,611.004,31498.94667,12.82672316,0.51832543,611.004,25730.40667,23.21604354,0.47011436,611.004,46571.38333,25.31275341,0.478724512,611.004,50777.38333,117,78.5,79,78.5,0.493393655352081,-0.418484510983941,-2.57390296734437,-0.531744862433722,-0.278442169691642,17.44,11.46748421,0.514088925,678.7753333,23003.77333,15.37756564,0.515459018,659.167,30847.39667,20.6164008,0.49573159,641.3963333,41356.5,18.7548222,0.472216787,642.151,37622.17333,120.5,NA,100,100,1.57314861302708,-0.709680477568599,-1.54258636344907,-0.393340178166818,-0.847370430038086
"2850-57730","2850-57881","2850-57730_2850-57881",1,"CHR",93,"CHR-93",0,2,13.53847398,2,9,"CHR_93_1",1,NA,0,5,"no",19.1,15.70236623,0.531579294,611.004,31498.94667,12.82672316,0.51832543,611.004,25730.40667,23.21604354,0.47011436,611.004,46571.38333,25.31275341,0.478724512,611.004,50777.38333,117,78.5,79,78.5,0.493393655352081,-0.418484510983941,-2.57390296734437,-0.531744862433722,-0.278442169691642,16.55,11.73463277,0.535560863,644.7453333,23539.67333,21.93833167,0.494146676,611.004,44008.29333,26.56095214,0.438684751,643.7343333,53281.27,31.59365071,0.464706779,610.6836667,63376.86333,119.6666667,84.83333333,85.83333333,84.83333333,-0.644800291064927,-0.638624988986254,-0.430995767115722,0.650424573294177,1.92107559728725
"2850-57730","2850-57881","2850-57730_2850-57881",2,"CHR",93,"CHR-93",0,11,13.53847398,0,18,"CHR_93_2",1,NA,0,4,"no",19.1,15.70236623,0.531579294,611.004,31498.94667,12.82672316,0.51832543,611.004,25730.40667,23.21604354,0.47011436,611.004,46571.38333,25.31275341,0.478724512,611.004,50777.38333,117,78.5,79,78.5,0.493393655352081,-0.418484510983941,-2.57390296734437,-0.531744862433722,-0.278442169691642,16.55,11.73463277,0.535560863,644.7453333,23539.67333,21.93833167,0.494146676,611.004,44008.29333,26.56095214,0.438684751,643.7343333,53281.27,31.59365071,0.464706779,610.6836667,63376.86333,119.6666667,84.83333333,85.83333333,84.83333333,-0.644800291064927,-0.638624988986254,-0.430995767115722,0.650424573294177,1.92107559728725
"2850-57735","2640-97588","2850-57735_2640-97588",1,"CHR",37,"CHR-37",0,11,6.182950427,7,-4,"CHR_37_1",1,NA,0,4,"no",17.4,15.02817049,0.511186426,611.004,30146.51,30.99803589,0.422869341,611.004,62182.06,33.99968096,0.416986865,611.004,68203.36,30.60939349,0.449029891,611.004,61402.44333,116,78.5,79.66666667,78.5,0.493393655352081,-0.61199489055917,0.418553878723239,1.36488759755325,0.604355769503945,18.7,11.85018943,0.544837496,653.7273333,23771.48,14.45612662,0.507893605,610.6836667,28998.99,21.21705716,0.471668493,610.6836667,42561.41667,27.50362745,0.462396686,637.0386667,55172.27667,119,87,85,87,-0.327950447205388,-0.607889525035993,-1.69870577771304,-0.287874870450448,1.03914087582914
"2850-57735","2640-97588","2850-57735_2640-97588",2,"CHR",119,"CHR-119",0,10,4.930722336,3,-8,"CHR_119_2",1,NA,0,2,"no",17.4,15.02817049,0.511186426,611.004,30146.51,30.99803589,0.422869341,611.004,62182.06,33.99968096,0.416986865,611.004,68203.36,30.60939349,0.449029891,611.004,61402.44333,116,78.5,79.66666667,78.5,0.493393655352081,-0.61199489055917,0.418553878723239,1.36488759755325,0.604355769503945,18.7,11.85018943,0.544837496,653.7273333,23771.48,14.45612662,0.507893605,610.6836667,28998.99,21.21705716,0.471668493,610.6836667,42561.41667,27.50362745,0.462396686,637.0386667,55172.27667,119,87,85,87,-0.327950447205388,-0.607889525035993,-1.69870577771304,-0.287874870450448,1.03914087582914
"2850-57735","2640-97589","2850-57735_2640-97589",1,"CHR",37,"CHR-37",0,11,7.56711963,9,-2,"CHR_37_1",1,NA,0,4,"no",17.4,15.02817049,0.511186426,611.004,30146.51,30.99803589,0.422869341,611.004,62182.06,33.99968096,0.416986865,611.004,68203.36,30.60939349,0.449029891,611.004,61402.44333,116,78.5,79.66666667,78.5,0.493393655352081,-0.61199489055917,0.418553878723239,1.36488759755325,0.604355769503945,16.1,11.8153556,0.523609389,681.183,23701.60333,16.91354271,0.528785659,657.7393333,33928.56667,18.6526321,0.480672665,627.3723333,37417.18,20.65218677,0.48363622,650.113,41428.28667,119,99.66666667,98,99.66666667,1.52440248376499,-0.617154537768401,-1.28234576663637,-0.738145434585443,-0.438240313367936
"2850-57735","2640-97589","2850-57735_2640-97589",2,"CHR",119,"CHR-119",0,10,8.708483862,6,-5,"CHR_119_2",1,NA,0,2,"no",17.4,15.02817049,0.511186426,611.004,30146.51,30.99803589,0.422869341,611.004,62182.06,33.99968096,0.416986865,611.004,68203.36,30.60939349,0.449029891,611.004,61402.44333,116,78.5,79.66666667,78.5,0.493393655352081,-0.61199489055917,0.418553878723239,1.36488759755325,0.604355769503945,16.1,11.8153556,0.523609389,681.183,23701.60333,16.91354271,0.528785659,657.7393333,33928.56667,18.6526321,0.480672665,627.3723333,37417.18,20.65218677,0.48363622,650.113,41428.28667,119,99.66666667,98,99.66666667,1.52440248376499,-0.617154537768401,-1.28234576663637,-0.738145434585443,-0.438240313367936
"2850-57735","2811-83208","2850-57735_2811-83208",2,"CHR",119,"CHR-119",0,10,25.1203531,0,10,"CHR_119_2",1,NA,0,2,"no",17.4,15.02817049,0.511186426,611.004,30146.51,30.99803589,0.422869341,611.004,62182.06,33.99968096,0.416986865,611.004,68203.36,30.60939349,0.449029891,611.004,61402.44333,116,78.5,79.66666667,78.5,0.493393655352081,-0.61199489055917,0.418553878723239,1.36488759755325,0.604355769503945,16.9,18.73416916,0.484585352,611.004,37580.74333,21.00459455,0.486882121,610.6836667,42135.21667,26.39878531,0.450512144,610.6836667,52955.96333,23.23742606,0.475660646,611.004,46614.27667,118,87,89.5,87,-0.327950447205388,1.22309374175052,-0.589198848477454,0.621950764031026,0.119216734719535
"2850-57735","2811-83208","2850-57735_2811-83208",1,"CHR",37,"CHR-37",0,0,23.82884944,0,13,"CHR_37_1",1,NA,0,4,"no",17.4,15.02817049,0.511186426,611.004,30146.51,30.99803589,0.422869341,611.004,62182.06,33.99968096,0.416986865,611.004,68203.36,30.60939349,0.449029891,611.004,61402.44333,116,78.5,79.66666667,78.5,0.493393655352081,-0.61199489055917,0.418553878723239,1.36488759755325,0.604355769503945,16.9,18.73416916,0.484585352,611.004,37580.74333,21.00459455,0.486882121,610.6836667,42135.21667,26.39878531,0.450512144,610.6836667,52955.96333,23.23742606,0.475660646,611.004,46614.27667,118,87,89.5,87,-0.327950447205388,1.22309374175052,-0.589198848477454,0.621950764031026,0.119216734719535
"2850-57735","2850-57567","2850-57735_2850-57567",2,"CHR",119,"CHR-119",0,2,4.419706235,0,-41,"CHR_119_2",1,NA,0,2,"no",17.4,15.02817049,0.511186426,611.004,30146.51,30.99803589,0.422869341,611.004,62182.06,33.99968096,0.416986865,611.004,68203.36,30.60939349,0.449029891,611.004,61402.44333,116,78.5,79.66666667,78.5,0.493393655352081,-0.61199489055917,0.418553878723239,1.36488759755325,0.604355769503945,16.6,10.56012296,0.52180729,667.1156667,21183.60667,26.35612994,0.49271154,611.3883333,52870.39667,22.28285809,0.48721335,606.0566667,44699.41333,16.73888169,0.511359264,628.0706667,33578.19667,121.5,102.1666667,102.5,102.1666667,1.88999846127377,-0.951018094883241,0.317511799070068,-0.100737880763292,-1.28206916379613
"2850-57735","2850-57567","2850-57735_2850-57567",1,"CHR",37,"CHR-37",0,0,4.954167402,0,11,"CHR_37_1",1,NA,0,4,"no",17.4,15.02817049,0.511186426,611.004,30146.51,30.99803589,0.422869341,611.004,62182.06,33.99968096,0.416986865,611.004,68203.36,30.60939349,0.449029891,611.004,61402.44333,116,78.5,79.66666667,78.5,0.493393655352081,-0.61199489055917,0.418553878723239,1.36488759755325,0.604355769503945,16.6,10.56012296,0.52180729,667.1156667,21183.60667,26.35612994,0.49271154,611.3883333,52870.39667,22.28285809,0.48721335,606.0566667,44699.41333,16.73888169,0.511359264,628.0706667,33578.19667,121.5,102.1666667,102.5,102.1666667,1.88999846127377,-0.951018094883241,0.317511799070068,-0.100737880763292,-1.28206916379613
"2850-57735","2850-57570","2850-57735_2850-57570",2,"CHR",119,"CHR-119",0,10,2.733275882,1,-9,"CHR_119_2",1,NA,0,2,"no",17.4,15.02817049,0.511186426,611.004,30146.51,30.99803589,0.422869341,611.004,62182.06,33.99968096,0.416986865,611.004,68203.36,30.60939349,0.449029891,611.004,61402.44333,116,78.5,79.66666667,78.5,0.493393655352081,-0.61199489055917,0.418553878723239,1.36488759755325,0.604355769503945,16.51,16.84077767,0.501161039,611.004,33782.6,23.06811898,0.49586693,611.004,46274.64667,25.67366733,0.443766873,611.004,51501.37667,19.07592556,0.494641169,627.6863333,38266.30667,121.5,90,NA,90,0.110764720540566,0.719494330997171,-0.239575901827104,0.494632057389222,-0.778130676530947
"2850-57735","2850-57570","2850-57735_2850-57570",1,"CHR",37,"CHR-37",0,0,3.830270619,0,23,"CHR_37_1",1,NA,0,4,"no",17.4,15.02817049,0.511186426,611.004,30146.51,30.99803589,0.422869341,611.004,62182.06,33.99968096,0.416986865,611.004,68203.36,30.60939349,0.449029891,611.004,61402.44333,116,78.5,79.66666667,78.5,0.493393655352081,-0.61199489055917,0.418553878723239,1.36488759755325,0.604355769503945,16.51,16.84077767,0.501161039,611.004,33782.6,23.06811898,0.49586693,611.004,46274.64667,25.67366733,0.443766873,611.004,51501.37667,19.07592556,0.494641169,627.6863333,38266.30667,121.5,90,NA,90,0.110764720540566,0.719494330997171,-0.239575901827104,0.494632057389222,-0.778130676530947
"2850-57735","2850-57577","2850-57735_2850-57577",2,"CHR",119,"CHR-119",0,10,4.839970372,0,20,"CHR_119_2",1,NA,0,2,"no",17.4,15.02817049,0.511186426,611.004,30146.51,30.99803589,0.422869341,611.004,62182.06,33.99968096,0.416986865,611.004,68203.36,30.60939349,0.449029891,611.004,61402.44333,116,78.5,79.66666667,78.5,0.493393655352081,-0.61199489055917,0.418553878723239,1.36488759755325,0.604355769503945,18.2,20.92472416,0.512057073,676.164,41974.99667,28.83623131,0.475799583,625.399,57845.48,28.80829345,0.443602398,627.1216667,57789.43667,29.54534563,0.455136562,636.0576667,59267.96333,119,90.83333333,91.16666667,90.83333333,0.232630044426981,1.80573194047972,0.737715377164354,1.04502048301344,1.47939806751422
"2850-57735","2850-57577","2850-57735_2850-57577",1,"CHR",37,"CHR-37",0,0,5.803417779,0,23,"CHR_37_1",1,NA,0,4,"no",17.4,15.02817049,0.511186426,611.004,30146.51,30.99803589,0.422869341,611.004,62182.06,33.99968096,0.416986865,611.004,68203.36,30.60939349,0.449029891,611.004,61402.44333,116,78.5,79.66666667,78.5,0.493393655352081,-0.61199489055917,0.418553878723239,1.36488759755325,0.604355769503945,18.2,20.92472416,0.512057073,676.164,41974.99667,28.83623131,0.475799583,625.399,57845.48,28.80829345,0.443602398,627.1216667,57789.43667,29.54534563,0.455136562,636.0576667,59267.96333,119,90.83333333,91.16666667,90.83333333,0.232630044426981,1.80573194047972,0.737715377164354,1.04502048301344,1.47939806751422
"2850-57735","2850-57578","2850-57735_2850-57578",2,"CHR",119,"CHR-119",0,10,6.33536267,0,17,"CHR_119_2",1,NA,0,2,"no",17.4,15.02817049,0.511186426,611.004,30146.51,30.99803589,0.422869341,611.004,62182.06,33.99968096,0.416986865,611.004,68203.36,30.60939349,0.449029891,611.004,61402.44333,116,78.5,79.66666667,78.5,0.493393655352081,-0.61199489055917,0.418553878723239,1.36488759755325,0.604355769503945,17.2,10.81633932,0.556799001,678.4426667,21697.57667,15.67680791,0.517385329,657.4626667,31447.67667,20.72179628,0.496782872,642.7923333,41567.92333,11.67128448,0.547842632,659.167,23412.59667,119,91.5,91.5,91.5,0.330122304413543,-0.882870324808829,-1.49188574528399,-0.374834477619313,-2.37479887454678
"2850-57735","2850-57578","2850-57735_2850-57578",1,"CHR",37,"CHR-37",0,0,5.087005516,0,19,"CHR_37_1",1,NA,0,4,"no",17.4,15.02817049,0.511186426,611.004,30146.51,30.99803589,0.422869341,611.004,62182.06,33.99968096,0.416986865,611.004,68203.36,30.60939349,0.449029891,611.004,61402.44333,116,78.5,79.66666667,78.5,0.493393655352081,-0.61199489055917,0.418553878723239,1.36488759755325,0.604355769503945,17.2,10.81633932,0.556799001,678.4426667,21697.57667,15.67680791,0.517385329,657.4626667,31447.67667,20.72179628,0.496782872,642.7923333,41567.92333,11.67128448,0.547842632,659.167,23412.59667,119,91.5,91.5,91.5,0.330122304413543,-0.882870324808829,-1.49188574528399,-0.374834477619313,-2.37479887454678
"2850-57735","2850-57579","2850-57735_2850-57579",1,"CHR",37,"CHR-37",0,5,12.76124342,5,6,"CHR_37_1",1,NA,0,4,"no",17.4,15.02817049,0.511186426,611.004,30146.51,30.99803589,0.422869341,611.004,62182.06,33.99968096,0.416986865,611.004,68203.36,30.60939349,0.449029891,611.004,61402.44333,116,78.5,79.66666667,78.5,0.493393655352081,-0.61199489055917,0.418553878723239,1.36488759755325,0.604355769503945,16.3,11.31949153,0.533256519,660.737,22706.9,24.77905949,0.48852106,617.005,49706.79333,18.07848455,0.49353373,627.3723333,36265.44,24.4043104,0.499147361,611.004,48955.04667,118.5,93.5,92,93.5,0.622599082910845,-0.749043190899379,0.0503087508346794,-0.838956234350139,0.37083286253875
"2850-57735","2850-57579","2850-57735_2850-57579",2,"CHR",119,"CHR-119",0,10,15.23840261,0,-21,"CHR_119_2",1,NA,0,2,"no",17.4,15.02817049,0.511186426,611.004,30146.51,30.99803589,0.422869341,611.004,62182.06,33.99968096,0.416986865,611.004,68203.36,30.60939349,0.449029891,611.004,61402.44333,116,78.5,79.66666667,78.5,0.493393655352081,-0.61199489055917,0.418553878723239,1.36488759755325,0.604355769503945,16.3,11.31949153,0.533256519,660.737,22706.9,24.77905949,0.48852106,617.005,49706.79333,18.07848455,0.49353373,627.3723333,36265.44,24.4043104,0.499147361,611.004,48955.04667,118.5,93.5,92,93.5,0.622599082910845,-0.749043190899379,0.0503087508346794,-0.838956234350139,0.37083286253875
"2850-57735","2850-57580","2850-57735_2850-57580",2,"CHR",119,"CHR-119",0,4,19.95594998,0,-38,"CHR_119_2",1,NA,0,2,"no",17.4,15.02817049,0.511186426,611.004,30146.51,30.99803589,0.422869341,611.004,62182.06,33.99968096,0.416986865,611.004,68203.36,30.60939349,0.449029891,611.004,61402.44333,116,78.5,79.66666667,78.5,0.493393655352081,-0.61199489055917,0.418553878723239,1.36488759755325,0.604355769503945,16.2,9.142844799,0.560214832,667.427,18340.54667,27.48113161,0.465556814,625.399,55127.15,22.9424111,0.468469624,647.108,46022.47667,30.74621137,0.465611781,608.7603333,61676.9,117.5,87.83333333,NA,87.83333333,-0.206085123318973,-1.32798210392354,0.508120833367745,0.0150687031458652,1.73834162958958
"2850-57735","2850-57580","2850-57735_2850-57580",1,"CHR",37,"CHR-37",0,0,18.65820611,0,14,"CHR_37_1",1,NA,0,4,"no",17.4,15.02817049,0.511186426,611.004,30146.51,30.99803589,0.422869341,611.004,62182.06,33.99968096,0.416986865,611.004,68203.36,30.60939349,0.449029891,611.004,61402.44333,116,78.5,79.66666667,78.5,0.493393655352081,-0.61199489055917,0.418553878723239,1.36488759755325,0.604355769503945,16.2,9.142844799,0.560214832,667.427,18340.54667,27.48113161,0.465556814,625.399,55127.15,22.9424111,0.468469624,647.108,46022.47667,30.74621137,0.465611781,608.7603333,61676.9,117.5,87.83333333,NA,87.83333333,-0.206085123318973,-1.32798210392354,0.508120833367745,0.0150687031458652,1.73834162958958
"2850-57735","2850-57581","2850-57735_2850-57581",1,"CHR",37,"CHR-37",0,7,18.25762852,7,4,"CHR_37_1",1,NA,0,4,"no",17.4,15.02817049,0.511186426,611.004,30146.51,30.99803589,0.422869341,611.004,62182.06,33.99968096,0.416986865,611.004,68203.36,30.60939349,0.449029891,611.004,61402.44333,116,78.5,79.66666667,78.5,0.493393655352081,-0.61199489055917,0.418553878723239,1.36488759755325,0.604355769503945,15.5,12.5018158,0.557442636,674.1035,25078.6425,18.94245264,0.521103483,641.0916667,37998.56,27.0381655,0.472765016,616.0483333,54238.56,19.62838485,0.524143762,664.102,39374.54,116,82.5,83,82.5,-0.986023198824319,-0.434571614980667,-0.938587554762546,0.734215334884986,-0.659003473806166
"2850-57735","2850-57581","2850-57735_2850-57581",2,"CHR",119,"CHR-119",0,10,21.113874055,9,1,"CHR_119_2",1,NA,0,2,"no",17.4,15.02817049,0.511186426,611.004,30146.51,30.99803589,0.422869341,611.004,62182.06,33.99968096,0.416986865,611.004,68203.36,30.60939349,0.449029891,611.004,61402.44333,116,78.5,79.66666667,78.5,0.493393655352081,-0.61199489055917,0.418553878723239,1.36488759755325,0.604355769503945,15.5,12.5018158,0.557442636,674.1035,25078.6425,18.94245264,0.521103483,641.0916667,37998.56,27.0381655,0.472765016,616.0483333,54238.56,19.62838485,0.524143762,664.102,39374.54,116,82.5,83,82.5,-0.986023198824319,-0.434571614980667,-0.938587554762546,0.734215334884986,-0.659003473806166
"2850-57735","2850-57582","2850-57735_2850-57582",2,"CHR",119,"CHR-119",0,10,21.65584922,0,12,"CHR_119_2",1,NA,0,2,"no",17.4,15.02817049,0.511186426,611.004,30146.51,30.99803589,0.422869341,611.004,62182.06,33.99968096,0.416986865,611.004,68203.36,30.60939349,0.449029891,611.004,61402.44333,116,78.5,79.66666667,78.5,0.493393655352081,-0.61199489055917,0.418553878723239,1.36488759755325,0.604355769503945,15.9,NA,NA,NA,NA,28.49882187,0.467628455,626.7313333,57168.63667,24.79582419,0.471185748,627.0583333,49740.42333,10.86734629,0.526212895,643.7406667,21799.89667,118,88.5,86,88.5,-0.108592863332411,NA,0.68054809534039,0.340497342347155,-2.54815265729939
"2850-57735","2850-57582","2850-57735_2850-57582",1,"CHR",37,"CHR-37",0,0,20.26834346,0,12,"CHR_37_1",1,NA,0,4,"no",17.4,15.02817049,0.511186426,611.004,30146.51,30.99803589,0.422869341,611.004,62182.06,33.99968096,0.416986865,611.004,68203.36,30.60939349,0.449029891,611.004,61402.44333,116,78.5,79.66666667,78.5,0.493393655352081,-0.61199489055917,0.418553878723239,1.36488759755325,0.604355769503945,15.9,NA,NA,NA,NA,28.49882187,0.467628455,626.7313333,57168.63667,24.79582419,0.471185748,627.0583333,49740.42333,10.86734629,0.526212895,643.7406667,21799.89667,118,88.5,86,88.5,-0.108592863332411,NA,0.68054809534039,0.340497342347155,-2.54815265729939
"2850-57735","2850-57589","2850-57735_2850-57589",1,"CHR",37,"CHR-37",0,1,13.19604684,1,10,"CHR_37_1",1,NA,0,4,"no",17.4,15.02817049,0.511186426,611.004,30146.51,30.99803589,0.422869341,611.004,62182.06,33.99968096,0.416986865,611.004,68203.36,30.60939349,0.449029891,611.004,61402.44333,116,78.5,79.66666667,78.5,0.493393655352081,-0.61199489055917,0.418553878723239,1.36488759755325,0.604355769503945,17.5,12.65077601,0.531237153,675.7903333,25377.45667,16.92662014,0.501144529,627.3723333,33954.8,19.27879528,0.490091496,643.7406667,38673.26333,19.52571951,0.519492939,627.6863333,39168.59333,119.8333333,97,96.5,97,1.13443344528112,-0.394951560502818,-1.28013005765578,-0.628201551764721,-0.681141276522795
"2850-57735","2850-57589","2850-57735_2850-57589",2,"CHR",119,"CHR-119",0,10,14.39212692,0,11,"CHR_119_2",1,NA,0,2,"no",17.4,15.02817049,0.511186426,611.004,30146.51,30.99803589,0.422869341,611.004,62182.06,33.99968096,0.416986865,611.004,68203.36,30.60939349,0.449029891,611.004,61402.44333,116,78.5,79.66666667,78.5,0.493393655352081,-0.61199489055917,0.418553878723239,1.36488759755325,0.604355769503945,17.5,12.65077601,0.531237153,675.7903333,25377.45667,16.92662014,0.501144529,627.3723333,33954.8,19.27879528,0.490091496,643.7406667,38673.26333,19.52571951,0.519492939,627.6863333,39168.59333,119.8333333,97,96.5,97,1.13443344528112,-0.394951560502818,-1.28013005765578,-0.628201551764721,-0.681141276522795
"2850-57735","2850-57620","2850-57735_2850-57620",2,"CHR",119,"CHR-119",0,10,4.115009989,0,10,"CHR_119_2",1,NA,0,2,"no",17.4,15.02817049,0.511186426,611.004,30146.51,30.99803589,0.422869341,611.004,62182.06,33.99968096,0.416986865,611.004,68203.36,30.60939349,0.449029891,611.004,61402.44333,116,78.5,79.66666667,78.5,0.493393655352081,-0.61199489055917,0.418553878723239,1.36488759755325,0.604355769503945,18.2,8.903889997,0.510576941,627.6863333,17861.20333,21.60838485,0.492100236,611.004,43346.42,22.72290794,0.464821292,611.004,45582.15333,21.84048023,0.466018925,627.6863333,43812.00333,121,87,84,87,-0.327950447205388,-1.39153868908802,-0.486898657224134,-0.0234724159627646,-0.182007721268793
"2850-57735","2850-57620","2850-57735_2850-57620",1,"CHR",37,"CHR-37",0,0,3.233357068,0,13,"CHR_37_1",1,NA,0,4,"no",17.4,15.02817049,0.511186426,611.004,30146.51,30.99803589,0.422869341,611.004,62182.06,33.99968096,0.416986865,611.004,68203.36,30.60939349,0.449029891,611.004,61402.44333,116,78.5,79.66666667,78.5,0.493393655352081,-0.61199489055917,0.418553878723239,1.36488759755325,0.604355769503945,18.2,8.903889997,0.510576941,627.6863333,17861.20333,21.60838485,0.492100236,611.004,43346.42,22.72290794,0.464821292,611.004,45582.15333,21.84048023,0.466018925,627.6863333,43812.00333,121,87,84,87,-0.327950447205388,-1.39153868908802,-0.486898657224134,-0.0234724159627646,-0.182007721268793
"2850-57735","2850-57647","2850-57735_2850-57647",2,"CHR",119,"CHR-119",0,10,8.702820146,0,20,"CHR_119_2",1,NA,0,2,"no",17.4,15.02817049,0.511186426,611.004,30146.51,30.99803589,0.422869341,611.004,62182.06,33.99968096,0.416986865,611.004,68203.36,30.60939349,0.449029891,611.004,61402.44333,116,78.5,79.66666667,78.5,0.493393655352081,-0.61199489055917,0.418553878723239,1.36488759755325,0.604355769503945,15.8,12.89783981,0.543297932,643.7406667,25873.06667,28.1838767,0.473800388,617.439,56536.85667,25.45478232,0.436115595,638.1653333,51062.29333,20.55910934,0.502370676,626.097,41241.57333,122.1666667,85.83333333,87.33333333,85.83333333,-0.498561901816276,-0.329238164855052,0.627186934809475,0.456199475181733,-0.458310668004767
"2850-57735","2850-57647","2850-57735_2850-57647",1,"CHR",37,"CHR-37",0,0,7.583785867,0,18,"CHR_37_1",1,NA,0,4,"no",17.4,15.02817049,0.511186426,611.004,30146.51,30.99803589,0.422869341,611.004,62182.06,33.99968096,0.416986865,611.004,68203.36,30.60939349,0.449029891,611.004,61402.44333,116,78.5,79.66666667,78.5,0.493393655352081,-0.61199489055917,0.418553878723239,1.36488759755325,0.604355769503945,15.8,12.89783981,0.543297932,643.7406667,25873.06667,28.1838767,0.473800388,617.439,56536.85667,25.45478232,0.436115595,638.1653333,51062.29333,20.55910934,0.502370676,626.097,41241.57333,122.1666667,85.83333333,87.33333333,85.83333333,-0.498561901816276,-0.329238164855052,0.627186934809475,0.456199475181733,-0.458310668004767
"2850-57735","2850-57653","2850-57735_2850-57653",2,"CHR",119,"CHR-119",0,10,7.313678212,5,-6,"CHR_119_2",1,NA,0,2,"no",17.4,15.02817049,0.511186426,611.004,30146.51,30.99803589,0.422869341,611.004,62182.06,33.99968096,0.416986865,611.004,68203.36,30.60939349,0.449029891,611.004,61402.44333,116,78.5,79.66666667,78.5,0.493393655352081,-0.61199489055917,0.418553878723239,1.36488759755325,0.604355769503945,16.37,8.467490861,0.535457505,660.1716667,16985.78667,27.15053506,0.465647634,659.167,54463.97333,21.8547225,0.470898637,665.8,43840.57333,15.40861914,0.497215455,659.167,30909.69,119.3333333,78,76.33333333,78,-1.64409595044325,-1.50761101163916,0.452107859504655,-0.175911398852204,-1.56891465511013
"2850-57735","2850-57653","2850-57735_2850-57653",1,"CHR",37,"CHR-37",0,0,6.364195425,0,13,"CHR_37_1",1,NA,0,4,"no",17.4,15.02817049,0.511186426,611.004,30146.51,30.99803589,0.422869341,611.004,62182.06,33.99968096,0.416986865,611.004,68203.36,30.60939349,0.449029891,611.004,61402.44333,116,78.5,79.66666667,78.5,0.493393655352081,-0.61199489055917,0.418553878723239,1.36488759755325,0.604355769503945,16.37,8.467490861,0.535457505,660.1716667,16985.78667,27.15053506,0.465647634,659.167,54463.97333,21.8547225,0.470898637,665.8,43840.57333,15.40861914,0.497215455,659.167,30909.69,119.3333333,78,76.33333333,78,-1.64409595044325,-1.50761101163916,0.452107859504655,-0.175911398852204,-1.56891465511013
"2850-57735","2850-57669","2850-57735_2850-57669",2,"CHR",119,"CHR-119",0,10,6.892885156,4,-3,"CHR_119_2",1,NA,0,2,"no",17.4,15.02817049,0.511186426,611.004,30146.51,30.99803589,0.422869341,611.004,62182.06,33.99968096,0.416986865,611.004,68203.36,30.60939349,0.449029891,611.004,61402.44333,116,78.5,79.66666667,78.5,0.493393655352081,-0.61199489055917,0.418553878723239,1.36488759755325,0.604355769503945,17.82,14.07982054,0.504204618,611.004,28244.12,27.72719176,0.47617904,611.004,55620.74667,17.24374875,0.494612283,611.004,34590.96,18.57412762,0.508699718,611.004,37259.7,123.8333333,89.66666667,90,89.66666667,0.0620185912784761,-0.0148579628241403,0.549810804877425,-0.985522014505819,-0.886333735122392
"2850-57735","2850-57669","2850-57735_2850-57669",1,"CHR",37,"CHR-37",0,0,5.832752902,0,13,"CHR_37_1",1,NA,0,4,"no",17.4,15.02817049,0.511186426,611.004,30146.51,30.99803589,0.422869341,611.004,62182.06,33.99968096,0.416986865,611.004,68203.36,30.60939349,0.449029891,611.004,61402.44333,116,78.5,79.66666667,78.5,0.493393655352081,-0.61199489055917,0.418553878723239,1.36488759755325,0.604355769503945,17.82,14.07982054,0.504204618,611.004,28244.12,27.72719176,0.47617904,611.004,55620.74667,17.24374875,0.494612283,611.004,34590.96,18.57412762,0.508699718,611.004,37259.7,123.8333333,89.66666667,90,89.66666667,0.0620185912784761,-0.0148579628241403,0.549810804877425,-0.985522014505819,-0.886333735122392
"2850-57735","2850-57671","2850-57735_2850-57671",2,"CHR",119,"CHR-119",0,8,24.52654894,0,-35,"CHR_119_2",1,NA,0,2,"no",17.4,15.02817049,0.511186426,611.004,30146.51,30.99803589,0.422869341,611.004,62182.06,33.99968096,0.416986865,611.004,68203.36,30.60939349,0.449029891,611.004,61402.44333,116,78.5,79.66666667,78.5,0.493393655352081,-0.61199489055917,0.418553878723239,1.36488759755325,0.604355769503945,17.53,16.28350449,0.48181303,667.733,32664.71,28.84180791,0.479499655,593.4133333,57856.66667,23.68146062,0.459973843,641.034,47505.01,25.7482569,0.475226128,607.0326667,51651.00333,117.8333333,75.83333333,83.16666667,75.83333333,-1.96094579430279,0.571272240341928,0.738660220509044,0.144833557453636,0.660629034048076
"2850-57735","2850-57671","2850-57735_2850-57671",1,"CHR",37,"CHR-37",0,0,23.14825038,0,17,"CHR_37_1",1,NA,0,4,"no",17.4,15.02817049,0.511186426,611.004,30146.51,30.99803589,0.422869341,611.004,62182.06,33.99968096,0.416986865,611.004,68203.36,30.60939349,0.449029891,611.004,61402.44333,116,78.5,79.66666667,78.5,0.493393655352081,-0.61199489055917,0.418553878723239,1.36488759755325,0.604355769503945,17.53,16.28350449,0.48181303,667.733,32664.71,28.84180791,0.479499655,593.4133333,57856.66667,23.68146062,0.459973843,641.034,47505.01,25.7482569,0.475226128,607.0326667,51651.00333,117.8333333,75.83333333,83.16666667,75.83333333,-1.96094579430279,0.571272240341928,0.738660220509044,0.144833557453636,0.660629034048076
"2850-57735","2850-57731","2850-57735_2850-57731",1,"CHR",37,"CHR-37",0,11,7.951105173,6,-5,"CHR_37_1",1,NA,0,4,"no",17.4,15.02817049,0.511186426,611.004,30146.51,30.99803589,0.422869341,611.004,62182.06,33.99968096,0.416986865,611.004,68203.36,30.60939349,0.449029891,611.004,61402.44333,116,78.5,79.66666667,78.5,0.493393655352081,-0.61199489055917,0.418553878723239,1.36488759755325,0.604355769503945,15.9,10.9634214,0.500436597,689.138,21992.62333,23.24545364,0.49159359,611.004,46630.38,18.5751562,0.456752009,611.004,37261.76333,24.60593387,0.474122334,611.004,49359.50333,119,91,92.33333333,91,0.257003109789217,-0.84374981052978,-0.209530090170569,-0.751748919336863,0.414309079555146
"2850-57735","2850-57731","2850-57735_2850-57731",2,"CHR",119,"CHR-119",0,10,5.547123721,2,-8,"CHR_119_2",1,NA,0,2,"no",17.4,15.02817049,0.511186426,611.004,30146.51,30.99803589,0.422869341,611.004,62182.06,33.99968096,0.416986865,611.004,68203.36,30.60939349,0.449029891,611.004,61402.44333,116,78.5,79.66666667,78.5,0.493393655352081,-0.61199489055917,0.418553878723239,1.36488759755325,0.604355769503945,15.9,10.9634214,0.500436597,689.138,21992.62333,23.24545364,0.49159359,611.004,46630.38,18.5751562,0.456752009,611.004,37261.76333,24.60593387,0.474122334,611.004,49359.50333,119,91,92.33333333,91,0.257003109789217,-0.84374981052978,-0.209530090170569,-0.751748919336863,0.414309079555146
"2850-57735","2850-57733","2850-57735_2850-57733",2,"CHR",119,"CHR-119",0,10,17.40510129,0,-14,"CHR_119_2",1,NA,0,2,"no",17.4,15.02817049,0.511186426,611.004,30146.51,30.99803589,0.422869341,611.004,62182.06,33.99968096,0.416986865,611.004,68203.36,30.60939349,0.449029891,611.004,61402.44333,116,78.5,79.66666667,78.5,0.493393655352081,-0.61199489055917,0.418553878723239,1.36488759755325,0.604355769503945,15.66,14.84394317,0.488091858,680.0823333,29776.95,20.45213858,0.480742509,611.004,41026.99,22.3788767,0.481773003,627.3723333,44892.02667,18.61630941,0.474711747,611.004,37344.31667,121.6666667,NA,102,102,1.86562539152438,0.188381413841325,-0.682801464137293,-0.0838786032720019,-0.877238044743787
"2850-57735","2850-57733","2850-57735_2850-57733",1,"CHR",37,"CHR-37",0,0,16.11066156,0,38,"CHR_37_1",1,NA,0,4,"no",17.4,15.02817049,0.511186426,611.004,30146.51,30.99803589,0.422869341,611.004,62182.06,33.99968096,0.416986865,611.004,68203.36,30.60939349,0.449029891,611.004,61402.44333,116,78.5,79.66666667,78.5,0.493393655352081,-0.61199489055917,0.418553878723239,1.36488759755325,0.604355769503945,15.66,14.84394317,0.488091858,680.0823333,29776.95,20.45213858,0.480742509,611.004,41026.99,22.3788767,0.481773003,627.3723333,44892.02667,18.61630941,0.474711747,611.004,37344.31667,121.6666667,NA,102,102,1.86562539152438,0.188381413841325,-0.682801464137293,-0.0838786032720019,-0.877238044743787
"2850-57735","2850-57742","2850-57735_2850-57742",1,"CHR",37,"CHR-37",0,8,10.03025266,8,3,"CHR_37_1",1,NA,0,4,"no",17.4,15.02817049,0.511186426,611.004,30146.51,30.99803589,0.422869341,611.004,62182.06,33.99968096,0.416986865,611.004,68203.36,30.60939349,0.449029891,611.004,61402.44333,116,78.5,79.66666667,78.5,0.493393655352081,-0.61199489055917,0.418553878723239,1.36488759755325,0.604355769503945,16.98,13.00562645,0.511030769,671.763,26089.28667,26.1463443,0.49002744,625.0783333,52449.56667,26.30566135,0.456120566,609.081,52769.15667,22.8044882,0.51172569,659.167,45745.80333,118,93,92,93,0.54947988828652,-0.300569350889335,0.281967817833205,0.605599739133584,0.0258620257862253
"2850-57735","2850-57742","2850-57735_2850-57742",2,"CHR",119,"CHR-119",0,10,12.97465314,8,-3,"CHR_119_2",1,NA,0,2,"no",17.4,15.02817049,0.511186426,611.004,30146.51,30.99803589,0.422869341,611.004,62182.06,33.99968096,0.416986865,611.004,68203.36,30.60939349,0.449029891,611.004,61402.44333,116,78.5,79.66666667,78.5,0.493393655352081,-0.61199489055917,0.418553878723239,1.36488759755325,0.604355769503945,16.98,13.00562645,0.511030769,671.763,26089.28667,26.1463443,0.49002744,625.0783333,52449.56667,26.30566135,0.456120566,609.081,52769.15667,22.8044882,0.51172569,659.167,45745.80333,118,93,92,93,0.54947988828652,-0.300569350889335,0.281967817833205,0.605599739133584,0.0258620257862253
"2850-57735","2850-57744","2850-57735_2850-57744",2,"CHR",119,"CHR-119",0,10,22.14734614,0,21,"CHR_119_2",1,NA,0,2,"no",17.4,15.02817049,0.511186426,611.004,30146.51,30.99803589,0.422869341,611.004,62182.06,33.99968096,0.416986865,611.004,68203.36,30.60939349,0.449029891,611.004,61402.44333,116,78.5,79.66666667,78.5,0.493393655352081,-0.61199489055917,0.418553878723239,1.36488759755325,0.604355769503945,14.77,24.63866733,0.441897015,611.004,49425.16667,20.45419575,0.491736389,610.6836667,41031.11667,20.25567464,0.470934773,627.6863333,40632.88333,16.45550847,0.489979153,643.7406667,33009.75,116,84.5,NA,84.5,-0.693546420327017,2.79355701620318,-0.682452917821725,-0.456677716898191,-1.34317313948584
"2850-57735","2850-57744","2850-57735_2850-57744",1,"CHR",37,"CHR-37",0,0,20.91227874,0,21,"CHR_37_1",1,NA,0,4,"no",17.4,15.02817049,0.511186426,611.004,30146.51,30.99803589,0.422869341,611.004,62182.06,33.99968096,0.416986865,611.004,68203.36,30.60939349,0.449029891,611.004,61402.44333,116,78.5,79.66666667,78.5,0.493393655352081,-0.61199489055917,0.418553878723239,1.36488759755325,0.604355769503945,14.77,24.63866733,0.441897015,611.004,49425.16667,20.45419575,0.491736389,610.6836667,41031.11667,20.25567464,0.470934773,627.6863333,40632.88333,16.45550847,0.489979153,643.7406667,33009.75,116,84.5,NA,84.5,-0.693546420327017,2.79355701620318,-0.682452917821725,-0.456677716898191,-1.34317313948584
"2850-57735","2850-57745","2850-57735_2850-57745",1,"CHR",37,"CHR-37",0,3,4.955656293,3,8,"CHR_37_1",1,NA,0,4,"no",17.4,15.02817049,0.511186426,611.004,30146.51,30.99803589,0.422869341,611.004,62182.06,33.99968096,0.416986865,611.004,68203.36,30.60939349,0.449029891,611.004,61402.44333,116,78.5,79.66666667,78.5,0.493393655352081,-0.61199489055917,0.418553878723239,1.36488759755325,0.604355769503945,16.33,11.89491525,0.520998035,667.1156667,23861.2,19.28173812,0.496153459,634.065,38679.16667,21.88407444,0.484884869,657.7393333,43899.45333,26.3850565,0.474305256,645.4026667,52928.42333,118,85,86,85,-0.620427225702691,-0.59599346618265,-0.881102415479132,-0.170757684365318,0.797942599802867
"2850-57735","2850-57745","2850-57735_2850-57745",2,"CHR",119,"CHR-119",0,10,3.134884851,0,-9,"CHR_119_2",1,NA,0,2,"no",17.4,15.02817049,0.511186426,611.004,30146.51,30.99803589,0.422869341,611.004,62182.06,33.99968096,0.416986865,611.004,68203.36,30.60939349,0.449029891,611.004,61402.44333,116,78.5,79.66666667,78.5,0.493393655352081,-0.61199489055917,0.418553878723239,1.36488759755325,0.604355769503945,16.33,11.89491525,0.520998035,667.1156667,23861.2,19.28173812,0.496153459,634.065,38679.16667,21.88407444,0.484884869,657.7393333,43899.45333,26.3850565,0.474305256,645.4026667,52928.42333,118,85,86,85,-0.620427225702691,-0.59599346618265,-0.881102415479132,-0.170757684365318,0.797942599802867
"2850-57735","2850-57806","2850-57735_2850-57806",1,"CHR",37,"CHR-37",1,11,0.08,11,0,"CHR_37_1",1,"wp",2,4,"yes",17.4,15.02817049,0.511186426,611.004,30146.51,30.99803589,0.422869341,611.004,62182.06,33.99968096,0.416986865,611.004,68203.36,30.60939349,0.449029891,611.004,61402.44333,116,78.5,79.66666667,78.5,0.493393655352081,-0.61199489055917,0.418553878723239,1.36488759755325,0.604355769503945,15.88,11.25502825,0.516086951,669.4676667,22577.58667,14.26422898,0.518970434,659.167,28614.04333,18.0460319,0.470292612,659.167,36200.34,17.57589232,0.493413321,659.167,35257.24,120.1666667,83.83333333,86,83.83333333,-0.791038680313578,-0.766188968724348,-1.73121899508845,-0.844654382153754,-1.1015839465002
"2850-57735","2850-57806","2850-57735_2850-57806",2,"CHR",119,"CHR-119",1,11,0.08,10,0,"CHR_119_2",1,"wp",2,2,"yes",17.4,15.02817049,0.511186426,611.004,30146.51,30.99803589,0.422869341,611.004,62182.06,33.99968096,0.416986865,611.004,68203.36,30.60939349,0.449029891,611.004,61402.44333,116,78.5,79.66666667,78.5,0.493393655352081,-0.61199489055917,0.418553878723239,1.36488759755325,0.604355769503945,15.88,11.25502825,0.516086951,669.4676667,22577.58667,14.26422898,0.518970434,659.167,28614.04333,18.0460319,0.470292612,659.167,36200.34,17.57589232,0.493413321,659.167,35257.24,120.1666667,83.83333333,86,83.83333333,-0.791038680313578,-0.766188968724348,-1.73121899508845,-0.844654382153754,-1.1015839465002
"2850-57735","2850-57808","2850-57735_2850-57808",1,"CHR",37,"CHR-37",0,11,7.100758995,11,0,"CHR_37_1",1,"ep_same",2,4,"yes",17.4,15.02817049,0.511186426,611.004,30146.51,30.99803589,0.422869341,611.004,62182.06,33.99968096,0.416986865,611.004,68203.36,30.60939349,0.449029891,611.004,61402.44333,116,78.5,79.66666667,78.5,0.493393655352081,-0.61199489055917,0.418553878723239,1.36488759755325,0.604355769503945,17.44,11.46748421,0.514088925,678.7753333,23003.77333,15.37756564,0.515459018,659.167,30847.39667,20.6164008,0.49573159,641.3963333,41356.5,18.7548222,0.472216787,642.151,37622.17333,120.5,NA,100,100,1.57314861302708,-0.709680477568599,-1.54258636344907,-0.393340178166818,-0.847370430038086
"2850-57735","2850-57808","2850-57735_2850-57808",2,"CHR",119,"CHR-119",0,10,9.55657944,6,-4,"CHR_119_2",1,NA,0,2,"no",17.4,15.02817049,0.511186426,611.004,30146.51,30.99803589,0.422869341,611.004,62182.06,33.99968096,0.416986865,611.004,68203.36,30.60939349,0.449029891,611.004,61402.44333,116,78.5,79.66666667,78.5,0.493393655352081,-0.61199489055917,0.418553878723239,1.36488759755325,0.604355769503945,17.44,11.46748421,0.514088925,678.7753333,23003.77333,15.37756564,0.515459018,659.167,30847.39667,20.6164008,0.49573159,641.3963333,41356.5,18.7548222,0.472216787,642.151,37622.17333,120.5,NA,100,100,1.57314861302708,-0.709680477568599,-1.54258636344907,-0.393340178166818,-0.847370430038086
"2850-57735","2850-57881","2850-57735_2850-57881",1,"CHR",37,"CHR-37",0,6,7.467799705,6,5,"CHR_37_1",1,NA,0,4,"no",17.4,15.02817049,0.511186426,611.004,30146.51,30.99803589,0.422869341,611.004,62182.06,33.99968096,0.416986865,611.004,68203.36,30.60939349,0.449029891,611.004,61402.44333,116,78.5,79.66666667,78.5,0.493393655352081,-0.61199489055917,0.418553878723239,1.36488759755325,0.604355769503945,16.55,11.73463277,0.535560863,644.7453333,23539.67333,21.93833167,0.494146676,611.004,44008.29333,26.56095214,0.438684751,643.7343333,53281.27,31.59365071,0.464706779,610.6836667,63376.86333,119.6666667,84.83333333,85.83333333,84.83333333,-0.644800291064927,-0.638624988986254,-0.430995767115722,0.650424573294177,1.92107559728725
"2850-57735","2850-57881","2850-57735_2850-57881",2,"CHR",119,"CHR-119",0,10,8.870596983,0,10,"CHR_119_2",1,NA,0,2,"no",17.4,15.02817049,0.511186426,611.004,30146.51,30.99803589,0.422869341,611.004,62182.06,33.99968096,0.416986865,611.004,68203.36,30.60939349,0.449029891,611.004,61402.44333,116,78.5,79.66666667,78.5,0.493393655352081,-0.61199489055917,0.418553878723239,1.36488759755325,0.604355769503945,16.55,11.73463277,0.535560863,644.7453333,23539.67333,21.93833167,0.494146676,611.004,44008.29333,26.56095214,0.438684751,643.7343333,53281.27,31.59365071,0.464706779,610.6836667,63376.86333,119.6666667,84.83333333,85.83333333,84.83333333,-0.644800291064927,-0.638624988986254,-0.430995767115722,0.650424573294177,1.92107559728725
"2850-57736","2640-97588","2850-57736_2640-97588",1,"CHR",43,"CHR-43",0,11,3.556400208,0,-15,"CHR_43_1",1,NA,0,5,"no",18.71,18.82615819,0.485608418,674.418,37765.27333,20.40757062,0.477924978,611.3883333,40937.58667,19.58981555,0.466811049,627.366,39297.17,26.68112828,0.478086775,621.0033333,53522.34333,117.1666667,73,74.83333333,73,-0.940842096057504,0.478118852148628,-1.3254868942877,-1.16952796337438,-0.0503733379346185,18.7,11.85018943,0.544837496,653.7273333,23771.48,14.45612662,0.507893605,610.6836667,28998.99,21.21705716,0.471668493,610.6836667,42561.41667,27.50362745,0.462396686,637.0386667,55172.27667,119,87,85,87,-0.327950447205388,-0.607889525035993,-1.69870577771304,-0.287874870450448,1.03914087582914
"2850-57736","2640-97589","2850-57736_2640-97589",1,"CHR",43,"CHR-43",0,11,8.313013431,0,-13,"CHR_43_1",1,NA,0,5,"no",18.71,18.82615819,0.485608418,674.418,37765.27333,20.40757062,0.477924978,611.3883333,40937.58667,19.58981555,0.466811049,627.366,39297.17,26.68112828,0.478086775,621.0033333,53522.34333,117.1666667,73,74.83333333,73,-0.940842096057504,0.478118852148628,-1.3254868942877,-1.16952796337438,-0.0503733379346185,16.1,11.8153556,0.523609389,681.183,23701.60333,16.91354271,0.528785659,657.7393333,33928.56667,18.6526321,0.480672665,627.3723333,37417.18,20.65218677,0.48363622,650.113,41428.28667,119,99.66666667,98,99.66666667,1.52440248376499,-0.617154537768401,-1.28234576663637,-0.738145434585443,-0.438240313367936
"2850-57736","2811-83208","2850-57736_2811-83208",1,"CHR",43,"CHR-43",0,9,24.71865145,9,2,"CHR_43_1",1,NA,0,5,"no",18.71,18.82615819,0.485608418,674.418,37765.27333,20.40757062,0.477924978,611.3883333,40937.58667,19.58981555,0.466811049,627.366,39297.17,26.68112828,0.478086775,621.0033333,53522.34333,117.1666667,73,74.83333333,73,-0.940842096057504,0.478118852148628,-1.3254868942877,-1.16952796337438,-0.0503733379346185,16.9,18.73416916,0.484585352,611.004,37580.74333,21.00459455,0.486882121,610.6836667,42135.21667,26.39878531,0.450512144,610.6836667,52955.96333,23.23742606,0.475660646,611.004,46614.27667,118,87,89.5,87,-0.327950447205388,1.22309374175052,-0.589198848477454,0.621950764031026,0.119216734719535
"2850-57736","2850-57567","2850-57736_2850-57567",1,"CHR",43,"CHR-43",1,11,0.08,11,0,"CHR_43_1",1,"wp",5,5,"yes",18.71,18.82615819,0.485608418,674.418,37765.27333,20.40757062,0.477924978,611.3883333,40937.58667,19.58981555,0.466811049,627.366,39297.17,26.68112828,0.478086775,621.0033333,53522.34333,117.1666667,73,74.83333333,73,-0.940842096057504,0.478118852148628,-1.3254868942877,-1.16952796337438,-0.0503733379346185,16.6,10.56012296,0.52180729,667.1156667,21183.60667,26.35612994,0.49271154,611.3883333,52870.39667,22.28285809,0.48721335,606.0566667,44699.41333,16.73888169,0.511359264,628.0706667,33578.19667,121.5,102.1666667,102.5,102.1666667,1.88999846127377,-0.951018094883241,0.317511799070068,-0.100737880763292,-1.28206916379613
"2850-57736","2850-57578","2850-57736_2850-57578",1,"CHR",43,"CHR-43",0,3,6.959151179,3,8,"CHR_43_1",1,NA,0,5,"no",18.71,18.82615819,0.485608418,674.418,37765.27333,20.40757062,0.477924978,611.3883333,40937.58667,19.58981555,0.466811049,627.366,39297.17,26.68112828,0.478086775,621.0033333,53522.34333,117.1666667,73,74.83333333,73,-0.940842096057504,0.478118852148628,-1.3254868942877,-1.16952796337438,-0.0503733379346185,17.2,10.81633932,0.556799001,678.4426667,21697.57667,15.67680791,0.517385329,657.4626667,31447.67667,20.72179628,0.496782872,642.7923333,41567.92333,11.67128448,0.547842632,659.167,23412.59667,119,91.5,91.5,91.5,0.330122304413543,-0.882870324808829,-1.49188574528399,-0.374834477619313,-2.37479887454678
"2850-57736","2850-57579","2850-57736_2850-57579",1,"CHR",43,"CHR-43",0,11,14.10829303,5,-5,"CHR_43_1",1,NA,0,5,"no",18.71,18.82615819,0.485608418,674.418,37765.27333,20.40757062,0.477924978,611.3883333,40937.58667,19.58981555,0.466811049,627.366,39297.17,26.68112828,0.478086775,621.0033333,53522.34333,117.1666667,73,74.83333333,73,-0.940842096057504,0.478118852148628,-1.3254868942877,-1.16952796337438,-0.0503733379346185,16.3,11.31949153,0.533256519,660.737,22706.9,24.77905949,0.48852106,617.005,49706.79333,18.07848455,0.49353373,627.3723333,36265.44,24.4043104,0.499147361,611.004,48955.04667,118.5,93.5,92,93.5,0.622599082910845,-0.749043190899379,0.0503087508346794,-0.838956234350139,0.37083286253875
"2850-57736","2850-57580","2850-57736_2850-57580",1,"CHR",43,"CHR-43",0,8,19.71509877,8,3,"CHR_43_1",1,NA,0,5,"no",18.71,18.82615819,0.485608418,674.418,37765.27333,20.40757062,0.477924978,611.3883333,40937.58667,19.58981555,0.466811049,627.366,39297.17,26.68112828,0.478086775,621.0033333,53522.34333,117.1666667,73,74.83333333,73,-0.940842096057504,0.478118852148628,-1.3254868942877,-1.16952796337438,-0.0503733379346185,16.2,9.142844799,0.560214832,667.427,18340.54667,27.48113161,0.465556814,625.399,55127.15,22.9424111,0.468469624,647.108,46022.47667,30.74621137,0.465611781,608.7603333,61676.9,117.5,87.83333333,NA,87.83333333,-0.206085123318973,-1.32798210392354,0.508120833367745,0.0150687031458652,1.73834162958958
"2850-57736","2850-57581","2850-57736_2850-57581",1,"CHR",43,"CHR-43",0,11,17.96708073,2,-7,"CHR_43_1",1,NA,0,5,"no",18.71,18.82615819,0.485608418,674.418,37765.27333,20.40757062,0.477924978,611.3883333,40937.58667,19.58981555,0.466811049,627.366,39297.17,26.68112828,0.478086775,621.0033333,53522.34333,117.1666667,73,74.83333333,73,-0.940842096057504,0.478118852148628,-1.3254868942877,-1.16952796337438,-0.0503733379346185,15.5,12.5018158,0.557442636,674.1035,25078.6425,18.94245264,0.521103483,641.0916667,37998.56,27.0381655,0.472765016,616.0483333,54238.56,19.62838485,0.524143762,664.102,39374.54,116,82.5,83,82.5,-0.986023198824319,-0.434571614980667,-0.938587554762546,0.734215334884986,-0.659003473806166
"2850-57736","2850-57582","2850-57736_2850-57582",1,"CHR",43,"CHR-43",0,10,22.22238264,10,1,"CHR_43_1",1,NA,0,5,"no",18.71,18.82615819,0.485608418,674.418,37765.27333,20.40757062,0.477924978,611.3883333,40937.58667,19.58981555,0.466811049,627.366,39297.17,26.68112828,0.478086775,621.0033333,53522.34333,117.1666667,73,74.83333333,73,-0.940842096057504,0.478118852148628,-1.3254868942877,-1.16952796337438,-0.0503733379346185,15.9,NA,NA,NA,NA,28.49882187,0.467628455,626.7313333,57168.63667,24.79582419,0.471185748,627.0583333,49740.42333,10.86734629,0.526212895,643.7406667,21799.89667,118,88.5,86,88.5,-0.108592863332411,NA,0.68054809534039,0.340497342347155,-2.54815265729939
"2850-57736","2850-57589","2850-57736_2850-57589",1,"CHR",43,"CHR-43",0,11,13.7343222,10,-1,"CHR_43_1",1,NA,0,5,"no",18.71,18.82615819,0.485608418,674.418,37765.27333,20.40757062,0.477924978,611.3883333,40937.58667,19.58981555,0.466811049,627.366,39297.17,26.68112828,0.478086775,621.0033333,53522.34333,117.1666667,73,74.83333333,73,-0.940842096057504,0.478118852148628,-1.3254868942877,-1.16952796337438,-0.0503733379346185,17.5,12.65077601,0.531237153,675.7903333,25377.45667,16.92662014,0.501144529,627.3723333,33954.8,19.27879528,0.490091496,643.7406667,38673.26333,19.52571951,0.519492939,627.6863333,39168.59333,119.8333333,97,96.5,97,1.13443344528112,-0.394951560502818,-1.28013005765578,-0.628201551764721,-0.681141276522795
"2850-57736","2850-57620","2850-57736_2850-57620",1,"CHR",43,"CHR-43",0,9,4.29802041,9,2,"CHR_43_1",1,NA,0,5,"no",18.71,18.82615819,0.485608418,674.418,37765.27333,20.40757062,0.477924978,611.3883333,40937.58667,19.58981555,0.466811049,627.366,39297.17,26.68112828,0.478086775,621.0033333,53522.34333,117.1666667,73,74.83333333,73,-0.940842096057504,0.478118852148628,-1.3254868942877,-1.16952796337438,-0.0503733379346185,18.2,8.903889997,0.510576941,627.6863333,17861.20333,21.60838485,0.492100236,611.004,43346.42,22.72290794,0.464821292,611.004,45582.15333,21.84048023,0.466018925,627.6863333,43812.00333,121,87,84,87,-0.327950447205388,-1.39153868908802,-0.486898657224134,-0.0234724159627646,-0.182007721268793
"2850-57736","2850-57647","2850-57736_2850-57647",1,"CHR",43,"CHR-43",0,4,8.20278258,4,7,"CHR_43_1",1,NA,0,5,"no",18.71,18.82615819,0.485608418,674.418,37765.27333,20.40757062,0.477924978,611.3883333,40937.58667,19.58981555,0.466811049,627.366,39297.17,26.68112828,0.478086775,621.0033333,53522.34333,117.1666667,73,74.83333333,73,-0.940842096057504,0.478118852148628,-1.3254868942877,-1.16952796337438,-0.0503733379346185,15.8,12.89783981,0.543297932,643.7406667,25873.06667,28.1838767,0.473800388,617.439,56536.85667,25.45478232,0.436115595,638.1653333,51062.29333,20.55910934,0.502370676,626.097,41241.57333,122.1666667,85.83333333,87.33333333,85.83333333,-0.498561901816276,-0.329238164855052,0.627186934809475,0.456199475181733,-0.458310668004767
"2850-57736","2850-57653","2850-57736_2850-57653",1,"CHR",43,"CHR-43",0,9,5.134706942,9,2,"CHR_43_1",1,NA,0,5,"no",18.71,18.82615819,0.485608418,674.418,37765.27333,20.40757062,0.477924978,611.3883333,40937.58667,19.58981555,0.466811049,627.366,39297.17,26.68112828,0.478086775,621.0033333,53522.34333,117.1666667,73,74.83333333,73,-0.940842096057504,0.478118852148628,-1.3254868942877,-1.16952796337438,-0.0503733379346185,16.37,8.467490861,0.535457505,660.1716667,16985.78667,27.15053506,0.465647634,659.167,54463.97333,21.8547225,0.470898637,665.8,43840.57333,15.40861914,0.497215455,659.167,30909.69,119.3333333,78,76.33333333,78,-1.64409595044325,-1.50761101163916,0.452107859504655,-0.175911398852204,-1.56891465511013
"2850-57736","2850-57669","2850-57736_2850-57669",1,"CHR",43,"CHR-43",0,9,6.507326915,9,2,"CHR_43_1",1,NA,0,5,"no",18.71,18.82615819,0.485608418,674.418,37765.27333,20.40757062,0.477924978,611.3883333,40937.58667,19.58981555,0.466811049,627.366,39297.17,26.68112828,0.478086775,621.0033333,53522.34333,117.1666667,73,74.83333333,73,-0.940842096057504,0.478118852148628,-1.3254868942877,-1.16952796337438,-0.0503733379346185,17.82,14.07982054,0.504204618,611.004,28244.12,27.72719176,0.47617904,611.004,55620.74667,17.24374875,0.494612283,611.004,34590.96,18.57412762,0.508699718,611.004,37259.7,123.8333333,89.66666667,90,89.66666667,0.0620185912784761,-0.0148579628241403,0.549810804877425,-0.985522014505819,-0.886333735122392
"2850-57736","2850-57671","2850-57736_2850-57671",1,"CHR",43,"CHR-43",0,5,24.92060744,5,6,"CHR_43_1",1,NA,0,5,"no",18.71,18.82615819,0.485608418,674.418,37765.27333,20.40757062,0.477924978,611.3883333,40937.58667,19.58981555,0.466811049,627.366,39297.17,26.68112828,0.478086775,621.0033333,53522.34333,117.1666667,73,74.83333333,73,-0.940842096057504,0.478118852148628,-1.3254868942877,-1.16952796337438,-0.0503733379346185,17.53,16.28350449,0.48181303,667.733,32664.71,28.84180791,0.479499655,593.4133333,57856.66667,23.68146062,0.459973843,641.034,47505.01,25.7482569,0.475226128,607.0326667,51651.00333,117.8333333,75.83333333,83.16666667,75.83333333,-1.96094579430279,0.571272240341928,0.738660220509044,0.144833557453636,0.660629034048076
"2850-57736","2850-57731","2850-57736_2850-57731",1,"CHR",43,"CHR-43",0,11,9.48243736,0,-16,"CHR_43_1",1,NA,0,5,"no",18.71,18.82615819,0.485608418,674.418,37765.27333,20.40757062,0.477924978,611.3883333,40937.58667,19.58981555,0.466811049,627.366,39297.17,26.68112828,0.478086775,621.0033333,53522.34333,117.1666667,73,74.83333333,73,-0.940842096057504,0.478118852148628,-1.3254868942877,-1.16952796337438,-0.0503733379346185,15.9,10.9634214,0.500436597,689.138,21992.62333,23.24545364,0.49159359,611.004,46630.38,18.5751562,0.456752009,611.004,37261.76333,24.60593387,0.474122334,611.004,49359.50333,119,91,92.33333333,91,0.257003109789217,-0.84374981052978,-0.209530090170569,-0.751748919336863,0.414309079555146
"2850-57736","2850-57742","2850-57736_2850-57742",1,"CHR",43,"CHR-43",0,11,9.216245333,2,-8,"CHR_43_1",1,NA,0,5,"no",18.71,18.82615819,0.485608418,674.418,37765.27333,20.40757062,0.477924978,611.3883333,40937.58667,19.58981555,0.466811049,627.366,39297.17,26.68112828,0.478086775,621.0033333,53522.34333,117.1666667,73,74.83333333,73,-0.940842096057504,0.478118852148628,-1.3254868942877,-1.16952796337438,-0.0503733379346185,16.98,13.00562645,0.511030769,671.763,26089.28667,26.1463443,0.49002744,625.0783333,52449.56667,26.30566135,0.456120566,609.081,52769.15667,22.8044882,0.51172569,659.167,45745.80333,118,93,92,93,0.54947988828652,-0.300569350889335,0.281967817833205,0.605599739133584,0.0258620257862253
"2850-57736","2850-57744","2850-57736_2850-57744",1,"CHR",43,"CHR-43",0,1,21.43275829,1,10,"CHR_43_1",1,NA,0,5,"no",18.71,18.82615819,0.485608418,674.418,37765.27333,20.40757062,0.477924978,611.3883333,40937.58667,19.58981555,0.466811049,627.366,39297.17,26.68112828,0.478086775,621.0033333,53522.34333,117.1666667,73,74.83333333,73,-0.940842096057504,0.478118852148628,-1.3254868942877,-1.16952796337438,-0.0503733379346185,14.77,24.63866733,0.441897015,611.004,49425.16667,20.45419575,0.491736389,610.6836667,41031.11667,20.25567464,0.470934773,627.6863333,40632.88333,16.45550847,0.489979153,643.7406667,33009.75,116,84.5,NA,84.5,-0.693546420327017,2.79355701620318,-0.682452917821725,-0.456677716898191,-1.34317313948584
"2850-57736","2850-57745","2850-57736_2850-57745",1,"CHR",43,"CHR-43",0,11,6.731077524,8,-3,"CHR_43_1",1,NA,0,5,"no",18.71,18.82615819,0.485608418,674.418,37765.27333,20.40757062,0.477924978,611.3883333,40937.58667,19.58981555,0.466811049,627.366,39297.17,26.68112828,0.478086775,621.0033333,53522.34333,117.1666667,73,74.83333333,73,-0.940842096057504,0.478118852148628,-1.3254868942877,-1.16952796337438,-0.0503733379346185,16.33,11.89491525,0.520998035,667.1156667,23861.2,19.28173812,0.496153459,634.065,38679.16667,21.88407444,0.484884869,657.7393333,43899.45333,26.3850565,0.474305256,645.4026667,52928.42333,118,85,86,85,-0.620427225702691,-0.59599346618265,-0.881102415479132,-0.170757684365318,0.797942599802867
"2850-57736","2850-57806","2850-57736_2850-57806",1,"CHR",43,"CHR-43",0,11,5.211051794,0,-11,"CHR_43_1",1,NA,0,5,"no",18.71,18.82615819,0.485608418,674.418,37765.27333,20.40757062,0.477924978,611.3883333,40937.58667,19.58981555,0.466811049,627.366,39297.17,26.68112828,0.478086775,621.0033333,53522.34333,117.1666667,73,74.83333333,73,-0.940842096057504,0.478118852148628,-1.3254868942877,-1.16952796337438,-0.0503733379346185,15.88,11.25502825,0.516086951,669.4676667,22577.58667,14.26422898,0.518970434,659.167,28614.04333,18.0460319,0.470292612,659.167,36200.34,17.57589232,0.493413321,659.167,35257.24,120.1666667,83.83333333,86,83.83333333,-0.791038680313578,-0.766188968724348,-1.73121899508845,-0.844654382153754,-1.1015839465002
"2850-57736","2850-57808","2850-57736_2850-57808",1,"CHR",43,"CHR-43",0,11,9.735905078,0,-11,"CHR_43_1",1,NA,0,5,"no",18.71,18.82615819,0.485608418,674.418,37765.27333,20.40757062,0.477924978,611.3883333,40937.58667,19.58981555,0.466811049,627.366,39297.17,26.68112828,0.478086775,621.0033333,53522.34333,117.1666667,73,74.83333333,73,-0.940842096057504,0.478118852148628,-1.3254868942877,-1.16952796337438,-0.0503733379346185,17.44,11.46748421,0.514088925,678.7753333,23003.77333,15.37756564,0.515459018,659.167,30847.39667,20.6164008,0.49573159,641.3963333,41356.5,18.7548222,0.472216787,642.151,37622.17333,120.5,NA,100,100,1.57314861302708,-0.709680477568599,-1.54258636344907,-0.393340178166818,-0.847370430038086
"2850-57736","2850-57881","2850-57736_2850-57881",1,"CHR",43,"CHR-43",0,11,11.31385671,6,-6,"CHR_43_1",1,NA,0,5,"no",18.71,18.82615819,0.485608418,674.418,37765.27333,20.40757062,0.477924978,611.3883333,40937.58667,19.58981555,0.466811049,627.366,39297.17,26.68112828,0.478086775,621.0033333,53522.34333,117.1666667,73,74.83333333,73,-0.940842096057504,0.478118852148628,-1.3254868942877,-1.16952796337438,-0.0503733379346185,16.55,11.73463277,0.535560863,644.7453333,23539.67333,21.93833167,0.494146676,611.004,44008.29333,26.56095214,0.438684751,643.7343333,53281.27,31.59365071,0.464706779,610.6836667,63376.86333,119.6666667,84.83333333,85.83333333,84.83333333,-0.644800291064927,-0.638624988986254,-0.430995767115722,0.650424573294177,1.92107559728725
"2850-57746","2640-97588","2850-57746_2640-97588",1,"CHR",74,"CHR-74",0,10,25.42855193,0,-16,"CHR_74_1",1,NA,0,2,"no",16.91,16.74286308,0.495003601,658.0916667,33586.18333,19.18283317,0.480290485,642.151,38480.76333,22.0371552,0.479027413,665.8,44206.53333,18.33031073,0.470432651,665.8,36770.60333,115.8333333,78,NA,78,0.363008587042119,-0.119836909932159,-1.52717699897877,-0.7390884335554,-1.4422150361416,18.7,11.85018943,0.544837496,653.7273333,23771.48,14.45612662,0.507893605,610.6836667,28998.99,21.21705716,0.471668493,610.6836667,42561.41667,27.50362745,0.462396686,637.0386667,55172.27667,119,87,85,87,-0.327950447205388,-0.607889525035993,-1.69870577771304,-0.287874870450448,1.03914087582914
"2850-57746","2640-97588","2850-57746_2640-97588",2,"CHR",6,"CHR-6",0,11,24.98824572,0,-20,"CHR_6_2",1,NA,0,4,"no",16.91,16.74286308,0.495003601,658.0916667,33586.18333,19.18283317,0.480290485,642.151,38480.76333,22.0371552,0.479027413,665.8,44206.53333,18.33031073,0.470432651,665.8,36770.60333,115.8333333,78,NA,78,0.363008587042119,-0.119836909932159,-1.52717699897877,-0.7390884335554,-1.4422150361416,18.7,11.85018943,0.544837496,653.7273333,23771.48,14.45612662,0.507893605,610.6836667,28998.99,21.21705716,0.471668493,610.6836667,42561.41667,27.50362745,0.462396686,637.0386667,55172.27667,119,87,85,87,-0.327950447205388,-0.607889525035993,-1.69870577771304,-0.287874870450448,1.03914087582914
"2850-57746","2640-97589","2850-57746_2640-97589",1,"CHR",74,"CHR-74",0,10,13.92789691,0,-14,"CHR_74_1",1,NA,0,2,"no",16.91,16.74286308,0.495003601,658.0916667,33586.18333,19.18283317,0.480290485,642.151,38480.76333,22.0371552,0.479027413,665.8,44206.53333,18.33031073,0.470432651,665.8,36770.60333,115.8333333,78,NA,78,0.363008587042119,-0.119836909932159,-1.52717699897877,-0.7390884335554,-1.4422150361416,16.1,11.8153556,0.523609389,681.183,23701.60333,16.91354271,0.528785659,657.7393333,33928.56667,18.6526321,0.480672665,627.3723333,37417.18,20.65218677,0.48363622,650.113,41428.28667,119,99.66666667,98,99.66666667,1.52440248376499,-0.617154537768401,-1.28234576663637,-0.738145434585443,-0.438240313367936
"2850-57746","2640-97589","2850-57746_2640-97589",2,"CHR",6,"CHR-6",0,11,13.52693008,0,-17,"CHR_6_2",1,NA,0,4,"no",16.91,16.74286308,0.495003601,658.0916667,33586.18333,19.18283317,0.480290485,642.151,38480.76333,22.0371552,0.479027413,665.8,44206.53333,18.33031073,0.470432651,665.8,36770.60333,115.8333333,78,NA,78,0.363008587042119,-0.119836909932159,-1.52717699897877,-0.7390884335554,-1.4422150361416,16.1,11.8153556,0.523609389,681.183,23701.60333,16.91354271,0.528785659,657.7393333,33928.56667,18.6526321,0.480672665,627.3723333,37417.18,20.65218677,0.48363622,650.113,41428.28667,119,99.66666667,98,99.66666667,1.52440248376499,-0.617154537768401,-1.28234576663637,-0.738145434585443,-0.438240313367936
"2850-57746","2811-83208","2850-57746_2811-83208",1,"CHR",74,"CHR-74",0,9,5.933724475,9,1,"CHR_74_1",1,NA,0,2,"no",16.91,16.74286308,0.495003601,658.0916667,33586.18333,19.18283317,0.480290485,642.151,38480.76333,22.0371552,0.479027413,665.8,44206.53333,18.33031073,0.470432651,665.8,36770.60333,115.8333333,78,NA,78,0.363008587042119,-0.119836909932159,-1.52717699897877,-0.7390884335554,-1.4422150361416,16.9,18.73416916,0.484585352,611.004,37580.74333,21.00459455,0.486882121,610.6836667,42135.21667,26.39878531,0.450512144,610.6836667,52955.96333,23.23742606,0.475660646,611.004,46614.27667,118,87,89.5,87,-0.327950447205388,1.22309374175052,-0.589198848477454,0.621950764031026,0.119216734719535
"2850-57746","2811-83208","2850-57746_2811-83208",2,"CHR",6,"CHR-6",0,11,6.433003403,8,-2,"CHR_6_2",1,NA,0,4,"no",16.91,16.74286308,0.495003601,658.0916667,33586.18333,19.18283317,0.480290485,642.151,38480.76333,22.0371552,0.479027413,665.8,44206.53333,18.33031073,0.470432651,665.8,36770.60333,115.8333333,78,NA,78,0.363008587042119,-0.119836909932159,-1.52717699897877,-0.7390884335554,-1.4422150361416,16.9,18.73416916,0.484585352,611.004,37580.74333,21.00459455,0.486882121,610.6836667,42135.21667,26.39878531,0.450512144,610.6836667,52955.96333,23.23742606,0.475660646,611.004,46614.27667,118,87,89.5,87,-0.327950447205388,1.22309374175052,-0.589198848477454,0.621950764031026,0.119216734719535
"2850-57746","2850-57567","2850-57746_2850-57567",1,"CHR",74,"CHR-74",0,10,22.22238264,10,-1,"CHR_74_1",1,NA,0,2,"no",16.91,16.74286308,0.495003601,658.0916667,33586.18333,19.18283317,0.480290485,642.151,38480.76333,22.0371552,0.479027413,665.8,44206.53333,18.33031073,0.470432651,665.8,36770.60333,115.8333333,78,NA,78,0.363008587042119,-0.119836909932159,-1.52717699897877,-0.7390884335554,-1.4422150361416,16.6,10.56012296,0.52180729,667.1156667,21183.60667,26.35612994,0.49271154,611.3883333,52870.39667,22.28285809,0.48721335,606.0566667,44699.41333,16.73888169,0.511359264,628.0706667,33578.19667,121.5,102.1666667,102.5,102.1666667,1.88999846127377,-0.951018094883241,0.317511799070068,-0.100737880763292,-1.28206916379613
"2850-57746","2850-57567","2850-57746_2850-57567",2,"CHR",6,"CHR-6",0,0,21.80674629,0,-53,"CHR_6_2",1,NA,0,4,"no",16.91,16.74286308,0.495003601,658.0916667,33586.18333,19.18283317,0.480290485,642.151,38480.76333,22.0371552,0.479027413,665.8,44206.53333,18.33031073,0.470432651,665.8,36770.60333,115.8333333,78,NA,78,0.363008587042119,-0.119836909932159,-1.52717699897877,-0.7390884335554,-1.4422150361416,16.6,10.56012296,0.52180729,667.1156667,21183.60667,26.35612994,0.49271154,611.3883333,52870.39667,22.28285809,0.48721335,606.0566667,44699.41333,16.73888169,0.511359264,628.0706667,33578.19667,121.5,102.1666667,102.5,102.1666667,1.88999846127377,-0.951018094883241,0.317511799070068,-0.100737880763292,-1.28206916379613
"2850-57746","2850-57570","2850-57746_2850-57570",2,"CHR",6,"CHR-6",0,11,21.66372377,0,-21,"CHR_6_2",1,NA,0,4,"no",16.91,16.74286308,0.495003601,658.0916667,33586.18333,19.18283317,0.480290485,642.151,38480.76333,22.0371552,0.479027413,665.8,44206.53333,18.33031073,0.470432651,665.8,36770.60333,115.8333333,78,NA,78,0.363008587042119,-0.119836909932159,-1.52717699897877,-0.7390884335554,-1.4422150361416,16.51,16.84077767,0.501161039,611.004,33782.6,23.06811898,0.49586693,611.004,46274.64667,25.67366733,0.443766873,611.004,51501.37667,19.07592556,0.494641169,627.6863333,38266.30667,121.5,90,NA,90,0.110764720540566,0.719494330997171,-0.239575901827104,0.494632057389222,-0.778130676530947
"2850-57746","2850-57570","2850-57746_2850-57570",1,"CHR",74,"CHR-74",0,0,19.43540932,0,11,"CHR_74_1",1,NA,0,2,"no",16.91,16.74286308,0.495003601,658.0916667,33586.18333,19.18283317,0.480290485,642.151,38480.76333,22.0371552,0.479027413,665.8,44206.53333,18.33031073,0.470432651,665.8,36770.60333,115.8333333,78,NA,78,0.363008587042119,-0.119836909932159,-1.52717699897877,-0.7390884335554,-1.4422150361416,16.51,16.84077767,0.501161039,611.004,33782.6,23.06811898,0.49586693,611.004,46274.64667,25.67366733,0.443766873,611.004,51501.37667,19.07592556,0.494641169,627.6863333,38266.30667,121.5,90,NA,90,0.110764720540566,0.719494330997171,-0.239575901827104,0.494632057389222,-0.778130676530947
"2850-57746","2850-57577","2850-57746_2850-57577",2,"CHR",6,"CHR-6",0,11,25.0197467418182,3,8,"CHR_6_2",1,NA,0,4,"no",16.91,16.74286308,0.495003601,658.0916667,33586.18333,19.18283317,0.480290485,642.151,38480.76333,22.0371552,0.479027413,665.8,44206.53333,18.33031073,0.470432651,665.8,36770.60333,115.8333333,78,NA,78,0.363008587042119,-0.119836909932159,-1.52717699897877,-0.7390884335554,-1.4422150361416,18.2,20.92472416,0.512057073,676.164,41974.99667,28.83623131,0.475799583,625.399,57845.48,28.80829345,0.443602398,627.1216667,57789.43667,29.54534563,0.455136562,636.0576667,59267.96333,119,90.83333333,91.16666667,90.83333333,0.232630044426981,1.80573194047972,0.737715377164354,1.04502048301344,1.47939806751422
"2850-57746","2850-57577","2850-57746_2850-57577",1,"CHR",74,"CHR-74",0,0,25.50292221,0,11,"CHR_74_1",1,NA,0,2,"no",16.91,16.74286308,0.495003601,658.0916667,33586.18333,19.18283317,0.480290485,642.151,38480.76333,22.0371552,0.479027413,665.8,44206.53333,18.33031073,0.470432651,665.8,36770.60333,115.8333333,78,NA,78,0.363008587042119,-0.119836909932159,-1.52717699897877,-0.7390884335554,-1.4422150361416,18.2,20.92472416,0.512057073,676.164,41974.99667,28.83623131,0.475799583,625.399,57845.48,28.80829345,0.443602398,627.1216667,57789.43667,29.54534563,0.455136562,636.0576667,59267.96333,119,90.83333333,91.16666667,90.83333333,0.232630044426981,1.80573194047972,0.737715377164354,1.04502048301344,1.47939806751422
"2850-57746","2850-57578","2850-57746_2850-57578",1,"CHR",74,"CHR-74",0,3,15.55435752,3,7,"CHR_74_1",1,NA,0,2,"no",16.91,16.74286308,0.495003601,658.0916667,33586.18333,19.18283317,0.480290485,642.151,38480.76333,22.0371552,0.479027413,665.8,44206.53333,18.33031073,0.470432651,665.8,36770.60333,115.8333333,78,NA,78,0.363008587042119,-0.119836909932159,-1.52717699897877,-0.7390884335554,-1.4422150361416,17.2,10.81633932,0.556799001,678.4426667,21697.57667,15.67680791,0.517385329,657.4626667,31447.67667,20.72179628,0.496782872,642.7923333,41567.92333,11.67128448,0.547842632,659.167,23412.59667,119,91.5,91.5,91.5,0.330122304413543,-0.882870324808829,-1.49188574528399,-0.374834477619313,-2.37479887454678
"2850-57746","2850-57578","2850-57746_2850-57578",2,"CHR",6,"CHR-6",0,11,15.10064052,6,5,"CHR_6_2",1,NA,0,4,"no",16.91,16.74286308,0.495003601,658.0916667,33586.18333,19.18283317,0.480290485,642.151,38480.76333,22.0371552,0.479027413,665.8,44206.53333,18.33031073,0.470432651,665.8,36770.60333,115.8333333,78,NA,78,0.363008587042119,-0.119836909932159,-1.52717699897877,-0.7390884335554,-1.4422150361416,17.2,10.81633932,0.556799001,678.4426667,21697.57667,15.67680791,0.517385329,657.4626667,31447.67667,20.72179628,0.496782872,642.7923333,41567.92333,11.67128448,0.547842632,659.167,23412.59667,119,91.5,91.5,91.5,0.330122304413543,-0.882870324808829,-1.49188574528399,-0.374834477619313,-2.37479887454678
"2850-57746","2850-57579","2850-57746_2850-57579",1,"CHR",74,"CHR-74",0,10,8.185514377,4,-6,"CHR_74_1",1,NA,0,2,"no",16.91,16.74286308,0.495003601,658.0916667,33586.18333,19.18283317,0.480290485,642.151,38480.76333,22.0371552,0.479027413,665.8,44206.53333,18.33031073,0.470432651,665.8,36770.60333,115.8333333,78,NA,78,0.363008587042119,-0.119836909932159,-1.52717699897877,-0.7390884335554,-1.4422150361416,16.3,11.31949153,0.533256519,660.737,22706.9,24.77905949,0.48852106,617.005,49706.79333,18.07848455,0.49353373,627.3723333,36265.44,24.4043104,0.499147361,611.004,48955.04667,118.5,93.5,92,93.5,0.622599082910845,-0.749043190899379,0.0503087508346794,-0.838956234350139,0.37083286253875
"2850-57746","2850-57579","2850-57746_2850-57579",2,"CHR",6,"CHR-6",0,9,6.189073104,0,-33,"CHR_6_2",1,NA,0,4,"no",16.91,16.74286308,0.495003601,658.0916667,33586.18333,19.18283317,0.480290485,642.151,38480.76333,22.0371552,0.479027413,665.8,44206.53333,18.33031073,0.470432651,665.8,36770.60333,115.8333333,78,NA,78,0.363008587042119,-0.119836909932159,-1.52717699897877,-0.7390884335554,-1.4422150361416,16.3,11.31949153,0.533256519,660.737,22706.9,24.77905949,0.48852106,617.005,49706.79333,18.07848455,0.49353373,627.3723333,36265.44,24.4043104,0.499147361,611.004,48955.04667,118.5,93.5,92,93.5,0.622599082910845,-0.749043190899379,0.0503087508346794,-0.838956234350139,0.37083286253875
"2850-57746","2850-57580","2850-57746_2850-57580",1,"CHR",74,"CHR-74",0,8,4.360833357,8,2,"CHR_74_1",1,NA,0,2,"no",16.91,16.74286308,0.495003601,658.0916667,33586.18333,19.18283317,0.480290485,642.151,38480.76333,22.0371552,0.479027413,665.8,44206.53333,18.33031073,0.470432651,665.8,36770.60333,115.8333333,78,NA,78,0.363008587042119,-0.119836909932159,-1.52717699897877,-0.7390884335554,-1.4422150361416,16.2,9.142844799,0.560214832,667.427,18340.54667,27.48113161,0.465556814,625.399,55127.15,22.9424111,0.468469624,647.108,46022.47667,30.74621137,0.465611781,608.7603333,61676.9,117.5,87.83333333,NA,87.83333333,-0.206085123318973,-1.32798210392354,0.508120833367745,0.0150687031458652,1.73834162958958
"2850-57746","2850-57580","2850-57746_2850-57580",2,"CHR",6,"CHR-6",0,0,4.422071783,0,-50,"CHR_6_2",1,NA,0,4,"no",16.91,16.74286308,0.495003601,658.0916667,33586.18333,19.18283317,0.480290485,642.151,38480.76333,22.0371552,0.479027413,665.8,44206.53333,18.33031073,0.470432651,665.8,36770.60333,115.8333333,78,NA,78,0.363008587042119,-0.119836909932159,-1.52717699897877,-0.7390884335554,-1.4422150361416,16.2,9.142844799,0.560214832,667.427,18340.54667,27.48113161,0.465556814,625.399,55127.15,22.9424111,0.468469624,647.108,46022.47667,30.74621137,0.465611781,608.7603333,61676.9,117.5,87.83333333,NA,87.83333333,-0.206085123318973,-1.32798210392354,0.508120833367745,0.0150687031458652,1.73834162958958
"2850-57746","2850-57581","2850-57746_2850-57581",1,"CHR",74,"CHR-74",0,10,9.556967883,1,-8,"CHR_74_1",1,NA,0,2,"no",16.91,16.74286308,0.495003601,658.0916667,33586.18333,19.18283317,0.480290485,642.151,38480.76333,22.0371552,0.479027413,665.8,44206.53333,18.33031073,0.470432651,665.8,36770.60333,115.8333333,78,NA,78,0.363008587042119,-0.119836909932159,-1.52717699897877,-0.7390884335554,-1.4422150361416,15.5,12.5018158,0.557442636,674.1035,25078.6425,18.94245264,0.521103483,641.0916667,37998.56,27.0381655,0.472765016,616.0483333,54238.56,19.62838485,0.524143762,664.102,39374.54,116,82.5,83,82.5,-0.986023198824319,-0.434571614980667,-0.938587554762546,0.734215334884986,-0.659003473806166
"2850-57746","2850-57581","2850-57746_2850-57581",2,"CHR",6,"CHR-6",0,11,9.465815319,0,-11,"CHR_6_2",1,"ep_same",2,4,"yes",16.91,16.74286308,0.495003601,658.0916667,33586.18333,19.18283317,0.480290485,642.151,38480.76333,22.0371552,0.479027413,665.8,44206.53333,18.33031073,0.470432651,665.8,36770.60333,115.8333333,78,NA,78,0.363008587042119,-0.119836909932159,-1.52717699897877,-0.7390884335554,-1.4422150361416,15.5,12.5018158,0.557442636,674.1035,25078.6425,18.94245264,0.521103483,641.0916667,37998.56,27.0381655,0.472765016,616.0483333,54238.56,19.62838485,0.524143762,664.102,39374.54,116,82.5,83,82.5,-0.986023198824319,-0.434571614980667,-0.938587554762546,0.734215334884986,-0.659003473806166
"2850-57746","2850-57582","2850-57746_2850-57582",1,"CHR",74,"CHR-74",1,10,0.08,10,0,"CHR_74_1",1,"wp",1,2,"yes",16.91,16.74286308,0.495003601,658.0916667,33586.18333,19.18283317,0.480290485,642.151,38480.76333,22.0371552,0.479027413,665.8,44206.53333,18.33031073,0.470432651,665.8,36770.60333,115.8333333,78,NA,78,0.363008587042119,-0.119836909932159,-1.52717699897877,-0.7390884335554,-1.4422150361416,15.9,NA,NA,NA,NA,28.49882187,0.467628455,626.7313333,57168.63667,24.79582419,0.471185748,627.0583333,49740.42333,10.86734629,0.526212895,643.7406667,21799.89667,118,88.5,86,88.5,-0.108592863332411,NA,0.68054809534039,0.340497342347155,-2.54815265729939
"2850-57746","2850-57582","2850-57746_2850-57582",2,"CHR",6,"CHR-6",1,11,0.08,11,0,"CHR_6_2",1,"wp",1,4,"yes",16.91,16.74286308,0.495003601,658.0916667,33586.18333,19.18283317,0.480290485,642.151,38480.76333,22.0371552,0.479027413,665.8,44206.53333,18.33031073,0.470432651,665.8,36770.60333,115.8333333,78,NA,78,0.363008587042119,-0.119836909932159,-1.52717699897877,-0.7390884335554,-1.4422150361416,15.9,NA,NA,NA,NA,28.49882187,0.467628455,626.7313333,57168.63667,24.79582419,0.471185748,627.0583333,49740.42333,10.86734629,0.526212895,643.7406667,21799.89667,118,88.5,86,88.5,-0.108592863332411,NA,0.68054809534039,0.340497342347155,-2.54815265729939
"2850-57746","2850-57589","2850-57746_2850-57589",1,"CHR",74,"CHR-74",0,10,9.310637846,9,-2,"CHR_74_1",1,NA,0,2,"no",16.91,16.74286308,0.495003601,658.0916667,33586.18333,19.18283317,0.480290485,642.151,38480.76333,22.0371552,0.479027413,665.8,44206.53333,18.33031073,0.470432651,665.8,36770.60333,115.8333333,78,NA,78,0.363008587042119,-0.119836909932159,-1.52717699897877,-0.7390884335554,-1.4422150361416,17.5,12.65077601,0.531237153,675.7903333,25377.45667,16.92662014,0.501144529,627.3723333,33954.8,19.27879528,0.490091496,643.7406667,38673.26333,19.52571951,0.519492939,627.6863333,39168.59333,119.8333333,97,96.5,97,1.13443344528112,-0.394951560502818,-1.28013005765578,-0.628201551764721,-0.681141276522795
"2850-57746","2850-57589","2850-57746_2850-57589",2,"CHR",6,"CHR-6",0,11,6.48255322,9,-1,"CHR_6_2",1,NA,0,4,"no",16.91,16.74286308,0.495003601,658.0916667,33586.18333,19.18283317,0.480290485,642.151,38480.76333,22.0371552,0.479027413,665.8,44206.53333,18.33031073,0.470432651,665.8,36770.60333,115.8333333,78,NA,78,0.363008587042119,-0.119836909932159,-1.52717699897877,-0.7390884335554,-1.4422150361416,17.5,12.65077601,0.531237153,675.7903333,25377.45667,16.92662014,0.501144529,627.3723333,33954.8,19.27879528,0.490091496,643.7406667,38673.26333,19.52571951,0.519492939,627.6863333,39168.59333,119.8333333,97,96.5,97,1.13443344528112,-0.394951560502818,-1.28013005765578,-0.628201551764721,-0.681141276522795
"2850-57746","2850-57620","2850-57746_2850-57620",1,"CHR",74,"CHR-74",0,9,18.26278611,9,1,"CHR_74_1",1,NA,0,2,"no",16.91,16.74286308,0.495003601,658.0916667,33586.18333,19.18283317,0.480290485,642.151,38480.76333,22.0371552,0.479027413,665.8,44206.53333,18.33031073,0.470432651,665.8,36770.60333,115.8333333,78,NA,78,0.363008587042119,-0.119836909932159,-1.52717699897877,-0.7390884335554,-1.4422150361416,18.2,8.903889997,0.510576941,627.6863333,17861.20333,21.60838485,0.492100236,611.004,43346.42,22.72290794,0.464821292,611.004,45582.15333,21.84048023,0.466018925,627.6863333,43812.00333,121,87,84,87,-0.327950447205388,-1.39153868908802,-0.486898657224134,-0.0234724159627646,-0.182007721268793
"2850-57746","2850-57620","2850-57746_2850-57620",2,"CHR",6,"CHR-6",0,11,17.81694227,8,-2,"CHR_6_2",1,NA,0,4,"no",16.91,16.74286308,0.495003601,658.0916667,33586.18333,19.18283317,0.480290485,642.151,38480.76333,22.0371552,0.479027413,665.8,44206.53333,18.33031073,0.470432651,665.8,36770.60333,115.8333333,78,NA,78,0.363008587042119,-0.119836909932159,-1.52717699897877,-0.7390884335554,-1.4422150361416,18.2,8.903889997,0.510576941,627.6863333,17861.20333,21.60838485,0.492100236,611.004,43346.42,22.72290794,0.464821292,611.004,45582.15333,21.84048023,0.466018925,627.6863333,43812.00333,121,87,84,87,-0.327950447205388,-1.39153868908802,-0.486898657224134,-0.0234724159627646,-0.182007721268793
"2850-57746","2850-57647","2850-57746_2850-57647",1,"CHR",74,"CHR-74",0,4,14.05566239,4,6,"CHR_74_1",1,NA,0,2,"no",16.91,16.74286308,0.495003601,658.0916667,33586.18333,19.18283317,0.480290485,642.151,38480.76333,22.0371552,0.479027413,665.8,44206.53333,18.33031073,0.470432651,665.8,36770.60333,115.8333333,78,NA,78,0.363008587042119,-0.119836909932159,-1.52717699897877,-0.7390884335554,-1.4422150361416,15.8,12.89783981,0.543297932,643.7406667,25873.06667,28.1838767,0.473800388,617.439,56536.85667,25.45478232,0.436115595,638.1653333,51062.29333,20.55910934,0.502370676,626.097,41241.57333,122.1666667,85.83333333,87.33333333,85.83333333,-0.498561901816276,-0.329238164855052,0.627186934809475,0.456199475181733,-0.458310668004767
"2850-57746","2850-57647","2850-57746_2850-57647",2,"CHR",6,"CHR-6",0,11,13.65952644,3,8,"CHR_6_2",1,NA,0,4,"no",16.91,16.74286308,0.495003601,658.0916667,33586.18333,19.18283317,0.480290485,642.151,38480.76333,22.0371552,0.479027413,665.8,44206.53333,18.33031073,0.470432651,665.8,36770.60333,115.8333333,78,NA,78,0.363008587042119,-0.119836909932159,-1.52717699897877,-0.7390884335554,-1.4422150361416,15.8,12.89783981,0.543297932,643.7406667,25873.06667,28.1838767,0.473800388,617.439,56536.85667,25.45478232,0.436115595,638.1653333,51062.29333,20.55910934,0.502370676,626.097,41241.57333,122.1666667,85.83333333,87.33333333,85.83333333,-0.498561901816276,-0.329238164855052,0.627186934809475,0.456199475181733,-0.458310668004767
"2850-57746","2850-57653","2850-57746_2850-57653",1,"CHR",74,"CHR-74",0,9,26.31174488,9,1,"CHR_74_1",1,NA,0,2,"no",16.91,16.74286308,0.495003601,658.0916667,33586.18333,19.18283317,0.480290485,642.151,38480.76333,22.0371552,0.479027413,665.8,44206.53333,18.33031073,0.470432651,665.8,36770.60333,115.8333333,78,NA,78,0.363008587042119,-0.119836909932159,-1.52717699897877,-0.7390884335554,-1.4422150361416,16.37,8.467490861,0.535457505,660.1716667,16985.78667,27.15053506,0.465647634,659.167,54463.97333,21.8547225,0.470898637,665.8,43840.57333,15.40861914,0.497215455,659.167,30909.69,119.3333333,78,76.33333333,78,-1.64409595044325,-1.50761101163916,0.452107859504655,-0.175911398852204,-1.56891465511013
"2850-57746","2850-57653","2850-57746_2850-57653",2,"CHR",6,"CHR-6",0,11,28.08003011,0,-18,"CHR_6_2",1,NA,0,4,"no",16.91,16.74286308,0.495003601,658.0916667,33586.18333,19.18283317,0.480290485,642.151,38480.76333,22.0371552,0.479027413,665.8,44206.53333,18.33031073,0.470432651,665.8,36770.60333,115.8333333,78,NA,78,0.363008587042119,-0.119836909932159,-1.52717699897877,-0.7390884335554,-1.4422150361416,16.37,8.467490861,0.535457505,660.1716667,16985.78667,27.15053506,0.465647634,659.167,54463.97333,21.8547225,0.470898637,665.8,43840.57333,15.40861914,0.497215455,659.167,30909.69,119.3333333,78,76.33333333,78,-1.64409595044325,-1.50761101163916,0.452107859504655,-0.175911398852204,-1.56891465511013
"2850-57746","2850-57669","2850-57746_2850-57669",1,"CHR",74,"CHR-74",0,9,15.71781378,9,1,"CHR_74_1",1,NA,0,2,"no",16.91,16.74286308,0.495003601,658.0916667,33586.18333,19.18283317,0.480290485,642.151,38480.76333,22.0371552,0.479027413,665.8,44206.53333,18.33031073,0.470432651,665.8,36770.60333,115.8333333,78,NA,78,0.363008587042119,-0.119836909932159,-1.52717699897877,-0.7390884335554,-1.4422150361416,17.82,14.07982054,0.504204618,611.004,28244.12,27.72719176,0.47617904,611.004,55620.74667,17.24374875,0.494612283,611.004,34590.96,18.57412762,0.508699718,611.004,37259.7,123.8333333,89.66666667,90,89.66666667,0.0620185912784761,-0.0148579628241403,0.549810804877425,-0.985522014505819,-0.886333735122392
"2850-57746","2850-57669","2850-57746_2850-57669",2,"CHR",6,"CHR-6",0,11,14.4642527609091,8,3,"CHR_6_2",1,NA,0,4,"no",16.91,16.74286308,0.495003601,658.0916667,33586.18333,19.18283317,0.480290485,642.151,38480.76333,22.0371552,0.479027413,665.8,44206.53333,18.33031073,0.470432651,665.8,36770.60333,115.8333333,78,NA,78,0.363008587042119,-0.119836909932159,-1.52717699897877,-0.7390884335554,-1.4422150361416,17.82,14.07982054,0.504204618,611.004,28244.12,27.72719176,0.47617904,611.004,55620.74667,17.24374875,0.494612283,611.004,34590.96,18.57412762,0.508699718,611.004,37259.7,123.8333333,89.66666667,90,89.66666667,0.0620185912784761,-0.0148579628241403,0.549810804877425,-0.985522014505819,-0.886333735122392
"2850-57746","2850-57671","2850-57746_2850-57671",1,"CHR",74,"CHR-74",0,5,2.942554498,5,5,"CHR_74_1",1,NA,0,2,"no",16.91,16.74286308,0.495003601,658.0916667,33586.18333,19.18283317,0.480290485,642.151,38480.76333,22.0371552,0.479027413,665.8,44206.53333,18.33031073,0.470432651,665.8,36770.60333,115.8333333,78,NA,78,0.363008587042119,-0.119836909932159,-1.52717699897877,-0.7390884335554,-1.4422150361416,17.53,16.28350449,0.48181303,667.733,32664.71,28.84180791,0.479499655,593.4133333,57856.66667,23.68146062,0.459973843,641.034,47505.01,25.7482569,0.475226128,607.0326667,51651.00333,117.8333333,75.83333333,83.16666667,75.83333333,-1.96094579430279,0.571272240341928,0.738660220509044,0.144833557453636,0.660629034048076
"2850-57746","2850-57671","2850-57746_2850-57671",2,"CHR",6,"CHR-6",0,0,3.487733105,0,-47,"CHR_6_2",1,NA,0,4,"no",16.91,16.74286308,0.495003601,658.0916667,33586.18333,19.18283317,0.480290485,642.151,38480.76333,22.0371552,0.479027413,665.8,44206.53333,18.33031073,0.470432651,665.8,36770.60333,115.8333333,78,NA,78,0.363008587042119,-0.119836909932159,-1.52717699897877,-0.7390884335554,-1.4422150361416,17.53,16.28350449,0.48181303,667.733,32664.71,28.84180791,0.479499655,593.4133333,57856.66667,23.68146062,0.459973843,641.034,47505.01,25.7482569,0.475226128,607.0326667,51651.00333,117.8333333,75.83333333,83.16666667,75.83333333,-1.96094579430279,0.571272240341928,0.738660220509044,0.144833557453636,0.660629034048076
"2850-57746","2850-57731","2850-57746_2850-57731",1,"CHR",74,"CHR-74",0,10,12.77634584,0,-17,"CHR_74_1",1,NA,0,2,"no",16.91,16.74286308,0.495003601,658.0916667,33586.18333,19.18283317,0.480290485,642.151,38480.76333,22.0371552,0.479027413,665.8,44206.53333,18.33031073,0.470432651,665.8,36770.60333,115.8333333,78,NA,78,0.363008587042119,-0.119836909932159,-1.52717699897877,-0.7390884335554,-1.4422150361416,15.9,10.9634214,0.500436597,689.138,21992.62333,23.24545364,0.49159359,611.004,46630.38,18.5751562,0.456752009,611.004,37261.76333,24.60593387,0.474122334,611.004,49359.50333,119,91,92.33333333,91,0.257003109789217,-0.84374981052978,-0.209530090170569,-0.751748919336863,0.414309079555146
"2850-57746","2850-57731","2850-57746_2850-57731",2,"CHR",6,"CHR-6",0,11,15.69392115,0,-20,"CHR_6_2",1,NA,0,4,"no",16.91,16.74286308,0.495003601,658.0916667,33586.18333,19.18283317,0.480290485,642.151,38480.76333,22.0371552,0.479027413,665.8,44206.53333,18.33031073,0.470432651,665.8,36770.60333,115.8333333,78,NA,78,0.363008587042119,-0.119836909932159,-1.52717699897877,-0.7390884335554,-1.4422150361416,15.9,10.9634214,0.500436597,689.138,21992.62333,23.24545364,0.49159359,611.004,46630.38,18.5751562,0.456752009,611.004,37261.76333,24.60593387,0.474122334,611.004,49359.50333,119,91,92.33333333,91,0.257003109789217,-0.84374981052978,-0.209530090170569,-0.751748919336863,0.414309079555146
"2850-57746","2850-57733","2850-57746_2850-57733",2,"CHR",6,"CHR-6",0,11,5.517704929,0,20,"CHR_6_2",1,NA,0,4,"no",16.91,16.74286308,0.495003601,658.0916667,33586.18333,19.18283317,0.480290485,642.151,38480.76333,22.0371552,0.479027413,665.8,44206.53333,18.33031073,0.470432651,665.8,36770.60333,115.8333333,78,NA,78,0.363008587042119,-0.119836909932159,-1.52717699897877,-0.7390884335554,-1.4422150361416,15.66,14.84394317,0.488091858,680.0823333,29776.95,20.45213858,0.480742509,611.004,41026.99,22.3788767,0.481773003,627.3723333,44892.02667,18.61630941,0.474711747,611.004,37344.31667,121.6666667,NA,102,102,1.86562539152438,0.188381413841325,-0.682801464137293,-0.0838786032720019,-0.877238044743787
"2850-57746","2850-57733","2850-57746_2850-57733",1,"CHR",74,"CHR-74",0,0,5.710254056,0,26,"CHR_74_1",1,NA,0,2,"no",16.91,16.74286308,0.495003601,658.0916667,33586.18333,19.18283317,0.480290485,642.151,38480.76333,22.0371552,0.479027413,665.8,44206.53333,18.33031073,0.470432651,665.8,36770.60333,115.8333333,78,NA,78,0.363008587042119,-0.119836909932159,-1.52717699897877,-0.7390884335554,-1.4422150361416,15.66,14.84394317,0.488091858,680.0823333,29776.95,20.45213858,0.480742509,611.004,41026.99,22.3788767,0.481773003,627.3723333,44892.02667,18.61630941,0.474711747,611.004,37344.31667,121.6666667,NA,102,102,1.86562539152438,0.188381413841325,-0.682801464137293,-0.0838786032720019,-0.877238044743787
"2850-57746","2850-57742","2850-57746_2850-57742",1,"CHR",74,"CHR-74",0,10,14.26919975,1,-9,"CHR_74_1",1,NA,0,2,"no",16.91,16.74286308,0.495003601,658.0916667,33586.18333,19.18283317,0.480290485,642.151,38480.76333,22.0371552,0.479027413,665.8,44206.53333,18.33031073,0.470432651,665.8,36770.60333,115.8333333,78,NA,78,0.363008587042119,-0.119836909932159,-1.52717699897877,-0.7390884335554,-1.4422150361416,16.98,13.00562645,0.511030769,671.763,26089.28667,26.1463443,0.49002744,625.0783333,52449.56667,26.30566135,0.456120566,609.081,52769.15667,22.8044882,0.51172569,659.167,45745.80333,118,93,92,93,0.54947988828652,-0.300569350889335,0.281967817833205,0.605599739133584,0.0258620257862253
"2850-57746","2850-57742","2850-57746_2850-57742",2,"CHR",6,"CHR-6",0,11,11.24915023,0,-15,"CHR_6_2",1,NA,0,4,"no",16.91,16.74286308,0.495003601,658.0916667,33586.18333,19.18283317,0.480290485,642.151,38480.76333,22.0371552,0.479027413,665.8,44206.53333,18.33031073,0.470432651,665.8,36770.60333,115.8333333,78,NA,78,0.363008587042119,-0.119836909932159,-1.52717699897877,-0.7390884335554,-1.4422150361416,16.98,13.00562645,0.511030769,671.763,26089.28667,26.1463443,0.49002744,625.0783333,52449.56667,26.30566135,0.456120566,609.081,52769.15667,22.8044882,0.51172569,659.167,45745.80333,118,93,92,93,0.54947988828652,-0.300569350889335,0.281967817833205,0.605599739133584,0.0258620257862253
"2850-57746","2850-57744","2850-57746_2850-57744",1,"CHR",74,"CHR-74",0,1,6.340425465,1,9,"CHR_74_1",1,NA,0,2,"no",16.91,16.74286308,0.495003601,658.0916667,33586.18333,19.18283317,0.480290485,642.151,38480.76333,22.0371552,0.479027413,665.8,44206.53333,18.33031073,0.470432651,665.8,36770.60333,115.8333333,78,NA,78,0.363008587042119,-0.119836909932159,-1.52717699897877,-0.7390884335554,-1.4422150361416,14.77,24.63866733,0.441897015,611.004,49425.16667,20.45419575,0.491736389,610.6836667,41031.11667,20.25567464,0.470934773,627.6863333,40632.88333,16.45550847,0.489979153,643.7406667,33009.75,116,84.5,NA,84.5,-0.693546420327017,2.79355701620318,-0.682452917821725,-0.456677716898191,-1.34317313948584
"2850-57746","2850-57744","2850-57746_2850-57744",2,"CHR",6,"CHR-6",0,11,6.616957808,2,9,"CHR_6_2",1,NA,0,4,"no",16.91,16.74286308,0.495003601,658.0916667,33586.18333,19.18283317,0.480290485,642.151,38480.76333,22.0371552,0.479027413,665.8,44206.53333,18.33031073,0.470432651,665.8,36770.60333,115.8333333,78,NA,78,0.363008587042119,-0.119836909932159,-1.52717699897877,-0.7390884335554,-1.4422150361416,14.77,24.63866733,0.441897015,611.004,49425.16667,20.45419575,0.491736389,610.6836667,41031.11667,20.25567464,0.470934773,627.6863333,40632.88333,16.45550847,0.489979153,643.7406667,33009.75,116,84.5,NA,84.5,-0.693546420327017,2.79355701620318,-0.682452917821725,-0.456677716898191,-1.34317313948584
"2850-57746","2850-57745","2850-57746_2850-57745",1,"CHR",74,"CHR-74",0,10,25.12945402,7,-4,"CHR_74_1",1,NA,0,2,"no",16.91,16.74286308,0.495003601,658.0916667,33586.18333,19.18283317,0.480290485,642.151,38480.76333,22.0371552,0.479027413,665.8,44206.53333,18.33031073,0.470432651,665.8,36770.60333,115.8333333,78,NA,78,0.363008587042119,-0.119836909932159,-1.52717699897877,-0.7390884335554,-1.4422150361416,16.33,11.89491525,0.520998035,667.1156667,23861.2,19.28173812,0.496153459,634.065,38679.16667,21.88407444,0.484884869,657.7393333,43899.45333,26.3850565,0.474305256,645.4026667,52928.42333,118,85,86,85,-0.620427225702691,-0.59599346618265,-0.881102415479132,-0.170757684365318,0.797942599802867
"2850-57746","2850-57745","2850-57746_2850-57745",2,"CHR",6,"CHR-6",0,11,24.17933489,0,-21,"CHR_6_2",1,NA,0,4,"no",16.91,16.74286308,0.495003601,658.0916667,33586.18333,19.18283317,0.480290485,642.151,38480.76333,22.0371552,0.479027413,665.8,44206.53333,18.33031073,0.470432651,665.8,36770.60333,115.8333333,78,NA,78,0.363008587042119,-0.119836909932159,-1.52717699897877,-0.7390884335554,-1.4422150361416,16.33,11.89491525,0.520998035,667.1156667,23861.2,19.28173812,0.496153459,634.065,38679.16667,21.88407444,0.484884869,657.7393333,43899.45333,26.3850565,0.474305256,645.4026667,52928.42333,118,85,86,85,-0.620427225702691,-0.59599346618265,-0.881102415479132,-0.170757684365318,0.797942599802867
"2850-57746","2850-57806","2850-57746_2850-57806",1,"CHR",74,"CHR-74",0,10,19.76481823,0,-12,"CHR_74_1",1,NA,0,2,"no",16.91,16.74286308,0.495003601,658.0916667,33586.18333,19.18283317,0.480290485,642.151,38480.76333,22.0371552,0.479027413,665.8,44206.53333,18.33031073,0.470432651,665.8,36770.60333,115.8333333,78,NA,78,0.363008587042119,-0.119836909932159,-1.52717699897877,-0.7390884335554,-1.4422150361416,15.88,11.25502825,0.516086951,669.4676667,22577.58667,14.26422898,0.518970434,659.167,28614.04333,18.0460319,0.470292612,659.167,36200.34,17.57589232,0.493413321,659.167,35257.24,120.1666667,83.83333333,86,83.83333333,-0.791038680313578,-0.766188968724348,-1.73121899508845,-0.844654382153754,-1.1015839465002
"2850-57746","2850-57806","2850-57746_2850-57806",2,"CHR",6,"CHR-6",0,11,21.17130823,0,-12,"CHR_6_2",1,NA,0,4,"no",16.91,16.74286308,0.495003601,658.0916667,33586.18333,19.18283317,0.480290485,642.151,38480.76333,22.0371552,0.479027413,665.8,44206.53333,18.33031073,0.470432651,665.8,36770.60333,115.8333333,78,NA,78,0.363008587042119,-0.119836909932159,-1.52717699897877,-0.7390884335554,-1.4422150361416,15.88,11.25502825,0.516086951,669.4676667,22577.58667,14.26422898,0.518970434,659.167,28614.04333,18.0460319,0.470292612,659.167,36200.34,17.57589232,0.493413321,659.167,35257.24,120.1666667,83.83333333,86,83.83333333,-0.791038680313578,-0.766188968724348,-1.73121899508845,-0.844654382153754,-1.1015839465002
"2850-57746","2850-57808","2850-57746_2850-57808",1,"CHR",74,"CHR-74",0,10,13.16811811,0,-12,"CHR_74_1",1,NA,0,2,"no",16.91,16.74286308,0.495003601,658.0916667,33586.18333,19.18283317,0.480290485,642.151,38480.76333,22.0371552,0.479027413,665.8,44206.53333,18.33031073,0.470432651,665.8,36770.60333,115.8333333,78,NA,78,0.363008587042119,-0.119836909932159,-1.52717699897877,-0.7390884335554,-1.4422150361416,17.44,11.46748421,0.514088925,678.7753333,23003.77333,15.37756564,0.515459018,659.167,30847.39667,20.6164008,0.49573159,641.3963333,41356.5,18.7548222,0.472216787,642.151,37622.17333,120.5,NA,100,100,1.57314861302708,-0.709680477568599,-1.54258636344907,-0.393340178166818,-0.847370430038086
"2850-57746","2850-57808","2850-57746_2850-57808",2,"CHR",6,"CHR-6",0,11,11.61529363,0,-16,"CHR_6_2",1,NA,0,4,"no",16.91,16.74286308,0.495003601,658.0916667,33586.18333,19.18283317,0.480290485,642.151,38480.76333,22.0371552,0.479027413,665.8,44206.53333,18.33031073,0.470432651,665.8,36770.60333,115.8333333,78,NA,78,0.363008587042119,-0.119836909932159,-1.52717699897877,-0.7390884335554,-1.4422150361416,17.44,11.46748421,0.514088925,678.7753333,23003.77333,15.37756564,0.515459018,659.167,30847.39667,20.6164008,0.49573159,641.3963333,41356.5,18.7548222,0.472216787,642.151,37622.17333,120.5,NA,100,100,1.57314861302708,-0.709680477568599,-1.54258636344907,-0.393340178166818,-0.847370430038086
"2850-57746","2850-57881","2850-57746_2850-57881",1,"CHR",74,"CHR-74",0,10,13.7234473,5,-7,"CHR_74_1",1,NA,0,2,"no",16.91,16.74286308,0.495003601,658.0916667,33586.18333,19.18283317,0.480290485,642.151,38480.76333,22.0371552,0.479027413,665.8,44206.53333,18.33031073,0.470432651,665.8,36770.60333,115.8333333,78,NA,78,0.363008587042119,-0.119836909932159,-1.52717699897877,-0.7390884335554,-1.4422150361416,16.55,11.73463277,0.535560863,644.7453333,23539.67333,21.93833167,0.494146676,611.004,44008.29333,26.56095214,0.438684751,643.7343333,53281.27,31.59365071,0.464706779,610.6836667,63376.86333,119.6666667,84.83333333,85.83333333,84.83333333,-0.644800291064927,-0.638624988986254,-0.430995767115722,0.650424573294177,1.92107559728725
"2850-57746","2850-57881","2850-57746_2850-57881",2,"CHR",6,"CHR-6",0,11,12.40414054,8,-2,"CHR_6_2",1,NA,0,4,"no",16.91,16.74286308,0.495003601,658.0916667,33586.18333,19.18283317,0.480290485,642.151,38480.76333,22.0371552,0.479027413,665.8,44206.53333,18.33031073,0.470432651,665.8,36770.60333,115.8333333,78,NA,78,0.363008587042119,-0.119836909932159,-1.52717699897877,-0.7390884335554,-1.4422150361416,16.55,11.73463277,0.535560863,644.7453333,23539.67333,21.93833167,0.494146676,611.004,44008.29333,26.56095214,0.438684751,643.7343333,53281.27,31.59365071,0.464706779,610.6836667,63376.86333,119.6666667,84.83333333,85.83333333,84.83333333,-0.644800291064927,-0.638624988986254,-0.430995767115722,0.650424573294177,1.92107559728725
"2850-57749","2850-57573","2850-57749_2850-57573",1,"Cooks",13,"Cooks-13",0,10,6.497659888,0,15,"Cooks_13_1",1,NA,0,4,"no",NA,19.41171319,0.489887349,663.8033333,38939.89667,30.77948986,0.453449047,609.081,61743.65667,21.0645098,0.459944133,642.0943333,42255.40667,30.16000166,0.448755313,608.7603333,60500.96333,118,NA,NA,NA,NA,0.64618720913969,0.382563657577868,-0.910157875697031,0.529455044624913,18.3,12.92033898,0.516923185,659.167,25918.2,24.59975573,0.484233366,625.7763333,49347.11,31.1244234,0.424712746,659.167,62435.59333,21.93607178,0.497268887,659.167,44003.76,117.1666667,87.5,87,87.5,-0.254831252581063,-0.323253893343174,0.019929314562782,1.45169453852141,-0.161395245088646
"2850-57749","2850-57574","2850-57749_2850-57574",1,"Cooks",13,"Cooks-13",0,10,3.497611712,0,-32,"Cooks_13_1",1,NA,0,4,"no",NA,19.41171319,0.489887349,663.8033333,38939.89667,30.77948986,0.453449047,609.081,61743.65667,21.0645098,0.459944133,642.0943333,42255.40667,30.16000166,0.448755313,608.7603333,60500.96333,118,NA,NA,NA,NA,0.64618720913969,0.382563657577868,-0.910157875697031,0.529455044624913,18.7,11.90285975,0.492942754,627.3723333,23877.13667,21.77220837,0.49172923,611.004,43675.05,18.26303423,0.465028061,637.359,36635.64667,20.35447823,0.465982626,611.004,40831.08333,121,88,90,88,-0.181712057956737,-0.59388040845536,-0.459142038034007,-0.806552367370094,-0.502435424644784
"2850-57749","2850-57633","2850-57749_2850-57633",1,"Cooks",13,"Cooks-13",0,10,0.586918094,8,2,"Cooks_13_1",1,NA,0,4,"no",NA,19.41171319,0.489887349,663.8033333,38939.89667,30.77948986,0.453449047,609.081,61743.65667,21.0645098,0.459944133,642.0943333,42255.40667,30.16000166,0.448755313,608.7603333,60500.96333,118,NA,NA,NA,NA,0.64618720913969,0.382563657577868,-0.910157875697031,0.529455044624913,17.94,11.19749917,0.509885343,666.1736667,22462.18333,17.60286474,0.553353548,659.167,35311.34667,16.38984214,0.524913975,659.167,32878.02333,19.65409771,0.49918894,658.7896667,39426.12,121.1666667,89,88.66666667,89,-0.0354736687080858,-0.781490405823964,-1.16555393426655,-1.1354538713577,-0.653458990907066
"2850-57749","2850-57638","2850-57749_2850-57638",1,"Cooks",13,"Cooks-13",0,10,4.018942747,9,-2,"Cooks_13_1",1,NA,0,4,"no",NA,19.41171319,0.489887349,663.8033333,38939.89667,30.77948986,0.453449047,609.081,61743.65667,21.0645098,0.459944133,642.0943333,42255.40667,30.16000166,0.448755313,608.7603333,60500.96333,118,NA,NA,NA,NA,0.64618720913969,0.382563657577868,-0.910157875697031,0.529455044624913,16.53,10.19052011,0.487622013,670.0956667,20442.18333,18.05735626,0.481711047,627.6863333,36223.05667,18.27628946,0.486914464,611.004,36662.23667,23.08476072,0.442975542,644.3686667,46308.03,122,99,105,99,1.42691022377843,-1.04932411265918,-1.08854943548773,-0.804224968537921,0.0862973952561187
"2850-57749","2850-57673","2850-57749_2850-57673",1,"Cooks",13,"Cooks-13",0,10,4.87093001,0,25,"Cooks_13_1",1,NA,0,4,"no",NA,19.41171319,0.489887349,663.8033333,38939.89667,30.77948986,0.453449047,609.081,61743.65667,21.0645098,0.459944133,642.0943333,42255.40667,30.16000166,0.448755313,608.7603333,60500.96333,118,NA,NA,NA,NA,0.64618720913969,0.382563657577868,-0.910157875697031,0.529455044624913,16.42,10.84304919,0.510941546,631.6946667,21751.15667,23.8083001,0.490864516,611.004,47759.45,25.12981888,0.475219286,611.004,50410.41667,29.45398804,0.462833294,611.004,59084.7,121.1666667,86,86.33333333,86,-0.47418883645404,-0.875766102114083,-0.114167013777566,0.399141277718927,1.45969856324056
"2850-57749","2850-57675","2850-57749_2850-57675",1,"Cooks",13,"Cooks-13",1,10,0.08,10,0,"Cooks_13_1",1,NA,0,4,"no",NA,19.41171319,0.489887349,663.8033333,38939.89667,30.77948986,0.453449047,609.081,61743.65667,21.0645098,0.459944133,642.0943333,42255.40667,30.16000166,0.448755313,608.7603333,60500.96333,118,NA,NA,NA,NA,0.64618720913969,0.382563657577868,-0.910157875697031,0.529455044624913,16.13,21.83237454,0.479320618,646.7306667,43795.74333,30.69659189,0.449354193,597.0816667,61577.36333,23.809111,0.463668452,633.779,47761.07667,29.3981572,0.45677817,609.081,58972.70333,120.5,87.66666667,90.16666667,87.66666667,-0.230458187218827,2.04714645984995,1.05291627246548,0.167246849817363,1.44765971817928
"2850-57749","2850-57676","2850-57749_2850-57676",1,"Cooks",13,"Cooks-13",0,10,2.450699861,0,-16,"Cooks_13_1",1,NA,0,4,"no",NA,19.41171319,0.489887349,663.8033333,38939.89667,30.77948986,0.453449047,609.081,61743.65667,21.0645098,0.459944133,642.0943333,42255.40667,30.16000166,0.448755313,608.7603333,60500.96333,118,NA,NA,NA,NA,0.64618720913969,0.382563657577868,-0.910157875697031,0.529455044624913,15.04,12.13272848,0.48765255,653.7273333,24338.25333,11.56205716,0.497269884,644.0546667,23193.48667,29.82227983,0.475489058,611.004,59823.49333,24.87789963,0.471451969,611.004,49905.06667,115.1666667,74.16666667,71.5,74.16666667,-2.20467644207562,-0.532740513409871,-2.18904796979264,1.22305969596194,0.472953256261305
"2850-57749","2870-64915","2850-57749_2870-64915",1,"Cooks",13,"Cooks-13",0,8,2.78939232,8,2,"Cooks_13_1",1,NA,0,4,"no",NA,19.41171319,0.489887349,663.8033333,38939.89667,30.77948986,0.453449047,609.081,61743.65667,21.0645098,0.459944133,642.0943333,42255.40667,30.16000166,0.448755313,608.7603333,60500.96333,118,NA,NA,NA,NA,0.64618720913969,0.382563657577868,-0.910157875697031,0.529455044624913,16.13,17.296557,0.511786214,611.004,34696.89333,40.0972898,0.40323729,627.0583333,80435.16333,37.77161349,0.386328777,611.004,75769.85667,30.36117979,0.457614333,611.004,60904.52667,119.8333333,92.5,91.66666667,92.5,0.476360693662194,0.840721347825874,2.64567653063407,2.61883101617572,1.65531698702071
"2850-57846","2640-97588","2850-57846_2640-97588",1,"CHR",110,"CHR-110",0,10,12.7667261,4,-7,"CHR_110_1",1,NA,0,4,"no",17.29,13.03171486,0.551398233,659.167,26141.62,21.79884679,0.448054925,642.4716667,43728.48667,24.82876869,0.459428468,642.151,49806.51,29.76354271,0.472972655,659.167,59705.66667,118.1666667,79.83333333,80,79.83333333,0.841087169976081,-1.18502563496347,-1.09637114676035,-0.24809781928904,0.463376712182198,18.7,11.85018943,0.544837496,653.7273333,23771.48,14.45612662,0.507893605,610.6836667,28998.99,21.21705716,0.471668493,610.6836667,42561.41667,27.50362745,0.462396686,637.0386667,55172.27667,119,87,85,87,-0.327950447205388,-0.607889525035993,-1.69870577771304,-0.287874870450448,1.03914087582914
"2850-57846","2640-97588","2850-57846_2640-97588",2,"CHR",52,"CHR-52",0,11,15.36161737,6,-5,"CHR_52_2",1,NA,0,2,"no",17.29,13.03171486,0.551398233,659.167,26141.62,21.79884679,0.448054925,642.4716667,43728.48667,24.82876869,0.459428468,642.151,49806.51,29.76354271,0.472972655,659.167,59705.66667,118.1666667,79.83333333,80,79.83333333,0.841087169976081,-1.18502563496347,-1.09637114676035,-0.24809781928904,0.463376712182198,18.7,11.85018943,0.544837496,653.7273333,23771.48,14.45612662,0.507893605,610.6836667,28998.99,21.21705716,0.471668493,610.6836667,42561.41667,27.50362745,0.462396686,637.0386667,55172.27667,119,87,85,87,-0.327950447205388,-0.607889525035993,-1.69870577771304,-0.287874870450448,1.03914087582914
"2850-57846","2640-97589","2850-57846_2640-97589",1,"CHR",110,"CHR-110",0,10,3.26345876,6,-5,"CHR_110_1",1,NA,0,4,"no",17.29,13.03171486,0.551398233,659.167,26141.62,21.79884679,0.448054925,642.4716667,43728.48667,24.82876869,0.459428468,642.151,49806.51,29.76354271,0.472972655,659.167,59705.66667,118.1666667,79.83333333,80,79.83333333,0.841087169976081,-1.18502563496347,-1.09637114676035,-0.24809781928904,0.463376712182198,16.1,11.8153556,0.523609389,681.183,23701.60333,16.91354271,0.528785659,657.7393333,33928.56667,18.6526321,0.480672665,627.3723333,37417.18,20.65218677,0.48363622,650.113,41428.28667,119,99.66666667,98,99.66666667,1.52440248376499,-0.617154537768401,-1.28234576663637,-0.738145434585443,-0.438240313367936
"2850-57846","2640-97589","2850-57846_2640-97589",2,"CHR",52,"CHR-52",0,11,4.348776993,9,-2,"CHR_52_2",1,NA,0,2,"no",17.29,13.03171486,0.551398233,659.167,26141.62,21.79884679,0.448054925,642.4716667,43728.48667,24.82876869,0.459428468,642.151,49806.51,29.76354271,0.472972655,659.167,59705.66667,118.1666667,79.83333333,80,79.83333333,0.841087169976081,-1.18502563496347,-1.09637114676035,-0.24809781928904,0.463376712182198,16.1,11.8153556,0.523609389,681.183,23701.60333,16.91354271,0.528785659,657.7393333,33928.56667,18.6526321,0.480672665,627.3723333,37417.18,20.65218677,0.48363622,650.113,41428.28667,119,99.66666667,98,99.66666667,1.52440248376499,-0.617154537768401,-1.28234576663637,-0.738145434585443,-0.438240313367936
"2850-57846","2811-83208","2850-57846_2811-83208",2,"CHR",52,"CHR-52",0,11,12.94374732,0,13,"CHR_52_2",1,NA,0,2,"no",17.29,13.03171486,0.551398233,659.167,26141.62,21.79884679,0.448054925,642.4716667,43728.48667,24.82876869,0.459428468,642.151,49806.51,29.76354271,0.472972655,659.167,59705.66667,118.1666667,79.83333333,80,79.83333333,0.841087169976081,-1.18502563496347,-1.09637114676035,-0.24809781928904,0.463376712182198,16.9,18.73416916,0.484585352,611.004,37580.74333,21.00459455,0.486882121,610.6836667,42135.21667,26.39878531,0.450512144,610.6836667,52955.96333,23.23742606,0.475660646,611.004,46614.27667,118,87,89.5,87,-0.327950447205388,1.22309374175052,-0.589198848477454,0.621950764031026,0.119216734719535
"2850-57846","2811-83208","2850-57846_2811-83208",1,"CHR",110,"CHR-110",0,0,15.7455459,0,10,"CHR_110_1",1,NA,0,4,"no",17.29,13.03171486,0.551398233,659.167,26141.62,21.79884679,0.448054925,642.4716667,43728.48667,24.82876869,0.459428468,642.151,49806.51,29.76354271,0.472972655,659.167,59705.66667,118.1666667,79.83333333,80,79.83333333,0.841087169976081,-1.18502563496347,-1.09637114676035,-0.24809781928904,0.463376712182198,16.9,18.73416916,0.484585352,611.004,37580.74333,21.00459455,0.486882121,610.6836667,42135.21667,26.39878531,0.450512144,610.6836667,52955.96333,23.23742606,0.475660646,611.004,46614.27667,118,87,89.5,87,-0.327950447205388,1.22309374175052,-0.589198848477454,0.621950764031026,0.119216734719535
"2850-57846","2850-57567","2850-57846_2850-57567",1,"CHR",110,"CHR-110",0,2,9.216245333,2,8,"CHR_110_1",1,NA,0,4,"no",17.29,13.03171486,0.551398233,659.167,26141.62,21.79884679,0.448054925,642.4716667,43728.48667,24.82876869,0.459428468,642.151,49806.51,29.76354271,0.472972655,659.167,59705.66667,118.1666667,79.83333333,80,79.83333333,0.841087169976081,-1.18502563496347,-1.09637114676035,-0.24809781928904,0.463376712182198,16.6,10.56012296,0.52180729,667.1156667,21183.60667,26.35612994,0.49271154,611.3883333,52870.39667,22.28285809,0.48721335,606.0566667,44699.41333,16.73888169,0.511359264,628.0706667,33578.19667,121.5,102.1666667,102.5,102.1666667,1.88999846127377,-0.951018094883241,0.317511799070068,-0.100737880763292,-1.28206916379613
"2850-57846","2850-57567","2850-57846_2850-57567",2,"CHR",52,"CHR-52",0,5,11.84556078,0,-38,"CHR_52_2",1,NA,0,2,"no",17.29,13.03171486,0.551398233,659.167,26141.62,21.79884679,0.448054925,642.4716667,43728.48667,24.82876869,0.459428468,642.151,49806.51,29.76354271,0.472972655,659.167,59705.66667,118.1666667,79.83333333,80,79.83333333,0.841087169976081,-1.18502563496347,-1.09637114676035,-0.24809781928904,0.463376712182198,16.6,10.56012296,0.52180729,667.1156667,21183.60667,26.35612994,0.49271154,611.3883333,52870.39667,22.28285809,0.48721335,606.0566667,44699.41333,16.73888169,0.511359264,628.0706667,33578.19667,121.5,102.1666667,102.5,102.1666667,1.88999846127377,-0.951018094883241,0.317511799070068,-0.100737880763292,-1.28206916379613
"2850-57846","2850-57570","2850-57846_2850-57570",2,"CHR",52,"CHR-52",0,11,12.30502494,4,-6,"CHR_52_2",1,NA,0,2,"no",17.29,13.03171486,0.551398233,659.167,26141.62,21.79884679,0.448054925,642.4716667,43728.48667,24.82876869,0.459428468,642.151,49806.51,29.76354271,0.472972655,659.167,59705.66667,118.1666667,79.83333333,80,79.83333333,0.841087169976081,-1.18502563496347,-1.09637114676035,-0.24809781928904,0.463376712182198,16.51,16.84077767,0.501161039,611.004,33782.6,23.06811898,0.49586693,611.004,46274.64667,25.67366733,0.443766873,611.004,51501.37667,19.07592556,0.494641169,627.6863333,38266.30667,121.5,90,NA,90,0.110764720540566,0.719494330997171,-0.239575901827104,0.494632057389222,-0.778130676530947
"2850-57846","2850-57570","2850-57846_2850-57570",1,"CHR",110,"CHR-110",0,0,7.044103878,0,20,"CHR_110_1",1,NA,0,4,"no",17.29,13.03171486,0.551398233,659.167,26141.62,21.79884679,0.448054925,642.4716667,43728.48667,24.82876869,0.459428468,642.151,49806.51,29.76354271,0.472972655,659.167,59705.66667,118.1666667,79.83333333,80,79.83333333,0.841087169976081,-1.18502563496347,-1.09637114676035,-0.24809781928904,0.463376712182198,16.51,16.84077767,0.501161039,611.004,33782.6,23.06811898,0.49586693,611.004,46274.64667,25.67366733,0.443766873,611.004,51501.37667,19.07592556,0.494641169,627.6863333,38266.30667,121.5,90,NA,90,0.110764720540566,0.719494330997171,-0.239575901827104,0.494632057389222,-0.778130676530947
"2850-57846","2850-57577","2850-57846_2850-57577",2,"CHR",52,"CHR-52",0,11,17.69418877,0,23,"CHR_52_2",1,NA,0,2,"no",17.29,13.03171486,0.551398233,659.167,26141.62,21.79884679,0.448054925,642.4716667,43728.48667,24.82876869,0.459428468,642.151,49806.51,29.76354271,0.472972655,659.167,59705.66667,118.1666667,79.83333333,80,79.83333333,0.841087169976081,-1.18502563496347,-1.09637114676035,-0.24809781928904,0.463376712182198,18.2,20.92472416,0.512057073,676.164,41974.99667,28.83623131,0.475799583,625.399,57845.48,28.80829345,0.443602398,627.1216667,57789.43667,29.54534563,0.455136562,636.0576667,59267.96333,119,90.83333333,91.16666667,90.83333333,0.232630044426981,1.80573194047972,0.737715377164354,1.04502048301344,1.47939806751422
"2850-57846","2850-57577","2850-57846_2850-57577",1,"CHR",110,"CHR-110",0,0,15.75477188,0,20,"CHR_110_1",1,NA,0,4,"no",17.29,13.03171486,0.551398233,659.167,26141.62,21.79884679,0.448054925,642.4716667,43728.48667,24.82876869,0.459428468,642.151,49806.51,29.76354271,0.472972655,659.167,59705.66667,118.1666667,79.83333333,80,79.83333333,0.841087169976081,-1.18502563496347,-1.09637114676035,-0.24809781928904,0.463376712182198,18.2,20.92472416,0.512057073,676.164,41974.99667,28.83623131,0.475799583,625.399,57845.48,28.80829345,0.443602398,627.1216667,57789.43667,29.54534563,0.455136562,636.0576667,59267.96333,119,90.83333333,91.16666667,90.83333333,0.232630044426981,1.80573194047972,0.737715377164354,1.04502048301344,1.47939806751422
"2850-57846","2850-57578","2850-57846_2850-57578",2,"CHR",52,"CHR-52",0,11,6.945628703,0,20,"CHR_52_2",1,NA,0,2,"no",17.29,13.03171486,0.551398233,659.167,26141.62,21.79884679,0.448054925,642.4716667,43728.48667,24.82876869,0.459428468,642.151,49806.51,29.76354271,0.472972655,659.167,59705.66667,118.1666667,79.83333333,80,79.83333333,0.841087169976081,-1.18502563496347,-1.09637114676035,-0.24809781928904,0.463376712182198,17.2,10.81633932,0.556799001,678.4426667,21697.57667,15.67680791,0.517385329,657.4626667,31447.67667,20.72179628,0.496782872,642.7923333,41567.92333,11.67128448,0.547842632,659.167,23412.59667,119,91.5,91.5,91.5,0.330122304413543,-0.882870324808829,-1.49188574528399,-0.374834477619313,-2.37479887454678
"2850-57846","2850-57578","2850-57846_2850-57578",1,"CHR",110,"CHR-110",0,0,5.621648063,0,16,"CHR_110_1",1,NA,0,4,"no",17.29,13.03171486,0.551398233,659.167,26141.62,21.79884679,0.448054925,642.4716667,43728.48667,24.82876869,0.459428468,642.151,49806.51,29.76354271,0.472972655,659.167,59705.66667,118.1666667,79.83333333,80,79.83333333,0.841087169976081,-1.18502563496347,-1.09637114676035,-0.24809781928904,0.463376712182198,17.2,10.81633932,0.556799001,678.4426667,21697.57667,15.67680791,0.517385329,657.4626667,31447.67667,20.72179628,0.496782872,642.7923333,41567.92333,11.67128448,0.547842632,659.167,23412.59667,119,91.5,91.5,91.5,0.330122304413543,-0.882870324808829,-1.49188574528399,-0.374834477619313,-2.37479887454678
"2850-57846","2850-57579","2850-57846_2850-57579",1,"CHR",110,"CHR-110",0,7,6.315668815,7,3,"CHR_110_1",1,NA,0,4,"no",17.29,13.03171486,0.551398233,659.167,26141.62,21.79884679,0.448054925,642.4716667,43728.48667,24.82876869,0.459428468,642.151,49806.51,29.76354271,0.472972655,659.167,59705.66667,118.1666667,79.83333333,80,79.83333333,0.841087169976081,-1.18502563496347,-1.09637114676035,-0.24809781928904,0.463376712182198,16.3,11.31949153,0.533256519,660.737,22706.9,24.77905949,0.48852106,617.005,49706.79333,18.07848455,0.49353373,627.3723333,36265.44,24.4043104,0.499147361,611.004,48955.04667,118.5,93.5,92,93.5,0.622599082910845,-0.749043190899379,0.0503087508346794,-0.838956234350139,0.37083286253875
"2850-57846","2850-57579","2850-57846_2850-57579",2,"CHR",52,"CHR-52",0,11,5.659255577,0,-18,"CHR_52_2",1,NA,0,2,"no",17.29,13.03171486,0.551398233,659.167,26141.62,21.79884679,0.448054925,642.4716667,43728.48667,24.82876869,0.459428468,642.151,49806.51,29.76354271,0.472972655,659.167,59705.66667,118.1666667,79.83333333,80,79.83333333,0.841087169976081,-1.18502563496347,-1.09637114676035,-0.24809781928904,0.463376712182198,16.3,11.31949153,0.533256519,660.737,22706.9,24.77905949,0.48852106,617.005,49706.79333,18.07848455,0.49353373,627.3723333,36265.44,24.4043104,0.499147361,611.004,48955.04667,118.5,93.5,92,93.5,0.622599082910845,-0.749043190899379,0.0503087508346794,-0.838956234350139,0.37083286253875
"2850-57846","2850-57580","2850-57846_2850-57580",2,"CHR",52,"CHR-52",0,7,8.14863654,0,-35,"CHR_52_2",1,NA,0,2,"no",17.29,13.03171486,0.551398233,659.167,26141.62,21.79884679,0.448054925,642.4716667,43728.48667,24.82876869,0.459428468,642.151,49806.51,29.76354271,0.472972655,659.167,59705.66667,118.1666667,79.83333333,80,79.83333333,0.841087169976081,-1.18502563496347,-1.09637114676035,-0.24809781928904,0.463376712182198,16.2,9.142844799,0.560214832,667.427,18340.54667,27.48113161,0.465556814,625.399,55127.15,22.9424111,0.468469624,647.108,46022.47667,30.74621137,0.465611781,608.7603333,61676.9,117.5,87.83333333,NA,87.83333333,-0.206085123318973,-1.32798210392354,0.508120833367745,0.0150687031458652,1.73834162958958
"2850-57846","2850-57580","2850-57846_2850-57580",1,"CHR",110,"CHR-110",0,0,10.99316016,0,11,"CHR_110_1",1,NA,0,4,"no",17.29,13.03171486,0.551398233,659.167,26141.62,21.79884679,0.448054925,642.4716667,43728.48667,24.82876869,0.459428468,642.151,49806.51,29.76354271,0.472972655,659.167,59705.66667,118.1666667,79.83333333,80,79.83333333,0.841087169976081,-1.18502563496347,-1.09637114676035,-0.24809781928904,0.463376712182198,16.2,9.142844799,0.560214832,667.427,18340.54667,27.48113161,0.465556814,625.399,55127.15,22.9424111,0.468469624,647.108,46022.47667,30.74621137,0.465611781,608.7603333,61676.9,117.5,87.83333333,NA,87.83333333,-0.206085123318973,-1.32798210392354,0.508120833367745,0.0150687031458652,1.73834162958958
"2850-57846","2850-57581","2850-57846_2850-57581",1,"CHR",110,"CHR-110",0,9,8.754085291,9,1,"CHR_110_1",1,NA,0,4,"no",17.29,13.03171486,0.551398233,659.167,26141.62,21.79884679,0.448054925,642.4716667,43728.48667,24.82876869,0.459428468,642.151,49806.51,29.76354271,0.472972655,659.167,59705.66667,118.1666667,79.83333333,80,79.83333333,0.841087169976081,-1.18502563496347,-1.09637114676035,-0.24809781928904,0.463376712182198,15.5,12.5018158,0.557442636,674.1035,25078.6425,18.94245264,0.521103483,641.0916667,37998.56,27.0381655,0.472765016,616.0483333,54238.56,19.62838485,0.524143762,664.102,39374.54,116,82.5,83,82.5,-0.986023198824319,-0.434571614980667,-0.938587554762546,0.734215334884986,-0.659003473806166
"2850-57846","2850-57581","2850-57846_2850-57581",2,"CHR",52,"CHR-52",0,11,7.627019634,7,4,"CHR_52_2",1,NA,0,2,"no",17.29,13.03171486,0.551398233,659.167,26141.62,21.79884679,0.448054925,642.4716667,43728.48667,24.82876869,0.459428468,642.151,49806.51,29.76354271,0.472972655,659.167,59705.66667,118.1666667,79.83333333,80,79.83333333,0.841087169976081,-1.18502563496347,-1.09637114676035,-0.24809781928904,0.463376712182198,15.5,12.5018158,0.557442636,674.1035,25078.6425,18.94245264,0.521103483,641.0916667,37998.56,27.0381655,0.472765016,616.0483333,54238.56,19.62838485,0.524143762,664.102,39374.54,116,82.5,83,82.5,-0.986023198824319,-0.434571614980667,-0.938587554762546,0.734215334884986,-0.659003473806166
"2850-57846","2850-57582","2850-57846_2850-57582",1,"CHR",110,"CHR-110",0,1,14.26919975,1,9,"CHR_110_1",1,NA,0,4,"no",17.29,13.03171486,0.551398233,659.167,26141.62,21.79884679,0.448054925,642.4716667,43728.48667,24.82876869,0.459428468,642.151,49806.51,29.76354271,0.472972655,659.167,59705.66667,118.1666667,79.83333333,80,79.83333333,0.841087169976081,-1.18502563496347,-1.09637114676035,-0.24809781928904,0.463376712182198,15.9,NA,NA,NA,NA,28.49882187,0.467628455,626.7313333,57168.63667,24.79582419,0.471185748,627.0583333,49740.42333,10.86734629,0.526212895,643.7406667,21799.89667,118,88.5,86,88.5,-0.108592863332411,NA,0.68054809534039,0.340497342347155,-2.54815265729939
"2850-57846","2850-57582","2850-57846_2850-57582",2,"CHR",52,"CHR-52",0,11,11.5167408,0,15,"CHR_52_2",1,NA,0,2,"no",17.29,13.03171486,0.551398233,659.167,26141.62,21.79884679,0.448054925,642.4716667,43728.48667,24.82876869,0.459428468,642.151,49806.51,29.76354271,0.472972655,659.167,59705.66667,118.1666667,79.83333333,80,79.83333333,0.841087169976081,-1.18502563496347,-1.09637114676035,-0.24809781928904,0.463376712182198,15.9,NA,NA,NA,NA,28.49882187,0.467628455,626.7313333,57168.63667,24.79582419,0.471185748,627.0583333,49740.42333,10.86734629,0.526212895,643.7406667,21799.89667,118,88.5,86,88.5,-0.108592863332411,NA,0.68054809534039,0.340497342347155,-2.54815265729939
"2850-57846","2850-57589","2850-57846_2850-57589",1,"CHR",110,"CHR-110",0,3,5.014249266,3,7,"CHR_110_1",1,NA,0,4,"no",17.29,13.03171486,0.551398233,659.167,26141.62,21.79884679,0.448054925,642.4716667,43728.48667,24.82876869,0.459428468,642.151,49806.51,29.76354271,0.472972655,659.167,59705.66667,118.1666667,79.83333333,80,79.83333333,0.841087169976081,-1.18502563496347,-1.09637114676035,-0.24809781928904,0.463376712182198,17.5,12.65077601,0.531237153,675.7903333,25377.45667,16.92662014,0.501144529,627.3723333,33954.8,19.27879528,0.490091496,643.7406667,38673.26333,19.52571951,0.519492939,627.6863333,39168.59333,119.8333333,97,96.5,97,1.13443344528112,-0.394951560502818,-1.28013005765578,-0.628201551764721,-0.681141276522795
"2850-57846","2850-57589","2850-57846_2850-57589",2,"CHR",52,"CHR-52",0,11,2.207924918,0,14,"CHR_52_2",1,NA,0,2,"no",17.29,13.03171486,0.551398233,659.167,26141.62,21.79884679,0.448054925,642.4716667,43728.48667,24.82876869,0.459428468,642.151,49806.51,29.76354271,0.472972655,659.167,59705.66667,118.1666667,79.83333333,80,79.83333333,0.841087169976081,-1.18502563496347,-1.09637114676035,-0.24809781928904,0.463376712182198,17.5,12.65077601,0.531237153,675.7903333,25377.45667,16.92662014,0.501144529,627.3723333,33954.8,19.27879528,0.490091496,643.7406667,38673.26333,19.52571951,0.519492939,627.6863333,39168.59333,119.8333333,97,96.5,97,1.13443344528112,-0.394951560502818,-1.28013005765578,-0.628201551764721,-0.681141276522795
"2850-57846","2850-57620","2850-57846_2850-57620",2,"CHR",52,"CHR-52",0,11,8.883945424,0,13,"CHR_52_2",1,NA,0,2,"no",17.29,13.03171486,0.551398233,659.167,26141.62,21.79884679,0.448054925,642.4716667,43728.48667,24.82876869,0.459428468,642.151,49806.51,29.76354271,0.472972655,659.167,59705.66667,118.1666667,79.83333333,80,79.83333333,0.841087169976081,-1.18502563496347,-1.09637114676035,-0.24809781928904,0.463376712182198,18.2,8.903889997,0.510576941,627.6863333,17861.20333,21.60838485,0.492100236,611.004,43346.42,22.72290794,0.464821292,611.004,45582.15333,21.84048023,0.466018925,627.6863333,43812.00333,121,87,84,87,-0.327950447205388,-1.39153868908802,-0.486898657224134,-0.0234724159627646,-0.182007721268793
"2850-57846","2850-57620","2850-57846_2850-57620",1,"CHR",110,"CHR-110",0,0,6.83427215,0,10,"CHR_110_1",1,NA,0,4,"no",17.29,13.03171486,0.551398233,659.167,26141.62,21.79884679,0.448054925,642.4716667,43728.48667,24.82876869,0.459428468,642.151,49806.51,29.76354271,0.472972655,659.167,59705.66667,118.1666667,79.83333333,80,79.83333333,0.841087169976081,-1.18502563496347,-1.09637114676035,-0.24809781928904,0.463376712182198,18.2,8.903889997,0.510576941,627.6863333,17861.20333,21.60838485,0.492100236,611.004,43346.42,22.72290794,0.464821292,611.004,45582.15333,21.84048023,0.466018925,627.6863333,43812.00333,121,87,84,87,-0.327950447205388,-1.39153868908802,-0.486898657224134,-0.0234724159627646,-0.182007721268793
"2850-57846","2850-57647","2850-57846_2850-57647",2,"CHR",52,"CHR-52",0,11,4.311943687,0,23,"CHR_52_2",1,NA,0,2,"no",17.29,13.03171486,0.551398233,659.167,26141.62,21.79884679,0.448054925,642.4716667,43728.48667,24.82876869,0.459428468,642.151,49806.51,29.76354271,0.472972655,659.167,59705.66667,118.1666667,79.83333333,80,79.83333333,0.841087169976081,-1.18502563496347,-1.09637114676035,-0.24809781928904,0.463376712182198,15.8,12.89783981,0.543297932,643.7406667,25873.06667,28.1838767,0.473800388,617.439,56536.85667,25.45478232,0.436115595,638.1653333,51062.29333,20.55910934,0.502370676,626.097,41241.57333,122.1666667,85.83333333,87.33333333,85.83333333,-0.498561901816276,-0.329238164855052,0.627186934809475,0.456199475181733,-0.458310668004767
"2850-57846","2850-57647","2850-57846_2850-57647",1,"CHR",110,"CHR-110",0,0,3.099674315,0,15,"CHR_110_1",1,NA,0,4,"no",17.29,13.03171486,0.551398233,659.167,26141.62,21.79884679,0.448054925,642.4716667,43728.48667,24.82876869,0.459428468,642.151,49806.51,29.76354271,0.472972655,659.167,59705.66667,118.1666667,79.83333333,80,79.83333333,0.841087169976081,-1.18502563496347,-1.09637114676035,-0.24809781928904,0.463376712182198,15.8,12.89783981,0.543297932,643.7406667,25873.06667,28.1838767,0.473800388,617.439,56536.85667,25.45478232,0.436115595,638.1653333,51062.29333,20.55910934,0.502370676,626.097,41241.57333,122.1666667,85.83333333,87.33333333,85.83333333,-0.498561901816276,-0.329238164855052,0.627186934809475,0.456199475181733,-0.458310668004767
"2850-57846","2850-57653","2850-57846_2850-57653",2,"CHR",52,"CHR-52",0,11,18.60651776,8,-3,"CHR_52_2",1,NA,0,2,"no",17.29,13.03171486,0.551398233,659.167,26141.62,21.79884679,0.448054925,642.4716667,43728.48667,24.82876869,0.459428468,642.151,49806.51,29.76354271,0.472972655,659.167,59705.66667,118.1666667,79.83333333,80,79.83333333,0.841087169976081,-1.18502563496347,-1.09637114676035,-0.24809781928904,0.463376712182198,16.37,8.467490861,0.535457505,660.1716667,16985.78667,27.15053506,0.465647634,659.167,54463.97333,21.8547225,0.470898637,665.8,43840.57333,15.40861914,0.497215455,659.167,30909.69,119.3333333,78,76.33333333,78,-1.64409595044325,-1.50761101163916,0.452107859504655,-0.175911398852204,-1.56891465511013
"2850-57846","2850-57653","2850-57846_2850-57653",1,"CHR",110,"CHR-110",0,0,14.19959013,0,10,"CHR_110_1",1,NA,0,4,"no",17.29,13.03171486,0.551398233,659.167,26141.62,21.79884679,0.448054925,642.4716667,43728.48667,24.82876869,0.459428468,642.151,49806.51,29.76354271,0.472972655,659.167,59705.66667,118.1666667,79.83333333,80,79.83333333,0.841087169976081,-1.18502563496347,-1.09637114676035,-0.24809781928904,0.463376712182198,16.37,8.467490861,0.535457505,660.1716667,16985.78667,27.15053506,0.465647634,659.167,54463.97333,21.8547225,0.470898637,665.8,43840.57333,15.40861914,0.497215455,659.167,30909.69,119.3333333,78,76.33333333,78,-1.64409595044325,-1.50761101163916,0.452107859504655,-0.175911398852204,-1.56891465511013
"2850-57846","2850-57669","2850-57846_2850-57669",2,"CHR",52,"CHR-52",0,11,6.082528644,11,0,"CHR_52_2",1,NA,0,2,"no",17.29,13.03171486,0.551398233,659.167,26141.62,21.79884679,0.448054925,642.4716667,43728.48667,24.82876869,0.459428468,642.151,49806.51,29.76354271,0.472972655,659.167,59705.66667,118.1666667,79.83333333,80,79.83333333,0.841087169976081,-1.18502563496347,-1.09637114676035,-0.24809781928904,0.463376712182198,17.82,14.07982054,0.504204618,611.004,28244.12,27.72719176,0.47617904,611.004,55620.74667,17.24374875,0.494612283,611.004,34590.96,18.57412762,0.508699718,611.004,37259.7,123.8333333,89.66666667,90,89.66666667,0.0620185912784761,-0.0148579628241403,0.549810804877425,-0.985522014505819,-0.886333735122392
"2850-57846","2850-57669","2850-57846_2850-57669",1,"CHR",110,"CHR-110",0,0,4.31717865,0,10,"CHR_110_1",1,NA,0,4,"no",17.29,13.03171486,0.551398233,659.167,26141.62,21.79884679,0.448054925,642.4716667,43728.48667,24.82876869,0.459428468,642.151,49806.51,29.76354271,0.472972655,659.167,59705.66667,118.1666667,79.83333333,80,79.83333333,0.841087169976081,-1.18502563496347,-1.09637114676035,-0.24809781928904,0.463376712182198,17.82,14.07982054,0.504204618,611.004,28244.12,27.72719176,0.47617904,611.004,55620.74667,17.24374875,0.494612283,611.004,34590.96,18.57412762,0.508699718,611.004,37259.7,123.8333333,89.66666667,90,89.66666667,0.0620185912784761,-0.0148579628241403,0.549810804877425,-0.985522014505819,-0.886333735122392
"2850-57846","2850-57671","2850-57846_2850-57671",2,"CHR",52,"CHR-52",0,11,13.80890721,0,-32,"CHR_52_2",1,NA,0,2,"no",17.29,13.03171486,0.551398233,659.167,26141.62,21.79884679,0.448054925,642.4716667,43728.48667,24.82876869,0.459428468,642.151,49806.51,29.76354271,0.472972655,659.167,59705.66667,118.1666667,79.83333333,80,79.83333333,0.841087169976081,-1.18502563496347,-1.09637114676035,-0.24809781928904,0.463376712182198,17.53,16.28350449,0.48181303,667.733,32664.71,28.84180791,0.479499655,593.4133333,57856.66667,23.68146062,0.459973843,641.034,47505.01,25.7482569,0.475226128,607.0326667,51651.00333,117.8333333,75.83333333,83.16666667,75.83333333,-1.96094579430279,0.571272240341928,0.738660220509044,0.144833557453636,0.660629034048076
"2850-57846","2850-57671","2850-57846_2850-57671",1,"CHR",110,"CHR-110",0,0,16.6309399,0,14,"CHR_110_1",1,NA,0,4,"no",17.29,13.03171486,0.551398233,659.167,26141.62,21.79884679,0.448054925,642.4716667,43728.48667,24.82876869,0.459428468,642.151,49806.51,29.76354271,0.472972655,659.167,59705.66667,118.1666667,79.83333333,80,79.83333333,0.841087169976081,-1.18502563496347,-1.09637114676035,-0.24809781928904,0.463376712182198,17.53,16.28350449,0.48181303,667.733,32664.71,28.84180791,0.479499655,593.4133333,57856.66667,23.68146062,0.459973843,641.034,47505.01,25.7482569,0.475226128,607.0326667,51651.00333,117.8333333,75.83333333,83.16666667,75.83333333,-1.96094579430279,0.571272240341928,0.738660220509044,0.144833557453636,0.660629034048076
"2850-57846","2850-57731","2850-57846_2850-57731",1,"CHR",110,"CHR-110",0,10,4.44740581,3,-8,"CHR_110_1",1,NA,0,4,"no",17.29,13.03171486,0.551398233,659.167,26141.62,21.79884679,0.448054925,642.4716667,43728.48667,24.82876869,0.459428468,642.151,49806.51,29.76354271,0.472972655,659.167,59705.66667,118.1666667,79.83333333,80,79.83333333,0.841087169976081,-1.18502563496347,-1.09637114676035,-0.24809781928904,0.463376712182198,15.9,10.9634214,0.500436597,689.138,21992.62333,23.24545364,0.49159359,611.004,46630.38,18.5751562,0.456752009,611.004,37261.76333,24.60593387,0.474122334,611.004,49359.50333,119,91,92.33333333,91,0.257003109789217,-0.84374981052978,-0.209530090170569,-0.751748919336863,0.414309079555146
"2850-57846","2850-57731","2850-57846_2850-57731",2,"CHR",52,"CHR-52",0,11,7.941040523,5,-5,"CHR_52_2",1,NA,0,2,"no",17.29,13.03171486,0.551398233,659.167,26141.62,21.79884679,0.448054925,642.4716667,43728.48667,24.82876869,0.459428468,642.151,49806.51,29.76354271,0.472972655,659.167,59705.66667,118.1666667,79.83333333,80,79.83333333,0.841087169976081,-1.18502563496347,-1.09637114676035,-0.24809781928904,0.463376712182198,15.9,10.9634214,0.500436597,689.138,21992.62333,23.24545364,0.49159359,611.004,46630.38,18.5751562,0.456752009,611.004,37261.76333,24.60593387,0.474122334,611.004,49359.50333,119,91,92.33333333,91,0.257003109789217,-0.84374981052978,-0.209530090170569,-0.751748919336863,0.414309079555146
"2850-57846","2850-57733","2850-57846_2850-57733",2,"CHR",52,"CHR-52",0,11,5.887045096,0,-11,"CHR_52_2",1,NA,0,2,"no",17.29,13.03171486,0.551398233,659.167,26141.62,21.79884679,0.448054925,642.4716667,43728.48667,24.82876869,0.459428468,642.151,49806.51,29.76354271,0.472972655,659.167,59705.66667,118.1666667,79.83333333,80,79.83333333,0.841087169976081,-1.18502563496347,-1.09637114676035,-0.24809781928904,0.463376712182198,15.66,14.84394317,0.488091858,680.0823333,29776.95,20.45213858,0.480742509,611.004,41026.99,22.3788767,0.481773003,627.3723333,44892.02667,18.61630941,0.474711747,611.004,37344.31667,121.6666667,NA,102,102,1.86562539152438,0.188381413841325,-0.682801464137293,-0.0838786032720019,-0.877238044743787
"2850-57846","2850-57733","2850-57846_2850-57733",1,"CHR",110,"CHR-110",0,0,8.704376326,0,35,"CHR_110_1",1,NA,0,4,"no",17.29,13.03171486,0.551398233,659.167,26141.62,21.79884679,0.448054925,642.4716667,43728.48667,24.82876869,0.459428468,642.151,49806.51,29.76354271,0.472972655,659.167,59705.66667,118.1666667,79.83333333,80,79.83333333,0.841087169976081,-1.18502563496347,-1.09637114676035,-0.24809781928904,0.463376712182198,15.66,14.84394317,0.488091858,680.0823333,29776.95,20.45213858,0.480742509,611.004,41026.99,22.3788767,0.481773003,627.3723333,44892.02667,18.61630941,0.474711747,611.004,37344.31667,121.6666667,NA,102,102,1.86562539152438,0.188381413841325,-0.682801464137293,-0.0838786032720019,-0.877238044743787
"2850-57846","2850-57742","2850-57846_2850-57742",1,"CHR",110,"CHR-110",1,10,0.08,10,0,"CHR_110_1",1,"wp",4,4,"yes",17.29,13.03171486,0.551398233,659.167,26141.62,21.79884679,0.448054925,642.4716667,43728.48667,24.82876869,0.459428468,642.151,49806.51,29.76354271,0.472972655,659.167,59705.66667,118.1666667,79.83333333,80,79.83333333,0.841087169976081,-1.18502563496347,-1.09637114676035,-0.24809781928904,0.463376712182198,16.98,13.00562645,0.511030769,671.763,26089.28667,26.1463443,0.49002744,625.0783333,52449.56667,26.30566135,0.456120566,609.081,52769.15667,22.8044882,0.51172569,659.167,45745.80333,118,93,92,93,0.54947988828652,-0.300569350889335,0.281967817833205,0.605599739133584,0.0258620257862253
"2850-57846","2850-57742","2850-57846_2850-57742",2,"CHR",52,"CHR-52",1,11,0.08,11,0,"CHR_52_2",1,"wp",1,2,"yes",17.29,13.03171486,0.551398233,659.167,26141.62,21.79884679,0.448054925,642.4716667,43728.48667,24.82876869,0.459428468,642.151,49806.51,29.76354271,0.472972655,659.167,59705.66667,118.1666667,79.83333333,80,79.83333333,0.841087169976081,-1.18502563496347,-1.09637114676035,-0.24809781928904,0.463376712182198,16.98,13.00562645,0.511030769,671.763,26089.28667,26.1463443,0.49002744,625.0783333,52449.56667,26.30566135,0.456120566,609.081,52769.15667,22.8044882,0.51172569,659.167,45745.80333,118,93,92,93,0.54947988828652,-0.300569350889335,0.281967817833205,0.605599739133584,0.0258620257862253
"2850-57846","2850-57744","2850-57846_2850-57744",2,"CHR",52,"CHR-52",0,11,9.59242211,0,24,"CHR_52_2",1,NA,0,2,"no",17.29,13.03171486,0.551398233,659.167,26141.62,21.79884679,0.448054925,642.4716667,43728.48667,24.82876869,0.459428468,642.151,49806.51,29.76354271,0.472972655,659.167,59705.66667,118.1666667,79.83333333,80,79.83333333,0.841087169976081,-1.18502563496347,-1.09637114676035,-0.24809781928904,0.463376712182198,14.77,24.63866733,0.441897015,611.004,49425.16667,20.45419575,0.491736389,610.6836667,41031.11667,20.25567464,0.470934773,627.6863333,40632.88333,16.45550847,0.489979153,643.7406667,33009.75,116,84.5,NA,84.5,-0.693546420327017,2.79355701620318,-0.682452917821725,-0.456677716898191,-1.34317313948584
"2850-57846","2850-57744","2850-57846_2850-57744",1,"CHR",110,"CHR-110",0,0,12.33962681,0,18,"CHR_110_1",1,NA,0,4,"no",17.29,13.03171486,0.551398233,659.167,26141.62,21.79884679,0.448054925,642.4716667,43728.48667,24.82876869,0.459428468,642.151,49806.51,29.76354271,0.472972655,659.167,59705.66667,118.1666667,79.83333333,80,79.83333333,0.841087169976081,-1.18502563496347,-1.09637114676035,-0.24809781928904,0.463376712182198,14.77,24.63866733,0.441897015,611.004,49425.16667,20.45419575,0.491736389,610.6836667,41031.11667,20.25567464,0.470934773,627.6863333,40632.88333,16.45550847,0.489979153,643.7406667,33009.75,116,84.5,NA,84.5,-0.693546420327017,2.79355701620318,-0.682452917821725,-0.456677716898191,-1.34317313948584
"2850-57846","2850-57745","2850-57846_2850-57745",1,"CHR",110,"CHR-110",0,5,14.58411522,5,5,"CHR_110_1",1,NA,0,4,"no",17.29,13.03171486,0.551398233,659.167,26141.62,21.79884679,0.448054925,642.4716667,43728.48667,24.82876869,0.459428468,642.151,49806.51,29.76354271,0.472972655,659.167,59705.66667,118.1666667,79.83333333,80,79.83333333,0.841087169976081,-1.18502563496347,-1.09637114676035,-0.24809781928904,0.463376712182198,16.33,11.89491525,0.520998035,667.1156667,23861.2,19.28173812,0.496153459,634.065,38679.16667,21.88407444,0.484884869,657.7393333,43899.45333,26.3850565,0.474305256,645.4026667,52928.42333,118,85,86,85,-0.620427225702691,-0.59599346618265,-0.881102415479132,-0.170757684365318,0.797942599802867
"2850-57846","2850-57745","2850-57846_2850-57745",2,"CHR",52,"CHR-52",0,11,16.07581658,3,-6,"CHR_52_2",1,NA,0,2,"no",17.29,13.03171486,0.551398233,659.167,26141.62,21.79884679,0.448054925,642.4716667,43728.48667,24.82876869,0.459428468,642.151,49806.51,29.76354271,0.472972655,659.167,59705.66667,118.1666667,79.83333333,80,79.83333333,0.841087169976081,-1.18502563496347,-1.09637114676035,-0.24809781928904,0.463376712182198,16.33,11.89491525,0.520998035,667.1156667,23861.2,19.28173812,0.496153459,634.065,38679.16667,21.88407444,0.484884869,657.7393333,43899.45333,26.3850565,0.474305256,645.4026667,52928.42333,118,85,86,85,-0.620427225702691,-0.59599346618265,-0.881102415479132,-0.170757684365318,0.797942599802867
"2850-57846","2850-57806","2850-57846_2850-57806",1,"CHR",110,"CHR-110",0,10,9.718855261,8,-3,"CHR_110_1",1,NA,0,4,"no",17.29,13.03171486,0.551398233,659.167,26141.62,21.79884679,0.448054925,642.4716667,43728.48667,24.82876869,0.459428468,642.151,49806.51,29.76354271,0.472972655,659.167,59705.66667,118.1666667,79.83333333,80,79.83333333,0.841087169976081,-1.18502563496347,-1.09637114676035,-0.24809781928904,0.463376712182198,15.88,11.25502825,0.516086951,669.4676667,22577.58667,14.26422898,0.518970434,659.167,28614.04333,18.0460319,0.470292612,659.167,36200.34,17.57589232,0.493413321,659.167,35257.24,120.1666667,83.83333333,86,83.83333333,-0.791038680313578,-0.766188968724348,-1.73121899508845,-0.844654382153754,-1.1015839465002
"2850-57846","2850-57806","2850-57846_2850-57806",2,"CHR",52,"CHR-52",0,12,12.48433777,8,3,"CHR_52_2",1,NA,0,2,"no",17.29,13.03171486,0.551398233,659.167,26141.62,21.79884679,0.448054925,642.4716667,43728.48667,24.82876869,0.459428468,642.151,49806.51,29.76354271,0.472972655,659.167,59705.66667,118.1666667,79.83333333,80,79.83333333,0.841087169976081,-1.18502563496347,-1.09637114676035,-0.24809781928904,0.463376712182198,15.88,11.25502825,0.516086951,669.4676667,22577.58667,14.26422898,0.518970434,659.167,28614.04333,18.0460319,0.470292612,659.167,36200.34,17.57589232,0.493413321,659.167,35257.24,120.1666667,83.83333333,86,83.83333333,-0.791038680313578,-0.766188968724348,-1.73121899508845,-0.844654382153754,-1.1015839465002
"2850-57846","2850-57808","2850-57846_2850-57808",1,"CHR",110,"CHR-110",0,10,6.502144006,8,-3,"CHR_110_1",1,NA,0,4,"no",17.29,13.03171486,0.551398233,659.167,26141.62,21.79884679,0.448054925,642.4716667,43728.48667,24.82876869,0.459428468,642.151,49806.51,29.76354271,0.472972655,659.167,59705.66667,118.1666667,79.83333333,80,79.83333333,0.841087169976081,-1.18502563496347,-1.09637114676035,-0.24809781928904,0.463376712182198,17.44,11.46748421,0.514088925,678.7753333,23003.77333,15.37756564,0.515459018,659.167,30847.39667,20.6164008,0.49573159,641.3963333,41356.5,18.7548222,0.472216787,642.151,37622.17333,120.5,NA,100,100,1.57314861302708,-0.709680477568599,-1.54258636344907,-0.393340178166818,-0.847370430038086
"2850-57846","2850-57808","2850-57846_2850-57808",2,"CHR",52,"CHR-52",0,11,6.130364882,9,-1,"CHR_52_2",1,NA,0,2,"no",17.29,13.03171486,0.551398233,659.167,26141.62,21.79884679,0.448054925,642.4716667,43728.48667,24.82876869,0.459428468,642.151,49806.51,29.76354271,0.472972655,659.167,59705.66667,118.1666667,79.83333333,80,79.83333333,0.841087169976081,-1.18502563496347,-1.09637114676035,-0.24809781928904,0.463376712182198,17.44,11.46748421,0.514088925,678.7753333,23003.77333,15.37756564,0.515459018,659.167,30847.39667,20.6164008,0.49573159,641.3963333,41356.5,18.7548222,0.472216787,642.151,37622.17333,120.5,NA,100,100,1.57314861302708,-0.709680477568599,-1.54258636344907,-0.393340178166818,-0.847370430038086
"2850-57846","2850-57881","2850-57846_2850-57881",1,"CHR",110,"CHR-110",0,8,9.52343924,8,2,"CHR_110_1",1,NA,0,4,"no",17.29,13.03171486,0.551398233,659.167,26141.62,21.79884679,0.448054925,642.4716667,43728.48667,24.82876869,0.459428468,642.151,49806.51,29.76354271,0.472972655,659.167,59705.66667,118.1666667,79.83333333,80,79.83333333,0.841087169976081,-1.18502563496347,-1.09637114676035,-0.24809781928904,0.463376712182198,16.55,11.73463277,0.535560863,644.7453333,23539.67333,21.93833167,0.494146676,611.004,44008.29333,26.56095214,0.438684751,643.7343333,53281.27,31.59365071,0.464706779,610.6836667,63376.86333,119.6666667,84.83333333,85.83333333,84.83333333,-0.644800291064927,-0.638624988986254,-0.430995767115722,0.650424573294177,1.92107559728725
"2850-57846","2850-57881","2850-57846_2850-57881",2,"CHR",52,"CHR-52",0,11,9.461416016,0,13,"CHR_52_2",1,NA,0,2,"no",17.29,13.03171486,0.551398233,659.167,26141.62,21.79884679,0.448054925,642.4716667,43728.48667,24.82876869,0.459428468,642.151,49806.51,29.76354271,0.472972655,659.167,59705.66667,118.1666667,79.83333333,80,79.83333333,0.841087169976081,-1.18502563496347,-1.09637114676035,-0.24809781928904,0.463376712182198,16.55,11.73463277,0.535560863,644.7453333,23539.67333,21.93833167,0.494146676,611.004,44008.29333,26.56095214,0.438684751,643.7343333,53281.27,31.59365071,0.464706779,610.6836667,63376.86333,119.6666667,84.83333333,85.83333333,84.83333333,-0.644800291064927,-0.638624988986254,-0.430995767115722,0.650424573294177,1.92107559728725
"2850-57853","2850-57557","2850-57853_2850-57557",1,"Cooks",29,"Cooks-29",0,9,8.358902715,9,2,"Cooks_29_1",1,NA,0,5,"no",20.9,23.24357926,0.451449368,642.4716667,46626.62,29.95942921,0.437023235,609.32125,60098.615,19.03226155,0.467757851,631.6946667,38178.71667,29.00649718,0.49314031,610.6836667,58187.03333,114,78.5,80.33333333,78.5,0.493393655352081,1.74602485819862,0.247515841124204,-1.26759088717357,0.337198942187068,18.25,14.35665503,0.503765598,644.0546667,28799.45,21.70364905,0.515457829,644.0546667,43537.52,15.87132436,0.509334773,611.004,31837.87667,19.32620306,0.47860699,611.004,38768.36333,117,84,83.66666667,84,-0.766665614951342,0.0587737645690167,-0.470758043703853,-1.22649700494595,-0.724163155268066
"2850-57853","2850-57557","2850-57853_2850-57557",2,"Cooks",8,"Cooks-8",0,0,6.253483515,0,-48,"Cooks_8_2",1,NA,0,5,"no",20.9,23.24357926,0.451449368,642.4716667,46626.62,29.95942921,0.437023235,609.32125,60098.615,19.03226155,0.467757851,631.6946667,38178.71667,29.00649718,0.49314031,610.6836667,58187.03333,114,78.5,80.33333333,78.5,0.493393655352081,1.74602485819862,0.247515841124204,-1.26759088717357,0.337198942187068,18.25,14.35665503,0.503765598,644.0546667,28799.45,21.70364905,0.515457829,644.0546667,43537.52,15.87132436,0.509334773,611.004,31837.87667,19.32620306,0.47860699,611.004,38768.36333,117,84,83.66666667,84,-0.766665614951342,0.0587737645690167,-0.470758043703853,-1.22649700494595,-0.724163155268066
"2850-57853","2850-57573","2850-57853_2850-57573",2,"Cooks",8,"Cooks-8",0,11,4.543875186,0,17,"Cooks_8_2",1,NA,0,5,"no",20.9,23.24357926,0.451449368,642.4716667,46626.62,29.95942921,0.437023235,609.32125,60098.615,19.03226155,0.467757851,631.6946667,38178.71667,29.00649718,0.49314031,610.6836667,58187.03333,114,78.5,80.33333333,78.5,0.493393655352081,1.74602485819862,0.247515841124204,-1.26759088717357,0.337198942187068,18.3,12.92033898,0.516923185,659.167,25918.2,24.59975573,0.484233366,625.7763333,49347.11,31.1244234,0.424712746,659.167,62435.59333,21.93607178,0.497268887,659.167,44003.76,117.1666667,87.5,87,87.5,-0.254831252581063,-0.323253893343174,0.019929314562782,1.45169453852141,-0.161395245088646
"2850-57853","2850-57573","2850-57853_2850-57573",1,"Cooks",29,"Cooks-29",0,0,3.850689154,0,16,"Cooks_29_1",1,NA,0,5,"no",20.9,23.24357926,0.451449368,642.4716667,46626.62,29.95942921,0.437023235,609.32125,60098.615,19.03226155,0.467757851,631.6946667,38178.71667,29.00649718,0.49314031,610.6836667,58187.03333,114,78.5,80.33333333,78.5,0.493393655352081,1.74602485819862,0.247515841124204,-1.26759088717357,0.337198942187068,18.3,12.92033898,0.516923185,659.167,25918.2,24.59975573,0.484233366,625.7763333,49347.11,31.1244234,0.424712746,659.167,62435.59333,21.93607178,0.497268887,659.167,44003.76,117.1666667,87.5,87,87.5,-0.254831252581063,-0.323253893343174,0.019929314562782,1.45169453852141,-0.161395245088646
"2850-57853","2850-57574","2850-57853_2850-57574",2,"Cooks",8,"Cooks-8",0,11,0.522365696,0,-30,"Cooks_8_2",1,NA,0,5,"no",20.9,23.24357926,0.451449368,642.4716667,46626.62,29.95942921,0.437023235,609.32125,60098.615,19.03226155,0.467757851,631.6946667,38178.71667,29.00649718,0.49314031,610.6836667,58187.03333,114,78.5,80.33333333,78.5,0.493393655352081,1.74602485819862,0.247515841124204,-1.26759088717357,0.337198942187068,18.7,11.90285975,0.492942754,627.3723333,23877.13667,21.77220837,0.49172923,611.004,43675.05,18.26303423,0.465028061,637.359,36635.64667,20.35447823,0.465982626,611.004,40831.08333,121,88,90,88,-0.181712057956737,-0.59388040845536,-0.459142038034007,-0.806552367370094,-0.502435424644784
"2850-57853","2850-57574","2850-57853_2850-57574",1,"Cooks",29,"Cooks-29",0,0,2.651336676,0,20,"Cooks_29_1",1,NA,0,5,"no",20.9,23.24357926,0.451449368,642.4716667,46626.62,29.95942921,0.437023235,609.32125,60098.615,19.03226155,0.467757851,631.6946667,38178.71667,29.00649718,0.49314031,610.6836667,58187.03333,114,78.5,80.33333333,78.5,0.493393655352081,1.74602485819862,0.247515841124204,-1.26759088717357,0.337198942187068,18.7,11.90285975,0.492942754,627.3723333,23877.13667,21.77220837,0.49172923,611.004,43675.05,18.26303423,0.465028061,637.359,36635.64667,20.35447823,0.465982626,611.004,40831.08333,121,88,90,88,-0.181712057956737,-0.59388040845536,-0.459142038034007,-0.806552367370094,-0.502435424644784
"2850-57853","2850-57633","2850-57853_2850-57633",1,"Cooks",29,"Cooks-29",0,1,7.269682798,1,10,"Cooks_29_1",1,NA,0,5,"no",20.9,23.24357926,0.451449368,642.4716667,46626.62,29.95942921,0.437023235,609.32125,60098.615,19.03226155,0.467757851,631.6946667,38178.71667,29.00649718,0.49314031,610.6836667,58187.03333,114,78.5,80.33333333,78.5,0.493393655352081,1.74602485819862,0.247515841124204,-1.26759088717357,0.337198942187068,17.94,11.19749917,0.509885343,666.1736667,22462.18333,17.60286474,0.553353548,659.167,35311.34667,16.38984214,0.524913975,659.167,32878.02333,19.65409771,0.49918894,658.7896667,39426.12,121.1666667,89,88.66666667,89,-0.0354736687080858,-0.781490405823964,-1.16555393426655,-1.1354538713577,-0.653458990907066
"2850-57853","2850-57633","2850-57853_2850-57633",2,"Cooks",8,"Cooks-8",0,11,4.29026688763636,7,4,"Cooks_8_2",1,"ep_same",2,5,"yes",20.9,23.24357926,0.451449368,642.4716667,46626.62,29.95942921,0.437023235,609.32125,60098.615,19.03226155,0.467757851,631.6946667,38178.71667,29.00649718,0.49314031,610.6836667,58187.03333,114,78.5,80.33333333,78.5,0.493393655352081,1.74602485819862,0.247515841124204,-1.26759088717357,0.337198942187068,17.94,11.19749917,0.509885343,666.1736667,22462.18333,17.60286474,0.553353548,659.167,35311.34667,16.38984214,0.524913975,659.167,32878.02333,19.65409771,0.49918894,658.7896667,39426.12,121.1666667,89,88.66666667,89,-0.0354736687080858,-0.781490405823964,-1.16555393426655,-1.1354538713577,-0.653458990907066
"2850-57853","2850-57638","2850-57853_2850-57638",1,"Cooks",29,"Cooks-29",1,11,0.08,11,0,"Cooks_29_1",1,"wp",2,5,"yes",20.9,23.24357926,0.451449368,642.4716667,46626.62,29.95942921,0.437023235,609.32125,60098.615,19.03226155,0.467757851,631.6946667,38178.71667,29.00649718,0.49314031,610.6836667,58187.03333,114,78.5,80.33333333,78.5,0.493393655352081,1.74602485819862,0.247515841124204,-1.26759088717357,0.337198942187068,16.53,10.19052011,0.487622013,670.0956667,20442.18333,18.05735626,0.481711047,627.6863333,36223.05667,18.27628946,0.486914464,611.004,36662.23667,23.08476072,0.442975542,644.3686667,46308.03,122,99,105,99,1.42691022377843,-1.04932411265918,-1.08854943548773,-0.804224968537921,0.0862973952561187
"2850-57853","2850-57638","2850-57853_2850-57638",2,"Cooks",8,"Cooks-8",1,11,0.08,11,0,"Cooks_8_2",1,"wp",3,5,"yes",20.9,23.24357926,0.451449368,642.4716667,46626.62,29.95942921,0.437023235,609.32125,60098.615,19.03226155,0.467757851,631.6946667,38178.71667,29.00649718,0.49314031,610.6836667,58187.03333,114,78.5,80.33333333,78.5,0.493393655352081,1.74602485819862,0.247515841124204,-1.26759088717357,0.337198942187068,16.53,10.19052011,0.487622013,670.0956667,20442.18333,18.05735626,0.481711047,627.6863333,36223.05667,18.27628946,0.486914464,611.004,36662.23667,23.08476072,0.442975542,644.3686667,46308.03,122,99,105,99,1.42691022377843,-1.04932411265918,-1.08854943548773,-0.804224968537921,0.0862973952561187
"2850-57853","2850-57673","2850-57853_2850-57673",2,"Cooks",8,"Cooks-8",0,11,4.201284978,0,27,"Cooks_8_2",1,NA,0,5,"no",20.9,23.24357926,0.451449368,642.4716667,46626.62,29.95942921,0.437023235,609.32125,60098.615,19.03226155,0.467757851,631.6946667,38178.71667,29.00649718,0.49314031,610.6836667,58187.03333,114,78.5,80.33333333,78.5,0.493393655352081,1.74602485819862,0.247515841124204,-1.26759088717357,0.337198942187068,16.42,10.84304919,0.510941546,631.6946667,21751.15667,23.8083001,0.490864516,611.004,47759.45,25.12981888,0.475219286,611.004,50410.41667,29.45398804,0.462833294,611.004,59084.7,121.1666667,86,86.33333333,86,-0.47418883645404,-0.875766102114083,-0.114167013777566,0.399141277718927,1.45969856324056
"2850-57853","2850-57673","2850-57853_2850-57673",1,"Cooks",29,"Cooks-29",0,0,5.864879132,0,19,"Cooks_29_1",1,NA,0,5,"no",20.9,23.24357926,0.451449368,642.4716667,46626.62,29.95942921,0.437023235,609.32125,60098.615,19.03226155,0.467757851,631.6946667,38178.71667,29.00649718,0.49314031,610.6836667,58187.03333,114,78.5,80.33333333,78.5,0.493393655352081,1.74602485819862,0.247515841124204,-1.26759088717357,0.337198942187068,16.42,10.84304919,0.510941546,631.6946667,21751.15667,23.8083001,0.490864516,611.004,47759.45,25.12981888,0.475219286,611.004,50410.41667,29.45398804,0.462833294,611.004,59084.7,121.1666667,86,86.33333333,86,-0.47418883645404,-0.875766102114083,-0.114167013777566,0.399141277718927,1.45969856324056
"2850-57853","2850-57675","2850-57853_2850-57675",2,"Cooks",8,"Cooks-8",0,9,4.018942747,9,2,"Cooks_8_2",1,NA,0,5,"no",20.9,23.24357926,0.451449368,642.4716667,46626.62,29.95942921,0.437023235,609.32125,60098.615,19.03226155,0.467757851,631.6946667,38178.71667,29.00649718,0.49314031,610.6836667,58187.03333,114,78.5,80.33333333,78.5,0.493393655352081,1.74602485819862,0.247515841124204,-1.26759088717357,0.337198942187068,16.13,21.83237454,0.479320618,646.7306667,43795.74333,30.69659189,0.449354193,597.0816667,61577.36333,23.809111,0.463668452,633.779,47761.07667,29.3981572,0.45677817,609.081,58972.70333,120.5,87.66666667,90.16666667,87.66666667,-0.230458187218827,2.04714645984995,1.05291627246548,0.167246849817363,1.44765971817928
"2850-57853","2850-57675","2850-57853_2850-57675",1,"Cooks",29,"Cooks-29",0,0,6.074091059,0,52,"Cooks_29_1",1,NA,0,5,"no",20.9,23.24357926,0.451449368,642.4716667,46626.62,29.95942921,0.437023235,609.32125,60098.615,19.03226155,0.467757851,631.6946667,38178.71667,29.00649718,0.49314031,610.6836667,58187.03333,114,78.5,80.33333333,78.5,0.493393655352081,1.74602485819862,0.247515841124204,-1.26759088717357,0.337198942187068,16.13,21.83237454,0.479320618,646.7306667,43795.74333,30.69659189,0.449354193,597.0816667,61577.36333,23.809111,0.463668452,633.779,47761.07667,29.3981572,0.45677817,609.081,58972.70333,120.5,87.66666667,90.16666667,87.66666667,-0.230458187218827,2.04714645984995,1.05291627246548,0.167246849817363,1.44765971817928
"2850-57853","2850-57676","2850-57853_2850-57676",2,"Cooks",8,"Cooks-8",0,11,1.716958193,0,-14,"Cooks_8_2",1,NA,0,5,"no",20.9,23.24357926,0.451449368,642.4716667,46626.62,29.95942921,0.437023235,609.32125,60098.615,19.03226155,0.467757851,631.6946667,38178.71667,29.00649718,0.49314031,610.6836667,58187.03333,114,78.5,80.33333333,78.5,0.493393655352081,1.74602485819862,0.247515841124204,-1.26759088717357,0.337198942187068,15.04,12.13272848,0.48765255,653.7273333,24338.25333,11.56205716,0.497269884,644.0546667,23193.48667,29.82227983,0.475489058,611.004,59823.49333,24.87789963,0.471451969,611.004,49905.06667,115.1666667,74.16666667,71.5,74.16666667,-2.20467644207562,-0.532740513409871,-2.18904796979264,1.22305969596194,0.472953256261305
"2850-57853","2850-57676","2850-57853_2850-57676",1,"Cooks",29,"Cooks-29",0,0,3.888416622,0,36,"Cooks_29_1",1,NA,0,5,"no",20.9,23.24357926,0.451449368,642.4716667,46626.62,29.95942921,0.437023235,609.32125,60098.615,19.03226155,0.467757851,631.6946667,38178.71667,29.00649718,0.49314031,610.6836667,58187.03333,114,78.5,80.33333333,78.5,0.493393655352081,1.74602485819862,0.247515841124204,-1.26759088717357,0.337198942187068,15.04,12.13272848,0.48765255,653.7273333,24338.25333,11.56205716,0.497269884,644.0546667,23193.48667,29.82227983,0.475489058,611.004,59823.49333,24.87789963,0.471451969,611.004,49905.06667,115.1666667,74.16666667,71.5,74.16666667,-2.20467644207562,-0.532740513409871,-2.18904796979264,1.22305969596194,0.472953256261305
"2850-57853","2870-64915","2850-57853_2870-64915",2,"Cooks",8,"Cooks-8",0,7,5.760475577,7,4,"Cooks_8_2",1,NA,0,5,"no",20.9,23.24357926,0.451449368,642.4716667,46626.62,29.95942921,0.437023235,609.32125,60098.615,19.03226155,0.467757851,631.6946667,38178.71667,29.00649718,0.49314031,610.6836667,58187.03333,114,78.5,80.33333333,78.5,0.493393655352081,1.74602485819862,0.247515841124204,-1.26759088717357,0.337198942187068,16.13,17.296557,0.511786214,611.004,34696.89333,40.0972898,0.40323729,627.0583333,80435.16333,37.77161349,0.386328777,611.004,75769.85667,30.36117979,0.457614333,611.004,60904.52667,119.8333333,92.5,91.66666667,92.5,0.476360693662194,0.840721347825874,2.64567653063407,2.61883101617572,1.65531698702071
"2850-57853","2870-64915","2850-57853_2870-64915",1,"Cooks",29,"Cooks-29",0,0,7.352727515,0,54,"Cooks_29_1",1,NA,0,5,"no",20.9,23.24357926,0.451449368,642.4716667,46626.62,29.95942921,0.437023235,609.32125,60098.615,19.03226155,0.467757851,631.6946667,38178.71667,29.00649718,0.49314031,610.6836667,58187.03333,114,78.5,80.33333333,78.5,0.493393655352081,1.74602485819862,0.247515841124204,-1.26759088717357,0.337198942187068,16.13,17.296557,0.511786214,611.004,34696.89333,40.0972898,0.40323729,627.0583333,80435.16333,37.77161349,0.386328777,611.004,75769.85667,30.36117979,0.457614333,611.004,60904.52667,119.8333333,92.5,91.66666667,92.5,0.476360693662194,0.840721347825874,2.64567653063407,2.61883101617572,1.65531698702071
"2850-57869","2640-97548","2850-57869_2640-97548",1,"Blue Cloud",4,"Blue Cloud-4",0,8,5.758099624,0,-11,"Blue Cloud_4_1",1,NA,0,2,"no",19.21,15.75369724,0.505702199,644.3686667,31601.91667,27.30900964,0.433936999,627.6863333,54781.87333,29.34528913,0.432122245,627.366,58866.65,21.68236956,0.487990041,644.3686667,43494.83333,117,78,78.33333333,78,0.363008587042119,-0.403751277532956,-0.188955992531705,0.546270438754509,-0.883523000720837,20,8.556945829,0.558975656,675.7926667,17165.23333,16.23411599,0.513907415,647.108,32565.63667,13.59760386,0.499036814,680.1246667,27276.79333,18.35999003,0.513099679,677.3806667,36830.14,120,79.83333333,77.16666667,79.83333333,-1.37599223730818,-1.48381800875957,-1.39746103662103,-1.62572466349188,-0.932508381031462
"2850-57869","2640-97548","2850-57869_2640-97548",2,"Blue Cloud",17,"Blue Cloud-17",0,10,7.497781978,2,-9,"Blue Cloud_17_2",1,NA,0,4,"no",19.21,15.75369724,0.505702199,644.3686667,31601.91667,27.30900964,0.433936999,627.6863333,54781.87333,29.34528913,0.432122245,627.366,58866.65,21.68236956,0.487990041,644.3686667,43494.83333,117,78,78.33333333,78,0.363008587042119,-0.403751277532956,-0.188955992531705,0.546270438754509,-0.883523000720837,20,8.556945829,0.558975656,675.7926667,17165.23333,16.23411599,0.513907415,647.108,32565.63667,13.59760386,0.499036814,680.1246667,27276.79333,18.35999003,0.513099679,677.3806667,36830.14,120,79.83333333,77.16666667,79.83333333,-1.37599223730818,-1.48381800875957,-1.39746103662103,-1.62572466349188,-0.932508381031462
"2850-57869","2850-57614","2850-57869_2850-57614",1,"Blue Cloud",4,"Blue Cloud-4",0,8,4.72821041,2,-7,"Blue Cloud_4_1",1,NA,0,2,"no",19.21,15.75369724,0.505702199,644.3686667,31601.91667,27.30900964,0.433936999,627.6863333,54781.87333,29.34528913,0.432122245,627.366,58866.65,21.68236956,0.487990041,644.3686667,43494.83333,117,78,78.33333333,78,0.363008587042119,-0.403751277532956,-0.188955992531705,0.546270438754509,-0.883523000720837,18.3,13.30648222,0.524842311,674.1076667,26692.80333,31.01010136,0.478070016,618.34,62206.26333,23.45964274,0.480179557,610.7476667,47060.04333,26.01526421,0.457140549,611.004,52186.62,116.1666667,92.5,92.16666667,92.5,0.476360693662194,-0.220548505071683,1.10603418234368,0.105886011853365,0.718204016536593
"2850-57869","2850-57614","2850-57869_2850-57614",2,"Blue Cloud",17,"Blue Cloud-17",0,10,2.348651211,1,-9,"Blue Cloud_17_2",1,NA,0,4,"no",19.21,15.75369724,0.505702199,644.3686667,31601.91667,27.30900964,0.433936999,627.6863333,54781.87333,29.34528913,0.432122245,627.366,58866.65,21.68236956,0.487990041,644.3686667,43494.83333,117,78,78.33333333,78,0.363008587042119,-0.403751277532956,-0.188955992531705,0.546270438754509,-0.883523000720837,18.3,13.30648222,0.524842311,674.1076667,26692.80333,31.01010136,0.478070016,618.34,62206.26333,23.45964274,0.480179557,610.7476667,47060.04333,26.01526421,0.457140549,611.004,52186.62,116.1666667,92.5,92.16666667,92.5,0.476360693662194,-0.220548505071683,1.10603418234368,0.105886011853365,0.718204016536593
"2850-57869","2850-57659","2850-57869_2850-57659",1,"Blue Cloud",4,"Blue Cloud-4",1,8,0.08,8,0,"Blue Cloud_4_1",1,NA,0,2,"no",19.21,15.75369724,0.505702199,644.3686667,31601.91667,27.30900964,0.433936999,627.6863333,54781.87333,29.34528913,0.432122245,627.366,58866.65,21.68236956,0.487990041,644.3686667,43494.83333,117,78,78.33333333,78,0.363008587042119,-0.403751277532956,-0.188955992531705,0.546270438754509,-0.883523000720837,18.87,11.84195912,0.556138857,670.81,23754.97,21.67765038,0.502116285,616.7863333,43485.36667,25.05338485,0.45743907,627.1573333,50257.09,24.84697906,0.488799595,625.7763333,49843.04,120.3333333,NA,89.33333333,89.33333333,0.0132724605540037,-0.610078601773799,-0.475162998393141,0.385720728082273,0.466285831027572
"2850-57869","2850-57659","2850-57869_2850-57659",2,"Blue Cloud",17,"Blue Cloud-17",1,10,0.08,10,0,"Blue Cloud_17_2",1,"wp",2,4,"yes",19.21,15.75369724,0.505702199,644.3686667,31601.91667,27.30900964,0.433936999,627.6863333,54781.87333,29.34528913,0.432122245,627.366,58866.65,21.68236956,0.487990041,644.3686667,43494.83333,117,78,78.33333333,78,0.363008587042119,-0.403751277532956,-0.188955992531705,0.546270438754509,-0.883523000720837,18.87,11.84195912,0.556138857,670.81,23754.97,21.67765038,0.502116285,616.7863333,43485.36667,25.05338485,0.45743907,627.1573333,50257.09,24.84697906,0.488799595,625.7763333,49843.04,120.3333333,NA,89.33333333,89.33333333,0.0132724605540037,-0.610078601773799,-0.475162998393141,0.385720728082273,0.466285831027572
"2850-57871","2640-97548","2850-57871_2640-97548",1,"Blue Cloud",22,"Blue Cloud-22",0,9,5.485719357,7,-4,"Blue Cloud_22_1",1,NA,0,2,"no",17.56,22.26922067,0.436473614,643.7406667,44672.05667,29.5426886,0.474684483,611.004,59262.63333,27.10740778,0.442110828,611.004,54377.46,28.97539216,0.457669119,611.3883333,58124.63667,118.1666667,81,79.16666667,81,1.14531899690189,1.46636052719397,0.178886881292919,0.152670557313998,0.332014627765114,20,8.556945829,0.558975656,675.7926667,17165.23333,16.23411599,0.513907415,647.108,32565.63667,13.59760386,0.499036814,680.1246667,27276.79333,18.35999003,0.513099679,677.3806667,36830.14,120,79.83333333,77.16666667,79.83333333,-1.37599223730818,-1.48381800875957,-1.39746103662103,-1.62572466349188,-0.932508381031462
"2850-57871","2640-97548","2850-57871_2640-97548",2,"Blue Cloud",14,"Blue Cloud-14",0,10,6.062382204,10,0,"Blue Cloud_14_2",1,NA,0,4,"no",17.56,22.26922067,0.436473614,643.7406667,44672.05667,29.5426886,0.474684483,611.004,59262.63333,27.10740778,0.442110828,611.004,54377.46,28.97539216,0.457669119,611.3883333,58124.63667,118.1666667,81,79.16666667,81,1.14531899690189,1.46636052719397,0.178886881292919,0.152670557313998,0.332014627765114,20,8.556945829,0.558975656,675.7926667,17165.23333,16.23411599,0.513907415,647.108,32565.63667,13.59760386,0.499036814,680.1246667,27276.79333,18.35999003,0.513099679,677.3806667,36830.14,120,79.83333333,77.16666667,79.83333333,-1.37599223730818,-1.48381800875957,-1.39746103662103,-1.62572466349188,-0.932508381031462
"2850-57871","2850-57614","2850-57871_2850-57614",1,"Blue Cloud",22,"Blue Cloud-22",1,9,0.08,9,0,"Blue Cloud_22_1",1,"wp",2,2,"yes",17.56,22.26922067,0.436473614,643.7406667,44672.05667,29.5426886,0.474684483,611.004,59262.63333,27.10740778,0.442110828,611.004,54377.46,28.97539216,0.457669119,611.3883333,58124.63667,118.1666667,81,79.16666667,81,1.14531899690189,1.46636052719397,0.178886881292919,0.152670557313998,0.332014627765114,18.3,13.30648222,0.524842311,674.1076667,26692.80333,31.01010136,0.478070016,618.34,62206.26333,23.45964274,0.480179557,610.7476667,47060.04333,26.01526421,0.457140549,611.004,52186.62,116.1666667,92.5,92.16666667,92.5,0.476360693662194,-0.220548505071683,1.10603418234368,0.105886011853365,0.718204016536593
"2850-57871","2850-57614","2850-57871_2850-57614",2,"Blue Cloud",14,"Blue Cloud-14",1,10,0.08,10,0,"Blue Cloud_14_2",1,"wp",3,4,"yes",17.56,22.26922067,0.436473614,643.7406667,44672.05667,29.5426886,0.474684483,611.004,59262.63333,27.10740778,0.442110828,611.004,54377.46,28.97539216,0.457669119,611.3883333,58124.63667,118.1666667,81,79.16666667,81,1.14531899690189,1.46636052719397,0.178886881292919,0.152670557313998,0.332014627765114,18.3,13.30648222,0.524842311,674.1076667,26692.80333,31.01010136,0.478070016,618.34,62206.26333,23.45964274,0.480179557,610.7476667,47060.04333,26.01526421,0.457140549,611.004,52186.62,116.1666667,92.5,92.16666667,92.5,0.476360693662194,-0.220548505071683,1.10603418234368,0.105886011853365,0.718204016536593
"2850-57871","2850-57659","2850-57871_2850-57659",1,"Blue Cloud",22,"Blue Cloud-22",0,2,4.72821041,2,7,"Blue Cloud_22_1",1,NA,0,2,"no",17.56,22.26922067,0.436473614,643.7406667,44672.05667,29.5426886,0.474684483,611.004,59262.63333,27.10740778,0.442110828,611.004,54377.46,28.97539216,0.457669119,611.3883333,58124.63667,118.1666667,81,79.16666667,81,1.14531899690189,1.46636052719397,0.178886881292919,0.152670557313998,0.332014627765114,18.87,11.84195912,0.556138857,670.81,23754.97,21.67765038,0.502116285,616.7863333,43485.36667,25.05338485,0.45743907,627.1573333,50257.09,24.84697906,0.488799595,625.7763333,49843.04,120.3333333,NA,89.33333333,89.33333333,0.0132724605540037,-0.610078601773799,-0.475162998393141,0.385720728082273,0.466285831027572
"2850-57871","2850-57659","2850-57871_2850-57659",2,"Blue Cloud",14,"Blue Cloud-14",0,10,2.9836112883,1,9,"Blue Cloud_14_2",1,NA,0,4,"no",17.56,22.26922067,0.436473614,643.7406667,44672.05667,29.5426886,0.474684483,611.004,59262.63333,27.10740778,0.442110828,611.004,54377.46,28.97539216,0.457669119,611.3883333,58124.63667,118.1666667,81,79.16666667,81,1.14531899690189,1.46636052719397,0.178886881292919,0.152670557313998,0.332014627765114,18.87,11.84195912,0.556138857,670.81,23754.97,21.67765038,0.502116285,616.7863333,43485.36667,25.05338485,0.45743907,627.1573333,50257.09,24.84697906,0.488799595,625.7763333,49843.04,120.3333333,NA,89.33333333,89.33333333,0.0132724605540037,-0.610078601773799,-0.475162998393141,0.385720728082273,0.466285831027572
"2850-57872","2350-21085","2850-57872_2350-21085",1,"Make Believe",26,"Make Believe-26",0,10,4.235389899,0,-14,"Make Believe_26_1",1,"ep_same",3,4,"yes",19.12,19.89401296,0.471892932,611.004,39907.39,27.50672981,0.445895967,611.004,55178.5,25.50669159,0.428613955,611.004,51166.42333,31.53123629,0.456420879,611.004,63251.66,120.3333333,80,79.5,80,0.884548860281968,0.784618833702827,-0.156395379816845,-0.128864342918272,0.758000516326593,18.2,9.637572283,0.565814715,678.4426667,19332.97,28.84809571,0.4595684,575.396,57869.28,35.25318711,0.41933404,600.3766667,70717.89333,28.30530741,0.481670083,649.4673333,56780.44667,119,84.5,NA,84.5,-0.693546420327017,-1.19639575702077,0.739725562470587,2.17663705833979,1.21200771478721
"2850-57872","2350-21085","2850-57872_2350-21085",2,"Make Believe",48,"Make Believe-48",0,10,4.147107379,0,-14,"Make Believe_48_2",1,NA,0,4,"no",19.12,19.89401296,0.471892932,611.004,39907.39,27.50672981,0.445895967,611.004,55178.5,25.50669159,0.428613955,611.004,51166.42333,31.53123629,0.456420879,611.004,63251.66,120.3333333,80,79.5,80,0.884548860281968,0.784618833702827,-0.156395379816845,-0.128864342918272,0.758000516326593,18.2,9.637572283,0.565814715,678.4426667,19332.97,28.84809571,0.4595684,575.396,57869.28,35.25318711,0.41933404,600.3766667,70717.89333,28.30530741,0.481670083,649.4673333,56780.44667,119,84.5,NA,84.5,-0.693546420327017,-1.19639575702077,0.739725562470587,2.17663705833979,1.21200771478721
"2850-57872","2850-57518","2850-57872_2850-57518",1,"Make Believe",26,"Make Believe-26",0,10,8.124297081,9,-2,"Make Believe_26_1",1,"ep_same",1,4,"yes",19.12,19.89401296,0.471892932,611.004,39907.39,27.50672981,0.445895967,611.004,55178.5,25.50669159,0.428613955,611.004,51166.42333,31.53123629,0.456420879,611.004,63251.66,120.3333333,80,79.5,80,0.884548860281968,0.784618833702827,-0.156395379816845,-0.128864342918272,0.758000516326593,18.14,14.90719508,0.519809235,611.004,29903.83333,19.59704719,0.532886535,665.0906667,39311.67667,20.80960452,0.478712673,627.0583333,41744.06667,18.70017448,0.514676857,678.7786667,37512.55,122.8333333,101.1666667,NA,101.1666667,1.74376007202512,0.205204994581631,-0.82767959937078,-0.35941680510581,-0.859154158064248
"2850-57872","2850-57518","2850-57872_2850-57518",2,"Make Believe",48,"Make Believe-48",0,10,5.126020807,5,-5,"Make Believe_48_2",1,NA,0,4,"no",19.12,19.89401296,0.471892932,611.004,39907.39,27.50672981,0.445895967,611.004,55178.5,25.50669159,0.428613955,611.004,51166.42333,31.53123629,0.456420879,611.004,63251.66,120.3333333,80,79.5,80,0.884548860281968,0.784618833702827,-0.156395379816845,-0.128864342918272,0.758000516326593,18.14,14.90719508,0.519809235,611.004,29903.83333,19.59704719,0.532886535,665.0906667,39311.67667,20.80960452,0.478712673,627.0583333,41744.06667,18.70017448,0.514676857,678.7786667,37512.55,122.8333333,101.1666667,NA,101.1666667,1.74376007202512,0.205204994581631,-0.82767959937078,-0.35941680510581,-0.859154158064248
"2850-57872","2850-57668","2850-57872_2850-57668",1,"Make Believe",26,"Make Believe-26",0,9,5.088129173,9,1,"Make Believe_26_1",1,NA,0,4,"no",19.12,19.89401296,0.471892932,611.004,39907.39,27.50672981,0.445895967,611.004,55178.5,25.50669159,0.428613955,611.004,51166.42333,31.53123629,0.456420879,611.004,63251.66,120.3333333,80,79.5,80,0.884548860281968,0.784618833702827,-0.156395379816845,-0.128864342918272,0.758000516326593,15.92,11.681557,0.516184021,664.1173333,23433.20333,26.74239614,0.471296726,631.6946667,53645.24667,23.99616318,0.472439003,611.004,48136.30333,20.15335992,0.478588104,611.004,40427.64,115.3333333,79.33333333,81.16666667,79.33333333,-1.44911143193251,-0.65274194611765,0.382956881799442,0.200090114346715,-0.54580271363912
"2850-57872","2850-57668","2850-57872_2850-57668",2,"Make Believe",48,"Make Believe-48",0,10,9.283051844,10,-1,"Make Believe_48_2",1,NA,0,4,"no",19.12,19.89401296,0.471892932,611.004,39907.39,27.50672981,0.445895967,611.004,55178.5,25.50669159,0.428613955,611.004,51166.42333,31.53123629,0.456420879,611.004,63251.66,120.3333333,80,79.5,80,0.884548860281968,0.784618833702827,-0.156395379816845,-0.128864342918272,0.758000516326593,15.92,11.681557,0.516184021,664.1173333,23433.20333,26.74239614,0.471296726,631.6946667,53645.24667,23.99616318,0.472439003,611.004,48136.30333,20.15335992,0.478588104,611.004,40427.64,115.3333333,79.33333333,81.16666667,79.33333333,-1.44911143193251,-0.65274194611765,0.382956881799442,0.200090114346715,-0.54580271363912
"2850-57872","2850-57873","2850-57872_2850-57873",1,"Make Believe",26,"Make Believe-26",1,10,0.08,10,0,"Make Believe_26_1",1,NA,0,4,"no",19.12,19.89401296,0.471892932,611.004,39907.39,27.50672981,0.445895967,611.004,55178.5,25.50669159,0.428613955,611.004,51166.42333,31.53123629,0.456420879,611.004,63251.66,120.3333333,80,79.5,80,0.884548860281968,0.784618833702827,-0.156395379816845,-0.128864342918272,0.758000516326593,17.78,14.19395646,0.523433174,611.004,28473.07667,25.92409605,0.488596319,611.004,52003.73667,17.52426554,0.486432213,611.004,35153.67667,23.12273347,0.46271403,611.004,46384.20333,121.6666667,91.5,93.83333333,91.5,0.330122304413543,0.0154996163460246,0.244312296569091,-0.936267912581453,0.0944854872461505
"2850-57872","2850-57873","2850-57872_2850-57873",2,"Make Believe",48,"Make Believe-48",1,10,0.08,10,0,"Make Believe_48_2",1,"wp",4,4,"yes",19.12,19.89401296,0.471892932,611.004,39907.39,27.50672981,0.445895967,611.004,55178.5,25.50669159,0.428613955,611.004,51166.42333,31.53123629,0.456420879,611.004,63251.66,120.3333333,80,79.5,80,0.884548860281968,0.784618833702827,-0.156395379816845,-0.128864342918272,0.758000516326593,17.78,14.19395646,0.523433174,611.004,28473.07667,25.92409605,0.488596319,611.004,52003.73667,17.52426554,0.486432213,611.004,35153.67667,23.12273347,0.46271403,611.004,46384.20333,121.6666667,91.5,93.83333333,91.5,0.330122304413543,0.0154996163460246,0.244312296569091,-0.936267912581453,0.0944854872461505
"2850-57872","2850-57875","2850-57872_2850-57875",1,"Make Believe",26,"Make Believe-26",0,9,13.06797009,9,1,"Make Believe_26_1",1,NA,0,4,"no",19.12,19.89401296,0.471892932,611.004,39907.39,27.50672981,0.445895967,611.004,55178.5,25.50669159,0.428613955,611.004,51166.42333,31.53123629,0.456420879,611.004,63251.66,120.3333333,80,79.5,80,0.884548860281968,0.784618833702827,-0.156395379816845,-0.128864342918272,0.758000516326593,18.35,10.47729977,0.47401193,669.7853333,21017.46333,18.82554005,0.501831056,611.004,37764.03333,18.80828847,0.487568807,611.004,37729.42667,20.39057162,0.464260504,627.3723333,40903.48667,120,85.16666667,78.16666667,85.16666667,-0.596054160340455,-0.97304719446513,-0.958396055026497,-0.710814754260901,-0.494652580432762
"2850-57872","2850-57875","2850-57872_2850-57875",2,"Make Believe",48,"Make Believe-48",0,10,13.18317929,8,-3,"Make Believe_48_2",1,NA,0,4,"no",19.12,19.89401296,0.471892932,611.004,39907.39,27.50672981,0.445895967,611.004,55178.5,25.50669159,0.428613955,611.004,51166.42333,31.53123629,0.456420879,611.004,63251.66,120.3333333,80,79.5,80,0.884548860281968,0.784618833702827,-0.156395379816845,-0.128864342918272,0.758000516326593,18.35,10.47729977,0.47401193,669.7853333,21017.46333,18.82554005,0.501831056,611.004,37764.03333,18.80828847,0.487568807,611.004,37729.42667,20.39057162,0.464260504,627.3723333,40903.48667,120,85.16666667,78.16666667,85.16666667,-0.596054160340455,-0.97304719446513,-0.958396055026497,-0.710814754260901,-0.494652580432762
"2850-57872","2850-57877","2850-57872_2850-57877",2,"Make Believe",48,"Make Believe-48",0,8,10.7909041,0,-35,"Make Believe_48_2",1,NA,0,4,"no",19.12,19.89401296,0.471892932,611.004,39907.39,27.50672981,0.445895967,611.004,55178.5,25.50669159,0.428613955,611.004,51166.42333,31.53123629,0.456420879,611.004,63251.66,120.3333333,80,79.5,80,0.884548860281968,0.784618833702827,-0.156395379816845,-0.128864342918272,0.758000516326593,17.41,16.51858757,0.525460668,643.7406667,33136.28667,21.75545862,0.485404041,611.004,43641.45,23.0853988,0.486452342,627.3723333,46309.31,26.05510967,0.469183949,611.004,52266.55,120.3333333,80.83333333,NA,80.83333333,-1.22975384805953,0.633799034822283,-0.461979948196601,0.040174974858623,0.726795922360246
"2850-57872","2850-57877","2850-57872_2850-57877",1,"Make Believe",26,"Make Believe-26",0,0,10.735051,0,15,"Make Believe_26_1",1,NA,0,4,"no",19.12,19.89401296,0.471892932,611.004,39907.39,27.50672981,0.445895967,611.004,55178.5,25.50669159,0.428613955,611.004,51166.42333,31.53123629,0.456420879,611.004,63251.66,120.3333333,80,79.5,80,0.884548860281968,0.784618833702827,-0.156395379816845,-0.128864342918272,0.758000516326593,17.41,16.51858757,0.525460668,643.7406667,33136.28667,21.75545862,0.485404041,611.004,43641.45,23.0853988,0.486452342,627.3723333,46309.31,26.05510967,0.469183949,611.004,52266.55,120.3333333,80.83333333,NA,80.83333333,-1.22975384805953,0.633799034822283,-0.461979948196601,0.040174974858623,0.726795922360246
"2850-57874","2350-21085","2850-57874_2350-21085",1,"Make Believe",8,"Make Believe-8",0,10,17.2762774,0,-15,"Make Believe_8_1",1,"ep_same",1,2,"yes",20.24,15.6378232,0.51782844,611.004,31369.47333,25.01960784,0.440377046,611.004,50189.33333,27.4267215,0.394388609,611.004,55018.00333,22.21683117,0.462104707,631.6946667,44566.96333,117.1666667,75,74,75,-0.419301822817655,-0.437009911684686,-0.565975319181614,0.20883164124918,-0.794443584192472,18.2,9.637572283,0.565814715,678.4426667,19332.97,28.84809571,0.4595684,575.396,57869.28,35.25318711,0.41933404,600.3766667,70717.89333,28.30530741,0.481670083,649.4673333,56780.44667,119,84.5,NA,84.5,-0.693546420327017,-1.19639575702077,0.739725562470587,2.17663705833979,1.21200771478721
"2850-57874","2850-57518","2850-57874_2850-57518",1,"Make Believe",8,"Make Believe-8",0,10,15.20151143,8,-3,"Make Believe_8_1",1,NA,0,2,"no",20.24,15.6378232,0.51782844,611.004,31369.47333,25.01960784,0.440377046,611.004,50189.33333,27.4267215,0.394388609,611.004,55018.00333,22.21683117,0.462104707,631.6946667,44566.96333,117.1666667,75,74,75,-0.419301822817655,-0.437009911684686,-0.565975319181614,0.20883164124918,-0.794443584192472,18.14,14.90719508,0.519809235,611.004,29903.83333,19.59704719,0.532886535,665.0906667,39311.67667,20.80960452,0.478712673,627.0583333,41744.06667,18.70017448,0.514676857,678.7786667,37512.55,122.8333333,101.1666667,NA,101.1666667,1.74376007202512,0.205204994581631,-0.82767959937078,-0.35941680510581,-0.859154158064248
"2850-57874","2850-57668","2850-57874_2850-57668",1,"Make Believe",8,"Make Believe-8",0,10,8.086602378,10,0,"Make Believe_8_1",1,NA,0,2,"no",20.24,15.6378232,0.51782844,611.004,31369.47333,25.01960784,0.440377046,611.004,50189.33333,27.4267215,0.394388609,611.004,55018.00333,22.21683117,0.462104707,631.6946667,44566.96333,117.1666667,75,74,75,-0.419301822817655,-0.437009911684686,-0.565975319181614,0.20883164124918,-0.794443584192472,15.92,11.681557,0.516184021,664.1173333,23433.20333,26.74239614,0.471296726,631.6946667,53645.24667,23.99616318,0.472439003,611.004,48136.30333,20.15335992,0.478588104,611.004,40427.64,115.3333333,79.33333333,81.16666667,79.33333333,-1.44911143193251,-0.65274194611765,0.382956881799442,0.200090114346715,-0.54580271363912
"2850-57874","2850-57873","2850-57874_2850-57873",1,"Make Believe",8,"Make Believe-8",0,10,13.06797009,9,-1,"Make Believe_8_1",1,NA,0,2,"no",20.24,15.6378232,0.51782844,611.004,31369.47333,25.01960784,0.440377046,611.004,50189.33333,27.4267215,0.394388609,611.004,55018.00333,22.21683117,0.462104707,631.6946667,44566.96333,117.1666667,75,74,75,-0.419301822817655,-0.437009911684686,-0.565975319181614,0.20883164124918,-0.794443584192472,17.78,14.19395646,0.523433174,611.004,28473.07667,25.92409605,0.488596319,611.004,52003.73667,17.52426554,0.486432213,611.004,35153.67667,23.12273347,0.46271403,611.004,46384.20333,121.6666667,91.5,93.83333333,91.5,0.330122304413543,0.0154996163460246,0.244312296569091,-0.936267912581453,0.0944854872461505
"2850-57874","2850-57875","2850-57874_2850-57875",1,"Make Believe",8,"Make Believe-8",1,10,0.08,10,0,"Make Believe_8_1",1,"wp",1,2,"yes",20.24,15.6378232,0.51782844,611.004,31369.47333,25.01960784,0.440377046,611.004,50189.33333,27.4267215,0.394388609,611.004,55018.00333,22.21683117,0.462104707,631.6946667,44566.96333,117.1666667,75,74,75,-0.419301822817655,-0.437009911684686,-0.565975319181614,0.20883164124918,-0.794443584192472,18.35,10.47729977,0.47401193,669.7853333,21017.46333,18.82554005,0.501831056,611.004,37764.03333,18.80828847,0.487568807,611.004,37729.42667,20.39057162,0.464260504,627.3723333,40903.48667,120,85.16666667,78.16666667,85.16666667,-0.596054160340455,-0.97304719446513,-0.958396055026497,-0.710814754260901,-0.494652580432762
"2850-57874","2850-57877","2850-57874_2850-57877",1,"Make Believe",8,"Make Believe-8",0,0,4.588970963,0,14,"Make Believe_8_1",1,NA,0,2,"no",20.24,15.6378232,0.51782844,611.004,31369.47333,25.01960784,0.440377046,611.004,50189.33333,27.4267215,0.394388609,611.004,55018.00333,22.21683117,0.462104707,631.6946667,44566.96333,117.1666667,75,74,75,-0.419301822817655,-0.437009911684686,-0.565975319181614,0.20883164124918,-0.794443584192472,17.41,16.51858757,0.525460668,643.7406667,33136.28667,21.75545862,0.485404041,611.004,43641.45,23.0853988,0.486452342,627.3723333,46309.31,26.05510967,0.469183949,611.004,52266.55,120.3333333,80.83333333,NA,80.83333333,-1.22975384805953,0.633799034822283,-0.461979948196601,0.040174974858623,0.726795922360246
"2850-57878","2350-21085","2850-57878_2350-21085",1,"Make Believe",13,"Make Believe-13",0,11,14.90668647,0,21,"Make Believe_13_1",1,NA,0,3,"no",19.77,13.84048106,0.485086258,611.004,27764.005,25.90715022,0.456736591,611.004,51969.74333,15.86279827,0.468919551,627.3723333,31820.77333,23.12566301,0.467087764,611.004,46390.08,118.1666667,69,69.83333333,69,-1.9839226425372,-0.952890299386269,-0.419814592619393,-1.82503794362187,-0.642967391113607,18.2,9.637572283,0.565814715,678.4426667,19332.97,28.84809571,0.4595684,575.396,57869.28,35.25318711,0.41933404,600.3766667,70717.89333,28.30530741,0.481670083,649.4673333,56780.44667,119,84.5,NA,84.5,-0.693546420327017,-1.19639575702077,0.739725562470587,2.17663705833979,1.21200771478721
"2850-57878","2850-57518","2850-57878_2850-57518",1,"Make Believe",13,"Make Believe-13",0,11,15.3033427,0,-17,"Make Believe_13_1",1,NA,0,3,"no",19.77,13.84048106,0.485086258,611.004,27764.005,25.90715022,0.456736591,611.004,51969.74333,15.86279827,0.468919551,627.3723333,31820.77333,23.12566301,0.467087764,611.004,46390.08,118.1666667,69,69.83333333,69,-1.9839226425372,-0.952890299386269,-0.419814592619393,-1.82503794362187,-0.642967391113607,18.14,14.90719508,0.519809235,611.004,29903.83333,19.59704719,0.532886535,665.0906667,39311.67667,20.80960452,0.478712673,627.0583333,41744.06667,18.70017448,0.514676857,678.7786667,37512.55,122.8333333,101.1666667,NA,101.1666667,1.74376007202512,0.205204994581631,-0.82767959937078,-0.35941680510581,-0.859154158064248
"2850-57878","2850-57668","2850-57878_2850-57668",1,"Make Believe",13,"Make Believe-13",0,11,5.791827141,0,-14,"Make Believe_13_1",1,NA,0,3,"no",19.77,13.84048106,0.485086258,611.004,27764.005,25.90715022,0.456736591,611.004,51969.74333,15.86279827,0.468919551,627.3723333,31820.77333,23.12566301,0.467087764,611.004,46390.08,118.1666667,69,69.83333333,69,-1.9839226425372,-0.952890299386269,-0.419814592619393,-1.82503794362187,-0.642967391113607,15.92,11.681557,0.516184021,664.1173333,23433.20333,26.74239614,0.471296726,631.6946667,53645.24667,23.99616318,0.472439003,611.004,48136.30333,20.15335992,0.478588104,611.004,40427.64,115.3333333,79.33333333,81.16666667,79.33333333,-1.44911143193251,-0.65274194611765,0.382956881799442,0.200090114346715,-0.54580271363912
"2850-57878","2850-57873","2850-57878_2850-57873",1,"Make Believe",13,"Make Believe-13",0,11,10.735051,0,-15,"Make Believe_13_1",1,NA,0,3,"no",19.77,13.84048106,0.485086258,611.004,27764.005,25.90715022,0.456736591,611.004,51969.74333,15.86279827,0.468919551,627.3723333,31820.77333,23.12566301,0.467087764,611.004,46390.08,118.1666667,69,69.83333333,69,-1.9839226425372,-0.952890299386269,-0.419814592619393,-1.82503794362187,-0.642967391113607,17.78,14.19395646,0.523433174,611.004,28473.07667,25.92409605,0.488596319,611.004,52003.73667,17.52426554,0.486432213,611.004,35153.67667,23.12273347,0.46271403,611.004,46384.20333,121.6666667,91.5,93.83333333,91.5,0.330122304413543,0.0154996163460246,0.244312296569091,-0.936267912581453,0.0944854872461505
"2850-57878","2850-57875","2850-57878_2850-57875",1,"Make Believe",13,"Make Believe-13",0,11,4.588970963,0,-14,"Make Believe_13_1",1,NA,0,3,"no",19.77,13.84048106,0.485086258,611.004,27764.005,25.90715022,0.456736591,611.004,51969.74333,15.86279827,0.468919551,627.3723333,31820.77333,23.12566301,0.467087764,611.004,46390.08,118.1666667,69,69.83333333,69,-1.9839226425372,-0.952890299386269,-0.419814592619393,-1.82503794362187,-0.642967391113607,18.35,10.47729977,0.47401193,669.7853333,21017.46333,18.82554005,0.501831056,611.004,37764.03333,18.80828847,0.487568807,611.004,37729.42667,20.39057162,0.464260504,627.3723333,40903.48667,120,85.16666667,78.16666667,85.16666667,-0.596054160340455,-0.97304719446513,-0.958396055026497,-0.710814754260901,-0.494652580432762
"2850-57878","2850-57877","2850-57878_2850-57877",1,"Make Believe",13,"Make Believe-13",1,11,0.08,11,0,"Make Believe_13_1",1,"wp",3,3,"yes",19.77,13.84048106,0.485086258,611.004,27764.005,25.90715022,0.456736591,611.004,51969.74333,15.86279827,0.468919551,627.3723333,31820.77333,23.12566301,0.467087764,611.004,46390.08,118.1666667,69,69.83333333,69,-1.9839226425372,-0.952890299386269,-0.419814592619393,-1.82503794362187,-0.642967391113607,17.41,16.51858757,0.525460668,643.7406667,33136.28667,21.75545862,0.485404041,611.004,43641.45,23.0853988,0.486452342,627.3723333,46309.31,26.05510967,0.469183949,611.004,52266.55,120.3333333,80.83333333,NA,80.83333333,-1.22975384805953,0.633799034822283,-0.461979948196601,0.040174974858623,0.726795922360246
"2850-57879","2640-97588","2850-57879_2640-97588",1,"CHR",112,"CHR-112",0,11,11.55530626,0,-22,"CHR_112_1",1,NA,0,4,"no",19.28,14.99234629,0.534344994,627.3723333,30074.64667,31.94793453,0.424935289,643.0996667,64087.55667,31.93524427,0.409605816,627.052,64062.1,34.53678132,0.43009849,610.6836667,69280.78333,124.8333333,NA,86.66666667,86.66666667,2.62301643861737,-0.622277296882264,0.57498345156557,1.00179326441291,1.2589386428688,18.7,11.85018943,0.544837496,653.7273333,23771.48,14.45612662,0.507893605,610.6836667,28998.99,21.21705716,0.471668493,610.6836667,42561.41667,27.50362745,0.462396686,637.0386667,55172.27667,119,87,85,87,-0.327950447205388,-0.607889525035993,-1.69870577771304,-0.287874870450448,1.03914087582914
"2850-57879","2640-97588","2850-57879_2640-97588",2,"CHR",112,"CHR-112",0,11,11.55530626,0,-28,"CHR_112_2",1,NA,0,4,"no",19.28,14.99234629,0.534344994,627.3723333,30074.64667,31.94793453,0.424935289,643.0996667,64087.55667,31.93524427,0.409605816,627.052,64062.1,34.53678132,0.43009849,610.6836667,69280.78333,124.8333333,NA,86.66666667,86.66666667,2.62301643861737,-0.622277296882264,0.57498345156557,1.00179326441291,1.2589386428688,18.7,11.85018943,0.544837496,653.7273333,23771.48,14.45612662,0.507893605,610.6836667,28998.99,21.21705716,0.471668493,610.6836667,42561.41667,27.50362745,0.462396686,637.0386667,55172.27667,119,87,85,87,-0.327950447205388,-0.607889525035993,-1.69870577771304,-0.287874870450448,1.03914087582914
"2850-57879","2640-97589","2850-57879_2640-97589",1,"CHR",112,"CHR-112",0,11,0.210376542,0,-20,"CHR_112_1",1,NA,0,4,"no",19.28,14.99234629,0.534344994,627.3723333,30074.64667,31.94793453,0.424935289,643.0996667,64087.55667,31.93524427,0.409605816,627.052,64062.1,34.53678132,0.43009849,610.6836667,69280.78333,124.8333333,NA,86.66666667,86.66666667,2.62301643861737,-0.622277296882264,0.57498345156557,1.00179326441291,1.2589386428688,16.1,11.8153556,0.523609389,681.183,23701.60333,16.91354271,0.528785659,657.7393333,33928.56667,18.6526321,0.480672665,627.3723333,37417.18,20.65218677,0.48363622,650.113,41428.28667,119,99.66666667,98,99.66666667,1.52440248376499,-0.617154537768401,-1.28234576663637,-0.738145434585443,-0.438240313367936
"2850-57879","2640-97589","2850-57879_2640-97589",2,"CHR",112,"CHR-112",0,11,0.210376542,0,-25,"CHR_112_2",1,NA,0,4,"no",19.28,14.99234629,0.534344994,627.3723333,30074.64667,31.94793453,0.424935289,643.0996667,64087.55667,31.93524427,0.409605816,627.052,64062.1,34.53678132,0.43009849,610.6836667,69280.78333,124.8333333,NA,86.66666667,86.66666667,2.62301643861737,-0.622277296882264,0.57498345156557,1.00179326441291,1.2589386428688,16.1,11.8153556,0.523609389,681.183,23701.60333,16.91354271,0.528785659,657.7393333,33928.56667,18.6526321,0.480672665,627.3723333,37417.18,20.65218677,0.48363622,650.113,41428.28667,119,99.66666667,98,99.66666667,1.52440248376499,-0.617154537768401,-1.28234576663637,-0.738145434585443,-0.438240313367936
"2850-57879","2811-83208","2850-57879_2811-83208",1,"CHR",112,"CHR-112",0,11,16.66361176,5,-5,"CHR_112_1",1,NA,0,4,"no",19.28,14.99234629,0.534344994,627.3723333,30074.64667,31.94793453,0.424935289,643.0996667,64087.55667,31.93524427,0.409605816,627.052,64062.1,34.53678132,0.43009849,610.6836667,69280.78333,124.8333333,NA,86.66666667,86.66666667,2.62301643861737,-0.622277296882264,0.57498345156557,1.00179326441291,1.2589386428688,16.9,18.73416916,0.484585352,611.004,37580.74333,21.00459455,0.486882121,610.6836667,42135.21667,26.39878531,0.450512144,610.6836667,52955.96333,23.23742606,0.475660646,611.004,46614.27667,118,87,89.5,87,-0.327950447205388,1.22309374175052,-0.589198848477454,0.621950764031026,0.119216734719535
"2850-57879","2811-83208","2850-57879_2811-83208",2,"CHR",112,"CHR-112",0,11,16.66361176,0,-10,"CHR_112_2",1,NA,0,4,"no",19.28,14.99234629,0.534344994,627.3723333,30074.64667,31.94793453,0.424935289,643.0996667,64087.55667,31.93524427,0.409605816,627.052,64062.1,34.53678132,0.43009849,610.6836667,69280.78333,124.8333333,NA,86.66666667,86.66666667,2.62301643861737,-0.622277296882264,0.57498345156557,1.00179326441291,1.2589386428688,16.9,18.73416916,0.484585352,611.004,37580.74333,21.00459455,0.486882121,610.6836667,42135.21667,26.39878531,0.450512144,610.6836667,52955.96333,23.23742606,0.475660646,611.004,46614.27667,118,87,89.5,87,-0.327950447205388,1.22309374175052,-0.589198848477454,0.621950764031026,0.119216734719535
"2850-57879","2850-57567","2850-57879_2850-57567",1,"CHR",112,"CHR-112",0,11,8.20278258,4,-7,"CHR_112_1",1,NA,0,4,"no",19.28,14.99234629,0.534344994,627.3723333,30074.64667,31.94793453,0.424935289,643.0996667,64087.55667,31.93524427,0.409605816,627.052,64062.1,34.53678132,0.43009849,610.6836667,69280.78333,124.8333333,NA,86.66666667,86.66666667,2.62301643861737,-0.622277296882264,0.57498345156557,1.00179326441291,1.2589386428688,16.6,10.56012296,0.52180729,667.1156667,21183.60667,26.35612994,0.49271154,611.3883333,52870.39667,22.28285809,0.48721335,606.0566667,44699.41333,16.73888169,0.511359264,628.0706667,33578.19667,121.5,102.1666667,102.5,102.1666667,1.88999846127377,-0.951018094883241,0.317511799070068,-0.100737880763292,-1.28206916379613
"2850-57879","2850-57567","2850-57879_2850-57567",2,"CHR",112,"CHR-112",0,0,8.20278258,0,-61,"CHR_112_2",1,NA,0,4,"no",19.28,14.99234629,0.534344994,627.3723333,30074.64667,31.94793453,0.424935289,643.0996667,64087.55667,31.93524427,0.409605816,627.052,64062.1,34.53678132,0.43009849,610.6836667,69280.78333,124.8333333,NA,86.66666667,86.66666667,2.62301643861737,-0.622277296882264,0.57498345156557,1.00179326441291,1.2589386428688,16.6,10.56012296,0.52180729,667.1156667,21183.60667,26.35612994,0.49271154,611.3883333,52870.39667,22.28285809,0.48721335,606.0566667,44699.41333,16.73888169,0.511359264,628.0706667,33578.19667,121.5,102.1666667,102.5,102.1666667,1.88999846127377,-0.951018094883241,0.317511799070068,-0.100737880763292,-1.28206916379613
"2850-57879","2850-57570","2850-57879_2850-57570",1,"CHR",112,"CHR-112",0,6,5.501847625,6,5,"CHR_112_1",1,NA,0,4,"no",19.28,14.99234629,0.534344994,627.3723333,30074.64667,31.94793453,0.424935289,643.0996667,64087.55667,31.93524427,0.409605816,627.052,64062.1,34.53678132,0.43009849,610.6836667,69280.78333,124.8333333,NA,86.66666667,86.66666667,2.62301643861737,-0.622277296882264,0.57498345156557,1.00179326441291,1.2589386428688,16.51,16.84077767,0.501161039,611.004,33782.6,23.06811898,0.49586693,611.004,46274.64667,25.67366733,0.443766873,611.004,51501.37667,19.07592556,0.494641169,627.6863333,38266.30667,121.5,90,NA,90,0.110764720540566,0.719494330997171,-0.239575901827104,0.494632057389222,-0.778130676530947
"2850-57879","2850-57570","2850-57879_2850-57570",2,"CHR",112,"CHR-112",0,11,8.326762193,0,-29,"CHR_112_2",1,NA,0,4,"no",19.28,14.99234629,0.534344994,627.3723333,30074.64667,31.94793453,0.424935289,643.0996667,64087.55667,31.93524427,0.409605816,627.052,64062.1,34.53678132,0.43009849,610.6836667,69280.78333,124.8333333,NA,86.66666667,86.66666667,2.62301643861737,-0.622277296882264,0.57498345156557,1.00179326441291,1.2589386428688,16.51,16.84077767,0.501161039,611.004,33782.6,23.06811898,0.49586693,611.004,46274.64667,25.67366733,0.443766873,611.004,51501.37667,19.07592556,0.494641169,627.6863333,38266.30667,121.5,90,NA,90,0.110764720540566,0.719494330997171,-0.239575901827104,0.494632057389222,-0.778130676530947
"2850-57879","2850-57577","2850-57879_2850-57577",1,"CHR",112,"CHR-112",0,6,13.3869908,6,5,"CHR_112_1",1,NA,0,4,"no",19.28,14.99234629,0.534344994,627.3723333,30074.64667,31.94793453,0.424935289,643.0996667,64087.55667,31.93524427,0.409605816,627.052,64062.1,34.53678132,0.43009849,610.6836667,69280.78333,124.8333333,NA,86.66666667,86.66666667,2.62301643861737,-0.622277296882264,0.57498345156557,1.00179326441291,1.2589386428688,18.2,20.92472416,0.512057073,676.164,41974.99667,28.83623131,0.475799583,625.399,57845.48,28.80829345,0.443602398,627.1216667,57789.43667,29.54534563,0.455136562,636.0576667,59267.96333,119,90.83333333,91.16666667,90.83333333,0.232630044426981,1.80573194047972,0.737715377164354,1.04502048301344,1.47939806751422
"2850-57879","2850-57577","2850-57879_2850-57577",2,"CHR",112,"CHR-112",0,11,14.0212532,11,0,"CHR_112_2",1,NA,0,4,"no",19.28,14.99234629,0.534344994,627.3723333,30074.64667,31.94793453,0.424935289,643.0996667,64087.55667,31.93524427,0.409605816,627.052,64062.1,34.53678132,0.43009849,610.6836667,69280.78333,124.8333333,NA,86.66666667,86.66666667,2.62301643861737,-0.622277296882264,0.57498345156557,1.00179326441291,1.2589386428688,18.2,20.92472416,0.512057073,676.164,41974.99667,28.83623131,0.475799583,625.399,57845.48,28.80829345,0.443602398,627.1216667,57789.43667,29.54534563,0.455136562,636.0576667,59267.96333,119,90.83333333,91.16666667,90.83333333,0.232630044426981,1.80573194047972,0.737715377164354,1.04502048301344,1.47939806751422
"2850-57879","2850-57578","2850-57879_2850-57578",1,"CHR",112,"CHR-112",0,10,2.683141701,10,1,"CHR_112_1",1,NA,0,4,"no",19.28,14.99234629,0.534344994,627.3723333,30074.64667,31.94793453,0.424935289,643.0996667,64087.55667,31.93524427,0.409605816,627.052,64062.1,34.53678132,0.43009849,610.6836667,69280.78333,124.8333333,NA,86.66666667,86.66666667,2.62301643861737,-0.622277296882264,0.57498345156557,1.00179326441291,1.2589386428688,17.2,10.81633932,0.556799001,678.4426667,21697.57667,15.67680791,0.517385329,657.4626667,31447.67667,20.72179628,0.496782872,642.7923333,41567.92333,11.67128448,0.547842632,659.167,23412.59667,119,91.5,91.5,91.5,0.330122304413543,-0.882870324808829,-1.49188574528399,-0.374834477619313,-2.37479887454678
"2850-57879","2850-57578","2850-57879_2850-57578",2,"CHR",112,"CHR-112",0,11,2.683141701,7,-3,"CHR_112_2",1,NA,0,4,"no",19.28,14.99234629,0.534344994,627.3723333,30074.64667,31.94793453,0.424935289,643.0996667,64087.55667,31.93524427,0.409605816,627.052,64062.1,34.53678132,0.43009849,610.6836667,69280.78333,124.8333333,NA,86.66666667,86.66666667,2.62301643861737,-0.622277296882264,0.57498345156557,1.00179326441291,1.2589386428688,17.2,10.81633932,0.556799001,678.4426667,21697.57667,15.67680791,0.517385329,657.4626667,31447.67667,20.72179628,0.496782872,642.7923333,41567.92333,11.67128448,0.547842632,659.167,23412.59667,119,91.5,91.5,91.5,0.330122304413543,-0.882870324808829,-1.49188574528399,-0.374834477619313,-2.37479887454678
"2850-57879","2850-57579","2850-57879_2850-57579",1,"CHR",112,"CHR-112",0,11,5.907321837,0,-12,"CHR_112_1",1,NA,0,4,"no",19.28,14.99234629,0.534344994,627.3723333,30074.64667,31.94793453,0.424935289,643.0996667,64087.55667,31.93524427,0.409605816,627.052,64062.1,34.53678132,0.43009849,610.6836667,69280.78333,124.8333333,NA,86.66666667,86.66666667,2.62301643861737,-0.622277296882264,0.57498345156557,1.00179326441291,1.2589386428688,16.3,11.31949153,0.533256519,660.737,22706.9,24.77905949,0.48852106,617.005,49706.79333,18.07848455,0.49353373,627.3723333,36265.44,24.4043104,0.499147361,611.004,48955.04667,118.5,93.5,92,93.5,0.622599082910845,-0.749043190899379,0.0503087508346794,-0.838956234350139,0.37083286253875
"2850-57879","2850-57579","2850-57879_2850-57579",2,"CHR",112,"CHR-112",0,1,7.47180793,0,-41,"CHR_112_2",1,NA,0,4,"no",19.28,14.99234629,0.534344994,627.3723333,30074.64667,31.94793453,0.424935289,643.0996667,64087.55667,31.93524427,0.409605816,627.052,64062.1,34.53678132,0.43009849,610.6836667,69280.78333,124.8333333,NA,86.66666667,86.66666667,2.62301643861737,-0.622277296882264,0.57498345156557,1.00179326441291,1.2589386428688,16.3,11.31949153,0.533256519,660.737,22706.9,24.77905949,0.48852106,617.005,49706.79333,18.07848455,0.49353373,627.3723333,36265.44,24.4043104,0.499147361,611.004,48955.04667,118.5,93.5,92,93.5,0.622599082910845,-0.749043190899379,0.0503087508346794,-0.838956234350139,0.37083286253875
"2850-57879","2850-57580","2850-57879_2850-57580",1,"CHR",112,"CHR-112",0,11,11.57698308,6,-4,"CHR_112_1",1,NA,0,4,"no",19.28,14.99234629,0.534344994,627.3723333,30074.64667,31.94793453,0.424935289,643.0996667,64087.55667,31.93524427,0.409605816,627.052,64062.1,34.53678132,0.43009849,610.6836667,69280.78333,124.8333333,NA,86.66666667,86.66666667,2.62301643861737,-0.622277296882264,0.57498345156557,1.00179326441291,1.2589386428688,16.2,9.142844799,0.560214832,667.427,18340.54667,27.48113161,0.465556814,625.399,55127.15,22.9424111,0.468469624,647.108,46022.47667,30.74621137,0.465611781,608.7603333,61676.9,117.5,87.83333333,NA,87.83333333,-0.206085123318973,-1.32798210392354,0.508120833367745,0.0150687031458652,1.73834162958958
"2850-57879","2850-57580","2850-57879_2850-57580",2,"CHR",112,"CHR-112",0,0,11.57698308,0,-58,"CHR_112_2",1,NA,0,4,"no",19.28,14.99234629,0.534344994,627.3723333,30074.64667,31.94793453,0.424935289,643.0996667,64087.55667,31.93524427,0.409605816,627.052,64062.1,34.53678132,0.43009849,610.6836667,69280.78333,124.8333333,NA,86.66666667,86.66666667,2.62301643861737,-0.622277296882264,0.57498345156557,1.00179326441291,1.2589386428688,16.2,9.142844799,0.560214832,667.427,18340.54667,27.48113161,0.465556814,625.399,55127.15,22.9424111,0.468469624,647.108,46022.47667,30.74621137,0.465611781,608.7603333,61676.9,117.5,87.83333333,NA,87.83333333,-0.206085123318973,-1.32798210392354,0.508120833367745,0.0150687031458652,1.73834162958958
"2850-57879","2850-57581","2850-57879_2850-57581",1,"CHR",112,"CHR-112",0,11,10.67389294,0,-14,"CHR_112_1",1,NA,0,4,"no",19.28,14.99234629,0.534344994,627.3723333,30074.64667,31.94793453,0.424935289,643.0996667,64087.55667,31.93524427,0.409605816,627.052,64062.1,34.53678132,0.43009849,610.6836667,69280.78333,124.8333333,NA,86.66666667,86.66666667,2.62301643861737,-0.622277296882264,0.57498345156557,1.00179326441291,1.2589386428688,15.5,12.5018158,0.557442636,674.1035,25078.6425,18.94245264,0.521103483,641.0916667,37998.56,27.0381655,0.472765016,616.0483333,54238.56,19.62838485,0.524143762,664.102,39374.54,116,82.5,83,82.5,-0.986023198824319,-0.434571614980667,-0.938587554762546,0.734215334884986,-0.659003473806166
"2850-57879","2850-57581","2850-57879_2850-57581",2,"CHR",112,"CHR-112",0,11,12.61615031,0,-19,"CHR_112_2",1,NA,0,4,"no",19.28,14.99234629,0.534344994,627.3723333,30074.64667,31.94793453,0.424935289,643.0996667,64087.55667,31.93524427,0.409605816,627.052,64062.1,34.53678132,0.43009849,610.6836667,69280.78333,124.8333333,NA,86.66666667,86.66666667,2.62301643861737,-0.622277296882264,0.57498345156557,1.00179326441291,1.2589386428688,15.5,12.5018158,0.557442636,674.1035,25078.6425,18.94245264,0.521103483,641.0916667,37998.56,27.0381655,0.472765016,616.0483333,54238.56,19.62838485,0.524143762,664.102,39374.54,116,82.5,83,82.5,-0.986023198824319,-0.434571614980667,-0.938587554762546,0.734215334884986,-0.659003473806166
"2850-57879","2850-57582","2850-57879_2850-57582",1,"CHR",112,"CHR-112",0,11,14.05566239,4,-6,"CHR_112_1",1,NA,0,4,"no",19.28,14.99234629,0.534344994,627.3723333,30074.64667,31.94793453,0.424935289,643.0996667,64087.55667,31.93524427,0.409605816,627.052,64062.1,34.53678132,0.43009849,610.6836667,69280.78333,124.8333333,NA,86.66666667,86.66666667,2.62301643861737,-0.622277296882264,0.57498345156557,1.00179326441291,1.2589386428688,15.9,NA,NA,NA,NA,28.49882187,0.467628455,626.7313333,57168.63667,24.79582419,0.471185748,627.0583333,49740.42333,10.86734629,0.526212895,643.7406667,21799.89667,118,88.5,86,88.5,-0.108592863332411,NA,0.68054809534039,0.340497342347155,-2.54815265729939
"2850-57879","2850-57582","2850-57879_2850-57582",2,"CHR",112,"CHR-112",0,11,13.65952644,3,-8,"CHR_112_2",1,NA,0,4,"no",19.28,14.99234629,0.534344994,627.3723333,30074.64667,31.94793453,0.424935289,643.0996667,64087.55667,31.93524427,0.409605816,627.052,64062.1,34.53678132,0.43009849,610.6836667,69280.78333,124.8333333,NA,86.66666667,86.66666667,2.62301643861737,-0.622277296882264,0.57498345156557,1.00179326441291,1.2589386428688,15.9,NA,NA,NA,NA,28.49882187,0.467628455,626.7313333,57168.63667,24.79582419,0.471185748,627.0583333,49740.42333,10.86734629,0.526212895,643.7406667,21799.89667,118,88.5,86,88.5,-0.108592863332411,NA,0.68054809534039,0.340497342347155,-2.54815265729939
"2850-57879","2850-57589","2850-57879_2850-57589",1,"CHR",112,"CHR-112",0,11,5.741055304,3,-8,"CHR_112_1",1,NA,0,4,"no",19.28,14.99234629,0.534344994,627.3723333,30074.64667,31.94793453,0.424935289,643.0996667,64087.55667,31.93524427,0.409605816,627.052,64062.1,34.53678132,0.43009849,610.6836667,69280.78333,124.8333333,NA,86.66666667,86.66666667,2.62301643861737,-0.622277296882264,0.57498345156557,1.00179326441291,1.2589386428688,17.5,12.65077601,0.531237153,675.7903333,25377.45667,16.92662014,0.501144529,627.3723333,33954.8,19.27879528,0.490091496,643.7406667,38673.26333,19.52571951,0.519492939,627.6863333,39168.59333,119.8333333,97,96.5,97,1.13443344528112,-0.394951560502818,-1.28013005765578,-0.628201551764721,-0.681141276522795
"2850-57879","2850-57589","2850-57879_2850-57589",2,"CHR",112,"CHR-112",0,11,7.603974661,1,-9,"CHR_112_2",1,NA,0,4,"no",19.28,14.99234629,0.534344994,627.3723333,30074.64667,31.94793453,0.424935289,643.0996667,64087.55667,31.93524427,0.409605816,627.052,64062.1,34.53678132,0.43009849,610.6836667,69280.78333,124.8333333,NA,86.66666667,86.66666667,2.62301643861737,-0.622277296882264,0.57498345156557,1.00179326441291,1.2589386428688,17.5,12.65077601,0.531237153,675.7903333,25377.45667,16.92662014,0.501144529,627.3723333,33954.8,19.27879528,0.490091496,643.7406667,38673.26333,19.52571951,0.519492939,627.6863333,39168.59333,119.8333333,97,96.5,97,1.13443344528112,-0.394951560502818,-1.28013005765578,-0.628201551764721,-0.681141276522795
"2850-57879","2850-57620","2850-57879_2850-57620",1,"CHR",112,"CHR-112",0,11,4.669147474,5,-5,"CHR_112_1",1,NA,0,4,"no",19.28,14.99234629,0.534344994,627.3723333,30074.64667,31.94793453,0.424935289,643.0996667,64087.55667,31.93524427,0.409605816,627.052,64062.1,34.53678132,0.43009849,610.6836667,69280.78333,124.8333333,NA,86.66666667,86.66666667,2.62301643861737,-0.622277296882264,0.57498345156557,1.00179326441291,1.2589386428688,18.2,8.903889997,0.510576941,627.6863333,17861.20333,21.60838485,0.492100236,611.004,43346.42,22.72290794,0.464821292,611.004,45582.15333,21.84048023,0.466018925,627.6863333,43812.00333,121,87,84,87,-0.327950447205388,-1.39153868908802,-0.486898657224134,-0.0234724159627646,-0.182007721268793
"2850-57879","2850-57620","2850-57879_2850-57620",2,"CHR",112,"CHR-112",0,11,4.669147474,0,-10,"CHR_112_2",1,NA,0,4,"no",19.28,14.99234629,0.534344994,627.3723333,30074.64667,31.94793453,0.424935289,643.0996667,64087.55667,31.93524427,0.409605816,627.052,64062.1,34.53678132,0.43009849,610.6836667,69280.78333,124.8333333,NA,86.66666667,86.66666667,2.62301643861737,-0.622277296882264,0.57498345156557,1.00179326441291,1.2589386428688,18.2,8.903889997,0.510576941,627.6863333,17861.20333,21.60838485,0.492100236,611.004,43346.42,22.72290794,0.464821292,611.004,45582.15333,21.84048023,0.466018925,627.6863333,43812.00333,121,87,84,87,-0.327950447205388,-1.39153868908802,-0.486898657224134,-0.0234724159627646,-0.182007721268793
"2850-57879","2850-57647","2850-57879_2850-57647",1,"CHR",112,"CHR-112",1,11,0.08,11,0,"CHR_112_1",1,"wp",2,4,"yes",19.28,14.99234629,0.534344994,627.3723333,30074.64667,31.94793453,0.424935289,643.0996667,64087.55667,31.93524427,0.409605816,627.052,64062.1,34.53678132,0.43009849,610.6836667,69280.78333,124.8333333,NA,86.66666667,86.66666667,2.62301643861737,-0.622277296882264,0.57498345156557,1.00179326441291,1.2589386428688,15.8,12.89783981,0.543297932,643.7406667,25873.06667,28.1838767,0.473800388,617.439,56536.85667,25.45478232,0.436115595,638.1653333,51062.29333,20.55910934,0.502370676,626.097,41241.57333,122.1666667,85.83333333,87.33333333,85.83333333,-0.498561901816276,-0.329238164855052,0.627186934809475,0.456199475181733,-0.458310668004767
"2850-57879","2850-57647","2850-57879_2850-57647",2,"CHR",112,"CHR-112",1,11,0.08,11,0,"CHR_112_2",1,NA,0,4,"no",19.28,14.99234629,0.534344994,627.3723333,30074.64667,31.94793453,0.424935289,643.0996667,64087.55667,31.93524427,0.409605816,627.052,64062.1,34.53678132,0.43009849,610.6836667,69280.78333,124.8333333,NA,86.66666667,86.66666667,2.62301643861737,-0.622277296882264,0.57498345156557,1.00179326441291,1.2589386428688,15.8,12.89783981,0.543297932,643.7406667,25873.06667,28.1838767,0.473800388,617.439,56536.85667,25.45478232,0.436115595,638.1653333,51062.29333,20.55910934,0.502370676,626.097,41241.57333,122.1666667,85.83333333,87.33333333,85.83333333,-0.498561901816276,-0.329238164855052,0.627186934809475,0.456199475181733,-0.458310668004767
"2850-57879","2850-57653","2850-57879_2850-57653",1,"CHR",112,"CHR-112",0,11,12.6934362,5,-5,"CHR_112_1",1,NA,0,4,"no",19.28,14.99234629,0.534344994,627.3723333,30074.64667,31.94793453,0.424935289,643.0996667,64087.55667,31.93524427,0.409605816,627.052,64062.1,34.53678132,0.43009849,610.6836667,69280.78333,124.8333333,NA,86.66666667,86.66666667,2.62301643861737,-0.622277296882264,0.57498345156557,1.00179326441291,1.2589386428688,16.37,8.467490861,0.535457505,660.1716667,16985.78667,27.15053506,0.465647634,659.167,54463.97333,21.8547225,0.470898637,665.8,43840.57333,15.40861914,0.497215455,659.167,30909.69,119.3333333,78,76.33333333,78,-1.64409595044325,-1.50761101163916,0.452107859504655,-0.175911398852204,-1.56891465511013
"2850-57879","2850-57653","2850-57879_2850-57653",2,"CHR",112,"CHR-112",0,11,14.75912949,0,-26,"CHR_112_2",1,NA,0,4,"no",19.28,14.99234629,0.534344994,627.3723333,30074.64667,31.94793453,0.424935289,643.0996667,64087.55667,31.93524427,0.409605816,627.052,64062.1,34.53678132,0.43009849,610.6836667,69280.78333,124.8333333,NA,86.66666667,86.66666667,2.62301643861737,-0.622277296882264,0.57498345156557,1.00179326441291,1.2589386428688,16.37,8.467490861,0.535457505,660.1716667,16985.78667,27.15053506,0.465647634,659.167,54463.97333,21.8547225,0.470898637,665.8,43840.57333,15.40861914,0.497215455,659.167,30909.69,119.3333333,78,76.33333333,78,-1.64409595044325,-1.50761101163916,0.452107859504655,-0.175911398852204,-1.56891465511013
"2850-57879","2850-57669","2850-57879_2850-57669",1,"CHR",112,"CHR-112",0,11,1.843261856,6,-5,"CHR_112_1",1,NA,0,4,"no",19.28,14.99234629,0.534344994,627.3723333,30074.64667,31.94793453,0.424935289,643.0996667,64087.55667,31.93524427,0.409605816,627.052,64062.1,34.53678132,0.43009849,610.6836667,69280.78333,124.8333333,NA,86.66666667,86.66666667,2.62301643861737,-0.622277296882264,0.57498345156557,1.00179326441291,1.2589386428688,17.82,14.07982054,0.504204618,611.004,28244.12,27.72719176,0.47617904,611.004,55620.74667,17.24374875,0.494612283,611.004,34590.96,18.57412762,0.508699718,611.004,37259.7,123.8333333,89.66666667,90,89.66666667,0.0620185912784761,-0.0148579628241403,0.549810804877425,-0.985522014505819,-0.886333735122392
"2850-57879","2850-57669","2850-57879_2850-57669",2,"CHR",112,"CHR-112",0,11,1.249984969,6,-5,"CHR_112_2",1,NA,0,4,"no",19.28,14.99234629,0.534344994,627.3723333,30074.64667,31.94793453,0.424935289,643.0996667,64087.55667,31.93524427,0.409605816,627.052,64062.1,34.53678132,0.43009849,610.6836667,69280.78333,124.8333333,NA,86.66666667,86.66666667,2.62301643861737,-0.622277296882264,0.57498345156557,1.00179326441291,1.2589386428688,17.82,14.07982054,0.504204618,611.004,28244.12,27.72719176,0.47617904,611.004,55620.74667,17.24374875,0.494612283,611.004,34590.96,18.57412762,0.508699718,611.004,37259.7,123.8333333,89.66666667,90,89.66666667,0.0620185912784761,-0.0148579628241403,0.549810804877425,-0.985522014505819,-0.886333735122392
"2850-57879","2850-57671","2850-57879_2850-57671",1,"CHR",112,"CHR-112",0,11,16.72153987,10,-1,"CHR_112_1",1,NA,0,4,"no",19.28,14.99234629,0.534344994,627.3723333,30074.64667,31.94793453,0.424935289,643.0996667,64087.55667,31.93524427,0.409605816,627.052,64062.1,34.53678132,0.43009849,610.6836667,69280.78333,124.8333333,NA,86.66666667,86.66666667,2.62301643861737,-0.622277296882264,0.57498345156557,1.00179326441291,1.2589386428688,17.53,16.28350449,0.48181303,667.733,32664.71,28.84180791,0.479499655,593.4133333,57856.66667,23.68146062,0.459973843,641.034,47505.01,25.7482569,0.475226128,607.0326667,51651.00333,117.8333333,75.83333333,83.16666667,75.83333333,-1.96094579430279,0.571272240341928,0.738660220509044,0.144833557453636,0.660629034048076
"2850-57879","2850-57671","2850-57879_2850-57671",2,"CHR",112,"CHR-112",0,0,16.72153987,0,-55,"CHR_112_2",1,NA,0,4,"no",19.28,14.99234629,0.534344994,627.3723333,30074.64667,31.94793453,0.424935289,643.0996667,64087.55667,31.93524427,0.409605816,627.052,64062.1,34.53678132,0.43009849,610.6836667,69280.78333,124.8333333,NA,86.66666667,86.66666667,2.62301643861737,-0.622277296882264,0.57498345156557,1.00179326441291,1.2589386428688,17.53,16.28350449,0.48181303,667.733,32664.71,28.84180791,0.479499655,593.4133333,57856.66667,23.68146062,0.459973843,641.034,47505.01,25.7482569,0.475226128,607.0326667,51651.00333,117.8333333,75.83333333,83.16666667,75.83333333,-1.96094579430279,0.571272240341928,0.738660220509044,0.144833557453636,0.660629034048076
"2850-57879","2850-57731","2850-57879_2850-57731",1,"CHR",112,"CHR-112",0,11,1.783308813,0,-23,"CHR_112_1",1,NA,0,4,"no",19.28,14.99234629,0.534344994,627.3723333,30074.64667,31.94793453,0.424935289,643.0996667,64087.55667,31.93524427,0.409605816,627.052,64062.1,34.53678132,0.43009849,610.6836667,69280.78333,124.8333333,NA,86.66666667,86.66666667,2.62301643861737,-0.622277296882264,0.57498345156557,1.00179326441291,1.2589386428688,15.9,10.9634214,0.500436597,689.138,21992.62333,23.24545364,0.49159359,611.004,46630.38,18.5751562,0.456752009,611.004,37261.76333,24.60593387,0.474122334,611.004,49359.50333,119,91,92.33333333,91,0.257003109789217,-0.84374981052978,-0.209530090170569,-0.751748919336863,0.414309079555146
"2850-57879","2850-57731","2850-57879_2850-57731",2,"CHR",112,"CHR-112",0,11,3.694681618,0,13,"CHR_112_2",1,NA,0,4,"no",19.28,14.99234629,0.534344994,627.3723333,30074.64667,31.94793453,0.424935289,643.0996667,64087.55667,31.93524427,0.409605816,627.052,64062.1,34.53678132,0.43009849,610.6836667,69280.78333,124.8333333,NA,86.66666667,86.66666667,2.62301643861737,-0.622277296882264,0.57498345156557,1.00179326441291,1.2589386428688,15.9,10.9634214,0.500436597,689.138,21992.62333,23.24545364,0.49159359,611.004,46630.38,18.5751562,0.456752009,611.004,37261.76333,24.60593387,0.474122334,611.004,49359.50333,119,91,92.33333333,91,0.257003109789217,-0.84374981052978,-0.209530090170569,-0.751748919336863,0.414309079555146
"2850-57879","2850-57733","2850-57879_2850-57733",2,"CHR",112,"CHR-112",0,11,9.054214797,0,12,"CHR_112_2",1,NA,0,4,"no",19.28,14.99234629,0.534344994,627.3723333,30074.64667,31.94793453,0.424935289,643.0996667,64087.55667,31.93524427,0.409605816,627.052,64062.1,34.53678132,0.43009849,610.6836667,69280.78333,124.8333333,NA,86.66666667,86.66666667,2.62301643861737,-0.622277296882264,0.57498345156557,1.00179326441291,1.2589386428688,15.66,14.84394317,0.488091858,680.0823333,29776.95,20.45213858,0.480742509,611.004,41026.99,22.3788767,0.481773003,627.3723333,44892.02667,18.61630941,0.474711747,611.004,37344.31667,121.6666667,NA,102,102,1.86562539152438,0.188381413841325,-0.682801464137293,-0.0838786032720019,-0.877238044743787
"2850-57879","2850-57733","2850-57879_2850-57733",1,"CHR",112,"CHR-112",0,0,9.054214797,0,20,"CHR_112_1",1,NA,0,4,"no",19.28,14.99234629,0.534344994,627.3723333,30074.64667,31.94793453,0.424935289,643.0996667,64087.55667,31.93524427,0.409605816,627.052,64062.1,34.53678132,0.43009849,610.6836667,69280.78333,124.8333333,NA,86.66666667,86.66666667,2.62301643861737,-0.622277296882264,0.57498345156557,1.00179326441291,1.2589386428688,15.66,14.84394317,0.488091858,680.0823333,29776.95,20.45213858,0.480742509,611.004,41026.99,22.3788767,0.481773003,627.3723333,44892.02667,18.61630941,0.474711747,611.004,37344.31667,121.6666667,NA,102,102,1.86562539152438,0.188381413841325,-0.682801464137293,-0.0838786032720019,-0.877238044743787
"2850-57879","2850-57742","2850-57879_2850-57742",1,"CHR",112,"CHR-112",0,11,3.099674315,0,-15,"CHR_112_1",1,NA,0,4,"no",19.28,14.99234629,0.534344994,627.3723333,30074.64667,31.94793453,0.424935289,643.0996667,64087.55667,31.93524427,0.409605816,627.052,64062.1,34.53678132,0.43009849,610.6836667,69280.78333,124.8333333,NA,86.66666667,86.66666667,2.62301643861737,-0.622277296882264,0.57498345156557,1.00179326441291,1.2589386428688,16.98,13.00562645,0.511030769,671.763,26089.28667,26.1463443,0.49002744,625.0783333,52449.56667,26.30566135,0.456120566,609.081,52769.15667,22.8044882,0.51172569,659.167,45745.80333,118,93,92,93,0.54947988828652,-0.300569350889335,0.281967817833205,0.605599739133584,0.0258620257862253
"2850-57879","2850-57742","2850-57879_2850-57742",2,"CHR",112,"CHR-112",0,11,4.311943687,0,-23,"CHR_112_2",1,NA,0,4,"no",19.28,14.99234629,0.534344994,627.3723333,30074.64667,31.94793453,0.424935289,643.0996667,64087.55667,31.93524427,0.409605816,627.052,64062.1,34.53678132,0.43009849,610.6836667,69280.78333,124.8333333,NA,86.66666667,86.66666667,2.62301643861737,-0.622277296882264,0.57498345156557,1.00179326441291,1.2589386428688,16.98,13.00562645,0.511030769,671.763,26089.28667,26.1463443,0.49002744,625.0783333,52449.56667,26.30566135,0.456120566,609.081,52769.15667,22.8044882,0.51172569,659.167,45745.80333,118,93,92,93,0.54947988828652,-0.300569350889335,0.281967817833205,0.605599739133584,0.0258620257862253
"2850-57879","2850-57744","2850-57879_2850-57744",1,"CHR",112,"CHR-112",0,8,13.53171341,8,3,"CHR_112_1",1,NA,0,4,"no",19.28,14.99234629,0.534344994,627.3723333,30074.64667,31.94793453,0.424935289,643.0996667,64087.55667,31.93524427,0.409605816,627.052,64062.1,34.53678132,0.43009849,610.6836667,69280.78333,124.8333333,NA,86.66666667,86.66666667,2.62301643861737,-0.622277296882264,0.57498345156557,1.00179326441291,1.2589386428688,14.77,24.63866733,0.441897015,611.004,49425.16667,20.45419575,0.491736389,610.6836667,41031.11667,20.25567464,0.470934773,627.6863333,40632.88333,16.45550847,0.489979153,643.7406667,33009.75,116,84.5,NA,84.5,-0.693546420327017,2.79355701620318,-0.682452917821725,-0.456677716898191,-1.34317313948584
"2850-57879","2850-57744","2850-57879_2850-57744",2,"CHR",112,"CHR-112",0,11,13.53171341,10,1,"CHR_112_2",1,NA,0,4,"no",19.28,14.99234629,0.534344994,627.3723333,30074.64667,31.94793453,0.424935289,643.0996667,64087.55667,31.93524427,0.409605816,627.052,64062.1,34.53678132,0.43009849,610.6836667,69280.78333,124.8333333,NA,86.66666667,86.66666667,2.62301643861737,-0.622277296882264,0.57498345156557,1.00179326441291,1.2589386428688,14.77,24.63866733,0.441897015,611.004,49425.16667,20.45419575,0.491736389,610.6836667,41031.11667,20.25567464,0.470934773,627.6863333,40632.88333,16.45550847,0.489979153,643.7406667,33009.75,116,84.5,NA,84.5,-0.693546420327017,2.79355701620318,-0.682452917821725,-0.456677716898191,-1.34317313948584
"2850-57879","2850-57745","2850-57879_2850-57745",1,"CHR",112,"CHR-112",0,11,12.42611995,1,-10,"CHR_112_1",1,NA,0,4,"no",19.28,14.99234629,0.534344994,627.3723333,30074.64667,31.94793453,0.424935289,643.0996667,64087.55667,31.93524427,0.409605816,627.052,64062.1,34.53678132,0.43009849,610.6836667,69280.78333,124.8333333,NA,86.66666667,86.66666667,2.62301643861737,-0.622277296882264,0.57498345156557,1.00179326441291,1.2589386428688,16.33,11.89491525,0.520998035,667.1156667,23861.2,19.28173812,0.496153459,634.065,38679.16667,21.88407444,0.484884869,657.7393333,43899.45333,26.3850565,0.474305256,645.4026667,52928.42333,118,85,86,85,-0.620427225702691,-0.59599346618265,-0.881102415479132,-0.170757684365318,0.797942599802867
"2850-57879","2850-57745","2850-57879_2850-57745",2,"CHR",112,"CHR-112",0,11,11.82419288,0,-29,"CHR_112_2",1,NA,0,4,"no",19.28,14.99234629,0.534344994,627.3723333,30074.64667,31.94793453,0.424935289,643.0996667,64087.55667,31.93524427,0.409605816,627.052,64062.1,34.53678132,0.43009849,610.6836667,69280.78333,124.8333333,NA,86.66666667,86.66666667,2.62301643861737,-0.622277296882264,0.57498345156557,1.00179326441291,1.2589386428688,16.33,11.89491525,0.520998035,667.1156667,23861.2,19.28173812,0.496153459,634.065,38679.16667,21.88407444,0.484884869,657.7393333,43899.45333,26.3850565,0.474305256,645.4026667,52928.42333,118,85,86,85,-0.620427225702691,-0.59599346618265,-0.881102415479132,-0.170757684365318,0.797942599802867
"2850-57879","2850-57806","2850-57879_2850-57806",1,"CHR",112,"CHR-112",0,11,7.192032508,0,-18,"CHR_112_1",1,NA,0,4,"no",19.28,14.99234629,0.534344994,627.3723333,30074.64667,31.94793453,0.424935289,643.0996667,64087.55667,31.93524427,0.409605816,627.052,64062.1,34.53678132,0.43009849,610.6836667,69280.78333,124.8333333,NA,86.66666667,86.66666667,2.62301643861737,-0.622277296882264,0.57498345156557,1.00179326441291,1.2589386428688,15.88,11.25502825,0.516086951,669.4676667,22577.58667,14.26422898,0.518970434,659.167,28614.04333,18.0460319,0.470292612,659.167,36200.34,17.57589232,0.493413321,659.167,35257.24,120.1666667,83.83333333,86,83.83333333,-0.791038680313578,-0.766188968724348,-1.73121899508845,-0.844654382153754,-1.1015839465002
"2850-57879","2850-57806","2850-57879_2850-57806",2,"CHR",112,"CHR-112",0,11,8.702820146,0,-20,"CHR_112_2",1,NA,0,4,"no",19.28,14.99234629,0.534344994,627.3723333,30074.64667,31.94793453,0.424935289,643.0996667,64087.55667,31.93524427,0.409605816,627.052,64062.1,34.53678132,0.43009849,610.6836667,69280.78333,124.8333333,NA,86.66666667,86.66666667,2.62301643861737,-0.622277296882264,0.57498345156557,1.00179326441291,1.2589386428688,15.88,11.25502825,0.516086951,669.4676667,22577.58667,14.26422898,0.518970434,659.167,28614.04333,18.0460319,0.470292612,659.167,36200.34,17.57589232,0.493413321,659.167,35257.24,120.1666667,83.83333333,86,83.83333333,-0.791038680313578,-0.766188968724348,-1.73121899508845,-0.844654382153754,-1.1015839465002
"2850-57879","2850-57808","2850-57879_2850-57808",1,"CHR",112,"CHR-112",0,11,3.546625264,0,-18,"CHR_112_1",1,NA,0,4,"no",19.28,14.99234629,0.534344994,627.3723333,30074.64667,31.94793453,0.424935289,643.0996667,64087.55667,31.93524427,0.409605816,627.052,64062.1,34.53678132,0.43009849,610.6836667,69280.78333,124.8333333,NA,86.66666667,86.66666667,2.62301643861737,-0.622277296882264,0.57498345156557,1.00179326441291,1.2589386428688,17.44,11.46748421,0.514088925,678.7753333,23003.77333,15.37756564,0.515459018,659.167,30847.39667,20.6164008,0.49573159,641.3963333,41356.5,18.7548222,0.472216787,642.151,37622.17333,120.5,NA,100,100,1.57314861302708,-0.709680477568599,-1.54258636344907,-0.393340178166818,-0.847370430038086
"2850-57879","2850-57808","2850-57879_2850-57808",2,"CHR",112,"CHR-112",0,11,3.77388294,0,-24,"CHR_112_2",1,NA,0,4,"no",19.28,14.99234629,0.534344994,627.3723333,30074.64667,31.94793453,0.424935289,643.0996667,64087.55667,31.93524427,0.409605816,627.052,64062.1,34.53678132,0.43009849,610.6836667,69280.78333,124.8333333,NA,86.66666667,86.66666667,2.62301643861737,-0.622277296882264,0.57498345156557,1.00179326441291,1.2589386428688,17.44,11.46748421,0.514088925,678.7753333,23003.77333,15.37756564,0.515459018,659.167,30847.39667,20.6164008,0.49573159,641.3963333,41356.5,18.7548222,0.472216787,642.151,37622.17333,120.5,NA,100,100,1.57314861302708,-0.709680477568599,-1.54258636344907,-0.393340178166818,-0.847370430038086
"2850-57879","2850-57881","2850-57879_2850-57881",1,"CHR",112,"CHR-112",0,11,6.536178806,0,-13,"CHR_112_1",1,NA,0,4,"no",19.28,14.99234629,0.534344994,627.3723333,30074.64667,31.94793453,0.424935289,643.0996667,64087.55667,31.93524427,0.409605816,627.052,64062.1,34.53678132,0.43009849,610.6836667,69280.78333,124.8333333,NA,86.66666667,86.66666667,2.62301643861737,-0.622277296882264,0.57498345156557,1.00179326441291,1.2589386428688,16.55,11.73463277,0.535560863,644.7453333,23539.67333,21.93833167,0.494146676,611.004,44008.29333,26.56095214,0.438684751,643.7343333,53281.27,31.59365071,0.464706779,610.6836667,63376.86333,119.6666667,84.83333333,85.83333333,84.83333333,-0.644800291064927,-0.638624988986254,-0.430995767115722,0.650424573294177,1.92107559728725
"2850-57879","2850-57881","2850-57879_2850-57881",2,"CHR",112,"CHR-112",0,11,6.62356231,0,-10,"CHR_112_2",1,NA,0,4,"no",19.28,14.99234629,0.534344994,627.3723333,30074.64667,31.94793453,0.424935289,643.0996667,64087.55667,31.93524427,0.409605816,627.052,64062.1,34.53678132,0.43009849,610.6836667,69280.78333,124.8333333,NA,86.66666667,86.66666667,2.62301643861737,-0.622277296882264,0.57498345156557,1.00179326441291,1.2589386428688,16.55,11.73463277,0.535560863,644.7453333,23539.67333,21.93833167,0.494146676,611.004,44008.29333,26.56095214,0.438684751,643.7343333,53281.27,31.59365071,0.464706779,610.6836667,63376.86333,119.6666667,84.83333333,85.83333333,84.83333333,-0.644800291064927,-0.638624988986254,-0.430995767115722,0.650424573294177,1.92107559728725
"2850-57883","2640-97588","2850-57883_2640-97588",1,"CHR",99,"CHR-99",0,11,9.910183806,0,-23,"CHR_99_1",1,NA,0,4,"no",16.69,20.88361083,0.477014322,659.167,41892.52333,25.27007145,0.443795535,598.4333333,50691.76333,28.1415786,0.420426057,606.3786667,56452.00667,31.36723164,0.437279716,632.7336667,62922.66667,118,77.83333333,NA,77.83333333,0.319546896736232,1.06865720429612,-0.524728902064049,0.334561126329748,0.730665646512578,18.7,11.85018943,0.544837496,653.7273333,23771.48,14.45612662,0.507893605,610.6836667,28998.99,21.21705716,0.471668493,610.6836667,42561.41667,27.50362745,0.462396686,637.0386667,55172.27667,119,87,85,87,-0.327950447205388,-0.607889525035993,-1.69870577771304,-0.287874870450448,1.03914087582914
"2850-57883","2640-97588","2850-57883_2640-97588",2,"CHR",99,"CHR-99",0,10,9.910183806,0,-25,"CHR_99_2",1,NA,0,4,"no",16.69,20.88361083,0.477014322,659.167,41892.52333,25.27007145,0.443795535,598.4333333,50691.76333,28.1415786,0.420426057,606.3786667,56452.00667,31.36723164,0.437279716,632.7336667,62922.66667,118,77.83333333,NA,77.83333333,0.319546896736232,1.06865720429612,-0.524728902064049,0.334561126329748,0.730665646512578,18.7,11.85018943,0.544837496,653.7273333,23771.48,14.45612662,0.507893605,610.6836667,28998.99,21.21705716,0.471668493,610.6836667,42561.41667,27.50362745,0.462396686,637.0386667,55172.27667,119,87,85,87,-0.327950447205388,-0.607889525035993,-1.69870577771304,-0.287874870450448,1.03914087582914
"2850-57883","2640-97589","2850-57883_2640-97589",1,"CHR",99,"CHR-99",0,11,2.609073064,0,-21,"CHR_99_1",1,NA,0,4,"no",16.69,20.88361083,0.477014322,659.167,41892.52333,25.27007145,0.443795535,598.4333333,50691.76333,28.1415786,0.420426057,606.3786667,56452.00667,31.36723164,0.437279716,632.7336667,62922.66667,118,77.83333333,NA,77.83333333,0.319546896736232,1.06865720429612,-0.524728902064049,0.334561126329748,0.730665646512578,16.1,11.8153556,0.523609389,681.183,23701.60333,16.91354271,0.528785659,657.7393333,33928.56667,18.6526321,0.480672665,627.3723333,37417.18,20.65218677,0.48363622,650.113,41428.28667,119,99.66666667,98,99.66666667,1.52440248376499,-0.617154537768401,-1.28234576663637,-0.738145434585443,-0.438240313367936
"2850-57883","2640-97589","2850-57883_2640-97589",2,"CHR",99,"CHR-99",0,10,2.609073064,0,-22,"CHR_99_2",1,"ep_same",2,4,"yes",16.69,20.88361083,0.477014322,659.167,41892.52333,25.27007145,0.443795535,598.4333333,50691.76333,28.1415786,0.420426057,606.3786667,56452.00667,31.36723164,0.437279716,632.7336667,62922.66667,118,77.83333333,NA,77.83333333,0.319546896736232,1.06865720429612,-0.524728902064049,0.334561126329748,0.730665646512578,16.1,11.8153556,0.523609389,681.183,23701.60333,16.91354271,0.528785659,657.7393333,33928.56667,18.6526321,0.480672665,627.3723333,37417.18,20.65218677,0.48363622,650.113,41428.28667,119,99.66666667,98,99.66666667,1.52440248376499,-0.617154537768401,-1.28234576663637,-0.738145434585443,-0.438240313367936
"2850-57883","2811-83208","2850-57883_2811-83208",1,"CHR",99,"CHR-99",0,11,18.78723311,4,-6,"CHR_99_1",1,NA,0,4,"no",16.69,20.88361083,0.477014322,659.167,41892.52333,25.27007145,0.443795535,598.4333333,50691.76333,28.1415786,0.420426057,606.3786667,56452.00667,31.36723164,0.437279716,632.7336667,62922.66667,118,77.83333333,NA,77.83333333,0.319546896736232,1.06865720429612,-0.524728902064049,0.334561126329748,0.730665646512578,16.9,18.73416916,0.484585352,611.004,37580.74333,21.00459455,0.486882121,610.6836667,42135.21667,26.39878531,0.450512144,610.6836667,52955.96333,23.23742606,0.475660646,611.004,46614.27667,118,87,89.5,87,-0.327950447205388,1.22309374175052,-0.589198848477454,0.621950764031026,0.119216734719535
"2850-57883","2811-83208","2850-57883_2811-83208",2,"CHR",99,"CHR-99",0,10,18.78723311,3,-7,"CHR_99_2",1,NA,0,4,"no",16.69,20.88361083,0.477014322,659.167,41892.52333,25.27007145,0.443795535,598.4333333,50691.76333,28.1415786,0.420426057,606.3786667,56452.00667,31.36723164,0.437279716,632.7336667,62922.66667,118,77.83333333,NA,77.83333333,0.319546896736232,1.06865720429612,-0.524728902064049,0.334561126329748,0.730665646512578,16.9,18.73416916,0.484585352,611.004,37580.74333,21.00459455,0.486882121,610.6836667,42135.21667,26.39878531,0.450512144,610.6836667,52955.96333,23.23742606,0.475660646,611.004,46614.27667,118,87,89.5,87,-0.327950447205388,1.22309374175052,-0.589198848477454,0.621950764031026,0.119216734719535
"2850-57883","2850-57567","2850-57883_2850-57567",1,"CHR",99,"CHR-99",0,11,6.959151179,3,-8,"CHR_99_1",1,NA,0,4,"no",16.69,20.88361083,0.477014322,659.167,41892.52333,25.27007145,0.443795535,598.4333333,50691.76333,28.1415786,0.420426057,606.3786667,56452.00667,31.36723164,0.437279716,632.7336667,62922.66667,118,77.83333333,NA,77.83333333,0.319546896736232,1.06865720429612,-0.524728902064049,0.334561126329748,0.730665646512578,16.6,10.56012296,0.52180729,667.1156667,21183.60667,26.35612994,0.49271154,611.3883333,52870.39667,22.28285809,0.48721335,606.0566667,44699.41333,16.73888169,0.511359264,628.0706667,33578.19667,121.5,102.1666667,102.5,102.1666667,1.88999846127377,-0.951018094883241,0.317511799070068,-0.100737880763292,-1.28206916379613
"2850-57883","2850-57567","2850-57883_2850-57567",2,"CHR",99,"CHR-99",0,0,6.959151179,0,-58,"CHR_99_2",1,NA,0,4,"no",16.69,20.88361083,0.477014322,659.167,41892.52333,25.27007145,0.443795535,598.4333333,50691.76333,28.1415786,0.420426057,606.3786667,56452.00667,31.36723164,0.437279716,632.7336667,62922.66667,118,77.83333333,NA,77.83333333,0.319546896736232,1.06865720429612,-0.524728902064049,0.334561126329748,0.730665646512578,16.6,10.56012296,0.52180729,667.1156667,21183.60667,26.35612994,0.49271154,611.3883333,52870.39667,22.28285809,0.48721335,606.0566667,44699.41333,16.73888169,0.511359264,628.0706667,33578.19667,121.5,102.1666667,102.5,102.1666667,1.88999846127377,-0.951018094883241,0.317511799070068,-0.100737880763292,-1.28206916379613
"2850-57883","2850-57570","2850-57883_2850-57570",1,"CHR",99,"CHR-99",0,7,4.127994156,7,4,"CHR_99_1",1,NA,0,4,"no",16.69,20.88361083,0.477014322,659.167,41892.52333,25.27007145,0.443795535,598.4333333,50691.76333,28.1415786,0.420426057,606.3786667,56452.00667,31.36723164,0.437279716,632.7336667,62922.66667,118,77.83333333,NA,77.83333333,0.319546896736232,1.06865720429612,-0.524728902064049,0.334561126329748,0.730665646512578,16.51,16.84077767,0.501161039,611.004,33782.6,23.06811898,0.49586693,611.004,46274.64667,25.67366733,0.443766873,611.004,51501.37667,19.07592556,0.494641169,627.6863333,38266.30667,121.5,90,NA,90,0.110764720540566,0.719494330997171,-0.239575901827104,0.494632057389222,-0.778130676530947
"2850-57883","2850-57570","2850-57883_2850-57570",2,"CHR",99,"CHR-99",0,10,6.577697441,0,-26,"CHR_99_2",1,NA,0,4,"no",16.69,20.88361083,0.477014322,659.167,41892.52333,25.27007145,0.443795535,598.4333333,50691.76333,28.1415786,0.420426057,606.3786667,56452.00667,31.36723164,0.437279716,632.7336667,62922.66667,118,77.83333333,NA,77.83333333,0.319546896736232,1.06865720429612,-0.524728902064049,0.334561126329748,0.730665646512578,16.51,16.84077767,0.501161039,611.004,33782.6,23.06811898,0.49586693,611.004,46274.64667,25.67366733,0.443766873,611.004,51501.37667,19.07592556,0.494641169,627.6863333,38266.30667,121.5,90,NA,90,0.110764720540566,0.719494330997171,-0.239575901827104,0.494632057389222,-0.778130676530947
"2850-57883","2850-57577","2850-57883_2850-57577",1,"CHR",99,"CHR-99",0,7,10.85140017,7,4,"CHR_99_1",1,NA,0,4,"no",16.69,20.88361083,0.477014322,659.167,41892.52333,25.27007145,0.443795535,598.4333333,50691.76333,28.1415786,0.420426057,606.3786667,56452.00667,31.36723164,0.437279716,632.7336667,62922.66667,118,77.83333333,NA,77.83333333,0.319546896736232,1.06865720429612,-0.524728902064049,0.334561126329748,0.730665646512578,18.2,20.92472416,0.512057073,676.164,41974.99667,28.83623131,0.475799583,625.399,57845.48,28.80829345,0.443602398,627.1216667,57789.43667,29.54534563,0.455136562,636.0576667,59267.96333,119,90.83333333,91.16666667,90.83333333,0.232630044426981,1.80573194047972,0.737715377164354,1.04502048301344,1.47939806751422
"2850-57883","2850-57577","2850-57883_2850-57577",2,"CHR",99,"CHR-99",0,10,11.24600998,7,3,"CHR_99_2",1,NA,0,4,"no",16.69,20.88361083,0.477014322,659.167,41892.52333,25.27007145,0.443795535,598.4333333,50691.76333,28.1415786,0.420426057,606.3786667,56452.00667,31.36723164,0.437279716,632.7336667,62922.66667,118,77.83333333,NA,77.83333333,0.319546896736232,1.06865720429612,-0.524728902064049,0.334561126329748,0.730665646512578,18.2,20.92472416,0.512057073,676.164,41974.99667,28.83623131,0.475799583,625.399,57845.48,28.80829345,0.443602398,627.1216667,57789.43667,29.54534563,0.455136562,636.0576667,59267.96333,119,90.83333333,91.16666667,90.83333333,0.232630044426981,1.80573194047972,0.737715377164354,1.04502048301344,1.47939806751422
"2850-57883","2850-57578","2850-57883_2850-57578",1,"CHR",99,"CHR-99",1,11,0.08,11,0,"CHR_99_1",1,"wp",4,4,"yes",16.69,20.88361083,0.477014322,659.167,41892.52333,25.27007145,0.443795535,598.4333333,50691.76333,28.1415786,0.420426057,606.3786667,56452.00667,31.36723164,0.437279716,632.7336667,62922.66667,118,77.83333333,NA,77.83333333,0.319546896736232,1.06865720429612,-0.524728902064049,0.334561126329748,0.730665646512578,17.2,10.81633932,0.556799001,678.4426667,21697.57667,15.67680791,0.517385329,657.4626667,31447.67667,20.72179628,0.496782872,642.7923333,41567.92333,11.67128448,0.547842632,659.167,23412.59667,119,91.5,91.5,91.5,0.330122304413543,-0.882870324808829,-1.49188574528399,-0.374834477619313,-2.37479887454678
"2850-57883","2850-57578","2850-57883_2850-57578",2,"CHR",99,"CHR-99",1,10,0.08,10,0,"CHR_99_2",1,"wp",2,4,"yes",16.69,20.88361083,0.477014322,659.167,41892.52333,25.27007145,0.443795535,598.4333333,50691.76333,28.1415786,0.420426057,606.3786667,56452.00667,31.36723164,0.437279716,632.7336667,62922.66667,118,77.83333333,NA,77.83333333,0.319546896736232,1.06865720429612,-0.524728902064049,0.334561126329748,0.730665646512578,17.2,10.81633932,0.556799001,678.4426667,21697.57667,15.67680791,0.517385329,657.4626667,31447.67667,20.72179628,0.496782872,642.7923333,41567.92333,11.67128448,0.547842632,659.167,23412.59667,119,91.5,91.5,91.5,0.330122304413543,-0.882870324808829,-1.49188574528399,-0.374834477619313,-2.37479887454678
"2850-57883","2850-57579","2850-57883_2850-57579",1,"CHR",99,"CHR-99",0,11,7.747253326,0,12,"CHR_99_1",1,NA,0,4,"no",16.69,20.88361083,0.477014322,659.167,41892.52333,25.27007145,0.443795535,598.4333333,50691.76333,28.1415786,0.420426057,606.3786667,56452.00667,31.36723164,0.437279716,632.7336667,62922.66667,118,77.83333333,NA,77.83333333,0.319546896736232,1.06865720429612,-0.524728902064049,0.334561126329748,0.730665646512578,16.3,11.31949153,0.533256519,660.737,22706.9,24.77905949,0.48852106,617.005,49706.79333,18.07848455,0.49353373,627.3723333,36265.44,24.4043104,0.499147361,611.004,48955.04667,118.5,93.5,92,93.5,0.622599082910845,-0.749043190899379,0.0503087508346794,-0.838956234350139,0.37083286253875
"2850-57883","2850-57579","2850-57883_2850-57579",2,"CHR",99,"CHR-99",0,4,9.016913962,0,-38,"CHR_99_2",1,NA,0,4,"no",16.69,20.88361083,0.477014322,659.167,41892.52333,25.27007145,0.443795535,598.4333333,50691.76333,28.1415786,0.420426057,606.3786667,56452.00667,31.36723164,0.437279716,632.7336667,62922.66667,118,77.83333333,NA,77.83333333,0.319546896736232,1.06865720429612,-0.524728902064049,0.334561126329748,0.730665646512578,16.3,11.31949153,0.533256519,660.737,22706.9,24.77905949,0.48852106,617.005,49706.79333,18.07848455,0.49353373,627.3723333,36265.44,24.4043104,0.499147361,611.004,48955.04667,118.5,93.5,92,93.5,0.622599082910845,-0.749043190899379,0.0503087508346794,-0.838956234350139,0.37083286253875
"2850-57883","2850-57580","2850-57883_2850-57580",1,"CHR",99,"CHR-99",0,11,13.62674793,5,-5,"CHR_99_1",1,NA,0,4,"no",16.69,20.88361083,0.477014322,659.167,41892.52333,25.27007145,0.443795535,598.4333333,50691.76333,28.1415786,0.420426057,606.3786667,56452.00667,31.36723164,0.437279716,632.7336667,62922.66667,118,77.83333333,NA,77.83333333,0.319546896736232,1.06865720429612,-0.524728902064049,0.334561126329748,0.730665646512578,16.2,9.142844799,0.560214832,667.427,18340.54667,27.48113161,0.465556814,625.399,55127.15,22.9424111,0.468469624,647.108,46022.47667,30.74621137,0.465611781,608.7603333,61676.9,117.5,87.83333333,NA,87.83333333,-0.206085123318973,-1.32798210392354,0.508120833367745,0.0150687031458652,1.73834162958958
"2850-57883","2850-57580","2850-57883_2850-57580",2,"CHR",99,"CHR-99",0,0,13.62674793,0,-55,"CHR_99_2",1,NA,0,4,"no",16.69,20.88361083,0.477014322,659.167,41892.52333,25.27007145,0.443795535,598.4333333,50691.76333,28.1415786,0.420426057,606.3786667,56452.00667,31.36723164,0.437279716,632.7336667,62922.66667,118,77.83333333,NA,77.83333333,0.319546896736232,1.06865720429612,-0.524728902064049,0.334561126329748,0.730665646512578,16.2,9.142844799,0.560214832,667.427,18340.54667,27.48113161,0.465556814,625.399,55127.15,22.9424111,0.468469624,647.108,46022.47667,30.74621137,0.465611781,608.7603333,61676.9,117.5,87.83333333,NA,87.83333333,-0.206085123318973,-1.32798210392354,0.508120833367745,0.0150687031458652,1.73834162958958
"2850-57883","2850-57581","2850-57883_2850-57581",1,"CHR",99,"CHR-99",0,11,13.25550717,0,-15,"CHR_99_1",1,NA,0,4,"no",16.69,20.88361083,0.477014322,659.167,41892.52333,25.27007145,0.443795535,598.4333333,50691.76333,28.1415786,0.420426057,606.3786667,56452.00667,31.36723164,0.437279716,632.7336667,62922.66667,118,77.83333333,NA,77.83333333,0.319546896736232,1.06865720429612,-0.524728902064049,0.334561126329748,0.730665646512578,15.5,12.5018158,0.557442636,674.1035,25078.6425,18.94245264,0.521103483,641.0916667,37998.56,27.0381655,0.472765016,616.0483333,54238.56,19.62838485,0.524143762,664.102,39374.54,116,82.5,83,82.5,-0.986023198824319,-0.434571614980667,-0.938587554762546,0.734215334884986,-0.659003473806166
"2850-57883","2850-57581","2850-57883_2850-57581",2,"CHR",99,"CHR-99",0,10,15.1632651,0,-16,"CHR_99_2",1,NA,0,4,"no",16.69,20.88361083,0.477014322,659.167,41892.52333,25.27007145,0.443795535,598.4333333,50691.76333,28.1415786,0.420426057,606.3786667,56452.00667,31.36723164,0.437279716,632.7336667,62922.66667,118,77.83333333,NA,77.83333333,0.319546896736232,1.06865720429612,-0.524728902064049,0.334561126329748,0.730665646512578,15.5,12.5018158,0.557442636,674.1035,25078.6425,18.94245264,0.521103483,641.0916667,37998.56,27.0381655,0.472765016,616.0483333,54238.56,19.62838485,0.524143762,664.102,39374.54,116,82.5,83,82.5,-0.986023198824319,-0.434571614980667,-0.938587554762546,0.734215334884986,-0.659003473806166
"2850-57883","2850-57582","2850-57883_2850-57582",1,"CHR",99,"CHR-99",0,11,15.55435752,3,-7,"CHR_99_1",1,NA,0,4,"no",16.69,20.88361083,0.477014322,659.167,41892.52333,25.27007145,0.443795535,598.4333333,50691.76333,28.1415786,0.420426057,606.3786667,56452.00667,31.36723164,0.437279716,632.7336667,62922.66667,118,77.83333333,NA,77.83333333,0.319546896736232,1.06865720429612,-0.524728902064049,0.334561126329748,0.730665646512578,15.9,NA,NA,NA,NA,28.49882187,0.467628455,626.7313333,57168.63667,24.79582419,0.471185748,627.0583333,49740.42333,10.86734629,0.526212895,643.7406667,21799.89667,118,88.5,86,88.5,-0.108592863332411,NA,0.68054809534039,0.340497342347155,-2.54815265729939
"2850-57883","2850-57582","2850-57883_2850-57582",2,"CHR",99,"CHR-99",0,10,15.10064052,6,-5,"CHR_99_2",1,NA,0,4,"no",16.69,20.88361083,0.477014322,659.167,41892.52333,25.27007145,0.443795535,598.4333333,50691.76333,28.1415786,0.420426057,606.3786667,56452.00667,31.36723164,0.437279716,632.7336667,62922.66667,118,77.83333333,NA,77.83333333,0.319546896736232,1.06865720429612,-0.524728902064049,0.334561126329748,0.730665646512578,15.9,NA,NA,NA,NA,28.49882187,0.467628455,626.7313333,57168.63667,24.79582419,0.471185748,627.0583333,49740.42333,10.86734629,0.526212895,643.7406667,21799.89667,118,88.5,86,88.5,-0.108592863332411,NA,0.68054809534039,0.340497342347155,-2.54815265729939
"2850-57883","2850-57589","2850-57883_2850-57589",1,"CHR",99,"CHR-99",0,11,8.114828014,2,-9,"CHR_99_1",1,NA,0,4,"no",16.69,20.88361083,0.477014322,659.167,41892.52333,25.27007145,0.443795535,598.4333333,50691.76333,28.1415786,0.420426057,606.3786667,56452.00667,31.36723164,0.437279716,632.7336667,62922.66667,118,77.83333333,NA,77.83333333,0.319546896736232,1.06865720429612,-0.524728902064049,0.334561126329748,0.730665646512578,17.5,12.65077601,0.531237153,675.7903333,25377.45667,16.92662014,0.501144529,627.3723333,33954.8,19.27879528,0.490091496,643.7406667,38673.26333,19.52571951,0.519492939,627.6863333,39168.59333,119.8333333,97,96.5,97,1.13443344528112,-0.394951560502818,-1.28013005765578,-0.628201551764721,-0.681141276522795
"2850-57883","2850-57589","2850-57883_2850-57589",2,"CHR",99,"CHR-99",0,10,9.577634021,4,-6,"CHR_99_2",1,NA,0,4,"no",16.69,20.88361083,0.477014322,659.167,41892.52333,25.27007145,0.443795535,598.4333333,50691.76333,28.1415786,0.420426057,606.3786667,56452.00667,31.36723164,0.437279716,632.7336667,62922.66667,118,77.83333333,NA,77.83333333,0.319546896736232,1.06865720429612,-0.524728902064049,0.334561126329748,0.730665646512578,17.5,12.65077601,0.531237153,675.7903333,25377.45667,16.92662014,0.501144529,627.3723333,33954.8,19.27879528,0.490091496,643.7406667,38673.26333,19.52571951,0.519492939,627.6863333,39168.59333,119.8333333,97,96.5,97,1.13443344528112,-0.394951560502818,-1.28013005765578,-0.628201551764721,-0.681141276522795
"2850-57883","2850-57620","2850-57883_2850-57620",1,"CHR",99,"CHR-99",0,11,2.738914154,4,-6,"CHR_99_1",1,NA,0,4,"no",16.69,20.88361083,0.477014322,659.167,41892.52333,25.27007145,0.443795535,598.4333333,50691.76333,28.1415786,0.420426057,606.3786667,56452.00667,31.36723164,0.437279716,632.7336667,62922.66667,118,77.83333333,NA,77.83333333,0.319546896736232,1.06865720429612,-0.524728902064049,0.334561126329748,0.730665646512578,18.2,8.903889997,0.510576941,627.6863333,17861.20333,21.60838485,0.492100236,611.004,43346.42,22.72290794,0.464821292,611.004,45582.15333,21.84048023,0.466018925,627.6863333,43812.00333,121,87,84,87,-0.327950447205388,-1.39153868908802,-0.486898657224134,-0.0234724159627646,-0.182007721268793
"2850-57883","2850-57620","2850-57883_2850-57620",2,"CHR",99,"CHR-99",0,10,2.738914154,3,-7,"CHR_99_2",1,NA,0,4,"no",16.69,20.88361083,0.477014322,659.167,41892.52333,25.27007145,0.443795535,598.4333333,50691.76333,28.1415786,0.420426057,606.3786667,56452.00667,31.36723164,0.437279716,632.7336667,62922.66667,118,77.83333333,NA,77.83333333,0.319546896736232,1.06865720429612,-0.524728902064049,0.334561126329748,0.730665646512578,18.2,8.903889997,0.510576941,627.6863333,17861.20333,21.60838485,0.492100236,611.004,43346.42,22.72290794,0.464821292,611.004,45582.15333,21.84048023,0.466018925,627.6863333,43812.00333,121,87,84,87,-0.327950447205388,-1.39153868908802,-0.486898657224134,-0.0234724159627646,-0.182007721268793
"2850-57883","2850-57647","2850-57883_2850-57647",1,"CHR",99,"CHR-99",0,11,2.683141701,10,-1,"CHR_99_1",1,NA,0,4,"no",16.69,20.88361083,0.477014322,659.167,41892.52333,25.27007145,0.443795535,598.4333333,50691.76333,28.1415786,0.420426057,606.3786667,56452.00667,31.36723164,0.437279716,632.7336667,62922.66667,118,77.83333333,NA,77.83333333,0.319546896736232,1.06865720429612,-0.524728902064049,0.334561126329748,0.730665646512578,15.8,12.89783981,0.543297932,643.7406667,25873.06667,28.1838767,0.473800388,617.439,56536.85667,25.45478232,0.436115595,638.1653333,51062.29333,20.55910934,0.502370676,626.097,41241.57333,122.1666667,85.83333333,87.33333333,85.83333333,-0.498561901816276,-0.329238164855052,0.627186934809475,0.456199475181733,-0.458310668004767
"2850-57883","2850-57647","2850-57883_2850-57647",2,"CHR",99,"CHR-99",0,10,2.683141701,7,3,"CHR_99_2",1,NA,0,4,"no",16.69,20.88361083,0.477014322,659.167,41892.52333,25.27007145,0.443795535,598.4333333,50691.76333,28.1415786,0.420426057,606.3786667,56452.00667,31.36723164,0.437279716,632.7336667,62922.66667,118,77.83333333,NA,77.83333333,0.319546896736232,1.06865720429612,-0.524728902064049,0.334561126329748,0.730665646512578,15.8,12.89783981,0.543297932,643.7406667,25873.06667,28.1838767,0.473800388,617.439,56536.85667,25.45478232,0.436115595,638.1653333,51062.29333,20.55910934,0.502370676,626.097,41241.57333,122.1666667,85.83333333,87.33333333,85.83333333,-0.498561901816276,-0.329238164855052,0.627186934809475,0.456199475181733,-0.458310668004767
"2850-57883","2850-57653","2850-57883_2850-57653",1,"CHR",99,"CHR-99",0,11,10.76603077,4,-6,"CHR_99_1",1,NA,0,4,"no",16.69,20.88361083,0.477014322,659.167,41892.52333,25.27007145,0.443795535,598.4333333,50691.76333,28.1415786,0.420426057,606.3786667,56452.00667,31.36723164,0.437279716,632.7336667,62922.66667,118,77.83333333,NA,77.83333333,0.319546896736232,1.06865720429612,-0.524728902064049,0.334561126329748,0.730665646512578,16.37,8.467490861,0.535457505,660.1716667,16985.78667,27.15053506,0.465647634,659.167,54463.97333,21.8547225,0.470898637,665.8,43840.57333,15.40861914,0.497215455,659.167,30909.69,119.3333333,78,76.33333333,78,-1.64409595044325,-1.50761101163916,0.452107859504655,-0.175911398852204,-1.56891465511013
"2850-57883","2850-57653","2850-57883_2850-57653",2,"CHR",99,"CHR-99",0,10,12.97952929,0,-23,"CHR_99_2",1,NA,0,4,"no",16.69,20.88361083,0.477014322,659.167,41892.52333,25.27007145,0.443795535,598.4333333,50691.76333,28.1415786,0.420426057,606.3786667,56452.00667,31.36723164,0.437279716,632.7336667,62922.66667,118,77.83333333,NA,77.83333333,0.319546896736232,1.06865720429612,-0.524728902064049,0.334561126329748,0.730665646512578,16.37,8.467490861,0.535457505,660.1716667,16985.78667,27.15053506,0.465647634,659.167,54463.97333,21.8547225,0.470898637,665.8,43840.57333,15.40861914,0.497215455,659.167,30909.69,119.3333333,78,76.33333333,78,-1.64409595044325,-1.50761101163916,0.452107859504655,-0.175911398852204,-1.56891465511013
"2850-57883","2850-57669","2850-57883_2850-57669",1,"CHR",99,"CHR-99",0,11,1.525611055,5,-6,"CHR_99_1",1,NA,0,4,"no",16.69,20.88361083,0.477014322,659.167,41892.52333,25.27007145,0.443795535,598.4333333,50691.76333,28.1415786,0.420426057,606.3786667,56452.00667,31.36723164,0.437279716,632.7336667,62922.66667,118,77.83333333,NA,77.83333333,0.319546896736232,1.06865720429612,-0.524728902064049,0.334561126329748,0.730665646512578,17.82,14.07982054,0.504204618,611.004,28244.12,27.72719176,0.47617904,611.004,55620.74667,17.24374875,0.494612283,611.004,34590.96,18.57412762,0.508699718,611.004,37259.7,123.8333333,89.66666667,90,89.66666667,0.0620185912784761,-0.0148579628241403,0.549810804877425,-0.985522014505819,-0.886333735122392
"2850-57883","2850-57669","2850-57883_2850-57669",2,"CHR",99,"CHR-99",0,10,3.632665505,9,-2,"CHR_99_2",1,NA,0,4,"no",16.69,20.88361083,0.477014322,659.167,41892.52333,25.27007145,0.443795535,598.4333333,50691.76333,28.1415786,0.420426057,606.3786667,56452.00667,31.36723164,0.437279716,632.7336667,62922.66667,118,77.83333333,NA,77.83333333,0.319546896736232,1.06865720429612,-0.524728902064049,0.334561126329748,0.730665646512578,17.82,14.07982054,0.504204618,611.004,28244.12,27.72719176,0.47617904,611.004,55620.74667,17.24374875,0.494612283,611.004,34590.96,18.57412762,0.508699718,611.004,37259.7,123.8333333,89.66666667,90,89.66666667,0.0620185912784761,-0.0148579628241403,0.549810804877425,-0.985522014505819,-0.886333735122392
"2850-57883","2850-57671","2850-57883_2850-57671",1,"CHR",99,"CHR-99",0,11,18.36382867,9,-2,"CHR_99_1",1,NA,0,4,"no",16.69,20.88361083,0.477014322,659.167,41892.52333,25.27007145,0.443795535,598.4333333,50691.76333,28.1415786,0.420426057,606.3786667,56452.00667,31.36723164,0.437279716,632.7336667,62922.66667,118,77.83333333,NA,77.83333333,0.319546896736232,1.06865720429612,-0.524728902064049,0.334561126329748,0.730665646512578,17.53,16.28350449,0.48181303,667.733,32664.71,28.84180791,0.479499655,593.4133333,57856.66667,23.68146062,0.459973843,641.034,47505.01,25.7482569,0.475226128,607.0326667,51651.00333,117.8333333,75.83333333,83.16666667,75.83333333,-1.96094579430279,0.571272240341928,0.738660220509044,0.144833557453636,0.660629034048076
"2850-57883","2850-57671","2850-57883_2850-57671",2,"CHR",99,"CHR-99",0,0,18.36382867,0,-52,"CHR_99_2",1,NA,0,4,"no",16.69,20.88361083,0.477014322,659.167,41892.52333,25.27007145,0.443795535,598.4333333,50691.76333,28.1415786,0.420426057,606.3786667,56452.00667,31.36723164,0.437279716,632.7336667,62922.66667,118,77.83333333,NA,77.83333333,0.319546896736232,1.06865720429612,-0.524728902064049,0.334561126329748,0.730665646512578,17.53,16.28350449,0.48181303,667.733,32664.71,28.84180791,0.479499655,593.4133333,57856.66667,23.68146062,0.459973843,641.034,47505.01,25.7482569,0.475226128,607.0326667,51651.00333,117.8333333,75.83333333,83.16666667,75.83333333,-1.96094579430279,0.571272240341928,0.738660220509044,0.144833557453636,0.660629034048076
"2850-57883","2850-57731","2850-57883_2850-57731",1,"CHR",99,"CHR-99",0,11,2.895473875,0,-24,"CHR_99_1",1,NA,0,4,"no",16.69,20.88361083,0.477014322,659.167,41892.52333,25.27007145,0.443795535,598.4333333,50691.76333,28.1415786,0.420426057,606.3786667,56452.00667,31.36723164,0.437279716,632.7336667,62922.66667,118,77.83333333,NA,77.83333333,0.319546896736232,1.06865720429612,-0.524728902064049,0.334561126329748,0.730665646512578,15.9,10.9634214,0.500436597,689.138,21992.62333,23.24545364,0.49159359,611.004,46630.38,18.5751562,0.456752009,611.004,37261.76333,24.60593387,0.474122334,611.004,49359.50333,119,91,92.33333333,91,0.257003109789217,-0.84374981052978,-0.209530090170569,-0.751748919336863,0.414309079555146
"2850-57883","2850-57731","2850-57883_2850-57731",2,"CHR",99,"CHR-99",0,10,1.012269787,0,16,"CHR_99_2",1,NA,0,4,"no",16.69,20.88361083,0.477014322,659.167,41892.52333,25.27007145,0.443795535,598.4333333,50691.76333,28.1415786,0.420426057,606.3786667,56452.00667,31.36723164,0.437279716,632.7336667,62922.66667,118,77.83333333,NA,77.83333333,0.319546896736232,1.06865720429612,-0.524728902064049,0.334561126329748,0.730665646512578,15.9,10.9634214,0.500436597,689.138,21992.62333,23.24545364,0.49159359,611.004,46630.38,18.5751562,0.456752009,611.004,37261.76333,24.60593387,0.474122334,611.004,49359.50333,119,91,92.33333333,91,0.257003109789217,-0.84374981052978,-0.209530090170569,-0.751748919336863,0.414309079555146
"2850-57883","2850-57733","2850-57883_2850-57733",2,"CHR",99,"CHR-99",0,10,11.07522903,0,15,"CHR_99_2",1,NA,0,4,"no",16.69,20.88361083,0.477014322,659.167,41892.52333,25.27007145,0.443795535,598.4333333,50691.76333,28.1415786,0.420426057,606.3786667,56452.00667,31.36723164,0.437279716,632.7336667,62922.66667,118,77.83333333,NA,77.83333333,0.319546896736232,1.06865720429612,-0.524728902064049,0.334561126329748,0.730665646512578,15.66,14.84394317,0.488091858,680.0823333,29776.95,20.45213858,0.480742509,611.004,41026.99,22.3788767,0.481773003,627.3723333,44892.02667,18.61630941,0.474711747,611.004,37344.31667,121.6666667,NA,102,102,1.86562539152438,0.188381413841325,-0.682801464137293,-0.0838786032720019,-0.877238044743787
"2850-57883","2850-57733","2850-57883_2850-57733",1,"CHR",99,"CHR-99",0,0,11.07522903,0,19,"CHR_99_1",1,NA,0,4,"no",16.69,20.88361083,0.477014322,659.167,41892.52333,25.27007145,0.443795535,598.4333333,50691.76333,28.1415786,0.420426057,606.3786667,56452.00667,31.36723164,0.437279716,632.7336667,62922.66667,118,77.83333333,NA,77.83333333,0.319546896736232,1.06865720429612,-0.524728902064049,0.334561126329748,0.730665646512578,15.66,14.84394317,0.488091858,680.0823333,29776.95,20.45213858,0.480742509,611.004,41026.99,22.3788767,0.481773003,627.3723333,44892.02667,18.61630941,0.474711747,611.004,37344.31667,121.6666667,NA,102,102,1.86562539152438,0.188381413841325,-0.682801464137293,-0.0838786032720019,-0.877238044743787
"2850-57883","2850-57742","2850-57883_2850-57742",1,"CHR",99,"CHR-99",0,11,5.621648063,0,-16,"CHR_99_1",1,NA,0,4,"no",16.69,20.88361083,0.477014322,659.167,41892.52333,25.27007145,0.443795535,598.4333333,50691.76333,28.1415786,0.420426057,606.3786667,56452.00667,31.36723164,0.437279716,632.7336667,62922.66667,118,77.83333333,NA,77.83333333,0.319546896736232,1.06865720429612,-0.524728902064049,0.334561126329748,0.730665646512578,16.98,13.00562645,0.511030769,671.763,26089.28667,26.1463443,0.49002744,625.0783333,52449.56667,26.30566135,0.456120566,609.081,52769.15667,22.8044882,0.51172569,659.167,45745.80333,118,93,92,93,0.54947988828652,-0.300569350889335,0.281967817833205,0.605599739133584,0.0258620257862253
"2850-57883","2850-57742","2850-57883_2850-57742",2,"CHR",99,"CHR-99",0,10,6.945628703,0,-20,"CHR_99_2",1,NA,0,4,"no",16.69,20.88361083,0.477014322,659.167,41892.52333,25.27007145,0.443795535,598.4333333,50691.76333,28.1415786,0.420426057,606.3786667,56452.00667,31.36723164,0.437279716,632.7336667,62922.66667,118,77.83333333,NA,77.83333333,0.319546896736232,1.06865720429612,-0.524728902064049,0.334561126329748,0.730665646512578,16.98,13.00562645,0.511030769,671.763,26089.28667,26.1463443,0.49002744,625.0783333,52449.56667,26.30566135,0.456120566,609.081,52769.15667,22.8044882,0.51172569,659.167,45745.80333,118,93,92,93,0.54947988828652,-0.300569350889335,0.281967817833205,0.605599739133584,0.0258620257862253
"2850-57883","2850-57744","2850-57883_2850-57744",1,"CHR",99,"CHR-99",0,9,15.82780332,9,2,"CHR_99_1",1,NA,0,4,"no",16.69,20.88361083,0.477014322,659.167,41892.52333,25.27007145,0.443795535,598.4333333,50691.76333,28.1415786,0.420426057,606.3786667,56452.00667,31.36723164,0.437279716,632.7336667,62922.66667,118,77.83333333,NA,77.83333333,0.319546896736232,1.06865720429612,-0.524728902064049,0.334561126329748,0.730665646512578,14.77,24.63866733,0.441897015,611.004,49425.16667,20.45419575,0.491736389,610.6836667,41031.11667,20.25567464,0.470934773,627.6863333,40632.88333,16.45550847,0.489979153,643.7406667,33009.75,116,84.5,NA,84.5,-0.693546420327017,2.79355701620318,-0.682452917821725,-0.456677716898191,-1.34317313948584
"2850-57883","2850-57744","2850-57883_2850-57744",2,"CHR",99,"CHR-99",0,10,15.82780332,6,4,"CHR_99_2",1,NA,0,4,"no",16.69,20.88361083,0.477014322,659.167,41892.52333,25.27007145,0.443795535,598.4333333,50691.76333,28.1415786,0.420426057,606.3786667,56452.00667,31.36723164,0.437279716,632.7336667,62922.66667,118,77.83333333,NA,77.83333333,0.319546896736232,1.06865720429612,-0.524728902064049,0.334561126329748,0.730665646512578,14.77,24.63866733,0.441897015,611.004,49425.16667,20.45419575,0.491736389,610.6836667,41031.11667,20.25567464,0.470934773,627.6863333,40632.88333,16.45550847,0.489979153,643.7406667,33009.75,116,84.5,NA,84.5,-0.693546420327017,2.79355701620318,-0.682452917821725,-0.456677716898191,-1.34317313948584
"2850-57883","2850-57745","2850-57883_2850-57745",1,"CHR",99,"CHR-99",0,11,10.02551878,0,-11,"CHR_99_1",1,NA,0,4,"no",16.69,20.88361083,0.477014322,659.167,41892.52333,25.27007145,0.443795535,598.4333333,50691.76333,28.1415786,0.420426057,606.3786667,56452.00667,31.36723164,0.437279716,632.7336667,62922.66667,118,77.83333333,NA,77.83333333,0.319546896736232,1.06865720429612,-0.524728902064049,0.334561126329748,0.730665646512578,16.33,11.89491525,0.520998035,667.1156667,23861.2,19.28173812,0.496153459,634.065,38679.16667,21.88407444,0.484884869,657.7393333,43899.45333,26.3850565,0.474305256,645.4026667,52928.42333,118,85,86,85,-0.620427225702691,-0.59599346618265,-0.881102415479132,-0.170757684365318,0.797942599802867
"2850-57883","2850-57745","2850-57883_2850-57745",2,"CHR",99,"CHR-99",0,10,9.46622366,0,-26,"CHR_99_2",1,NA,0,4,"no",16.69,20.88361083,0.477014322,659.167,41892.52333,25.27007145,0.443795535,598.4333333,50691.76333,28.1415786,0.420426057,606.3786667,56452.00667,31.36723164,0.437279716,632.7336667,62922.66667,118,77.83333333,NA,77.83333333,0.319546896736232,1.06865720429612,-0.524728902064049,0.334561126329748,0.730665646512578,16.33,11.89491525,0.520998035,667.1156667,23861.2,19.28173812,0.496153459,634.065,38679.16667,21.88407444,0.484884869,657.7393333,43899.45333,26.3850565,0.474305256,645.4026667,52928.42333,118,85,86,85,-0.620427225702691,-0.59599346618265,-0.881102415479132,-0.170757684365318,0.797942599802867
"2850-57883","2850-57806","2850-57883_2850-57806",1,"CHR",99,"CHR-99",0,11,4.649295834,0,-19,"CHR_99_1",1,NA,0,4,"no",16.69,20.88361083,0.477014322,659.167,41892.52333,25.27007145,0.443795535,598.4333333,50691.76333,28.1415786,0.420426057,606.3786667,56452.00667,31.36723164,0.437279716,632.7336667,62922.66667,118,77.83333333,NA,77.83333333,0.319546896736232,1.06865720429612,-0.524728902064049,0.334561126329748,0.730665646512578,15.88,11.25502825,0.516086951,669.4676667,22577.58667,14.26422898,0.518970434,659.167,28614.04333,18.0460319,0.470292612,659.167,36200.34,17.57589232,0.493413321,659.167,35257.24,120.1666667,83.83333333,86,83.83333333,-0.791038680313578,-0.766188968724348,-1.73121899508845,-0.844654382153754,-1.1015839465002
"2850-57883","2850-57806","2850-57883_2850-57806",2,"CHR",99,"CHR-99",0,10,6.33536267,0,-17,"CHR_99_2",1,NA,0,4,"no",16.69,20.88361083,0.477014322,659.167,41892.52333,25.27007145,0.443795535,598.4333333,50691.76333,28.1415786,0.420426057,606.3786667,56452.00667,31.36723164,0.437279716,632.7336667,62922.66667,118,77.83333333,NA,77.83333333,0.319546896736232,1.06865720429612,-0.524728902064049,0.334561126329748,0.730665646512578,15.88,11.25502825,0.516086951,669.4676667,22577.58667,14.26422898,0.518970434,659.167,28614.04333,18.0460319,0.470292612,659.167,36200.34,17.57589232,0.493413321,659.167,35257.24,120.1666667,83.83333333,86,83.83333333,-0.791038680313578,-0.766188968724348,-1.73121899508845,-0.844654382153754,-1.1015839465002
"2850-57883","2850-57808","2850-57883_2850-57808",1,"CHR",99,"CHR-99",0,11,2.800078,0,-19,"CHR_99_1",1,NA,0,4,"no",16.69,20.88361083,0.477014322,659.167,41892.52333,25.27007145,0.443795535,598.4333333,50691.76333,28.1415786,0.420426057,606.3786667,56452.00667,31.36723164,0.437279716,632.7336667,62922.66667,118,77.83333333,NA,77.83333333,0.319546896736232,1.06865720429612,-0.524728902064049,0.334561126329748,0.730665646512578,17.44,11.46748421,0.514088925,678.7753333,23003.77333,15.37756564,0.515459018,659.167,30847.39667,20.6164008,0.49573159,641.3963333,41356.5,18.7548222,0.472216787,642.151,37622.17333,120.5,NA,100,100,1.57314861302708,-0.709680477568599,-1.54258636344907,-0.393340178166818,-0.847370430038086
"2850-57883","2850-57808","2850-57883_2850-57808",2,"CHR",99,"CHR-99",0,10,3.704275342,0,-21,"CHR_99_2",1,NA,0,4,"no",16.69,20.88361083,0.477014322,659.167,41892.52333,25.27007145,0.443795535,598.4333333,50691.76333,28.1415786,0.420426057,606.3786667,56452.00667,31.36723164,0.437279716,632.7336667,62922.66667,118,77.83333333,NA,77.83333333,0.319546896736232,1.06865720429612,-0.524728902064049,0.334561126329748,0.730665646512578,17.44,11.46748421,0.514088925,678.7753333,23003.77333,15.37756564,0.515459018,659.167,30847.39667,20.6164008,0.49573159,641.3963333,41356.5,18.7548222,0.472216787,642.151,37622.17333,120.5,NA,100,100,1.57314861302708,-0.709680477568599,-1.54258636344907,-0.393340178166818,-0.847370430038086
"2850-57883","2850-57881","2850-57883_2850-57881",1,"CHR",99,"CHR-99",0,11,5.053284364,0,-14,"CHR_99_1",1,NA,0,4,"no",16.69,20.88361083,0.477014322,659.167,41892.52333,25.27007145,0.443795535,598.4333333,50691.76333,28.1415786,0.420426057,606.3786667,56452.00667,31.36723164,0.437279716,632.7336667,62922.66667,118,77.83333333,NA,77.83333333,0.319546896736232,1.06865720429612,-0.524728902064049,0.334561126329748,0.730665646512578,16.55,11.73463277,0.535560863,644.7453333,23539.67333,21.93833167,0.494146676,611.004,44008.29333,26.56095214,0.438684751,643.7343333,53281.27,31.59365071,0.464706779,610.6836667,63376.86333,119.6666667,84.83333333,85.83333333,84.83333333,-0.644800291064927,-0.638624988986254,-0.430995767115722,0.650424573294177,1.92107559728725
"2850-57883","2850-57881","2850-57883_2850-57881",2,"CHR",99,"CHR-99",0,10,5.443176722,3,-7,"CHR_99_2",1,NA,0,4,"no",16.69,20.88361083,0.477014322,659.167,41892.52333,25.27007145,0.443795535,598.4333333,50691.76333,28.1415786,0.420426057,606.3786667,56452.00667,31.36723164,0.437279716,632.7336667,62922.66667,118,77.83333333,NA,77.83333333,0.319546896736232,1.06865720429612,-0.524728902064049,0.334561126329748,0.730665646512578,16.55,11.73463277,0.535560863,644.7453333,23539.67333,21.93833167,0.494146676,611.004,44008.29333,26.56095214,0.438684751,643.7343333,53281.27,31.59365071,0.464706779,610.6836667,63376.86333,119.6666667,84.83333333,85.83333333,84.83333333,-0.644800291064927,-0.638624988986254,-0.430995767115722,0.650424573294177,1.92107559728725
"2870-64908","2640-97588","2870-64908_2640-97588",2,"CHR",101,"CHR-101",0,3,20.33348743,0,-40,"CHR_101_2",1,NA,0,4,"no",18.58,12.54084247,0.56145742,675.4463333,25156.93,22.86535394,0.47117742,633.8136667,45867.9,24.19610003,0.477382231,641.3963333,48537.37667,23.69351944,0.475188692,649.4783333,47529.2,123.1666667,80,81.83333333,80,0.884548860281968,-1.32591780748283,-0.92073845198379,-0.359371953445941,-0.548322016198315,18.7,11.85018943,0.544837496,653.7273333,23771.48,14.45612662,0.507893605,610.6836667,28998.99,21.21705716,0.471668493,610.6836667,42561.41667,27.50362745,0.462396686,637.0386667,55172.27667,119,87,85,87,-0.327950447205388,-0.607889525035993,-1.69870577771304,-0.287874870450448,1.03914087582914
"2870-64908","2640-97589","2870-64908_2640-97589",2,"CHR",101,"CHR-101",0,6,8.720414678,0,-37,"CHR_101_2",1,NA,0,4,"no",18.58,12.54084247,0.56145742,675.4463333,25156.93,22.86535394,0.47117742,633.8136667,45867.9,24.19610003,0.477382231,641.3963333,48537.37667,23.69351944,0.475188692,649.4783333,47529.2,123.1666667,80,81.83333333,80,0.884548860281968,-1.32591780748283,-0.92073845198379,-0.359371953445941,-0.548322016198315,16.1,11.8153556,0.523609389,681.183,23701.60333,16.91354271,0.528785659,657.7393333,33928.56667,18.6526321,0.480672665,627.3723333,37417.18,20.65218677,0.48363622,650.113,41428.28667,119,99.66666667,98,99.66666667,1.52440248376499,-0.617154537768401,-1.28234576663637,-0.738145434585443,-0.438240313367936
"2870-64908","2811-83208","2870-64908_2811-83208",2,"CHR",101,"CHR-101",0,10,7.888844382,0,-22,"CHR_101_2",1,NA,0,4,"no",18.58,12.54084247,0.56145742,675.4463333,25156.93,22.86535394,0.47117742,633.8136667,45867.9,24.19610003,0.477382231,641.3963333,48537.37667,23.69351944,0.475188692,649.4783333,47529.2,123.1666667,80,81.83333333,80,0.884548860281968,-1.32591780748283,-0.92073845198379,-0.359371953445941,-0.548322016198315,16.9,18.73416916,0.484585352,611.004,37580.74333,21.00459455,0.486882121,610.6836667,42135.21667,26.39878531,0.450512144,610.6836667,52955.96333,23.23742606,0.475660646,611.004,46614.27667,118,87,89.5,87,-0.327950447205388,1.22309374175052,-0.589198848477454,0.621950764031026,0.119216734719535
"2870-64908","2850-57567","2870-64908_2850-57567",2,"CHR",101,"CHR-101",0,0,16.91537459,0,-73,"CHR_101_2",1,NA,0,4,"no",18.58,12.54084247,0.56145742,675.4463333,25156.93,22.86535394,0.47117742,633.8136667,45867.9,24.19610003,0.477382231,641.3963333,48537.37667,23.69351944,0.475188692,649.4783333,47529.2,123.1666667,80,81.83333333,80,0.884548860281968,-1.32591780748283,-0.92073845198379,-0.359371953445941,-0.548322016198315,16.6,10.56012296,0.52180729,667.1156667,21183.60667,26.35612994,0.49271154,611.3883333,52870.39667,22.28285809,0.48721335,606.0566667,44699.41333,16.73888169,0.511359264,628.0706667,33578.19667,121.5,102.1666667,102.5,102.1666667,1.88999846127377,-0.951018094883241,0.317511799070068,-0.100737880763292,-1.28206916379613
"2870-64908","2850-57570","2870-64908_2850-57570",2,"CHR",101,"CHR-101",0,1,17.11645183,0,-41,"CHR_101_2",1,NA,0,4,"no",18.58,12.54084247,0.56145742,675.4463333,25156.93,22.86535394,0.47117742,633.8136667,45867.9,24.19610003,0.477382231,641.3963333,48537.37667,23.69351944,0.475188692,649.4783333,47529.2,123.1666667,80,81.83333333,80,0.884548860281968,-1.32591780748283,-0.92073845198379,-0.359371953445941,-0.548322016198315,16.51,16.84077767,0.501161039,611.004,33782.6,23.06811898,0.49586693,611.004,46274.64667,25.67366733,0.443766873,611.004,51501.37667,19.07592556,0.494641169,627.6863333,38266.30667,121.5,90,NA,90,0.110764720540566,0.719494330997171,-0.239575901827104,0.494632057389222,-0.778130676530947
"2870-64908","2850-57577","2870-64908_2850-57577",2,"CHR",101,"CHR-101",0,10,22.05824628,0,-12,"CHR_101_2",1,NA,0,4,"no",18.58,12.54084247,0.56145742,675.4463333,25156.93,22.86535394,0.47117742,633.8136667,45867.9,24.19610003,0.477382231,641.3963333,48537.37667,23.69351944,0.475188692,649.4783333,47529.2,123.1666667,80,81.83333333,80,0.884548860281968,-1.32591780748283,-0.92073845198379,-0.359371953445941,-0.548322016198315,18.2,20.92472416,0.512057073,676.164,41974.99667,28.83623131,0.475799583,625.399,57845.48,28.80829345,0.443602398,627.1216667,57789.43667,29.54534563,0.455136562,636.0576667,59267.96333,119,90.83333333,91.16666667,90.83333333,0.232630044426981,1.80573194047972,0.737715377164354,1.04502048301344,1.47939806751422
"2870-64908","2850-57578","2870-64908_2850-57578",2,"CHR",101,"CHR-101",0,10,10.91361437,0,-15,"CHR_101_2",1,NA,0,4,"no",18.58,12.54084247,0.56145742,675.4463333,25156.93,22.86535394,0.47117742,633.8136667,45867.9,24.19610003,0.477382231,641.3963333,48537.37667,23.69351944,0.475188692,649.4783333,47529.2,123.1666667,80,81.83333333,80,0.884548860281968,-1.32591780748283,-0.92073845198379,-0.359371953445941,-0.548322016198315,17.2,10.81633932,0.556799001,678.4426667,21697.57667,15.67680791,0.517385329,657.4626667,31447.67667,20.72179628,0.496782872,642.7923333,41567.92333,11.67128448,0.547842632,659.167,23412.59667,119,91.5,91.5,91.5,0.330122304413543,-0.882870324808829,-1.49188574528399,-0.374834477619313,-2.37479887454678
"2870-64908","2850-57579","2870-64908_2850-57579",2,"CHR",101,"CHR-101",0,0,3.124989672,0,-53,"CHR_101_2",1,NA,0,4,"no",18.58,12.54084247,0.56145742,675.4463333,25156.93,22.86535394,0.47117742,633.8136667,45867.9,24.19610003,0.477382231,641.3963333,48537.37667,23.69351944,0.475188692,649.4783333,47529.2,123.1666667,80,81.83333333,80,0.884548860281968,-1.32591780748283,-0.92073845198379,-0.359371953445941,-0.548322016198315,16.3,11.31949153,0.533256519,660.737,22706.9,24.77905949,0.48852106,617.005,49706.79333,18.07848455,0.49353373,627.3723333,36265.44,24.4043104,0.499147361,611.004,48955.04667,118.5,93.5,92,93.5,0.622599082910845,-0.749043190899379,0.0503087508346794,-0.838956234350139,0.37083286253875
"2870-64908","2850-57580","2870-64908_2850-57580",2,"CHR",101,"CHR-101",0,0,2.800205834,0,-70,"CHR_101_2",1,NA,0,4,"no",18.58,12.54084247,0.56145742,675.4463333,25156.93,22.86535394,0.47117742,633.8136667,45867.9,24.19610003,0.477382231,641.3963333,48537.37667,23.69351944,0.475188692,649.4783333,47529.2,123.1666667,80,81.83333333,80,0.884548860281968,-1.32591780748283,-0.92073845198379,-0.359371953445941,-0.548322016198315,16.2,9.142844799,0.560214832,667.427,18340.54667,27.48113161,0.465556814,625.399,55127.15,22.9424111,0.468469624,647.108,46022.47667,30.74621137,0.465611781,608.7603333,61676.9,117.5,87.83333333,NA,87.83333333,-0.206085123318973,-1.32798210392354,0.508120833367745,0.0150687031458652,1.73834162958958
"2870-64908","2850-57581","2870-64908_2850-57581",2,"CHR",101,"CHR-101",0,10,5.627100609,0,-31,"CHR_101_2",1,NA,0,4,"no",18.58,12.54084247,0.56145742,675.4463333,25156.93,22.86535394,0.47117742,633.8136667,45867.9,24.19610003,0.477382231,641.3963333,48537.37667,23.69351944,0.475188692,649.4783333,47529.2,123.1666667,80,81.83333333,80,0.884548860281968,-1.32591780748283,-0.92073845198379,-0.359371953445941,-0.548322016198315,15.5,12.5018158,0.557442636,674.1035,25078.6425,18.94245264,0.521103483,641.0916667,37998.56,27.0381655,0.472765016,616.0483333,54238.56,19.62838485,0.524143762,664.102,39374.54,116,82.5,83,82.5,-0.986023198824319,-0.434571614980667,-0.938587554762546,0.734215334884986,-0.659003473806166
"2870-64908","2850-57582","2870-64908_2850-57582",2,"CHR",101,"CHR-101",0,10,6.111056292,0,-20,"CHR_101_2",1,NA,0,4,"no",18.58,12.54084247,0.56145742,675.4463333,25156.93,22.86535394,0.47117742,633.8136667,45867.9,24.19610003,0.477382231,641.3963333,48537.37667,23.69351944,0.475188692,649.4783333,47529.2,123.1666667,80,81.83333333,80,0.884548860281968,-1.32591780748283,-0.92073845198379,-0.359371953445941,-0.548322016198315,15.9,NA,NA,NA,NA,28.49882187,0.467628455,626.7313333,57168.63667,24.79582419,0.471185748,627.0583333,49740.42333,10.86734629,0.526212895,643.7406667,21799.89667,118,88.5,86,88.5,-0.108592863332411,NA,0.68054809534039,0.340497342347155,-2.54815265729939
"2870-64908","2850-57589","2870-64908_2850-57589",2,"CHR",101,"CHR-101",0,10,1.493579003,0,-21,"CHR_101_2",1,NA,0,4,"no",18.58,12.54084247,0.56145742,675.4463333,25156.93,22.86535394,0.47117742,633.8136667,45867.9,24.19610003,0.477382231,641.3963333,48537.37667,23.69351944,0.475188692,649.4783333,47529.2,123.1666667,80,81.83333333,80,0.884548860281968,-1.32591780748283,-0.92073845198379,-0.359371953445941,-0.548322016198315,17.5,12.65077601,0.531237153,675.7903333,25377.45667,16.92662014,0.501144529,627.3723333,33954.8,19.27879528,0.490091496,643.7406667,38673.26333,19.52571951,0.519492939,627.6863333,39168.59333,119.8333333,97,96.5,97,1.13443344528112,-0.394951560502818,-1.28013005765578,-0.628201551764721,-0.681141276522795
"2870-64908","2850-57620","2870-64908_2850-57620",2,"CHR",101,"CHR-101",0,10,13.39427517,0,-22,"CHR_101_2",1,NA,0,4,"no",18.58,12.54084247,0.56145742,675.4463333,25156.93,22.86535394,0.47117742,633.8136667,45867.9,24.19610003,0.477382231,641.3963333,48537.37667,23.69351944,0.475188692,649.4783333,47529.2,123.1666667,80,81.83333333,80,0.884548860281968,-1.32591780748283,-0.92073845198379,-0.359371953445941,-0.548322016198315,18.2,8.903889997,0.510576941,627.6863333,17861.20333,21.60838485,0.492100236,611.004,43346.42,22.72290794,0.464821292,611.004,45582.15333,21.84048023,0.466018925,627.6863333,43812.00333,121,87,84,87,-0.327950447205388,-1.39153868908802,-0.486898657224134,-0.0234724159627646,-0.182007721268793
"2870-64908","2850-57647","2870-64908_2850-57647",2,"CHR",101,"CHR-101",0,10,8.790176277,0,-12,"CHR_101_2",1,NA,0,4,"no",18.58,12.54084247,0.56145742,675.4463333,25156.93,22.86535394,0.47117742,633.8136667,45867.9,24.19610003,0.477382231,641.3963333,48537.37667,23.69351944,0.475188692,649.4783333,47529.2,123.1666667,80,81.83333333,80,0.884548860281968,-1.32591780748283,-0.92073845198379,-0.359371953445941,-0.548322016198315,15.8,12.89783981,0.543297932,643.7406667,25873.06667,28.1838767,0.473800388,617.439,56536.85667,25.45478232,0.436115595,638.1653333,51062.29333,20.55910934,0.502370676,626.097,41241.57333,122.1666667,85.83333333,87.33333333,85.83333333,-0.498561901816276,-0.329238164855052,0.627186934809475,0.456199475181733,-0.458310668004767
"2870-64908","2850-57653","2870-64908_2850-57653",2,"CHR",101,"CHR-101",0,5,23.54694022,0,-38,"CHR_101_2",1,NA,0,4,"no",18.58,12.54084247,0.56145742,675.4463333,25156.93,22.86535394,0.47117742,633.8136667,45867.9,24.19610003,0.477382231,641.3963333,48537.37667,23.69351944,0.475188692,649.4783333,47529.2,123.1666667,80,81.83333333,80,0.884548860281968,-1.32591780748283,-0.92073845198379,-0.359371953445941,-0.548322016198315,16.37,8.467490861,0.535457505,660.1716667,16985.78667,27.15053506,0.465647634,659.167,54463.97333,21.8547225,0.470898637,665.8,43840.57333,15.40861914,0.497215455,659.167,30909.69,119.3333333,78,76.33333333,78,-1.64409595044325,-1.50761101163916,0.452107859504655,-0.175911398852204,-1.56891465511013
"2870-64908","2850-57669","2870-64908_2850-57669",2,"CHR",101,"CHR-101",0,10,8.907972863,0,-17,"CHR_101_2",1,NA,0,4,"no",18.58,12.54084247,0.56145742,675.4463333,25156.93,22.86535394,0.47117742,633.8136667,45867.9,24.19610003,0.477382231,641.3963333,48537.37667,23.69351944,0.475188692,649.4783333,47529.2,123.1666667,80,81.83333333,80,0.884548860281968,-1.32591780748283,-0.92073845198379,-0.359371953445941,-0.548322016198315,17.82,14.07982054,0.504204618,611.004,28244.12,27.72719176,0.47617904,611.004,55620.74667,17.24374875,0.494612283,611.004,34590.96,18.57412762,0.508699718,611.004,37259.7,123.8333333,89.66666667,90,89.66666667,0.0620185912784761,-0.0148579628241403,0.549810804877425,-0.985522014505819,-0.886333735122392
"2870-64908","2850-57671","2870-64908_2850-57671",2,"CHR",101,"CHR-101",0,0,8.397474954,0,-67,"CHR_101_2",1,NA,0,4,"no",18.58,12.54084247,0.56145742,675.4463333,25156.93,22.86535394,0.47117742,633.8136667,45867.9,24.19610003,0.477382231,641.3963333,48537.37667,23.69351944,0.475188692,649.4783333,47529.2,123.1666667,80,81.83333333,80,0.884548860281968,-1.32591780748283,-0.92073845198379,-0.359371953445941,-0.548322016198315,17.53,16.28350449,0.48181303,667.733,32664.71,28.84180791,0.479499655,593.4133333,57856.66667,23.68146062,0.459973843,641.034,47505.01,25.7482569,0.475226128,607.0326667,51651.00333,117.8333333,75.83333333,83.16666667,75.83333333,-1.96094579430279,0.571272240341928,0.738660220509044,0.144833557453636,0.660629034048076
"2870-64908","2850-57731","2870-64908_2850-57731",2,"CHR",101,"CHR-101",0,10,8.3995873559,9,1,"CHR_101_2",1,NA,0,4,"no",18.58,12.54084247,0.56145742,675.4463333,25156.93,22.86535394,0.47117742,633.8136667,45867.9,24.19610003,0.477382231,641.3963333,48537.37667,23.69351944,0.475188692,649.4783333,47529.2,123.1666667,80,81.83333333,80,0.884548860281968,-1.32591780748283,-0.92073845198379,-0.359371953445941,-0.548322016198315,15.9,10.9634214,0.500436597,689.138,21992.62333,23.24545364,0.49159359,611.004,46630.38,18.5751562,0.456752009,611.004,37261.76333,24.60593387,0.474122334,611.004,49359.50333,119,91,92.33333333,91,0.257003109789217,-0.84374981052978,-0.209530090170569,-0.751748919336863,0.414309079555146
"2870-64908","2850-57733","2870-64908_2850-57733",2,"CHR",101,"CHR-101",1,10,0.08,10,0,"CHR_101_2",1,NA,0,4,"no",18.58,12.54084247,0.56145742,675.4463333,25156.93,22.86535394,0.47117742,633.8136667,45867.9,24.19610003,0.477382231,641.3963333,48537.37667,23.69351944,0.475188692,649.4783333,47529.2,123.1666667,80,81.83333333,80,0.884548860281968,-1.32591780748283,-0.92073845198379,-0.359371953445941,-0.548322016198315,15.66,14.84394317,0.488091858,680.0823333,29776.95,20.45213858,0.480742509,611.004,41026.99,22.3788767,0.481773003,627.3723333,44892.02667,18.61630941,0.474711747,611.004,37344.31667,121.6666667,NA,102,102,1.86562539152438,0.188381413841325,-0.682801464137293,-0.0838786032720019,-0.877238044743787
"2870-64908","2850-57742","2870-64908_2850-57742",2,"CHR",101,"CHR-101",0,8,5.420616721,0,-35,"CHR_101_2",1,NA,0,4,"no",18.58,12.54084247,0.56145742,675.4463333,25156.93,22.86535394,0.47117742,633.8136667,45867.9,24.19610003,0.477382231,641.3963333,48537.37667,23.69351944,0.475188692,649.4783333,47529.2,123.1666667,80,81.83333333,80,0.884548860281968,-1.32591780748283,-0.92073845198379,-0.359371953445941,-0.548322016198315,16.98,13.00562645,0.511030769,671.763,26089.28667,26.1463443,0.49002744,625.0783333,52449.56667,26.30566135,0.456120566,609.081,52769.15667,22.8044882,0.51172569,659.167,45745.80333,118,93,92,93,0.54947988828652,-0.300569350889335,0.281967817833205,0.605599739133584,0.0258620257862253
"2870-64908","2850-57744","2870-64908_2850-57744",2,"CHR",101,"CHR-101",0,10,5.025876694,0,-11,"CHR_101_2",1,NA,0,4,"no",18.58,12.54084247,0.56145742,675.4463333,25156.93,22.86535394,0.47117742,633.8136667,45867.9,24.19610003,0.477382231,641.3963333,48537.37667,23.69351944,0.475188692,649.4783333,47529.2,123.1666667,80,81.83333333,80,0.884548860281968,-1.32591780748283,-0.92073845198379,-0.359371953445941,-0.548322016198315,14.77,24.63866733,0.441897015,611.004,49425.16667,20.45419575,0.491736389,610.6836667,41031.11667,20.25567464,0.470934773,627.6863333,40632.88333,16.45550847,0.489979153,643.7406667,33009.75,116,84.5,NA,84.5,-0.693546420327017,2.79355701620318,-0.682452917821725,-0.456677716898191,-1.34317313948584
"2870-64908","2850-57745","2870-64908_2850-57745",2,"CHR",101,"CHR-101",0,0,20.37910039,0,-41,"CHR_101_2",1,NA,0,4,"no",18.58,12.54084247,0.56145742,675.4463333,25156.93,22.86535394,0.47117742,633.8136667,45867.9,24.19610003,0.477382231,641.3963333,48537.37667,23.69351944,0.475188692,649.4783333,47529.2,123.1666667,80,81.83333333,80,0.884548860281968,-1.32591780748283,-0.92073845198379,-0.359371953445941,-0.548322016198315,16.33,11.89491525,0.520998035,667.1156667,23861.2,19.28173812,0.496153459,634.065,38679.16667,21.88407444,0.484884869,657.7393333,43899.45333,26.3850565,0.474305256,645.4026667,52928.42333,118,85,86,85,-0.620427225702691,-0.59599346618265,-0.881102415479132,-0.170757684365318,0.797942599802867
"2870-64908","2850-57806","2870-64908_2850-57806",2,"CHR",101,"CHR-101",0,10,17.24895326,0,-32,"CHR_101_2",1,NA,0,4,"no",18.58,12.54084247,0.56145742,675.4463333,25156.93,22.86535394,0.47117742,633.8136667,45867.9,24.19610003,0.477382231,641.3963333,48537.37667,23.69351944,0.475188692,649.4783333,47529.2,123.1666667,80,81.83333333,80,0.884548860281968,-1.32591780748283,-0.92073845198379,-0.359371953445941,-0.548322016198315,15.88,11.25502825,0.516086951,669.4676667,22577.58667,14.26422898,0.518970434,659.167,28614.04333,18.0460319,0.470292612,659.167,36200.34,17.57589232,0.493413321,659.167,35257.24,120.1666667,83.83333333,86,83.83333333,-0.791038680313578,-0.766188968724348,-1.73121899508845,-0.844654382153754,-1.1015839465002
"2870-64908","2850-57808","2870-64908_2850-57808",2,"CHR",101,"CHR-101",0,6,8.273421124,0,-36,"CHR_101_2",1,NA,0,4,"no",18.58,12.54084247,0.56145742,675.4463333,25156.93,22.86535394,0.47117742,633.8136667,45867.9,24.19610003,0.477382231,641.3963333,48537.37667,23.69351944,0.475188692,649.4783333,47529.2,123.1666667,80,81.83333333,80,0.884548860281968,-1.32591780748283,-0.92073845198379,-0.359371953445941,-0.548322016198315,17.44,11.46748421,0.514088925,678.7753333,23003.77333,15.37756564,0.515459018,659.167,30847.39667,20.6164008,0.49573159,641.3963333,41356.5,18.7548222,0.472216787,642.151,37622.17333,120.5,NA,100,100,1.57314861302708,-0.709680477568599,-1.54258636344907,-0.393340178166818,-0.847370430038086
"2870-64908","2850-57881","2870-64908_2850-57881",2,"CHR",101,"CHR-101",0,10,10.47337724,0,-22,"CHR_101_2",1,NA,0,4,"no",18.58,12.54084247,0.56145742,675.4463333,25156.93,22.86535394,0.47117742,633.8136667,45867.9,24.19610003,0.477382231,641.3963333,48537.37667,23.69351944,0.475188692,649.4783333,47529.2,123.1666667,80,81.83333333,80,0.884548860281968,-1.32591780748283,-0.92073845198379,-0.359371953445941,-0.548322016198315,16.55,11.73463277,0.535560863,644.7453333,23539.67333,21.93833167,0.494146676,611.004,44008.29333,26.56095214,0.438684751,643.7343333,53281.27,31.59365071,0.464706779,610.6836667,63376.86333,119.6666667,84.83333333,85.83333333,84.83333333,-0.644800291064927,-0.638624988986254,-0.430995767115722,0.650424573294177,1.92107559728725
"2870-64909","2640-97588","2870-64909_2640-97588",1,"CHR",148,"CHR-148",0,11,21.76215859,0,-29,"CHR_148_2",1,NA,0,4,"no",17.46,13.53066633,0.536423157,673.7936667,27142.51667,38.09591392,0.402625511,609.081,76420.40333,27.94449319,0.41560494,614.7323333,56056.65333,30.02785311,0.437260381,597.723,60235.87333,117.6666667,72,73.16666667,72,-1.20161223267743,-1.04181457232857,1.58743441140814,0.299897629085064,0.507429672720147,18.7,11.85018943,0.544837496,653.7273333,23771.48,14.45612662,0.507893605,610.6836667,28998.99,21.21705716,0.471668493,610.6836667,42561.41667,27.50362745,0.462396686,637.0386667,55172.27667,119,87,85,87,-0.327950447205388,-0.607889525035993,-1.69870577771304,-0.287874870450448,1.03914087582914
"2870-64909","2640-97589","2870-64909_2640-97589",1,"CHR",148,"CHR-148",0,11,10.26536114,0,-26,"CHR_148_2",1,NA,0,4,"no",17.46,13.53066633,0.536423157,673.7936667,27142.51667,38.09591392,0.402625511,609.081,76420.40333,27.94449319,0.41560494,614.7323333,56056.65333,30.02785311,0.437260381,597.723,60235.87333,117.6666667,72,73.16666667,72,-1.20161223267743,-1.04181457232857,1.58743441140814,0.299897629085064,0.507429672720147,16.1,11.8153556,0.523609389,681.183,23701.60333,16.91354271,0.528785659,657.7393333,33928.56667,18.6526321,0.480672665,627.3723333,37417.18,20.65218677,0.48363622,650.113,41428.28667,119,99.66666667,98,99.66666667,1.52440248376499,-0.617154537768401,-1.28234576663637,-0.738145434585443,-0.438240313367936
"2870-64909","2811-83208","2870-64909_2811-83208",1,"CHR",148,"CHR-148",0,11,7.9486736,0,-11,"CHR_148_2",1,NA,0,4,"no",17.46,13.53066633,0.536423157,673.7936667,27142.51667,38.09591392,0.402625511,609.081,76420.40333,27.94449319,0.41560494,614.7323333,56056.65333,30.02785311,0.437260381,597.723,60235.87333,117.6666667,72,73.16666667,72,-1.20161223267743,-1.04181457232857,1.58743441140814,0.299897629085064,0.507429672720147,16.9,18.73416916,0.484585352,611.004,37580.74333,21.00459455,0.486882121,610.6836667,42135.21667,26.39878531,0.450512144,610.6836667,52955.96333,23.23742606,0.475660646,611.004,46614.27667,118,87,89.5,87,-0.327950447205388,1.22309374175052,-0.589198848477454,0.621950764031026,0.119216734719535
"2870-64909","2850-57570","2870-64909_2850-57570",1,"CHR",148,"CHR-148",0,11,18.44421548,0,-30,"CHR_148_2",1,NA,0,4,"no",17.46,13.53066633,0.536423157,673.7936667,27142.51667,38.09591392,0.402625511,609.081,76420.40333,27.94449319,0.41560494,614.7323333,56056.65333,30.02785311,0.437260381,597.723,60235.87333,117.6666667,72,73.16666667,72,-1.20161223267743,-1.04181457232857,1.58743441140814,0.299897629085064,0.507429672720147,16.51,16.84077767,0.501161039,611.004,33782.6,23.06811898,0.49586693,611.004,46274.64667,25.67366733,0.443766873,611.004,51501.37667,19.07592556,0.494641169,627.6863333,38266.30667,121.5,90,NA,90,0.110764720540566,0.719494330997171,-0.239575901827104,0.494632057389222,-0.778130676530947
"2870-64909","2850-57577","2870-64909_2850-57577",1,"CHR",148,"CHR-148",0,11,22.23282802,10,-1,"CHR_148_2",1,NA,0,4,"no",17.46,13.53066633,0.536423157,673.7936667,27142.51667,38.09591392,0.402625511,609.081,76420.40333,27.94449319,0.41560494,614.7323333,56056.65333,30.02785311,0.437260381,597.723,60235.87333,117.6666667,72,73.16666667,72,-1.20161223267743,-1.04181457232857,1.58743441140814,0.299897629085064,0.507429672720147,18.2,20.92472416,0.512057073,676.164,41974.99667,28.83623131,0.475799583,625.399,57845.48,28.80829345,0.443602398,627.1216667,57789.43667,29.54534563,0.455136562,636.0576667,59267.96333,119,90.83333333,91.16666667,90.83333333,0.232630044426981,1.80573194047972,0.737715377164354,1.04502048301344,1.47939806751422
"2870-64909","2850-57578","2870-64909_2850-57578",1,"CHR",148,"CHR-148",0,11,11.90113039,6,-4,"CHR_148_2",1,NA,0,4,"no",17.46,13.53066633,0.536423157,673.7936667,27142.51667,38.09591392,0.402625511,609.081,76420.40333,27.94449319,0.41560494,614.7323333,56056.65333,30.02785311,0.437260381,597.723,60235.87333,117.6666667,72,73.16666667,72,-1.20161223267743,-1.04181457232857,1.58743441140814,0.299897629085064,0.507429672720147,17.2,10.81633932,0.556799001,678.4426667,21697.57667,15.67680791,0.517385329,657.4626667,31447.67667,20.72179628,0.496782872,642.7923333,41567.92333,11.67128448,0.547842632,659.167,23412.59667,119,91.5,91.5,91.5,0.330122304413543,-0.882870324808829,-1.49188574528399,-0.374834477619313,-2.37479887454678
"2870-64909","2850-57581","2870-64909_2850-57581",1,"CHR",148,"CHR-148",0,11,8.444183217,0,-20,"CHR_148_2",1,NA,0,4,"no",17.46,13.53066633,0.536423157,673.7936667,27142.51667,38.09591392,0.402625511,609.081,76420.40333,27.94449319,0.41560494,614.7323333,56056.65333,30.02785311,0.437260381,597.723,60235.87333,117.6666667,72,73.16666667,72,-1.20161223267743,-1.04181457232857,1.58743441140814,0.299897629085064,0.507429672720147,15.5,12.5018158,0.557442636,674.1035,25078.6425,18.94245264,0.521103483,641.0916667,37998.56,27.0381655,0.472765016,616.0483333,54238.56,19.62838485,0.524143762,664.102,39374.54,116,82.5,83,82.5,-0.986023198824319,-0.434571614980667,-0.938587554762546,0.734215334884986,-0.659003473806166
"2870-64909","2850-57582","2870-64909_2850-57582",1,"CHR",148,"CHR-148",1,11,0.08,2,-9,"CHR_148_2",1,"wp",4,4,"yes",17.46,13.53066633,0.536423157,673.7936667,27142.51667,38.09591392,0.402625511,609.081,76420.40333,27.94449319,0.41560494,614.7323333,56056.65333,30.02785311,0.437260381,597.723,60235.87333,117.6666667,72,73.16666667,72,-1.20161223267743,-1.04181457232857,1.58743441140814,0.299897629085064,0.507429672720147,15.9,NA,NA,NA,NA,28.49882187,0.467628455,626.7313333,57168.63667,24.79582419,0.471185748,627.0583333,49740.42333,10.86734629,0.526212895,643.7406667,21799.89667,118,88.5,86,88.5,-0.108592863332411,NA,0.68054809534039,0.340497342347155,-2.54815265729939
"2870-64909","2850-57589","2870-64909_2850-57589",1,"CHR",148,"CHR-148",0,11,3.416815522,0,-10,"CHR_148_2",1,NA,0,4,"no",17.46,13.53066633,0.536423157,673.7936667,27142.51667,38.09591392,0.402625511,609.081,76420.40333,27.94449319,0.41560494,614.7323333,56056.65333,30.02785311,0.437260381,597.723,60235.87333,117.6666667,72,73.16666667,72,-1.20161223267743,-1.04181457232857,1.58743441140814,0.299897629085064,0.507429672720147,17.5,12.65077601,0.531237153,675.7903333,25377.45667,16.92662014,0.501144529,627.3723333,33954.8,19.27879528,0.490091496,643.7406667,38673.26333,19.52571951,0.519492939,627.6863333,39168.59333,119.8333333,97,96.5,97,1.13443344528112,-0.394951560502818,-1.28013005765578,-0.628201551764721,-0.681141276522795
"2870-64909","2850-57620","2870-64909_2850-57620",1,"CHR",148,"CHR-148",0,11,14.60087856,0,-11,"CHR_148_2",1,NA,0,4,"no",17.46,13.53066633,0.536423157,673.7936667,27142.51667,38.09591392,0.402625511,609.081,76420.40333,27.94449319,0.41560494,614.7323333,56056.65333,30.02785311,0.437260381,597.723,60235.87333,117.6666667,72,73.16666667,72,-1.20161223267743,-1.04181457232857,1.58743441140814,0.299897629085064,0.507429672720147,18.2,8.903889997,0.510576941,627.6863333,17861.20333,21.60838485,0.492100236,611.004,43346.42,22.72290794,0.464821292,611.004,45582.15333,21.84048023,0.466018925,627.6863333,43812.00333,121,87,84,87,-0.327950447205388,-1.39153868908802,-0.486898657224134,-0.0234724159627646,-0.182007721268793
"2870-64909","2850-57647","2870-64909_2850-57647",1,"CHR",148,"CHR-148",0,11,10.39671176,10,-1,"CHR_148_2",1,NA,0,4,"no",17.46,13.53066633,0.536423157,673.7936667,27142.51667,38.09591392,0.402625511,609.081,76420.40333,27.94449319,0.41560494,614.7323333,56056.65333,30.02785311,0.437260381,597.723,60235.87333,117.6666667,72,73.16666667,72,-1.20161223267743,-1.04181457232857,1.58743441140814,0.299897629085064,0.507429672720147,15.8,12.89783981,0.543297932,643.7406667,25873.06667,28.1838767,0.473800388,617.439,56536.85667,25.45478232,0.436115595,638.1653333,51062.29333,20.55910934,0.502370676,626.097,41241.57333,122.1666667,85.83333333,87.33333333,85.83333333,-0.498561901816276,-0.329238164855052,0.627186934809475,0.456199475181733,-0.458310668004767
"2870-64909","2850-57653","2870-64909_2850-57653",1,"CHR",148,"CHR-148",0,11,24.87527375,0,-27,"CHR_148_2",1,NA,0,4,"no",17.46,13.53066633,0.536423157,673.7936667,27142.51667,38.09591392,0.402625511,609.081,76420.40333,27.94449319,0.41560494,614.7323333,56056.65333,30.02785311,0.437260381,597.723,60235.87333,117.6666667,72,73.16666667,72,-1.20161223267743,-1.04181457232857,1.58743441140814,0.299897629085064,0.507429672720147,16.37,8.467490861,0.535457505,660.1716667,16985.78667,27.15053506,0.465647634,659.167,54463.97333,21.8547225,0.470898637,665.8,43840.57333,15.40861914,0.497215455,659.167,30909.69,119.3333333,78,76.33333333,78,-1.64409595044325,-1.50761101163916,0.452107859504655,-0.175911398852204,-1.56891465511013
"2870-64909","2850-57669","2870-64909_2850-57669",1,"CHR",148,"CHR-148",0,11,10.89631925,5,-6,"CHR_148_2",1,NA,0,4,"no",17.46,13.53066633,0.536423157,673.7936667,27142.51667,38.09591392,0.402625511,609.081,76420.40333,27.94449319,0.41560494,614.7323333,56056.65333,30.02785311,0.437260381,597.723,60235.87333,117.6666667,72,73.16666667,72,-1.20161223267743,-1.04181457232857,1.58743441140814,0.299897629085064,0.507429672720147,17.82,14.07982054,0.504204618,611.004,28244.12,27.72719176,0.47617904,611.004,55620.74667,17.24374875,0.494612283,611.004,34590.96,18.57412762,0.508699718,611.004,37259.7,123.8333333,89.66666667,90,89.66666667,0.0620185912784761,-0.0148579628241403,0.549810804877425,-0.985522014505819,-0.886333735122392
"2870-64909","2850-57731","2870-64909_2850-57731",1,"CHR",148,"CHR-148",0,11,12.53760024,0,12,"CHR_148_2",1,NA,0,4,"no",17.46,13.53066633,0.536423157,673.7936667,27142.51667,38.09591392,0.402625511,609.081,76420.40333,27.94449319,0.41560494,614.7323333,56056.65333,30.02785311,0.437260381,597.723,60235.87333,117.6666667,72,73.16666667,72,-1.20161223267743,-1.04181457232857,1.58743441140814,0.299897629085064,0.507429672720147,15.9,10.9634214,0.500436597,689.138,21992.62333,23.24545364,0.49159359,611.004,46630.38,18.5751562,0.456752009,611.004,37261.76333,24.60593387,0.474122334,611.004,49359.50333,119,91,92.33333333,91,0.257003109789217,-0.84374981052978,-0.209530090170569,-0.751748919336863,0.414309079555146
"2870-64909","2850-57733","2870-64909_2850-57733",1,"CHR",148,"CHR-148",0,11,2.923397422,0,11,"CHR_148_2",1,NA,0,4,"no",17.46,13.53066633,0.536423157,673.7936667,27142.51667,38.09591392,0.402625511,609.081,76420.40333,27.94449319,0.41560494,614.7323333,56056.65333,30.02785311,0.437260381,597.723,60235.87333,117.6666667,72,73.16666667,72,-1.20161223267743,-1.04181457232857,1.58743441140814,0.299897629085064,0.507429672720147,15.66,14.84394317,0.488091858,680.0823333,29776.95,20.45213858,0.480742509,611.004,41026.99,22.3788767,0.481773003,627.3723333,44892.02667,18.61630941,0.474711747,611.004,37344.31667,121.6666667,NA,102,102,1.86562539152438,0.188381413841325,-0.682801464137293,-0.0838786032720019,-0.877238044743787
"2870-64909","2850-57742","2870-64909_2850-57742",1,"CHR",148,"CHR-148",0,11,8.152147368,0,-24,"CHR_148_2",1,NA,0,4,"no",17.46,13.53066633,0.536423157,673.7936667,27142.51667,38.09591392,0.402625511,609.081,76420.40333,27.94449319,0.41560494,614.7323333,56056.65333,30.02785311,0.437260381,597.723,60235.87333,117.6666667,72,73.16666667,72,-1.20161223267743,-1.04181457232857,1.58743441140814,0.299897629085064,0.507429672720147,16.98,13.00562645,0.511030769,671.763,26089.28667,26.1463443,0.49002744,625.0783333,52449.56667,26.30566135,0.456120566,609.081,52769.15667,22.8044882,0.51172569,659.167,45745.80333,118,93,92,93,0.54947988828652,-0.300569350889335,0.281967817833205,0.605599739133584,0.0258620257862253
"2870-64909","2850-57744","2870-64909_2850-57744",1,"CHR",148,"CHR-148",0,11,6.510952843,11,0,"CHR_148_2",1,NA,0,4,"no",17.46,13.53066633,0.536423157,673.7936667,27142.51667,38.09591392,0.402625511,609.081,76420.40333,27.94449319,0.41560494,614.7323333,56056.65333,30.02785311,0.437260381,597.723,60235.87333,117.6666667,72,73.16666667,72,-1.20161223267743,-1.04181457232857,1.58743441140814,0.299897629085064,0.507429672720147,14.77,24.63866733,0.441897015,611.004,49425.16667,20.45419575,0.491736389,610.6836667,41031.11667,20.25567464,0.470934773,627.6863333,40632.88333,16.45550847,0.489979153,643.7406667,33009.75,116,84.5,NA,84.5,-0.693546420327017,2.79355701620318,-0.682452917821725,-0.456677716898191,-1.34317313948584
"2870-64909","2850-57745","2870-64909_2850-57745",1,"CHR",148,"CHR-148",0,11,21.10205484,0,-30,"CHR_148_2",1,NA,0,4,"no",17.46,13.53066633,0.536423157,673.7936667,27142.51667,38.09591392,0.402625511,609.081,76420.40333,27.94449319,0.41560494,614.7323333,56056.65333,30.02785311,0.437260381,597.723,60235.87333,117.6666667,72,73.16666667,72,-1.20161223267743,-1.04181457232857,1.58743441140814,0.299897629085064,0.507429672720147,16.33,11.89491525,0.520998035,667.1156667,23861.2,19.28173812,0.496153459,634.065,38679.16667,21.88407444,0.484884869,657.7393333,43899.45333,26.3850565,0.474305256,645.4026667,52928.42333,118,85,86,85,-0.620427225702691,-0.59599346618265,-0.881102415479132,-0.170757684365318,0.797942599802867
"2870-64909","2850-57806","2870-64909_2850-57806",1,"CHR",148,"CHR-148",0,11,18.05448395,0,-21,"CHR_148_2",1,NA,0,4,"no",17.46,13.53066633,0.536423157,673.7936667,27142.51667,38.09591392,0.402625511,609.081,76420.40333,27.94449319,0.41560494,614.7323333,56056.65333,30.02785311,0.437260381,597.723,60235.87333,117.6666667,72,73.16666667,72,-1.20161223267743,-1.04181457232857,1.58743441140814,0.299897629085064,0.507429672720147,15.88,11.25502825,0.516086951,669.4676667,22577.58667,14.26422898,0.518970434,659.167,28614.04333,18.0460319,0.470292612,659.167,36200.34,17.57589232,0.493413321,659.167,35257.24,120.1666667,83.83333333,86,83.83333333,-0.791038680313578,-0.766188968724348,-1.73121899508845,-0.844654382153754,-1.1015839465002
"2870-64909","2850-57808","2870-64909_2850-57808",1,"CHR",148,"CHR-148",0,11,8.515313388,0,-25,"CHR_148_2",1,NA,0,4,"no",17.46,13.53066633,0.536423157,673.7936667,27142.51667,38.09591392,0.402625511,609.081,76420.40333,27.94449319,0.41560494,614.7323333,56056.65333,30.02785311,0.437260381,597.723,60235.87333,117.6666667,72,73.16666667,72,-1.20161223267743,-1.04181457232857,1.58743441140814,0.299897629085064,0.507429672720147,17.44,11.46748421,0.514088925,678.7753333,23003.77333,15.37756564,0.515459018,659.167,30847.39667,20.6164008,0.49573159,641.3963333,41356.5,18.7548222,0.472216787,642.151,37622.17333,120.5,NA,100,100,1.57314861302708,-0.709680477568599,-1.54258636344907,-0.393340178166818,-0.847370430038086
"2870-64909","2850-57881","2870-64909_2850-57881",1,"CHR",148,"CHR-148",0,11,9.714686708,0,-11,"CHR_148_2",1,NA,0,4,"no",17.46,13.53066633,0.536423157,673.7936667,27142.51667,38.09591392,0.402625511,609.081,76420.40333,27.94449319,0.41560494,614.7323333,56056.65333,30.02785311,0.437260381,597.723,60235.87333,117.6666667,72,73.16666667,72,-1.20161223267743,-1.04181457232857,1.58743441140814,0.299897629085064,0.507429672720147,16.55,11.73463277,0.535560863,644.7453333,23539.67333,21.93833167,0.494146676,611.004,44008.29333,26.56095214,0.438684751,643.7343333,53281.27,31.59365071,0.464706779,610.6836667,63376.86333,119.6666667,84.83333333,85.83333333,84.83333333,-0.644800291064927,-0.638624988986254,-0.430995767115722,0.650424573294177,1.92107559728725
"2870-65003","2640-97588","2870-65003_2640-97588",1,"CHR",128,"CHR-128",0,10,6.614013398,0,21,"CHR_128_1",1,NA,0,4,"no",16.1,16.80360253,0.508698732,639.3743333,33708.02667,22.7877451,0.460682544,610.6836667,45712.21667,28.35118976,0.447607161,611.3883333,56872.48667,25.32722832,0.473120529,611.068,50806.42,114,75,75,75,-0.419301822817655,-0.102403228098615,-0.933519097390324,0.37142765981447,-0.276029617484009,18.7,11.85018943,0.544837496,653.7273333,23771.48,14.45612662,0.507893605,610.6836667,28998.99,21.21705716,0.471668493,610.6836667,42561.41667,27.50362745,0.462396686,637.0386667,55172.27667,119,87,85,87,-0.327950447205388,-0.607889525035993,-1.69870577771304,-0.287874870450448,1.03914087582914
"2870-65003","2640-97588","2870-65003_2640-97588",2,"CHR",150,"CHR-150",0,11,7.907090795,0,-28,"CHR_150_2",1,NA,0,1,"no",16.1,16.80360253,0.508698732,639.3743333,33708.02667,22.7877451,0.460682544,610.6836667,45712.21667,28.35118976,0.447607161,611.3883333,56872.48667,25.32722832,0.473120529,611.068,50806.42,114,75,75,75,-0.419301822817655,-0.102403228098615,-0.933519097390324,0.37142765981447,-0.276029617484009,18.7,11.85018943,0.544837496,653.7273333,23771.48,14.45612662,0.507893605,610.6836667,28998.99,21.21705716,0.471668493,610.6836667,42561.41667,27.50362745,0.462396686,637.0386667,55172.27667,119,87,85,87,-0.327950447205388,-0.607889525035993,-1.69870577771304,-0.287874870450448,1.03914087582914
"2870-65003","2640-97589","2870-65003_2640-97589",1,"CHR",128,"CHR-128",0,10,13.36803151,0,24,"CHR_128_1",1,NA,0,4,"no",16.1,16.80360253,0.508698732,639.3743333,33708.02667,22.7877451,0.460682544,610.6836667,45712.21667,28.35118976,0.447607161,611.3883333,56872.48667,25.32722832,0.473120529,611.068,50806.42,114,75,75,75,-0.419301822817655,-0.102403228098615,-0.933519097390324,0.37142765981447,-0.276029617484009,16.1,11.8153556,0.523609389,681.183,23701.60333,16.91354271,0.528785659,657.7393333,33928.56667,18.6526321,0.480672665,627.3723333,37417.18,20.65218677,0.48363622,650.113,41428.28667,119,99.66666667,98,99.66666667,1.52440248376499,-0.617154537768401,-1.28234576663637,-0.738145434585443,-0.438240313367936
"2870-65003","2640-97589","2870-65003_2640-97589",2,"CHR",150,"CHR-150",0,11,13.98501706,0,-25,"CHR_150_2",1,NA,0,1,"no",16.1,16.80360253,0.508698732,639.3743333,33708.02667,22.7877451,0.460682544,610.6836667,45712.21667,28.35118976,0.447607161,611.3883333,56872.48667,25.32722832,0.473120529,611.068,50806.42,114,75,75,75,-0.419301822817655,-0.102403228098615,-0.933519097390324,0.37142765981447,-0.276029617484009,16.1,11.8153556,0.523609389,681.183,23701.60333,16.91354271,0.528785659,657.7393333,33928.56667,18.6526321,0.480672665,627.3723333,37417.18,20.65218677,0.48363622,650.113,41428.28667,119,99.66666667,98,99.66666667,1.52440248376499,-0.617154537768401,-1.28234576663637,-0.738145434585443,-0.438240313367936
"2870-65003","2811-83208","2870-65003_2811-83208",1,"CHR",128,"CHR-128",0,10,29.43897383,0,-10,"CHR_128_1",1,NA,0,4,"no",16.1,16.80360253,0.508698732,639.3743333,33708.02667,22.7877451,0.460682544,610.6836667,45712.21667,28.35118976,0.447607161,611.3883333,56872.48667,25.32722832,0.473120529,611.068,50806.42,114,75,75,75,-0.419301822817655,-0.102403228098615,-0.933519097390324,0.37142765981447,-0.276029617484009,16.9,18.73416916,0.484585352,611.004,37580.74333,21.00459455,0.486882121,610.6836667,42135.21667,26.39878531,0.450512144,610.6836667,52955.96333,23.23742606,0.475660646,611.004,46614.27667,118,87,89.5,87,-0.327950447205388,1.22309374175052,-0.589198848477454,0.621950764031026,0.119216734719535
"2870-65003","2811-83208","2870-65003_2811-83208",2,"CHR",150,"CHR-150",0,11,29.77877437,0,-10,"CHR_150_2",1,NA,0,1,"no",16.1,16.80360253,0.508698732,639.3743333,33708.02667,22.7877451,0.460682544,610.6836667,45712.21667,28.35118976,0.447607161,611.3883333,56872.48667,25.32722832,0.473120529,611.068,50806.42,114,75,75,75,-0.419301822817655,-0.102403228098615,-0.933519097390324,0.37142765981447,-0.276029617484009,16.9,18.73416916,0.484585352,611.004,37580.74333,21.00459455,0.486882121,610.6836667,42135.21667,26.39878531,0.450512144,610.6836667,52955.96333,23.23742606,0.475660646,611.004,46614.27667,118,87,89.5,87,-0.327950447205388,1.22309374175052,-0.589198848477454,0.621950764031026,0.119216734719535
"2870-65003","2850-57567","2870-65003_2850-57567",1,"CHR",128,"CHR-128",0,10,8.376653586,0,-12,"CHR_128_1",1,NA,0,4,"no",16.1,16.80360253,0.508698732,639.3743333,33708.02667,22.7877451,0.460682544,610.6836667,45712.21667,28.35118976,0.447607161,611.3883333,56872.48667,25.32722832,0.473120529,611.068,50806.42,114,75,75,75,-0.419301822817655,-0.102403228098615,-0.933519097390324,0.37142765981447,-0.276029617484009,16.6,10.56012296,0.52180729,667.1156667,21183.60667,26.35612994,0.49271154,611.3883333,52870.39667,22.28285809,0.48721335,606.0566667,44699.41333,16.73888169,0.511359264,628.0706667,33578.19667,121.5,102.1666667,102.5,102.1666667,1.88999846127377,-0.951018094883241,0.317511799070068,-0.100737880763292,-1.28206916379613
"2870-65003","2850-57567","2870-65003_2850-57567",2,"CHR",150,"CHR-150",0,0,9.545469371,0,-61,"CHR_150_2",1,NA,0,1,"no",16.1,16.80360253,0.508698732,639.3743333,33708.02667,22.7877451,0.460682544,610.6836667,45712.21667,28.35118976,0.447607161,611.3883333,56872.48667,25.32722832,0.473120529,611.068,50806.42,114,75,75,75,-0.419301822817655,-0.102403228098615,-0.933519097390324,0.37142765981447,-0.276029617484009,16.6,10.56012296,0.52180729,667.1156667,21183.60667,26.35612994,0.49271154,611.3883333,52870.39667,22.28285809,0.48721335,606.0566667,44699.41333,16.73888169,0.511359264,628.0706667,33578.19667,121.5,102.1666667,102.5,102.1666667,1.88999846127377,-0.951018094883241,0.317511799070068,-0.100737880763292,-1.28206916379613
"2870-65003","2850-57570","2870-65003_2850-57570",1,"CHR",128,"CHR-128",0,10,8.987406143,10,0,"CHR_128_1",1,NA,0,4,"no",16.1,16.80360253,0.508698732,639.3743333,33708.02667,22.7877451,0.460682544,610.6836667,45712.21667,28.35118976,0.447607161,611.3883333,56872.48667,25.32722832,0.473120529,611.068,50806.42,114,75,75,75,-0.419301822817655,-0.102403228098615,-0.933519097390324,0.37142765981447,-0.276029617484009,16.51,16.84077767,0.501161039,611.004,33782.6,23.06811898,0.49586693,611.004,46274.64667,25.67366733,0.443766873,611.004,51501.37667,19.07592556,0.494641169,627.6863333,38266.30667,121.5,90,NA,90,0.110764720540566,0.719494330997171,-0.239575901827104,0.494632057389222,-0.778130676530947
"2870-65003","2850-57570","2870-65003_2850-57570",2,"CHR",150,"CHR-150",0,11,7.917279286,0,-29,"CHR_150_2",1,NA,0,1,"no",16.1,16.80360253,0.508698732,639.3743333,33708.02667,22.7877451,0.460682544,610.6836667,45712.21667,28.35118976,0.447607161,611.3883333,56872.48667,25.32722832,0.473120529,611.068,50806.42,114,75,75,75,-0.419301822817655,-0.102403228098615,-0.933519097390324,0.37142765981447,-0.276029617484009,16.51,16.84077767,0.501161039,611.004,33782.6,23.06811898,0.49586693,611.004,46274.64667,25.67366733,0.443766873,611.004,51501.37667,19.07592556,0.494641169,627.6863333,38266.30667,121.5,90,NA,90,0.110764720540566,0.719494330997171,-0.239575901827104,0.494632057389222,-0.778130676530947
"2870-65003","2850-57577","2870-65003_2850-57577",1,"CHR",128,"CHR-128",1,10,0.08,10,0,"CHR_128_1",1,"wp",4,4,"yes",16.1,16.80360253,0.508698732,639.3743333,33708.02667,22.7877451,0.460682544,610.6836667,45712.21667,28.35118976,0.447607161,611.3883333,56872.48667,25.32722832,0.473120529,611.068,50806.42,114,75,75,75,-0.419301822817655,-0.102403228098615,-0.933519097390324,0.37142765981447,-0.276029617484009,18.2,20.92472416,0.512057073,676.164,41974.99667,28.83623131,0.475799583,625.399,57845.48,28.80829345,0.443602398,627.1216667,57789.43667,29.54534563,0.455136562,636.0576667,59267.96333,119,90.83333333,91.16666667,90.83333333,0.232630044426981,1.80573194047972,0.737715377164354,1.04502048301344,1.47939806751422
"2870-65003","2850-57577","2870-65003_2850-57577",2,"CHR",150,"CHR-150",1,11,0.08,11,0,"CHR_150_2",1,"wp",1,1,"yes",16.1,16.80360253,0.508698732,639.3743333,33708.02667,22.7877451,0.460682544,610.6836667,45712.21667,28.35118976,0.447607161,611.3883333,56872.48667,25.32722832,0.473120529,611.068,50806.42,114,75,75,75,-0.419301822817655,-0.102403228098615,-0.933519097390324,0.37142765981447,-0.276029617484009,18.2,20.92472416,0.512057073,676.164,41974.99667,28.83623131,0.475799583,625.399,57845.48,28.80829345,0.443602398,627.1216667,57789.43667,29.54534563,0.455136562,636.0576667,59267.96333,119,90.83333333,91.16666667,90.83333333,0.232630044426981,1.80573194047972,0.737715377164354,1.04502048301344,1.47939806751422
"2870-65003","2850-57578","2870-65003_2850-57578",1,"CHR",128,"CHR-128",0,10,10.85140017,7,-4,"CHR_128_1",1,NA,0,4,"no",16.1,16.80360253,0.508698732,639.3743333,33708.02667,22.7877451,0.460682544,610.6836667,45712.21667,28.35118976,0.447607161,611.3883333,56872.48667,25.32722832,0.473120529,611.068,50806.42,114,75,75,75,-0.419301822817655,-0.102403228098615,-0.933519097390324,0.37142765981447,-0.276029617484009,17.2,10.81633932,0.556799001,678.4426667,21697.57667,15.67680791,0.517385329,657.4626667,31447.67667,20.72179628,0.496782872,642.7923333,41567.92333,11.67128448,0.547842632,659.167,23412.59667,119,91.5,91.5,91.5,0.330122304413543,-0.882870324808829,-1.49188574528399,-0.374834477619313,-2.37479887454678
"2870-65003","2850-57578","2870-65003_2850-57578",2,"CHR",150,"CHR-150",0,11,11.41512847,7,-3,"CHR_150_2",1,NA,0,1,"no",16.1,16.80360253,0.508698732,639.3743333,33708.02667,22.7877451,0.460682544,610.6836667,45712.21667,28.35118976,0.447607161,611.3883333,56872.48667,25.32722832,0.473120529,611.068,50806.42,114,75,75,75,-0.419301822817655,-0.102403228098615,-0.933519097390324,0.37142765981447,-0.276029617484009,17.2,10.81633932,0.556799001,678.4426667,21697.57667,15.67680791,0.517385329,657.4626667,31447.67667,20.72179628,0.496782872,642.7923333,41567.92333,11.67128448,0.547842632,659.167,23412.59667,119,91.5,91.5,91.5,0.330122304413543,-0.882870324808829,-1.49188574528399,-0.374834477619313,-2.37479887454678
"2870-65003","2850-57579","2870-65003_2850-57579",1,"CHR",128,"CHR-128",0,10,18.57789804,2,8,"CHR_128_1",1,NA,0,4,"no",16.1,16.80360253,0.508698732,639.3743333,33708.02667,22.7877451,0.460682544,610.6836667,45712.21667,28.35118976,0.447607161,611.3883333,56872.48667,25.32722832,0.473120529,611.068,50806.42,114,75,75,75,-0.419301822817655,-0.102403228098615,-0.933519097390324,0.37142765981447,-0.276029617484009,16.3,11.31949153,0.533256519,660.737,22706.9,24.77905949,0.48852106,617.005,49706.79333,18.07848455,0.49353373,627.3723333,36265.44,24.4043104,0.499147361,611.004,48955.04667,118.5,93.5,92,93.5,0.622599082910845,-0.749043190899379,0.0503087508346794,-0.838956234350139,0.37083286253875
"2870-65003","2850-57579","2870-65003_2850-57579",2,"CHR",150,"CHR-150",0,1,19.6399152,0,-41,"CHR_150_2",1,NA,0,1,"no",16.1,16.80360253,0.508698732,639.3743333,33708.02667,22.7877451,0.460682544,610.6836667,45712.21667,28.35118976,0.447607161,611.3883333,56872.48667,25.32722832,0.473120529,611.068,50806.42,114,75,75,75,-0.419301822817655,-0.102403228098615,-0.933519097390324,0.37142765981447,-0.276029617484009,16.3,11.31949153,0.533256519,660.737,22706.9,24.77905949,0.48852106,617.005,49706.79333,18.07848455,0.49353373,627.3723333,36265.44,24.4043104,0.499147361,611.004,48955.04667,118.5,93.5,92,93.5,0.622599082910845,-0.749043190899379,0.0503087508346794,-0.838956234350139,0.37083286253875
"2870-65003","2850-57580","2870-65003_2850-57580",1,"CHR",128,"CHR-128",0,10,24.26838259,1,-9,"CHR_128_1",1,NA,0,4,"no",16.1,16.80360253,0.508698732,639.3743333,33708.02667,22.7877451,0.460682544,610.6836667,45712.21667,28.35118976,0.447607161,611.3883333,56872.48667,25.32722832,0.473120529,611.068,50806.42,114,75,75,75,-0.419301822817655,-0.102403228098615,-0.933519097390324,0.37142765981447,-0.276029617484009,16.2,9.142844799,0.560214832,667.427,18340.54667,27.48113161,0.465556814,625.399,55127.15,22.9424111,0.468469624,647.108,46022.47667,30.74621137,0.465611781,608.7603333,61676.9,117.5,87.83333333,NA,87.83333333,-0.206085123318973,-1.32798210392354,0.508120833367745,0.0150687031458652,1.73834162958958
"2870-65003","2850-57580","2870-65003_2850-57580",2,"CHR",150,"CHR-150",0,0,24.62128642,0,-58,"CHR_150_2",1,NA,0,1,"no",16.1,16.80360253,0.508698732,639.3743333,33708.02667,22.7877451,0.460682544,610.6836667,45712.21667,28.35118976,0.447607161,611.3883333,56872.48667,25.32722832,0.473120529,611.068,50806.42,114,75,75,75,-0.419301822817655,-0.102403228098615,-0.933519097390324,0.37142765981447,-0.276029617484009,16.2,9.142844799,0.560214832,667.427,18340.54667,27.48113161,0.465556814,625.399,55127.15,22.9424111,0.468469624,647.108,46022.47667,30.74621137,0.465611781,608.7603333,61676.9,117.5,87.83333333,NA,87.83333333,-0.206085123318973,-1.32798210392354,0.508120833367745,0.0150687031458652,1.73834162958958
"2870-65003","2850-57581","2870-65003_2850-57581",1,"CHR",128,"CHR-128",0,10,24.06060461,0,-19,"CHR_128_1",1,NA,0,4,"no",16.1,16.80360253,0.508698732,639.3743333,33708.02667,22.7877451,0.460682544,610.6836667,45712.21667,28.35118976,0.447607161,611.3883333,56872.48667,25.32722832,0.473120529,611.068,50806.42,114,75,75,75,-0.419301822817655,-0.102403228098615,-0.933519097390324,0.37142765981447,-0.276029617484009,15.5,12.5018158,0.557442636,674.1035,25078.6425,18.94245264,0.521103483,641.0916667,37998.56,27.0381655,0.472765016,616.0483333,54238.56,19.62838485,0.524143762,664.102,39374.54,116,82.5,83,82.5,-0.986023198824319,-0.434571614980667,-0.938587554762546,0.734215334884986,-0.659003473806166
"2870-65003","2850-57581","2870-65003_2850-57581",2,"CHR",150,"CHR-150",0,11,26.57651967,0,-19,"CHR_150_2",1,NA,0,1,"no",16.1,16.80360253,0.508698732,639.3743333,33708.02667,22.7877451,0.460682544,610.6836667,45712.21667,28.35118976,0.447607161,611.3883333,56872.48667,25.32722832,0.473120529,611.068,50806.42,114,75,75,75,-0.419301822817655,-0.102403228098615,-0.933519097390324,0.37142765981447,-0.276029617484009,15.5,12.5018158,0.557442636,674.1035,25078.6425,18.94245264,0.521103483,641.0916667,37998.56,27.0381655,0.472765016,616.0483333,54238.56,19.62838485,0.524143762,664.102,39374.54,116,82.5,83,82.5,-0.986023198824319,-0.434571614980667,-0.938587554762546,0.734215334884986,-0.659003473806166
"2870-65003","2850-57582","2870-65003_2850-57582",1,"CHR",128,"CHR-128",0,10,25.50292221,0,-11,"CHR_128_1",1,NA,0,4,"no",16.1,16.80360253,0.508698732,639.3743333,33708.02667,22.7877451,0.460682544,610.6836667,45712.21667,28.35118976,0.447607161,611.3883333,56872.48667,25.32722832,0.473120529,611.068,50806.42,114,75,75,75,-0.419301822817655,-0.102403228098615,-0.933519097390324,0.37142765981447,-0.276029617484009,15.9,NA,NA,NA,NA,28.49882187,0.467628455,626.7313333,57168.63667,24.79582419,0.471185748,627.0583333,49740.42333,10.86734629,0.526212895,643.7406667,21799.89667,118,88.5,86,88.5,-0.108592863332411,NA,0.68054809534039,0.340497342347155,-2.54815265729939
"2870-65003","2850-57582","2870-65003_2850-57582",2,"CHR",150,"CHR-150",0,11,25.11259272,3,-8,"CHR_150_2",1,NA,0,1,"no",16.1,16.80360253,0.508698732,639.3743333,33708.02667,22.7877451,0.460682544,610.6836667,45712.21667,28.35118976,0.447607161,611.3883333,56872.48667,25.32722832,0.473120529,611.068,50806.42,114,75,75,75,-0.419301822817655,-0.102403228098615,-0.933519097390324,0.37142765981447,-0.276029617484009,15.9,NA,NA,NA,NA,28.49882187,0.467628455,626.7313333,57168.63667,24.79582419,0.471185748,627.0583333,49740.42333,10.86734629,0.526212895,643.7406667,21799.89667,118,88.5,86,88.5,-0.108592863332411,NA,0.68054809534039,0.340497342347155,-2.54815265729939
"2870-65003","2850-57589","2870-65003_2850-57589",1,"CHR",128,"CHR-128",0,10,18.96419155,0,-13,"CHR_128_1",1,NA,0,4,"no",16.1,16.80360253,0.508698732,639.3743333,33708.02667,22.7877451,0.460682544,610.6836667,45712.21667,28.35118976,0.447607161,611.3883333,56872.48667,25.32722832,0.473120529,611.068,50806.42,114,75,75,75,-0.419301822817655,-0.102403228098615,-0.933519097390324,0.37142765981447,-0.276029617484009,17.5,12.65077601,0.531237153,675.7903333,25377.45667,16.92662014,0.501144529,627.3723333,33954.8,19.27879528,0.490091496,643.7406667,38673.26333,19.52571951,0.519492939,627.6863333,39168.59333,119.8333333,97,96.5,97,1.13443344528112,-0.394951560502818,-1.28013005765578,-0.628201551764721,-0.681141276522795
"2870-65003","2850-57589","2870-65003_2850-57589",2,"CHR",150,"CHR-150",0,11,20.62371574,1,-9,"CHR_150_2",1,NA,0,1,"no",16.1,16.80360253,0.508698732,639.3743333,33708.02667,22.7877451,0.460682544,610.6836667,45712.21667,28.35118976,0.447607161,611.3883333,56872.48667,25.32722832,0.473120529,611.068,50806.42,114,75,75,75,-0.419301822817655,-0.102403228098615,-0.933519097390324,0.37142765981447,-0.276029617484009,17.5,12.65077601,0.531237153,675.7903333,25377.45667,16.92662014,0.501144529,627.3723333,33954.8,19.27879528,0.490091496,643.7406667,38673.26333,19.52571951,0.519492939,627.6863333,39168.59333,119.8333333,97,96.5,97,1.13443344528112,-0.394951560502818,-1.28013005765578,-0.628201551764721,-0.681141276522795
"2870-65003","2850-57620","2870-65003_2850-57620",1,"CHR",128,"CHR-128",0,10,8.922176166,0,-10,"CHR_128_1",1,NA,0,4,"no",16.1,16.80360253,0.508698732,639.3743333,33708.02667,22.7877451,0.460682544,610.6836667,45712.21667,28.35118976,0.447607161,611.3883333,56872.48667,25.32722832,0.473120529,611.068,50806.42,114,75,75,75,-0.419301822817655,-0.102403228098615,-0.933519097390324,0.37142765981447,-0.276029617484009,18.2,8.903889997,0.510576941,627.6863333,17861.20333,21.60838485,0.492100236,611.004,43346.42,22.72290794,0.464821292,611.004,45582.15333,21.84048023,0.466018925,627.6863333,43812.00333,121,87,84,87,-0.327950447205388,-1.39153868908802,-0.486898657224134,-0.0234724159627646,-0.182007721268793
"2870-65003","2850-57620","2870-65003_2850-57620",2,"CHR",150,"CHR-150",0,11,9.707677172,0,-10,"CHR_150_2",1,NA,0,1,"no",16.1,16.80360253,0.508698732,639.3743333,33708.02667,22.7877451,0.460682544,610.6836667,45712.21667,28.35118976,0.447607161,611.3883333,56872.48667,25.32722832,0.473120529,611.068,50806.42,114,75,75,75,-0.419301822817655,-0.102403228098615,-0.933519097390324,0.37142765981447,-0.276029617484009,18.2,8.903889997,0.510576941,627.6863333,17861.20333,21.60838485,0.492100236,611.004,43346.42,22.72290794,0.464821292,611.004,45582.15333,21.84048023,0.466018925,627.6863333,43812.00333,121,87,84,87,-0.327950447205388,-1.39153868908802,-0.486898657224134,-0.0234724159627646,-0.182007721268793
"2870-65003","2850-57647","2870-65003_2850-57647",1,"CHR",128,"CHR-128",0,10,13.3869908,6,-5,"CHR_128_1",1,NA,0,4,"no",16.1,16.80360253,0.508698732,639.3743333,33708.02667,22.7877451,0.460682544,610.6836667,45712.21667,28.35118976,0.447607161,611.3883333,56872.48667,25.32722832,0.473120529,611.068,50806.42,114,75,75,75,-0.419301822817655,-0.102403228098615,-0.933519097390324,0.37142765981447,-0.276029617484009,15.8,12.89783981,0.543297932,643.7406667,25873.06667,28.1838767,0.473800388,617.439,56536.85667,25.45478232,0.436115595,638.1653333,51062.29333,20.55910934,0.502370676,626.097,41241.57333,122.1666667,85.83333333,87.33333333,85.83333333,-0.498561901816276,-0.329238164855052,0.627186934809475,0.456199475181733,-0.458310668004767
"2870-65003","2850-57647","2870-65003_2850-57647",2,"CHR",150,"CHR-150",0,11,14.0212532,11,0,"CHR_150_2",1,NA,0,1,"no",16.1,16.80360253,0.508698732,639.3743333,33708.02667,22.7877451,0.460682544,610.6836667,45712.21667,28.35118976,0.447607161,611.3883333,56872.48667,25.32722832,0.473120529,611.068,50806.42,114,75,75,75,-0.419301822817655,-0.102403228098615,-0.933519097390324,0.37142765981447,-0.276029617484009,15.8,12.89783981,0.543297932,643.7406667,25873.06667,28.1838767,0.473800388,617.439,56536.85667,25.45478232,0.436115595,638.1653333,51062.29333,20.55910934,0.502370676,626.097,41241.57333,122.1666667,85.83333333,87.33333333,85.83333333,-0.498561901816276,-0.329238164855052,0.627186934809475,0.456199475181733,-0.458310668004767
"2870-65003","2850-57653","2870-65003_2850-57653",1,"CHR",128,"CHR-128",0,10,5.150742905,0,-10,"CHR_128_1",1,NA,0,4,"no",16.1,16.80360253,0.508698732,639.3743333,33708.02667,22.7877451,0.460682544,610.6836667,45712.21667,28.35118976,0.447607161,611.3883333,56872.48667,25.32722832,0.473120529,611.068,50806.42,114,75,75,75,-0.419301822817655,-0.102403228098615,-0.933519097390324,0.37142765981447,-0.276029617484009,16.37,8.467490861,0.535457505,660.1716667,16985.78667,27.15053506,0.465647634,659.167,54463.97333,21.8547225,0.470898637,665.8,43840.57333,15.40861914,0.497215455,659.167,30909.69,119.3333333,78,76.33333333,78,-1.64409595044325,-1.50761101163916,0.452107859504655,-0.175911398852204,-1.56891465511013
"2870-65003","2850-57653","2870-65003_2850-57653",2,"CHR",150,"CHR-150",0,11,7.973090562,0,-26,"CHR_150_2",1,NA,0,1,"no",16.1,16.80360253,0.508698732,639.3743333,33708.02667,22.7877451,0.460682544,610.6836667,45712.21667,28.35118976,0.447607161,611.3883333,56872.48667,25.32722832,0.473120529,611.068,50806.42,114,75,75,75,-0.419301822817655,-0.102403228098615,-0.933519097390324,0.37142765981447,-0.276029617484009,16.37,8.467490861,0.535457505,660.1716667,16985.78667,27.15053506,0.465647634,659.167,54463.97333,21.8547225,0.470898637,665.8,43840.57333,15.40861914,0.497215455,659.167,30909.69,119.3333333,78,76.33333333,78,-1.64409595044325,-1.50761101163916,0.452107859504655,-0.175911398852204,-1.56891465511013
"2870-65003","2850-57669","2870-65003_2850-57669",1,"CHR",128,"CHR-128",0,10,11.6279427,1,-10,"CHR_128_1",1,NA,0,4,"no",16.1,16.80360253,0.508698732,639.3743333,33708.02667,22.7877451,0.460682544,610.6836667,45712.21667,28.35118976,0.447607161,611.3883333,56872.48667,25.32722832,0.473120529,611.068,50806.42,114,75,75,75,-0.419301822817655,-0.102403228098615,-0.933519097390324,0.37142765981447,-0.276029617484009,17.82,14.07982054,0.504204618,611.004,28244.12,27.72719176,0.47617904,611.004,55620.74667,17.24374875,0.494612283,611.004,34590.96,18.57412762,0.508699718,611.004,37259.7,123.8333333,89.66666667,90,89.66666667,0.0620185912784761,-0.0148579628241403,0.549810804877425,-0.985522014505819,-0.886333735122392
"2870-65003","2850-57669","2870-65003_2850-57669",2,"CHR",150,"CHR-150",0,11,14.66795339,6,-5,"CHR_150_2",1,NA,0,1,"no",16.1,16.80360253,0.508698732,639.3743333,33708.02667,22.7877451,0.460682544,610.6836667,45712.21667,28.35118976,0.447607161,611.3883333,56872.48667,25.32722832,0.473120529,611.068,50806.42,114,75,75,75,-0.419301822817655,-0.102403228098615,-0.933519097390324,0.37142765981447,-0.276029617484009,17.82,14.07982054,0.504204618,611.004,28244.12,27.72719176,0.47617904,611.004,55620.74667,17.24374875,0.494612283,611.004,34590.96,18.57412762,0.508699718,611.004,37259.7,123.8333333,89.66666667,90,89.66666667,0.0620185912784761,-0.0148579628241403,0.549810804877425,-0.985522014505819,-0.886333735122392
"2870-65003","2850-57671","2870-65003_2850-57671",1,"CHR",128,"CHR-128",0,10,28.42927924,5,-6,"CHR_128_1",1,NA,0,4,"no",16.1,16.80360253,0.508698732,639.3743333,33708.02667,22.7877451,0.460682544,610.6836667,45712.21667,28.35118976,0.447607161,611.3883333,56872.48667,25.32722832,0.473120529,611.068,50806.42,114,75,75,75,-0.419301822817655,-0.102403228098615,-0.933519097390324,0.37142765981447,-0.276029617484009,17.53,16.28350449,0.48181303,667.733,32664.71,28.84180791,0.479499655,593.4133333,57856.66667,23.68146062,0.459973843,641.034,47505.01,25.7482569,0.475226128,607.0326667,51651.00333,117.8333333,75.83333333,83.16666667,75.83333333,-1.96094579430279,0.571272240341928,0.738660220509044,0.144833557453636,0.660629034048076
"2870-65003","2850-57671","2870-65003_2850-57671",2,"CHR",150,"CHR-150",0,0,28.57936034,0,-55,"CHR_150_2",1,NA,0,1,"no",16.1,16.80360253,0.508698732,639.3743333,33708.02667,22.7877451,0.460682544,610.6836667,45712.21667,28.35118976,0.447607161,611.3883333,56872.48667,25.32722832,0.473120529,611.068,50806.42,114,75,75,75,-0.419301822817655,-0.102403228098615,-0.933519097390324,0.37142765981447,-0.276029617484009,17.53,16.28350449,0.48181303,667.733,32664.71,28.84180791,0.479499655,593.4133333,57856.66667,23.68146062,0.459973843,641.034,47505.01,25.7482569,0.475226128,607.0326667,51651.00333,117.8333333,75.83333333,83.16666667,75.83333333,-1.96094579430279,0.571272240341928,0.738660220509044,0.144833557453636,0.660629034048076
"2870-65003","2850-57731","2870-65003_2850-57731",1,"CHR",128,"CHR-128",0,10,13.66075475,0,21,"CHR_128_1",1,NA,0,4,"no",16.1,16.80360253,0.508698732,639.3743333,33708.02667,22.7877451,0.460682544,610.6836667,45712.21667,28.35118976,0.447607161,611.3883333,56872.48667,25.32722832,0.473120529,611.068,50806.42,114,75,75,75,-0.419301822817655,-0.102403228098615,-0.933519097390324,0.37142765981447,-0.276029617484009,15.9,10.9634214,0.500436597,689.138,21992.62333,23.24545364,0.49159359,611.004,46630.38,18.5751562,0.456752009,611.004,37261.76333,24.60593387,0.474122334,611.004,49359.50333,119,91,92.33333333,91,0.257003109789217,-0.84374981052978,-0.209530090170569,-0.751748919336863,0.414309079555146
"2870-65003","2850-57731","2870-65003_2850-57731",2,"CHR",150,"CHR-150",0,11,10.45609907,0,13,"CHR_150_2",1,NA,0,1,"no",16.1,16.80360253,0.508698732,639.3743333,33708.02667,22.7877451,0.460682544,610.6836667,45712.21667,28.35118976,0.447607161,611.3883333,56872.48667,25.32722832,0.473120529,611.068,50806.42,114,75,75,75,-0.419301822817655,-0.102403228098615,-0.933519097390324,0.37142765981447,-0.276029617484009,15.9,10.9634214,0.500436597,689.138,21992.62333,23.24545364,0.49159359,611.004,46630.38,18.5751562,0.456752009,611.004,37261.76333,24.60593387,0.474122334,611.004,49359.50333,119,91,92.33333333,91,0.257003109789217,-0.84374981052978,-0.209530090170569,-0.751748919336863,0.414309079555146
"2870-65003","2850-57733","2870-65003_2850-57733",2,"CHR",150,"CHR-150",0,11,22.11213637,0,12,"CHR_150_2",1,NA,0,1,"no",16.1,16.80360253,0.508698732,639.3743333,33708.02667,22.7877451,0.460682544,610.6836667,45712.21667,28.35118976,0.447607161,611.3883333,56872.48667,25.32722832,0.473120529,611.068,50806.42,114,75,75,75,-0.419301822817655,-0.102403228098615,-0.933519097390324,0.37142765981447,-0.276029617484009,15.66,14.84394317,0.488091858,680.0823333,29776.95,20.45213858,0.480742509,611.004,41026.99,22.3788767,0.481773003,627.3723333,44892.02667,18.61630941,0.474711747,611.004,37344.31667,121.6666667,NA,102,102,1.86562539152438,0.188381413841325,-0.682801464137293,-0.0838786032720019,-0.877238044743787
"2870-65003","2850-57733","2870-65003_2850-57733",1,"CHR",128,"CHR-128",0,0,21.73798496,0,15,"CHR_128_1",1,NA,0,4,"no",16.1,16.80360253,0.508698732,639.3743333,33708.02667,22.7877451,0.460682544,610.6836667,45712.21667,28.35118976,0.447607161,611.3883333,56872.48667,25.32722832,0.473120529,611.068,50806.42,114,75,75,75,-0.419301822817655,-0.102403228098615,-0.933519097390324,0.37142765981447,-0.276029617484009,15.66,14.84394317,0.488091858,680.0823333,29776.95,20.45213858,0.480742509,611.004,41026.99,22.3788767,0.481773003,627.3723333,44892.02667,18.61630941,0.474711747,611.004,37344.31667,121.6666667,NA,102,102,1.86562539152438,0.188381413841325,-0.682801464137293,-0.0838786032720019,-0.877238044743787
"2870-65003","2850-57742","2870-65003_2850-57742",1,"CHR",128,"CHR-128",0,10,15.75477188,0,-20,"CHR_128_1",1,NA,0,4,"no",16.1,16.80360253,0.508698732,639.3743333,33708.02667,22.7877451,0.460682544,610.6836667,45712.21667,28.35118976,0.447607161,611.3883333,56872.48667,25.32722832,0.473120529,611.068,50806.42,114,75,75,75,-0.419301822817655,-0.102403228098615,-0.933519097390324,0.37142765981447,-0.276029617484009,16.98,13.00562645,0.511030769,671.763,26089.28667,26.1463443,0.49002744,625.0783333,52449.56667,26.30566135,0.456120566,609.081,52769.15667,22.8044882,0.51172569,659.167,45745.80333,118,93,92,93,0.54947988828652,-0.300569350889335,0.281967817833205,0.605599739133584,0.0258620257862253
"2870-65003","2850-57742","2870-65003_2850-57742",2,"CHR",150,"CHR-150",0,11,18.33185936,0,-23,"CHR_150_2",1,NA,0,1,"no",16.1,16.80360253,0.508698732,639.3743333,33708.02667,22.7877451,0.460682544,610.6836667,45712.21667,28.35118976,0.447607161,611.3883333,56872.48667,25.32722832,0.473120529,611.068,50806.42,114,75,75,75,-0.419301822817655,-0.102403228098615,-0.933519097390324,0.37142765981447,-0.276029617484009,16.98,13.00562645,0.511030769,671.763,26089.28667,26.1463443,0.49002744,625.0783333,52449.56667,26.30566135,0.456120566,609.081,52769.15667,22.8044882,0.51172569,659.167,45745.80333,118,93,92,93,0.54947988828652,-0.300569350889335,0.281967817833205,0.605599739133584,0.0258620257862253
"2870-65003","2850-57744","2870-65003_2850-57744",1,"CHR",128,"CHR-128",0,10,26.62753665,9,-2,"CHR_128_1",1,NA,0,4,"no",16.1,16.80360253,0.508698732,639.3743333,33708.02667,22.7877451,0.460682544,610.6836667,45712.21667,28.35118976,0.447607161,611.3883333,56872.48667,25.32722832,0.473120529,611.068,50806.42,114,75,75,75,-0.419301822817655,-0.102403228098615,-0.933519097390324,0.37142765981447,-0.276029617484009,14.77,24.63866733,0.441897015,611.004,49425.16667,20.45419575,0.491736389,610.6836667,41031.11667,20.25567464,0.470934773,627.6863333,40632.88333,16.45550847,0.489979153,643.7406667,33009.75,116,84.5,NA,84.5,-0.693546420327017,2.79355701620318,-0.682452917821725,-0.456677716898191,-1.34317313948584
"2870-65003","2850-57744","2870-65003_2850-57744",2,"CHR",150,"CHR-150",0,11,27.06540954,10,1,"CHR_150_2",1,NA,0,1,"no",16.1,16.80360253,0.508698732,639.3743333,33708.02667,22.7877451,0.460682544,610.6836667,45712.21667,28.35118976,0.447607161,611.3883333,56872.48667,25.32722832,0.473120529,611.068,50806.42,114,75,75,75,-0.419301822817655,-0.102403228098615,-0.933519097390324,0.37142765981447,-0.276029617484009,14.77,24.63866733,0.441897015,611.004,49425.16667,20.45419575,0.491736389,610.6836667,41031.11667,20.25567464,0.470934773,627.6863333,40632.88333,16.45550847,0.489979153,643.7406667,33009.75,116,84.5,NA,84.5,-0.693546420327017,2.79355701620318,-0.682452917821725,-0.456677716898191,-1.34317313948584
"2870-65003","2850-57745","2870-65003_2850-57745",1,"CHR",128,"CHR-128",0,10,1.750754902,0,-15,"CHR_128_1",1,NA,0,4,"no",16.1,16.80360253,0.508698732,639.3743333,33708.02667,22.7877451,0.460682544,610.6836667,45712.21667,28.35118976,0.447607161,611.3883333,56872.48667,25.32722832,0.473120529,611.068,50806.42,114,75,75,75,-0.419301822817655,-0.102403228098615,-0.933519097390324,0.37142765981447,-0.276029617484009,16.33,11.89491525,0.520998035,667.1156667,23861.2,19.28173812,0.496153459,634.065,38679.16667,21.88407444,0.484884869,657.7393333,43899.45333,26.3850565,0.474305256,645.4026667,52928.42333,118,85,86,85,-0.620427225702691,-0.59599346618265,-0.881102415479132,-0.170757684365318,0.797942599802867
"2870-65003","2850-57745","2870-65003_2850-57745",2,"CHR",150,"CHR-150",0,11,3.621011196,0,-29,"CHR_150_2",1,NA,0,1,"no",16.1,16.80360253,0.508698732,639.3743333,33708.02667,22.7877451,0.460682544,610.6836667,45712.21667,28.35118976,0.447607161,611.3883333,56872.48667,25.32722832,0.473120529,611.068,50806.42,114,75,75,75,-0.419301822817655,-0.102403228098615,-0.933519097390324,0.37142765981447,-0.276029617484009,16.33,11.89491525,0.520998035,667.1156667,23861.2,19.28173812,0.496153459,634.065,38679.16667,21.88407444,0.484884869,657.7393333,43899.45333,26.3850565,0.474305256,645.4026667,52928.42333,118,85,86,85,-0.620427225702691,-0.59599346618265,-0.881102415479132,-0.170757684365318,0.797942599802867
"2870-65003","2850-57806","2870-65003_2850-57806",1,"CHR",128,"CHR-128",0,10,6.207264631,0,-23,"CHR_128_1",1,NA,0,4,"no",16.1,16.80360253,0.508698732,639.3743333,33708.02667,22.7877451,0.460682544,610.6836667,45712.21667,28.35118976,0.447607161,611.3883333,56872.48667,25.32722832,0.473120529,611.068,50806.42,114,75,75,75,-0.419301822817655,-0.102403228098615,-0.933519097390324,0.37142765981447,-0.276029617484009,15.88,11.25502825,0.516086951,669.4676667,22577.58667,14.26422898,0.518970434,659.167,28614.04333,18.0460319,0.470292612,659.167,36200.34,17.57589232,0.493413321,659.167,35257.24,120.1666667,83.83333333,86,83.83333333,-0.791038680313578,-0.766188968724348,-1.73121899508845,-0.844654382153754,-1.1015839465002
"2870-65003","2850-57806","2870-65003_2850-57806",2,"CHR",150,"CHR-150",0,11,5.738242995,0,-20,"CHR_150_2",1,NA,0,1,"no",16.1,16.80360253,0.508698732,639.3743333,33708.02667,22.7877451,0.460682544,610.6836667,45712.21667,28.35118976,0.447607161,611.3883333,56872.48667,25.32722832,0.473120529,611.068,50806.42,114,75,75,75,-0.419301822817655,-0.102403228098615,-0.933519097390324,0.37142765981447,-0.276029617484009,15.88,11.25502825,0.516086951,669.4676667,22577.58667,14.26422898,0.518970434,659.167,28614.04333,18.0460319,0.470292612,659.167,36200.34,17.57589232,0.493413321,659.167,35257.24,120.1666667,83.83333333,86,83.83333333,-0.791038680313578,-0.766188968724348,-1.73121899508845,-0.844654382153754,-1.1015839465002
"2870-65003","2850-57808","2870-65003_2850-57808",1,"CHR",128,"CHR-128",0,10,12.51519135,0,-23,"CHR_128_1",1,NA,0,4,"no",16.1,16.80360253,0.508698732,639.3743333,33708.02667,22.7877451,0.460682544,610.6836667,45712.21667,28.35118976,0.447607161,611.3883333,56872.48667,25.32722832,0.473120529,611.068,50806.42,114,75,75,75,-0.419301822817655,-0.102403228098615,-0.933519097390324,0.37142765981447,-0.276029617484009,17.44,11.46748421,0.514088925,678.7753333,23003.77333,15.37756564,0.515459018,659.167,30847.39667,20.6164008,0.49573159,641.3963333,41356.5,18.7548222,0.472216787,642.151,37622.17333,120.5,NA,100,100,1.57314861302708,-0.709680477568599,-1.54258636344907,-0.393340178166818,-0.847370430038086
"2870-65003","2850-57808","2870-65003_2850-57808",2,"CHR",150,"CHR-150",0,11,13.87186793,0,-24,"CHR_150_2",1,NA,0,1,"no",16.1,16.80360253,0.508698732,639.3743333,33708.02667,22.7877451,0.460682544,610.6836667,45712.21667,28.35118976,0.447607161,611.3883333,56872.48667,25.32722832,0.473120529,611.068,50806.42,114,75,75,75,-0.419301822817655,-0.102403228098615,-0.933519097390324,0.37142765981447,-0.276029617484009,17.44,11.46748421,0.514088925,678.7753333,23003.77333,15.37756564,0.515459018,659.167,30847.39667,20.6164008,0.49573159,641.3963333,41356.5,18.7548222,0.472216787,642.151,37622.17333,120.5,NA,100,100,1.57314861302708,-0.709680477568599,-1.54258636344907,-0.393340178166818,-0.847370430038086
"2870-65003","2850-57881","2870-65003_2850-57881",1,"CHR",128,"CHR-128",0,10,11.9443778,0,-18,"CHR_128_1",1,NA,0,4,"no",16.1,16.80360253,0.508698732,639.3743333,33708.02667,22.7877451,0.460682544,610.6836667,45712.21667,28.35118976,0.447607161,611.3883333,56872.48667,25.32722832,0.473120529,611.068,50806.42,114,75,75,75,-0.419301822817655,-0.102403228098615,-0.933519097390324,0.37142765981447,-0.276029617484009,16.55,11.73463277,0.535560863,644.7453333,23539.67333,21.93833167,0.494146676,611.004,44008.29333,26.56095214,0.438684751,643.7343333,53281.27,31.59365071,0.464706779,610.6836667,63376.86333,119.6666667,84.83333333,85.83333333,84.83333333,-0.644800291064927,-0.638624988986254,-0.430995767115722,0.650424573294177,1.92107559728725
"2870-65003","2850-57881","2870-65003_2850-57881",2,"CHR",150,"CHR-150",0,11,12.75965136,0,-10,"CHR_150_2",1,NA,0,1,"no",16.1,16.80360253,0.508698732,639.3743333,33708.02667,22.7877451,0.460682544,610.6836667,45712.21667,28.35118976,0.447607161,611.3883333,56872.48667,25.32722832,0.473120529,611.068,50806.42,114,75,75,75,-0.419301822817655,-0.102403228098615,-0.933519097390324,0.37142765981447,-0.276029617484009,16.55,11.73463277,0.535560863,644.7453333,23539.67333,21.93833167,0.494146676,611.004,44008.29333,26.56095214,0.438684751,643.7343333,53281.27,31.59365071,0.464706779,610.6836667,63376.86333,119.6666667,84.83333333,85.83333333,84.83333333,-0.644800291064927,-0.638624988986254,-0.430995767115722,0.650424573294177,1.92107559728725
"2850-57551","2850-57674","2850-57551_2850-57674",1,"Struthers",10,"Struthers-10",0,0,5.669336022,0,81,"Struthers_10_1",1,NA,0,5,"no",19,21.72451147,0.519022756,619.0316667,43579.37,25.07222499,0.496796279,617.439,50294.88333,24.04588401,0.474288937,631.0536667,48236.04333,29.70191592,0.461660687,632.079,59582.04333,120.5,77.5,78,77.5,0.232623518732157,1.31001589640452,-0.557310312251316,-0.385792034949576,0.453105294379681,17.49,15.36206547,0.525460468,686.4013333,30816.30333,21.17854271,0.51035659,688.3933333,42484.15667,19.32716683,0.489049527,682.4233333,38770.29667,21.16911266,0.514089369,678.0256667,42465.24,120,87.5,87.5,87.5,-0.254831252581063,0.326190253881146,-0.559726811519982,-0.619708308797199,-0.326775203799921
"2850-57551","2850-57674","2850-57551_2850-57674",2,"Struthers",20,"Struthers-20",0,0,5.664082546,0,35,"Struthers_20_2",1,NA,0,5,"no",19,21.72451147,0.519022756,619.0316667,43579.37,25.07222499,0.496796279,617.439,50294.88333,24.04588401,0.474288937,631.0536667,48236.04333,29.70191592,0.461660687,632.079,59582.04333,120.5,77.5,78,77.5,0.232623518732157,1.31001589640452,-0.557310312251316,-0.385792034949576,0.453105294379681,17.49,15.36206547,0.525460468,686.4013333,30816.30333,21.17854271,0.51035659,688.3933333,42484.15667,19.32716683,0.489049527,682.4233333,38770.29667,21.16911266,0.514089369,678.0256667,42465.24,120,87.5,87.5,87.5,-0.254831252581063,0.326190253881146,-0.559726811519982,-0.619708308797199,-0.326775203799921
"2850-57575","2850-57675","2850-57575_2850-57675",1,"Cooks",4,"Cooks-4",0,0,3.497611712,0,32,"Cooks_4_1",1,NA,0,4,"no",19.8,17.39330841,0.525583019,627.6863333,34890.97667,38.62646062,0.440771487,634.7333333,77484.68,29.39766035,0.430465732,587.3956667,58971.70667,30.38286142,0.442822349,660.737,60948.02,118.1666667,73.33333333,76.5,73.33333333,-0.853918718053429,0.0668565312059226,1.67480498986682,0.555481519575614,0.566599372705749,16.13,21.83237454,0.479320618,646.7306667,43795.74333,30.69659189,0.449354193,597.0816667,61577.36333,23.809111,0.463668452,633.779,47761.07667,29.3981572,0.45677817,609.081,58972.70333,120.5,87.66666667,90.16666667,87.66666667,-0.230458187218827,2.04714645984995,1.05291627246548,0.167246849817363,1.44765971817928
"2850-57575","2850-57676","2850-57575_2850-57676",1,"Cooks",4,"Cooks-4",0,0,1.247039631,0,16,"Cooks_4_1",1,NA,0,4,"no",19.8,17.39330841,0.525583019,627.6863333,34890.97667,38.62646062,0.440771487,634.7333333,77484.68,29.39766035,0.430465732,587.3956667,58971.70667,30.38286142,0.442822349,660.737,60948.02,118.1666667,73.33333333,76.5,73.33333333,-0.853918718053429,0.0668565312059226,1.67480498986682,0.555481519575614,0.566599372705749,15.04,12.13272848,0.48765255,653.7273333,24338.25333,11.56205716,0.497269884,644.0546667,23193.48667,29.82227983,0.475489058,611.004,59823.49333,24.87789963,0.471451969,611.004,49905.06667,115.1666667,74.16666667,71.5,74.16666667,-2.20467644207562,-0.532740513409871,-2.18904796979264,1.22305969596194,0.472953256261305
"2850-57575","2870-64915","2850-57575_2870-64915",1,"Cooks",4,"Cooks-4",0,0,5.282841372,0,34,"Cooks_4_1",1,NA,0,4,"no",19.8,17.39330841,0.525583019,627.6863333,34890.97667,38.62646062,0.440771487,634.7333333,77484.68,29.39766035,0.430465732,587.3956667,58971.70667,30.38286142,0.442822349,660.737,60948.02,118.1666667,73.33333333,76.5,73.33333333,-0.853918718053429,0.0668565312059226,1.67480498986682,0.555481519575614,0.566599372705749,16.13,17.296557,0.511786214,611.004,34696.89333,40.0972898,0.40323729,627.0583333,80435.16333,37.77161349,0.386328777,611.004,75769.85667,30.36117979,0.457614333,611.004,60904.52667,119.8333333,92.5,91.66666667,92.5,0.476360693662194,0.840721347825874,2.64567653063407,2.61883101617572,1.65531698702071
"2850-57608","2850-57868","2850-57608_2850-57868",1,"Urban Farm Girlz",2,"Urban Farm Girlz-2",0,0,7.420861852,0,22,"Urban Farm Girlz_2_1",1,NA,0,3,"no",NA,NA,NA,NA,NA,NA,NA,NA,NA,NA,NA,NA,NA,NA,NA,NA,NA,NA,NA,NA,NA,NA,NA,NA,NA,NA,19,11.44505317,0.569608511,685.4083333,22958.77667,25.26557328,0.476245808,620.4296667,50682.74,22.7552343,0.490298323,659.375,45647,21.53962944,0.505408439,670.7396667,43208.49667,120,90.33333333,91.16666667,90.33333333,0.159510849802655,-0.715646628037874,0.132738782858012,-0.0177964425913174,-0.246880398222494
"2850-57609","2850-57573","2850-57609_2850-57573",1,"Cooks",6,"Cooks-6",0,0,8.647836301,0,14,"Cooks_6_1",1,NA,0,5,"no",18.1,22.70465769,0.474206188,627.3723333,45545.54333,30.26842971,0.465549311,611.004,60718.47,24.77977567,0.458920894,631.6946667,49708.23,29.68129279,0.445512159,611.004,59540.67333,116.1666667,74,74,74,-0.680071959437579,1.59134141630683,0.298402129605538,-0.256714740317231,0.449668010292263,18.3,12.92033898,0.516923185,659.167,25918.2,24.59975573,0.484233366,625.7763333,49347.11,31.1244234,0.424712746,659.167,62435.59333,21.93607178,0.497268887,659.167,44003.76,117.1666667,87.5,87,87.5,-0.254831252581063,-0.323253893343174,0.019929314562782,1.45169453852141,-0.161395245088646
"2850-57609","2850-57574","2850-57609_2850-57574",1,"Cooks",6,"Cooks-6",0,0,5.740060563,0,18,"Cooks_6_1",1,NA,0,5,"no",18.1,22.70465769,0.474206188,627.3723333,45545.54333,30.26842971,0.465549311,611.004,60718.47,24.77977567,0.458920894,631.6946667,49708.23,29.68129279,0.445512159,611.004,59540.67333,116.1666667,74,74,74,-0.680071959437579,1.59134141630683,0.298402129605538,-0.256714740317231,0.449668010292263,18.7,11.90285975,0.492942754,627.3723333,23877.13667,21.77220837,0.49172923,611.004,43675.05,18.26303423,0.465028061,637.359,36635.64667,20.35447823,0.465982626,611.004,40831.08333,121,88,90,88,-0.181712057956737,-0.59388040845536,-0.459142038034007,-0.806552367370094,-0.502435424644784
"2850-57609","2850-57673","2850-57609_2850-57673",1,"Cooks",6,"Cooks-6",0,0,5.936969751,0,17,"Cooks_6_1",1,NA,0,5,"no",18.1,22.70465769,0.474206188,627.3723333,45545.54333,30.26842971,0.465549311,611.004,60718.47,24.77977567,0.458920894,631.6946667,49708.23,29.68129279,0.445512159,611.004,59540.67333,116.1666667,74,74,74,-0.680071959437579,1.59134141630683,0.298402129605538,-0.256714740317231,0.449668010292263,16.42,10.84304919,0.510941546,631.6946667,21751.15667,23.8083001,0.490864516,611.004,47759.45,25.12981888,0.475219286,611.004,50410.41667,29.45398804,0.462833294,611.004,59084.7,121.1666667,86,86.33333333,86,-0.47418883645404,-0.875766102114083,-0.114167013777566,0.399141277718927,1.45969856324056
"2850-57609","2850-57675","2850-57609_2850-57675",1,"Cooks",6,"Cooks-6",0,0,2.312359393,0,50,"Cooks_6_1",1,NA,0,5,"no",18.1,22.70465769,0.474206188,627.3723333,45545.54333,30.26842971,0.465549311,611.004,60718.47,24.77977567,0.458920894,631.6946667,49708.23,29.68129279,0.445512159,611.004,59540.67333,116.1666667,74,74,74,-0.680071959437579,1.59134141630683,0.298402129605538,-0.256714740317231,0.449668010292263,16.13,21.83237454,0.479320618,646.7306667,43795.74333,30.69659189,0.449354193,597.0816667,61577.36333,23.809111,0.463668452,633.779,47761.07667,29.3981572,0.45677817,609.081,58972.70333,120.5,87.66666667,90.16666667,87.66666667,-0.230458187218827,2.04714645984995,1.05291627246548,0.167246849817363,1.44765971817928
"2850-57609","2850-57676","2850-57609_2850-57676",1,"Cooks",6,"Cooks-6",0,0,4.584727007,0,34,"Cooks_6_1",1,NA,0,5,"no",18.1,22.70465769,0.474206188,627.3723333,45545.54333,30.26842971,0.465549311,611.004,60718.47,24.77977567,0.458920894,631.6946667,49708.23,29.68129279,0.445512159,611.004,59540.67333,116.1666667,74,74,74,-0.680071959437579,1.59134141630683,0.298402129605538,-0.256714740317231,0.449668010292263,15.04,12.13272848,0.48765255,653.7273333,24338.25333,11.56205716,0.497269884,644.0546667,23193.48667,29.82227983,0.475489058,611.004,59823.49333,24.87789963,0.471451969,611.004,49905.06667,115.1666667,74.16666667,71.5,74.16666667,-2.20467644207562,-0.532740513409871,-2.18904796979264,1.22305969596194,0.472953256261305
"2850-57609","2870-64915","2850-57609_2870-64915",1,"Cooks",6,"Cooks-6",0,0,3.442359085,0,52,"Cooks_6_1",1,NA,0,5,"no",18.1,22.70465769,0.474206188,627.3723333,45545.54333,30.26842971,0.465549311,611.004,60718.47,24.77977567,0.458920894,631.6946667,49708.23,29.68129279,0.445512159,611.004,59540.67333,116.1666667,74,74,74,-0.680071959437579,1.59134141630683,0.298402129605538,-0.256714740317231,0.449668010292263,16.13,17.296557,0.511786214,611.004,34696.89333,40.0972898,0.40323729,627.0583333,80435.16333,37.77161349,0.386328777,611.004,75769.85667,30.36117979,0.457614333,611.004,60904.52667,119.8333333,92.5,91.66666667,92.5,0.476360693662194,0.840721347825874,2.64567653063407,2.61883101617572,1.65531698702071
"2850-57650","2850-57671","2850-57650_2850-57671",1,"CHR",25,"CHR-25",0,0,16.66597055,0,12,"CHR_25_1",1,NA,0,4,"no",16.49,17.68973745,0.527524421,637.359,35485.61333,37.8482436,0.422268626,611.004,75923.57667,25.65847624,0.39658214,610.6836667,51470.90333,24.74415088,0.447231158,610.6836667,49636.76667,116.3333333,74.33333333,74.16666667,74.33333333,-0.593148581433504,0.151938789434847,1.54664799406648,-0.102168369852278,-0.373211898071109,17.53,16.28350449,0.48181303,667.733,32664.71,28.84180791,0.479499655,593.4133333,57856.66667,23.68146062,0.459973843,641.034,47505.01,25.7482569,0.475226128,607.0326667,51651.00333,117.8333333,75.83333333,83.16666667,75.83333333,-1.96094579430279,0.571272240341928,0.738660220509044,0.144833557453636,0.660629034048076
"2850-57650","2850-57671","2850-57650_2850-57671",2,"CHR",95,"CHR-95",0,0,15.88814409,0,-45,"CHR_95_2",1,NA,0,3,"no",16.49,17.68973745,0.527524421,637.359,35485.61333,37.8482436,0.422268626,611.004,75923.57667,25.65847624,0.39658214,610.6836667,51470.90333,24.74415088,0.447231158,610.6836667,49636.76667,116.3333333,74.33333333,74.16666667,74.33333333,-0.593148581433504,0.151938789434847,1.54664799406648,-0.102168369852278,-0.373211898071109,17.53,16.28350449,0.48181303,667.733,32664.71,28.84180791,0.479499655,593.4133333,57856.66667,23.68146062,0.459973843,641.034,47505.01,25.7482569,0.475226128,607.0326667,51651.00333,117.8333333,75.83333333,83.16666667,75.83333333,-1.96094579430279,0.571272240341928,0.738660220509044,0.144833557453636,0.660629034048076
"2850-57654","2850-57733","2850-57654_2850-57733",1,"CHR",80,"CHR-80",0,0,2.551559921,0,24,"CHR_80_1",1,"ep_same",1,4,"yes",16.58,17.81852775,0.491470518,642.7856667,35743.96667,29.97126288,0.455286658,625.7763333,60122.35333,23.62500332,0.464684502,625.7763333,47391.75667,21.69604187,0.468765781,642.4716667,43522.26,116.6666667,79.83333333,81,79.83333333,0.841087169976081,0.188904700608668,0.249464613198725,-0.459816777005092,-0.881244218906378,15.66,14.84394317,0.488091858,680.0823333,29776.95,20.45213858,0.480742509,611.004,41026.99,22.3788767,0.481773003,627.3723333,44892.02667,18.61630941,0.474711747,611.004,37344.31667,121.6666667,NA,102,102,1.86562539152438,0.188381413841325,-0.682801464137293,-0.0838786032720019,-0.877238044743787
"2850-57664","2850-57675","2850-57664_2850-57675",1,"Cooks",27,"Cooks-27",0,0,2.450699861,0,16,"Cooks_27_1",1,NA,0,3,"no",20.15,14.39181954,0.510762963,611.004,28869.99,20.95414423,0.465707742,610.6836667,42034.01333,25.09655866,0.438692358,611.004,50343.69667,29.02535726,0.435062902,611.004,58224.86667,114.5,74,74,74,-0.680071959437579,-0.794642905922718,-1.23547699982234,-0.200998762655426,0.340342376421901,16.13,21.83237454,0.479320618,646.7306667,43795.74333,30.69659189,0.449354193,597.0816667,61577.36333,23.809111,0.463668452,633.779,47761.07667,29.3981572,0.45677817,609.081,58972.70333,120.5,87.66666667,90.16666667,87.66666667,-0.230458187218827,2.04714645984995,1.05291627246548,0.167246849817363,1.44765971817928
"2850-57664","2870-64915","2850-57664_2870-64915",1,"Cooks",27,"Cooks-27",0,0,4.695109482,0,18,"Cooks_27_1",1,NA,0,3,"no",20.15,14.39181954,0.510762963,611.004,28869.99,20.95414423,0.465707742,610.6836667,42034.01333,25.09655866,0.438692358,611.004,50343.69667,29.02535726,0.435062902,611.004,58224.86667,114.5,74,74,74,-0.680071959437579,-0.794642905922718,-1.23547699982234,-0.200998762655426,0.340342376421901,16.13,17.296557,0.511786214,611.004,34696.89333,40.0972898,0.40323729,627.0583333,80435.16333,37.77161349,0.386328777,611.004,75769.85667,30.36117979,0.457614333,611.004,60904.52667,119.8333333,92.5,91.66666667,92.5,0.476360693662194,0.840721347825874,2.64567653063407,2.61883101617572,1.65531698702071
"2850-57670","2850-57733","2850-57670_2850-57733",1,"CHR",73,"CHR-73",0,0,7.926572026,0,21,"CHR_73_1",1,NA,0,5,"no",18.2,19.57938518,0.470545396,598.0346667,39276.24667,27.12702227,0.458456098,634.4516667,54416.80667,24.27453971,0.4589917,618.3906667,48694.72667,21.16678132,0.479551687,604.4223333,42460.56333,118.8333333,NA,80,80,0.884548860281968,0.694313099743855,-0.218925723356669,-0.345575936624839,-0.969456767952663,15.66,14.84394317,0.488091858,680.0823333,29776.95,20.45213858,0.480742509,611.004,41026.99,22.3788767,0.481773003,627.3723333,44892.02667,18.61630941,0.474711747,611.004,37344.31667,121.6666667,NA,102,102,1.86562539152438,0.188381413841325,-0.682801464137293,-0.0838786032720019,-0.877238044743787
"2850-57700","2850-57557","2850-57700_2850-57557",1,"Cooks",33,"Cooks-33",0,0,3.442359085,0,-52,"Cooks_33_1",1,NA,0,4,"no",18.41,23.54235626,0.486719105,654.042,47225.96667,33.71179295,0.457311168,630.0866667,67625.85667,33.7028448,0.429778508,628.404,67607.90667,32.97698571,0.423956395,582.1216667,66151.83333,115.3333333,73.5,72.66666667,73.5,-0.810457027747541,1.83178103737345,0.865456147889201,1.31267988002468,0.998965465670332,18.25,14.35665503,0.503765598,644.0546667,28799.45,21.70364905,0.515457829,644.0546667,43537.52,15.87132436,0.509334773,611.004,31837.87667,19.32620306,0.47860699,611.004,38768.36333,117,84,83.66666667,84,-0.766665614951342,0.0587737645690167,-0.470758043703853,-1.22649700494595,-0.724163155268066
"2850-57736","2850-57570","2850-57736_2850-57570",1,"CHR",43,"CHR-43",0,0,2.83997057,0,12,"CHR_43_1",1,NA,0,5,"no",18.71,18.82615819,0.485608418,674.418,37765.27333,20.40757062,0.477924978,611.3883333,40937.58667,19.58981555,0.466811049,627.366,39297.17,26.68112828,0.478086775,621.0033333,53522.34333,117.1666667,73,74.83333333,73,-0.940842096057504,0.478118852148628,-1.3254868942877,-1.16952796337438,-0.0503733379346185,16.51,16.84077767,0.501161039,611.004,33782.6,23.06811898,0.49586693,611.004,46274.64667,25.67366733,0.443766873,611.004,51501.37667,19.07592556,0.494641169,627.6863333,38266.30667,121.5,90,NA,90,0.110764720540566,0.719494330997171,-0.239575901827104,0.494632057389222,-0.778130676530947
"2850-57736","2850-57577","2850-57736_2850-57577",1,"CHR",43,"CHR-43",0,0,8.376653586,0,12,"CHR_43_1",1,NA,0,5,"no",18.71,18.82615819,0.485608418,674.418,37765.27333,20.40757062,0.477924978,611.3883333,40937.58667,19.58981555,0.466811049,627.366,39297.17,26.68112828,0.478086775,621.0033333,53522.34333,117.1666667,73,74.83333333,73,-0.940842096057504,0.478118852148628,-1.3254868942877,-1.16952796337438,-0.0503733379346185,18.2,20.92472416,0.512057073,676.164,41974.99667,28.83623131,0.475799583,625.399,57845.48,28.80829345,0.443602398,627.1216667,57789.43667,29.54534563,0.455136562,636.0576667,59267.96333,119,90.83333333,91.16666667,90.83333333,0.232630044426981,1.80573194047972,0.737715377164354,1.04502048301344,1.47939806751422
"2850-57736","2850-57733","2850-57736_2850-57733",1,"CHR",43,"CHR-43",0,0,17.22238643,0,27,"CHR_43_1",1,NA,0,5,"no",18.71,18.82615819,0.485608418,674.418,37765.27333,20.40757062,0.477924978,611.3883333,40937.58667,19.58981555,0.466811049,627.366,39297.17,26.68112828,0.478086775,621.0033333,53522.34333,117.1666667,73,74.83333333,73,-0.940842096057504,0.478118852148628,-1.3254868942877,-1.16952796337438,-0.0503733379346185,15.66,14.84394317,0.488091858,680.0823333,29776.95,20.45213858,0.480742509,611.004,41026.99,22.3788767,0.481773003,627.3723333,44892.02667,18.61630941,0.474711747,611.004,37344.31667,121.6666667,NA,102,102,1.86562539152438,0.188381413841325,-0.682801464137293,-0.0838786032720019,-0.877238044743787
"2850-57749","2850-57557","2850-57749_2850-57557",1,"Cooks",13,"Cooks-13",0,0,2.312359393,0,-50,"Cooks_13_1",1,NA,0,4,"no",NA,19.41171319,0.489887349,663.8033333,38939.89667,30.77948986,0.453449047,609.081,61743.65667,21.0645098,0.459944133,642.0943333,42255.40667,30.16000166,0.448755313,608.7603333,60500.96333,118,NA,NA,NA,NA,0.64618720913969,0.382563657577868,-0.910157875697031,0.529455044624913,18.25,14.35665503,0.503765598,644.0546667,28799.45,21.70364905,0.515457829,644.0546667,43537.52,15.87132436,0.509334773,611.004,31837.87667,19.32620306,0.47860699,611.004,38768.36333,117,84,83.66666667,84,-0.766665614951342,0.0587737645690167,-0.470758043703853,-1.22649700494595,-0.724163155268066
"2870-64909","2850-57567","2870-64909_2850-57567",1,"CHR",148,"CHR-148",0,0,18.55353287,0,-62,"CHR_148_2",1,NA,0,4,"no",17.46,13.53066633,0.536423157,673.7936667,27142.51667,38.09591392,0.402625511,609.081,76420.40333,27.94449319,0.41560494,614.7323333,56056.65333,30.02785311,0.437260381,597.723,60235.87333,117.6666667,72,73.16666667,72,-1.20161223267743,-1.04181457232857,1.58743441140814,0.299897629085064,0.507429672720147,16.6,10.56012296,0.52180729,667.1156667,21183.60667,26.35612994,0.49271154,611.3883333,52870.39667,22.28285809,0.48721335,606.0566667,44699.41333,16.73888169,0.511359264,628.0706667,33578.19667,121.5,102.1666667,102.5,102.1666667,1.88999846127377,-0.951018094883241,0.317511799070068,-0.100737880763292,-1.28206916379613
"2870-64909","2850-57579","2870-64909_2850-57579",1,"CHR",148,"CHR-148",0,0,2.929437939,0,-42,"CHR_148_2",1,NA,0,4,"no",17.46,13.53066633,0.536423157,673.7936667,27142.51667,38.09591392,0.402625511,609.081,76420.40333,27.94449319,0.41560494,614.7323333,56056.65333,30.02785311,0.437260381,597.723,60235.87333,117.6666667,72,73.16666667,72,-1.20161223267743,-1.04181457232857,1.58743441140814,0.299897629085064,0.507429672720147,16.3,11.31949153,0.533256519,660.737,22706.9,24.77905949,0.48852106,617.005,49706.79333,18.07848455,0.49353373,627.3723333,36265.44,24.4043104,0.499147361,611.004,48955.04667,118.5,93.5,92,93.5,0.622599082910845,-0.749043190899379,0.0503087508346794,-0.838956234350139,0.37083286253875
"2870-64909","2850-57580","2870-64909_2850-57580",1,"CHR",148,"CHR-148",0,0,3.544185385,0,-59,"CHR_148_2",1,NA,0,4,"no",17.46,13.53066633,0.536423157,673.7936667,27142.51667,38.09591392,0.402625511,609.081,76420.40333,27.94449319,0.41560494,614.7323333,56056.65333,30.02785311,0.437260381,597.723,60235.87333,117.6666667,72,73.16666667,72,-1.20161223267743,-1.04181457232857,1.58743441140814,0.299897629085064,0.507429672720147,16.2,9.142844799,0.560214832,667.427,18340.54667,27.48113161,0.465556814,625.399,55127.15,22.9424111,0.468469624,647.108,46022.47667,30.74621137,0.465611781,608.7603333,61676.9,117.5,87.83333333,NA,87.83333333,-0.206085123318973,-1.32798210392354,0.508120833367745,0.0150687031458652,1.73834162958958
"2870-64909","2850-57671","2870-64909_2850-57671",1,"CHR",148,"CHR-148",0,0,6.474092626,0,-56,"CHR_148_2",1,NA,0,4,"no",17.46,13.53066633,0.536423157,673.7936667,27142.51667,38.09591392,0.402625511,609.081,76420.40333,27.94449319,0.41560494,614.7323333,56056.65333,30.02785311,0.437260381,597.723,60235.87333,117.6666667,72,73.16666667,72,-1.20161223267743,-1.04181457232857,1.58743441140814,0.299897629085064,0.507429672720147,17.53,16.28350449,0.48181303,667.733,32664.71,28.84180791,0.479499655,593.4133333,57856.66667,23.68146062,0.459973843,641.034,47505.01,25.7482569,0.475226128,607.0326667,51651.00333,117.8333333,75.83333333,83.16666667,75.83333333,-1.96094579430279,0.571272240341928,0.738660220509044,0.144833557453636,0.660629034048076
