"location1","location2","mom1","dad2","attempt1","attempt2","rest.SI","pairwise"
"CHR-29","CHR-29","2640-97331","2850-57808","1","1",0.258064516129032,"2640-97331_2850-57808"
"CHR-29","CHR-32","2640-97331","2850-57731","1","1",0.238709677419355,"2640-97331_2850-57731"
"CHR-29","CHR-102","2640-97331","2640-97589","1","1",0.229032258064516,"2640-97331_2640-97589"
"CHR-29","CHR-96","2640-97331","2850-57806","1","1",0.22258064516129,"2640-97331_2850-57806"
"CHR-29","CHR-58","2640-97331","2850-57579","1","1",0.241935483870968,"2640-97331_2850-57579"
"CHR-29","CHR-97","2640-97331","2850-57589","1","1",0.254838709677419,"2640-97331_2850-57589"
"CHR-29","CHR-7","2640-97331","unb-CHR-7and9","1","1",0.258064516129032,"2640-97331_unb-CHR-7and9"
"CHR-29","CHR-4","2640-97331","2811-83208","1","1",0.258064516129032,"2640-97331_2811-83208"
"CHR-29","CHR-33","2640-97331","2850-57669","1","1",0.258064516129032,"2640-97331_2850-57669"
"CHR-29","CHR-86","2640-97331","2850-57653","1","1",0.258064516129032,"2640-97331_2850-57653"
"CHR-29","CHR-133","2640-97331","2850-57570","1","1",0.258064516129032,"2640-97331_2850-57570"
"CHR-29","CHR-39","2640-97331","2850-57620","1","1",0.258064516129032,"2640-97331_2850-57620"
"CHR-29","CHR-25","2640-97331","2850-57881","1","1",0.238709677419355,"2640-97331_2850-57881"
"CHR-29","CHR-66","2640-97331","2850-57581","1","1",0.235483870967742,"2640-97331_2850-57581"
"CHR-29","CHR-80","2640-97331","2850-57580","1","1",0.258064516129032,"2640-97331_2850-57580"
"CHR-29","CHR-82","2640-97331","2850-57745","1","1",0.248387096774194,"2640-97331_2850-57745"
"CHR-29","CHR-78","2640-97331","2850-57744","1","1",0.258064516129032,"2640-97331_2850-57744"
"CHR-29","CHR-73","2640-97331","2850-57671","1","1",0.258064516129032,"2640-97331_2850-57671"
"CHR-29","CHR-77","2640-97331","unb-CHR-77","1","1",0.238709677419355,"2640-97331_unb-CHR-77"
"CHR-29","CHR-93","2640-97331","2640-97588","1","1",0.235483870967742,"2640-97331_2640-97588"
"CHR-29","CHR-37","2640-97331","2850-57806","1","1",0.22258064516129,"2640-97331_2850-57806"
"CHR-29","CHR-43","2640-97331","2850-57567","1","1",0.258064516129032,"2640-97331_2850-57567"
"CHR-29","CHR-76","2640-97331","unb-CHR-76and12","1","1",0.258064516129032,"2640-97331_unb-CHR-76and12"
"CHR-29","CHR-74","2640-97331","2850-57582","1","1",0.258064516129032,"2640-97331_2850-57582"
"CHR-29","CHR-110","2640-97331","2850-57742","1","1",0.232258064516129,"2640-97331_2850-57742"
"CHR-29","CHR-112","2640-97331","2850-57647","1","1",0.258064516129032,"2640-97331_2850-57647"
"CHR-29","CHR-99","2640-97331","2850-57578","1","1",0.258064516129032,"2640-97331_2850-57578"
"CHR-29","CHR-11","2640-97331","2850-57733","1","1",0.258064516129032,"2640-97331_2850-57733"
"CHR-29","CHR-148","2640-97331","2850-57582","1","1",0.258064516129032,"2640-97331_2850-57582"
"CHR-29","CHR-128","2640-97331","2850-57577","1","1",0.258064516129032,"2640-97331_2850-57577"
"CHR-29","CHR-145","2640-97331","unb-CHR-145","1","1",0.258064516129032,"2640-97331_unb-CHR-145"
"CHR-29","CHR-27","2640-97331","2850-57808","1","2",0.258064516129032,"2640-97331_2850-57808"
"CHR-29","CHR-109","2640-97331","2850-57731","1","2",0.238709677419355,"2640-97331_2850-57731"
"CHR-29","CHR-102","2640-97331","2640-97589","1","2",0.229032258064516,"2640-97331_2640-97589"
"CHR-29","CHR-96","2640-97331","2850-57806","1","2",0.22258064516129,"2640-97331_2850-57806"
"CHR-29","CHR-139","2640-97331","2850-57579","1","2",0.241935483870968,"2640-97331_2850-57579"
"CHR-29","CHR-19","2640-97331","2850-57589","1","2",0.254838709677419,"2640-97331_2850-57589"
"CHR-29","CHR-9","2640-97331","unb-CHR-7and9","1","2",0.258064516129032,"2640-97331_unb-CHR-7and9"
"CHR-29","CHR-4","2640-97331","2811-83208","1","2",0.258064516129032,"2640-97331_2811-83208"
"CHR-29","CHR-33","2640-97331","2850-57669","1","2",0.258064516129032,"2640-97331_2850-57669"
"CHR-29","CHR-45","2640-97331","2850-57653","1","2",0.258064516129032,"2640-97331_2850-57653"
"CHR-29","CHR-151","2640-97331","2850-57570","1","2",0.258064516129032,"2640-97331_2850-57570"
"CHR-29","CHR-39","2640-97331","2850-57620","1","2",0.258064516129032,"2640-97331_2850-57620"
"CHR-29","CHR-95","2640-97331","2850-57881","1","2",0.238709677419355,"2640-97331_2850-57881"
"CHR-29","CHR-16","2640-97331","2850-57581","1","2",0.235483870967742,"2640-97331_2850-57581"
"CHR-29","CHR-115","2640-97331","2850-57745","1","2",0.248387096774194,"2640-97331_2850-57745"
"CHR-29","CHR-78","2640-97331","2850-57744","1","2",0.258064516129032,"2640-97331_2850-57744"
"CHR-29","CHR-77","2640-97331","unb-CHR-77","1","2",0.238709677419355,"2640-97331_unb-CHR-77"
"CHR-29","CHR-93","2640-97331","2640-97588","1","2",0.235483870967742,"2640-97331_2640-97588"
"CHR-29","CHR-119","2640-97331","2850-57806","1","2",0.22258064516129,"2640-97331_2850-57806"
"CHR-29","CHR-12","2640-97331","unb-CHR-76and12","1","2",0.258064516129032,"2640-97331_unb-CHR-76and12"
"CHR-29","CHR-6","2640-97331","2850-57582","1","2",0.258064516129032,"2640-97331_2850-57582"
"CHR-29","CHR-52","2640-97331","2850-57742","1","2",0.232258064516129,"2640-97331_2850-57742"
"CHR-29","CHR-112","2640-97331","2850-57647","1","2",0.258064516129032,"2640-97331_2850-57647"
"CHR-29","CHR-99","2640-97331","2850-57578","1","2",0.258064516129032,"2640-97331_2850-57578"
"CHR-29","CHR-101","2640-97331","2850-57733","1","2",0.258064516129032,"2640-97331_2850-57733"
"CHR-29","CHR-150","2640-97331","2850-57577","1","2",0.258064516129032,"2640-97331_2850-57577"
"CHR-29","CHR-32","2640-97331","2850-57731","1","3",0.238709677419355,"2640-97331_2850-57731"
"CHR-29","CHR-149","2640-97331","2850-57669","1","3",0.258064516129032,"2640-97331_2850-57669"
"CHR-32","CHR-29","2640-97358","2850-57808","1","1",0.151612903225806,"2640-97358_2850-57808"
"CHR-32","CHR-32","2640-97358","2850-57731","1","1",0.170967741935484,"2640-97358_2850-57731"
"CHR-32","CHR-102","2640-97358","2640-97589","1","1",0.145161290322581,"2640-97358_2640-97589"
"CHR-32","CHR-96","2640-97358","2850-57806","1","1",0.151612903225806,"2640-97358_2850-57806"
"CHR-32","CHR-58","2640-97358","2850-57579","1","1",0.170967741935484,"2640-97358_2850-57579"
"CHR-32","CHR-97","2640-97358","2850-57589","1","1",0.170967741935484,"2640-97358_2850-57589"
"CHR-32","CHR-7","2640-97358","unb-CHR-7and9","1","1",0.170967741935484,"2640-97358_unb-CHR-7and9"
"CHR-32","CHR-4","2640-97358","2811-83208","1","1",0.170967741935484,"2640-97358_2811-83208"
"CHR-32","CHR-33","2640-97358","2850-57669","1","1",0.170967741935484,"2640-97358_2850-57669"
"CHR-32","CHR-86","2640-97358","2850-57653","1","1",0.170967741935484,"2640-97358_2850-57653"
"CHR-32","CHR-133","2640-97358","2850-57570","1","1",0.170967741935484,"2640-97358_2850-57570"
"CHR-32","CHR-39","2640-97358","2850-57620","1","1",0.170967741935484,"2640-97358_2850-57620"
"CHR-32","CHR-25","2640-97358","2850-57881","1","1",0.167741935483871,"2640-97358_2850-57881"
"CHR-32","CHR-66","2640-97358","2850-57581","1","1",0.164516129032258,"2640-97358_2850-57581"
"CHR-32","CHR-80","2640-97358","2850-57580","1","1",0.170967741935484,"2640-97358_2850-57580"
"CHR-32","CHR-82","2640-97358","2850-57745","1","1",0.170967741935484,"2640-97358_2850-57745"
"CHR-32","CHR-78","2640-97358","2850-57744","1","1",0.170967741935484,"2640-97358_2850-57744"
"CHR-32","CHR-73","2640-97358","2850-57671","1","1",0.170967741935484,"2640-97358_2850-57671"
"CHR-32","CHR-77","2640-97358","unb-CHR-77","1","1",0.135483870967742,"2640-97358_unb-CHR-77"
"CHR-32","CHR-93","2640-97358","2640-97588","1","1",0.138709677419355,"2640-97358_2640-97588"
"CHR-32","CHR-37","2640-97358","2850-57806","1","1",0.151612903225806,"2640-97358_2850-57806"
"CHR-32","CHR-43","2640-97358","2850-57567","1","1",0.170967741935484,"2640-97358_2850-57567"
"CHR-32","CHR-76","2640-97358","unb-CHR-76and12","1","1",0.170967741935484,"2640-97358_unb-CHR-76and12"
"CHR-32","CHR-74","2640-97358","2850-57582","1","1",0.170967741935484,"2640-97358_2850-57582"
"CHR-32","CHR-110","2640-97358","2850-57742","1","1",0.161290322580645,"2640-97358_2850-57742"
"CHR-32","CHR-112","2640-97358","2850-57647","1","1",0.170967741935484,"2640-97358_2850-57647"
"CHR-32","CHR-99","2640-97358","2850-57578","1","1",0.170967741935484,"2640-97358_2850-57578"
"CHR-32","CHR-11","2640-97358","2850-57733","1","1",0.170967741935484,"2640-97358_2850-57733"
"CHR-32","CHR-148","2640-97358","2850-57582","1","1",0.170967741935484,"2640-97358_2850-57582"
"CHR-32","CHR-128","2640-97358","2850-57577","1","1",0.170967741935484,"2640-97358_2850-57577"
"CHR-32","CHR-145","2640-97358","unb-CHR-145","1","1",0.170967741935484,"2640-97358_unb-CHR-145"
"CHR-32","CHR-27","2640-97358","2850-57808","1","2",0.151612903225806,"2640-97358_2850-57808"
"CHR-32","CHR-109","2640-97358","2850-57731","1","2",0.170967741935484,"2640-97358_2850-57731"
"CHR-32","CHR-102","2640-97358","2640-97589","1","2",0.145161290322581,"2640-97358_2640-97589"
"CHR-32","CHR-96","2640-97358","2850-57806","1","2",0.151612903225806,"2640-97358_2850-57806"
"CHR-32","CHR-139","2640-97358","2850-57579","1","2",0.170967741935484,"2640-97358_2850-57579"
"CHR-32","CHR-19","2640-97358","2850-57589","1","2",0.170967741935484,"2640-97358_2850-57589"
"CHR-32","CHR-9","2640-97358","unb-CHR-7and9","1","2",0.170967741935484,"2640-97358_unb-CHR-7and9"
"CHR-32","CHR-4","2640-97358","2811-83208","1","2",0.170967741935484,"2640-97358_2811-83208"
"CHR-32","CHR-33","2640-97358","2850-57669","1","2",0.170967741935484,"2640-97358_2850-57669"
"CHR-32","CHR-45","2640-97358","2850-57653","1","2",0.170967741935484,"2640-97358_2850-57653"
"CHR-32","CHR-151","2640-97358","2850-57570","1","2",0.170967741935484,"2640-97358_2850-57570"
"CHR-32","CHR-39","2640-97358","2850-57620","1","2",0.170967741935484,"2640-97358_2850-57620"
"CHR-32","CHR-95","2640-97358","2850-57881","1","2",0.167741935483871,"2640-97358_2850-57881"
"CHR-32","CHR-16","2640-97358","2850-57581","1","2",0.164516129032258,"2640-97358_2850-57581"
"CHR-32","CHR-115","2640-97358","2850-57745","1","2",0.170967741935484,"2640-97358_2850-57745"
"CHR-32","CHR-78","2640-97358","2850-57744","1","2",0.170967741935484,"2640-97358_2850-57744"
"CHR-32","CHR-77","2640-97358","unb-CHR-77","1","2",0.135483870967742,"2640-97358_unb-CHR-77"
"CHR-32","CHR-93","2640-97358","2640-97588","1","2",0.138709677419355,"2640-97358_2640-97588"
"CHR-32","CHR-119","2640-97358","2850-57806","1","2",0.151612903225806,"2640-97358_2850-57806"
"CHR-32","CHR-12","2640-97358","unb-CHR-76and12","1","2",0.170967741935484,"2640-97358_unb-CHR-76and12"
"CHR-32","CHR-6","2640-97358","2850-57582","1","2",0.170967741935484,"2640-97358_2850-57582"
"CHR-32","CHR-52","2640-97358","2850-57742","1","2",0.161290322580645,"2640-97358_2850-57742"
"CHR-32","CHR-112","2640-97358","2850-57647","1","2",0.170967741935484,"2640-97358_2850-57647"
"CHR-32","CHR-99","2640-97358","2850-57578","1","2",0.170967741935484,"2640-97358_2850-57578"
"CHR-32","CHR-101","2640-97358","2850-57733","1","2",0.170967741935484,"2640-97358_2850-57733"
"CHR-32","CHR-150","2640-97358","2850-57577","1","2",0.170967741935484,"2640-97358_2850-57577"
"CHR-32","CHR-32","2640-97358","2850-57731","1","3",0.170967741935484,"2640-97358_2850-57731"
"CHR-32","CHR-149","2640-97358","2850-57669","1","3",0.170967741935484,"2640-97358_2850-57669"
"CHR-102","CHR-29","2811-38984","2850-57808","1","1",0.2,"2811-38984_2850-57808"
"CHR-102","CHR-32","2811-38984","2850-57731","1","1",0.203225806451613,"2811-38984_2850-57731"
"CHR-102","CHR-102","2811-38984","2640-97589","1","1",0.229032258064516,"2811-38984_2640-97589"
"CHR-102","CHR-96","2811-38984","2850-57806","1","1",0.2,"2811-38984_2850-57806"
"CHR-102","CHR-58","2811-38984","2850-57579","1","1",0.219354838709677,"2811-38984_2850-57579"
"CHR-102","CHR-97","2811-38984","2850-57589","1","1",0.229032258064516,"2811-38984_2850-57589"
"CHR-102","CHR-7","2811-38984","unb-CHR-7and9","1","1",0.229032258064516,"2811-38984_unb-CHR-7and9"
"CHR-102","CHR-4","2811-38984","2811-83208","1","1",0.229032258064516,"2811-38984_2811-83208"
"CHR-102","CHR-33","2811-38984","2850-57669","1","1",0.229032258064516,"2811-38984_2850-57669"
"CHR-102","CHR-86","2811-38984","2850-57653","1","1",0.229032258064516,"2811-38984_2850-57653"
"CHR-102","CHR-133","2811-38984","2850-57570","1","1",0.229032258064516,"2811-38984_2850-57570"
"CHR-102","CHR-39","2811-38984","2850-57620","1","1",0.229032258064516,"2811-38984_2850-57620"
"CHR-102","CHR-25","2811-38984","2850-57881","1","1",0.216129032258065,"2811-38984_2850-57881"
"CHR-102","CHR-66","2811-38984","2850-57581","1","1",0.212903225806452,"2811-38984_2850-57581"
"CHR-102","CHR-80","2811-38984","2850-57580","1","1",0.229032258064516,"2811-38984_2850-57580"
"CHR-102","CHR-82","2811-38984","2850-57745","1","1",0.225806451612903,"2811-38984_2850-57745"
"CHR-102","CHR-78","2811-38984","2850-57744","1","1",0.229032258064516,"2811-38984_2850-57744"
"CHR-102","CHR-73","2811-38984","2850-57671","1","1",0.229032258064516,"2811-38984_2850-57671"
"CHR-102","CHR-77","2811-38984","unb-CHR-77","1","1",0.203225806451613,"2811-38984_unb-CHR-77"
"CHR-102","CHR-93","2811-38984","2640-97588","1","1",0.2,"2811-38984_2640-97588"
"CHR-102","CHR-37","2811-38984","2850-57806","1","1",0.2,"2811-38984_2850-57806"
"CHR-102","CHR-43","2811-38984","2850-57567","1","1",0.229032258064516,"2811-38984_2850-57567"
"CHR-102","CHR-76","2811-38984","unb-CHR-76and12","1","1",0.229032258064516,"2811-38984_unb-CHR-76and12"
"CHR-102","CHR-74","2811-38984","2850-57582","1","1",0.229032258064516,"2811-38984_2850-57582"
"CHR-102","CHR-110","2811-38984","2850-57742","1","1",0.209677419354839,"2811-38984_2850-57742"
"CHR-102","CHR-112","2811-38984","2850-57647","1","1",0.229032258064516,"2811-38984_2850-57647"
"CHR-102","CHR-99","2811-38984","2850-57578","1","1",0.229032258064516,"2811-38984_2850-57578"
"CHR-102","CHR-11","2811-38984","2850-57733","1","1",0.229032258064516,"2811-38984_2850-57733"
"CHR-102","CHR-148","2811-38984","2850-57582","1","1",0.229032258064516,"2811-38984_2850-57582"
"CHR-102","CHR-128","2811-38984","2850-57577","1","1",0.229032258064516,"2811-38984_2850-57577"
"CHR-102","CHR-145","2811-38984","unb-CHR-145","1","1",0.229032258064516,"2811-38984_unb-CHR-145"
"CHR-102","CHR-27","2811-38984","2850-57808","1","2",0.2,"2811-38984_2850-57808"
"CHR-102","CHR-109","2811-38984","2850-57731","1","2",0.203225806451613,"2811-38984_2850-57731"
"CHR-102","CHR-102","2811-38984","2640-97589","1","2",0.229032258064516,"2811-38984_2640-97589"
"CHR-102","CHR-96","2811-38984","2850-57806","1","2",0.2,"2811-38984_2850-57806"
"CHR-102","CHR-139","2811-38984","2850-57579","1","2",0.219354838709677,"2811-38984_2850-57579"
"CHR-102","CHR-19","2811-38984","2850-57589","1","2",0.229032258064516,"2811-38984_2850-57589"
"CHR-102","CHR-9","2811-38984","unb-CHR-7and9","1","2",0.229032258064516,"2811-38984_unb-CHR-7and9"
"CHR-102","CHR-4","2811-38984","2811-83208","1","2",0.229032258064516,"2811-38984_2811-83208"
"CHR-102","CHR-33","2811-38984","2850-57669","1","2",0.229032258064516,"2811-38984_2850-57669"
"CHR-102","CHR-45","2811-38984","2850-57653","1","2",0.229032258064516,"2811-38984_2850-57653"
"CHR-102","CHR-151","2811-38984","2850-57570","1","2",0.229032258064516,"2811-38984_2850-57570"
"CHR-102","CHR-39","2811-38984","2850-57620","1","2",0.229032258064516,"2811-38984_2850-57620"
"CHR-102","CHR-95","2811-38984","2850-57881","1","2",0.216129032258065,"2811-38984_2850-57881"
"CHR-102","CHR-16","2811-38984","2850-57581","1","2",0.212903225806452,"2811-38984_2850-57581"
"CHR-102","CHR-115","2811-38984","2850-57745","1","2",0.225806451612903,"2811-38984_2850-57745"
"CHR-102","CHR-78","2811-38984","2850-57744","1","2",0.229032258064516,"2811-38984_2850-57744"
"CHR-102","CHR-77","2811-38984","unb-CHR-77","1","2",0.203225806451613,"2811-38984_unb-CHR-77"
"CHR-102","CHR-93","2811-38984","2640-97588","1","2",0.2,"2811-38984_2640-97588"
"CHR-102","CHR-119","2811-38984","2850-57806","1","2",0.2,"2811-38984_2850-57806"
"CHR-102","CHR-12","2811-38984","unb-CHR-76and12","1","2",0.229032258064516,"2811-38984_unb-CHR-76and12"
"CHR-102","CHR-6","2811-38984","2850-57582","1","2",0.229032258064516,"2811-38984_2850-57582"
"CHR-102","CHR-52","2811-38984","2850-57742","1","2",0.209677419354839,"2811-38984_2850-57742"
"CHR-102","CHR-112","2811-38984","2850-57647","1","2",0.229032258064516,"2811-38984_2850-57647"
"CHR-102","CHR-99","2811-38984","2850-57578","1","2",0.229032258064516,"2811-38984_2850-57578"
"CHR-102","CHR-101","2811-38984","2850-57733","1","2",0.229032258064516,"2811-38984_2850-57733"
"CHR-102","CHR-150","2811-38984","2850-57577","1","2",0.229032258064516,"2811-38984_2850-57577"
"CHR-102","CHR-32","2811-38984","2850-57731","1","3",0.203225806451613,"2811-38984_2850-57731"
"CHR-102","CHR-149","2811-38984","2850-57669","1","3",0.229032258064516,"2811-38984_2850-57669"
"CHR-96","CHR-29","2850-57568","2850-57808","1","1",0.22258064516129,"2850-57568_2850-57808"
"CHR-96","CHR-32","2850-57568","2850-57731","1","1",0.238709677419355,"2850-57568_2850-57731"
"CHR-96","CHR-102","2850-57568","2640-97589","1","1",0.229032258064516,"2850-57568_2640-97589"
"CHR-96","CHR-96","2850-57568","2850-57806","1","1",0.258064516129032,"2850-57568_2850-57806"
"CHR-96","CHR-58","2850-57568","2850-57579","1","1",0.241935483870968,"2850-57568_2850-57579"
"CHR-96","CHR-97","2850-57568","2850-57589","1","1",0.254838709677419,"2850-57568_2850-57589"
"CHR-96","CHR-7","2850-57568","unb-CHR-7and9","1","1",0.258064516129032,"2850-57568_unb-CHR-7and9"
"CHR-96","CHR-4","2850-57568","2811-83208","1","1",0.258064516129032,"2850-57568_2811-83208"
"CHR-96","CHR-33","2850-57568","2850-57669","1","1",0.258064516129032,"2850-57568_2850-57669"
"CHR-96","CHR-86","2850-57568","2850-57653","1","1",0.258064516129032,"2850-57568_2850-57653"
"CHR-96","CHR-133","2850-57568","2850-57570","1","1",0.258064516129032,"2850-57568_2850-57570"
"CHR-96","CHR-39","2850-57568","2850-57620","1","1",0.258064516129032,"2850-57568_2850-57620"
"CHR-96","CHR-25","2850-57568","2850-57881","1","1",0.238709677419355,"2850-57568_2850-57881"
"CHR-96","CHR-66","2850-57568","2850-57581","1","1",0.235483870967742,"2850-57568_2850-57581"
"CHR-96","CHR-80","2850-57568","2850-57580","1","1",0.258064516129032,"2850-57568_2850-57580"
"CHR-96","CHR-82","2850-57568","2850-57745","1","1",0.248387096774194,"2850-57568_2850-57745"
"CHR-96","CHR-78","2850-57568","2850-57744","1","1",0.258064516129032,"2850-57568_2850-57744"
"CHR-96","CHR-73","2850-57568","2850-57671","1","1",0.258064516129032,"2850-57568_2850-57671"
"CHR-96","CHR-77","2850-57568","unb-CHR-77","1","1",0.238709677419355,"2850-57568_unb-CHR-77"
"CHR-96","CHR-93","2850-57568","2640-97588","1","1",0.235483870967742,"2850-57568_2640-97588"
"CHR-96","CHR-37","2850-57568","2850-57806","1","1",0.22258064516129,"2850-57568_2850-57806"
"CHR-96","CHR-43","2850-57568","2850-57567","1","1",0.258064516129032,"2850-57568_2850-57567"
"CHR-96","CHR-76","2850-57568","unb-CHR-76and12","1","1",0.258064516129032,"2850-57568_unb-CHR-76and12"
"CHR-96","CHR-74","2850-57568","2850-57582","1","1",0.258064516129032,"2850-57568_2850-57582"
"CHR-96","CHR-110","2850-57568","2850-57742","1","1",0.232258064516129,"2850-57568_2850-57742"
"CHR-96","CHR-112","2850-57568","2850-57647","1","1",0.258064516129032,"2850-57568_2850-57647"
"CHR-96","CHR-99","2850-57568","2850-57578","1","1",0.258064516129032,"2850-57568_2850-57578"
"CHR-96","CHR-11","2850-57568","2850-57733","1","1",0.258064516129032,"2850-57568_2850-57733"
"CHR-96","CHR-148","2850-57568","2850-57582","1","1",0.258064516129032,"2850-57568_2850-57582"
"CHR-96","CHR-128","2850-57568","2850-57577","1","1",0.258064516129032,"2850-57568_2850-57577"
"CHR-96","CHR-145","2850-57568","unb-CHR-145","1","1",0.258064516129032,"2850-57568_unb-CHR-145"
"CHR-96","CHR-27","2850-57568","2850-57808","1","2",0.22258064516129,"2850-57568_2850-57808"
"CHR-96","CHR-109","2850-57568","2850-57731","1","2",0.238709677419355,"2850-57568_2850-57731"
"CHR-96","CHR-102","2850-57568","2640-97589","1","2",0.229032258064516,"2850-57568_2640-97589"
"CHR-96","CHR-96","2850-57568","2850-57806","1","2",0.258064516129032,"2850-57568_2850-57806"
"CHR-96","CHR-139","2850-57568","2850-57579","1","2",0.241935483870968,"2850-57568_2850-57579"
"CHR-96","CHR-19","2850-57568","2850-57589","1","2",0.254838709677419,"2850-57568_2850-57589"
"CHR-96","CHR-9","2850-57568","unb-CHR-7and9","1","2",0.258064516129032,"2850-57568_unb-CHR-7and9"
"CHR-96","CHR-4","2850-57568","2811-83208","1","2",0.258064516129032,"2850-57568_2811-83208"
"CHR-96","CHR-33","2850-57568","2850-57669","1","2",0.258064516129032,"2850-57568_2850-57669"
"CHR-96","CHR-45","2850-57568","2850-57653","1","2",0.258064516129032,"2850-57568_2850-57653"
"CHR-96","CHR-151","2850-57568","2850-57570","1","2",0.258064516129032,"2850-57568_2850-57570"
"CHR-96","CHR-39","2850-57568","2850-57620","1","2",0.258064516129032,"2850-57568_2850-57620"
"CHR-96","CHR-95","2850-57568","2850-57881","1","2",0.238709677419355,"2850-57568_2850-57881"
"CHR-96","CHR-16","2850-57568","2850-57581","1","2",0.235483870967742,"2850-57568_2850-57581"
"CHR-96","CHR-115","2850-57568","2850-57745","1","2",0.248387096774194,"2850-57568_2850-57745"
"CHR-96","CHR-78","2850-57568","2850-57744","1","2",0.258064516129032,"2850-57568_2850-57744"
"CHR-96","CHR-77","2850-57568","unb-CHR-77","1","2",0.238709677419355,"2850-57568_unb-CHR-77"
"CHR-96","CHR-93","2850-57568","2640-97588","1","2",0.235483870967742,"2850-57568_2640-97588"
"CHR-96","CHR-119","2850-57568","2850-57806","1","2",0.22258064516129,"2850-57568_2850-57806"
"CHR-96","CHR-12","2850-57568","unb-CHR-76and12","1","2",0.258064516129032,"2850-57568_unb-CHR-76and12"
"CHR-96","CHR-6","2850-57568","2850-57582","1","2",0.258064516129032,"2850-57568_2850-57582"
"CHR-96","CHR-52","2850-57568","2850-57742","1","2",0.232258064516129,"2850-57568_2850-57742"
"CHR-96","CHR-112","2850-57568","2850-57647","1","2",0.258064516129032,"2850-57568_2850-57647"
"CHR-96","CHR-99","2850-57568","2850-57578","1","2",0.258064516129032,"2850-57568_2850-57578"
"CHR-96","CHR-101","2850-57568","2850-57733","1","2",0.258064516129032,"2850-57568_2850-57733"
"CHR-96","CHR-150","2850-57568","2850-57577","1","2",0.258064516129032,"2850-57568_2850-57577"
"CHR-96","CHR-32","2850-57568","2850-57731","1","3",0.238709677419355,"2850-57568_2850-57731"
"CHR-96","CHR-149","2850-57568","2850-57669","1","3",0.258064516129032,"2850-57568_2850-57669"
"CHR-58","CHR-29","2850-57571","2850-57808","1","1",0.268817204301075,"2850-57571_2850-57808"
"CHR-58","CHR-32","2850-57571","2850-57731","1","1",0.28673835125448,"2850-57571_2850-57731"
"CHR-58","CHR-102","2850-57571","2640-97589","1","1",0.275985663082437,"2850-57571_2640-97589"
"CHR-58","CHR-96","2850-57571","2850-57806","1","1",0.268817204301075,"2850-57571_2850-57806"
"CHR-58","CHR-58","2850-57571","2850-57579","1","1",0.28673835125448,"2850-57571_2850-57579"
"CHR-58","CHR-97","2850-57571","2850-57589","1","1",0.265232974910394,"2850-57571_2850-57589"
"CHR-58","CHR-7","2850-57571","unb-CHR-7and9","1","1",0.28673835125448,"2850-57571_unb-CHR-7and9"
"CHR-58","CHR-4","2850-57571","2811-83208","1","1",0.275985663082437,"2850-57571_2811-83208"
"CHR-58","CHR-33","2850-57571","2850-57669","1","1",0.275985663082437,"2850-57571_2850-57669"
"CHR-58","CHR-86","2850-57571","2850-57653","1","1",0.275985663082437,"2850-57571_2850-57653"
"CHR-58","CHR-133","2850-57571","2850-57570","1","1",0.28673835125448,"2850-57571_2850-57570"
"CHR-58","CHR-39","2850-57571","2850-57620","1","1",0.275985663082437,"2850-57571_2850-57620"
"CHR-58","CHR-25","2850-57571","2850-57881","1","1",0.25089605734767,"2850-57571_2850-57881"
"CHR-58","CHR-66","2850-57571","2850-57581","1","1",0.261648745519713,"2850-57571_2850-57581"
"CHR-58","CHR-80","2850-57571","2850-57580","1","1",0.279569892473118,"2850-57571_2850-57580"
"CHR-58","CHR-82","2850-57571","2850-57745","1","1",0.258064516129032,"2850-57571_2850-57745"
"CHR-58","CHR-78","2850-57571","2850-57744","1","1",0.28673835125448,"2850-57571_2850-57744"
"CHR-58","CHR-73","2850-57571","2850-57671","1","1",0.28673835125448,"2850-57571_2850-57671"
"CHR-58","CHR-77","2850-57571","unb-CHR-77","1","1",0.28673835125448,"2850-57571_unb-CHR-77"
"CHR-58","CHR-93","2850-57571","2640-97588","1","1",0.283154121863799,"2850-57571_2640-97588"
"CHR-58","CHR-37","2850-57571","2850-57806","1","1",0.268817204301075,"2850-57571_2850-57806"
"CHR-58","CHR-43","2850-57571","2850-57567","1","1",0.268817204301075,"2850-57571_2850-57567"
"CHR-58","CHR-76","2850-57571","unb-CHR-76and12","1","1",0.28673835125448,"2850-57571_unb-CHR-76and12"
"CHR-58","CHR-74","2850-57571","2850-57582","1","1",0.272401433691756,"2850-57571_2850-57582"
"CHR-58","CHR-110","2850-57571","2850-57742","1","1",0.261648745519713,"2850-57571_2850-57742"
"CHR-58","CHR-112","2850-57571","2850-57647","1","1",0.28673835125448,"2850-57571_2850-57647"
"CHR-58","CHR-99","2850-57571","2850-57578","1","1",0.28673835125448,"2850-57571_2850-57578"
"CHR-58","CHR-11","2850-57571","2850-57733","1","1",0.28673835125448,"2850-57571_2850-57733"
"CHR-58","CHR-148","2850-57571","2850-57582","1","1",0.28673835125448,"2850-57571_2850-57582"
"CHR-58","CHR-128","2850-57571","2850-57577","1","1",0.28673835125448,"2850-57571_2850-57577"
"CHR-58","CHR-145","2850-57571","unb-CHR-145","1","1",0.28673835125448,"2850-57571_unb-CHR-145"
"CHR-58","CHR-27","2850-57571","2850-57808","1","2",0.268817204301075,"2850-57571_2850-57808"
"CHR-58","CHR-109","2850-57571","2850-57731","1","2",0.28673835125448,"2850-57571_2850-57731"
"CHR-58","CHR-102","2850-57571","2640-97589","1","2",0.275985663082437,"2850-57571_2640-97589"
"CHR-58","CHR-96","2850-57571","2850-57806","1","2",0.268817204301075,"2850-57571_2850-57806"
"CHR-58","CHR-139","2850-57571","2850-57579","1","2",0.28673835125448,"2850-57571_2850-57579"
"CHR-58","CHR-19","2850-57571","2850-57589","1","2",0.265232974910394,"2850-57571_2850-57589"
"CHR-58","CHR-9","2850-57571","unb-CHR-7and9","1","2",0.28673835125448,"2850-57571_unb-CHR-7and9"
"CHR-58","CHR-4","2850-57571","2811-83208","1","2",0.275985663082437,"2850-57571_2811-83208"
"CHR-58","CHR-33","2850-57571","2850-57669","1","2",0.275985663082437,"2850-57571_2850-57669"
"CHR-58","CHR-45","2850-57571","2850-57653","1","2",0.275985663082437,"2850-57571_2850-57653"
"CHR-58","CHR-151","2850-57571","2850-57570","1","2",0.28673835125448,"2850-57571_2850-57570"
"CHR-58","CHR-39","2850-57571","2850-57620","1","2",0.275985663082437,"2850-57571_2850-57620"
"CHR-58","CHR-95","2850-57571","2850-57881","1","2",0.25089605734767,"2850-57571_2850-57881"
"CHR-58","CHR-16","2850-57571","2850-57581","1","2",0.261648745519713,"2850-57571_2850-57581"
"CHR-58","CHR-115","2850-57571","2850-57745","1","2",0.258064516129032,"2850-57571_2850-57745"
"CHR-58","CHR-78","2850-57571","2850-57744","1","2",0.28673835125448,"2850-57571_2850-57744"
"CHR-58","CHR-77","2850-57571","unb-CHR-77","1","2",0.28673835125448,"2850-57571_unb-CHR-77"
"CHR-58","CHR-93","2850-57571","2640-97588","1","2",0.283154121863799,"2850-57571_2640-97588"
"CHR-58","CHR-119","2850-57571","2850-57806","1","2",0.268817204301075,"2850-57571_2850-57806"
"CHR-58","CHR-12","2850-57571","unb-CHR-76and12","1","2",0.28673835125448,"2850-57571_unb-CHR-76and12"
"CHR-58","CHR-6","2850-57571","2850-57582","1","2",0.272401433691756,"2850-57571_2850-57582"
"CHR-58","CHR-52","2850-57571","2850-57742","1","2",0.261648745519713,"2850-57571_2850-57742"
"CHR-58","CHR-112","2850-57571","2850-57647","1","2",0.28673835125448,"2850-57571_2850-57647"
"CHR-58","CHR-99","2850-57571","2850-57578","1","2",0.28673835125448,"2850-57571_2850-57578"
"CHR-58","CHR-101","2850-57571","2850-57733","1","2",0.28673835125448,"2850-57571_2850-57733"
"CHR-58","CHR-150","2850-57571","2850-57577","1","2",0.28673835125448,"2850-57571_2850-57577"
"CHR-58","CHR-32","2850-57571","2850-57731","1","3",0.28673835125448,"2850-57571_2850-57731"
"CHR-58","CHR-149","2850-57571","2850-57669","1","3",0.275985663082437,"2850-57571_2850-57669"
"CHR-97","CHR-29","2850-57583","2850-57808","1","1",0.329032258064516,"2850-57583_2850-57808"
"CHR-97","CHR-32","2850-57583","2850-57731","1","1",0.332258064516129,"2850-57583_2850-57731"
"CHR-97","CHR-102","2850-57583","2640-97589","1","1",0.332258064516129,"2850-57583_2640-97589"
"CHR-97","CHR-96","2850-57583","2850-57806","1","1",0.329032258064516,"2850-57583_2850-57806"
"CHR-97","CHR-58","2850-57583","2850-57579","1","1",0.312903225806452,"2850-57583_2850-57579"
"CHR-97","CHR-97","2850-57583","2850-57589","1","1",0.332258064516129,"2850-57583_2850-57589"
"CHR-97","CHR-7","2850-57583","unb-CHR-7and9","1","1",0.319354838709677,"2850-57583_unb-CHR-7and9"
"CHR-97","CHR-4","2850-57583","2811-83208","1","1",0.306451612903226,"2850-57583_2811-83208"
"CHR-97","CHR-33","2850-57583","2850-57669","1","1",0.306451612903226,"2850-57583_2850-57669"
"CHR-97","CHR-86","2850-57583","2850-57653","1","1",0.306451612903226,"2850-57583_2850-57653"
"CHR-97","CHR-133","2850-57583","2850-57570","1","1",0.332258064516129,"2850-57583_2850-57570"
"CHR-97","CHR-39","2850-57583","2850-57620","1","1",0.306451612903226,"2850-57583_2850-57620"
"CHR-97","CHR-25","2850-57583","2850-57881","1","1",0.309677419354839,"2850-57583_2850-57881"
"CHR-97","CHR-66","2850-57583","2850-57581","1","1",0.32258064516129,"2850-57583_2850-57581"
"CHR-97","CHR-80","2850-57583","2850-57580","1","1",0.309677419354839,"2850-57583_2850-57580"
"CHR-97","CHR-82","2850-57583","2850-57745","1","1",0.303225806451613,"2850-57583_2850-57745"
"CHR-97","CHR-78","2850-57583","2850-57744","1","1",0.332258064516129,"2850-57583_2850-57744"
"CHR-97","CHR-73","2850-57583","2850-57671","1","1",0.319354838709677,"2850-57583_2850-57671"
"CHR-97","CHR-77","2850-57583","unb-CHR-77","1","1",0.332258064516129,"2850-57583_unb-CHR-77"
"CHR-97","CHR-93","2850-57583","2640-97588","1","1",0.332258064516129,"2850-57583_2640-97588"
"CHR-97","CHR-37","2850-57583","2850-57806","1","1",0.329032258064516,"2850-57583_2850-57806"
"CHR-97","CHR-43","2850-57583","2850-57567","1","1",0.3,"2850-57583_2850-57567"
"CHR-97","CHR-76","2850-57583","unb-CHR-76and12","1","1",0.329032258064516,"2850-57583_unb-CHR-76and12"
"CHR-97","CHR-74","2850-57583","2850-57582","1","1",0.303225806451613,"2850-57583_2850-57582"
"CHR-97","CHR-110","2850-57583","2850-57742","1","1",0.32258064516129,"2850-57583_2850-57742"
"CHR-97","CHR-112","2850-57583","2850-57647","1","1",0.32258064516129,"2850-57583_2850-57647"
"CHR-97","CHR-99","2850-57583","2850-57578","1","1",0.325806451612903,"2850-57583_2850-57578"
"CHR-97","CHR-11","2850-57583","2850-57733","1","1",0.332258064516129,"2850-57583_2850-57733"
"CHR-97","CHR-148","2850-57583","2850-57582","1","1",0.332258064516129,"2850-57583_2850-57582"
"CHR-97","CHR-128","2850-57583","2850-57577","1","1",0.332258064516129,"2850-57583_2850-57577"
"CHR-97","CHR-145","2850-57583","unb-CHR-145","1","1",0.332258064516129,"2850-57583_unb-CHR-145"
"CHR-97","CHR-27","2850-57583","2850-57808","1","2",0.329032258064516,"2850-57583_2850-57808"
"CHR-97","CHR-109","2850-57583","2850-57731","1","2",0.332258064516129,"2850-57583_2850-57731"
"CHR-97","CHR-102","2850-57583","2640-97589","1","2",0.332258064516129,"2850-57583_2640-97589"
"CHR-97","CHR-96","2850-57583","2850-57806","1","2",0.329032258064516,"2850-57583_2850-57806"
"CHR-97","CHR-139","2850-57583","2850-57579","1","2",0.312903225806452,"2850-57583_2850-57579"
"CHR-97","CHR-19","2850-57583","2850-57589","1","2",0.332258064516129,"2850-57583_2850-57589"
"CHR-97","CHR-9","2850-57583","unb-CHR-7and9","1","2",0.319354838709677,"2850-57583_unb-CHR-7and9"
"CHR-97","CHR-4","2850-57583","2811-83208","1","2",0.306451612903226,"2850-57583_2811-83208"
"CHR-97","CHR-33","2850-57583","2850-57669","1","2",0.306451612903226,"2850-57583_2850-57669"
"CHR-97","CHR-45","2850-57583","2850-57653","1","2",0.306451612903226,"2850-57583_2850-57653"
"CHR-97","CHR-151","2850-57583","2850-57570","1","2",0.332258064516129,"2850-57583_2850-57570"
"CHR-97","CHR-39","2850-57583","2850-57620","1","2",0.306451612903226,"2850-57583_2850-57620"
"CHR-97","CHR-95","2850-57583","2850-57881","1","2",0.309677419354839,"2850-57583_2850-57881"
"CHR-97","CHR-16","2850-57583","2850-57581","1","2",0.32258064516129,"2850-57583_2850-57581"
"CHR-97","CHR-115","2850-57583","2850-57745","1","2",0.303225806451613,"2850-57583_2850-57745"
"CHR-97","CHR-78","2850-57583","2850-57744","1","2",0.332258064516129,"2850-57583_2850-57744"
"CHR-97","CHR-77","2850-57583","unb-CHR-77","1","2",0.332258064516129,"2850-57583_unb-CHR-77"
"CHR-97","CHR-93","2850-57583","2640-97588","1","2",0.332258064516129,"2850-57583_2640-97588"
"CHR-97","CHR-119","2850-57583","2850-57806","1","2",0.329032258064516,"2850-57583_2850-57806"
"CHR-97","CHR-12","2850-57583","unb-CHR-76and12","1","2",0.329032258064516,"2850-57583_unb-CHR-76and12"
"CHR-97","CHR-6","2850-57583","2850-57582","1","2",0.303225806451613,"2850-57583_2850-57582"
"CHR-97","CHR-52","2850-57583","2850-57742","1","2",0.32258064516129,"2850-57583_2850-57742"
"CHR-97","CHR-112","2850-57583","2850-57647","1","2",0.32258064516129,"2850-57583_2850-57647"
"CHR-97","CHR-99","2850-57583","2850-57578","1","2",0.325806451612903,"2850-57583_2850-57578"
"CHR-97","CHR-101","2850-57583","2850-57733","1","2",0.332258064516129,"2850-57583_2850-57733"
"CHR-97","CHR-150","2850-57583","2850-57577","1","2",0.332258064516129,"2850-57583_2850-57577"
"CHR-97","CHR-32","2850-57583","2850-57731","1","3",0.332258064516129,"2850-57583_2850-57731"
"CHR-97","CHR-149","2850-57583","2850-57669","1","3",0.306451612903226,"2850-57583_2850-57669"
"CHR-7","CHR-29","2850-57584","2850-57808","1","1",0.332258064516129,"2850-57584_2850-57808"
"CHR-7","CHR-32","2850-57584","2850-57731","1","1",0.332258064516129,"2850-57584_2850-57731"
"CHR-7","CHR-102","2850-57584","2640-97589","1","1",0.332258064516129,"2850-57584_2640-97589"
"CHR-7","CHR-96","2850-57584","2850-57806","1","1",0.332258064516129,"2850-57584_2850-57806"
"CHR-7","CHR-58","2850-57584","2850-57579","1","1",0.332258064516129,"2850-57584_2850-57579"
"CHR-7","CHR-97","2850-57584","2850-57589","1","1",0.319354838709677,"2850-57584_2850-57589"
"CHR-7","CHR-7","2850-57584","unb-CHR-7and9","1","1",0.332258064516129,"2850-57584_unb-CHR-7and9"
"CHR-7","CHR-4","2850-57584","2811-83208","1","1",0.312903225806452,"2850-57584_2811-83208"
"CHR-7","CHR-33","2850-57584","2850-57669","1","1",0.309677419354839,"2850-57584_2850-57669"
"CHR-7","CHR-86","2850-57584","2850-57653","1","1",0.312903225806452,"2850-57584_2850-57653"
"CHR-7","CHR-133","2850-57584","2850-57570","1","1",0.316129032258064,"2850-57584_2850-57570"
"CHR-7","CHR-39","2850-57584","2850-57620","1","1",0.312903225806452,"2850-57584_2850-57620"
"CHR-7","CHR-25","2850-57584","2850-57881","1","1",0.332258064516129,"2850-57584_2850-57881"
"CHR-7","CHR-66","2850-57584","2850-57581","1","1",0.332258064516129,"2850-57584_2850-57581"
"CHR-7","CHR-80","2850-57584","2850-57580","1","1",0.309677419354839,"2850-57584_2850-57580"
"CHR-7","CHR-82","2850-57584","2850-57745","1","1",0.325806451612903,"2850-57584_2850-57745"
"CHR-7","CHR-78","2850-57584","2850-57744","1","1",0.309677419354839,"2850-57584_2850-57744"
"CHR-7","CHR-73","2850-57584","2850-57671","1","1",0.296774193548387,"2850-57584_2850-57671"
"CHR-7","CHR-77","2850-57584","unb-CHR-77","1","1",0.332258064516129,"2850-57584_unb-CHR-77"
"CHR-7","CHR-93","2850-57584","2640-97588","1","1",0.332258064516129,"2850-57584_2640-97588"
"CHR-7","CHR-37","2850-57584","2850-57806","1","1",0.332258064516129,"2850-57584_2850-57806"
"CHR-7","CHR-43","2850-57584","2850-57567","1","1",0.316129032258064,"2850-57584_2850-57567"
"CHR-7","CHR-76","2850-57584","unb-CHR-76and12","1","1",0.306451612903226,"2850-57584_unb-CHR-76and12"
"CHR-7","CHR-74","2850-57584","2850-57582","1","1",0.316129032258064,"2850-57584_2850-57582"
"CHR-7","CHR-110","2850-57584","2850-57742","1","1",0.332258064516129,"2850-57584_2850-57742"
"CHR-7","CHR-112","2850-57584","2850-57647","1","1",0.3,"2850-57584_2850-57647"
"CHR-7","CHR-99","2850-57584","2850-57578","1","1",0.303225806451613,"2850-57584_2850-57578"
"CHR-7","CHR-11","2850-57584","2850-57733","1","1",0.332258064516129,"2850-57584_2850-57733"
"CHR-7","CHR-148","2850-57584","2850-57582","1","1",0.332258064516129,"2850-57584_2850-57582"
"CHR-7","CHR-128","2850-57584","2850-57577","1","1",0.316129032258064,"2850-57584_2850-57577"
"CHR-7","CHR-145","2850-57584","unb-CHR-145","1","1",0.332258064516129,"2850-57584_unb-CHR-145"
"CHR-7","CHR-27","2850-57584","2850-57808","1","2",0.332258064516129,"2850-57584_2850-57808"
"CHR-7","CHR-109","2850-57584","2850-57731","1","2",0.332258064516129,"2850-57584_2850-57731"
"CHR-7","CHR-102","2850-57584","2640-97589","1","2",0.332258064516129,"2850-57584_2640-97589"
"CHR-7","CHR-96","2850-57584","2850-57806","1","2",0.332258064516129,"2850-57584_2850-57806"
"CHR-7","CHR-139","2850-57584","2850-57579","1","2",0.332258064516129,"2850-57584_2850-57579"
"CHR-7","CHR-19","2850-57584","2850-57589","1","2",0.319354838709677,"2850-57584_2850-57589"
"CHR-7","CHR-9","2850-57584","unb-CHR-7and9","1","2",0.332258064516129,"2850-57584_unb-CHR-7and9"
"CHR-7","CHR-4","2850-57584","2811-83208","1","2",0.312903225806452,"2850-57584_2811-83208"
"CHR-7","CHR-33","2850-57584","2850-57669","1","2",0.309677419354839,"2850-57584_2850-57669"
"CHR-7","CHR-45","2850-57584","2850-57653","1","2",0.312903225806452,"2850-57584_2850-57653"
"CHR-7","CHR-151","2850-57584","2850-57570","1","2",0.316129032258064,"2850-57584_2850-57570"
"CHR-7","CHR-39","2850-57584","2850-57620","1","2",0.312903225806452,"2850-57584_2850-57620"
"CHR-7","CHR-95","2850-57584","2850-57881","1","2",0.332258064516129,"2850-57584_2850-57881"
"CHR-7","CHR-16","2850-57584","2850-57581","1","2",0.332258064516129,"2850-57584_2850-57581"
"CHR-7","CHR-115","2850-57584","2850-57745","1","2",0.325806451612903,"2850-57584_2850-57745"
"CHR-7","CHR-78","2850-57584","2850-57744","1","2",0.309677419354839,"2850-57584_2850-57744"
"CHR-7","CHR-77","2850-57584","unb-CHR-77","1","2",0.332258064516129,"2850-57584_unb-CHR-77"
"CHR-7","CHR-93","2850-57584","2640-97588","1","2",0.332258064516129,"2850-57584_2640-97588"
"CHR-7","CHR-119","2850-57584","2850-57806","1","2",0.332258064516129,"2850-57584_2850-57806"
"CHR-7","CHR-12","2850-57584","unb-CHR-76and12","1","2",0.306451612903226,"2850-57584_unb-CHR-76and12"
"CHR-7","CHR-6","2850-57584","2850-57582","1","2",0.316129032258064,"2850-57584_2850-57582"
"CHR-7","CHR-52","2850-57584","2850-57742","1","2",0.332258064516129,"2850-57584_2850-57742"
"CHR-7","CHR-112","2850-57584","2850-57647","1","2",0.3,"2850-57584_2850-57647"
"CHR-7","CHR-99","2850-57584","2850-57578","1","2",0.303225806451613,"2850-57584_2850-57578"
"CHR-7","CHR-101","2850-57584","2850-57733","1","2",0.332258064516129,"2850-57584_2850-57733"
"CHR-7","CHR-150","2850-57584","2850-57577","1","2",0.316129032258064,"2850-57584_2850-57577"
"CHR-7","CHR-32","2850-57584","2850-57731","1","3",0.332258064516129,"2850-57584_2850-57731"
"CHR-7","CHR-149","2850-57584","2850-57669","1","3",0.309677419354839,"2850-57584_2850-57669"
"CHR-4","CHR-29","2850-57585","2850-57808","1","1",0.372759856630824,"2850-57585_2850-57808"
"CHR-4","CHR-32","2850-57585","2850-57731","1","1",0.372759856630824,"2850-57585_2850-57731"
"CHR-4","CHR-102","2850-57585","2640-97589","1","1",0.372759856630824,"2850-57585_2640-97589"
"CHR-4","CHR-96","2850-57585","2850-57806","1","1",0.372759856630824,"2850-57585_2850-57806"
"CHR-4","CHR-58","2850-57585","2850-57579","1","1",0.362007168458781,"2850-57585_2850-57579"
"CHR-4","CHR-97","2850-57585","2850-57589","1","1",0.344086021505376,"2850-57585_2850-57589"
"CHR-4","CHR-7","2850-57585","unb-CHR-7and9","1","1",0.351254480286738,"2850-57585_unb-CHR-7and9"
"CHR-4","CHR-4","2850-57585","2811-83208","1","1",0.372759856630824,"2850-57585_2811-83208"
"CHR-4","CHR-33","2850-57585","2850-57669","1","1",0.336917562724014,"2850-57585_2850-57669"
"CHR-4","CHR-86","2850-57585","2850-57653","1","1",0.336917562724014,"2850-57585_2850-57653"
"CHR-4","CHR-133","2850-57585","2850-57570","1","1",0.372759856630824,"2850-57585_2850-57570"
"CHR-4","CHR-39","2850-57585","2850-57620","1","1",0.336917562724014,"2850-57585_2850-57620"
"CHR-4","CHR-25","2850-57585","2850-57881","1","1",0.3584229390681,"2850-57585_2850-57881"
"CHR-4","CHR-66","2850-57585","2850-57581","1","1",0.372759856630824,"2850-57585_2850-57581"
"CHR-4","CHR-80","2850-57585","2850-57580","1","1",0.340501792114695,"2850-57585_2850-57580"
"CHR-4","CHR-82","2850-57585","2850-57745","1","1",0.351254480286738,"2850-57585_2850-57745"
"CHR-4","CHR-78","2850-57585","2850-57744","1","1",0.365591397849462,"2850-57585_2850-57744"
"CHR-4","CHR-73","2850-57585","2850-57671","1","1",0.351254480286738,"2850-57585_2850-57671"
"CHR-4","CHR-77","2850-57585","unb-CHR-77","1","1",0.372759856630824,"2850-57585_unb-CHR-77"
"CHR-4","CHR-93","2850-57585","2640-97588","1","1",0.372759856630824,"2850-57585_2640-97588"
"CHR-4","CHR-37","2850-57585","2850-57806","1","1",0.372759856630824,"2850-57585_2850-57806"
"CHR-4","CHR-43","2850-57585","2850-57567","1","1",0.340501792114695,"2850-57585_2850-57567"
"CHR-4","CHR-76","2850-57585","unb-CHR-76and12","1","1",0.362007168458781,"2850-57585_unb-CHR-76and12"
"CHR-4","CHR-74","2850-57585","2850-57582","1","1",0.340501792114695,"2850-57585_2850-57582"
"CHR-4","CHR-110","2850-57585","2850-57742","1","1",0.372759856630824,"2850-57585_2850-57742"
"CHR-4","CHR-112","2850-57585","2850-57647","1","1",0.354838709677419,"2850-57585_2850-57647"
"CHR-4","CHR-99","2850-57585","2850-57578","1","1",0.3584229390681,"2850-57585_2850-57578"
"CHR-4","CHR-11","2850-57585","2850-57733","1","1",0.372759856630824,"2850-57585_2850-57733"
"CHR-4","CHR-148","2850-57585","2850-57582","1","1",0.372759856630824,"2850-57585_2850-57582"
"CHR-4","CHR-128","2850-57585","2850-57577","1","1",0.372759856630824,"2850-57585_2850-57577"
"CHR-4","CHR-145","2850-57585","unb-CHR-145","1","1",0.372759856630824,"2850-57585_unb-CHR-145"
"CHR-4","CHR-27","2850-57585","2850-57808","1","2",0.372759856630824,"2850-57585_2850-57808"
"CHR-4","CHR-109","2850-57585","2850-57731","1","2",0.372759856630824,"2850-57585_2850-57731"
"CHR-4","CHR-102","2850-57585","2640-97589","1","2",0.372759856630824,"2850-57585_2640-97589"
"CHR-4","CHR-96","2850-57585","2850-57806","1","2",0.372759856630824,"2850-57585_2850-57806"
"CHR-4","CHR-139","2850-57585","2850-57579","1","2",0.362007168458781,"2850-57585_2850-57579"
"CHR-4","CHR-19","2850-57585","2850-57589","1","2",0.344086021505376,"2850-57585_2850-57589"
"CHR-4","CHR-9","2850-57585","unb-CHR-7and9","1","2",0.351254480286738,"2850-57585_unb-CHR-7and9"
"CHR-4","CHR-4","2850-57585","2811-83208","1","2",0.372759856630824,"2850-57585_2811-83208"
"CHR-4","CHR-33","2850-57585","2850-57669","1","2",0.336917562724014,"2850-57585_2850-57669"
"CHR-4","CHR-45","2850-57585","2850-57653","1","2",0.336917562724014,"2850-57585_2850-57653"
"CHR-4","CHR-151","2850-57585","2850-57570","1","2",0.372759856630824,"2850-57585_2850-57570"
"CHR-4","CHR-39","2850-57585","2850-57620","1","2",0.336917562724014,"2850-57585_2850-57620"
"CHR-4","CHR-95","2850-57585","2850-57881","1","2",0.3584229390681,"2850-57585_2850-57881"
"CHR-4","CHR-16","2850-57585","2850-57581","1","2",0.372759856630824,"2850-57585_2850-57581"
"CHR-4","CHR-115","2850-57585","2850-57745","1","2",0.351254480286738,"2850-57585_2850-57745"
"CHR-4","CHR-78","2850-57585","2850-57744","1","2",0.365591397849462,"2850-57585_2850-57744"
"CHR-4","CHR-77","2850-57585","unb-CHR-77","1","2",0.372759856630824,"2850-57585_unb-CHR-77"
"CHR-4","CHR-93","2850-57585","2640-97588","1","2",0.372759856630824,"2850-57585_2640-97588"
"CHR-4","CHR-119","2850-57585","2850-57806","1","2",0.372759856630824,"2850-57585_2850-57806"
"CHR-4","CHR-12","2850-57585","unb-CHR-76and12","1","2",0.362007168458781,"2850-57585_unb-CHR-76and12"
"CHR-4","CHR-6","2850-57585","2850-57582","1","2",0.340501792114695,"2850-57585_2850-57582"
"CHR-4","CHR-52","2850-57585","2850-57742","1","2",0.372759856630824,"2850-57585_2850-57742"
"CHR-4","CHR-112","2850-57585","2850-57647","1","2",0.354838709677419,"2850-57585_2850-57647"
"CHR-4","CHR-99","2850-57585","2850-57578","1","2",0.3584229390681,"2850-57585_2850-57578"
"CHR-4","CHR-101","2850-57585","2850-57733","1","2",0.372759856630824,"2850-57585_2850-57733"
"CHR-4","CHR-150","2850-57585","2850-57577","1","2",0.372759856630824,"2850-57585_2850-57577"
"CHR-4","CHR-32","2850-57585","2850-57731","1","3",0.372759856630824,"2850-57585_2850-57731"
"CHR-4","CHR-149","2850-57585","2850-57669","1","3",0.336917562724014,"2850-57585_2850-57669"
"CHR-33","CHR-29","2850-57586","2850-57808","1","1",0.364516129032258,"2850-57586_2850-57808"
"CHR-33","CHR-32","2850-57586","2850-57731","1","1",0.364516129032258,"2850-57586_2850-57731"
"CHR-33","CHR-102","2850-57586","2640-97589","1","1",0.364516129032258,"2850-57586_2640-97589"
"CHR-33","CHR-96","2850-57586","2850-57806","1","1",0.364516129032258,"2850-57586_2850-57806"
"CHR-33","CHR-58","2850-57586","2850-57579","1","1",0.354838709677419,"2850-57586_2850-57579"
"CHR-33","CHR-97","2850-57586","2850-57589","1","1",0.338709677419355,"2850-57586_2850-57589"
"CHR-33","CHR-7","2850-57586","unb-CHR-7and9","1","1",0.341935483870968,"2850-57586_unb-CHR-7and9"
"CHR-33","CHR-4","2850-57586","2811-83208","1","1",0.332258064516129,"2850-57586_2811-83208"
"CHR-33","CHR-33","2850-57586","2850-57669","1","1",0.364516129032258,"2850-57586_2850-57669"
"CHR-33","CHR-86","2850-57586","2850-57653","1","1",0.332258064516129,"2850-57586_2850-57653"
"CHR-33","CHR-133","2850-57586","2850-57570","1","1",0.361290322580645,"2850-57586_2850-57570"
"CHR-33","CHR-39","2850-57586","2850-57620","1","1",0.332258064516129,"2850-57586_2850-57620"
"CHR-33","CHR-25","2850-57586","2850-57881","1","1",0.351612903225806,"2850-57586_2850-57881"
"CHR-33","CHR-66","2850-57586","2850-57581","1","1",0.364516129032258,"2850-57586_2850-57581"
"CHR-33","CHR-80","2850-57586","2850-57580","1","1",0.332258064516129,"2850-57586_2850-57580"
"CHR-33","CHR-82","2850-57586","2850-57745","1","1",0.345161290322581,"2850-57586_2850-57745"
"CHR-33","CHR-78","2850-57586","2850-57744","1","1",0.354838709677419,"2850-57586_2850-57744"
"CHR-33","CHR-73","2850-57586","2850-57671","1","1",0.341935483870968,"2850-57586_2850-57671"
"CHR-33","CHR-77","2850-57586","unb-CHR-77","1","1",0.364516129032258,"2850-57586_unb-CHR-77"
"CHR-33","CHR-93","2850-57586","2640-97588","1","1",0.364516129032258,"2850-57586_2640-97588"
"CHR-33","CHR-37","2850-57586","2850-57806","1","1",0.364516129032258,"2850-57586_2850-57806"
"CHR-33","CHR-43","2850-57586","2850-57567","1","1",0.335483870967742,"2850-57586_2850-57567"
"CHR-33","CHR-76","2850-57586","unb-CHR-76and12","1","1",0.351612903225806,"2850-57586_unb-CHR-76and12"
"CHR-33","CHR-74","2850-57586","2850-57582","1","1",0.335483870967742,"2850-57586_2850-57582"
"CHR-33","CHR-110","2850-57586","2850-57742","1","1",0.364516129032258,"2850-57586_2850-57742"
"CHR-33","CHR-112","2850-57586","2850-57647","1","1",0.345161290322581,"2850-57586_2850-57647"
"CHR-33","CHR-99","2850-57586","2850-57578","1","1",0.348387096774194,"2850-57586_2850-57578"
"CHR-33","CHR-11","2850-57586","2850-57733","1","1",0.364516129032258,"2850-57586_2850-57733"
"CHR-33","CHR-148","2850-57586","2850-57582","1","1",0.364516129032258,"2850-57586_2850-57582"
"CHR-33","CHR-128","2850-57586","2850-57577","1","1",0.361290322580645,"2850-57586_2850-57577"
"CHR-33","CHR-145","2850-57586","unb-CHR-145","1","1",0.364516129032258,"2850-57586_unb-CHR-145"
"CHR-33","CHR-27","2850-57586","2850-57808","1","2",0.364516129032258,"2850-57586_2850-57808"
"CHR-33","CHR-109","2850-57586","2850-57731","1","2",0.364516129032258,"2850-57586_2850-57731"
"CHR-33","CHR-102","2850-57586","2640-97589","1","2",0.364516129032258,"2850-57586_2640-97589"
"CHR-33","CHR-96","2850-57586","2850-57806","1","2",0.364516129032258,"2850-57586_2850-57806"
"CHR-33","CHR-139","2850-57586","2850-57579","1","2",0.354838709677419,"2850-57586_2850-57579"
"CHR-33","CHR-19","2850-57586","2850-57589","1","2",0.338709677419355,"2850-57586_2850-57589"
"CHR-33","CHR-9","2850-57586","unb-CHR-7and9","1","2",0.341935483870968,"2850-57586_unb-CHR-7and9"
"CHR-33","CHR-4","2850-57586","2811-83208","1","2",0.332258064516129,"2850-57586_2811-83208"
"CHR-33","CHR-33","2850-57586","2850-57669","1","2",0.364516129032258,"2850-57586_2850-57669"
"CHR-33","CHR-45","2850-57586","2850-57653","1","2",0.332258064516129,"2850-57586_2850-57653"
"CHR-33","CHR-151","2850-57586","2850-57570","1","2",0.361290322580645,"2850-57586_2850-57570"
"CHR-33","CHR-39","2850-57586","2850-57620","1","2",0.332258064516129,"2850-57586_2850-57620"
"CHR-33","CHR-95","2850-57586","2850-57881","1","2",0.351612903225806,"2850-57586_2850-57881"
"CHR-33","CHR-16","2850-57586","2850-57581","1","2",0.364516129032258,"2850-57586_2850-57581"
"CHR-33","CHR-115","2850-57586","2850-57745","1","2",0.345161290322581,"2850-57586_2850-57745"
"CHR-33","CHR-78","2850-57586","2850-57744","1","2",0.354838709677419,"2850-57586_2850-57744"
"CHR-33","CHR-77","2850-57586","unb-CHR-77","1","2",0.364516129032258,"2850-57586_unb-CHR-77"
"CHR-33","CHR-93","2850-57586","2640-97588","1","2",0.364516129032258,"2850-57586_2640-97588"
"CHR-33","CHR-119","2850-57586","2850-57806","1","2",0.364516129032258,"2850-57586_2850-57806"
"CHR-33","CHR-12","2850-57586","unb-CHR-76and12","1","2",0.351612903225806,"2850-57586_unb-CHR-76and12"
"CHR-33","CHR-6","2850-57586","2850-57582","1","2",0.335483870967742,"2850-57586_2850-57582"
"CHR-33","CHR-52","2850-57586","2850-57742","1","2",0.364516129032258,"2850-57586_2850-57742"
"CHR-33","CHR-112","2850-57586","2850-57647","1","2",0.345161290322581,"2850-57586_2850-57647"
"CHR-33","CHR-99","2850-57586","2850-57578","1","2",0.348387096774194,"2850-57586_2850-57578"
"CHR-33","CHR-101","2850-57586","2850-57733","1","2",0.364516129032258,"2850-57586_2850-57733"
"CHR-33","CHR-150","2850-57586","2850-57577","1","2",0.361290322580645,"2850-57586_2850-57577"
"CHR-33","CHR-32","2850-57586","2850-57731","1","3",0.364516129032258,"2850-57586_2850-57731"
"CHR-33","CHR-149","2850-57586","2850-57669","1","3",0.364516129032258,"2850-57586_2850-57669"
"CHR-86","CHR-29","2850-57588","2850-57808","1","1",0.372759856630824,"2850-57588_2850-57808"
"CHR-86","CHR-32","2850-57588","2850-57731","1","1",0.372759856630824,"2850-57588_2850-57731"
"CHR-86","CHR-102","2850-57588","2640-97589","1","1",0.372759856630824,"2850-57588_2640-97589"
"CHR-86","CHR-96","2850-57588","2850-57806","1","1",0.372759856630824,"2850-57588_2850-57806"
"CHR-86","CHR-58","2850-57588","2850-57579","1","1",0.362007168458781,"2850-57588_2850-57579"
"CHR-86","CHR-97","2850-57588","2850-57589","1","1",0.344086021505376,"2850-57588_2850-57589"
"CHR-86","CHR-7","2850-57588","unb-CHR-7and9","1","1",0.351254480286738,"2850-57588_unb-CHR-7and9"
"CHR-86","CHR-4","2850-57588","2811-83208","1","1",0.336917562724014,"2850-57588_2811-83208"
"CHR-86","CHR-33","2850-57588","2850-57669","1","1",0.336917562724014,"2850-57588_2850-57669"
"CHR-86","CHR-86","2850-57588","2850-57653","1","1",0.372759856630824,"2850-57588_2850-57653"
"CHR-86","CHR-133","2850-57588","2850-57570","1","1",0.372759856630824,"2850-57588_2850-57570"
"CHR-86","CHR-39","2850-57588","2850-57620","1","1",0.336917562724014,"2850-57588_2850-57620"
"CHR-86","CHR-25","2850-57588","2850-57881","1","1",0.3584229390681,"2850-57588_2850-57881"
"CHR-86","CHR-66","2850-57588","2850-57581","1","1",0.372759856630824,"2850-57588_2850-57581"
"CHR-86","CHR-80","2850-57588","2850-57580","1","1",0.340501792114695,"2850-57588_2850-57580"
"CHR-86","CHR-82","2850-57588","2850-57745","1","1",0.351254480286738,"2850-57588_2850-57745"
"CHR-86","CHR-78","2850-57588","2850-57744","1","1",0.365591397849462,"2850-57588_2850-57744"
"CHR-86","CHR-73","2850-57588","2850-57671","1","1",0.351254480286738,"2850-57588_2850-57671"
"CHR-86","CHR-77","2850-57588","unb-CHR-77","1","1",0.372759856630824,"2850-57588_unb-CHR-77"
"CHR-86","CHR-93","2850-57588","2640-97588","1","1",0.372759856630824,"2850-57588_2640-97588"
"CHR-86","CHR-37","2850-57588","2850-57806","1","1",0.372759856630824,"2850-57588_2850-57806"
"CHR-86","CHR-43","2850-57588","2850-57567","1","1",0.340501792114695,"2850-57588_2850-57567"
"CHR-86","CHR-76","2850-57588","unb-CHR-76and12","1","1",0.362007168458781,"2850-57588_unb-CHR-76and12"
"CHR-86","CHR-74","2850-57588","2850-57582","1","1",0.340501792114695,"2850-57588_2850-57582"
"CHR-86","CHR-110","2850-57588","2850-57742","1","1",0.372759856630824,"2850-57588_2850-57742"
"CHR-86","CHR-112","2850-57588","2850-57647","1","1",0.354838709677419,"2850-57588_2850-57647"
"CHR-86","CHR-99","2850-57588","2850-57578","1","1",0.3584229390681,"2850-57588_2850-57578"
"CHR-86","CHR-11","2850-57588","2850-57733","1","1",0.372759856630824,"2850-57588_2850-57733"
"CHR-86","CHR-148","2850-57588","2850-57582","1","1",0.372759856630824,"2850-57588_2850-57582"
"CHR-86","CHR-128","2850-57588","2850-57577","1","1",0.372759856630824,"2850-57588_2850-57577"
"CHR-86","CHR-145","2850-57588","unb-CHR-145","1","1",0.372759856630824,"2850-57588_unb-CHR-145"
"CHR-86","CHR-27","2850-57588","2850-57808","1","2",0.372759856630824,"2850-57588_2850-57808"
"CHR-86","CHR-109","2850-57588","2850-57731","1","2",0.372759856630824,"2850-57588_2850-57731"
"CHR-86","CHR-102","2850-57588","2640-97589","1","2",0.372759856630824,"2850-57588_2640-97589"
"CHR-86","CHR-96","2850-57588","2850-57806","1","2",0.372759856630824,"2850-57588_2850-57806"
"CHR-86","CHR-139","2850-57588","2850-57579","1","2",0.362007168458781,"2850-57588_2850-57579"
"CHR-86","CHR-19","2850-57588","2850-57589","1","2",0.344086021505376,"2850-57588_2850-57589"
"CHR-86","CHR-9","2850-57588","unb-CHR-7and9","1","2",0.351254480286738,"2850-57588_unb-CHR-7and9"
"CHR-86","CHR-4","2850-57588","2811-83208","1","2",0.336917562724014,"2850-57588_2811-83208"
"CHR-86","CHR-33","2850-57588","2850-57669","1","2",0.336917562724014,"2850-57588_2850-57669"
"CHR-86","CHR-45","2850-57588","2850-57653","1","2",0.372759856630824,"2850-57588_2850-57653"
"CHR-86","CHR-151","2850-57588","2850-57570","1","2",0.372759856630824,"2850-57588_2850-57570"
"CHR-86","CHR-39","2850-57588","2850-57620","1","2",0.336917562724014,"2850-57588_2850-57620"
"CHR-86","CHR-95","2850-57588","2850-57881","1","2",0.3584229390681,"2850-57588_2850-57881"
"CHR-86","CHR-16","2850-57588","2850-57581","1","2",0.372759856630824,"2850-57588_2850-57581"
"CHR-86","CHR-115","2850-57588","2850-57745","1","2",0.351254480286738,"2850-57588_2850-57745"
"CHR-86","CHR-78","2850-57588","2850-57744","1","2",0.365591397849462,"2850-57588_2850-57744"
"CHR-86","CHR-77","2850-57588","unb-CHR-77","1","2",0.372759856630824,"2850-57588_unb-CHR-77"
"CHR-86","CHR-93","2850-57588","2640-97588","1","2",0.372759856630824,"2850-57588_2640-97588"
"CHR-86","CHR-119","2850-57588","2850-57806","1","2",0.372759856630824,"2850-57588_2850-57806"
"CHR-86","CHR-12","2850-57588","unb-CHR-76and12","1","2",0.362007168458781,"2850-57588_unb-CHR-76and12"
"CHR-86","CHR-6","2850-57588","2850-57582","1","2",0.340501792114695,"2850-57588_2850-57582"
"CHR-86","CHR-52","2850-57588","2850-57742","1","2",0.372759856630824,"2850-57588_2850-57742"
"CHR-86","CHR-112","2850-57588","2850-57647","1","2",0.354838709677419,"2850-57588_2850-57647"
"CHR-86","CHR-99","2850-57588","2850-57578","1","2",0.3584229390681,"2850-57588_2850-57578"
"CHR-86","CHR-101","2850-57588","2850-57733","1","2",0.372759856630824,"2850-57588_2850-57733"
"CHR-86","CHR-150","2850-57588","2850-57577","1","2",0.372759856630824,"2850-57588_2850-57577"
"CHR-86","CHR-32","2850-57588","2850-57731","1","3",0.372759856630824,"2850-57588_2850-57731"
"CHR-86","CHR-149","2850-57588","2850-57669","1","3",0.336917562724014,"2850-57588_2850-57669"
"CHR-133","CHR-29","2850-57648","2850-57808","1","1",0.209677419354839,"2850-57648_2850-57808"
"CHR-133","CHR-32","2850-57648","2850-57731","1","1",0.209677419354839,"2850-57648_2850-57731"
"CHR-133","CHR-102","2850-57648","2640-97589","1","1",0.209677419354839,"2850-57648_2640-97589"
"CHR-133","CHR-96","2850-57648","2850-57806","1","1",0.209677419354839,"2850-57648_2850-57806"
"CHR-133","CHR-58","2850-57648","2850-57579","1","1",0.205645161290323,"2850-57648_2850-57579"
"CHR-133","CHR-97","2850-57648","2850-57589","1","1",0.209677419354839,"2850-57648_2850-57589"
"CHR-133","CHR-7","2850-57648","unb-CHR-7and9","1","1",0.189516129032258,"2850-57648_unb-CHR-7and9"
"CHR-133","CHR-4","2850-57648","2811-83208","1","1",0.209677419354839,"2850-57648_2811-83208"
"CHR-133","CHR-33","2850-57648","2850-57669","1","1",0.205645161290323,"2850-57648_2850-57669"
"CHR-133","CHR-86","2850-57648","2850-57653","1","1",0.209677419354839,"2850-57648_2850-57653"
"CHR-133","CHR-133","2850-57648","2850-57570","1","1",0.209677419354839,"2850-57648_2850-57570"
"CHR-133","CHR-39","2850-57648","2850-57620","1","1",0.209677419354839,"2850-57648_2850-57620"
"CHR-133","CHR-25","2850-57648","2850-57881","1","1",0.209677419354839,"2850-57648_2850-57881"
"CHR-133","CHR-66","2850-57648","2850-57581","1","1",0.209677419354839,"2850-57648_2850-57581"
"CHR-133","CHR-80","2850-57648","2850-57580","1","1",0.205645161290323,"2850-57648_2850-57580"
"CHR-133","CHR-82","2850-57648","2850-57745","1","1",0.209677419354839,"2850-57648_2850-57745"
"CHR-133","CHR-78","2850-57648","2850-57744","1","1",0.173387096774194,"2850-57648_2850-57744"
"CHR-133","CHR-73","2850-57648","2850-57671","1","1",0.189516129032258,"2850-57648_2850-57671"
"CHR-133","CHR-77","2850-57648","unb-CHR-77","1","1",0.209677419354839,"2850-57648_unb-CHR-77"
"CHR-133","CHR-93","2850-57648","2640-97588","1","1",0.209677419354839,"2850-57648_2640-97588"
"CHR-133","CHR-37","2850-57648","2850-57806","1","1",0.209677419354839,"2850-57648_2850-57806"
"CHR-133","CHR-43","2850-57648","2850-57567","1","1",0.209677419354839,"2850-57648_2850-57567"
"CHR-133","CHR-76","2850-57648","unb-CHR-76and12","1","1",0.17741935483871,"2850-57648_unb-CHR-76and12"
"CHR-133","CHR-74","2850-57648","2850-57582","1","1",0.209677419354839,"2850-57648_2850-57582"
"CHR-133","CHR-110","2850-57648","2850-57742","1","1",0.209677419354839,"2850-57648_2850-57742"
"CHR-133","CHR-112","2850-57648","2850-57647","1","1",0.185483870967742,"2850-57648_2850-57647"
"CHR-133","CHR-99","2850-57648","2850-57578","1","1",0.181451612903226,"2850-57648_2850-57578"
"CHR-133","CHR-11","2850-57648","2850-57733","1","1",0.209677419354839,"2850-57648_2850-57733"
"CHR-133","CHR-148","2850-57648","2850-57582","1","1",0.209677419354839,"2850-57648_2850-57582"
"CHR-133","CHR-128","2850-57648","2850-57577","1","1",0.173387096774194,"2850-57648_2850-57577"
"CHR-133","CHR-145","2850-57648","unb-CHR-145","1","1",0.209677419354839,"2850-57648_unb-CHR-145"
"CHR-133","CHR-27","2850-57648","2850-57808","1","2",0.209677419354839,"2850-57648_2850-57808"
"CHR-133","CHR-109","2850-57648","2850-57731","1","2",0.209677419354839,"2850-57648_2850-57731"
"CHR-133","CHR-102","2850-57648","2640-97589","1","2",0.209677419354839,"2850-57648_2640-97589"
"CHR-133","CHR-96","2850-57648","2850-57806","1","2",0.209677419354839,"2850-57648_2850-57806"
"CHR-133","CHR-139","2850-57648","2850-57579","1","2",0.205645161290323,"2850-57648_2850-57579"
"CHR-133","CHR-19","2850-57648","2850-57589","1","2",0.209677419354839,"2850-57648_2850-57589"
"CHR-133","CHR-9","2850-57648","unb-CHR-7and9","1","2",0.189516129032258,"2850-57648_unb-CHR-7and9"
"CHR-133","CHR-4","2850-57648","2811-83208","1","2",0.209677419354839,"2850-57648_2811-83208"
"CHR-133","CHR-33","2850-57648","2850-57669","1","2",0.205645161290323,"2850-57648_2850-57669"
"CHR-133","CHR-45","2850-57648","2850-57653","1","2",0.209677419354839,"2850-57648_2850-57653"
"CHR-133","CHR-151","2850-57648","2850-57570","1","2",0.209677419354839,"2850-57648_2850-57570"
"CHR-133","CHR-39","2850-57648","2850-57620","1","2",0.209677419354839,"2850-57648_2850-57620"
"CHR-133","CHR-95","2850-57648","2850-57881","1","2",0.209677419354839,"2850-57648_2850-57881"
"CHR-133","CHR-16","2850-57648","2850-57581","1","2",0.209677419354839,"2850-57648_2850-57581"
"CHR-133","CHR-115","2850-57648","2850-57745","1","2",0.209677419354839,"2850-57648_2850-57745"
"CHR-133","CHR-78","2850-57648","2850-57744","1","2",0.173387096774194,"2850-57648_2850-57744"
"CHR-133","CHR-77","2850-57648","unb-CHR-77","1","2",0.209677419354839,"2850-57648_unb-CHR-77"
"CHR-133","CHR-93","2850-57648","2640-97588","1","2",0.209677419354839,"2850-57648_2640-97588"
"CHR-133","CHR-119","2850-57648","2850-57806","1","2",0.209677419354839,"2850-57648_2850-57806"
"CHR-133","CHR-12","2850-57648","unb-CHR-76and12","1","2",0.17741935483871,"2850-57648_unb-CHR-76and12"
"CHR-133","CHR-6","2850-57648","2850-57582","1","2",0.209677419354839,"2850-57648_2850-57582"
"CHR-133","CHR-52","2850-57648","2850-57742","1","2",0.209677419354839,"2850-57648_2850-57742"
"CHR-133","CHR-112","2850-57648","2850-57647","1","2",0.185483870967742,"2850-57648_2850-57647"
"CHR-133","CHR-99","2850-57648","2850-57578","1","2",0.181451612903226,"2850-57648_2850-57578"
"CHR-133","CHR-101","2850-57648","2850-57733","1","2",0.209677419354839,"2850-57648_2850-57733"
"CHR-133","CHR-150","2850-57648","2850-57577","1","2",0.173387096774194,"2850-57648_2850-57577"
"CHR-133","CHR-32","2850-57648","2850-57731","1","3",0.209677419354839,"2850-57648_2850-57731"
"CHR-133","CHR-149","2850-57648","2850-57669","1","3",0.205645161290323,"2850-57648_2850-57669"
"CHR-39","CHR-29","2850-57649","2850-57808","1","1",0.372759856630824,"2850-57649_2850-57808"
"CHR-39","CHR-32","2850-57649","2850-57731","1","1",0.372759856630824,"2850-57649_2850-57731"
"CHR-39","CHR-102","2850-57649","2640-97589","1","1",0.372759856630824,"2850-57649_2640-97589"
"CHR-39","CHR-96","2850-57649","2850-57806","1","1",0.372759856630824,"2850-57649_2850-57806"
"CHR-39","CHR-58","2850-57649","2850-57579","1","1",0.362007168458781,"2850-57649_2850-57579"
"CHR-39","CHR-97","2850-57649","2850-57589","1","1",0.344086021505376,"2850-57649_2850-57589"
"CHR-39","CHR-7","2850-57649","unb-CHR-7and9","1","1",0.351254480286738,"2850-57649_unb-CHR-7and9"
"CHR-39","CHR-4","2850-57649","2811-83208","1","1",0.336917562724014,"2850-57649_2811-83208"
"CHR-39","CHR-33","2850-57649","2850-57669","1","1",0.336917562724014,"2850-57649_2850-57669"
"CHR-39","CHR-86","2850-57649","2850-57653","1","1",0.336917562724014,"2850-57649_2850-57653"
"CHR-39","CHR-133","2850-57649","2850-57570","1","1",0.372759856630824,"2850-57649_2850-57570"
"CHR-39","CHR-39","2850-57649","2850-57620","1","1",0.372759856630824,"2850-57649_2850-57620"
"CHR-39","CHR-25","2850-57649","2850-57881","1","1",0.3584229390681,"2850-57649_2850-57881"
"CHR-39","CHR-66","2850-57649","2850-57581","1","1",0.372759856630824,"2850-57649_2850-57581"
"CHR-39","CHR-80","2850-57649","2850-57580","1","1",0.340501792114695,"2850-57649_2850-57580"
"CHR-39","CHR-82","2850-57649","2850-57745","1","1",0.351254480286738,"2850-57649_2850-57745"
"CHR-39","CHR-78","2850-57649","2850-57744","1","1",0.365591397849462,"2850-57649_2850-57744"
"CHR-39","CHR-73","2850-57649","2850-57671","1","1",0.351254480286738,"2850-57649_2850-57671"
"CHR-39","CHR-77","2850-57649","unb-CHR-77","1","1",0.372759856630824,"2850-57649_unb-CHR-77"
"CHR-39","CHR-93","2850-57649","2640-97588","1","1",0.372759856630824,"2850-57649_2640-97588"
"CHR-39","CHR-37","2850-57649","2850-57806","1","1",0.372759856630824,"2850-57649_2850-57806"
"CHR-39","CHR-43","2850-57649","2850-57567","1","1",0.340501792114695,"2850-57649_2850-57567"
"CHR-39","CHR-76","2850-57649","unb-CHR-76and12","1","1",0.362007168458781,"2850-57649_unb-CHR-76and12"
"CHR-39","CHR-74","2850-57649","2850-57582","1","1",0.340501792114695,"2850-57649_2850-57582"
"CHR-39","CHR-110","2850-57649","2850-57742","1","1",0.372759856630824,"2850-57649_2850-57742"
"CHR-39","CHR-112","2850-57649","2850-57647","1","1",0.354838709677419,"2850-57649_2850-57647"
"CHR-39","CHR-99","2850-57649","2850-57578","1","1",0.3584229390681,"2850-57649_2850-57578"
"CHR-39","CHR-11","2850-57649","2850-57733","1","1",0.372759856630824,"2850-57649_2850-57733"
"CHR-39","CHR-148","2850-57649","2850-57582","1","1",0.372759856630824,"2850-57649_2850-57582"
"CHR-39","CHR-128","2850-57649","2850-57577","1","1",0.372759856630824,"2850-57649_2850-57577"
"CHR-39","CHR-145","2850-57649","unb-CHR-145","1","1",0.372759856630824,"2850-57649_unb-CHR-145"
"CHR-39","CHR-27","2850-57649","2850-57808","1","2",0.372759856630824,"2850-57649_2850-57808"
"CHR-39","CHR-109","2850-57649","2850-57731","1","2",0.372759856630824,"2850-57649_2850-57731"
"CHR-39","CHR-102","2850-57649","2640-97589","1","2",0.372759856630824,"2850-57649_2640-97589"
"CHR-39","CHR-96","2850-57649","2850-57806","1","2",0.372759856630824,"2850-57649_2850-57806"
"CHR-39","CHR-139","2850-57649","2850-57579","1","2",0.362007168458781,"2850-57649_2850-57579"
"CHR-39","CHR-19","2850-57649","2850-57589","1","2",0.344086021505376,"2850-57649_2850-57589"
"CHR-39","CHR-9","2850-57649","unb-CHR-7and9","1","2",0.351254480286738,"2850-57649_unb-CHR-7and9"
"CHR-39","CHR-4","2850-57649","2811-83208","1","2",0.336917562724014,"2850-57649_2811-83208"
"CHR-39","CHR-33","2850-57649","2850-57669","1","2",0.336917562724014,"2850-57649_2850-57669"
"CHR-39","CHR-45","2850-57649","2850-57653","1","2",0.336917562724014,"2850-57649_2850-57653"
"CHR-39","CHR-151","2850-57649","2850-57570","1","2",0.372759856630824,"2850-57649_2850-57570"
"CHR-39","CHR-39","2850-57649","2850-57620","1","2",0.372759856630824,"2850-57649_2850-57620"
"CHR-39","CHR-95","2850-57649","2850-57881","1","2",0.3584229390681,"2850-57649_2850-57881"
"CHR-39","CHR-16","2850-57649","2850-57581","1","2",0.372759856630824,"2850-57649_2850-57581"
"CHR-39","CHR-115","2850-57649","2850-57745","1","2",0.351254480286738,"2850-57649_2850-57745"
"CHR-39","CHR-78","2850-57649","2850-57744","1","2",0.365591397849462,"2850-57649_2850-57744"
"CHR-39","CHR-77","2850-57649","unb-CHR-77","1","2",0.372759856630824,"2850-57649_unb-CHR-77"
"CHR-39","CHR-93","2850-57649","2640-97588","1","2",0.372759856630824,"2850-57649_2640-97588"
"CHR-39","CHR-119","2850-57649","2850-57806","1","2",0.372759856630824,"2850-57649_2850-57806"
"CHR-39","CHR-12","2850-57649","unb-CHR-76and12","1","2",0.362007168458781,"2850-57649_unb-CHR-76and12"
"CHR-39","CHR-6","2850-57649","2850-57582","1","2",0.340501792114695,"2850-57649_2850-57582"
"CHR-39","CHR-52","2850-57649","2850-57742","1","2",0.372759856630824,"2850-57649_2850-57742"
"CHR-39","CHR-112","2850-57649","2850-57647","1","2",0.354838709677419,"2850-57649_2850-57647"
"CHR-39","CHR-99","2850-57649","2850-57578","1","2",0.3584229390681,"2850-57649_2850-57578"
"CHR-39","CHR-101","2850-57649","2850-57733","1","2",0.372759856630824,"2850-57649_2850-57733"
"CHR-39","CHR-150","2850-57649","2850-57577","1","2",0.372759856630824,"2850-57649_2850-57577"
"CHR-39","CHR-32","2850-57649","2850-57731","1","3",0.372759856630824,"2850-57649_2850-57731"
"CHR-39","CHR-149","2850-57649","2850-57669","1","3",0.336917562724014,"2850-57649_2850-57669"
"CHR-25","CHR-29","2850-57650","2850-57808","1","1",0.269794721407625,"2850-57650_2850-57808"
"CHR-25","CHR-32","2850-57650","2850-57731","1","1",0.284457478005865,"2850-57650_2850-57731"
"CHR-25","CHR-102","2850-57650","2640-97589","1","1",0.275659824046921,"2850-57650_2640-97589"
"CHR-25","CHR-96","2850-57650","2850-57806","1","1",0.269794721407625,"2850-57650_2850-57806"
"CHR-25","CHR-58","2850-57650","2850-57579","1","1",0.258064516129032,"2850-57650_2850-57579"
"CHR-25","CHR-97","2850-57650","2850-57589","1","1",0.266862170087977,"2850-57650_2850-57589"
"CHR-25","CHR-7","2850-57650","unb-CHR-7and9","1","1",0.287390029325513,"2850-57650_unb-CHR-7and9"
"CHR-25","CHR-4","2850-57650","2811-83208","1","1",0.275659824046921,"2850-57650_2811-83208"
"CHR-25","CHR-33","2850-57650","2850-57669","1","1",0.275659824046921,"2850-57650_2850-57669"
"CHR-25","CHR-86","2850-57650","2850-57653","1","1",0.275659824046921,"2850-57650_2850-57653"
"CHR-25","CHR-133","2850-57650","2850-57570","1","1",0.287390029325513,"2850-57650_2850-57570"
"CHR-25","CHR-39","2850-57650","2850-57620","1","1",0.275659824046921,"2850-57650_2850-57620"
"CHR-25","CHR-25","2850-57650","2850-57881","1","1",0.287390029325513,"2850-57650_2850-57881"
"CHR-25","CHR-66","2850-57650","2850-57581","1","1",0.263929618768328,"2850-57650_2850-57581"
"CHR-25","CHR-80","2850-57650","2850-57580","1","1",0.278592375366569,"2850-57650_2850-57580"
"CHR-25","CHR-82","2850-57650","2850-57745","1","1",0.26099706744868,"2850-57650_2850-57745"
"CHR-25","CHR-78","2850-57650","2850-57744","1","1",0.287390029325513,"2850-57650_2850-57744"
"CHR-25","CHR-73","2850-57650","2850-57671","1","1",0.287390029325513,"2850-57650_2850-57671"
"CHR-25","CHR-77","2850-57650","unb-CHR-77","1","1",0.284457478005865,"2850-57650_unb-CHR-77"
"CHR-25","CHR-93","2850-57650","2640-97588","1","1",0.281524926686217,"2850-57650_2640-97588"
"CHR-25","CHR-37","2850-57650","2850-57806","1","1",0.269794721407625,"2850-57650_2850-57806"
"CHR-25","CHR-43","2850-57650","2850-57567","1","1",0.269794721407625,"2850-57650_2850-57567"
"CHR-25","CHR-76","2850-57650","unb-CHR-76and12","1","1",0.287390029325513,"2850-57650_unb-CHR-76and12"
"CHR-25","CHR-74","2850-57650","2850-57582","1","1",0.272727272727273,"2850-57650_2850-57582"
"CHR-25","CHR-110","2850-57650","2850-57742","1","1",0.263929618768328,"2850-57650_2850-57742"
"CHR-25","CHR-112","2850-57650","2850-57647","1","1",0.287390029325513,"2850-57650_2850-57647"
"CHR-25","CHR-99","2850-57650","2850-57578","1","1",0.287390029325513,"2850-57650_2850-57578"
"CHR-25","CHR-11","2850-57650","2850-57733","1","1",0.287390029325513,"2850-57650_2850-57733"
"CHR-25","CHR-148","2850-57650","2850-57582","1","1",0.287390029325513,"2850-57650_2850-57582"
"CHR-25","CHR-128","2850-57650","2850-57577","1","1",0.287390029325513,"2850-57650_2850-57577"
"CHR-25","CHR-145","2850-57650","unb-CHR-145","1","1",0.287390029325513,"2850-57650_unb-CHR-145"
"CHR-25","CHR-27","2850-57650","2850-57808","1","2",0.269794721407625,"2850-57650_2850-57808"
"CHR-25","CHR-109","2850-57650","2850-57731","1","2",0.284457478005865,"2850-57650_2850-57731"
"CHR-25","CHR-102","2850-57650","2640-97589","1","2",0.275659824046921,"2850-57650_2640-97589"
"CHR-25","CHR-96","2850-57650","2850-57806","1","2",0.269794721407625,"2850-57650_2850-57806"
"CHR-25","CHR-139","2850-57650","2850-57579","1","2",0.258064516129032,"2850-57650_2850-57579"
"CHR-25","CHR-19","2850-57650","2850-57589","1","2",0.266862170087977,"2850-57650_2850-57589"
"CHR-25","CHR-9","2850-57650","unb-CHR-7and9","1","2",0.287390029325513,"2850-57650_unb-CHR-7and9"
"CHR-25","CHR-4","2850-57650","2811-83208","1","2",0.275659824046921,"2850-57650_2811-83208"
"CHR-25","CHR-33","2850-57650","2850-57669","1","2",0.275659824046921,"2850-57650_2850-57669"
"CHR-25","CHR-45","2850-57650","2850-57653","1","2",0.275659824046921,"2850-57650_2850-57653"
"CHR-25","CHR-151","2850-57650","2850-57570","1","2",0.287390029325513,"2850-57650_2850-57570"
"CHR-25","CHR-39","2850-57650","2850-57620","1","2",0.275659824046921,"2850-57650_2850-57620"
"CHR-25","CHR-95","2850-57650","2850-57881","1","2",0.287390029325513,"2850-57650_2850-57881"
"CHR-25","CHR-16","2850-57650","2850-57581","1","2",0.263929618768328,"2850-57650_2850-57581"
"CHR-25","CHR-115","2850-57650","2850-57745","1","2",0.26099706744868,"2850-57650_2850-57745"
"CHR-25","CHR-78","2850-57650","2850-57744","1","2",0.287390029325513,"2850-57650_2850-57744"
"CHR-25","CHR-77","2850-57650","unb-CHR-77","1","2",0.284457478005865,"2850-57650_unb-CHR-77"
"CHR-25","CHR-93","2850-57650","2640-97588","1","2",0.281524926686217,"2850-57650_2640-97588"
"CHR-25","CHR-119","2850-57650","2850-57806","1","2",0.269794721407625,"2850-57650_2850-57806"
"CHR-25","CHR-12","2850-57650","unb-CHR-76and12","1","2",0.287390029325513,"2850-57650_unb-CHR-76and12"
"CHR-25","CHR-6","2850-57650","2850-57582","1","2",0.272727272727273,"2850-57650_2850-57582"
"CHR-25","CHR-52","2850-57650","2850-57742","1","2",0.263929618768328,"2850-57650_2850-57742"
"CHR-25","CHR-112","2850-57650","2850-57647","1","2",0.287390029325513,"2850-57650_2850-57647"
"CHR-25","CHR-99","2850-57650","2850-57578","1","2",0.287390029325513,"2850-57650_2850-57578"
"CHR-25","CHR-101","2850-57650","2850-57733","1","2",0.287390029325513,"2850-57650_2850-57733"
"CHR-25","CHR-150","2850-57650","2850-57577","1","2",0.287390029325513,"2850-57650_2850-57577"
"CHR-25","CHR-32","2850-57650","2850-57731","1","3",0.284457478005865,"2850-57650_2850-57731"
"CHR-25","CHR-149","2850-57650","2850-57669","1","3",0.275659824046921,"2850-57650_2850-57669"
"CHR-66","CHR-29","2850-57652","2850-57808","1","1",0.245967741935484,"2850-57652_2850-57808"
"CHR-66","CHR-32","2850-57652","2850-57731","1","1",0.266129032258065,"2850-57652_2850-57731"
"CHR-66","CHR-102","2850-57652","2640-97589","1","1",0.254032258064516,"2850-57652_2640-97589"
"CHR-66","CHR-96","2850-57652","2850-57806","1","1",0.245967741935484,"2850-57652_2850-57806"
"CHR-66","CHR-58","2850-57652","2850-57579","1","1",0.245967741935484,"2850-57652_2850-57579"
"CHR-66","CHR-97","2850-57652","2850-57589","1","1",0.262096774193548,"2850-57652_2850-57589"
"CHR-66","CHR-7","2850-57652","unb-CHR-7and9","1","1",0.274193548387097,"2850-57652_unb-CHR-7and9"
"CHR-66","CHR-4","2850-57652","2811-83208","1","1",0.274193548387097,"2850-57652_2811-83208"
"CHR-66","CHR-33","2850-57652","2850-57669","1","1",0.274193548387097,"2850-57652_2850-57669"
"CHR-66","CHR-86","2850-57652","2850-57653","1","1",0.274193548387097,"2850-57652_2850-57653"
"CHR-66","CHR-133","2850-57652","2850-57570","1","1",0.274193548387097,"2850-57652_2850-57570"
"CHR-66","CHR-39","2850-57652","2850-57620","1","1",0.274193548387097,"2850-57652_2850-57620"
"CHR-66","CHR-25","2850-57652","2850-57881","1","1",0.241935483870968,"2850-57652_2850-57881"
"CHR-66","CHR-66","2850-57652","2850-57581","1","1",0.274193548387097,"2850-57652_2850-57581"
"CHR-66","CHR-80","2850-57652","2850-57580","1","1",0.274193548387097,"2850-57652_2850-57580"
"CHR-66","CHR-82","2850-57652","2850-57745","1","1",0.254032258064516,"2850-57652_2850-57745"
"CHR-66","CHR-78","2850-57652","2850-57744","1","1",0.274193548387097,"2850-57652_2850-57744"
"CHR-66","CHR-73","2850-57652","2850-57671","1","1",0.274193548387097,"2850-57652_2850-57671"
"CHR-66","CHR-77","2850-57652","unb-CHR-77","1","1",0.266129032258065,"2850-57652_unb-CHR-77"
"CHR-66","CHR-93","2850-57652","2640-97588","1","1",0.262096774193548,"2850-57652_2640-97588"
"CHR-66","CHR-37","2850-57652","2850-57806","1","1",0.245967741935484,"2850-57652_2850-57806"
"CHR-66","CHR-43","2850-57652","2850-57567","1","1",0.266129032258065,"2850-57652_2850-57567"
"CHR-66","CHR-76","2850-57652","unb-CHR-76and12","1","1",0.274193548387097,"2850-57652_unb-CHR-76and12"
"CHR-66","CHR-74","2850-57652","2850-57582","1","1",0.270161290322581,"2850-57652_2850-57582"
"CHR-66","CHR-110","2850-57652","2850-57742","1","1",0.237903225806452,"2850-57652_2850-57742"
"CHR-66","CHR-112","2850-57652","2850-57647","1","1",0.274193548387097,"2850-57652_2850-57647"
"CHR-66","CHR-99","2850-57652","2850-57578","1","1",0.274193548387097,"2850-57652_2850-57578"
"CHR-66","CHR-11","2850-57652","2850-57733","1","1",0.274193548387097,"2850-57652_2850-57733"
"CHR-66","CHR-148","2850-57652","2850-57582","1","1",0.274193548387097,"2850-57652_2850-57582"
"CHR-66","CHR-128","2850-57652","2850-57577","1","1",0.274193548387097,"2850-57652_2850-57577"
"CHR-66","CHR-145","2850-57652","unb-CHR-145","1","1",0.274193548387097,"2850-57652_unb-CHR-145"
"CHR-66","CHR-27","2850-57652","2850-57808","1","2",0.245967741935484,"2850-57652_2850-57808"
"CHR-66","CHR-109","2850-57652","2850-57731","1","2",0.266129032258065,"2850-57652_2850-57731"
"CHR-66","CHR-102","2850-57652","2640-97589","1","2",0.254032258064516,"2850-57652_2640-97589"
"CHR-66","CHR-96","2850-57652","2850-57806","1","2",0.245967741935484,"2850-57652_2850-57806"
"CHR-66","CHR-139","2850-57652","2850-57579","1","2",0.245967741935484,"2850-57652_2850-57579"
"CHR-66","CHR-19","2850-57652","2850-57589","1","2",0.262096774193548,"2850-57652_2850-57589"
"CHR-66","CHR-9","2850-57652","unb-CHR-7and9","1","2",0.274193548387097,"2850-57652_unb-CHR-7and9"
"CHR-66","CHR-4","2850-57652","2811-83208","1","2",0.274193548387097,"2850-57652_2811-83208"
"CHR-66","CHR-33","2850-57652","2850-57669","1","2",0.274193548387097,"2850-57652_2850-57669"
"CHR-66","CHR-45","2850-57652","2850-57653","1","2",0.274193548387097,"2850-57652_2850-57653"
"CHR-66","CHR-151","2850-57652","2850-57570","1","2",0.274193548387097,"2850-57652_2850-57570"
"CHR-66","CHR-39","2850-57652","2850-57620","1","2",0.274193548387097,"2850-57652_2850-57620"
"CHR-66","CHR-95","2850-57652","2850-57881","1","2",0.241935483870968,"2850-57652_2850-57881"
"CHR-66","CHR-16","2850-57652","2850-57581","1","2",0.274193548387097,"2850-57652_2850-57581"
"CHR-66","CHR-115","2850-57652","2850-57745","1","2",0.254032258064516,"2850-57652_2850-57745"
"CHR-66","CHR-78","2850-57652","2850-57744","1","2",0.274193548387097,"2850-57652_2850-57744"
"CHR-66","CHR-77","2850-57652","unb-CHR-77","1","2",0.266129032258065,"2850-57652_unb-CHR-77"
"CHR-66","CHR-93","2850-57652","2640-97588","1","2",0.262096774193548,"2850-57652_2640-97588"
"CHR-66","CHR-119","2850-57652","2850-57806","1","2",0.245967741935484,"2850-57652_2850-57806"
"CHR-66","CHR-12","2850-57652","unb-CHR-76and12","1","2",0.274193548387097,"2850-57652_unb-CHR-76and12"
"CHR-66","CHR-6","2850-57652","2850-57582","1","2",0.270161290322581,"2850-57652_2850-57582"
"CHR-66","CHR-52","2850-57652","2850-57742","1","2",0.237903225806452,"2850-57652_2850-57742"
"CHR-66","CHR-112","2850-57652","2850-57647","1","2",0.274193548387097,"2850-57652_2850-57647"
"CHR-66","CHR-99","2850-57652","2850-57578","1","2",0.274193548387097,"2850-57652_2850-57578"
"CHR-66","CHR-101","2850-57652","2850-57733","1","2",0.274193548387097,"2850-57652_2850-57733"
"CHR-66","CHR-150","2850-57652","2850-57577","1","2",0.274193548387097,"2850-57652_2850-57577"
"CHR-66","CHR-32","2850-57652","2850-57731","1","3",0.266129032258065,"2850-57652_2850-57731"
"CHR-66","CHR-149","2850-57652","2850-57669","1","3",0.274193548387097,"2850-57652_2850-57669"
"CHR-80","CHR-29","2850-57654","2850-57808","1","1",0.372759856630824,"2850-57654_2850-57808"
"CHR-80","CHR-32","2850-57654","2850-57731","1","1",0.372759856630824,"2850-57654_2850-57731"
"CHR-80","CHR-102","2850-57654","2640-97589","1","1",0.372759856630824,"2850-57654_2640-97589"
"CHR-80","CHR-96","2850-57654","2850-57806","1","1",0.372759856630824,"2850-57654_2850-57806"
"CHR-80","CHR-58","2850-57654","2850-57579","1","1",0.365591397849462,"2850-57654_2850-57579"
"CHR-80","CHR-97","2850-57654","2850-57589","1","1",0.347670250896057,"2850-57654_2850-57589"
"CHR-80","CHR-7","2850-57654","unb-CHR-7and9","1","1",0.347670250896057,"2850-57654_unb-CHR-7and9"
"CHR-80","CHR-4","2850-57654","2811-83208","1","1",0.340501792114695,"2850-57654_2811-83208"
"CHR-80","CHR-33","2850-57654","2850-57669","1","1",0.336917562724014,"2850-57654_2850-57669"
"CHR-80","CHR-86","2850-57654","2850-57653","1","1",0.340501792114695,"2850-57654_2850-57653"
"CHR-80","CHR-133","2850-57654","2850-57570","1","1",0.369175627240143,"2850-57654_2850-57570"
"CHR-80","CHR-39","2850-57654","2850-57620","1","1",0.340501792114695,"2850-57654_2850-57620"
"CHR-80","CHR-25","2850-57654","2850-57881","1","1",0.362007168458781,"2850-57654_2850-57881"
"CHR-80","CHR-66","2850-57654","2850-57581","1","1",0.372759856630824,"2850-57654_2850-57581"
"CHR-80","CHR-80","2850-57654","2850-57580","1","1",0.372759856630824,"2850-57654_2850-57580"
"CHR-80","CHR-82","2850-57654","2850-57745","1","1",0.354838709677419,"2850-57654_2850-57745"
"CHR-80","CHR-78","2850-57654","2850-57744","1","1",0.362007168458781,"2850-57654_2850-57744"
"CHR-80","CHR-73","2850-57654","2850-57671","1","1",0.347670250896057,"2850-57654_2850-57671"
"CHR-80","CHR-77","2850-57654","unb-CHR-77","1","1",0.372759856630824,"2850-57654_unb-CHR-77"
"CHR-80","CHR-93","2850-57654","2640-97588","1","1",0.372759856630824,"2850-57654_2640-97588"
"CHR-80","CHR-37","2850-57654","2850-57806","1","1",0.372759856630824,"2850-57654_2850-57806"
"CHR-80","CHR-43","2850-57654","2850-57567","1","1",0.344086021505376,"2850-57654_2850-57567"
"CHR-80","CHR-76","2850-57654","unb-CHR-76and12","1","1",0.3584229390681,"2850-57654_unb-CHR-76and12"
"CHR-80","CHR-74","2850-57654","2850-57582","1","1",0.344086021505376,"2850-57654_2850-57582"
"CHR-80","CHR-110","2850-57654","2850-57742","1","1",0.372759856630824,"2850-57654_2850-57742"
"CHR-80","CHR-112","2850-57654","2850-57647","1","1",0.351254480286738,"2850-57654_2850-57647"
"CHR-80","CHR-99","2850-57654","2850-57578","1","1",0.354838709677419,"2850-57654_2850-57578"
"CHR-80","CHR-11","2850-57654","2850-57733","1","1",0.372759856630824,"2850-57654_2850-57733"
"CHR-80","CHR-148","2850-57654","2850-57582","1","1",0.372759856630824,"2850-57654_2850-57582"
"CHR-80","CHR-128","2850-57654","2850-57577","1","1",0.369175627240143,"2850-57654_2850-57577"
"CHR-80","CHR-145","2850-57654","unb-CHR-145","1","1",0.372759856630824,"2850-57654_unb-CHR-145"
"CHR-80","CHR-27","2850-57654","2850-57808","1","2",0.372759856630824,"2850-57654_2850-57808"
"CHR-80","CHR-109","2850-57654","2850-57731","1","2",0.372759856630824,"2850-57654_2850-57731"
"CHR-80","CHR-102","2850-57654","2640-97589","1","2",0.372759856630824,"2850-57654_2640-97589"
"CHR-80","CHR-96","2850-57654","2850-57806","1","2",0.372759856630824,"2850-57654_2850-57806"
"CHR-80","CHR-139","2850-57654","2850-57579","1","2",0.365591397849462,"2850-57654_2850-57579"
"CHR-80","CHR-19","2850-57654","2850-57589","1","2",0.347670250896057,"2850-57654_2850-57589"
"CHR-80","CHR-9","2850-57654","unb-CHR-7and9","1","2",0.347670250896057,"2850-57654_unb-CHR-7and9"
"CHR-80","CHR-4","2850-57654","2811-83208","1","2",0.340501792114695,"2850-57654_2811-83208"
"CHR-80","CHR-33","2850-57654","2850-57669","1","2",0.336917562724014,"2850-57654_2850-57669"
"CHR-80","CHR-45","2850-57654","2850-57653","1","2",0.340501792114695,"2850-57654_2850-57653"
"CHR-80","CHR-151","2850-57654","2850-57570","1","2",0.369175627240143,"2850-57654_2850-57570"
"CHR-80","CHR-39","2850-57654","2850-57620","1","2",0.340501792114695,"2850-57654_2850-57620"
"CHR-80","CHR-95","2850-57654","2850-57881","1","2",0.362007168458781,"2850-57654_2850-57881"
"CHR-80","CHR-16","2850-57654","2850-57581","1","2",0.372759856630824,"2850-57654_2850-57581"
"CHR-80","CHR-115","2850-57654","2850-57745","1","2",0.354838709677419,"2850-57654_2850-57745"
"CHR-80","CHR-78","2850-57654","2850-57744","1","2",0.362007168458781,"2850-57654_2850-57744"
"CHR-80","CHR-77","2850-57654","unb-CHR-77","1","2",0.372759856630824,"2850-57654_unb-CHR-77"
"CHR-80","CHR-93","2850-57654","2640-97588","1","2",0.372759856630824,"2850-57654_2640-97588"
"CHR-80","CHR-119","2850-57654","2850-57806","1","2",0.372759856630824,"2850-57654_2850-57806"
"CHR-80","CHR-12","2850-57654","unb-CHR-76and12","1","2",0.3584229390681,"2850-57654_unb-CHR-76and12"
"CHR-80","CHR-6","2850-57654","2850-57582","1","2",0.344086021505376,"2850-57654_2850-57582"
"CHR-80","CHR-52","2850-57654","2850-57742","1","2",0.372759856630824,"2850-57654_2850-57742"
"CHR-80","CHR-112","2850-57654","2850-57647","1","2",0.351254480286738,"2850-57654_2850-57647"
"CHR-80","CHR-99","2850-57654","2850-57578","1","2",0.354838709677419,"2850-57654_2850-57578"
"CHR-80","CHR-101","2850-57654","2850-57733","1","2",0.372759856630824,"2850-57654_2850-57733"
"CHR-80","CHR-150","2850-57654","2850-57577","1","2",0.369175627240143,"2850-57654_2850-57577"
"CHR-80","CHR-32","2850-57654","2850-57731","1","3",0.372759856630824,"2850-57654_2850-57731"
"CHR-80","CHR-149","2850-57654","2850-57669","1","3",0.336917562724014,"2850-57654_2850-57669"
"CHR-82","CHR-29","2850-57655","2850-57808","1","1",0.296774193548387,"2850-57655_2850-57808"
"CHR-82","CHR-32","2850-57655","2850-57731","1","1",0.306451612903226,"2850-57655_2850-57731"
"CHR-82","CHR-102","2850-57655","2640-97589","1","1",0.303225806451613,"2850-57655_2640-97589"
"CHR-82","CHR-96","2850-57655","2850-57806","1","1",0.296774193548387,"2850-57655_2850-57806"
"CHR-82","CHR-58","2850-57655","2850-57579","1","1",0.280645161290323,"2850-57655_2850-57579"
"CHR-82","CHR-97","2850-57655","2850-57589","1","1",0.27741935483871,"2850-57655_2850-57589"
"CHR-82","CHR-7","2850-57655","unb-CHR-7and9","1","1",0.3,"2850-57655_unb-CHR-7and9"
"CHR-82","CHR-4","2850-57655","2811-83208","1","1",0.287096774193548,"2850-57655_2811-83208"
"CHR-82","CHR-33","2850-57655","2850-57669","1","1",0.287096774193548,"2850-57655_2850-57669"
"CHR-82","CHR-86","2850-57655","2850-57653","1","1",0.287096774193548,"2850-57655_2850-57653"
"CHR-82","CHR-133","2850-57655","2850-57570","1","1",0.306451612903226,"2850-57655_2850-57570"
"CHR-82","CHR-39","2850-57655","2850-57620","1","1",0.287096774193548,"2850-57655_2850-57620"
"CHR-82","CHR-25","2850-57655","2850-57881","1","1",0.27741935483871,"2850-57655_2850-57881"
"CHR-82","CHR-66","2850-57655","2850-57581","1","1",0.290322580645161,"2850-57655_2850-57581"
"CHR-82","CHR-80","2850-57655","2850-57580","1","1",0.290322580645161,"2850-57655_2850-57580"
"CHR-82","CHR-82","2850-57655","2850-57745","1","1",0.306451612903226,"2850-57655_2850-57745"
"CHR-82","CHR-78","2850-57655","2850-57744","1","1",0.306451612903226,"2850-57655_2850-57744"
"CHR-82","CHR-73","2850-57655","2850-57671","1","1",0.3,"2850-57655_2850-57671"
"CHR-82","CHR-77","2850-57655","unb-CHR-77","1","1",0.306451612903226,"2850-57655_unb-CHR-77"
"CHR-82","CHR-93","2850-57655","2640-97588","1","1",0.306451612903226,"2850-57655_2640-97588"
"CHR-82","CHR-37","2850-57655","2850-57806","1","1",0.296774193548387,"2850-57655_2850-57806"
"CHR-82","CHR-43","2850-57655","2850-57567","1","1",0.280645161290323,"2850-57655_2850-57567"
"CHR-82","CHR-76","2850-57655","unb-CHR-76and12","1","1",0.306451612903226,"2850-57655_unb-CHR-76and12"
"CHR-82","CHR-74","2850-57655","2850-57582","1","1",0.283870967741935,"2850-57655_2850-57582"
"CHR-82","CHR-110","2850-57655","2850-57742","1","1",0.290322580645161,"2850-57655_2850-57742"
"CHR-82","CHR-112","2850-57655","2850-57647","1","1",0.303225806451613,"2850-57655_2850-57647"
"CHR-82","CHR-99","2850-57655","2850-57578","1","1",0.306451612903226,"2850-57655_2850-57578"
"CHR-82","CHR-11","2850-57655","2850-57733","1","1",0.306451612903226,"2850-57655_2850-57733"
"CHR-82","CHR-148","2850-57655","2850-57582","1","1",0.306451612903226,"2850-57655_2850-57582"
"CHR-82","CHR-128","2850-57655","2850-57577","1","1",0.306451612903226,"2850-57655_2850-57577"
"CHR-82","CHR-145","2850-57655","unb-CHR-145","1","1",0.306451612903226,"2850-57655_unb-CHR-145"
"CHR-82","CHR-27","2850-57655","2850-57808","1","2",0.296774193548387,"2850-57655_2850-57808"
"CHR-82","CHR-109","2850-57655","2850-57731","1","2",0.306451612903226,"2850-57655_2850-57731"
"CHR-82","CHR-102","2850-57655","2640-97589","1","2",0.303225806451613,"2850-57655_2640-97589"
"CHR-82","CHR-96","2850-57655","2850-57806","1","2",0.296774193548387,"2850-57655_2850-57806"
"CHR-82","CHR-139","2850-57655","2850-57579","1","2",0.280645161290323,"2850-57655_2850-57579"
"CHR-82","CHR-19","2850-57655","2850-57589","1","2",0.27741935483871,"2850-57655_2850-57589"
"CHR-82","CHR-9","2850-57655","unb-CHR-7and9","1","2",0.3,"2850-57655_unb-CHR-7and9"
"CHR-82","CHR-4","2850-57655","2811-83208","1","2",0.287096774193548,"2850-57655_2811-83208"
"CHR-82","CHR-33","2850-57655","2850-57669","1","2",0.287096774193548,"2850-57655_2850-57669"
"CHR-82","CHR-45","2850-57655","2850-57653","1","2",0.287096774193548,"2850-57655_2850-57653"
"CHR-82","CHR-151","2850-57655","2850-57570","1","2",0.306451612903226,"2850-57655_2850-57570"
"CHR-82","CHR-39","2850-57655","2850-57620","1","2",0.287096774193548,"2850-57655_2850-57620"
"CHR-82","CHR-95","2850-57655","2850-57881","1","2",0.27741935483871,"2850-57655_2850-57881"
"CHR-82","CHR-16","2850-57655","2850-57581","1","2",0.290322580645161,"2850-57655_2850-57581"
"CHR-82","CHR-115","2850-57655","2850-57745","1","2",0.306451612903226,"2850-57655_2850-57745"
"CHR-82","CHR-78","2850-57655","2850-57744","1","2",0.306451612903226,"2850-57655_2850-57744"
"CHR-82","CHR-77","2850-57655","unb-CHR-77","1","2",0.306451612903226,"2850-57655_unb-CHR-77"
"CHR-82","CHR-93","2850-57655","2640-97588","1","2",0.306451612903226,"2850-57655_2640-97588"
"CHR-82","CHR-119","2850-57655","2850-57806","1","2",0.296774193548387,"2850-57655_2850-57806"
"CHR-82","CHR-12","2850-57655","unb-CHR-76and12","1","2",0.306451612903226,"2850-57655_unb-CHR-76and12"
"CHR-82","CHR-6","2850-57655","2850-57582","1","2",0.283870967741935,"2850-57655_2850-57582"
"CHR-82","CHR-52","2850-57655","2850-57742","1","2",0.290322580645161,"2850-57655_2850-57742"
"CHR-82","CHR-112","2850-57655","2850-57647","1","2",0.303225806451613,"2850-57655_2850-57647"
"CHR-82","CHR-99","2850-57655","2850-57578","1","2",0.306451612903226,"2850-57655_2850-57578"
"CHR-82","CHR-101","2850-57655","2850-57733","1","2",0.306451612903226,"2850-57655_2850-57733"
"CHR-82","CHR-150","2850-57655","2850-57577","1","2",0.306451612903226,"2850-57655_2850-57577"
"CHR-82","CHR-32","2850-57655","2850-57731","1","3",0.306451612903226,"2850-57655_2850-57731"
"CHR-82","CHR-149","2850-57655","2850-57669","1","3",0.287096774193548,"2850-57655_2850-57669"
"CHR-78","CHR-29","2850-57656","2850-57808","1","1",0.238709677419355,"2850-57656_2850-57808"
"CHR-78","CHR-32","2850-57656","2850-57731","1","1",0.238709677419355,"2850-57656_2850-57731"
"CHR-78","CHR-102","2850-57656","2640-97589","1","1",0.238709677419355,"2850-57656_2640-97589"
"CHR-78","CHR-96","2850-57656","2850-57806","1","1",0.238709677419355,"2850-57656_2850-57806"
"CHR-78","CHR-58","2850-57656","2850-57579","1","1",0.235483870967742,"2850-57656_2850-57579"
"CHR-78","CHR-97","2850-57656","2850-57589","1","1",0.238709677419355,"2850-57656_2850-57589"
"CHR-78","CHR-7","2850-57656","unb-CHR-7and9","1","1",0.216129032258065,"2850-57656_unb-CHR-7and9"
"CHR-78","CHR-4","2850-57656","2811-83208","1","1",0.232258064516129,"2850-57656_2811-83208"
"CHR-78","CHR-33","2850-57656","2850-57669","1","1",0.229032258064516,"2850-57656_2850-57669"
"CHR-78","CHR-86","2850-57656","2850-57653","1","1",0.232258064516129,"2850-57656_2850-57653"
"CHR-78","CHR-133","2850-57656","2850-57570","1","1",0.209677419354839,"2850-57656_2850-57570"
"CHR-78","CHR-39","2850-57656","2850-57620","1","1",0.232258064516129,"2850-57656_2850-57620"
"CHR-78","CHR-25","2850-57656","2850-57881","1","1",0.238709677419355,"2850-57656_2850-57881"
"CHR-78","CHR-66","2850-57656","2850-57581","1","1",0.238709677419355,"2850-57656_2850-57581"
"CHR-78","CHR-80","2850-57656","2850-57580","1","1",0.229032258064516,"2850-57656_2850-57580"
"CHR-78","CHR-82","2850-57656","2850-57745","1","1",0.238709677419355,"2850-57656_2850-57745"
"CHR-78","CHR-78","2850-57656","2850-57744","1","1",0.238709677419355,"2850-57656_2850-57744"
"CHR-78","CHR-73","2850-57656","2850-57671","1","1",0.216129032258065,"2850-57656_2850-57671"
"CHR-78","CHR-77","2850-57656","unb-CHR-77","1","1",0.238709677419355,"2850-57656_unb-CHR-77"
"CHR-78","CHR-93","2850-57656","2640-97588","1","1",0.238709677419355,"2850-57656_2640-97588"
"CHR-78","CHR-37","2850-57656","2850-57806","1","1",0.238709677419355,"2850-57656_2850-57806"
"CHR-78","CHR-43","2850-57656","2850-57567","1","1",0.235483870967742,"2850-57656_2850-57567"
"CHR-78","CHR-76","2850-57656","unb-CHR-76and12","1","1",0.206451612903226,"2850-57656_unb-CHR-76and12"
"CHR-78","CHR-74","2850-57656","2850-57582","1","1",0.235483870967742,"2850-57656_2850-57582"
"CHR-78","CHR-110","2850-57656","2850-57742","1","1",0.238709677419355,"2850-57656_2850-57742"
"CHR-78","CHR-112","2850-57656","2850-57647","1","1",0.212903225806452,"2850-57656_2850-57647"
"CHR-78","CHR-99","2850-57656","2850-57578","1","1",0.209677419354839,"2850-57656_2850-57578"
"CHR-78","CHR-11","2850-57656","2850-57733","1","1",0.238709677419355,"2850-57656_2850-57733"
"CHR-78","CHR-148","2850-57656","2850-57582","1","1",0.238709677419355,"2850-57656_2850-57582"
"CHR-78","CHR-128","2850-57656","2850-57577","1","1",0.209677419354839,"2850-57656_2850-57577"
"CHR-78","CHR-145","2850-57656","unb-CHR-145","1","1",0.238709677419355,"2850-57656_unb-CHR-145"
"CHR-78","CHR-27","2850-57656","2850-57808","1","2",0.238709677419355,"2850-57656_2850-57808"
"CHR-78","CHR-109","2850-57656","2850-57731","1","2",0.238709677419355,"2850-57656_2850-57731"
"CHR-78","CHR-102","2850-57656","2640-97589","1","2",0.238709677419355,"2850-57656_2640-97589"
"CHR-78","CHR-96","2850-57656","2850-57806","1","2",0.238709677419355,"2850-57656_2850-57806"
"CHR-78","CHR-139","2850-57656","2850-57579","1","2",0.235483870967742,"2850-57656_2850-57579"
"CHR-78","CHR-19","2850-57656","2850-57589","1","2",0.238709677419355,"2850-57656_2850-57589"
"CHR-78","CHR-9","2850-57656","unb-CHR-7and9","1","2",0.216129032258065,"2850-57656_unb-CHR-7and9"
"CHR-78","CHR-4","2850-57656","2811-83208","1","2",0.232258064516129,"2850-57656_2811-83208"
"CHR-78","CHR-33","2850-57656","2850-57669","1","2",0.229032258064516,"2850-57656_2850-57669"
"CHR-78","CHR-45","2850-57656","2850-57653","1","2",0.232258064516129,"2850-57656_2850-57653"
"CHR-78","CHR-151","2850-57656","2850-57570","1","2",0.209677419354839,"2850-57656_2850-57570"
"CHR-78","CHR-39","2850-57656","2850-57620","1","2",0.232258064516129,"2850-57656_2850-57620"
"CHR-78","CHR-95","2850-57656","2850-57881","1","2",0.238709677419355,"2850-57656_2850-57881"
"CHR-78","CHR-16","2850-57656","2850-57581","1","2",0.238709677419355,"2850-57656_2850-57581"
"CHR-78","CHR-115","2850-57656","2850-57745","1","2",0.238709677419355,"2850-57656_2850-57745"
"CHR-78","CHR-78","2850-57656","2850-57744","1","2",0.238709677419355,"2850-57656_2850-57744"
"CHR-78","CHR-77","2850-57656","unb-CHR-77","1","2",0.238709677419355,"2850-57656_unb-CHR-77"
"CHR-78","CHR-93","2850-57656","2640-97588","1","2",0.238709677419355,"2850-57656_2640-97588"
"CHR-78","CHR-119","2850-57656","2850-57806","1","2",0.238709677419355,"2850-57656_2850-57806"
"CHR-78","CHR-12","2850-57656","unb-CHR-76and12","1","2",0.206451612903226,"2850-57656_unb-CHR-76and12"
"CHR-78","CHR-6","2850-57656","2850-57582","1","2",0.235483870967742,"2850-57656_2850-57582"
"CHR-78","CHR-52","2850-57656","2850-57742","1","2",0.238709677419355,"2850-57656_2850-57742"
"CHR-78","CHR-112","2850-57656","2850-57647","1","2",0.212903225806452,"2850-57656_2850-57647"
"CHR-78","CHR-99","2850-57656","2850-57578","1","2",0.209677419354839,"2850-57656_2850-57578"
"CHR-78","CHR-101","2850-57656","2850-57733","1","2",0.238709677419355,"2850-57656_2850-57733"
"CHR-78","CHR-150","2850-57656","2850-57577","1","2",0.209677419354839,"2850-57656_2850-57577"
"CHR-78","CHR-32","2850-57656","2850-57731","1","3",0.238709677419355,"2850-57656_2850-57731"
"CHR-78","CHR-149","2850-57656","2850-57669","1","3",0.229032258064516,"2850-57656_2850-57669"
"CHR-73","CHR-29","2850-57670","2850-57808","1","1",0.332258064516129,"2850-57670_2850-57808"
"CHR-73","CHR-32","2850-57670","2850-57731","1","1",0.332258064516129,"2850-57670_2850-57731"
"CHR-73","CHR-102","2850-57670","2640-97589","1","1",0.332258064516129,"2850-57670_2640-97589"
"CHR-73","CHR-96","2850-57670","2850-57806","1","1",0.332258064516129,"2850-57670_2850-57806"
"CHR-73","CHR-58","2850-57670","2850-57579","1","1",0.332258064516129,"2850-57670_2850-57579"
"CHR-73","CHR-97","2850-57670","2850-57589","1","1",0.319354838709677,"2850-57670_2850-57589"
"CHR-73","CHR-7","2850-57670","unb-CHR-7and9","1","1",0.296774193548387,"2850-57670_unb-CHR-7and9"
"CHR-73","CHR-4","2850-57670","2811-83208","1","1",0.312903225806452,"2850-57670_2811-83208"
"CHR-73","CHR-33","2850-57670","2850-57669","1","1",0.309677419354839,"2850-57670_2850-57669"
"CHR-73","CHR-86","2850-57670","2850-57653","1","1",0.312903225806452,"2850-57670_2850-57653"
"CHR-73","CHR-133","2850-57670","2850-57570","1","1",0.316129032258064,"2850-57670_2850-57570"
"CHR-73","CHR-39","2850-57670","2850-57620","1","1",0.312903225806452,"2850-57670_2850-57620"
"CHR-73","CHR-25","2850-57670","2850-57881","1","1",0.332258064516129,"2850-57670_2850-57881"
"CHR-73","CHR-66","2850-57670","2850-57581","1","1",0.332258064516129,"2850-57670_2850-57581"
"CHR-73","CHR-80","2850-57670","2850-57580","1","1",0.309677419354839,"2850-57670_2850-57580"
"CHR-73","CHR-82","2850-57670","2850-57745","1","1",0.325806451612903,"2850-57670_2850-57745"
"CHR-73","CHR-78","2850-57670","2850-57744","1","1",0.309677419354839,"2850-57670_2850-57744"
"CHR-73","CHR-73","2850-57670","2850-57671","1","1",0.332258064516129,"2850-57670_2850-57671"
"CHR-73","CHR-77","2850-57670","unb-CHR-77","1","1",0.332258064516129,"2850-57670_unb-CHR-77"
"CHR-73","CHR-93","2850-57670","2640-97588","1","1",0.332258064516129,"2850-57670_2640-97588"
"CHR-73","CHR-37","2850-57670","2850-57806","1","1",0.332258064516129,"2850-57670_2850-57806"
"CHR-73","CHR-43","2850-57670","2850-57567","1","1",0.316129032258064,"2850-57670_2850-57567"
"CHR-73","CHR-76","2850-57670","unb-CHR-76and12","1","1",0.306451612903226,"2850-57670_unb-CHR-76and12"
"CHR-73","CHR-74","2850-57670","2850-57582","1","1",0.316129032258064,"2850-57670_2850-57582"
"CHR-73","CHR-110","2850-57670","2850-57742","1","1",0.332258064516129,"2850-57670_2850-57742"
"CHR-73","CHR-112","2850-57670","2850-57647","1","1",0.3,"2850-57670_2850-57647"
"CHR-73","CHR-99","2850-57670","2850-57578","1","1",0.303225806451613,"2850-57670_2850-57578"
"CHR-73","CHR-11","2850-57670","2850-57733","1","1",0.332258064516129,"2850-57670_2850-57733"
"CHR-73","CHR-148","2850-57670","2850-57582","1","1",0.332258064516129,"2850-57670_2850-57582"
"CHR-73","CHR-128","2850-57670","2850-57577","1","1",0.316129032258064,"2850-57670_2850-57577"
"CHR-73","CHR-145","2850-57670","unb-CHR-145","1","1",0.332258064516129,"2850-57670_unb-CHR-145"
"CHR-73","CHR-27","2850-57670","2850-57808","1","2",0.332258064516129,"2850-57670_2850-57808"
"CHR-73","CHR-109","2850-57670","2850-57731","1","2",0.332258064516129,"2850-57670_2850-57731"
"CHR-73","CHR-102","2850-57670","2640-97589","1","2",0.332258064516129,"2850-57670_2640-97589"
"CHR-73","CHR-96","2850-57670","2850-57806","1","2",0.332258064516129,"2850-57670_2850-57806"
"CHR-73","CHR-139","2850-57670","2850-57579","1","2",0.332258064516129,"2850-57670_2850-57579"
"CHR-73","CHR-19","2850-57670","2850-57589","1","2",0.319354838709677,"2850-57670_2850-57589"
"CHR-73","CHR-9","2850-57670","unb-CHR-7and9","1","2",0.296774193548387,"2850-57670_unb-CHR-7and9"
"CHR-73","CHR-4","2850-57670","2811-83208","1","2",0.312903225806452,"2850-57670_2811-83208"
"CHR-73","CHR-33","2850-57670","2850-57669","1","2",0.309677419354839,"2850-57670_2850-57669"
"CHR-73","CHR-45","2850-57670","2850-57653","1","2",0.312903225806452,"2850-57670_2850-57653"
"CHR-73","CHR-151","2850-57670","2850-57570","1","2",0.316129032258064,"2850-57670_2850-57570"
"CHR-73","CHR-39","2850-57670","2850-57620","1","2",0.312903225806452,"2850-57670_2850-57620"
"CHR-73","CHR-95","2850-57670","2850-57881","1","2",0.332258064516129,"2850-57670_2850-57881"
"CHR-73","CHR-16","2850-57670","2850-57581","1","2",0.332258064516129,"2850-57670_2850-57581"
"CHR-73","CHR-115","2850-57670","2850-57745","1","2",0.325806451612903,"2850-57670_2850-57745"
"CHR-73","CHR-78","2850-57670","2850-57744","1","2",0.309677419354839,"2850-57670_2850-57744"
"CHR-73","CHR-77","2850-57670","unb-CHR-77","1","2",0.332258064516129,"2850-57670_unb-CHR-77"
"CHR-73","CHR-93","2850-57670","2640-97588","1","2",0.332258064516129,"2850-57670_2640-97588"
"CHR-73","CHR-119","2850-57670","2850-57806","1","2",0.332258064516129,"2850-57670_2850-57806"
"CHR-73","CHR-12","2850-57670","unb-CHR-76and12","1","2",0.306451612903226,"2850-57670_unb-CHR-76and12"
"CHR-73","CHR-6","2850-57670","2850-57582","1","2",0.316129032258064,"2850-57670_2850-57582"
"CHR-73","CHR-52","2850-57670","2850-57742","1","2",0.332258064516129,"2850-57670_2850-57742"
"CHR-73","CHR-112","2850-57670","2850-57647","1","2",0.3,"2850-57670_2850-57647"
"CHR-73","CHR-99","2850-57670","2850-57578","1","2",0.303225806451613,"2850-57670_2850-57578"
"CHR-73","CHR-101","2850-57670","2850-57733","1","2",0.332258064516129,"2850-57670_2850-57733"
"CHR-73","CHR-150","2850-57670","2850-57577","1","2",0.316129032258064,"2850-57670_2850-57577"
"CHR-73","CHR-32","2850-57670","2850-57731","1","3",0.332258064516129,"2850-57670_2850-57731"
"CHR-73","CHR-149","2850-57670","2850-57669","1","3",0.309677419354839,"2850-57670_2850-57669"
"CHR-77","CHR-29","2850-57696","2850-57808","1","1",0.151612903225806,"2850-57696_2850-57808"
"CHR-77","CHR-32","2850-57696","2850-57731","1","1",0.135483870967742,"2850-57696_2850-57731"
"CHR-77","CHR-102","2850-57696","2640-97589","1","1",0.145161290322581,"2850-57696_2640-97589"
"CHR-77","CHR-96","2850-57696","2850-57806","1","1",0.151612903225806,"2850-57696_2850-57806"
"CHR-77","CHR-58","2850-57696","2850-57579","1","1",0.170967741935484,"2850-57696_2850-57579"
"CHR-77","CHR-97","2850-57696","2850-57589","1","1",0.170967741935484,"2850-57696_2850-57589"
"CHR-77","CHR-7","2850-57696","unb-CHR-7and9","1","1",0.170967741935484,"2850-57696_unb-CHR-7and9"
"CHR-77","CHR-4","2850-57696","2811-83208","1","1",0.170967741935484,"2850-57696_2811-83208"
"CHR-77","CHR-33","2850-57696","2850-57669","1","1",0.170967741935484,"2850-57696_2850-57669"
"CHR-77","CHR-86","2850-57696","2850-57653","1","1",0.170967741935484,"2850-57696_2850-57653"
"CHR-77","CHR-133","2850-57696","2850-57570","1","1",0.170967741935484,"2850-57696_2850-57570"
"CHR-77","CHR-39","2850-57696","2850-57620","1","1",0.170967741935484,"2850-57696_2850-57620"
"CHR-77","CHR-25","2850-57696","2850-57881","1","1",0.167741935483871,"2850-57696_2850-57881"
"CHR-77","CHR-66","2850-57696","2850-57581","1","1",0.164516129032258,"2850-57696_2850-57581"
"CHR-77","CHR-80","2850-57696","2850-57580","1","1",0.170967741935484,"2850-57696_2850-57580"
"CHR-77","CHR-82","2850-57696","2850-57745","1","1",0.170967741935484,"2850-57696_2850-57745"
"CHR-77","CHR-78","2850-57696","2850-57744","1","1",0.170967741935484,"2850-57696_2850-57744"
"CHR-77","CHR-73","2850-57696","2850-57671","1","1",0.170967741935484,"2850-57696_2850-57671"
"CHR-77","CHR-77","2850-57696","unb-CHR-77","1","1",0.170967741935484,"2850-57696_unb-CHR-77"
"CHR-77","CHR-93","2850-57696","2640-97588","1","1",0.138709677419355,"2850-57696_2640-97588"
"CHR-77","CHR-37","2850-57696","2850-57806","1","1",0.151612903225806,"2850-57696_2850-57806"
"CHR-77","CHR-43","2850-57696","2850-57567","1","1",0.170967741935484,"2850-57696_2850-57567"
"CHR-77","CHR-76","2850-57696","unb-CHR-76and12","1","1",0.170967741935484,"2850-57696_unb-CHR-76and12"
"CHR-77","CHR-74","2850-57696","2850-57582","1","1",0.170967741935484,"2850-57696_2850-57582"
"CHR-77","CHR-110","2850-57696","2850-57742","1","1",0.161290322580645,"2850-57696_2850-57742"
"CHR-77","CHR-112","2850-57696","2850-57647","1","1",0.170967741935484,"2850-57696_2850-57647"
"CHR-77","CHR-99","2850-57696","2850-57578","1","1",0.170967741935484,"2850-57696_2850-57578"
"CHR-77","CHR-11","2850-57696","2850-57733","1","1",0.170967741935484,"2850-57696_2850-57733"
"CHR-77","CHR-148","2850-57696","2850-57582","1","1",0.170967741935484,"2850-57696_2850-57582"
"CHR-77","CHR-128","2850-57696","2850-57577","1","1",0.170967741935484,"2850-57696_2850-57577"
"CHR-77","CHR-145","2850-57696","unb-CHR-145","1","1",0.170967741935484,"2850-57696_unb-CHR-145"
"CHR-77","CHR-27","2850-57696","2850-57808","1","2",0.151612903225806,"2850-57696_2850-57808"
"CHR-77","CHR-109","2850-57696","2850-57731","1","2",0.135483870967742,"2850-57696_2850-57731"
"CHR-77","CHR-102","2850-57696","2640-97589","1","2",0.145161290322581,"2850-57696_2640-97589"
"CHR-77","CHR-96","2850-57696","2850-57806","1","2",0.151612903225806,"2850-57696_2850-57806"
"CHR-77","CHR-139","2850-57696","2850-57579","1","2",0.170967741935484,"2850-57696_2850-57579"
"CHR-77","CHR-19","2850-57696","2850-57589","1","2",0.170967741935484,"2850-57696_2850-57589"
"CHR-77","CHR-9","2850-57696","unb-CHR-7and9","1","2",0.170967741935484,"2850-57696_unb-CHR-7and9"
"CHR-77","CHR-4","2850-57696","2811-83208","1","2",0.170967741935484,"2850-57696_2811-83208"
"CHR-77","CHR-33","2850-57696","2850-57669","1","2",0.170967741935484,"2850-57696_2850-57669"
"CHR-77","CHR-45","2850-57696","2850-57653","1","2",0.170967741935484,"2850-57696_2850-57653"
"CHR-77","CHR-151","2850-57696","2850-57570","1","2",0.170967741935484,"2850-57696_2850-57570"
"CHR-77","CHR-39","2850-57696","2850-57620","1","2",0.170967741935484,"2850-57696_2850-57620"
"CHR-77","CHR-95","2850-57696","2850-57881","1","2",0.167741935483871,"2850-57696_2850-57881"
"CHR-77","CHR-16","2850-57696","2850-57581","1","2",0.164516129032258,"2850-57696_2850-57581"
"CHR-77","CHR-115","2850-57696","2850-57745","1","2",0.170967741935484,"2850-57696_2850-57745"
"CHR-77","CHR-78","2850-57696","2850-57744","1","2",0.170967741935484,"2850-57696_2850-57744"
"CHR-77","CHR-77","2850-57696","unb-CHR-77","1","2",0.170967741935484,"2850-57696_unb-CHR-77"
"CHR-77","CHR-93","2850-57696","2640-97588","1","2",0.138709677419355,"2850-57696_2640-97588"
"CHR-77","CHR-119","2850-57696","2850-57806","1","2",0.151612903225806,"2850-57696_2850-57806"
"CHR-77","CHR-12","2850-57696","unb-CHR-76and12","1","2",0.170967741935484,"2850-57696_unb-CHR-76and12"
"CHR-77","CHR-6","2850-57696","2850-57582","1","2",0.170967741935484,"2850-57696_2850-57582"
"CHR-77","CHR-52","2850-57696","2850-57742","1","2",0.161290322580645,"2850-57696_2850-57742"
"CHR-77","CHR-112","2850-57696","2850-57647","1","2",0.170967741935484,"2850-57696_2850-57647"
"CHR-77","CHR-99","2850-57696","2850-57578","1","2",0.170967741935484,"2850-57696_2850-57578"
"CHR-77","CHR-101","2850-57696","2850-57733","1","2",0.170967741935484,"2850-57696_2850-57733"
"CHR-77","CHR-150","2850-57696","2850-57577","1","2",0.170967741935484,"2850-57696_2850-57577"
"CHR-77","CHR-32","2850-57696","2850-57731","1","3",0.135483870967742,"2850-57696_2850-57731"
"CHR-77","CHR-149","2850-57696","2850-57669","1","3",0.170967741935484,"2850-57696_2850-57669"
"CHR-93","CHR-29","2850-57730","2850-57808","1","1",0.170967741935484,"2850-57730_2850-57808"
"CHR-93","CHR-32","2850-57730","2850-57731","1","1",0.161290322580645,"2850-57730_2850-57731"
"CHR-93","CHR-102","2850-57730","2640-97589","1","1",0.164516129032258,"2850-57730_2640-97589"
"CHR-93","CHR-96","2850-57730","2850-57806","1","1",0.170967741935484,"2850-57730_2850-57806"
"CHR-93","CHR-58","2850-57730","2850-57579","1","1",0.190322580645161,"2850-57730_2850-57579"
"CHR-93","CHR-97","2850-57730","2850-57589","1","1",0.193548387096774,"2850-57730_2850-57589"
"CHR-93","CHR-7","2850-57730","unb-CHR-7and9","1","1",0.193548387096774,"2850-57730_unb-CHR-7and9"
"CHR-93","CHR-4","2850-57730","2811-83208","1","1",0.193548387096774,"2850-57730_2811-83208"
"CHR-93","CHR-33","2850-57730","2850-57669","1","1",0.193548387096774,"2850-57730_2850-57669"
"CHR-93","CHR-86","2850-57730","2850-57653","1","1",0.193548387096774,"2850-57730_2850-57653"
"CHR-93","CHR-133","2850-57730","2850-57570","1","1",0.193548387096774,"2850-57730_2850-57570"
"CHR-93","CHR-39","2850-57730","2850-57620","1","1",0.193548387096774,"2850-57730_2850-57620"
"CHR-93","CHR-25","2850-57730","2850-57881","1","1",0.187096774193548,"2850-57730_2850-57881"
"CHR-93","CHR-66","2850-57730","2850-57581","1","1",0.183870967741935,"2850-57730_2850-57581"
"CHR-93","CHR-80","2850-57730","2850-57580","1","1",0.193548387096774,"2850-57730_2850-57580"
"CHR-93","CHR-82","2850-57730","2850-57745","1","1",0.193548387096774,"2850-57730_2850-57745"
"CHR-93","CHR-78","2850-57730","2850-57744","1","1",0.193548387096774,"2850-57730_2850-57744"
"CHR-93","CHR-73","2850-57730","2850-57671","1","1",0.193548387096774,"2850-57730_2850-57671"
"CHR-93","CHR-77","2850-57730","unb-CHR-77","1","1",0.161290322580645,"2850-57730_unb-CHR-77"
"CHR-93","CHR-93","2850-57730","2640-97588","1","1",0.193548387096774,"2850-57730_2640-97588"
"CHR-93","CHR-37","2850-57730","2850-57806","1","1",0.170967741935484,"2850-57730_2850-57806"
"CHR-93","CHR-43","2850-57730","2850-57567","1","1",0.193548387096774,"2850-57730_2850-57567"
"CHR-93","CHR-76","2850-57730","unb-CHR-76and12","1","1",0.193548387096774,"2850-57730_unb-CHR-76and12"
"CHR-93","CHR-74","2850-57730","2850-57582","1","1",0.193548387096774,"2850-57730_2850-57582"
"CHR-93","CHR-110","2850-57730","2850-57742","1","1",0.180645161290323,"2850-57730_2850-57742"
"CHR-93","CHR-112","2850-57730","2850-57647","1","1",0.193548387096774,"2850-57730_2850-57647"
"CHR-93","CHR-99","2850-57730","2850-57578","1","1",0.193548387096774,"2850-57730_2850-57578"
"CHR-93","CHR-11","2850-57730","2850-57733","1","1",0.193548387096774,"2850-57730_2850-57733"
"CHR-93","CHR-148","2850-57730","2850-57582","1","1",0.193548387096774,"2850-57730_2850-57582"
"CHR-93","CHR-128","2850-57730","2850-57577","1","1",0.193548387096774,"2850-57730_2850-57577"
"CHR-93","CHR-145","2850-57730","unb-CHR-145","1","1",0.193548387096774,"2850-57730_unb-CHR-145"
"CHR-93","CHR-27","2850-57730","2850-57808","1","2",0.170967741935484,"2850-57730_2850-57808"
"CHR-93","CHR-109","2850-57730","2850-57731","1","2",0.161290322580645,"2850-57730_2850-57731"
"CHR-93","CHR-102","2850-57730","2640-97589","1","2",0.164516129032258,"2850-57730_2640-97589"
"CHR-93","CHR-96","2850-57730","2850-57806","1","2",0.170967741935484,"2850-57730_2850-57806"
"CHR-93","CHR-139","2850-57730","2850-57579","1","2",0.190322580645161,"2850-57730_2850-57579"
"CHR-93","CHR-19","2850-57730","2850-57589","1","2",0.193548387096774,"2850-57730_2850-57589"
"CHR-93","CHR-9","2850-57730","unb-CHR-7and9","1","2",0.193548387096774,"2850-57730_unb-CHR-7and9"
"CHR-93","CHR-4","2850-57730","2811-83208","1","2",0.193548387096774,"2850-57730_2811-83208"
"CHR-93","CHR-33","2850-57730","2850-57669","1","2",0.193548387096774,"2850-57730_2850-57669"
"CHR-93","CHR-45","2850-57730","2850-57653","1","2",0.193548387096774,"2850-57730_2850-57653"
"CHR-93","CHR-151","2850-57730","2850-57570","1","2",0.193548387096774,"2850-57730_2850-57570"
"CHR-93","CHR-39","2850-57730","2850-57620","1","2",0.193548387096774,"2850-57730_2850-57620"
"CHR-93","CHR-95","2850-57730","2850-57881","1","2",0.187096774193548,"2850-57730_2850-57881"
"CHR-93","CHR-16","2850-57730","2850-57581","1","2",0.183870967741935,"2850-57730_2850-57581"
"CHR-93","CHR-115","2850-57730","2850-57745","1","2",0.193548387096774,"2850-57730_2850-57745"
"CHR-93","CHR-78","2850-57730","2850-57744","1","2",0.193548387096774,"2850-57730_2850-57744"
"CHR-93","CHR-77","2850-57730","unb-CHR-77","1","2",0.161290322580645,"2850-57730_unb-CHR-77"
"CHR-93","CHR-93","2850-57730","2640-97588","1","2",0.193548387096774,"2850-57730_2640-97588"
"CHR-93","CHR-119","2850-57730","2850-57806","1","2",0.170967741935484,"2850-57730_2850-57806"
"CHR-93","CHR-12","2850-57730","unb-CHR-76and12","1","2",0.193548387096774,"2850-57730_unb-CHR-76and12"
"CHR-93","CHR-6","2850-57730","2850-57582","1","2",0.193548387096774,"2850-57730_2850-57582"
"CHR-93","CHR-52","2850-57730","2850-57742","1","2",0.180645161290323,"2850-57730_2850-57742"
"CHR-93","CHR-112","2850-57730","2850-57647","1","2",0.193548387096774,"2850-57730_2850-57647"
"CHR-93","CHR-99","2850-57730","2850-57578","1","2",0.193548387096774,"2850-57730_2850-57578"
"CHR-93","CHR-101","2850-57730","2850-57733","1","2",0.193548387096774,"2850-57730_2850-57733"
"CHR-93","CHR-150","2850-57730","2850-57577","1","2",0.193548387096774,"2850-57730_2850-57577"
"CHR-93","CHR-32","2850-57730","2850-57731","1","3",0.161290322580645,"2850-57730_2850-57731"
"CHR-93","CHR-149","2850-57730","2850-57669","1","3",0.193548387096774,"2850-57730_2850-57669"
"CHR-37","CHR-29","2850-57735","2850-57808","1","1",0.22258064516129,"2850-57735_2850-57808"
"CHR-37","CHR-32","2850-57735","2850-57731","1","1",0.238709677419355,"2850-57735_2850-57731"
"CHR-37","CHR-102","2850-57735","2640-97589","1","1",0.229032258064516,"2850-57735_2640-97589"
"CHR-37","CHR-96","2850-57735","2850-57806","1","1",0.22258064516129,"2850-57735_2850-57806"
"CHR-37","CHR-58","2850-57735","2850-57579","1","1",0.241935483870968,"2850-57735_2850-57579"
"CHR-37","CHR-97","2850-57735","2850-57589","1","1",0.254838709677419,"2850-57735_2850-57589"
"CHR-37","CHR-7","2850-57735","unb-CHR-7and9","1","1",0.258064516129032,"2850-57735_unb-CHR-7and9"
"CHR-37","CHR-4","2850-57735","2811-83208","1","1",0.258064516129032,"2850-57735_2811-83208"
"CHR-37","CHR-33","2850-57735","2850-57669","1","1",0.258064516129032,"2850-57735_2850-57669"
"CHR-37","CHR-86","2850-57735","2850-57653","1","1",0.258064516129032,"2850-57735_2850-57653"
"CHR-37","CHR-133","2850-57735","2850-57570","1","1",0.258064516129032,"2850-57735_2850-57570"
"CHR-37","CHR-39","2850-57735","2850-57620","1","1",0.258064516129032,"2850-57735_2850-57620"
"CHR-37","CHR-25","2850-57735","2850-57881","1","1",0.238709677419355,"2850-57735_2850-57881"
"CHR-37","CHR-66","2850-57735","2850-57581","1","1",0.235483870967742,"2850-57735_2850-57581"
"CHR-37","CHR-80","2850-57735","2850-57580","1","1",0.258064516129032,"2850-57735_2850-57580"
"CHR-37","CHR-82","2850-57735","2850-57745","1","1",0.248387096774194,"2850-57735_2850-57745"
"CHR-37","CHR-78","2850-57735","2850-57744","1","1",0.258064516129032,"2850-57735_2850-57744"
"CHR-37","CHR-73","2850-57735","2850-57671","1","1",0.258064516129032,"2850-57735_2850-57671"
"CHR-37","CHR-77","2850-57735","unb-CHR-77","1","1",0.238709677419355,"2850-57735_unb-CHR-77"
"CHR-37","CHR-93","2850-57735","2640-97588","1","1",0.235483870967742,"2850-57735_2640-97588"
"CHR-37","CHR-37","2850-57735","2850-57806","1","1",0.258064516129032,"2850-57735_2850-57806"
"CHR-37","CHR-43","2850-57735","2850-57567","1","1",0.258064516129032,"2850-57735_2850-57567"
"CHR-37","CHR-76","2850-57735","unb-CHR-76and12","1","1",0.258064516129032,"2850-57735_unb-CHR-76and12"
"CHR-37","CHR-74","2850-57735","2850-57582","1","1",0.258064516129032,"2850-57735_2850-57582"
"CHR-37","CHR-110","2850-57735","2850-57742","1","1",0.232258064516129,"2850-57735_2850-57742"
"CHR-37","CHR-112","2850-57735","2850-57647","1","1",0.258064516129032,"2850-57735_2850-57647"
"CHR-37","CHR-99","2850-57735","2850-57578","1","1",0.258064516129032,"2850-57735_2850-57578"
"CHR-37","CHR-11","2850-57735","2850-57733","1","1",0.258064516129032,"2850-57735_2850-57733"
"CHR-37","CHR-148","2850-57735","2850-57582","1","1",0.258064516129032,"2850-57735_2850-57582"
"CHR-37","CHR-128","2850-57735","2850-57577","1","1",0.258064516129032,"2850-57735_2850-57577"
"CHR-37","CHR-145","2850-57735","unb-CHR-145","1","1",0.258064516129032,"2850-57735_unb-CHR-145"
"CHR-37","CHR-27","2850-57735","2850-57808","1","2",0.22258064516129,"2850-57735_2850-57808"
"CHR-37","CHR-109","2850-57735","2850-57731","1","2",0.238709677419355,"2850-57735_2850-57731"
"CHR-37","CHR-102","2850-57735","2640-97589","1","2",0.229032258064516,"2850-57735_2640-97589"
"CHR-37","CHR-96","2850-57735","2850-57806","1","2",0.22258064516129,"2850-57735_2850-57806"
"CHR-37","CHR-139","2850-57735","2850-57579","1","2",0.241935483870968,"2850-57735_2850-57579"
"CHR-37","CHR-19","2850-57735","2850-57589","1","2",0.254838709677419,"2850-57735_2850-57589"
"CHR-37","CHR-9","2850-57735","unb-CHR-7and9","1","2",0.258064516129032,"2850-57735_unb-CHR-7and9"
"CHR-37","CHR-4","2850-57735","2811-83208","1","2",0.258064516129032,"2850-57735_2811-83208"
"CHR-37","CHR-33","2850-57735","2850-57669","1","2",0.258064516129032,"2850-57735_2850-57669"
"CHR-37","CHR-45","2850-57735","2850-57653","1","2",0.258064516129032,"2850-57735_2850-57653"
"CHR-37","CHR-151","2850-57735","2850-57570","1","2",0.258064516129032,"2850-57735_2850-57570"
"CHR-37","CHR-39","2850-57735","2850-57620","1","2",0.258064516129032,"2850-57735_2850-57620"
"CHR-37","CHR-95","2850-57735","2850-57881","1","2",0.238709677419355,"2850-57735_2850-57881"
"CHR-37","CHR-16","2850-57735","2850-57581","1","2",0.235483870967742,"2850-57735_2850-57581"
"CHR-37","CHR-115","2850-57735","2850-57745","1","2",0.248387096774194,"2850-57735_2850-57745"
"CHR-37","CHR-78","2850-57735","2850-57744","1","2",0.258064516129032,"2850-57735_2850-57744"
"CHR-37","CHR-77","2850-57735","unb-CHR-77","1","2",0.238709677419355,"2850-57735_unb-CHR-77"
"CHR-37","CHR-93","2850-57735","2640-97588","1","2",0.235483870967742,"2850-57735_2640-97588"
"CHR-37","CHR-119","2850-57735","2850-57806","1","2",0.258064516129032,"2850-57735_2850-57806"
"CHR-37","CHR-12","2850-57735","unb-CHR-76and12","1","2",0.258064516129032,"2850-57735_unb-CHR-76and12"
"CHR-37","CHR-6","2850-57735","2850-57582","1","2",0.258064516129032,"2850-57735_2850-57582"
"CHR-37","CHR-52","2850-57735","2850-57742","1","2",0.232258064516129,"2850-57735_2850-57742"
"CHR-37","CHR-112","2850-57735","2850-57647","1","2",0.258064516129032,"2850-57735_2850-57647"
"CHR-37","CHR-99","2850-57735","2850-57578","1","2",0.258064516129032,"2850-57735_2850-57578"
"CHR-37","CHR-101","2850-57735","2850-57733","1","2",0.258064516129032,"2850-57735_2850-57733"
"CHR-37","CHR-150","2850-57735","2850-57577","1","2",0.258064516129032,"2850-57735_2850-57577"
"CHR-37","CHR-32","2850-57735","2850-57731","1","3",0.238709677419355,"2850-57735_2850-57731"
"CHR-37","CHR-149","2850-57735","2850-57669","1","3",0.258064516129032,"2850-57735_2850-57669"
"CHR-43","CHR-29","2850-57736","2850-57808","1","1",0.345161290322581,"2850-57736_2850-57808"
"CHR-43","CHR-32","2850-57736","2850-57731","1","1",0.345161290322581,"2850-57736_2850-57731"
"CHR-43","CHR-102","2850-57736","2640-97589","1","1",0.345161290322581,"2850-57736_2640-97589"
"CHR-43","CHR-96","2850-57736","2850-57806","1","1",0.345161290322581,"2850-57736_2850-57806"
"CHR-43","CHR-58","2850-57736","2850-57579","1","1",0.329032258064516,"2850-57736_2850-57579"
"CHR-43","CHR-97","2850-57736","2850-57589","1","1",0.312903225806452,"2850-57736_2850-57589"
"CHR-43","CHR-7","2850-57736","unb-CHR-7and9","1","1",0.329032258064516,"2850-57736_unb-CHR-7and9"
"CHR-43","CHR-4","2850-57736","2811-83208","1","1",0.316129032258064,"2850-57736_2811-83208"
"CHR-43","CHR-33","2850-57736","2850-57669","1","1",0.316129032258064,"2850-57736_2850-57669"
"CHR-43","CHR-86","2850-57736","2850-57653","1","1",0.316129032258064,"2850-57736_2850-57653"
"CHR-43","CHR-133","2850-57736","2850-57570","1","1",0.345161290322581,"2850-57736_2850-57570"
"CHR-43","CHR-39","2850-57736","2850-57620","1","1",0.316129032258064,"2850-57736_2850-57620"
"CHR-43","CHR-25","2850-57736","2850-57881","1","1",0.325806451612903,"2850-57736_2850-57881"
"CHR-43","CHR-66","2850-57736","2850-57581","1","1",0.338709677419355,"2850-57736_2850-57581"
"CHR-43","CHR-80","2850-57736","2850-57580","1","1",0.319354838709677,"2850-57736_2850-57580"
"CHR-43","CHR-82","2850-57736","2850-57745","1","1",0.319354838709677,"2850-57736_2850-57745"
"CHR-43","CHR-78","2850-57736","2850-57744","1","1",0.341935483870968,"2850-57736_2850-57744"
"CHR-43","CHR-73","2850-57736","2850-57671","1","1",0.329032258064516,"2850-57736_2850-57671"
"CHR-43","CHR-77","2850-57736","unb-CHR-77","1","1",0.345161290322581,"2850-57736_unb-CHR-77"
"CHR-43","CHR-93","2850-57736","2640-97588","1","1",0.345161290322581,"2850-57736_2640-97588"
"CHR-43","CHR-37","2850-57736","2850-57806","1","1",0.345161290322581,"2850-57736_2850-57806"
"CHR-43","CHR-43","2850-57736","2850-57567","1","1",0.345161290322581,"2850-57736_2850-57567"
"CHR-43","CHR-76","2850-57736","unb-CHR-76and12","1","1",0.338709677419355,"2850-57736_unb-CHR-76and12"
"CHR-43","CHR-74","2850-57736","2850-57582","1","1",0.312903225806452,"2850-57736_2850-57582"
"CHR-43","CHR-110","2850-57736","2850-57742","1","1",0.338709677419355,"2850-57736_2850-57742"
"CHR-43","CHR-112","2850-57736","2850-57647","1","1",0.332258064516129,"2850-57736_2850-57647"
"CHR-43","CHR-99","2850-57736","2850-57578","1","1",0.335483870967742,"2850-57736_2850-57578"
"CHR-43","CHR-11","2850-57736","2850-57733","1","1",0.345161290322581,"2850-57736_2850-57733"
"CHR-43","CHR-148","2850-57736","2850-57582","1","1",0.345161290322581,"2850-57736_2850-57582"
"CHR-43","CHR-128","2850-57736","2850-57577","1","1",0.345161290322581,"2850-57736_2850-57577"
"CHR-43","CHR-145","2850-57736","unb-CHR-145","1","1",0.345161290322581,"2850-57736_unb-CHR-145"
"CHR-43","CHR-27","2850-57736","2850-57808","1","2",0.345161290322581,"2850-57736_2850-57808"
"CHR-43","CHR-109","2850-57736","2850-57731","1","2",0.345161290322581,"2850-57736_2850-57731"
"CHR-43","CHR-102","2850-57736","2640-97589","1","2",0.345161290322581,"2850-57736_2640-97589"
"CHR-43","CHR-96","2850-57736","2850-57806","1","2",0.345161290322581,"2850-57736_2850-57806"
"CHR-43","CHR-139","2850-57736","2850-57579","1","2",0.329032258064516,"2850-57736_2850-57579"
"CHR-43","CHR-19","2850-57736","2850-57589","1","2",0.312903225806452,"2850-57736_2850-57589"
"CHR-43","CHR-9","2850-57736","unb-CHR-7and9","1","2",0.329032258064516,"2850-57736_unb-CHR-7and9"
"CHR-43","CHR-4","2850-57736","2811-83208","1","2",0.316129032258064,"2850-57736_2811-83208"
"CHR-43","CHR-33","2850-57736","2850-57669","1","2",0.316129032258064,"2850-57736_2850-57669"
"CHR-43","CHR-45","2850-57736","2850-57653","1","2",0.316129032258064,"2850-57736_2850-57653"
"CHR-43","CHR-151","2850-57736","2850-57570","1","2",0.345161290322581,"2850-57736_2850-57570"
"CHR-43","CHR-39","2850-57736","2850-57620","1","2",0.316129032258064,"2850-57736_2850-57620"
"CHR-43","CHR-95","2850-57736","2850-57881","1","2",0.325806451612903,"2850-57736_2850-57881"
"CHR-43","CHR-16","2850-57736","2850-57581","1","2",0.338709677419355,"2850-57736_2850-57581"
"CHR-43","CHR-115","2850-57736","2850-57745","1","2",0.319354838709677,"2850-57736_2850-57745"
"CHR-43","CHR-78","2850-57736","2850-57744","1","2",0.341935483870968,"2850-57736_2850-57744"
"CHR-43","CHR-77","2850-57736","unb-CHR-77","1","2",0.345161290322581,"2850-57736_unb-CHR-77"
"CHR-43","CHR-93","2850-57736","2640-97588","1","2",0.345161290322581,"2850-57736_2640-97588"
"CHR-43","CHR-119","2850-57736","2850-57806","1","2",0.345161290322581,"2850-57736_2850-57806"
"CHR-43","CHR-12","2850-57736","unb-CHR-76and12","1","2",0.338709677419355,"2850-57736_unb-CHR-76and12"
"CHR-43","CHR-6","2850-57736","2850-57582","1","2",0.312903225806452,"2850-57736_2850-57582"
"CHR-43","CHR-52","2850-57736","2850-57742","1","2",0.338709677419355,"2850-57736_2850-57742"
"CHR-43","CHR-112","2850-57736","2850-57647","1","2",0.332258064516129,"2850-57736_2850-57647"
"CHR-43","CHR-99","2850-57736","2850-57578","1","2",0.335483870967742,"2850-57736_2850-57578"
"CHR-43","CHR-101","2850-57736","2850-57733","1","2",0.345161290322581,"2850-57736_2850-57733"
"CHR-43","CHR-150","2850-57736","2850-57577","1","2",0.345161290322581,"2850-57736_2850-57577"
"CHR-43","CHR-32","2850-57736","2850-57731","1","3",0.345161290322581,"2850-57736_2850-57731"
"CHR-43","CHR-149","2850-57736","2850-57669","1","3",0.316129032258064,"2850-57736_2850-57669"
"CHR-76","CHR-29","2850-57737","2850-57808","1","1",0.267741935483871,"2850-57737_2850-57808"
"CHR-76","CHR-32","2850-57737","2850-57731","1","1",0.267741935483871,"2850-57737_2850-57731"
"CHR-76","CHR-102","2850-57737","2640-97589","1","1",0.267741935483871,"2850-57737_2640-97589"
"CHR-76","CHR-96","2850-57737","2850-57806","1","1",0.267741935483871,"2850-57737_2850-57806"
"CHR-76","CHR-58","2850-57737","2850-57579","1","1",0.267741935483871,"2850-57737_2850-57579"
"CHR-76","CHR-97","2850-57737","2850-57589","1","1",0.264516129032258,"2850-57737_2850-57589"
"CHR-76","CHR-7","2850-57737","unb-CHR-7and9","1","1",0.241935483870968,"2850-57737_unb-CHR-7and9"
"CHR-76","CHR-4","2850-57737","2811-83208","1","1",0.258064516129032,"2850-57737_2811-83208"
"CHR-76","CHR-33","2850-57737","2850-57669","1","1",0.254838709677419,"2850-57737_2850-57669"
"CHR-76","CHR-86","2850-57737","2850-57653","1","1",0.258064516129032,"2850-57737_2850-57653"
"CHR-76","CHR-133","2850-57737","2850-57570","1","1",0.241935483870968,"2850-57737_2850-57570"
"CHR-76","CHR-39","2850-57737","2850-57620","1","1",0.258064516129032,"2850-57737_2850-57620"
"CHR-76","CHR-25","2850-57737","2850-57881","1","1",0.267741935483871,"2850-57737_2850-57881"
"CHR-76","CHR-66","2850-57737","2850-57581","1","1",0.267741935483871,"2850-57737_2850-57581"
"CHR-76","CHR-80","2850-57737","2850-57580","1","1",0.254838709677419,"2850-57737_2850-57580"
"CHR-76","CHR-82","2850-57737","2850-57745","1","1",0.267741935483871,"2850-57737_2850-57745"
"CHR-76","CHR-78","2850-57737","2850-57744","1","1",0.235483870967742,"2850-57737_2850-57744"
"CHR-76","CHR-73","2850-57737","2850-57671","1","1",0.241935483870968,"2850-57737_2850-57671"
"CHR-76","CHR-77","2850-57737","unb-CHR-77","1","1",0.267741935483871,"2850-57737_unb-CHR-77"
"CHR-76","CHR-93","2850-57737","2640-97588","1","1",0.267741935483871,"2850-57737_2640-97588"
"CHR-76","CHR-37","2850-57737","2850-57806","1","1",0.267741935483871,"2850-57737_2850-57806"
"CHR-76","CHR-43","2850-57737","2850-57567","1","1",0.261290322580645,"2850-57737_2850-57567"
"CHR-76","CHR-76","2850-57737","unb-CHR-76and12","1","1",0.267741935483871,"2850-57737_unb-CHR-76and12"
"CHR-76","CHR-74","2850-57737","2850-57582","1","1",0.261290322580645,"2850-57737_2850-57582"
"CHR-76","CHR-110","2850-57737","2850-57742","1","1",0.267741935483871,"2850-57737_2850-57742"
"CHR-76","CHR-112","2850-57737","2850-57647","1","1",0.238709677419355,"2850-57737_2850-57647"
"CHR-76","CHR-99","2850-57737","2850-57578","1","1",0.235483870967742,"2850-57737_2850-57578"
"CHR-76","CHR-11","2850-57737","2850-57733","1","1",0.267741935483871,"2850-57737_2850-57733"
"CHR-76","CHR-148","2850-57737","2850-57582","1","1",0.267741935483871,"2850-57737_2850-57582"
"CHR-76","CHR-128","2850-57737","2850-57577","1","1",0.241935483870968,"2850-57737_2850-57577"
"CHR-76","CHR-145","2850-57737","unb-CHR-145","1","1",0.267741935483871,"2850-57737_unb-CHR-145"
"CHR-76","CHR-27","2850-57737","2850-57808","1","2",0.267741935483871,"2850-57737_2850-57808"
"CHR-76","CHR-109","2850-57737","2850-57731","1","2",0.267741935483871,"2850-57737_2850-57731"
"CHR-76","CHR-102","2850-57737","2640-97589","1","2",0.267741935483871,"2850-57737_2640-97589"
"CHR-76","CHR-96","2850-57737","2850-57806","1","2",0.267741935483871,"2850-57737_2850-57806"
"CHR-76","CHR-139","2850-57737","2850-57579","1","2",0.267741935483871,"2850-57737_2850-57579"
"CHR-76","CHR-19","2850-57737","2850-57589","1","2",0.264516129032258,"2850-57737_2850-57589"
"CHR-76","CHR-9","2850-57737","unb-CHR-7and9","1","2",0.241935483870968,"2850-57737_unb-CHR-7and9"
"CHR-76","CHR-4","2850-57737","2811-83208","1","2",0.258064516129032,"2850-57737_2811-83208"
"CHR-76","CHR-33","2850-57737","2850-57669","1","2",0.254838709677419,"2850-57737_2850-57669"
"CHR-76","CHR-45","2850-57737","2850-57653","1","2",0.258064516129032,"2850-57737_2850-57653"
"CHR-76","CHR-151","2850-57737","2850-57570","1","2",0.241935483870968,"2850-57737_2850-57570"
"CHR-76","CHR-39","2850-57737","2850-57620","1","2",0.258064516129032,"2850-57737_2850-57620"
"CHR-76","CHR-95","2850-57737","2850-57881","1","2",0.267741935483871,"2850-57737_2850-57881"
"CHR-76","CHR-16","2850-57737","2850-57581","1","2",0.267741935483871,"2850-57737_2850-57581"
"CHR-76","CHR-115","2850-57737","2850-57745","1","2",0.267741935483871,"2850-57737_2850-57745"
"CHR-76","CHR-78","2850-57737","2850-57744","1","2",0.235483870967742,"2850-57737_2850-57744"
"CHR-76","CHR-77","2850-57737","unb-CHR-77","1","2",0.267741935483871,"2850-57737_unb-CHR-77"
"CHR-76","CHR-93","2850-57737","2640-97588","1","2",0.267741935483871,"2850-57737_2640-97588"
"CHR-76","CHR-119","2850-57737","2850-57806","1","2",0.267741935483871,"2850-57737_2850-57806"
"CHR-76","CHR-12","2850-57737","unb-CHR-76and12","1","2",0.267741935483871,"2850-57737_unb-CHR-76and12"
"CHR-76","CHR-6","2850-57737","2850-57582","1","2",0.261290322580645,"2850-57737_2850-57582"
"CHR-76","CHR-52","2850-57737","2850-57742","1","2",0.267741935483871,"2850-57737_2850-57742"
"CHR-76","CHR-112","2850-57737","2850-57647","1","2",0.238709677419355,"2850-57737_2850-57647"
"CHR-76","CHR-99","2850-57737","2850-57578","1","2",0.235483870967742,"2850-57737_2850-57578"
"CHR-76","CHR-101","2850-57737","2850-57733","1","2",0.267741935483871,"2850-57737_2850-57733"
"CHR-76","CHR-150","2850-57737","2850-57577","1","2",0.241935483870968,"2850-57737_2850-57577"
"CHR-76","CHR-32","2850-57737","2850-57731","1","3",0.267741935483871,"2850-57737_2850-57731"
"CHR-76","CHR-149","2850-57737","2850-57669","1","3",0.254838709677419,"2850-57737_2850-57669"
"CHR-74","CHR-29","2850-57746","2850-57808","1","1",0.362007168458781,"2850-57746_2850-57808"
"CHR-74","CHR-32","2850-57746","2850-57731","1","1",0.362007168458781,"2850-57746_2850-57731"
"CHR-74","CHR-102","2850-57746","2640-97589","1","1",0.362007168458781,"2850-57746_2640-97589"
"CHR-74","CHR-96","2850-57746","2850-57806","1","1",0.362007168458781,"2850-57746_2850-57806"
"CHR-74","CHR-58","2850-57746","2850-57579","1","1",0.347670250896057,"2850-57746_2850-57579"
"CHR-74","CHR-97","2850-57746","2850-57589","1","1",0.329749103942652,"2850-57746_2850-57589"
"CHR-74","CHR-7","2850-57746","unb-CHR-7and9","1","1",0.344086021505376,"2850-57746_unb-CHR-7and9"
"CHR-74","CHR-4","2850-57746","2811-83208","1","1",0.329749103942652,"2850-57746_2811-83208"
"CHR-74","CHR-33","2850-57746","2850-57669","1","1",0.329749103942652,"2850-57746_2850-57669"
"CHR-74","CHR-86","2850-57746","2850-57653","1","1",0.329749103942652,"2850-57746_2850-57653"
"CHR-74","CHR-133","2850-57746","2850-57570","1","1",0.362007168458781,"2850-57746_2850-57570"
"CHR-74","CHR-39","2850-57746","2850-57620","1","1",0.329749103942652,"2850-57746_2850-57620"
"CHR-74","CHR-25","2850-57746","2850-57881","1","1",0.344086021505376,"2850-57746_2850-57881"
"CHR-74","CHR-66","2850-57746","2850-57581","1","1",0.3584229390681,"2850-57746_2850-57581"
"CHR-74","CHR-80","2850-57746","2850-57580","1","1",0.333333333333333,"2850-57746_2850-57580"
"CHR-74","CHR-82","2850-57746","2850-57745","1","1",0.336917562724014,"2850-57746_2850-57745"
"CHR-74","CHR-78","2850-57746","2850-57744","1","1",0.3584229390681,"2850-57746_2850-57744"
"CHR-74","CHR-73","2850-57746","2850-57671","1","1",0.344086021505376,"2850-57746_2850-57671"
"CHR-74","CHR-77","2850-57746","unb-CHR-77","1","1",0.362007168458781,"2850-57746_unb-CHR-77"
"CHR-74","CHR-93","2850-57746","2640-97588","1","1",0.362007168458781,"2850-57746_2640-97588"
"CHR-74","CHR-37","2850-57746","2850-57806","1","1",0.362007168458781,"2850-57746_2850-57806"
"CHR-74","CHR-43","2850-57746","2850-57567","1","1",0.326164874551971,"2850-57746_2850-57567"
"CHR-74","CHR-76","2850-57746","unb-CHR-76and12","1","1",0.354838709677419,"2850-57746_unb-CHR-76and12"
"CHR-74","CHR-74","2850-57746","2850-57582","1","1",0.362007168458781,"2850-57746_2850-57582"
"CHR-74","CHR-110","2850-57746","2850-57742","1","1",0.3584229390681,"2850-57746_2850-57742"
"CHR-74","CHR-112","2850-57746","2850-57647","1","1",0.347670250896057,"2850-57746_2850-57647"
"CHR-74","CHR-99","2850-57746","2850-57578","1","1",0.351254480286738,"2850-57746_2850-57578"
"CHR-74","CHR-11","2850-57746","2850-57733","1","1",0.362007168458781,"2850-57746_2850-57733"
"CHR-74","CHR-148","2850-57746","2850-57582","1","1",0.362007168458781,"2850-57746_2850-57582"
"CHR-74","CHR-128","2850-57746","2850-57577","1","1",0.362007168458781,"2850-57746_2850-57577"
"CHR-74","CHR-145","2850-57746","unb-CHR-145","1","1",0.362007168458781,"2850-57746_unb-CHR-145"
"CHR-74","CHR-27","2850-57746","2850-57808","1","2",0.362007168458781,"2850-57746_2850-57808"
"CHR-74","CHR-109","2850-57746","2850-57731","1","2",0.362007168458781,"2850-57746_2850-57731"
"CHR-74","CHR-102","2850-57746","2640-97589","1","2",0.362007168458781,"2850-57746_2640-97589"
"CHR-74","CHR-96","2850-57746","2850-57806","1","2",0.362007168458781,"2850-57746_2850-57806"
"CHR-74","CHR-139","2850-57746","2850-57579","1","2",0.347670250896057,"2850-57746_2850-57579"
"CHR-74","CHR-19","2850-57746","2850-57589","1","2",0.329749103942652,"2850-57746_2850-57589"
"CHR-74","CHR-9","2850-57746","unb-CHR-7and9","1","2",0.344086021505376,"2850-57746_unb-CHR-7and9"
"CHR-74","CHR-4","2850-57746","2811-83208","1","2",0.329749103942652,"2850-57746_2811-83208"
"CHR-74","CHR-33","2850-57746","2850-57669","1","2",0.329749103942652,"2850-57746_2850-57669"
"CHR-74","CHR-45","2850-57746","2850-57653","1","2",0.329749103942652,"2850-57746_2850-57653"
"CHR-74","CHR-151","2850-57746","2850-57570","1","2",0.362007168458781,"2850-57746_2850-57570"
"CHR-74","CHR-39","2850-57746","2850-57620","1","2",0.329749103942652,"2850-57746_2850-57620"
"CHR-74","CHR-95","2850-57746","2850-57881","1","2",0.344086021505376,"2850-57746_2850-57881"
"CHR-74","CHR-16","2850-57746","2850-57581","1","2",0.3584229390681,"2850-57746_2850-57581"
"CHR-74","CHR-115","2850-57746","2850-57745","1","2",0.336917562724014,"2850-57746_2850-57745"
"CHR-74","CHR-78","2850-57746","2850-57744","1","2",0.3584229390681,"2850-57746_2850-57744"
"CHR-74","CHR-77","2850-57746","unb-CHR-77","1","2",0.362007168458781,"2850-57746_unb-CHR-77"
"CHR-74","CHR-93","2850-57746","2640-97588","1","2",0.362007168458781,"2850-57746_2640-97588"
"CHR-74","CHR-119","2850-57746","2850-57806","1","2",0.362007168458781,"2850-57746_2850-57806"
"CHR-74","CHR-12","2850-57746","unb-CHR-76and12","1","2",0.354838709677419,"2850-57746_unb-CHR-76and12"
"CHR-74","CHR-6","2850-57746","2850-57582","1","2",0.362007168458781,"2850-57746_2850-57582"
"CHR-74","CHR-52","2850-57746","2850-57742","1","2",0.3584229390681,"2850-57746_2850-57742"
"CHR-74","CHR-112","2850-57746","2850-57647","1","2",0.347670250896057,"2850-57746_2850-57647"
"CHR-74","CHR-99","2850-57746","2850-57578","1","2",0.351254480286738,"2850-57746_2850-57578"
"CHR-74","CHR-101","2850-57746","2850-57733","1","2",0.362007168458781,"2850-57746_2850-57733"
"CHR-74","CHR-150","2850-57746","2850-57577","1","2",0.362007168458781,"2850-57746_2850-57577"
"CHR-74","CHR-32","2850-57746","2850-57731","1","3",0.362007168458781,"2850-57746_2850-57731"
"CHR-74","CHR-149","2850-57746","2850-57669","1","3",0.329749103942652,"2850-57746_2850-57669"
"CHR-110","CHR-29","2850-57846","2850-57808","1","1",0.240143369175627,"2850-57846_2850-57808"
"CHR-110","CHR-32","2850-57846","2850-57731","1","1",0.258064516129032,"2850-57846_2850-57731"
"CHR-110","CHR-102","2850-57846","2640-97589","1","1",0.247311827956989,"2850-57846_2640-97589"
"CHR-110","CHR-96","2850-57846","2850-57806","1","1",0.240143369175627,"2850-57846_2850-57806"
"CHR-110","CHR-58","2850-57846","2850-57579","1","1",0.243727598566308,"2850-57846_2850-57579"
"CHR-110","CHR-97","2850-57846","2850-57589","1","1",0.258064516129032,"2850-57846_2850-57589"
"CHR-110","CHR-7","2850-57846","unb-CHR-7and9","1","1",0.268817204301075,"2850-57846_unb-CHR-7and9"
"CHR-110","CHR-4","2850-57846","2811-83208","1","1",0.268817204301075,"2850-57846_2811-83208"
"CHR-110","CHR-33","2850-57846","2850-57669","1","1",0.268817204301075,"2850-57846_2850-57669"
"CHR-110","CHR-86","2850-57846","2850-57653","1","1",0.268817204301075,"2850-57846_2850-57653"
"CHR-110","CHR-133","2850-57846","2850-57570","1","1",0.268817204301075,"2850-57846_2850-57570"
"CHR-110","CHR-39","2850-57846","2850-57620","1","1",0.268817204301075,"2850-57846_2850-57620"
"CHR-110","CHR-25","2850-57846","2850-57881","1","1",0.240143369175627,"2850-57846_2850-57881"
"CHR-110","CHR-66","2850-57846","2850-57581","1","1",0.236559139784946,"2850-57846_2850-57581"
"CHR-110","CHR-80","2850-57846","2850-57580","1","1",0.268817204301075,"2850-57846_2850-57580"
"CHR-110","CHR-82","2850-57846","2850-57745","1","1",0.25089605734767,"2850-57846_2850-57745"
"CHR-110","CHR-78","2850-57846","2850-57744","1","1",0.268817204301075,"2850-57846_2850-57744"
"CHR-110","CHR-73","2850-57846","2850-57671","1","1",0.268817204301075,"2850-57846_2850-57671"
"CHR-110","CHR-77","2850-57846","unb-CHR-77","1","1",0.258064516129032,"2850-57846_unb-CHR-77"
"CHR-110","CHR-93","2850-57846","2640-97588","1","1",0.254480286738351,"2850-57846_2640-97588"
"CHR-110","CHR-37","2850-57846","2850-57806","1","1",0.240143369175627,"2850-57846_2850-57806"
"CHR-110","CHR-43","2850-57846","2850-57567","1","1",0.261648745519713,"2850-57846_2850-57567"
"CHR-110","CHR-76","2850-57846","unb-CHR-76and12","1","1",0.268817204301075,"2850-57846_unb-CHR-76and12"
"CHR-110","CHR-74","2850-57846","2850-57582","1","1",0.265232974910394,"2850-57846_2850-57582"
"CHR-110","CHR-110","2850-57846","2850-57742","1","1",0.268817204301075,"2850-57846_2850-57742"
"CHR-110","CHR-112","2850-57846","2850-57647","1","1",0.268817204301075,"2850-57846_2850-57647"
"CHR-110","CHR-99","2850-57846","2850-57578","1","1",0.268817204301075,"2850-57846_2850-57578"
"CHR-110","CHR-11","2850-57846","2850-57733","1","1",0.268817204301075,"2850-57846_2850-57733"
"CHR-110","CHR-148","2850-57846","2850-57582","1","1",0.268817204301075,"2850-57846_2850-57582"
"CHR-110","CHR-128","2850-57846","2850-57577","1","1",0.268817204301075,"2850-57846_2850-57577"
"CHR-110","CHR-145","2850-57846","unb-CHR-145","1","1",0.268817204301075,"2850-57846_unb-CHR-145"
"CHR-110","CHR-27","2850-57846","2850-57808","1","2",0.240143369175627,"2850-57846_2850-57808"
"CHR-110","CHR-109","2850-57846","2850-57731","1","2",0.258064516129032,"2850-57846_2850-57731"
"CHR-110","CHR-102","2850-57846","2640-97589","1","2",0.247311827956989,"2850-57846_2640-97589"
"CHR-110","CHR-96","2850-57846","2850-57806","1","2",0.240143369175627,"2850-57846_2850-57806"
"CHR-110","CHR-139","2850-57846","2850-57579","1","2",0.243727598566308,"2850-57846_2850-57579"
"CHR-110","CHR-19","2850-57846","2850-57589","1","2",0.258064516129032,"2850-57846_2850-57589"
"CHR-110","CHR-9","2850-57846","unb-CHR-7and9","1","2",0.268817204301075,"2850-57846_unb-CHR-7and9"
"CHR-110","CHR-4","2850-57846","2811-83208","1","2",0.268817204301075,"2850-57846_2811-83208"
"CHR-110","CHR-33","2850-57846","2850-57669","1","2",0.268817204301075,"2850-57846_2850-57669"
"CHR-110","CHR-45","2850-57846","2850-57653","1","2",0.268817204301075,"2850-57846_2850-57653"
"CHR-110","CHR-151","2850-57846","2850-57570","1","2",0.268817204301075,"2850-57846_2850-57570"
"CHR-110","CHR-39","2850-57846","2850-57620","1","2",0.268817204301075,"2850-57846_2850-57620"
"CHR-110","CHR-95","2850-57846","2850-57881","1","2",0.240143369175627,"2850-57846_2850-57881"
"CHR-110","CHR-16","2850-57846","2850-57581","1","2",0.236559139784946,"2850-57846_2850-57581"
"CHR-110","CHR-115","2850-57846","2850-57745","1","2",0.25089605734767,"2850-57846_2850-57745"
"CHR-110","CHR-78","2850-57846","2850-57744","1","2",0.268817204301075,"2850-57846_2850-57744"
"CHR-110","CHR-77","2850-57846","unb-CHR-77","1","2",0.258064516129032,"2850-57846_unb-CHR-77"
"CHR-110","CHR-93","2850-57846","2640-97588","1","2",0.254480286738351,"2850-57846_2640-97588"
"CHR-110","CHR-119","2850-57846","2850-57806","1","2",0.240143369175627,"2850-57846_2850-57806"
"CHR-110","CHR-12","2850-57846","unb-CHR-76and12","1","2",0.268817204301075,"2850-57846_unb-CHR-76and12"
"CHR-110","CHR-6","2850-57846","2850-57582","1","2",0.265232974910394,"2850-57846_2850-57582"
"CHR-110","CHR-52","2850-57846","2850-57742","1","2",0.268817204301075,"2850-57846_2850-57742"
"CHR-110","CHR-112","2850-57846","2850-57647","1","2",0.268817204301075,"2850-57846_2850-57647"
"CHR-110","CHR-99","2850-57846","2850-57578","1","2",0.268817204301075,"2850-57846_2850-57578"
"CHR-110","CHR-101","2850-57846","2850-57733","1","2",0.268817204301075,"2850-57846_2850-57733"
"CHR-110","CHR-150","2850-57846","2850-57577","1","2",0.268817204301075,"2850-57846_2850-57577"
"CHR-110","CHR-32","2850-57846","2850-57731","1","3",0.258064516129032,"2850-57846_2850-57731"
"CHR-110","CHR-149","2850-57846","2850-57669","1","3",0.268817204301075,"2850-57846_2850-57669"
"CHR-112","CHR-29","2850-57879","2850-57808","1","1",0.316129032258064,"2850-57879_2850-57808"
"CHR-112","CHR-32","2850-57879","2850-57731","1","1",0.316129032258064,"2850-57879_2850-57731"
"CHR-112","CHR-102","2850-57879","2640-97589","1","1",0.316129032258064,"2850-57879_2640-97589"
"CHR-112","CHR-96","2850-57879","2850-57806","1","1",0.316129032258064,"2850-57879_2850-57806"
"CHR-112","CHR-58","2850-57879","2850-57579","1","1",0.316129032258064,"2850-57879_2850-57579"
"CHR-112","CHR-97","2850-57879","2850-57589","1","1",0.306451612903226,"2850-57879_2850-57589"
"CHR-112","CHR-7","2850-57879","unb-CHR-7and9","1","1",0.283870967741935,"2850-57879_unb-CHR-7and9"
"CHR-112","CHR-4","2850-57879","2811-83208","1","1",0.3,"2850-57879_2811-83208"
"CHR-112","CHR-33","2850-57879","2850-57669","1","1",0.296774193548387,"2850-57879_2850-57669"
"CHR-112","CHR-86","2850-57879","2850-57653","1","1",0.3,"2850-57879_2850-57653"
"CHR-112","CHR-133","2850-57879","2850-57570","1","1",0.296774193548387,"2850-57879_2850-57570"
"CHR-112","CHR-39","2850-57879","2850-57620","1","1",0.3,"2850-57879_2850-57620"
"CHR-112","CHR-25","2850-57879","2850-57881","1","1",0.316129032258064,"2850-57879_2850-57881"
"CHR-112","CHR-66","2850-57879","2850-57581","1","1",0.316129032258064,"2850-57879_2850-57581"
"CHR-112","CHR-80","2850-57879","2850-57580","1","1",0.296774193548387,"2850-57879_2850-57580"
"CHR-112","CHR-82","2850-57879","2850-57745","1","1",0.312903225806452,"2850-57879_2850-57745"
"CHR-112","CHR-78","2850-57879","2850-57744","1","1",0.290322580645161,"2850-57879_2850-57744"
"CHR-112","CHR-73","2850-57879","2850-57671","1","1",0.283870967741935,"2850-57879_2850-57671"
"CHR-112","CHR-77","2850-57879","unb-CHR-77","1","1",0.316129032258064,"2850-57879_unb-CHR-77"
"CHR-112","CHR-93","2850-57879","2640-97588","1","1",0.316129032258064,"2850-57879_2640-97588"
"CHR-112","CHR-37","2850-57879","2850-57806","1","1",0.316129032258064,"2850-57879_2850-57806"
"CHR-112","CHR-43","2850-57879","2850-57567","1","1",0.303225806451613,"2850-57879_2850-57567"
"CHR-112","CHR-76","2850-57879","unb-CHR-76and12","1","1",0.287096774193548,"2850-57879_unb-CHR-76and12"
"CHR-112","CHR-74","2850-57879","2850-57582","1","1",0.303225806451613,"2850-57879_2850-57582"
"CHR-112","CHR-110","2850-57879","2850-57742","1","1",0.316129032258064,"2850-57879_2850-57742"
"CHR-112","CHR-112","2850-57879","2850-57647","1","1",0.316129032258064,"2850-57879_2850-57647"
"CHR-112","CHR-99","2850-57879","2850-57578","1","1",0.283870967741935,"2850-57879_2850-57578"
"CHR-112","CHR-11","2850-57879","2850-57733","1","1",0.316129032258064,"2850-57879_2850-57733"
"CHR-112","CHR-148","2850-57879","2850-57582","1","1",0.316129032258064,"2850-57879_2850-57582"
"CHR-112","CHR-128","2850-57879","2850-57577","1","1",0.296774193548387,"2850-57879_2850-57577"
"CHR-112","CHR-145","2850-57879","unb-CHR-145","1","1",0.316129032258064,"2850-57879_unb-CHR-145"
"CHR-112","CHR-27","2850-57879","2850-57808","1","2",0.316129032258064,"2850-57879_2850-57808"
"CHR-112","CHR-109","2850-57879","2850-57731","1","2",0.316129032258064,"2850-57879_2850-57731"
"CHR-112","CHR-102","2850-57879","2640-97589","1","2",0.316129032258064,"2850-57879_2640-97589"
"CHR-112","CHR-96","2850-57879","2850-57806","1","2",0.316129032258064,"2850-57879_2850-57806"
"CHR-112","CHR-139","2850-57879","2850-57579","1","2",0.316129032258064,"2850-57879_2850-57579"
"CHR-112","CHR-19","2850-57879","2850-57589","1","2",0.306451612903226,"2850-57879_2850-57589"
"CHR-112","CHR-9","2850-57879","unb-CHR-7and9","1","2",0.283870967741935,"2850-57879_unb-CHR-7and9"
"CHR-112","CHR-4","2850-57879","2811-83208","1","2",0.3,"2850-57879_2811-83208"
"CHR-112","CHR-33","2850-57879","2850-57669","1","2",0.296774193548387,"2850-57879_2850-57669"
"CHR-112","CHR-45","2850-57879","2850-57653","1","2",0.3,"2850-57879_2850-57653"
"CHR-112","CHR-151","2850-57879","2850-57570","1","2",0.296774193548387,"2850-57879_2850-57570"
"CHR-112","CHR-39","2850-57879","2850-57620","1","2",0.3,"2850-57879_2850-57620"
"CHR-112","CHR-95","2850-57879","2850-57881","1","2",0.316129032258064,"2850-57879_2850-57881"
"CHR-112","CHR-16","2850-57879","2850-57581","1","2",0.316129032258064,"2850-57879_2850-57581"
"CHR-112","CHR-115","2850-57879","2850-57745","1","2",0.312903225806452,"2850-57879_2850-57745"
"CHR-112","CHR-78","2850-57879","2850-57744","1","2",0.290322580645161,"2850-57879_2850-57744"
"CHR-112","CHR-77","2850-57879","unb-CHR-77","1","2",0.316129032258064,"2850-57879_unb-CHR-77"
"CHR-112","CHR-93","2850-57879","2640-97588","1","2",0.316129032258064,"2850-57879_2640-97588"
"CHR-112","CHR-119","2850-57879","2850-57806","1","2",0.316129032258064,"2850-57879_2850-57806"
"CHR-112","CHR-12","2850-57879","unb-CHR-76and12","1","2",0.287096774193548,"2850-57879_unb-CHR-76and12"
"CHR-112","CHR-6","2850-57879","2850-57582","1","2",0.303225806451613,"2850-57879_2850-57582"
"CHR-112","CHR-52","2850-57879","2850-57742","1","2",0.316129032258064,"2850-57879_2850-57742"
"CHR-112","CHR-112","2850-57879","2850-57647","1","2",0.316129032258064,"2850-57879_2850-57647"
"CHR-112","CHR-99","2850-57879","2850-57578","1","2",0.283870967741935,"2850-57879_2850-57578"
"CHR-112","CHR-101","2850-57879","2850-57733","1","2",0.316129032258064,"2850-57879_2850-57733"
"CHR-112","CHR-150","2850-57879","2850-57577","1","2",0.296774193548387,"2850-57879_2850-57577"
"CHR-112","CHR-32","2850-57879","2850-57731","1","3",0.316129032258064,"2850-57879_2850-57731"
"CHR-112","CHR-149","2850-57879","2850-57669","1","3",0.296774193548387,"2850-57879_2850-57669"
"CHR-99","CHR-29","2850-57883","2850-57808","1","1",0.293548387096774,"2850-57883_2850-57808"
"CHR-99","CHR-32","2850-57883","2850-57731","1","1",0.293548387096774,"2850-57883_2850-57731"
"CHR-99","CHR-102","2850-57883","2640-97589","1","1",0.293548387096774,"2850-57883_2640-97589"
"CHR-99","CHR-96","2850-57883","2850-57806","1","1",0.293548387096774,"2850-57883_2850-57806"
"CHR-99","CHR-58","2850-57883","2850-57579","1","1",0.293548387096774,"2850-57883_2850-57579"
"CHR-99","CHR-97","2850-57883","2850-57589","1","1",0.287096774193548,"2850-57883_2850-57589"
"CHR-99","CHR-7","2850-57883","unb-CHR-7and9","1","1",0.264516129032258,"2850-57883_unb-CHR-7and9"
"CHR-99","CHR-4","2850-57883","2811-83208","1","1",0.280645161290323,"2850-57883_2811-83208"
"CHR-99","CHR-33","2850-57883","2850-57669","1","1",0.27741935483871,"2850-57883_2850-57669"
"CHR-99","CHR-86","2850-57883","2850-57653","1","1",0.280645161290323,"2850-57883_2850-57653"
"CHR-99","CHR-133","2850-57883","2850-57570","1","1",0.270967741935484,"2850-57883_2850-57570"
"CHR-99","CHR-39","2850-57883","2850-57620","1","1",0.280645161290323,"2850-57883_2850-57620"
"CHR-99","CHR-25","2850-57883","2850-57881","1","1",0.293548387096774,"2850-57883_2850-57881"
"CHR-99","CHR-66","2850-57883","2850-57581","1","1",0.293548387096774,"2850-57883_2850-57581"
"CHR-99","CHR-80","2850-57883","2850-57580","1","1",0.27741935483871,"2850-57883_2850-57580"
"CHR-99","CHR-82","2850-57883","2850-57745","1","1",0.293548387096774,"2850-57883_2850-57745"
"CHR-99","CHR-78","2850-57883","2850-57744","1","1",0.264516129032258,"2850-57883_2850-57744"
"CHR-99","CHR-73","2850-57883","2850-57671","1","1",0.264516129032258,"2850-57883_2850-57671"
"CHR-99","CHR-77","2850-57883","unb-CHR-77","1","1",0.293548387096774,"2850-57883_unb-CHR-77"
"CHR-99","CHR-93","2850-57883","2640-97588","1","1",0.293548387096774,"2850-57883_2640-97588"
"CHR-99","CHR-37","2850-57883","2850-57806","1","1",0.293548387096774,"2850-57883_2850-57806"
"CHR-99","CHR-43","2850-57883","2850-57567","1","1",0.283870967741935,"2850-57883_2850-57567"
"CHR-99","CHR-76","2850-57883","unb-CHR-76and12","1","1",0.261290322580645,"2850-57883_unb-CHR-76and12"
"CHR-99","CHR-74","2850-57883","2850-57582","1","1",0.283870967741935,"2850-57883_2850-57582"
"CHR-99","CHR-110","2850-57883","2850-57742","1","1",0.293548387096774,"2850-57883_2850-57742"
"CHR-99","CHR-112","2850-57883","2850-57647","1","1",0.261290322580645,"2850-57883_2850-57647"
"CHR-99","CHR-99","2850-57883","2850-57578","1","1",0.293548387096774,"2850-57883_2850-57578"
"CHR-99","CHR-11","2850-57883","2850-57733","1","1",0.293548387096774,"2850-57883_2850-57733"
"CHR-99","CHR-148","2850-57883","2850-57582","1","1",0.293548387096774,"2850-57883_2850-57582"
"CHR-99","CHR-128","2850-57883","2850-57577","1","1",0.270967741935484,"2850-57883_2850-57577"
"CHR-99","CHR-145","2850-57883","unb-CHR-145","1","1",0.293548387096774,"2850-57883_unb-CHR-145"
"CHR-99","CHR-27","2850-57883","2850-57808","1","2",0.293548387096774,"2850-57883_2850-57808"
"CHR-99","CHR-109","2850-57883","2850-57731","1","2",0.293548387096774,"2850-57883_2850-57731"
"CHR-99","CHR-102","2850-57883","2640-97589","1","2",0.293548387096774,"2850-57883_2640-97589"
"CHR-99","CHR-96","2850-57883","2850-57806","1","2",0.293548387096774,"2850-57883_2850-57806"
"CHR-99","CHR-139","2850-57883","2850-57579","1","2",0.293548387096774,"2850-57883_2850-57579"
"CHR-99","CHR-19","2850-57883","2850-57589","1","2",0.287096774193548,"2850-57883_2850-57589"
"CHR-99","CHR-9","2850-57883","unb-CHR-7and9","1","2",0.264516129032258,"2850-57883_unb-CHR-7and9"
"CHR-99","CHR-4","2850-57883","2811-83208","1","2",0.280645161290323,"2850-57883_2811-83208"
"CHR-99","CHR-33","2850-57883","2850-57669","1","2",0.27741935483871,"2850-57883_2850-57669"
"CHR-99","CHR-45","2850-57883","2850-57653","1","2",0.280645161290323,"2850-57883_2850-57653"
"CHR-99","CHR-151","2850-57883","2850-57570","1","2",0.270967741935484,"2850-57883_2850-57570"
"CHR-99","CHR-39","2850-57883","2850-57620","1","2",0.280645161290323,"2850-57883_2850-57620"
"CHR-99","CHR-95","2850-57883","2850-57881","1","2",0.293548387096774,"2850-57883_2850-57881"
"CHR-99","CHR-16","2850-57883","2850-57581","1","2",0.293548387096774,"2850-57883_2850-57581"
"CHR-99","CHR-115","2850-57883","2850-57745","1","2",0.293548387096774,"2850-57883_2850-57745"
"CHR-99","CHR-78","2850-57883","2850-57744","1","2",0.264516129032258,"2850-57883_2850-57744"
"CHR-99","CHR-77","2850-57883","unb-CHR-77","1","2",0.293548387096774,"2850-57883_unb-CHR-77"
"CHR-99","CHR-93","2850-57883","2640-97588","1","2",0.293548387096774,"2850-57883_2640-97588"
"CHR-99","CHR-119","2850-57883","2850-57806","1","2",0.293548387096774,"2850-57883_2850-57806"
"CHR-99","CHR-12","2850-57883","unb-CHR-76and12","1","2",0.261290322580645,"2850-57883_unb-CHR-76and12"
"CHR-99","CHR-6","2850-57883","2850-57582","1","2",0.283870967741935,"2850-57883_2850-57582"
"CHR-99","CHR-52","2850-57883","2850-57742","1","2",0.293548387096774,"2850-57883_2850-57742"
"CHR-99","CHR-112","2850-57883","2850-57647","1","2",0.261290322580645,"2850-57883_2850-57647"
"CHR-99","CHR-99","2850-57883","2850-57578","1","2",0.293548387096774,"2850-57883_2850-57578"
"CHR-99","CHR-101","2850-57883","2850-57733","1","2",0.293548387096774,"2850-57883_2850-57733"
"CHR-99","CHR-150","2850-57883","2850-57577","1","2",0.270967741935484,"2850-57883_2850-57577"
"CHR-99","CHR-32","2850-57883","2850-57731","1","3",0.293548387096774,"2850-57883_2850-57731"
"CHR-99","CHR-149","2850-57883","2850-57669","1","3",0.27741935483871,"2850-57883_2850-57669"
"CHR-11","CHR-29","2870-64908","2850-57808","1","1",0.157706093189964,"2870-64908_2850-57808"
"CHR-11","CHR-32","2870-64908","2850-57731","1","1",0.14336917562724,"2870-64908_2850-57731"
"CHR-11","CHR-102","2870-64908","2640-97589","1","1",0.154121863799283,"2870-64908_2640-97589"
"CHR-11","CHR-96","2870-64908","2850-57806","1","1",0.157706093189964,"2870-64908_2850-57806"
"CHR-11","CHR-58","2870-64908","2850-57579","1","1",0.146953405017921,"2870-64908_2850-57579"
"CHR-11","CHR-97","2870-64908","2850-57589","1","1",0.157706093189964,"2870-64908_2850-57589"
"CHR-11","CHR-7","2870-64908","unb-CHR-7and9","1","1",0.129032258064516,"2870-64908_unb-CHR-7and9"
"CHR-11","CHR-4","2870-64908","2811-83208","1","1",0.157706093189964,"2870-64908_2811-83208"
"CHR-11","CHR-33","2870-64908","2850-57669","1","1",0.157706093189964,"2870-64908_2850-57669"
"CHR-11","CHR-86","2870-64908","2850-57653","1","1",0.150537634408602,"2870-64908_2850-57653"
"CHR-11","CHR-133","2870-64908","2850-57570","1","1",0.139784946236559,"2870-64908_2850-57570"
"CHR-11","CHR-39","2870-64908","2850-57620","1","1",0.157706093189964,"2870-64908_2850-57620"
"CHR-11","CHR-25","2870-64908","2850-57881","1","1",0.157706093189964,"2870-64908_2850-57881"
"CHR-11","CHR-66","2870-64908","2850-57581","1","1",0.157706093189964,"2870-64908_2850-57581"
"CHR-11","CHR-80","2870-64908","2850-57580","1","1",0.157706093189964,"2870-64908_2850-57580"
"CHR-11","CHR-82","2870-64908","2850-57745","1","1",0.139784946236559,"2870-64908_2850-57745"
"CHR-11","CHR-78","2870-64908","2850-57744","1","1",0.157706093189964,"2870-64908_2850-57744"
"CHR-11","CHR-73","2870-64908","2850-57671","1","1",0.157706093189964,"2870-64908_2850-57671"
"CHR-11","CHR-77","2870-64908","unb-CHR-77","1","1",0.150537634408602,"2870-64908_unb-CHR-77"
"CHR-11","CHR-93","2870-64908","2640-97588","1","1",0.14336917562724,"2870-64908_2640-97588"
"CHR-11","CHR-37","2870-64908","2850-57806","1","1",0.157706093189964,"2870-64908_2850-57806"
"CHR-11","CHR-43","2870-64908","2850-57567","1","1",0.157706093189964,"2870-64908_2850-57567"
"CHR-11","CHR-76","2870-64908","unb-CHR-76and12","1","1",0.150537634408602,"2870-64908_unb-CHR-76and12"
"CHR-11","CHR-74","2870-64908","2850-57582","1","1",0.157706093189964,"2870-64908_2850-57582"
"CHR-11","CHR-110","2870-64908","2850-57742","1","1",0.157706093189964,"2870-64908_2850-57742"
"CHR-11","CHR-112","2870-64908","2850-57647","1","1",0.157706093189964,"2870-64908_2850-57647"
"CHR-11","CHR-99","2870-64908","2850-57578","1","1",0.157706093189964,"2870-64908_2850-57578"
"CHR-11","CHR-11","2870-64908","2850-57733","1","1",0.157706093189964,"2870-64908_2850-57733"
"CHR-11","CHR-148","2870-64908","2850-57582","1","1",0.157706093189964,"2870-64908_2850-57582"
"CHR-11","CHR-128","2870-64908","2850-57577","1","1",0.157706093189964,"2870-64908_2850-57577"
"CHR-11","CHR-145","2870-64908","unb-CHR-145","1","1",0.129032258064516,"2870-64908_unb-CHR-145"
"CHR-11","CHR-27","2870-64908","2850-57808","1","2",0.157706093189964,"2870-64908_2850-57808"
"CHR-11","CHR-109","2870-64908","2850-57731","1","2",0.14336917562724,"2870-64908_2850-57731"
"CHR-11","CHR-102","2870-64908","2640-97589","1","2",0.154121863799283,"2870-64908_2640-97589"
"CHR-11","CHR-96","2870-64908","2850-57806","1","2",0.157706093189964,"2870-64908_2850-57806"
"CHR-11","CHR-139","2870-64908","2850-57579","1","2",0.146953405017921,"2870-64908_2850-57579"
"CHR-11","CHR-19","2870-64908","2850-57589","1","2",0.157706093189964,"2870-64908_2850-57589"
"CHR-11","CHR-9","2870-64908","unb-CHR-7and9","1","2",0.129032258064516,"2870-64908_unb-CHR-7and9"
"CHR-11","CHR-4","2870-64908","2811-83208","1","2",0.157706093189964,"2870-64908_2811-83208"
"CHR-11","CHR-33","2870-64908","2850-57669","1","2",0.157706093189964,"2870-64908_2850-57669"
"CHR-11","CHR-45","2870-64908","2850-57653","1","2",0.150537634408602,"2870-64908_2850-57653"
"CHR-11","CHR-151","2870-64908","2850-57570","1","2",0.139784946236559,"2870-64908_2850-57570"
"CHR-11","CHR-39","2870-64908","2850-57620","1","2",0.157706093189964,"2870-64908_2850-57620"
"CHR-11","CHR-95","2870-64908","2850-57881","1","2",0.157706093189964,"2870-64908_2850-57881"
"CHR-11","CHR-16","2870-64908","2850-57581","1","2",0.157706093189964,"2870-64908_2850-57581"
"CHR-11","CHR-115","2870-64908","2850-57745","1","2",0.139784946236559,"2870-64908_2850-57745"
"CHR-11","CHR-78","2870-64908","2850-57744","1","2",0.157706093189964,"2870-64908_2850-57744"
"CHR-11","CHR-77","2870-64908","unb-CHR-77","1","2",0.150537634408602,"2870-64908_unb-CHR-77"
"CHR-11","CHR-93","2870-64908","2640-97588","1","2",0.14336917562724,"2870-64908_2640-97588"
"CHR-11","CHR-119","2870-64908","2850-57806","1","2",0.157706093189964,"2870-64908_2850-57806"
"CHR-11","CHR-12","2870-64908","unb-CHR-76and12","1","2",0.150537634408602,"2870-64908_unb-CHR-76and12"
"CHR-11","CHR-6","2870-64908","2850-57582","1","2",0.157706093189964,"2870-64908_2850-57582"
"CHR-11","CHR-52","2870-64908","2850-57742","1","2",0.157706093189964,"2870-64908_2850-57742"
"CHR-11","CHR-112","2870-64908","2850-57647","1","2",0.157706093189964,"2870-64908_2850-57647"
"CHR-11","CHR-99","2870-64908","2850-57578","1","2",0.157706093189964,"2870-64908_2850-57578"
"CHR-11","CHR-101","2870-64908","2850-57733","1","2",0.157706093189964,"2870-64908_2850-57733"
"CHR-11","CHR-150","2870-64908","2850-57577","1","2",0.157706093189964,"2870-64908_2850-57577"
"CHR-11","CHR-32","2870-64908","2850-57731","1","3",0.14336917562724,"2870-64908_2850-57731"
"CHR-11","CHR-149","2870-64908","2850-57669","1","3",0.157706093189964,"2870-64908_2850-57669"
"CHR-148","CHR-29","2870-64909","2850-57808","1","1",0.138709677419355,"2870-64909_2850-57808"
"CHR-148","CHR-32","2870-64909","2850-57731","1","1",0.138709677419355,"2870-64909_2850-57731"
"CHR-148","CHR-102","2870-64909","2640-97589","1","1",0.138709677419355,"2870-64909_2640-97589"
"CHR-148","CHR-96","2870-64909","2850-57806","1","1",0.138709677419355,"2870-64909_2850-57806"
"CHR-148","CHR-58","2870-64909","2850-57579","1","1",0.138709677419355,"2870-64909_2850-57579"
"CHR-148","CHR-97","2870-64909","2850-57589","1","1",0.138709677419355,"2870-64909_2850-57589"
"CHR-148","CHR-7","2870-64909","unb-CHR-7and9","1","1",0.138709677419355,"2870-64909_unb-CHR-7and9"
"CHR-148","CHR-4","2870-64909","2811-83208","1","1",0.138709677419355,"2870-64909_2811-83208"
"CHR-148","CHR-33","2870-64909","2850-57669","1","1",0.12258064516129,"2870-64909_2850-57669"
"CHR-148","CHR-86","2870-64909","2850-57653","1","1",0.138709677419355,"2870-64909_2850-57653"
"CHR-148","CHR-133","2870-64909","2850-57570","1","1",0.138709677419355,"2870-64909_2850-57570"
"CHR-148","CHR-39","2870-64909","2850-57620","1","1",0.138709677419355,"2870-64909_2850-57620"
"CHR-148","CHR-25","2870-64909","2850-57881","1","1",0.138709677419355,"2870-64909_2850-57881"
"CHR-148","CHR-66","2870-64909","2850-57581","1","1",0.138709677419355,"2870-64909_2850-57581"
"CHR-148","CHR-80","2870-64909","2850-57580","1","1",0.138709677419355,"2870-64909_2850-57580"
"CHR-148","CHR-82","2870-64909","2850-57745","1","1",0.138709677419355,"2870-64909_2850-57745"
"CHR-148","CHR-78","2870-64909","2850-57744","1","1",0.106451612903226,"2870-64909_2850-57744"
"CHR-148","CHR-73","2870-64909","2850-57671","1","1",0.138709677419355,"2870-64909_2850-57671"
"CHR-148","CHR-77","2870-64909","unb-CHR-77","1","1",0.138709677419355,"2870-64909_unb-CHR-77"
"CHR-148","CHR-93","2870-64909","2640-97588","1","1",0.138709677419355,"2870-64909_2640-97588"
"CHR-148","CHR-37","2870-64909","2850-57806","1","1",0.138709677419355,"2870-64909_2850-57806"
"CHR-148","CHR-43","2870-64909","2850-57567","1","1",0.138709677419355,"2870-64909_2850-57567"
"CHR-148","CHR-76","2870-64909","unb-CHR-76and12","1","1",0.138709677419355,"2870-64909_unb-CHR-76and12"
"CHR-148","CHR-74","2870-64909","2850-57582","1","1",0.132258064516129,"2870-64909_2850-57582"
"CHR-148","CHR-110","2870-64909","2850-57742","1","1",0.138709677419355,"2870-64909_2850-57742"
"CHR-148","CHR-112","2870-64909","2850-57647","1","1",0.106451612903226,"2870-64909_2850-57647"
"CHR-148","CHR-99","2870-64909","2850-57578","1","1",0.119354838709677,"2870-64909_2850-57578"
"CHR-148","CHR-11","2870-64909","2850-57733","1","1",0.138709677419355,"2870-64909_2850-57733"
"CHR-148","CHR-148","2870-64909","2850-57582","1","1",0.138709677419355,"2870-64909_2850-57582"
"CHR-148","CHR-128","2870-64909","2850-57577","1","1",0.106451612903226,"2870-64909_2850-57577"
"CHR-148","CHR-145","2870-64909","unb-CHR-145","1","1",0.138709677419355,"2870-64909_unb-CHR-145"
"CHR-148","CHR-27","2870-64909","2850-57808","1","2",0.138709677419355,"2870-64909_2850-57808"
"CHR-148","CHR-109","2870-64909","2850-57731","1","2",0.138709677419355,"2870-64909_2850-57731"
"CHR-148","CHR-102","2870-64909","2640-97589","1","2",0.138709677419355,"2870-64909_2640-97589"
"CHR-148","CHR-96","2870-64909","2850-57806","1","2",0.138709677419355,"2870-64909_2850-57806"
"CHR-148","CHR-139","2870-64909","2850-57579","1","2",0.138709677419355,"2870-64909_2850-57579"
"CHR-148","CHR-19","2870-64909","2850-57589","1","2",0.138709677419355,"2870-64909_2850-57589"
"CHR-148","CHR-9","2870-64909","unb-CHR-7and9","1","2",0.138709677419355,"2870-64909_unb-CHR-7and9"
"CHR-148","CHR-4","2870-64909","2811-83208","1","2",0.138709677419355,"2870-64909_2811-83208"
"CHR-148","CHR-33","2870-64909","2850-57669","1","2",0.12258064516129,"2870-64909_2850-57669"
"CHR-148","CHR-45","2870-64909","2850-57653","1","2",0.138709677419355,"2870-64909_2850-57653"
"CHR-148","CHR-151","2870-64909","2850-57570","1","2",0.138709677419355,"2870-64909_2850-57570"
"CHR-148","CHR-39","2870-64909","2850-57620","1","2",0.138709677419355,"2870-64909_2850-57620"
"CHR-148","CHR-95","2870-64909","2850-57881","1","2",0.138709677419355,"2870-64909_2850-57881"
"CHR-148","CHR-16","2870-64909","2850-57581","1","2",0.138709677419355,"2870-64909_2850-57581"
"CHR-148","CHR-115","2870-64909","2850-57745","1","2",0.138709677419355,"2870-64909_2850-57745"
"CHR-148","CHR-78","2870-64909","2850-57744","1","2",0.106451612903226,"2870-64909_2850-57744"
"CHR-148","CHR-77","2870-64909","unb-CHR-77","1","2",0.138709677419355,"2870-64909_unb-CHR-77"
"CHR-148","CHR-93","2870-64909","2640-97588","1","2",0.138709677419355,"2870-64909_2640-97588"
"CHR-148","CHR-119","2870-64909","2850-57806","1","2",0.138709677419355,"2870-64909_2850-57806"
"CHR-148","CHR-12","2870-64909","unb-CHR-76and12","1","2",0.138709677419355,"2870-64909_unb-CHR-76and12"
"CHR-148","CHR-6","2870-64909","2850-57582","1","2",0.132258064516129,"2870-64909_2850-57582"
"CHR-148","CHR-52","2870-64909","2850-57742","1","2",0.138709677419355,"2870-64909_2850-57742"
"CHR-148","CHR-112","2870-64909","2850-57647","1","2",0.106451612903226,"2870-64909_2850-57647"
"CHR-148","CHR-99","2870-64909","2850-57578","1","2",0.119354838709677,"2870-64909_2850-57578"
"CHR-148","CHR-101","2870-64909","2850-57733","1","2",0.138709677419355,"2870-64909_2850-57733"
"CHR-148","CHR-150","2870-64909","2850-57577","1","2",0.106451612903226,"2870-64909_2850-57577"
"CHR-148","CHR-32","2870-64909","2850-57731","1","3",0.138709677419355,"2870-64909_2850-57731"
"CHR-148","CHR-149","2870-64909","2850-57669","1","3",0.12258064516129,"2870-64909_2850-57669"
"CHR-128","CHR-29","2870-65003","2850-57808","1","1",0.189964157706093,"2870-65003_2850-57808"
"CHR-128","CHR-32","2870-65003","2850-57731","1","1",0.189964157706093,"2870-65003_2850-57731"
"CHR-128","CHR-102","2870-65003","2640-97589","1","1",0.189964157706093,"2870-65003_2640-97589"
"CHR-128","CHR-96","2870-65003","2850-57806","1","1",0.189964157706093,"2870-65003_2850-57806"
"CHR-128","CHR-58","2870-65003","2850-57579","1","1",0.182795698924731,"2870-65003_2850-57579"
"CHR-128","CHR-97","2870-65003","2850-57589","1","1",0.189964157706093,"2870-65003_2850-57589"
"CHR-128","CHR-7","2870-65003","unb-CHR-7and9","1","1",0.172043010752688,"2870-65003_unb-CHR-7and9"
"CHR-128","CHR-4","2870-65003","2811-83208","1","1",0.189964157706093,"2870-65003_2811-83208"
"CHR-128","CHR-33","2870-65003","2850-57669","1","1",0.186379928315412,"2870-65003_2850-57669"
"CHR-128","CHR-86","2870-65003","2850-57653","1","1",0.189964157706093,"2870-65003_2850-57653"
"CHR-128","CHR-133","2870-65003","2850-57570","1","1",0.157706093189964,"2870-65003_2850-57570"
"CHR-128","CHR-39","2870-65003","2850-57620","1","1",0.189964157706093,"2870-65003_2850-57620"
"CHR-128","CHR-25","2870-65003","2850-57881","1","1",0.189964157706093,"2870-65003_2850-57881"
"CHR-128","CHR-66","2870-65003","2850-57581","1","1",0.189964157706093,"2870-65003_2850-57581"
"CHR-128","CHR-80","2870-65003","2850-57580","1","1",0.186379928315412,"2870-65003_2850-57580"
"CHR-128","CHR-82","2870-65003","2850-57745","1","1",0.189964157706093,"2870-65003_2850-57745"
"CHR-128","CHR-78","2870-65003","2850-57744","1","1",0.157706093189964,"2870-65003_2850-57744"
"CHR-128","CHR-73","2870-65003","2850-57671","1","1",0.172043010752688,"2870-65003_2850-57671"
"CHR-128","CHR-77","2870-65003","unb-CHR-77","1","1",0.189964157706093,"2870-65003_unb-CHR-77"
"CHR-128","CHR-93","2870-65003","2640-97588","1","1",0.189964157706093,"2870-65003_2640-97588"
"CHR-128","CHR-37","2870-65003","2850-57806","1","1",0.189964157706093,"2870-65003_2850-57806"
"CHR-128","CHR-43","2870-65003","2850-57567","1","1",0.189964157706093,"2870-65003_2850-57567"
"CHR-128","CHR-76","2870-65003","unb-CHR-76and12","1","1",0.161290322580645,"2870-65003_unb-CHR-76and12"
"CHR-128","CHR-74","2870-65003","2850-57582","1","1",0.189964157706093,"2870-65003_2850-57582"
"CHR-128","CHR-110","2870-65003","2850-57742","1","1",0.189964157706093,"2870-65003_2850-57742"
"CHR-128","CHR-112","2870-65003","2850-57647","1","1",0.168458781362007,"2870-65003_2850-57647"
"CHR-128","CHR-99","2870-65003","2850-57578","1","1",0.164874551971326,"2870-65003_2850-57578"
"CHR-128","CHR-11","2870-65003","2850-57733","1","1",0.189964157706093,"2870-65003_2850-57733"
"CHR-128","CHR-148","2870-65003","2850-57582","1","1",0.189964157706093,"2870-65003_2850-57582"
"CHR-128","CHR-128","2870-65003","2850-57577","1","1",0.189964157706093,"2870-65003_2850-57577"
"CHR-128","CHR-145","2870-65003","unb-CHR-145","1","1",0.189964157706093,"2870-65003_unb-CHR-145"
"CHR-128","CHR-27","2870-65003","2850-57808","1","2",0.189964157706093,"2870-65003_2850-57808"
"CHR-128","CHR-109","2870-65003","2850-57731","1","2",0.189964157706093,"2870-65003_2850-57731"
"CHR-128","CHR-102","2870-65003","2640-97589","1","2",0.189964157706093,"2870-65003_2640-97589"
"CHR-128","CHR-96","2870-65003","2850-57806","1","2",0.189964157706093,"2870-65003_2850-57806"
"CHR-128","CHR-139","2870-65003","2850-57579","1","2",0.182795698924731,"2870-65003_2850-57579"
"CHR-128","CHR-19","2870-65003","2850-57589","1","2",0.189964157706093,"2870-65003_2850-57589"
"CHR-128","CHR-9","2870-65003","unb-CHR-7and9","1","2",0.172043010752688,"2870-65003_unb-CHR-7and9"
"CHR-128","CHR-4","2870-65003","2811-83208","1","2",0.189964157706093,"2870-65003_2811-83208"
"CHR-128","CHR-33","2870-65003","2850-57669","1","2",0.186379928315412,"2870-65003_2850-57669"
"CHR-128","CHR-45","2870-65003","2850-57653","1","2",0.189964157706093,"2870-65003_2850-57653"
"CHR-128","CHR-151","2870-65003","2850-57570","1","2",0.157706093189964,"2870-65003_2850-57570"
"CHR-128","CHR-39","2870-65003","2850-57620","1","2",0.189964157706093,"2870-65003_2850-57620"
"CHR-128","CHR-95","2870-65003","2850-57881","1","2",0.189964157706093,"2870-65003_2850-57881"
"CHR-128","CHR-16","2870-65003","2850-57581","1","2",0.189964157706093,"2870-65003_2850-57581"
"CHR-128","CHR-115","2870-65003","2850-57745","1","2",0.189964157706093,"2870-65003_2850-57745"
"CHR-128","CHR-78","2870-65003","2850-57744","1","2",0.157706093189964,"2870-65003_2850-57744"
"CHR-128","CHR-77","2870-65003","unb-CHR-77","1","2",0.189964157706093,"2870-65003_unb-CHR-77"
"CHR-128","CHR-93","2870-65003","2640-97588","1","2",0.189964157706093,"2870-65003_2640-97588"
"CHR-128","CHR-119","2870-65003","2850-57806","1","2",0.189964157706093,"2870-65003_2850-57806"
"CHR-128","CHR-12","2870-65003","unb-CHR-76and12","1","2",0.161290322580645,"2870-65003_unb-CHR-76and12"
"CHR-128","CHR-6","2870-65003","2850-57582","1","2",0.189964157706093,"2870-65003_2850-57582"
"CHR-128","CHR-52","2870-65003","2850-57742","1","2",0.189964157706093,"2870-65003_2850-57742"
"CHR-128","CHR-112","2870-65003","2850-57647","1","2",0.168458781362007,"2870-65003_2850-57647"
"CHR-128","CHR-99","2870-65003","2850-57578","1","2",0.164874551971326,"2870-65003_2850-57578"
"CHR-128","CHR-101","2870-65003","2850-57733","1","2",0.189964157706093,"2870-65003_2850-57733"
"CHR-128","CHR-150","2870-65003","2850-57577","1","2",0.189964157706093,"2870-65003_2850-57577"
"CHR-128","CHR-32","2870-65003","2850-57731","1","3",0.189964157706093,"2870-65003_2850-57731"
"CHR-128","CHR-149","2870-65003","2850-57669","1","3",0.186379928315412,"2870-65003_2850-57669"
"CHR-145","CHR-29","2870-65004","2850-57808","1","1",0.193548387096774,"2870-65004_2850-57808"
"CHR-145","CHR-32","2870-65004","2850-57731","1","1",0.17741935483871,"2870-65004_2850-57731"
"CHR-145","CHR-102","2870-65004","2640-97589","1","1",0.189516129032258,"2870-65004_2640-97589"
"CHR-145","CHR-96","2870-65004","2850-57806","1","1",0.19758064516129,"2870-65004_2850-57806"
"CHR-145","CHR-58","2870-65004","2850-57579","1","1",0.193548387096774,"2870-65004_2850-57579"
"CHR-145","CHR-97","2870-65004","2850-57589","1","1",0.19758064516129,"2870-65004_2850-57589"
"CHR-145","CHR-7","2870-65004","unb-CHR-7and9","1","1",0.173387096774194,"2870-65004_unb-CHR-7and9"
"CHR-145","CHR-4","2870-65004","2811-83208","1","1",0.19758064516129,"2870-65004_2811-83208"
"CHR-145","CHR-33","2870-65004","2850-57669","1","1",0.19758064516129,"2870-65004_2850-57669"
"CHR-145","CHR-86","2870-65004","2850-57653","1","1",0.185483870967742,"2870-65004_2850-57653"
"CHR-145","CHR-133","2870-65004","2850-57570","1","1",0.173387096774194,"2870-65004_2850-57570"
"CHR-145","CHR-39","2870-65004","2850-57620","1","1",0.19758064516129,"2870-65004_2850-57620"
"CHR-145","CHR-25","2870-65004","2850-57881","1","1",0.19758064516129,"2870-65004_2850-57881"
"CHR-145","CHR-66","2870-65004","2850-57581","1","1",0.19758064516129,"2870-65004_2850-57581"
"CHR-145","CHR-80","2870-65004","2850-57580","1","1",0.19758064516129,"2870-65004_2850-57580"
"CHR-145","CHR-82","2870-65004","2850-57745","1","1",0.173387096774194,"2870-65004_2850-57745"
"CHR-145","CHR-78","2870-65004","2850-57744","1","1",0.19758064516129,"2870-65004_2850-57744"
"CHR-145","CHR-73","2870-65004","2850-57671","1","1",0.19758064516129,"2870-65004_2850-57671"
"CHR-145","CHR-77","2870-65004","unb-CHR-77","1","1",0.185483870967742,"2870-65004_unb-CHR-77"
"CHR-145","CHR-93","2870-65004","2640-97588","1","1",0.17741935483871,"2870-65004_2640-97588"
"CHR-145","CHR-37","2870-65004","2850-57806","1","1",0.19758064516129,"2870-65004_2850-57806"
"CHR-145","CHR-43","2870-65004","2850-57567","1","1",0.19758064516129,"2870-65004_2850-57567"
"CHR-145","CHR-76","2870-65004","unb-CHR-76and12","1","1",0.185483870967742,"2870-65004_unb-CHR-76and12"
"CHR-145","CHR-74","2870-65004","2850-57582","1","1",0.19758064516129,"2870-65004_2850-57582"
"CHR-145","CHR-110","2870-65004","2850-57742","1","1",0.19758064516129,"2870-65004_2850-57742"
"CHR-145","CHR-112","2870-65004","2850-57647","1","1",0.19758064516129,"2870-65004_2850-57647"
"CHR-145","CHR-99","2870-65004","2850-57578","1","1",0.19758064516129,"2870-65004_2850-57578"
"CHR-145","CHR-11","2870-65004","2850-57733","1","1",0.165322580645161,"2870-65004_2850-57733"
"CHR-145","CHR-148","2870-65004","2850-57582","1","1",0.19758064516129,"2870-65004_2850-57582"
"CHR-145","CHR-128","2870-65004","2850-57577","1","1",0.19758064516129,"2870-65004_2850-57577"
"CHR-145","CHR-145","2870-65004","unb-CHR-145","1","1",0.19758064516129,"2870-65004_unb-CHR-145"
"CHR-145","CHR-27","2870-65004","2850-57808","1","2",0.193548387096774,"2870-65004_2850-57808"
"CHR-145","CHR-109","2870-65004","2850-57731","1","2",0.17741935483871,"2870-65004_2850-57731"
"CHR-145","CHR-102","2870-65004","2640-97589","1","2",0.189516129032258,"2870-65004_2640-97589"
"CHR-145","CHR-96","2870-65004","2850-57806","1","2",0.19758064516129,"2870-65004_2850-57806"
"CHR-145","CHR-139","2870-65004","2850-57579","1","2",0.193548387096774,"2870-65004_2850-57579"
"CHR-145","CHR-19","2870-65004","2850-57589","1","2",0.19758064516129,"2870-65004_2850-57589"
"CHR-145","CHR-9","2870-65004","unb-CHR-7and9","1","2",0.173387096774194,"2870-65004_unb-CHR-7and9"
"CHR-145","CHR-4","2870-65004","2811-83208","1","2",0.19758064516129,"2870-65004_2811-83208"
"CHR-145","CHR-33","2870-65004","2850-57669","1","2",0.19758064516129,"2870-65004_2850-57669"
"CHR-145","CHR-45","2870-65004","2850-57653","1","2",0.185483870967742,"2870-65004_2850-57653"
"CHR-145","CHR-151","2870-65004","2850-57570","1","2",0.173387096774194,"2870-65004_2850-57570"
"CHR-145","CHR-39","2870-65004","2850-57620","1","2",0.19758064516129,"2870-65004_2850-57620"
"CHR-145","CHR-95","2870-65004","2850-57881","1","2",0.19758064516129,"2870-65004_2850-57881"
"CHR-145","CHR-16","2870-65004","2850-57581","1","2",0.19758064516129,"2870-65004_2850-57581"
"CHR-145","CHR-115","2870-65004","2850-57745","1","2",0.173387096774194,"2870-65004_2850-57745"
"CHR-145","CHR-78","2870-65004","2850-57744","1","2",0.19758064516129,"2870-65004_2850-57744"
"CHR-145","CHR-77","2870-65004","unb-CHR-77","1","2",0.185483870967742,"2870-65004_unb-CHR-77"
"CHR-145","CHR-93","2870-65004","2640-97588","1","2",0.17741935483871,"2870-65004_2640-97588"
"CHR-145","CHR-119","2870-65004","2850-57806","1","2",0.19758064516129,"2870-65004_2850-57806"
"CHR-145","CHR-12","2870-65004","unb-CHR-76and12","1","2",0.185483870967742,"2870-65004_unb-CHR-76and12"
"CHR-145","CHR-6","2870-65004","2850-57582","1","2",0.19758064516129,"2870-65004_2850-57582"
"CHR-145","CHR-52","2870-65004","2850-57742","1","2",0.19758064516129,"2870-65004_2850-57742"
"CHR-145","CHR-112","2870-65004","2850-57647","1","2",0.19758064516129,"2870-65004_2850-57647"
"CHR-145","CHR-99","2870-65004","2850-57578","1","2",0.19758064516129,"2870-65004_2850-57578"
"CHR-145","CHR-101","2870-65004","2850-57733","1","2",0.165322580645161,"2870-65004_2850-57733"
"CHR-145","CHR-150","2870-65004","2850-57577","1","2",0.19758064516129,"2870-65004_2850-57577"
"CHR-145","CHR-32","2870-65004","2850-57731","1","3",0.17741935483871,"2870-65004_2850-57731"
"CHR-145","CHR-149","2870-65004","2850-57669","1","3",0.19758064516129,"2870-65004_2850-57669"
"CHR-27","CHR-29","2640-97331","2850-57808","2","1",0.32258064516129,"2640-97331_2850-57808"
"CHR-27","CHR-32","2640-97331","2850-57731","2","1",0.301075268817204,"2640-97331_2850-57731"
"CHR-27","CHR-102","2640-97331","2640-97589","2","1",0.28673835125448,"2640-97331_2640-97589"
"CHR-27","CHR-96","2640-97331","2850-57806","2","1",0.304659498207885,"2640-97331_2850-57806"
"CHR-27","CHR-58","2640-97331","2850-57579","2","1",0.32258064516129,"2640-97331_2850-57579"
"CHR-27","CHR-97","2640-97331","2850-57589","2","1",0.32258064516129,"2640-97331_2850-57589"
"CHR-27","CHR-7","2640-97331","unb-CHR-7and9","2","1",0.32258064516129,"2640-97331_unb-CHR-7and9"
"CHR-27","CHR-4","2640-97331","2811-83208","2","1",0.32258064516129,"2640-97331_2811-83208"
"CHR-27","CHR-33","2640-97331","2850-57669","2","1",0.297491039426523,"2640-97331_2850-57669"
"CHR-27","CHR-86","2640-97331","2850-57653","2","1",0.290322580645161,"2640-97331_2850-57653"
"CHR-27","CHR-133","2640-97331","2850-57570","2","1",0.304659498207885,"2640-97331_2850-57570"
"CHR-27","CHR-39","2640-97331","2850-57620","2","1",0.32258064516129,"2640-97331_2850-57620"
"CHR-27","CHR-25","2640-97331","2850-57881","2","1",0.32258064516129,"2640-97331_2850-57881"
"CHR-27","CHR-66","2640-97331","2850-57581","2","1",0.304659498207885,"2640-97331_2850-57581"
"CHR-27","CHR-80","2640-97331","2850-57580","2","1",0.32258064516129,"2640-97331_2850-57580"
"CHR-27","CHR-82","2640-97331","2850-57745","2","1",0.308243727598566,"2640-97331_2850-57745"
"CHR-27","CHR-78","2640-97331","2850-57744","2","1",0.32258064516129,"2640-97331_2850-57744"
"CHR-27","CHR-73","2640-97331","2850-57671","2","1",0.32258064516129,"2640-97331_2850-57671"
"CHR-27","CHR-77","2640-97331","unb-CHR-77","2","1",0.293906810035842,"2640-97331_unb-CHR-77"
"CHR-27","CHR-93","2640-97331","2640-97588","2","1",0.297491039426523,"2640-97331_2640-97588"
"CHR-27","CHR-37","2640-97331","2850-57806","2","1",0.301075268817204,"2640-97331_2850-57806"
"CHR-27","CHR-43","2640-97331","2850-57567","2","1",0.32258064516129,"2640-97331_2850-57567"
"CHR-27","CHR-76","2640-97331","unb-CHR-76and12","2","1",0.293906810035842,"2640-97331_unb-CHR-76and12"
"CHR-27","CHR-74","2640-97331","2850-57582","2","1",0.32258064516129,"2640-97331_2850-57582"
"CHR-27","CHR-110","2640-97331","2850-57742","2","1",0.290322580645161,"2640-97331_2850-57742"
"CHR-27","CHR-112","2640-97331","2850-57647","2","1",0.32258064516129,"2640-97331_2850-57647"
"CHR-27","CHR-99","2640-97331","2850-57578","2","1",0.32258064516129,"2640-97331_2850-57578"
"CHR-27","CHR-11","2640-97331","2850-57733","2","1",0.32258064516129,"2640-97331_2850-57733"
"CHR-27","CHR-148","2640-97331","2850-57582","2","1",0.32258064516129,"2640-97331_2850-57582"
"CHR-27","CHR-128","2640-97331","2850-57577","2","1",0.32258064516129,"2640-97331_2850-57577"
"CHR-27","CHR-145","2640-97331","unb-CHR-145","2","1",0.318996415770609,"2640-97331_unb-CHR-145"
"CHR-27","CHR-27","2640-97331","2850-57808","2","2",0.32258064516129,"2640-97331_2850-57808"
"CHR-27","CHR-109","2640-97331","2850-57731","2","2",0.301075268817204,"2640-97331_2850-57731"
"CHR-27","CHR-102","2640-97331","2640-97589","2","2",0.28673835125448,"2640-97331_2640-97589"
"CHR-27","CHR-96","2640-97331","2850-57806","2","2",0.304659498207885,"2640-97331_2850-57806"
"CHR-27","CHR-139","2640-97331","2850-57579","2","2",0.32258064516129,"2640-97331_2850-57579"
"CHR-27","CHR-19","2640-97331","2850-57589","2","2",0.32258064516129,"2640-97331_2850-57589"
"CHR-27","CHR-9","2640-97331","unb-CHR-7and9","2","2",0.32258064516129,"2640-97331_unb-CHR-7and9"
"CHR-27","CHR-4","2640-97331","2811-83208","2","2",0.32258064516129,"2640-97331_2811-83208"
"CHR-27","CHR-33","2640-97331","2850-57669","2","2",0.297491039426523,"2640-97331_2850-57669"
"CHR-27","CHR-45","2640-97331","2850-57653","2","2",0.290322580645161,"2640-97331_2850-57653"
"CHR-27","CHR-151","2640-97331","2850-57570","2","2",0.304659498207885,"2640-97331_2850-57570"
"CHR-27","CHR-39","2640-97331","2850-57620","2","2",0.32258064516129,"2640-97331_2850-57620"
"CHR-27","CHR-95","2640-97331","2850-57881","2","2",0.32258064516129,"2640-97331_2850-57881"
"CHR-27","CHR-16","2640-97331","2850-57581","2","2",0.304659498207885,"2640-97331_2850-57581"
"CHR-27","CHR-115","2640-97331","2850-57745","2","2",0.308243727598566,"2640-97331_2850-57745"
"CHR-27","CHR-78","2640-97331","2850-57744","2","2",0.32258064516129,"2640-97331_2850-57744"
"CHR-27","CHR-77","2640-97331","unb-CHR-77","2","2",0.293906810035842,"2640-97331_unb-CHR-77"
"CHR-27","CHR-93","2640-97331","2640-97588","2","2",0.297491039426523,"2640-97331_2640-97588"
"CHR-27","CHR-119","2640-97331","2850-57806","2","2",0.301075268817204,"2640-97331_2850-57806"
"CHR-27","CHR-12","2640-97331","unb-CHR-76and12","2","2",0.293906810035842,"2640-97331_unb-CHR-76and12"
"CHR-27","CHR-6","2640-97331","2850-57582","2","2",0.32258064516129,"2640-97331_2850-57582"
"CHR-27","CHR-52","2640-97331","2850-57742","2","2",0.290322580645161,"2640-97331_2850-57742"
"CHR-27","CHR-112","2640-97331","2850-57647","2","2",0.32258064516129,"2640-97331_2850-57647"
"CHR-27","CHR-99","2640-97331","2850-57578","2","2",0.32258064516129,"2640-97331_2850-57578"
"CHR-27","CHR-101","2640-97331","2850-57733","2","2",0.32258064516129,"2640-97331_2850-57733"
"CHR-27","CHR-150","2640-97331","2850-57577","2","2",0.32258064516129,"2640-97331_2850-57577"
"CHR-27","CHR-32","2640-97331","2850-57731","2","3",0.301075268817204,"2640-97331_2850-57731"
"CHR-27","CHR-149","2640-97331","2850-57669","2","3",0.297491039426523,"2640-97331_2850-57669"
"CHR-109","CHR-29","2640-97358","2850-57808","2","1",0.297491039426523,"2640-97358_2850-57808"
"CHR-109","CHR-32","2640-97358","2850-57731","2","1",0.318996415770609,"2640-97358_2850-57731"
"CHR-109","CHR-102","2640-97358","2640-97589","2","1",0.293906810035842,"2640-97358_2640-97589"
"CHR-109","CHR-96","2640-97358","2850-57806","2","1",0.315412186379928,"2640-97358_2850-57806"
"CHR-109","CHR-58","2640-97358","2850-57579","2","1",0.318996415770609,"2640-97358_2850-57579"
"CHR-109","CHR-97","2640-97358","2850-57589","2","1",0.318996415770609,"2640-97358_2850-57589"
"CHR-109","CHR-7","2640-97358","unb-CHR-7and9","2","1",0.311827956989247,"2640-97358_unb-CHR-7and9"
"CHR-109","CHR-4","2640-97358","2811-83208","2","1",0.318996415770609,"2640-97358_2811-83208"
"CHR-109","CHR-33","2640-97358","2850-57669","2","1",0.301075268817204,"2640-97358_2850-57669"
"CHR-109","CHR-86","2640-97358","2850-57653","2","1",0.290322580645161,"2640-97358_2850-57653"
"CHR-109","CHR-133","2640-97358","2850-57570","2","1",0.28673835125448,"2640-97358_2850-57570"
"CHR-109","CHR-39","2640-97358","2850-57620","2","1",0.318996415770609,"2640-97358_2850-57620"
"CHR-109","CHR-25","2640-97358","2850-57881","2","1",0.318996415770609,"2640-97358_2850-57881"
"CHR-109","CHR-66","2640-97358","2850-57581","2","1",0.315412186379928,"2640-97358_2850-57581"
"CHR-109","CHR-80","2640-97358","2850-57580","2","1",0.318996415770609,"2640-97358_2850-57580"
"CHR-109","CHR-82","2640-97358","2850-57745","2","1",0.290322580645161,"2640-97358_2850-57745"
"CHR-109","CHR-78","2640-97358","2850-57744","2","1",0.318996415770609,"2640-97358_2850-57744"
"CHR-109","CHR-73","2640-97358","2850-57671","2","1",0.318996415770609,"2640-97358_2850-57671"
"CHR-109","CHR-77","2640-97358","unb-CHR-77","2","1",0.290322580645161,"2640-97358_unb-CHR-77"
"CHR-109","CHR-93","2640-97358","2640-97588","2","1",0.283154121863799,"2640-97358_2640-97588"
"CHR-109","CHR-37","2640-97358","2850-57806","2","1",0.311827956989247,"2640-97358_2850-57806"
"CHR-109","CHR-43","2640-97358","2850-57567","2","1",0.318996415770609,"2640-97358_2850-57567"
"CHR-109","CHR-76","2640-97358","unb-CHR-76and12","2","1",0.290322580645161,"2640-97358_unb-CHR-76and12"
"CHR-109","CHR-74","2640-97358","2850-57582","2","1",0.318996415770609,"2640-97358_2850-57582"
"CHR-109","CHR-110","2640-97358","2850-57742","2","1",0.301075268817204,"2640-97358_2850-57742"
"CHR-109","CHR-112","2640-97358","2850-57647","2","1",0.318996415770609,"2640-97358_2850-57647"
"CHR-109","CHR-99","2640-97358","2850-57578","2","1",0.318996415770609,"2640-97358_2850-57578"
"CHR-109","CHR-11","2640-97358","2850-57733","2","1",0.304659498207885,"2640-97358_2850-57733"
"CHR-109","CHR-148","2640-97358","2850-57582","2","1",0.318996415770609,"2640-97358_2850-57582"
"CHR-109","CHR-128","2640-97358","2850-57577","2","1",0.318996415770609,"2640-97358_2850-57577"
"CHR-109","CHR-145","2640-97358","unb-CHR-145","2","1",0.301075268817204,"2640-97358_unb-CHR-145"
"CHR-109","CHR-27","2640-97358","2850-57808","2","2",0.297491039426523,"2640-97358_2850-57808"
"CHR-109","CHR-109","2640-97358","2850-57731","2","2",0.318996415770609,"2640-97358_2850-57731"
"CHR-109","CHR-102","2640-97358","2640-97589","2","2",0.293906810035842,"2640-97358_2640-97589"
"CHR-109","CHR-96","2640-97358","2850-57806","2","2",0.315412186379928,"2640-97358_2850-57806"
"CHR-109","CHR-139","2640-97358","2850-57579","2","2",0.318996415770609,"2640-97358_2850-57579"
"CHR-109","CHR-19","2640-97358","2850-57589","2","2",0.318996415770609,"2640-97358_2850-57589"
"CHR-109","CHR-9","2640-97358","unb-CHR-7and9","2","2",0.311827956989247,"2640-97358_unb-CHR-7and9"
"CHR-109","CHR-4","2640-97358","2811-83208","2","2",0.318996415770609,"2640-97358_2811-83208"
"CHR-109","CHR-33","2640-97358","2850-57669","2","2",0.301075268817204,"2640-97358_2850-57669"
"CHR-109","CHR-45","2640-97358","2850-57653","2","2",0.290322580645161,"2640-97358_2850-57653"
"CHR-109","CHR-151","2640-97358","2850-57570","2","2",0.28673835125448,"2640-97358_2850-57570"
"CHR-109","CHR-39","2640-97358","2850-57620","2","2",0.318996415770609,"2640-97358_2850-57620"
"CHR-109","CHR-95","2640-97358","2850-57881","2","2",0.318996415770609,"2640-97358_2850-57881"
"CHR-109","CHR-16","2640-97358","2850-57581","2","2",0.315412186379928,"2640-97358_2850-57581"
"CHR-109","CHR-115","2640-97358","2850-57745","2","2",0.290322580645161,"2640-97358_2850-57745"
"CHR-109","CHR-78","2640-97358","2850-57744","2","2",0.318996415770609,"2640-97358_2850-57744"
"CHR-109","CHR-77","2640-97358","unb-CHR-77","2","2",0.290322580645161,"2640-97358_unb-CHR-77"
"CHR-109","CHR-93","2640-97358","2640-97588","2","2",0.283154121863799,"2640-97358_2640-97588"
"CHR-109","CHR-119","2640-97358","2850-57806","2","2",0.311827956989247,"2640-97358_2850-57806"
"CHR-109","CHR-12","2640-97358","unb-CHR-76and12","2","2",0.290322580645161,"2640-97358_unb-CHR-76and12"
"CHR-109","CHR-6","2640-97358","2850-57582","2","2",0.318996415770609,"2640-97358_2850-57582"
"CHR-109","CHR-52","2640-97358","2850-57742","2","2",0.301075268817204,"2640-97358_2850-57742"
"CHR-109","CHR-112","2640-97358","2850-57647","2","2",0.318996415770609,"2640-97358_2850-57647"
"CHR-109","CHR-99","2640-97358","2850-57578","2","2",0.318996415770609,"2640-97358_2850-57578"
"CHR-109","CHR-101","2640-97358","2850-57733","2","2",0.304659498207885,"2640-97358_2850-57733"
"CHR-109","CHR-150","2640-97358","2850-57577","2","2",0.318996415770609,"2640-97358_2850-57577"
"CHR-109","CHR-32","2640-97358","2850-57731","2","3",0.318996415770609,"2640-97358_2850-57731"
"CHR-109","CHR-149","2640-97358","2850-57669","2","3",0.301075268817204,"2640-97358_2850-57669"
"CHR-102","CHR-29","2811-38984","2850-57808","2","1",0.287096774193548,"2811-38984_2850-57808"
"CHR-102","CHR-32","2811-38984","2850-57731","2","1",0.296774193548387,"2811-38984_2850-57731"
"CHR-102","CHR-102","2811-38984","2640-97589","2","1",0.319354838709677,"2811-38984_2640-97589"
"CHR-102","CHR-96","2811-38984","2850-57806","2","1",0.303225806451613,"2811-38984_2850-57806"
"CHR-102","CHR-58","2811-38984","2850-57579","2","1",0.319354838709677,"2811-38984_2850-57579"
"CHR-102","CHR-97","2811-38984","2850-57589","2","1",0.319354838709677,"2811-38984_2850-57589"
"CHR-102","CHR-7","2811-38984","unb-CHR-7and9","2","1",0.319354838709677,"2811-38984_unb-CHR-7and9"
"CHR-102","CHR-4","2811-38984","2811-83208","2","1",0.319354838709677,"2811-38984_2811-83208"
"CHR-102","CHR-33","2811-38984","2850-57669","2","1",0.296774193548387,"2811-38984_2850-57669"
"CHR-102","CHR-86","2811-38984","2850-57653","2","1",0.287096774193548,"2811-38984_2850-57653"
"CHR-102","CHR-133","2811-38984","2850-57570","2","1",0.3,"2811-38984_2850-57570"
"CHR-102","CHR-39","2811-38984","2850-57620","2","1",0.319354838709677,"2811-38984_2850-57620"
"CHR-102","CHR-25","2811-38984","2850-57881","2","1",0.319354838709677,"2811-38984_2850-57881"
"CHR-102","CHR-66","2811-38984","2850-57581","2","1",0.303225806451613,"2811-38984_2850-57581"
"CHR-102","CHR-80","2811-38984","2850-57580","2","1",0.319354838709677,"2811-38984_2850-57580"
"CHR-102","CHR-82","2811-38984","2850-57745","2","1",0.303225806451613,"2811-38984_2850-57745"
"CHR-102","CHR-78","2811-38984","2850-57744","2","1",0.319354838709677,"2811-38984_2850-57744"
"CHR-102","CHR-73","2811-38984","2850-57671","2","1",0.319354838709677,"2811-38984_2850-57671"
"CHR-102","CHR-77","2811-38984","unb-CHR-77","2","1",0.290322580645161,"2811-38984_unb-CHR-77"
"CHR-102","CHR-93","2811-38984","2640-97588","2","1",0.293548387096774,"2811-38984_2640-97588"
"CHR-102","CHR-37","2811-38984","2850-57806","2","1",0.3,"2811-38984_2850-57806"
"CHR-102","CHR-43","2811-38984","2850-57567","2","1",0.319354838709677,"2811-38984_2850-57567"
"CHR-102","CHR-76","2811-38984","unb-CHR-76and12","2","1",0.290322580645161,"2811-38984_unb-CHR-76and12"
"CHR-102","CHR-74","2811-38984","2850-57582","2","1",0.319354838709677,"2811-38984_2850-57582"
"CHR-102","CHR-110","2811-38984","2850-57742","2","1",0.290322580645161,"2811-38984_2850-57742"
"CHR-102","CHR-112","2811-38984","2850-57647","2","1",0.319354838709677,"2811-38984_2850-57647"
"CHR-102","CHR-99","2811-38984","2850-57578","2","1",0.319354838709677,"2811-38984_2850-57578"
"CHR-102","CHR-11","2811-38984","2850-57733","2","1",0.316129032258064,"2811-38984_2850-57733"
"CHR-102","CHR-148","2811-38984","2850-57582","2","1",0.319354838709677,"2811-38984_2850-57582"
"CHR-102","CHR-128","2811-38984","2850-57577","2","1",0.319354838709677,"2811-38984_2850-57577"
"CHR-102","CHR-145","2811-38984","unb-CHR-145","2","1",0.312903225806452,"2811-38984_unb-CHR-145"
"CHR-102","CHR-27","2811-38984","2850-57808","2","2",0.287096774193548,"2811-38984_2850-57808"
"CHR-102","CHR-109","2811-38984","2850-57731","2","2",0.296774193548387,"2811-38984_2850-57731"
"CHR-102","CHR-102","2811-38984","2640-97589","2","2",0.319354838709677,"2811-38984_2640-97589"
"CHR-102","CHR-96","2811-38984","2850-57806","2","2",0.303225806451613,"2811-38984_2850-57806"
"CHR-102","CHR-139","2811-38984","2850-57579","2","2",0.319354838709677,"2811-38984_2850-57579"
"CHR-102","CHR-19","2811-38984","2850-57589","2","2",0.319354838709677,"2811-38984_2850-57589"
"CHR-102","CHR-9","2811-38984","unb-CHR-7and9","2","2",0.319354838709677,"2811-38984_unb-CHR-7and9"
"CHR-102","CHR-4","2811-38984","2811-83208","2","2",0.319354838709677,"2811-38984_2811-83208"
"CHR-102","CHR-33","2811-38984","2850-57669","2","2",0.296774193548387,"2811-38984_2850-57669"
"CHR-102","CHR-45","2811-38984","2850-57653","2","2",0.287096774193548,"2811-38984_2850-57653"
"CHR-102","CHR-151","2811-38984","2850-57570","2","2",0.3,"2811-38984_2850-57570"
"CHR-102","CHR-39","2811-38984","2850-57620","2","2",0.319354838709677,"2811-38984_2850-57620"
"CHR-102","CHR-95","2811-38984","2850-57881","2","2",0.319354838709677,"2811-38984_2850-57881"
"CHR-102","CHR-16","2811-38984","2850-57581","2","2",0.303225806451613,"2811-38984_2850-57581"
"CHR-102","CHR-115","2811-38984","2850-57745","2","2",0.303225806451613,"2811-38984_2850-57745"
"CHR-102","CHR-78","2811-38984","2850-57744","2","2",0.319354838709677,"2811-38984_2850-57744"
"CHR-102","CHR-77","2811-38984","unb-CHR-77","2","2",0.290322580645161,"2811-38984_unb-CHR-77"
"CHR-102","CHR-93","2811-38984","2640-97588","2","2",0.293548387096774,"2811-38984_2640-97588"
"CHR-102","CHR-119","2811-38984","2850-57806","2","2",0.3,"2811-38984_2850-57806"
"CHR-102","CHR-12","2811-38984","unb-CHR-76and12","2","2",0.290322580645161,"2811-38984_unb-CHR-76and12"
"CHR-102","CHR-6","2811-38984","2850-57582","2","2",0.319354838709677,"2811-38984_2850-57582"
"CHR-102","CHR-52","2811-38984","2850-57742","2","2",0.290322580645161,"2811-38984_2850-57742"
"CHR-102","CHR-112","2811-38984","2850-57647","2","2",0.319354838709677,"2811-38984_2850-57647"
"CHR-102","CHR-99","2811-38984","2850-57578","2","2",0.319354838709677,"2811-38984_2850-57578"
"CHR-102","CHR-101","2811-38984","2850-57733","2","2",0.316129032258064,"2811-38984_2850-57733"
"CHR-102","CHR-150","2811-38984","2850-57577","2","2",0.319354838709677,"2811-38984_2850-57577"
"CHR-102","CHR-32","2811-38984","2850-57731","2","3",0.296774193548387,"2811-38984_2850-57731"
"CHR-102","CHR-149","2811-38984","2850-57669","2","3",0.296774193548387,"2811-38984_2850-57669"
"CHR-96","CHR-29","2850-57568","2850-57808","2","1",0.174193548387097,"2850-57568_2850-57808"
"CHR-96","CHR-32","2850-57568","2850-57731","2","1",0.187096774193548,"2850-57568_2850-57731"
"CHR-96","CHR-102","2850-57568","2640-97589","2","1",0.174193548387097,"2850-57568_2640-97589"
"CHR-96","CHR-96","2850-57568","2850-57806","2","1",0.190322580645161,"2850-57568_2850-57806"
"CHR-96","CHR-58","2850-57568","2850-57579","2","1",0.190322580645161,"2850-57568_2850-57579"
"CHR-96","CHR-97","2850-57568","2850-57589","2","1",0.187096774193548,"2850-57568_2850-57589"
"CHR-96","CHR-7","2850-57568","unb-CHR-7and9","2","1",0.190322580645161,"2850-57568_unb-CHR-7and9"
"CHR-96","CHR-4","2850-57568","2811-83208","2","1",0.183870967741935,"2850-57568_2811-83208"
"CHR-96","CHR-33","2850-57568","2850-57669","2","1",0.180645161290323,"2850-57568_2850-57669"
"CHR-96","CHR-86","2850-57568","2850-57653","2","1",0.17741935483871,"2850-57568_2850-57653"
"CHR-96","CHR-133","2850-57568","2850-57570","2","1",0.190322580645161,"2850-57568_2850-57570"
"CHR-96","CHR-39","2850-57568","2850-57620","2","1",0.183870967741935,"2850-57568_2850-57620"
"CHR-96","CHR-25","2850-57568","2850-57881","2","1",0.183870967741935,"2850-57568_2850-57881"
"CHR-96","CHR-66","2850-57568","2850-57581","2","1",0.158064516129032,"2850-57568_2850-57581"
"CHR-96","CHR-80","2850-57568","2850-57580","2","1",0.190322580645161,"2850-57568_2850-57580"
"CHR-96","CHR-82","2850-57568","2850-57745","2","1",0.190322580645161,"2850-57568_2850-57745"
"CHR-96","CHR-78","2850-57568","2850-57744","2","1",0.190322580645161,"2850-57568_2850-57744"
"CHR-96","CHR-73","2850-57568","2850-57671","2","1",0.190322580645161,"2850-57568_2850-57671"
"CHR-96","CHR-77","2850-57568","unb-CHR-77","2","1",0.180645161290323,"2850-57568_unb-CHR-77"
"CHR-96","CHR-93","2850-57568","2640-97588","2","1",0.183870967741935,"2850-57568_2640-97588"
"CHR-96","CHR-37","2850-57568","2850-57806","2","1",0.161290322580645,"2850-57568_2850-57806"
"CHR-96","CHR-43","2850-57568","2850-57567","2","1",0.190322580645161,"2850-57568_2850-57567"
"CHR-96","CHR-76","2850-57568","unb-CHR-76and12","2","1",0.180645161290323,"2850-57568_unb-CHR-76and12"
"CHR-96","CHR-74","2850-57568","2850-57582","2","1",0.190322580645161,"2850-57568_2850-57582"
"CHR-96","CHR-110","2850-57568","2850-57742","2","1",0.167741935483871,"2850-57568_2850-57742"
"CHR-96","CHR-112","2850-57568","2850-57647","2","1",0.190322580645161,"2850-57568_2850-57647"
"CHR-96","CHR-99","2850-57568","2850-57578","2","1",0.190322580645161,"2850-57568_2850-57578"
"CHR-96","CHR-11","2850-57568","2850-57733","2","1",0.190322580645161,"2850-57568_2850-57733"
"CHR-96","CHR-148","2850-57568","2850-57582","2","1",0.190322580645161,"2850-57568_2850-57582"
"CHR-96","CHR-128","2850-57568","2850-57577","2","1",0.190322580645161,"2850-57568_2850-57577"
"CHR-96","CHR-145","2850-57568","unb-CHR-145","2","1",0.190322580645161,"2850-57568_unb-CHR-145"
"CHR-96","CHR-27","2850-57568","2850-57808","2","2",0.174193548387097,"2850-57568_2850-57808"
"CHR-96","CHR-109","2850-57568","2850-57731","2","2",0.187096774193548,"2850-57568_2850-57731"
"CHR-96","CHR-102","2850-57568","2640-97589","2","2",0.174193548387097,"2850-57568_2640-97589"
"CHR-96","CHR-96","2850-57568","2850-57806","2","2",0.190322580645161,"2850-57568_2850-57806"
"CHR-96","CHR-139","2850-57568","2850-57579","2","2",0.190322580645161,"2850-57568_2850-57579"
"CHR-96","CHR-19","2850-57568","2850-57589","2","2",0.187096774193548,"2850-57568_2850-57589"
"CHR-96","CHR-9","2850-57568","unb-CHR-7and9","2","2",0.190322580645161,"2850-57568_unb-CHR-7and9"
"CHR-96","CHR-4","2850-57568","2811-83208","2","2",0.183870967741935,"2850-57568_2811-83208"
"CHR-96","CHR-33","2850-57568","2850-57669","2","2",0.180645161290323,"2850-57568_2850-57669"
"CHR-96","CHR-45","2850-57568","2850-57653","2","2",0.17741935483871,"2850-57568_2850-57653"
"CHR-96","CHR-151","2850-57568","2850-57570","2","2",0.190322580645161,"2850-57568_2850-57570"
"CHR-96","CHR-39","2850-57568","2850-57620","2","2",0.183870967741935,"2850-57568_2850-57620"
"CHR-96","CHR-95","2850-57568","2850-57881","2","2",0.183870967741935,"2850-57568_2850-57881"
"CHR-96","CHR-16","2850-57568","2850-57581","2","2",0.158064516129032,"2850-57568_2850-57581"
"CHR-96","CHR-115","2850-57568","2850-57745","2","2",0.190322580645161,"2850-57568_2850-57745"
"CHR-96","CHR-78","2850-57568","2850-57744","2","2",0.190322580645161,"2850-57568_2850-57744"
"CHR-96","CHR-77","2850-57568","unb-CHR-77","2","2",0.180645161290323,"2850-57568_unb-CHR-77"
"CHR-96","CHR-93","2850-57568","2640-97588","2","2",0.183870967741935,"2850-57568_2640-97588"
"CHR-96","CHR-119","2850-57568","2850-57806","2","2",0.161290322580645,"2850-57568_2850-57806"
"CHR-96","CHR-12","2850-57568","unb-CHR-76and12","2","2",0.180645161290323,"2850-57568_unb-CHR-76and12"
"CHR-96","CHR-6","2850-57568","2850-57582","2","2",0.190322580645161,"2850-57568_2850-57582"
"CHR-96","CHR-52","2850-57568","2850-57742","2","2",0.167741935483871,"2850-57568_2850-57742"
"CHR-96","CHR-112","2850-57568","2850-57647","2","2",0.190322580645161,"2850-57568_2850-57647"
"CHR-96","CHR-99","2850-57568","2850-57578","2","2",0.190322580645161,"2850-57568_2850-57578"
"CHR-96","CHR-101","2850-57568","2850-57733","2","2",0.190322580645161,"2850-57568_2850-57733"
"CHR-96","CHR-150","2850-57568","2850-57577","2","2",0.190322580645161,"2850-57568_2850-57577"
"CHR-96","CHR-32","2850-57568","2850-57731","2","3",0.187096774193548,"2850-57568_2850-57731"
"CHR-96","CHR-149","2850-57568","2850-57669","2","3",0.180645161290323,"2850-57568_2850-57669"
"CHR-139","CHR-29","2850-57571","2850-57808","2","1",0.046594982078853,"2850-57571_2850-57808"
"CHR-139","CHR-32","2850-57571","2850-57731","2","1",0.046594982078853,"2850-57571_2850-57731"
"CHR-139","CHR-102","2850-57571","2640-97589","2","1",0.046594982078853,"2850-57571_2640-97589"
"CHR-139","CHR-96","2850-57571","2850-57806","2","1",0.046594982078853,"2850-57571_2850-57806"
"CHR-139","CHR-58","2850-57571","2850-57579","2","1",0.046594982078853,"2850-57571_2850-57579"
"CHR-139","CHR-97","2850-57571","2850-57589","2","1",0.046594982078853,"2850-57571_2850-57589"
"CHR-139","CHR-7","2850-57571","unb-CHR-7and9","2","1",0.028673835125448,"2850-57571_unb-CHR-7and9"
"CHR-139","CHR-4","2850-57571","2811-83208","2","1",0.046594982078853,"2850-57571_2811-83208"
"CHR-139","CHR-33","2850-57571","2850-57669","2","1",0.046594982078853,"2850-57571_2850-57669"
"CHR-139","CHR-86","2850-57571","2850-57653","2","1",0.046594982078853,"2850-57571_2850-57653"
"CHR-139","CHR-133","2850-57571","2850-57570","2","1",0.043010752688172,"2850-57571_2850-57570"
"CHR-139","CHR-39","2850-57571","2850-57620","2","1",0.046594982078853,"2850-57571_2850-57620"
"CHR-139","CHR-25","2850-57571","2850-57881","2","1",0.046594982078853,"2850-57571_2850-57881"
"CHR-139","CHR-66","2850-57571","2850-57581","2","1",0.046594982078853,"2850-57571_2850-57581"
"CHR-139","CHR-80","2850-57571","2850-57580","2","1",0.046594982078853,"2850-57571_2850-57580"
"CHR-139","CHR-82","2850-57571","2850-57745","2","1",0.046594982078853,"2850-57571_2850-57745"
"CHR-139","CHR-78","2850-57571","2850-57744","2","1",0.043010752688172,"2850-57571_2850-57744"
"CHR-139","CHR-73","2850-57571","2850-57671","2","1",0.046594982078853,"2850-57571_2850-57671"
"CHR-139","CHR-77","2850-57571","unb-CHR-77","2","1",0.046594982078853,"2850-57571_unb-CHR-77"
"CHR-139","CHR-93","2850-57571","2640-97588","2","1",0.046594982078853,"2850-57571_2640-97588"
"CHR-139","CHR-37","2850-57571","2850-57806","2","1",0.046594982078853,"2850-57571_2850-57806"
"CHR-139","CHR-43","2850-57571","2850-57567","2","1",0.046594982078853,"2850-57571_2850-57567"
"CHR-139","CHR-76","2850-57571","unb-CHR-76and12","2","1",0.046594982078853,"2850-57571_unb-CHR-76and12"
"CHR-139","CHR-74","2850-57571","2850-57582","2","1",0.046594982078853,"2850-57571_2850-57582"
"CHR-139","CHR-110","2850-57571","2850-57742","2","1",0.046594982078853,"2850-57571_2850-57742"
"CHR-139","CHR-112","2850-57571","2850-57647","2","1",0.046594982078853,"2850-57571_2850-57647"
"CHR-139","CHR-99","2850-57571","2850-57578","2","1",0.046594982078853,"2850-57571_2850-57578"
"CHR-139","CHR-11","2850-57571","2850-57733","2","1",0.03584229390681,"2850-57571_2850-57733"
"CHR-139","CHR-148","2850-57571","2850-57582","2","1",0.046594982078853,"2850-57571_2850-57582"
"CHR-139","CHR-128","2850-57571","2850-57577","2","1",0.039426523297491,"2850-57571_2850-57577"
"CHR-139","CHR-145","2850-57571","unb-CHR-145","2","1",0.043010752688172,"2850-57571_unb-CHR-145"
"CHR-139","CHR-27","2850-57571","2850-57808","2","2",0.046594982078853,"2850-57571_2850-57808"
"CHR-139","CHR-109","2850-57571","2850-57731","2","2",0.046594982078853,"2850-57571_2850-57731"
"CHR-139","CHR-102","2850-57571","2640-97589","2","2",0.046594982078853,"2850-57571_2640-97589"
"CHR-139","CHR-96","2850-57571","2850-57806","2","2",0.046594982078853,"2850-57571_2850-57806"
"CHR-139","CHR-139","2850-57571","2850-57579","2","2",0.046594982078853,"2850-57571_2850-57579"
"CHR-139","CHR-19","2850-57571","2850-57589","2","2",0.046594982078853,"2850-57571_2850-57589"
"CHR-139","CHR-9","2850-57571","unb-CHR-7and9","2","2",0.028673835125448,"2850-57571_unb-CHR-7and9"
"CHR-139","CHR-4","2850-57571","2811-83208","2","2",0.046594982078853,"2850-57571_2811-83208"
"CHR-139","CHR-33","2850-57571","2850-57669","2","2",0.046594982078853,"2850-57571_2850-57669"
"CHR-139","CHR-45","2850-57571","2850-57653","2","2",0.046594982078853,"2850-57571_2850-57653"
"CHR-139","CHR-151","2850-57571","2850-57570","2","2",0.043010752688172,"2850-57571_2850-57570"
"CHR-139","CHR-39","2850-57571","2850-57620","2","2",0.046594982078853,"2850-57571_2850-57620"
"CHR-139","CHR-95","2850-57571","2850-57881","2","2",0.046594982078853,"2850-57571_2850-57881"
"CHR-139","CHR-16","2850-57571","2850-57581","2","2",0.046594982078853,"2850-57571_2850-57581"
"CHR-139","CHR-115","2850-57571","2850-57745","2","2",0.046594982078853,"2850-57571_2850-57745"
"CHR-139","CHR-78","2850-57571","2850-57744","2","2",0.043010752688172,"2850-57571_2850-57744"
"CHR-139","CHR-77","2850-57571","unb-CHR-77","2","2",0.046594982078853,"2850-57571_unb-CHR-77"
"CHR-139","CHR-93","2850-57571","2640-97588","2","2",0.046594982078853,"2850-57571_2640-97588"
"CHR-139","CHR-119","2850-57571","2850-57806","2","2",0.046594982078853,"2850-57571_2850-57806"
"CHR-139","CHR-12","2850-57571","unb-CHR-76and12","2","2",0.046594982078853,"2850-57571_unb-CHR-76and12"
"CHR-139","CHR-6","2850-57571","2850-57582","2","2",0.046594982078853,"2850-57571_2850-57582"
"CHR-139","CHR-52","2850-57571","2850-57742","2","2",0.046594982078853,"2850-57571_2850-57742"
"CHR-139","CHR-112","2850-57571","2850-57647","2","2",0.046594982078853,"2850-57571_2850-57647"
"CHR-139","CHR-99","2850-57571","2850-57578","2","2",0.046594982078853,"2850-57571_2850-57578"
"CHR-139","CHR-101","2850-57571","2850-57733","2","2",0.03584229390681,"2850-57571_2850-57733"
"CHR-139","CHR-150","2850-57571","2850-57577","2","2",0.039426523297491,"2850-57571_2850-57577"
"CHR-139","CHR-32","2850-57571","2850-57731","2","3",0.046594982078853,"2850-57571_2850-57731"
"CHR-139","CHR-149","2850-57571","2850-57669","2","3",0.046594982078853,"2850-57571_2850-57669"
"CHR-19","CHR-29","2850-57583","2850-57808","2","1",0.175627240143369,"2850-57583_2850-57808"
"CHR-19","CHR-32","2850-57583","2850-57731","2","1",0.175627240143369,"2850-57583_2850-57731"
"CHR-19","CHR-102","2850-57583","2640-97589","2","1",0.175627240143369,"2850-57583_2640-97589"
"CHR-19","CHR-96","2850-57583","2850-57806","2","1",0.172043010752688,"2850-57583_2850-57806"
"CHR-19","CHR-58","2850-57583","2850-57579","2","1",0.175627240143369,"2850-57583_2850-57579"
"CHR-19","CHR-97","2850-57583","2850-57589","2","1",0.175627240143369,"2850-57583_2850-57589"
"CHR-19","CHR-7","2850-57583","unb-CHR-7and9","2","1",0.175627240143369,"2850-57583_unb-CHR-7and9"
"CHR-19","CHR-4","2850-57583","2811-83208","2","1",0.14336917562724,"2850-57583_2811-83208"
"CHR-19","CHR-33","2850-57583","2850-57669","2","1",0.154121863799283,"2850-57583_2850-57669"
"CHR-19","CHR-86","2850-57583","2850-57653","2","1",0.175627240143369,"2850-57583_2850-57653"
"CHR-19","CHR-133","2850-57583","2850-57570","2","1",0.175627240143369,"2850-57583_2850-57570"
"CHR-19","CHR-39","2850-57583","2850-57620","2","1",0.14336917562724,"2850-57583_2850-57620"
"CHR-19","CHR-25","2850-57583","2850-57881","2","1",0.14336917562724,"2850-57583_2850-57881"
"CHR-19","CHR-66","2850-57583","2850-57581","2","1",0.175627240143369,"2850-57583_2850-57581"
"CHR-19","CHR-80","2850-57583","2850-57580","2","1",0.175627240143369,"2850-57583_2850-57580"
"CHR-19","CHR-82","2850-57583","2850-57745","2","1",0.175627240143369,"2850-57583_2850-57745"
"CHR-19","CHR-78","2850-57583","2850-57744","2","1",0.175627240143369,"2850-57583_2850-57744"
"CHR-19","CHR-73","2850-57583","2850-57671","2","1",0.175627240143369,"2850-57583_2850-57671"
"CHR-19","CHR-77","2850-57583","unb-CHR-77","2","1",0.175627240143369,"2850-57583_unb-CHR-77"
"CHR-19","CHR-93","2850-57583","2640-97588","2","1",0.175627240143369,"2850-57583_2640-97588"
"CHR-19","CHR-37","2850-57583","2850-57806","2","1",0.175627240143369,"2850-57583_2850-57806"
"CHR-19","CHR-43","2850-57583","2850-57567","2","1",0.175627240143369,"2850-57583_2850-57567"
"CHR-19","CHR-76","2850-57583","unb-CHR-76and12","2","1",0.175627240143369,"2850-57583_unb-CHR-76and12"
"CHR-19","CHR-74","2850-57583","2850-57582","2","1",0.14336917562724,"2850-57583_2850-57582"
"CHR-19","CHR-110","2850-57583","2850-57742","2","1",0.175627240143369,"2850-57583_2850-57742"
"CHR-19","CHR-112","2850-57583","2850-57647","2","1",0.172043010752688,"2850-57583_2850-57647"
"CHR-19","CHR-99","2850-57583","2850-57578","2","1",0.161290322580645,"2850-57583_2850-57578"
"CHR-19","CHR-11","2850-57583","2850-57733","2","1",0.175627240143369,"2850-57583_2850-57733"
"CHR-19","CHR-148","2850-57583","2850-57582","2","1",0.175627240143369,"2850-57583_2850-57582"
"CHR-19","CHR-128","2850-57583","2850-57577","2","1",0.172043010752688,"2850-57583_2850-57577"
"CHR-19","CHR-145","2850-57583","unb-CHR-145","2","1",0.175627240143369,"2850-57583_unb-CHR-145"
"CHR-19","CHR-27","2850-57583","2850-57808","2","2",0.175627240143369,"2850-57583_2850-57808"
"CHR-19","CHR-109","2850-57583","2850-57731","2","2",0.175627240143369,"2850-57583_2850-57731"
"CHR-19","CHR-102","2850-57583","2640-97589","2","2",0.175627240143369,"2850-57583_2640-97589"
"CHR-19","CHR-96","2850-57583","2850-57806","2","2",0.172043010752688,"2850-57583_2850-57806"
"CHR-19","CHR-139","2850-57583","2850-57579","2","2",0.175627240143369,"2850-57583_2850-57579"
"CHR-19","CHR-19","2850-57583","2850-57589","2","2",0.175627240143369,"2850-57583_2850-57589"
"CHR-19","CHR-9","2850-57583","unb-CHR-7and9","2","2",0.175627240143369,"2850-57583_unb-CHR-7and9"
"CHR-19","CHR-4","2850-57583","2811-83208","2","2",0.14336917562724,"2850-57583_2811-83208"
"CHR-19","CHR-33","2850-57583","2850-57669","2","2",0.154121863799283,"2850-57583_2850-57669"
"CHR-19","CHR-45","2850-57583","2850-57653","2","2",0.175627240143369,"2850-57583_2850-57653"
"CHR-19","CHR-151","2850-57583","2850-57570","2","2",0.175627240143369,"2850-57583_2850-57570"
"CHR-19","CHR-39","2850-57583","2850-57620","2","2",0.14336917562724,"2850-57583_2850-57620"
"CHR-19","CHR-95","2850-57583","2850-57881","2","2",0.14336917562724,"2850-57583_2850-57881"
"CHR-19","CHR-16","2850-57583","2850-57581","2","2",0.175627240143369,"2850-57583_2850-57581"
"CHR-19","CHR-115","2850-57583","2850-57745","2","2",0.175627240143369,"2850-57583_2850-57745"
"CHR-19","CHR-78","2850-57583","2850-57744","2","2",0.175627240143369,"2850-57583_2850-57744"
"CHR-19","CHR-77","2850-57583","unb-CHR-77","2","2",0.175627240143369,"2850-57583_unb-CHR-77"
"CHR-19","CHR-93","2850-57583","2640-97588","2","2",0.175627240143369,"2850-57583_2640-97588"
"CHR-19","CHR-119","2850-57583","2850-57806","2","2",0.175627240143369,"2850-57583_2850-57806"
"CHR-19","CHR-12","2850-57583","unb-CHR-76and12","2","2",0.175627240143369,"2850-57583_unb-CHR-76and12"
"CHR-19","CHR-6","2850-57583","2850-57582","2","2",0.14336917562724,"2850-57583_2850-57582"
"CHR-19","CHR-52","2850-57583","2850-57742","2","2",0.175627240143369,"2850-57583_2850-57742"
"CHR-19","CHR-112","2850-57583","2850-57647","2","2",0.172043010752688,"2850-57583_2850-57647"
"CHR-19","CHR-99","2850-57583","2850-57578","2","2",0.161290322580645,"2850-57583_2850-57578"
"CHR-19","CHR-101","2850-57583","2850-57733","2","2",0.175627240143369,"2850-57583_2850-57733"
"CHR-19","CHR-150","2850-57583","2850-57577","2","2",0.172043010752688,"2850-57583_2850-57577"
"CHR-19","CHR-32","2850-57583","2850-57731","2","3",0.175627240143369,"2850-57583_2850-57731"
"CHR-19","CHR-149","2850-57583","2850-57669","2","3",0.154121863799283,"2850-57583_2850-57669"
"CHR-9","CHR-29","2850-57584","2850-57808","2","1",0.103942652329749,"2850-57584_2850-57808"
"CHR-9","CHR-32","2850-57584","2850-57731","2","1",0.0967741935483871,"2850-57584_2850-57731"
"CHR-9","CHR-102","2850-57584","2640-97589","2","1",0.103942652329749,"2850-57584_2640-97589"
"CHR-9","CHR-96","2850-57584","2850-57806","2","1",0.103942652329749,"2850-57584_2850-57806"
"CHR-9","CHR-58","2850-57584","2850-57579","2","1",0.0860215053763441,"2850-57584_2850-57579"
"CHR-9","CHR-97","2850-57584","2850-57589","2","1",0.103942652329749,"2850-57584_2850-57589"
"CHR-9","CHR-7","2850-57584","unb-CHR-7and9","2","1",0.103942652329749,"2850-57584_unb-CHR-7and9"
"CHR-9","CHR-4","2850-57584","2811-83208","2","1",0.103942652329749,"2850-57584_2811-83208"
"CHR-9","CHR-33","2850-57584","2850-57669","2","1",0.103942652329749,"2850-57584_2850-57669"
"CHR-9","CHR-86","2850-57584","2850-57653","2","1",0.103942652329749,"2850-57584_2850-57653"
"CHR-9","CHR-133","2850-57584","2850-57570","2","1",0.0931899641577061,"2850-57584_2850-57570"
"CHR-9","CHR-39","2850-57584","2850-57620","2","1",0.103942652329749,"2850-57584_2850-57620"
"CHR-9","CHR-25","2850-57584","2850-57881","2","1",0.103942652329749,"2850-57584_2850-57881"
"CHR-9","CHR-66","2850-57584","2850-57581","2","1",0.103942652329749,"2850-57584_2850-57581"
"CHR-9","CHR-80","2850-57584","2850-57580","2","1",0.103942652329749,"2850-57584_2850-57580"
"CHR-9","CHR-82","2850-57584","2850-57745","2","1",0.0931899641577061,"2850-57584_2850-57745"
"CHR-9","CHR-78","2850-57584","2850-57744","2","1",0.103942652329749,"2850-57584_2850-57744"
"CHR-9","CHR-73","2850-57584","2850-57671","2","1",0.103942652329749,"2850-57584_2850-57671"
"CHR-9","CHR-77","2850-57584","unb-CHR-77","2","1",0.103942652329749,"2850-57584_unb-CHR-77"
"CHR-9","CHR-93","2850-57584","2640-97588","2","1",0.0967741935483871,"2850-57584_2640-97588"
"CHR-9","CHR-37","2850-57584","2850-57806","2","1",0.103942652329749,"2850-57584_2850-57806"
"CHR-9","CHR-43","2850-57584","2850-57567","2","1",0.103942652329749,"2850-57584_2850-57567"
"CHR-9","CHR-76","2850-57584","unb-CHR-76and12","2","1",0.103942652329749,"2850-57584_unb-CHR-76and12"
"CHR-9","CHR-74","2850-57584","2850-57582","2","1",0.103942652329749,"2850-57584_2850-57582"
"CHR-9","CHR-110","2850-57584","2850-57742","2","1",0.103942652329749,"2850-57584_2850-57742"
"CHR-9","CHR-112","2850-57584","2850-57647","2","1",0.103942652329749,"2850-57584_2850-57647"
"CHR-9","CHR-99","2850-57584","2850-57578","2","1",0.103942652329749,"2850-57584_2850-57578"
"CHR-9","CHR-11","2850-57584","2850-57733","2","1",0.0752688172043011,"2850-57584_2850-57733"
"CHR-9","CHR-148","2850-57584","2850-57582","2","1",0.103942652329749,"2850-57584_2850-57582"
"CHR-9","CHR-128","2850-57584","2850-57577","2","1",0.103942652329749,"2850-57584_2850-57577"
"CHR-9","CHR-145","2850-57584","unb-CHR-145","2","1",0.0824372759856631,"2850-57584_unb-CHR-145"
"CHR-9","CHR-27","2850-57584","2850-57808","2","2",0.103942652329749,"2850-57584_2850-57808"
"CHR-9","CHR-109","2850-57584","2850-57731","2","2",0.0967741935483871,"2850-57584_2850-57731"
"CHR-9","CHR-102","2850-57584","2640-97589","2","2",0.103942652329749,"2850-57584_2640-97589"
"CHR-9","CHR-96","2850-57584","2850-57806","2","2",0.103942652329749,"2850-57584_2850-57806"
"CHR-9","CHR-139","2850-57584","2850-57579","2","2",0.0860215053763441,"2850-57584_2850-57579"
"CHR-9","CHR-19","2850-57584","2850-57589","2","2",0.103942652329749,"2850-57584_2850-57589"
"CHR-9","CHR-9","2850-57584","unb-CHR-7and9","2","2",0.103942652329749,"2850-57584_unb-CHR-7and9"
"CHR-9","CHR-4","2850-57584","2811-83208","2","2",0.103942652329749,"2850-57584_2811-83208"
"CHR-9","CHR-33","2850-57584","2850-57669","2","2",0.103942652329749,"2850-57584_2850-57669"
"CHR-9","CHR-45","2850-57584","2850-57653","2","2",0.103942652329749,"2850-57584_2850-57653"
"CHR-9","CHR-151","2850-57584","2850-57570","2","2",0.0931899641577061,"2850-57584_2850-57570"
"CHR-9","CHR-39","2850-57584","2850-57620","2","2",0.103942652329749,"2850-57584_2850-57620"
"CHR-9","CHR-95","2850-57584","2850-57881","2","2",0.103942652329749,"2850-57584_2850-57881"
"CHR-9","CHR-16","2850-57584","2850-57581","2","2",0.103942652329749,"2850-57584_2850-57581"
"CHR-9","CHR-115","2850-57584","2850-57745","2","2",0.0931899641577061,"2850-57584_2850-57745"
"CHR-9","CHR-78","2850-57584","2850-57744","2","2",0.103942652329749,"2850-57584_2850-57744"
"CHR-9","CHR-77","2850-57584","unb-CHR-77","2","2",0.103942652329749,"2850-57584_unb-CHR-77"
"CHR-9","CHR-93","2850-57584","2640-97588","2","2",0.0967741935483871,"2850-57584_2640-97588"
"CHR-9","CHR-119","2850-57584","2850-57806","2","2",0.103942652329749,"2850-57584_2850-57806"
"CHR-9","CHR-12","2850-57584","unb-CHR-76and12","2","2",0.103942652329749,"2850-57584_unb-CHR-76and12"
"CHR-9","CHR-6","2850-57584","2850-57582","2","2",0.103942652329749,"2850-57584_2850-57582"
"CHR-9","CHR-52","2850-57584","2850-57742","2","2",0.103942652329749,"2850-57584_2850-57742"
"CHR-9","CHR-112","2850-57584","2850-57647","2","2",0.103942652329749,"2850-57584_2850-57647"
"CHR-9","CHR-99","2850-57584","2850-57578","2","2",0.103942652329749,"2850-57584_2850-57578"
"CHR-9","CHR-101","2850-57584","2850-57733","2","2",0.0752688172043011,"2850-57584_2850-57733"
"CHR-9","CHR-150","2850-57584","2850-57577","2","2",0.103942652329749,"2850-57584_2850-57577"
"CHR-9","CHR-32","2850-57584","2850-57731","2","3",0.0967741935483871,"2850-57584_2850-57731"
"CHR-9","CHR-149","2850-57584","2850-57669","2","3",0.103942652329749,"2850-57584_2850-57669"
"CHR-4","CHR-29","2850-57585","2850-57808","2","1",0.172043010752688,"2850-57585_2850-57808"
"CHR-4","CHR-32","2850-57585","2850-57731","2","1",0.172043010752688,"2850-57585_2850-57731"
"CHR-4","CHR-102","2850-57585","2640-97589","2","1",0.172043010752688,"2850-57585_2640-97589"
"CHR-4","CHR-96","2850-57585","2850-57806","2","1",0.164874551971326,"2850-57585_2850-57806"
"CHR-4","CHR-58","2850-57585","2850-57579","2","1",0.172043010752688,"2850-57585_2850-57579"
"CHR-4","CHR-97","2850-57585","2850-57589","2","1",0.139784946236559,"2850-57585_2850-57589"
"CHR-4","CHR-7","2850-57585","unb-CHR-7and9","2","1",0.172043010752688,"2850-57585_unb-CHR-7and9"
"CHR-4","CHR-4","2850-57585","2811-83208","2","1",0.172043010752688,"2850-57585_2811-83208"
"CHR-4","CHR-33","2850-57585","2850-57669","2","1",0.154121863799283,"2850-57585_2850-57669"
"CHR-4","CHR-86","2850-57585","2850-57653","2","1",0.172043010752688,"2850-57585_2850-57653"
"CHR-4","CHR-133","2850-57585","2850-57570","2","1",0.172043010752688,"2850-57585_2850-57570"
"CHR-4","CHR-39","2850-57585","2850-57620","2","1",0.136200716845878,"2850-57585_2850-57620"
"CHR-4","CHR-25","2850-57585","2850-57881","2","1",0.136200716845878,"2850-57585_2850-57881"
"CHR-4","CHR-66","2850-57585","2850-57581","2","1",0.168458781362007,"2850-57585_2850-57581"
"CHR-4","CHR-80","2850-57585","2850-57580","2","1",0.172043010752688,"2850-57585_2850-57580"
"CHR-4","CHR-82","2850-57585","2850-57745","2","1",0.172043010752688,"2850-57585_2850-57745"
"CHR-4","CHR-78","2850-57585","2850-57744","2","1",0.172043010752688,"2850-57585_2850-57744"
"CHR-4","CHR-73","2850-57585","2850-57671","2","1",0.172043010752688,"2850-57585_2850-57671"
"CHR-4","CHR-77","2850-57585","unb-CHR-77","2","1",0.172043010752688,"2850-57585_unb-CHR-77"
"CHR-4","CHR-93","2850-57585","2640-97588","2","1",0.172043010752688,"2850-57585_2640-97588"
"CHR-4","CHR-37","2850-57585","2850-57806","2","1",0.172043010752688,"2850-57585_2850-57806"
"CHR-4","CHR-43","2850-57585","2850-57567","2","1",0.172043010752688,"2850-57585_2850-57567"
"CHR-4","CHR-76","2850-57585","unb-CHR-76and12","2","1",0.172043010752688,"2850-57585_unb-CHR-76and12"
"CHR-4","CHR-74","2850-57585","2850-57582","2","1",0.14336917562724,"2850-57585_2850-57582"
"CHR-4","CHR-110","2850-57585","2850-57742","2","1",0.172043010752688,"2850-57585_2850-57742"
"CHR-4","CHR-112","2850-57585","2850-57647","2","1",0.172043010752688,"2850-57585_2850-57647"
"CHR-4","CHR-99","2850-57585","2850-57578","2","1",0.161290322580645,"2850-57585_2850-57578"
"CHR-4","CHR-11","2850-57585","2850-57733","2","1",0.172043010752688,"2850-57585_2850-57733"
"CHR-4","CHR-148","2850-57585","2850-57582","2","1",0.172043010752688,"2850-57585_2850-57582"
"CHR-4","CHR-128","2850-57585","2850-57577","2","1",0.172043010752688,"2850-57585_2850-57577"
"CHR-4","CHR-145","2850-57585","unb-CHR-145","2","1",0.172043010752688,"2850-57585_unb-CHR-145"
"CHR-4","CHR-27","2850-57585","2850-57808","2","2",0.172043010752688,"2850-57585_2850-57808"
"CHR-4","CHR-109","2850-57585","2850-57731","2","2",0.172043010752688,"2850-57585_2850-57731"
"CHR-4","CHR-102","2850-57585","2640-97589","2","2",0.172043010752688,"2850-57585_2640-97589"
"CHR-4","CHR-96","2850-57585","2850-57806","2","2",0.164874551971326,"2850-57585_2850-57806"
"CHR-4","CHR-139","2850-57585","2850-57579","2","2",0.172043010752688,"2850-57585_2850-57579"
"CHR-4","CHR-19","2850-57585","2850-57589","2","2",0.139784946236559,"2850-57585_2850-57589"
"CHR-4","CHR-9","2850-57585","unb-CHR-7and9","2","2",0.172043010752688,"2850-57585_unb-CHR-7and9"
"CHR-4","CHR-4","2850-57585","2811-83208","2","2",0.172043010752688,"2850-57585_2811-83208"
"CHR-4","CHR-33","2850-57585","2850-57669","2","2",0.154121863799283,"2850-57585_2850-57669"
"CHR-4","CHR-45","2850-57585","2850-57653","2","2",0.172043010752688,"2850-57585_2850-57653"
"CHR-4","CHR-151","2850-57585","2850-57570","2","2",0.172043010752688,"2850-57585_2850-57570"
"CHR-4","CHR-39","2850-57585","2850-57620","2","2",0.136200716845878,"2850-57585_2850-57620"
"CHR-4","CHR-95","2850-57585","2850-57881","2","2",0.136200716845878,"2850-57585_2850-57881"
"CHR-4","CHR-16","2850-57585","2850-57581","2","2",0.168458781362007,"2850-57585_2850-57581"
"CHR-4","CHR-115","2850-57585","2850-57745","2","2",0.172043010752688,"2850-57585_2850-57745"
"CHR-4","CHR-78","2850-57585","2850-57744","2","2",0.172043010752688,"2850-57585_2850-57744"
"CHR-4","CHR-77","2850-57585","unb-CHR-77","2","2",0.172043010752688,"2850-57585_unb-CHR-77"
"CHR-4","CHR-93","2850-57585","2640-97588","2","2",0.172043010752688,"2850-57585_2640-97588"
"CHR-4","CHR-119","2850-57585","2850-57806","2","2",0.172043010752688,"2850-57585_2850-57806"
"CHR-4","CHR-12","2850-57585","unb-CHR-76and12","2","2",0.172043010752688,"2850-57585_unb-CHR-76and12"
"CHR-4","CHR-6","2850-57585","2850-57582","2","2",0.14336917562724,"2850-57585_2850-57582"
"CHR-4","CHR-52","2850-57585","2850-57742","2","2",0.172043010752688,"2850-57585_2850-57742"
"CHR-4","CHR-112","2850-57585","2850-57647","2","2",0.172043010752688,"2850-57585_2850-57647"
"CHR-4","CHR-99","2850-57585","2850-57578","2","2",0.161290322580645,"2850-57585_2850-57578"
"CHR-4","CHR-101","2850-57585","2850-57733","2","2",0.172043010752688,"2850-57585_2850-57733"
"CHR-4","CHR-150","2850-57585","2850-57577","2","2",0.172043010752688,"2850-57585_2850-57577"
"CHR-4","CHR-32","2850-57585","2850-57731","2","3",0.172043010752688,"2850-57585_2850-57731"
"CHR-4","CHR-149","2850-57585","2850-57669","2","3",0.154121863799283,"2850-57585_2850-57669"
"CHR-33","CHR-29","2850-57586","2850-57808","2","1",0.338709677419355,"2850-57586_2850-57808"
"CHR-33","CHR-32","2850-57586","2850-57731","2","1",0.349462365591398,"2850-57586_2850-57731"
"CHR-33","CHR-102","2850-57586","2640-97589","2","1",0.338709677419355,"2850-57586_2640-97589"
"CHR-33","CHR-96","2850-57586","2850-57806","2","1",0.360215053763441,"2850-57586_2850-57806"
"CHR-33","CHR-58","2850-57586","2850-57579","2","1",0.376344086021505,"2850-57586_2850-57579"
"CHR-33","CHR-97","2850-57586","2850-57589","2","1",0.376344086021505,"2850-57586_2850-57589"
"CHR-33","CHR-7","2850-57586","unb-CHR-7and9","2","1",0.376344086021505,"2850-57586_unb-CHR-7and9"
"CHR-33","CHR-4","2850-57586","2811-83208","2","1",0.376344086021505,"2850-57586_2811-83208"
"CHR-33","CHR-33","2850-57586","2850-57669","2","1",0.376344086021505,"2850-57586_2850-57669"
"CHR-33","CHR-86","2850-57586","2850-57653","2","1",0.338709677419355,"2850-57586_2850-57653"
"CHR-33","CHR-133","2850-57586","2850-57570","2","1",0.354838709677419,"2850-57586_2850-57570"
"CHR-33","CHR-39","2850-57586","2850-57620","2","1",0.376344086021505,"2850-57586_2850-57620"
"CHR-33","CHR-25","2850-57586","2850-57881","2","1",0.376344086021505,"2850-57586_2850-57881"
"CHR-33","CHR-66","2850-57586","2850-57581","2","1",0.360215053763441,"2850-57586_2850-57581"
"CHR-33","CHR-80","2850-57586","2850-57580","2","1",0.376344086021505,"2850-57586_2850-57580"
"CHR-33","CHR-82","2850-57586","2850-57745","2","1",0.360215053763441,"2850-57586_2850-57745"
"CHR-33","CHR-78","2850-57586","2850-57744","2","1",0.376344086021505,"2850-57586_2850-57744"
"CHR-33","CHR-73","2850-57586","2850-57671","2","1",0.376344086021505,"2850-57586_2850-57671"
"CHR-33","CHR-77","2850-57586","unb-CHR-77","2","1",0.338709677419355,"2850-57586_unb-CHR-77"
"CHR-33","CHR-93","2850-57586","2640-97588","2","1",0.344086021505376,"2850-57586_2640-97588"
"CHR-33","CHR-37","2850-57586","2850-57806","2","1",0.354838709677419,"2850-57586_2850-57806"
"CHR-33","CHR-43","2850-57586","2850-57567","2","1",0.376344086021505,"2850-57586_2850-57567"
"CHR-33","CHR-76","2850-57586","unb-CHR-76and12","2","1",0.338709677419355,"2850-57586_unb-CHR-76and12"
"CHR-33","CHR-74","2850-57586","2850-57582","2","1",0.376344086021505,"2850-57586_2850-57582"
"CHR-33","CHR-110","2850-57586","2850-57742","2","1",0.338709677419355,"2850-57586_2850-57742"
"CHR-33","CHR-112","2850-57586","2850-57647","2","1",0.376344086021505,"2850-57586_2850-57647"
"CHR-33","CHR-99","2850-57586","2850-57578","2","1",0.376344086021505,"2850-57586_2850-57578"
"CHR-33","CHR-11","2850-57586","2850-57733","2","1",0.376344086021505,"2850-57586_2850-57733"
"CHR-33","CHR-148","2850-57586","2850-57582","2","1",0.376344086021505,"2850-57586_2850-57582"
"CHR-33","CHR-128","2850-57586","2850-57577","2","1",0.376344086021505,"2850-57586_2850-57577"
"CHR-33","CHR-145","2850-57586","unb-CHR-145","2","1",0.376344086021505,"2850-57586_unb-CHR-145"
"CHR-33","CHR-27","2850-57586","2850-57808","2","2",0.338709677419355,"2850-57586_2850-57808"
"CHR-33","CHR-109","2850-57586","2850-57731","2","2",0.349462365591398,"2850-57586_2850-57731"
"CHR-33","CHR-102","2850-57586","2640-97589","2","2",0.338709677419355,"2850-57586_2640-97589"
"CHR-33","CHR-96","2850-57586","2850-57806","2","2",0.360215053763441,"2850-57586_2850-57806"
"CHR-33","CHR-139","2850-57586","2850-57579","2","2",0.376344086021505,"2850-57586_2850-57579"
"CHR-33","CHR-19","2850-57586","2850-57589","2","2",0.376344086021505,"2850-57586_2850-57589"
"CHR-33","CHR-9","2850-57586","unb-CHR-7and9","2","2",0.376344086021505,"2850-57586_unb-CHR-7and9"
"CHR-33","CHR-4","2850-57586","2811-83208","2","2",0.376344086021505,"2850-57586_2811-83208"
"CHR-33","CHR-33","2850-57586","2850-57669","2","2",0.376344086021505,"2850-57586_2850-57669"
"CHR-33","CHR-45","2850-57586","2850-57653","2","2",0.338709677419355,"2850-57586_2850-57653"
"CHR-33","CHR-151","2850-57586","2850-57570","2","2",0.354838709677419,"2850-57586_2850-57570"
"CHR-33","CHR-39","2850-57586","2850-57620","2","2",0.376344086021505,"2850-57586_2850-57620"
"CHR-33","CHR-95","2850-57586","2850-57881","2","2",0.376344086021505,"2850-57586_2850-57881"
"CHR-33","CHR-16","2850-57586","2850-57581","2","2",0.360215053763441,"2850-57586_2850-57581"
"CHR-33","CHR-115","2850-57586","2850-57745","2","2",0.360215053763441,"2850-57586_2850-57745"
"CHR-33","CHR-78","2850-57586","2850-57744","2","2",0.376344086021505,"2850-57586_2850-57744"
"CHR-33","CHR-77","2850-57586","unb-CHR-77","2","2",0.338709677419355,"2850-57586_unb-CHR-77"
"CHR-33","CHR-93","2850-57586","2640-97588","2","2",0.344086021505376,"2850-57586_2640-97588"
"CHR-33","CHR-119","2850-57586","2850-57806","2","2",0.354838709677419,"2850-57586_2850-57806"
"CHR-33","CHR-12","2850-57586","unb-CHR-76and12","2","2",0.338709677419355,"2850-57586_unb-CHR-76and12"
"CHR-33","CHR-6","2850-57586","2850-57582","2","2",0.376344086021505,"2850-57586_2850-57582"
"CHR-33","CHR-52","2850-57586","2850-57742","2","2",0.338709677419355,"2850-57586_2850-57742"
"CHR-33","CHR-112","2850-57586","2850-57647","2","2",0.376344086021505,"2850-57586_2850-57647"
"CHR-33","CHR-99","2850-57586","2850-57578","2","2",0.376344086021505,"2850-57586_2850-57578"
"CHR-33","CHR-101","2850-57586","2850-57733","2","2",0.376344086021505,"2850-57586_2850-57733"
"CHR-33","CHR-150","2850-57586","2850-57577","2","2",0.376344086021505,"2850-57586_2850-57577"
"CHR-33","CHR-32","2850-57586","2850-57731","2","3",0.349462365591398,"2850-57586_2850-57731"
"CHR-33","CHR-149","2850-57586","2850-57669","2","3",0.376344086021505,"2850-57586_2850-57669"
"CHR-45","CHR-29","2850-57588","2850-57808","2","1",0.3,"2850-57588_2850-57808"
"CHR-45","CHR-32","2850-57588","2850-57731","2","1",0.303225806451613,"2850-57588_2850-57731"
"CHR-45","CHR-102","2850-57588","2640-97589","2","1",0.296774193548387,"2850-57588_2640-97589"
"CHR-45","CHR-96","2850-57588","2850-57806","2","1",0.316129032258064,"2850-57588_2850-57806"
"CHR-45","CHR-58","2850-57588","2850-57579","2","1",0.329032258064516,"2850-57588_2850-57579"
"CHR-45","CHR-97","2850-57588","2850-57589","2","1",0.329032258064516,"2850-57588_2850-57589"
"CHR-45","CHR-7","2850-57588","unb-CHR-7and9","2","1",0.329032258064516,"2850-57588_unb-CHR-7and9"
"CHR-45","CHR-4","2850-57588","2811-83208","2","1",0.329032258064516,"2850-57588_2811-83208"
"CHR-45","CHR-33","2850-57588","2850-57669","2","1",0.306451612903226,"2850-57588_2850-57669"
"CHR-45","CHR-86","2850-57588","2850-57653","2","1",0.329032258064516,"2850-57588_2850-57653"
"CHR-45","CHR-133","2850-57588","2850-57570","2","1",0.306451612903226,"2850-57588_2850-57570"
"CHR-45","CHR-39","2850-57588","2850-57620","2","1",0.329032258064516,"2850-57588_2850-57620"
"CHR-45","CHR-25","2850-57588","2850-57881","2","1",0.329032258064516,"2850-57588_2850-57881"
"CHR-45","CHR-66","2850-57588","2850-57581","2","1",0.316129032258064,"2850-57588_2850-57581"
"CHR-45","CHR-80","2850-57588","2850-57580","2","1",0.329032258064516,"2850-57588_2850-57580"
"CHR-45","CHR-82","2850-57588","2850-57745","2","1",0.309677419354839,"2850-57588_2850-57745"
"CHR-45","CHR-78","2850-57588","2850-57744","2","1",0.329032258064516,"2850-57588_2850-57744"
"CHR-45","CHR-73","2850-57588","2850-57671","2","1",0.329032258064516,"2850-57588_2850-57671"
"CHR-45","CHR-77","2850-57588","unb-CHR-77","2","1",0.296774193548387,"2850-57588_unb-CHR-77"
"CHR-45","CHR-93","2850-57588","2640-97588","2","1",0.3,"2850-57588_2640-97588"
"CHR-45","CHR-37","2850-57588","2850-57806","2","1",0.312903225806452,"2850-57588_2850-57806"
"CHR-45","CHR-43","2850-57588","2850-57567","2","1",0.329032258064516,"2850-57588_2850-57567"
"CHR-45","CHR-76","2850-57588","unb-CHR-76and12","2","1",0.296774193548387,"2850-57588_unb-CHR-76and12"
"CHR-45","CHR-74","2850-57588","2850-57582","2","1",0.329032258064516,"2850-57588_2850-57582"
"CHR-45","CHR-110","2850-57588","2850-57742","2","1",0.303225806451613,"2850-57588_2850-57742"
"CHR-45","CHR-112","2850-57588","2850-57647","2","1",0.329032258064516,"2850-57588_2850-57647"
"CHR-45","CHR-99","2850-57588","2850-57578","2","1",0.329032258064516,"2850-57588_2850-57578"
"CHR-45","CHR-11","2850-57588","2850-57733","2","1",0.32258064516129,"2850-57588_2850-57733"
"CHR-45","CHR-148","2850-57588","2850-57582","2","1",0.329032258064516,"2850-57588_2850-57582"
"CHR-45","CHR-128","2850-57588","2850-57577","2","1",0.329032258064516,"2850-57588_2850-57577"
"CHR-45","CHR-145","2850-57588","unb-CHR-145","2","1",0.319354838709677,"2850-57588_unb-CHR-145"
"CHR-45","CHR-27","2850-57588","2850-57808","2","2",0.3,"2850-57588_2850-57808"
"CHR-45","CHR-109","2850-57588","2850-57731","2","2",0.303225806451613,"2850-57588_2850-57731"
"CHR-45","CHR-102","2850-57588","2640-97589","2","2",0.296774193548387,"2850-57588_2640-97589"
"CHR-45","CHR-96","2850-57588","2850-57806","2","2",0.316129032258064,"2850-57588_2850-57806"
"CHR-45","CHR-139","2850-57588","2850-57579","2","2",0.329032258064516,"2850-57588_2850-57579"
"CHR-45","CHR-19","2850-57588","2850-57589","2","2",0.329032258064516,"2850-57588_2850-57589"
"CHR-45","CHR-9","2850-57588","unb-CHR-7and9","2","2",0.329032258064516,"2850-57588_unb-CHR-7and9"
"CHR-45","CHR-4","2850-57588","2811-83208","2","2",0.329032258064516,"2850-57588_2811-83208"
"CHR-45","CHR-33","2850-57588","2850-57669","2","2",0.306451612903226,"2850-57588_2850-57669"
"CHR-45","CHR-45","2850-57588","2850-57653","2","2",0.329032258064516,"2850-57588_2850-57653"
"CHR-45","CHR-151","2850-57588","2850-57570","2","2",0.306451612903226,"2850-57588_2850-57570"
"CHR-45","CHR-39","2850-57588","2850-57620","2","2",0.329032258064516,"2850-57588_2850-57620"
"CHR-45","CHR-95","2850-57588","2850-57881","2","2",0.329032258064516,"2850-57588_2850-57881"
"CHR-45","CHR-16","2850-57588","2850-57581","2","2",0.316129032258064,"2850-57588_2850-57581"
"CHR-45","CHR-115","2850-57588","2850-57745","2","2",0.309677419354839,"2850-57588_2850-57745"
"CHR-45","CHR-78","2850-57588","2850-57744","2","2",0.329032258064516,"2850-57588_2850-57744"
"CHR-45","CHR-77","2850-57588","unb-CHR-77","2","2",0.296774193548387,"2850-57588_unb-CHR-77"
"CHR-45","CHR-93","2850-57588","2640-97588","2","2",0.3,"2850-57588_2640-97588"
"CHR-45","CHR-119","2850-57588","2850-57806","2","2",0.312903225806452,"2850-57588_2850-57806"
"CHR-45","CHR-12","2850-57588","unb-CHR-76and12","2","2",0.296774193548387,"2850-57588_unb-CHR-76and12"
"CHR-45","CHR-6","2850-57588","2850-57582","2","2",0.329032258064516,"2850-57588_2850-57582"
"CHR-45","CHR-52","2850-57588","2850-57742","2","2",0.303225806451613,"2850-57588_2850-57742"
"CHR-45","CHR-112","2850-57588","2850-57647","2","2",0.329032258064516,"2850-57588_2850-57647"
"CHR-45","CHR-99","2850-57588","2850-57578","2","2",0.329032258064516,"2850-57588_2850-57578"
"CHR-45","CHR-101","2850-57588","2850-57733","2","2",0.32258064516129,"2850-57588_2850-57733"
"CHR-45","CHR-150","2850-57588","2850-57577","2","2",0.329032258064516,"2850-57588_2850-57577"
"CHR-45","CHR-32","2850-57588","2850-57731","2","3",0.303225806451613,"2850-57588_2850-57731"
"CHR-45","CHR-149","2850-57588","2850-57669","2","3",0.306451612903226,"2850-57588_2850-57669"
"CHR-151","CHR-29","2850-57648","2850-57808","2","1",0.275985663082437,"2850-57648_2850-57808"
"CHR-151","CHR-32","2850-57648","2850-57731","2","1",0.261648745519713,"2850-57648_2850-57731"
"CHR-151","CHR-102","2850-57648","2640-97589","2","1",0.272401433691756,"2850-57648_2640-97589"
"CHR-151","CHR-96","2850-57648","2850-57806","2","1",0.293906810035842,"2850-57648_2850-57806"
"CHR-151","CHR-58","2850-57648","2850-57579","2","1",0.293906810035842,"2850-57648_2850-57579"
"CHR-151","CHR-97","2850-57648","2850-57589","2","1",0.293906810035842,"2850-57648_2850-57589"
"CHR-151","CHR-7","2850-57648","unb-CHR-7and9","2","1",0.283154121863799,"2850-57648_unb-CHR-7and9"
"CHR-151","CHR-4","2850-57648","2811-83208","2","1",0.293906810035842,"2850-57648_2811-83208"
"CHR-151","CHR-33","2850-57648","2850-57669","2","1",0.279569892473118,"2850-57648_2850-57669"
"CHR-151","CHR-86","2850-57648","2850-57653","2","1",0.268817204301075,"2850-57648_2850-57653"
"CHR-151","CHR-133","2850-57648","2850-57570","2","1",0.293906810035842,"2850-57648_2850-57570"
"CHR-151","CHR-39","2850-57648","2850-57620","2","1",0.293906810035842,"2850-57648_2850-57620"
"CHR-151","CHR-25","2850-57648","2850-57881","2","1",0.293906810035842,"2850-57648_2850-57881"
"CHR-151","CHR-66","2850-57648","2850-57581","2","1",0.293906810035842,"2850-57648_2850-57581"
"CHR-151","CHR-80","2850-57648","2850-57580","2","1",0.293906810035842,"2850-57648_2850-57580"
"CHR-151","CHR-82","2850-57648","2850-57745","2","1",0.261648745519713,"2850-57648_2850-57745"
"CHR-151","CHR-78","2850-57648","2850-57744","2","1",0.293906810035842,"2850-57648_2850-57744"
"CHR-151","CHR-73","2850-57648","2850-57671","2","1",0.293906810035842,"2850-57648_2850-57671"
"CHR-151","CHR-77","2850-57648","unb-CHR-77","2","1",0.268817204301075,"2850-57648_unb-CHR-77"
"CHR-151","CHR-93","2850-57648","2640-97588","2","1",0.261648745519713,"2850-57648_2640-97588"
"CHR-151","CHR-37","2850-57648","2850-57806","2","1",0.290322580645161,"2850-57648_2850-57806"
"CHR-151","CHR-43","2850-57648","2850-57567","2","1",0.293906810035842,"2850-57648_2850-57567"
"CHR-151","CHR-76","2850-57648","unb-CHR-76and12","2","1",0.268817204301075,"2850-57648_unb-CHR-76and12"
"CHR-151","CHR-74","2850-57648","2850-57582","2","1",0.293906810035842,"2850-57648_2850-57582"
"CHR-151","CHR-110","2850-57648","2850-57742","2","1",0.279569892473118,"2850-57648_2850-57742"
"CHR-151","CHR-112","2850-57648","2850-57647","2","1",0.293906810035842,"2850-57648_2850-57647"
"CHR-151","CHR-99","2850-57648","2850-57578","2","1",0.293906810035842,"2850-57648_2850-57578"
"CHR-151","CHR-11","2850-57648","2850-57733","2","1",0.275985663082437,"2850-57648_2850-57733"
"CHR-151","CHR-148","2850-57648","2850-57582","2","1",0.293906810035842,"2850-57648_2850-57582"
"CHR-151","CHR-128","2850-57648","2850-57577","2","1",0.293906810035842,"2850-57648_2850-57577"
"CHR-151","CHR-145","2850-57648","unb-CHR-145","2","1",0.272401433691756,"2850-57648_unb-CHR-145"
"CHR-151","CHR-27","2850-57648","2850-57808","2","2",0.275985663082437,"2850-57648_2850-57808"
"CHR-151","CHR-109","2850-57648","2850-57731","2","2",0.261648745519713,"2850-57648_2850-57731"
"CHR-151","CHR-102","2850-57648","2640-97589","2","2",0.272401433691756,"2850-57648_2640-97589"
"CHR-151","CHR-96","2850-57648","2850-57806","2","2",0.293906810035842,"2850-57648_2850-57806"
"CHR-151","CHR-139","2850-57648","2850-57579","2","2",0.293906810035842,"2850-57648_2850-57579"
"CHR-151","CHR-19","2850-57648","2850-57589","2","2",0.293906810035842,"2850-57648_2850-57589"
"CHR-151","CHR-9","2850-57648","unb-CHR-7and9","2","2",0.283154121863799,"2850-57648_unb-CHR-7and9"
"CHR-151","CHR-4","2850-57648","2811-83208","2","2",0.293906810035842,"2850-57648_2811-83208"
"CHR-151","CHR-33","2850-57648","2850-57669","2","2",0.279569892473118,"2850-57648_2850-57669"
"CHR-151","CHR-45","2850-57648","2850-57653","2","2",0.268817204301075,"2850-57648_2850-57653"
"CHR-151","CHR-151","2850-57648","2850-57570","2","2",0.293906810035842,"2850-57648_2850-57570"
"CHR-151","CHR-39","2850-57648","2850-57620","2","2",0.293906810035842,"2850-57648_2850-57620"
"CHR-151","CHR-95","2850-57648","2850-57881","2","2",0.293906810035842,"2850-57648_2850-57881"
"CHR-151","CHR-16","2850-57648","2850-57581","2","2",0.293906810035842,"2850-57648_2850-57581"
"CHR-151","CHR-115","2850-57648","2850-57745","2","2",0.261648745519713,"2850-57648_2850-57745"
"CHR-151","CHR-78","2850-57648","2850-57744","2","2",0.293906810035842,"2850-57648_2850-57744"
"CHR-151","CHR-77","2850-57648","unb-CHR-77","2","2",0.268817204301075,"2850-57648_unb-CHR-77"
"CHR-151","CHR-93","2850-57648","2640-97588","2","2",0.261648745519713,"2850-57648_2640-97588"
"CHR-151","CHR-119","2850-57648","2850-57806","2","2",0.290322580645161,"2850-57648_2850-57806"
"CHR-151","CHR-12","2850-57648","unb-CHR-76and12","2","2",0.268817204301075,"2850-57648_unb-CHR-76and12"
"CHR-151","CHR-6","2850-57648","2850-57582","2","2",0.293906810035842,"2850-57648_2850-57582"
"CHR-151","CHR-52","2850-57648","2850-57742","2","2",0.279569892473118,"2850-57648_2850-57742"
"CHR-151","CHR-112","2850-57648","2850-57647","2","2",0.293906810035842,"2850-57648_2850-57647"
"CHR-151","CHR-99","2850-57648","2850-57578","2","2",0.293906810035842,"2850-57648_2850-57578"
"CHR-151","CHR-101","2850-57648","2850-57733","2","2",0.275985663082437,"2850-57648_2850-57733"
"CHR-151","CHR-150","2850-57648","2850-57577","2","2",0.293906810035842,"2850-57648_2850-57577"
"CHR-151","CHR-32","2850-57648","2850-57731","2","3",0.261648745519713,"2850-57648_2850-57731"
"CHR-151","CHR-149","2850-57648","2850-57669","2","3",0.279569892473118,"2850-57648_2850-57669"
"CHR-39","CHR-29","2850-57649","2850-57808","2","1",0.172043010752688,"2850-57649_2850-57808"
"CHR-39","CHR-32","2850-57649","2850-57731","2","1",0.172043010752688,"2850-57649_2850-57731"
"CHR-39","CHR-102","2850-57649","2640-97589","2","1",0.172043010752688,"2850-57649_2640-97589"
"CHR-39","CHR-96","2850-57649","2850-57806","2","1",0.164874551971326,"2850-57649_2850-57806"
"CHR-39","CHR-58","2850-57649","2850-57579","2","1",0.172043010752688,"2850-57649_2850-57579"
"CHR-39","CHR-97","2850-57649","2850-57589","2","1",0.139784946236559,"2850-57649_2850-57589"
"CHR-39","CHR-7","2850-57649","unb-CHR-7and9","2","1",0.172043010752688,"2850-57649_unb-CHR-7and9"
"CHR-39","CHR-4","2850-57649","2811-83208","2","1",0.136200716845878,"2850-57649_2811-83208"
"CHR-39","CHR-33","2850-57649","2850-57669","2","1",0.154121863799283,"2850-57649_2850-57669"
"CHR-39","CHR-86","2850-57649","2850-57653","2","1",0.172043010752688,"2850-57649_2850-57653"
"CHR-39","CHR-133","2850-57649","2850-57570","2","1",0.172043010752688,"2850-57649_2850-57570"
"CHR-39","CHR-39","2850-57649","2850-57620","2","1",0.172043010752688,"2850-57649_2850-57620"
"CHR-39","CHR-25","2850-57649","2850-57881","2","1",0.136200716845878,"2850-57649_2850-57881"
"CHR-39","CHR-66","2850-57649","2850-57581","2","1",0.168458781362007,"2850-57649_2850-57581"
"CHR-39","CHR-80","2850-57649","2850-57580","2","1",0.172043010752688,"2850-57649_2850-57580"
"CHR-39","CHR-82","2850-57649","2850-57745","2","1",0.172043010752688,"2850-57649_2850-57745"
"CHR-39","CHR-78","2850-57649","2850-57744","2","1",0.172043010752688,"2850-57649_2850-57744"
"CHR-39","CHR-73","2850-57649","2850-57671","2","1",0.172043010752688,"2850-57649_2850-57671"
"CHR-39","CHR-77","2850-57649","unb-CHR-77","2","1",0.172043010752688,"2850-57649_unb-CHR-77"
"CHR-39","CHR-93","2850-57649","2640-97588","2","1",0.172043010752688,"2850-57649_2640-97588"
"CHR-39","CHR-37","2850-57649","2850-57806","2","1",0.172043010752688,"2850-57649_2850-57806"
"CHR-39","CHR-43","2850-57649","2850-57567","2","1",0.172043010752688,"2850-57649_2850-57567"
"CHR-39","CHR-76","2850-57649","unb-CHR-76and12","2","1",0.172043010752688,"2850-57649_unb-CHR-76and12"
"CHR-39","CHR-74","2850-57649","2850-57582","2","1",0.14336917562724,"2850-57649_2850-57582"
"CHR-39","CHR-110","2850-57649","2850-57742","2","1",0.172043010752688,"2850-57649_2850-57742"
"CHR-39","CHR-112","2850-57649","2850-57647","2","1",0.172043010752688,"2850-57649_2850-57647"
"CHR-39","CHR-99","2850-57649","2850-57578","2","1",0.161290322580645,"2850-57649_2850-57578"
"CHR-39","CHR-11","2850-57649","2850-57733","2","1",0.172043010752688,"2850-57649_2850-57733"
"CHR-39","CHR-148","2850-57649","2850-57582","2","1",0.172043010752688,"2850-57649_2850-57582"
"CHR-39","CHR-128","2850-57649","2850-57577","2","1",0.172043010752688,"2850-57649_2850-57577"
"CHR-39","CHR-145","2850-57649","unb-CHR-145","2","1",0.172043010752688,"2850-57649_unb-CHR-145"
"CHR-39","CHR-27","2850-57649","2850-57808","2","2",0.172043010752688,"2850-57649_2850-57808"
"CHR-39","CHR-109","2850-57649","2850-57731","2","2",0.172043010752688,"2850-57649_2850-57731"
"CHR-39","CHR-102","2850-57649","2640-97589","2","2",0.172043010752688,"2850-57649_2640-97589"
"CHR-39","CHR-96","2850-57649","2850-57806","2","2",0.164874551971326,"2850-57649_2850-57806"
"CHR-39","CHR-139","2850-57649","2850-57579","2","2",0.172043010752688,"2850-57649_2850-57579"
"CHR-39","CHR-19","2850-57649","2850-57589","2","2",0.139784946236559,"2850-57649_2850-57589"
"CHR-39","CHR-9","2850-57649","unb-CHR-7and9","2","2",0.172043010752688,"2850-57649_unb-CHR-7and9"
"CHR-39","CHR-4","2850-57649","2811-83208","2","2",0.136200716845878,"2850-57649_2811-83208"
"CHR-39","CHR-33","2850-57649","2850-57669","2","2",0.154121863799283,"2850-57649_2850-57669"
"CHR-39","CHR-45","2850-57649","2850-57653","2","2",0.172043010752688,"2850-57649_2850-57653"
"CHR-39","CHR-151","2850-57649","2850-57570","2","2",0.172043010752688,"2850-57649_2850-57570"
"CHR-39","CHR-39","2850-57649","2850-57620","2","2",0.172043010752688,"2850-57649_2850-57620"
"CHR-39","CHR-95","2850-57649","2850-57881","2","2",0.136200716845878,"2850-57649_2850-57881"
"CHR-39","CHR-16","2850-57649","2850-57581","2","2",0.168458781362007,"2850-57649_2850-57581"
"CHR-39","CHR-115","2850-57649","2850-57745","2","2",0.172043010752688,"2850-57649_2850-57745"
"CHR-39","CHR-78","2850-57649","2850-57744","2","2",0.172043010752688,"2850-57649_2850-57744"
"CHR-39","CHR-77","2850-57649","unb-CHR-77","2","2",0.172043010752688,"2850-57649_unb-CHR-77"
"CHR-39","CHR-93","2850-57649","2640-97588","2","2",0.172043010752688,"2850-57649_2640-97588"
"CHR-39","CHR-119","2850-57649","2850-57806","2","2",0.172043010752688,"2850-57649_2850-57806"
"CHR-39","CHR-12","2850-57649","unb-CHR-76and12","2","2",0.172043010752688,"2850-57649_unb-CHR-76and12"
"CHR-39","CHR-6","2850-57649","2850-57582","2","2",0.14336917562724,"2850-57649_2850-57582"
"CHR-39","CHR-52","2850-57649","2850-57742","2","2",0.172043010752688,"2850-57649_2850-57742"
"CHR-39","CHR-112","2850-57649","2850-57647","2","2",0.172043010752688,"2850-57649_2850-57647"
"CHR-39","CHR-99","2850-57649","2850-57578","2","2",0.161290322580645,"2850-57649_2850-57578"
"CHR-39","CHR-101","2850-57649","2850-57733","2","2",0.172043010752688,"2850-57649_2850-57733"
"CHR-39","CHR-150","2850-57649","2850-57577","2","2",0.172043010752688,"2850-57649_2850-57577"
"CHR-39","CHR-32","2850-57649","2850-57731","2","3",0.172043010752688,"2850-57649_2850-57731"
"CHR-39","CHR-149","2850-57649","2850-57669","2","3",0.154121863799283,"2850-57649_2850-57669"
"CHR-95","CHR-29","2850-57650","2850-57808","2","1",0.172043010752688,"2850-57650_2850-57808"
"CHR-95","CHR-32","2850-57650","2850-57731","2","1",0.172043010752688,"2850-57650_2850-57731"
"CHR-95","CHR-102","2850-57650","2640-97589","2","1",0.172043010752688,"2850-57650_2640-97589"
"CHR-95","CHR-96","2850-57650","2850-57806","2","1",0.164874551971326,"2850-57650_2850-57806"
"CHR-95","CHR-58","2850-57650","2850-57579","2","1",0.172043010752688,"2850-57650_2850-57579"
"CHR-95","CHR-97","2850-57650","2850-57589","2","1",0.139784946236559,"2850-57650_2850-57589"
"CHR-95","CHR-7","2850-57650","unb-CHR-7and9","2","1",0.172043010752688,"2850-57650_unb-CHR-7and9"
"CHR-95","CHR-4","2850-57650","2811-83208","2","1",0.136200716845878,"2850-57650_2811-83208"
"CHR-95","CHR-33","2850-57650","2850-57669","2","1",0.154121863799283,"2850-57650_2850-57669"
"CHR-95","CHR-86","2850-57650","2850-57653","2","1",0.172043010752688,"2850-57650_2850-57653"
"CHR-95","CHR-133","2850-57650","2850-57570","2","1",0.172043010752688,"2850-57650_2850-57570"
"CHR-95","CHR-39","2850-57650","2850-57620","2","1",0.136200716845878,"2850-57650_2850-57620"
"CHR-95","CHR-25","2850-57650","2850-57881","2","1",0.172043010752688,"2850-57650_2850-57881"
"CHR-95","CHR-66","2850-57650","2850-57581","2","1",0.168458781362007,"2850-57650_2850-57581"
"CHR-95","CHR-80","2850-57650","2850-57580","2","1",0.172043010752688,"2850-57650_2850-57580"
"CHR-95","CHR-82","2850-57650","2850-57745","2","1",0.172043010752688,"2850-57650_2850-57745"
"CHR-95","CHR-78","2850-57650","2850-57744","2","1",0.172043010752688,"2850-57650_2850-57744"
"CHR-95","CHR-73","2850-57650","2850-57671","2","1",0.172043010752688,"2850-57650_2850-57671"
"CHR-95","CHR-77","2850-57650","unb-CHR-77","2","1",0.172043010752688,"2850-57650_unb-CHR-77"
"CHR-95","CHR-93","2850-57650","2640-97588","2","1",0.172043010752688,"2850-57650_2640-97588"
"CHR-95","CHR-37","2850-57650","2850-57806","2","1",0.172043010752688,"2850-57650_2850-57806"
"CHR-95","CHR-43","2850-57650","2850-57567","2","1",0.172043010752688,"2850-57650_2850-57567"
"CHR-95","CHR-76","2850-57650","unb-CHR-76and12","2","1",0.172043010752688,"2850-57650_unb-CHR-76and12"
"CHR-95","CHR-74","2850-57650","2850-57582","2","1",0.14336917562724,"2850-57650_2850-57582"
"CHR-95","CHR-110","2850-57650","2850-57742","2","1",0.172043010752688,"2850-57650_2850-57742"
"CHR-95","CHR-112","2850-57650","2850-57647","2","1",0.172043010752688,"2850-57650_2850-57647"
"CHR-95","CHR-99","2850-57650","2850-57578","2","1",0.161290322580645,"2850-57650_2850-57578"
"CHR-95","CHR-11","2850-57650","2850-57733","2","1",0.172043010752688,"2850-57650_2850-57733"
"CHR-95","CHR-148","2850-57650","2850-57582","2","1",0.172043010752688,"2850-57650_2850-57582"
"CHR-95","CHR-128","2850-57650","2850-57577","2","1",0.172043010752688,"2850-57650_2850-57577"
"CHR-95","CHR-145","2850-57650","unb-CHR-145","2","1",0.172043010752688,"2850-57650_unb-CHR-145"
"CHR-95","CHR-27","2850-57650","2850-57808","2","2",0.172043010752688,"2850-57650_2850-57808"
"CHR-95","CHR-109","2850-57650","2850-57731","2","2",0.172043010752688,"2850-57650_2850-57731"
"CHR-95","CHR-102","2850-57650","2640-97589","2","2",0.172043010752688,"2850-57650_2640-97589"
"CHR-95","CHR-96","2850-57650","2850-57806","2","2",0.164874551971326,"2850-57650_2850-57806"
"CHR-95","CHR-139","2850-57650","2850-57579","2","2",0.172043010752688,"2850-57650_2850-57579"
"CHR-95","CHR-19","2850-57650","2850-57589","2","2",0.139784946236559,"2850-57650_2850-57589"
"CHR-95","CHR-9","2850-57650","unb-CHR-7and9","2","2",0.172043010752688,"2850-57650_unb-CHR-7and9"
"CHR-95","CHR-4","2850-57650","2811-83208","2","2",0.136200716845878,"2850-57650_2811-83208"
"CHR-95","CHR-33","2850-57650","2850-57669","2","2",0.154121863799283,"2850-57650_2850-57669"
"CHR-95","CHR-45","2850-57650","2850-57653","2","2",0.172043010752688,"2850-57650_2850-57653"
"CHR-95","CHR-151","2850-57650","2850-57570","2","2",0.172043010752688,"2850-57650_2850-57570"
"CHR-95","CHR-39","2850-57650","2850-57620","2","2",0.136200716845878,"2850-57650_2850-57620"
"CHR-95","CHR-95","2850-57650","2850-57881","2","2",0.172043010752688,"2850-57650_2850-57881"
"CHR-95","CHR-16","2850-57650","2850-57581","2","2",0.168458781362007,"2850-57650_2850-57581"
"CHR-95","CHR-115","2850-57650","2850-57745","2","2",0.172043010752688,"2850-57650_2850-57745"
"CHR-95","CHR-78","2850-57650","2850-57744","2","2",0.172043010752688,"2850-57650_2850-57744"
"CHR-95","CHR-77","2850-57650","unb-CHR-77","2","2",0.172043010752688,"2850-57650_unb-CHR-77"
"CHR-95","CHR-93","2850-57650","2640-97588","2","2",0.172043010752688,"2850-57650_2640-97588"
"CHR-95","CHR-119","2850-57650","2850-57806","2","2",0.172043010752688,"2850-57650_2850-57806"
"CHR-95","CHR-12","2850-57650","unb-CHR-76and12","2","2",0.172043010752688,"2850-57650_unb-CHR-76and12"
"CHR-95","CHR-6","2850-57650","2850-57582","2","2",0.14336917562724,"2850-57650_2850-57582"
"CHR-95","CHR-52","2850-57650","2850-57742","2","2",0.172043010752688,"2850-57650_2850-57742"
"CHR-95","CHR-112","2850-57650","2850-57647","2","2",0.172043010752688,"2850-57650_2850-57647"
"CHR-95","CHR-99","2850-57650","2850-57578","2","2",0.161290322580645,"2850-57650_2850-57578"
"CHR-95","CHR-101","2850-57650","2850-57733","2","2",0.172043010752688,"2850-57650_2850-57733"
"CHR-95","CHR-150","2850-57650","2850-57577","2","2",0.172043010752688,"2850-57650_2850-57577"
"CHR-95","CHR-32","2850-57650","2850-57731","2","3",0.172043010752688,"2850-57650_2850-57731"
"CHR-95","CHR-149","2850-57650","2850-57669","2","3",0.154121863799283,"2850-57650_2850-57669"
"CHR-16","CHR-29","2850-57652","2850-57808","2","1",0.17921146953405,"2850-57652_2850-57808"
"CHR-16","CHR-32","2850-57652","2850-57731","2","1",0.193548387096774,"2850-57652_2850-57731"
"CHR-16","CHR-102","2850-57652","2640-97589","2","1",0.17921146953405,"2850-57652_2640-97589"
"CHR-16","CHR-96","2850-57652","2850-57806","2","1",0.161290322580645,"2850-57652_2850-57806"
"CHR-16","CHR-58","2850-57652","2850-57579","2","1",0.197132616487455,"2850-57652_2850-57579"
"CHR-16","CHR-97","2850-57652","2850-57589","2","1",0.197132616487455,"2850-57652_2850-57589"
"CHR-16","CHR-7","2850-57652","unb-CHR-7and9","2","1",0.197132616487455,"2850-57652_unb-CHR-7and9"
"CHR-16","CHR-4","2850-57652","2811-83208","2","1",0.193548387096774,"2850-57652_2811-83208"
"CHR-16","CHR-33","2850-57652","2850-57669","2","1",0.186379928315412,"2850-57652_2850-57669"
"CHR-16","CHR-86","2850-57652","2850-57653","2","1",0.182795698924731,"2850-57652_2850-57653"
"CHR-16","CHR-133","2850-57652","2850-57570","2","1",0.197132616487455,"2850-57652_2850-57570"
"CHR-16","CHR-39","2850-57652","2850-57620","2","1",0.193548387096774,"2850-57652_2850-57620"
"CHR-16","CHR-25","2850-57652","2850-57881","2","1",0.193548387096774,"2850-57652_2850-57881"
"CHR-16","CHR-66","2850-57652","2850-57581","2","1",0.197132616487455,"2850-57652_2850-57581"
"CHR-16","CHR-80","2850-57652","2850-57580","2","1",0.197132616487455,"2850-57652_2850-57580"
"CHR-16","CHR-82","2850-57652","2850-57745","2","1",0.197132616487455,"2850-57652_2850-57745"
"CHR-16","CHR-78","2850-57652","2850-57744","2","1",0.197132616487455,"2850-57652_2850-57744"
"CHR-16","CHR-73","2850-57652","2850-57671","2","1",0.197132616487455,"2850-57652_2850-57671"
"CHR-16","CHR-77","2850-57652","unb-CHR-77","2","1",0.186379928315412,"2850-57652_unb-CHR-77"
"CHR-16","CHR-93","2850-57652","2640-97588","2","1",0.189964157706093,"2850-57652_2640-97588"
"CHR-16","CHR-37","2850-57652","2850-57806","2","1",0.164874551971326,"2850-57652_2850-57806"
"CHR-16","CHR-43","2850-57652","2850-57567","2","1",0.197132616487455,"2850-57652_2850-57567"
"CHR-16","CHR-76","2850-57652","unb-CHR-76and12","2","1",0.186379928315412,"2850-57652_unb-CHR-76and12"
"CHR-16","CHR-74","2850-57652","2850-57582","2","1",0.197132616487455,"2850-57652_2850-57582"
"CHR-16","CHR-110","2850-57652","2850-57742","2","1",0.172043010752688,"2850-57652_2850-57742"
"CHR-16","CHR-112","2850-57652","2850-57647","2","1",0.197132616487455,"2850-57652_2850-57647"
"CHR-16","CHR-99","2850-57652","2850-57578","2","1",0.197132616487455,"2850-57652_2850-57578"
"CHR-16","CHR-11","2850-57652","2850-57733","2","1",0.197132616487455,"2850-57652_2850-57733"
"CHR-16","CHR-148","2850-57652","2850-57582","2","1",0.197132616487455,"2850-57652_2850-57582"
"CHR-16","CHR-128","2850-57652","2850-57577","2","1",0.197132616487455,"2850-57652_2850-57577"
"CHR-16","CHR-145","2850-57652","unb-CHR-145","2","1",0.197132616487455,"2850-57652_unb-CHR-145"
"CHR-16","CHR-27","2850-57652","2850-57808","2","2",0.17921146953405,"2850-57652_2850-57808"
"CHR-16","CHR-109","2850-57652","2850-57731","2","2",0.193548387096774,"2850-57652_2850-57731"
"CHR-16","CHR-102","2850-57652","2640-97589","2","2",0.17921146953405,"2850-57652_2640-97589"
"CHR-16","CHR-96","2850-57652","2850-57806","2","2",0.161290322580645,"2850-57652_2850-57806"
"CHR-16","CHR-139","2850-57652","2850-57579","2","2",0.197132616487455,"2850-57652_2850-57579"
"CHR-16","CHR-19","2850-57652","2850-57589","2","2",0.197132616487455,"2850-57652_2850-57589"
"CHR-16","CHR-9","2850-57652","unb-CHR-7and9","2","2",0.197132616487455,"2850-57652_unb-CHR-7and9"
"CHR-16","CHR-4","2850-57652","2811-83208","2","2",0.193548387096774,"2850-57652_2811-83208"
"CHR-16","CHR-33","2850-57652","2850-57669","2","2",0.186379928315412,"2850-57652_2850-57669"
"CHR-16","CHR-45","2850-57652","2850-57653","2","2",0.182795698924731,"2850-57652_2850-57653"
"CHR-16","CHR-151","2850-57652","2850-57570","2","2",0.197132616487455,"2850-57652_2850-57570"
"CHR-16","CHR-39","2850-57652","2850-57620","2","2",0.193548387096774,"2850-57652_2850-57620"
"CHR-16","CHR-95","2850-57652","2850-57881","2","2",0.193548387096774,"2850-57652_2850-57881"
"CHR-16","CHR-16","2850-57652","2850-57581","2","2",0.197132616487455,"2850-57652_2850-57581"
"CHR-16","CHR-115","2850-57652","2850-57745","2","2",0.197132616487455,"2850-57652_2850-57745"
"CHR-16","CHR-78","2850-57652","2850-57744","2","2",0.197132616487455,"2850-57652_2850-57744"
"CHR-16","CHR-77","2850-57652","unb-CHR-77","2","2",0.186379928315412,"2850-57652_unb-CHR-77"
"CHR-16","CHR-93","2850-57652","2640-97588","2","2",0.189964157706093,"2850-57652_2640-97588"
"CHR-16","CHR-119","2850-57652","2850-57806","2","2",0.164874551971326,"2850-57652_2850-57806"
"CHR-16","CHR-12","2850-57652","unb-CHR-76and12","2","2",0.186379928315412,"2850-57652_unb-CHR-76and12"
"CHR-16","CHR-6","2850-57652","2850-57582","2","2",0.197132616487455,"2850-57652_2850-57582"
"CHR-16","CHR-52","2850-57652","2850-57742","2","2",0.172043010752688,"2850-57652_2850-57742"
"CHR-16","CHR-112","2850-57652","2850-57647","2","2",0.197132616487455,"2850-57652_2850-57647"
"CHR-16","CHR-99","2850-57652","2850-57578","2","2",0.197132616487455,"2850-57652_2850-57578"
"CHR-16","CHR-101","2850-57652","2850-57733","2","2",0.197132616487455,"2850-57652_2850-57733"
"CHR-16","CHR-150","2850-57652","2850-57577","2","2",0.197132616487455,"2850-57652_2850-57577"
"CHR-16","CHR-32","2850-57652","2850-57731","2","3",0.193548387096774,"2850-57652_2850-57731"
"CHR-16","CHR-149","2850-57652","2850-57669","2","3",0.186379928315412,"2850-57652_2850-57669"
"CHR-115","CHR-29","2850-57655","2850-57808","2","1",0.274193548387097,"2850-57655_2850-57808"
"CHR-115","CHR-32","2850-57655","2850-57731","2","1",0.258064516129032,"2850-57655_2850-57731"
"CHR-115","CHR-102","2850-57655","2640-97589","2","1",0.270161290322581,"2850-57655_2640-97589"
"CHR-115","CHR-96","2850-57655","2850-57806","2","1",0.290322580645161,"2850-57655_2850-57806"
"CHR-115","CHR-58","2850-57655","2850-57579","2","1",0.290322580645161,"2850-57655_2850-57579"
"CHR-115","CHR-97","2850-57655","2850-57589","2","1",0.290322580645161,"2850-57655_2850-57589"
"CHR-115","CHR-7","2850-57655","unb-CHR-7and9","2","1",0.278225806451613,"2850-57655_unb-CHR-7and9"
"CHR-115","CHR-4","2850-57655","2811-83208","2","1",0.290322580645161,"2850-57655_2811-83208"
"CHR-115","CHR-33","2850-57655","2850-57669","2","1",0.278225806451613,"2850-57655_2850-57669"
"CHR-115","CHR-86","2850-57655","2850-57653","2","1",0.266129032258065,"2850-57655_2850-57653"
"CHR-115","CHR-133","2850-57655","2850-57570","2","1",0.254032258064516,"2850-57655_2850-57570"
"CHR-115","CHR-39","2850-57655","2850-57620","2","1",0.290322580645161,"2850-57655_2850-57620"
"CHR-115","CHR-25","2850-57655","2850-57881","2","1",0.290322580645161,"2850-57655_2850-57881"
"CHR-115","CHR-66","2850-57655","2850-57581","2","1",0.290322580645161,"2850-57655_2850-57581"
"CHR-115","CHR-80","2850-57655","2850-57580","2","1",0.290322580645161,"2850-57655_2850-57580"
"CHR-115","CHR-82","2850-57655","2850-57745","2","1",0.290322580645161,"2850-57655_2850-57745"
"CHR-115","CHR-78","2850-57655","2850-57744","2","1",0.290322580645161,"2850-57655_2850-57744"
"CHR-115","CHR-73","2850-57655","2850-57671","2","1",0.290322580645161,"2850-57655_2850-57671"
"CHR-115","CHR-77","2850-57655","unb-CHR-77","2","1",0.266129032258065,"2850-57655_unb-CHR-77"
"CHR-115","CHR-93","2850-57655","2640-97588","2","1",0.258064516129032,"2850-57655_2640-97588"
"CHR-115","CHR-37","2850-57655","2850-57806","2","1",0.290322580645161,"2850-57655_2850-57806"
"CHR-115","CHR-43","2850-57655","2850-57567","2","1",0.290322580645161,"2850-57655_2850-57567"
"CHR-115","CHR-76","2850-57655","unb-CHR-76and12","2","1",0.266129032258065,"2850-57655_unb-CHR-76and12"
"CHR-115","CHR-74","2850-57655","2850-57582","2","1",0.290322580645161,"2850-57655_2850-57582"
"CHR-115","CHR-110","2850-57655","2850-57742","2","1",0.278225806451613,"2850-57655_2850-57742"
"CHR-115","CHR-112","2850-57655","2850-57647","2","1",0.290322580645161,"2850-57655_2850-57647"
"CHR-115","CHR-99","2850-57655","2850-57578","2","1",0.290322580645161,"2850-57655_2850-57578"
"CHR-115","CHR-11","2850-57655","2850-57733","2","1",0.270161290322581,"2850-57655_2850-57733"
"CHR-115","CHR-148","2850-57655","2850-57582","2","1",0.290322580645161,"2850-57655_2850-57582"
"CHR-115","CHR-128","2850-57655","2850-57577","2","1",0.290322580645161,"2850-57655_2850-57577"
"CHR-115","CHR-145","2850-57655","unb-CHR-145","2","1",0.266129032258065,"2850-57655_unb-CHR-145"
"CHR-115","CHR-27","2850-57655","2850-57808","2","2",0.274193548387097,"2850-57655_2850-57808"
"CHR-115","CHR-109","2850-57655","2850-57731","2","2",0.258064516129032,"2850-57655_2850-57731"
"CHR-115","CHR-102","2850-57655","2640-97589","2","2",0.270161290322581,"2850-57655_2640-97589"
"CHR-115","CHR-96","2850-57655","2850-57806","2","2",0.290322580645161,"2850-57655_2850-57806"
"CHR-115","CHR-139","2850-57655","2850-57579","2","2",0.290322580645161,"2850-57655_2850-57579"
"CHR-115","CHR-19","2850-57655","2850-57589","2","2",0.290322580645161,"2850-57655_2850-57589"
"CHR-115","CHR-9","2850-57655","unb-CHR-7and9","2","2",0.278225806451613,"2850-57655_unb-CHR-7and9"
"CHR-115","CHR-4","2850-57655","2811-83208","2","2",0.290322580645161,"2850-57655_2811-83208"
"CHR-115","CHR-33","2850-57655","2850-57669","2","2",0.278225806451613,"2850-57655_2850-57669"
"CHR-115","CHR-45","2850-57655","2850-57653","2","2",0.266129032258065,"2850-57655_2850-57653"
"CHR-115","CHR-151","2850-57655","2850-57570","2","2",0.254032258064516,"2850-57655_2850-57570"
"CHR-115","CHR-39","2850-57655","2850-57620","2","2",0.290322580645161,"2850-57655_2850-57620"
"CHR-115","CHR-95","2850-57655","2850-57881","2","2",0.290322580645161,"2850-57655_2850-57881"
"CHR-115","CHR-16","2850-57655","2850-57581","2","2",0.290322580645161,"2850-57655_2850-57581"
"CHR-115","CHR-115","2850-57655","2850-57745","2","2",0.290322580645161,"2850-57655_2850-57745"
"CHR-115","CHR-78","2850-57655","2850-57744","2","2",0.290322580645161,"2850-57655_2850-57744"
"CHR-115","CHR-77","2850-57655","unb-CHR-77","2","2",0.266129032258065,"2850-57655_unb-CHR-77"
"CHR-115","CHR-93","2850-57655","2640-97588","2","2",0.258064516129032,"2850-57655_2640-97588"
"CHR-115","CHR-119","2850-57655","2850-57806","2","2",0.290322580645161,"2850-57655_2850-57806"
"CHR-115","CHR-12","2850-57655","unb-CHR-76and12","2","2",0.266129032258065,"2850-57655_unb-CHR-76and12"
"CHR-115","CHR-6","2850-57655","2850-57582","2","2",0.290322580645161,"2850-57655_2850-57582"
"CHR-115","CHR-52","2850-57655","2850-57742","2","2",0.278225806451613,"2850-57655_2850-57742"
"CHR-115","CHR-112","2850-57655","2850-57647","2","2",0.290322580645161,"2850-57655_2850-57647"
"CHR-115","CHR-99","2850-57655","2850-57578","2","2",0.290322580645161,"2850-57655_2850-57578"
"CHR-115","CHR-101","2850-57655","2850-57733","2","2",0.270161290322581,"2850-57655_2850-57733"
"CHR-115","CHR-150","2850-57655","2850-57577","2","2",0.290322580645161,"2850-57655_2850-57577"
"CHR-115","CHR-32","2850-57655","2850-57731","2","3",0.258064516129032,"2850-57655_2850-57731"
"CHR-115","CHR-149","2850-57655","2850-57669","2","3",0.278225806451613,"2850-57655_2850-57669"
"CHR-78","CHR-29","2850-57656","2850-57808","2","1",0.154121863799283,"2850-57656_2850-57808"
"CHR-78","CHR-32","2850-57656","2850-57731","2","1",0.154121863799283,"2850-57656_2850-57731"
"CHR-78","CHR-102","2850-57656","2640-97589","2","1",0.154121863799283,"2850-57656_2640-97589"
"CHR-78","CHR-96","2850-57656","2850-57806","2","1",0.154121863799283,"2850-57656_2850-57806"
"CHR-78","CHR-58","2850-57656","2850-57579","2","1",0.154121863799283,"2850-57656_2850-57579"
"CHR-78","CHR-97","2850-57656","2850-57589","2","1",0.154121863799283,"2850-57656_2850-57589"
"CHR-78","CHR-7","2850-57656","unb-CHR-7and9","2","1",0.154121863799283,"2850-57656_unb-CHR-7and9"
"CHR-78","CHR-4","2850-57656","2811-83208","2","1",0.154121863799283,"2850-57656_2811-83208"
"CHR-78","CHR-33","2850-57656","2850-57669","2","1",0.136200716845878,"2850-57656_2850-57669"
"CHR-78","CHR-86","2850-57656","2850-57653","2","1",0.154121863799283,"2850-57656_2850-57653"
"CHR-78","CHR-133","2850-57656","2850-57570","2","1",0.154121863799283,"2850-57656_2850-57570"
"CHR-78","CHR-39","2850-57656","2850-57620","2","1",0.154121863799283,"2850-57656_2850-57620"
"CHR-78","CHR-25","2850-57656","2850-57881","2","1",0.154121863799283,"2850-57656_2850-57881"
"CHR-78","CHR-66","2850-57656","2850-57581","2","1",0.154121863799283,"2850-57656_2850-57581"
"CHR-78","CHR-80","2850-57656","2850-57580","2","1",0.154121863799283,"2850-57656_2850-57580"
"CHR-78","CHR-82","2850-57656","2850-57745","2","1",0.154121863799283,"2850-57656_2850-57745"
"CHR-78","CHR-78","2850-57656","2850-57744","2","1",0.154121863799283,"2850-57656_2850-57744"
"CHR-78","CHR-73","2850-57656","2850-57671","2","1",0.154121863799283,"2850-57656_2850-57671"
"CHR-78","CHR-77","2850-57656","unb-CHR-77","2","1",0.154121863799283,"2850-57656_unb-CHR-77"
"CHR-78","CHR-93","2850-57656","2640-97588","2","1",0.154121863799283,"2850-57656_2640-97588"
"CHR-78","CHR-37","2850-57656","2850-57806","2","1",0.154121863799283,"2850-57656_2850-57806"
"CHR-78","CHR-43","2850-57656","2850-57567","2","1",0.154121863799283,"2850-57656_2850-57567"
"CHR-78","CHR-76","2850-57656","unb-CHR-76and12","2","1",0.154121863799283,"2850-57656_unb-CHR-76and12"
"CHR-78","CHR-74","2850-57656","2850-57582","2","1",0.146953405017921,"2850-57656_2850-57582"
"CHR-78","CHR-110","2850-57656","2850-57742","2","1",0.154121863799283,"2850-57656_2850-57742"
"CHR-78","CHR-112","2850-57656","2850-57647","2","1",0.118279569892473,"2850-57656_2850-57647"
"CHR-78","CHR-99","2850-57656","2850-57578","2","1",0.132616487455197,"2850-57656_2850-57578"
"CHR-78","CHR-11","2850-57656","2850-57733","2","1",0.154121863799283,"2850-57656_2850-57733"
"CHR-78","CHR-148","2850-57656","2850-57582","2","1",0.118279569892473,"2850-57656_2850-57582"
"CHR-78","CHR-128","2850-57656","2850-57577","2","1",0.118279569892473,"2850-57656_2850-57577"
"CHR-78","CHR-145","2850-57656","unb-CHR-145","2","1",0.154121863799283,"2850-57656_unb-CHR-145"
"CHR-78","CHR-27","2850-57656","2850-57808","2","2",0.154121863799283,"2850-57656_2850-57808"
"CHR-78","CHR-109","2850-57656","2850-57731","2","2",0.154121863799283,"2850-57656_2850-57731"
"CHR-78","CHR-102","2850-57656","2640-97589","2","2",0.154121863799283,"2850-57656_2640-97589"
"CHR-78","CHR-96","2850-57656","2850-57806","2","2",0.154121863799283,"2850-57656_2850-57806"
"CHR-78","CHR-139","2850-57656","2850-57579","2","2",0.154121863799283,"2850-57656_2850-57579"
"CHR-78","CHR-19","2850-57656","2850-57589","2","2",0.154121863799283,"2850-57656_2850-57589"
"CHR-78","CHR-9","2850-57656","unb-CHR-7and9","2","2",0.154121863799283,"2850-57656_unb-CHR-7and9"
"CHR-78","CHR-4","2850-57656","2811-83208","2","2",0.154121863799283,"2850-57656_2811-83208"
"CHR-78","CHR-33","2850-57656","2850-57669","2","2",0.136200716845878,"2850-57656_2850-57669"
"CHR-78","CHR-45","2850-57656","2850-57653","2","2",0.154121863799283,"2850-57656_2850-57653"
"CHR-78","CHR-151","2850-57656","2850-57570","2","2",0.154121863799283,"2850-57656_2850-57570"
"CHR-78","CHR-39","2850-57656","2850-57620","2","2",0.154121863799283,"2850-57656_2850-57620"
"CHR-78","CHR-95","2850-57656","2850-57881","2","2",0.154121863799283,"2850-57656_2850-57881"
"CHR-78","CHR-16","2850-57656","2850-57581","2","2",0.154121863799283,"2850-57656_2850-57581"
"CHR-78","CHR-115","2850-57656","2850-57745","2","2",0.154121863799283,"2850-57656_2850-57745"
"CHR-78","CHR-78","2850-57656","2850-57744","2","2",0.154121863799283,"2850-57656_2850-57744"
"CHR-78","CHR-77","2850-57656","unb-CHR-77","2","2",0.154121863799283,"2850-57656_unb-CHR-77"
"CHR-78","CHR-93","2850-57656","2640-97588","2","2",0.154121863799283,"2850-57656_2640-97588"
"CHR-78","CHR-119","2850-57656","2850-57806","2","2",0.154121863799283,"2850-57656_2850-57806"
"CHR-78","CHR-12","2850-57656","unb-CHR-76and12","2","2",0.154121863799283,"2850-57656_unb-CHR-76and12"
"CHR-78","CHR-6","2850-57656","2850-57582","2","2",0.146953405017921,"2850-57656_2850-57582"
"CHR-78","CHR-52","2850-57656","2850-57742","2","2",0.154121863799283,"2850-57656_2850-57742"
"CHR-78","CHR-112","2850-57656","2850-57647","2","2",0.118279569892473,"2850-57656_2850-57647"
"CHR-78","CHR-99","2850-57656","2850-57578","2","2",0.132616487455197,"2850-57656_2850-57578"
"CHR-78","CHR-101","2850-57656","2850-57733","2","2",0.154121863799283,"2850-57656_2850-57733"
"CHR-78","CHR-150","2850-57656","2850-57577","2","2",0.118279569892473,"2850-57656_2850-57577"
"CHR-78","CHR-32","2850-57656","2850-57731","2","3",0.154121863799283,"2850-57656_2850-57731"
"CHR-78","CHR-149","2850-57656","2850-57669","2","3",0.136200716845878,"2850-57656_2850-57669"
"CHR-77","CHR-29","2850-57696","2850-57808","2","1",0.315412186379928,"2850-57696_2850-57808"
"CHR-77","CHR-32","2850-57696","2850-57731","2","1",0.315412186379928,"2850-57696_2850-57731"
"CHR-77","CHR-102","2850-57696","2640-97589","2","1",0.311827956989247,"2850-57696_2640-97589"
"CHR-77","CHR-96","2850-57696","2850-57806","2","1",0.333333333333333,"2850-57696_2850-57806"
"CHR-77","CHR-58","2850-57696","2850-57579","2","1",0.344086021505376,"2850-57696_2850-57579"
"CHR-77","CHR-97","2850-57696","2850-57589","2","1",0.344086021505376,"2850-57696_2850-57589"
"CHR-77","CHR-7","2850-57696","unb-CHR-7and9","2","1",0.344086021505376,"2850-57696_unb-CHR-7and9"
"CHR-77","CHR-4","2850-57696","2811-83208","2","1",0.344086021505376,"2850-57696_2811-83208"
"CHR-77","CHR-33","2850-57696","2850-57669","2","1",0.318996415770609,"2850-57696_2850-57669"
"CHR-77","CHR-86","2850-57696","2850-57653","2","1",0.308243727598566,"2850-57696_2850-57653"
"CHR-77","CHR-133","2850-57696","2850-57570","2","1",0.318996415770609,"2850-57696_2850-57570"
"CHR-77","CHR-39","2850-57696","2850-57620","2","1",0.344086021505376,"2850-57696_2850-57620"
"CHR-77","CHR-25","2850-57696","2850-57881","2","1",0.344086021505376,"2850-57696_2850-57881"
"CHR-77","CHR-66","2850-57696","2850-57581","2","1",0.333333333333333,"2850-57696_2850-57581"
"CHR-77","CHR-80","2850-57696","2850-57580","2","1",0.344086021505376,"2850-57696_2850-57580"
"CHR-77","CHR-82","2850-57696","2850-57745","2","1",0.32258064516129,"2850-57696_2850-57745"
"CHR-77","CHR-78","2850-57696","2850-57744","2","1",0.344086021505376,"2850-57696_2850-57744"
"CHR-77","CHR-73","2850-57696","2850-57671","2","1",0.344086021505376,"2850-57696_2850-57671"
"CHR-77","CHR-77","2850-57696","unb-CHR-77","2","1",0.344086021505376,"2850-57696_unb-CHR-77"
"CHR-77","CHR-93","2850-57696","2640-97588","2","1",0.311827956989247,"2850-57696_2640-97588"
"CHR-77","CHR-37","2850-57696","2850-57806","2","1",0.329749103942652,"2850-57696_2850-57806"
"CHR-77","CHR-43","2850-57696","2850-57567","2","1",0.344086021505376,"2850-57696_2850-57567"
"CHR-77","CHR-76","2850-57696","unb-CHR-76and12","2","1",0.308243727598566,"2850-57696_unb-CHR-76and12"
"CHR-77","CHR-74","2850-57696","2850-57582","2","1",0.344086021505376,"2850-57696_2850-57582"
"CHR-77","CHR-110","2850-57696","2850-57742","2","1",0.318996415770609,"2850-57696_2850-57742"
"CHR-77","CHR-112","2850-57696","2850-57647","2","1",0.344086021505376,"2850-57696_2850-57647"
"CHR-77","CHR-99","2850-57696","2850-57578","2","1",0.344086021505376,"2850-57696_2850-57578"
"CHR-77","CHR-11","2850-57696","2850-57733","2","1",0.336917562724014,"2850-57696_2850-57733"
"CHR-77","CHR-148","2850-57696","2850-57582","2","1",0.344086021505376,"2850-57696_2850-57582"
"CHR-77","CHR-128","2850-57696","2850-57577","2","1",0.344086021505376,"2850-57696_2850-57577"
"CHR-77","CHR-145","2850-57696","unb-CHR-145","2","1",0.333333333333333,"2850-57696_unb-CHR-145"
"CHR-77","CHR-27","2850-57696","2850-57808","2","2",0.315412186379928,"2850-57696_2850-57808"
"CHR-77","CHR-109","2850-57696","2850-57731","2","2",0.315412186379928,"2850-57696_2850-57731"
"CHR-77","CHR-102","2850-57696","2640-97589","2","2",0.311827956989247,"2850-57696_2640-97589"
"CHR-77","CHR-96","2850-57696","2850-57806","2","2",0.333333333333333,"2850-57696_2850-57806"
"CHR-77","CHR-139","2850-57696","2850-57579","2","2",0.344086021505376,"2850-57696_2850-57579"
"CHR-77","CHR-19","2850-57696","2850-57589","2","2",0.344086021505376,"2850-57696_2850-57589"
"CHR-77","CHR-9","2850-57696","unb-CHR-7and9","2","2",0.344086021505376,"2850-57696_unb-CHR-7and9"
"CHR-77","CHR-4","2850-57696","2811-83208","2","2",0.344086021505376,"2850-57696_2811-83208"
"CHR-77","CHR-33","2850-57696","2850-57669","2","2",0.318996415770609,"2850-57696_2850-57669"
"CHR-77","CHR-45","2850-57696","2850-57653","2","2",0.308243727598566,"2850-57696_2850-57653"
"CHR-77","CHR-151","2850-57696","2850-57570","2","2",0.318996415770609,"2850-57696_2850-57570"
"CHR-77","CHR-39","2850-57696","2850-57620","2","2",0.344086021505376,"2850-57696_2850-57620"
"CHR-77","CHR-95","2850-57696","2850-57881","2","2",0.344086021505376,"2850-57696_2850-57881"
"CHR-77","CHR-16","2850-57696","2850-57581","2","2",0.333333333333333,"2850-57696_2850-57581"
"CHR-77","CHR-115","2850-57696","2850-57745","2","2",0.32258064516129,"2850-57696_2850-57745"
"CHR-77","CHR-78","2850-57696","2850-57744","2","2",0.344086021505376,"2850-57696_2850-57744"
"CHR-77","CHR-77","2850-57696","unb-CHR-77","2","2",0.344086021505376,"2850-57696_unb-CHR-77"
"CHR-77","CHR-93","2850-57696","2640-97588","2","2",0.311827956989247,"2850-57696_2640-97588"
"CHR-77","CHR-119","2850-57696","2850-57806","2","2",0.329749103942652,"2850-57696_2850-57806"
"CHR-77","CHR-12","2850-57696","unb-CHR-76and12","2","2",0.308243727598566,"2850-57696_unb-CHR-76and12"
"CHR-77","CHR-6","2850-57696","2850-57582","2","2",0.344086021505376,"2850-57696_2850-57582"
"CHR-77","CHR-52","2850-57696","2850-57742","2","2",0.318996415770609,"2850-57696_2850-57742"
"CHR-77","CHR-112","2850-57696","2850-57647","2","2",0.344086021505376,"2850-57696_2850-57647"
"CHR-77","CHR-99","2850-57696","2850-57578","2","2",0.344086021505376,"2850-57696_2850-57578"
"CHR-77","CHR-101","2850-57696","2850-57733","2","2",0.336917562724014,"2850-57696_2850-57733"
"CHR-77","CHR-150","2850-57696","2850-57577","2","2",0.344086021505376,"2850-57696_2850-57577"
"CHR-77","CHR-32","2850-57696","2850-57731","2","3",0.315412186379928,"2850-57696_2850-57731"
"CHR-77","CHR-149","2850-57696","2850-57669","2","3",0.318996415770609,"2850-57696_2850-57669"
"CHR-93","CHR-29","2850-57730","2850-57808","2","1",0.296774193548387,"2850-57730_2850-57808"
"CHR-93","CHR-32","2850-57730","2850-57731","2","1",0.287096774193548,"2850-57730_2850-57731"
"CHR-93","CHR-102","2850-57730","2640-97589","2","1",0.293548387096774,"2850-57730_2640-97589"
"CHR-93","CHR-96","2850-57730","2850-57806","2","1",0.312903225806452,"2850-57730_2850-57806"
"CHR-93","CHR-58","2850-57730","2850-57579","2","1",0.319354838709677,"2850-57730_2850-57579"
"CHR-93","CHR-97","2850-57730","2850-57589","2","1",0.319354838709677,"2850-57730_2850-57589"
"CHR-93","CHR-7","2850-57730","unb-CHR-7and9","2","1",0.312903225806452,"2850-57730_unb-CHR-7and9"
"CHR-93","CHR-4","2850-57730","2811-83208","2","1",0.319354838709677,"2850-57730_2811-83208"
"CHR-93","CHR-33","2850-57730","2850-57669","2","1",0.3,"2850-57730_2850-57669"
"CHR-93","CHR-86","2850-57730","2850-57653","2","1",0.290322580645161,"2850-57730_2850-57653"
"CHR-93","CHR-133","2850-57730","2850-57570","2","1",0.290322580645161,"2850-57730_2850-57570"
"CHR-93","CHR-39","2850-57730","2850-57620","2","1",0.319354838709677,"2850-57730_2850-57620"
"CHR-93","CHR-25","2850-57730","2850-57881","2","1",0.319354838709677,"2850-57730_2850-57881"
"CHR-93","CHR-66","2850-57730","2850-57581","2","1",0.312903225806452,"2850-57730_2850-57581"
"CHR-93","CHR-80","2850-57730","2850-57580","2","1",0.319354838709677,"2850-57730_2850-57580"
"CHR-93","CHR-82","2850-57730","2850-57745","2","1",0.293548387096774,"2850-57730_2850-57745"
"CHR-93","CHR-78","2850-57730","2850-57744","2","1",0.319354838709677,"2850-57730_2850-57744"
"CHR-93","CHR-73","2850-57730","2850-57671","2","1",0.319354838709677,"2850-57730_2850-57671"
"CHR-93","CHR-77","2850-57730","unb-CHR-77","2","1",0.290322580645161,"2850-57730_unb-CHR-77"
"CHR-93","CHR-93","2850-57730","2640-97588","2","1",0.319354838709677,"2850-57730_2640-97588"
"CHR-93","CHR-37","2850-57730","2850-57806","2","1",0.309677419354839,"2850-57730_2850-57806"
"CHR-93","CHR-43","2850-57730","2850-57567","2","1",0.319354838709677,"2850-57730_2850-57567"
"CHR-93","CHR-76","2850-57730","unb-CHR-76and12","2","1",0.290322580645161,"2850-57730_unb-CHR-76and12"
"CHR-93","CHR-74","2850-57730","2850-57582","2","1",0.319354838709677,"2850-57730_2850-57582"
"CHR-93","CHR-110","2850-57730","2850-57742","2","1",0.3,"2850-57730_2850-57742"
"CHR-93","CHR-112","2850-57730","2850-57647","2","1",0.319354838709677,"2850-57730_2850-57647"
"CHR-93","CHR-99","2850-57730","2850-57578","2","1",0.319354838709677,"2850-57730_2850-57578"
"CHR-93","CHR-11","2850-57730","2850-57733","2","1",0.306451612903226,"2850-57730_2850-57733"
"CHR-93","CHR-148","2850-57730","2850-57582","2","1",0.319354838709677,"2850-57730_2850-57582"
"CHR-93","CHR-128","2850-57730","2850-57577","2","1",0.319354838709677,"2850-57730_2850-57577"
"CHR-93","CHR-145","2850-57730","unb-CHR-145","2","1",0.303225806451613,"2850-57730_unb-CHR-145"
"CHR-93","CHR-27","2850-57730","2850-57808","2","2",0.296774193548387,"2850-57730_2850-57808"
"CHR-93","CHR-109","2850-57730","2850-57731","2","2",0.287096774193548,"2850-57730_2850-57731"
"CHR-93","CHR-102","2850-57730","2640-97589","2","2",0.293548387096774,"2850-57730_2640-97589"
"CHR-93","CHR-96","2850-57730","2850-57806","2","2",0.312903225806452,"2850-57730_2850-57806"
"CHR-93","CHR-139","2850-57730","2850-57579","2","2",0.319354838709677,"2850-57730_2850-57579"
"CHR-93","CHR-19","2850-57730","2850-57589","2","2",0.319354838709677,"2850-57730_2850-57589"
"CHR-93","CHR-9","2850-57730","unb-CHR-7and9","2","2",0.312903225806452,"2850-57730_unb-CHR-7and9"
"CHR-93","CHR-4","2850-57730","2811-83208","2","2",0.319354838709677,"2850-57730_2811-83208"
"CHR-93","CHR-33","2850-57730","2850-57669","2","2",0.3,"2850-57730_2850-57669"
"CHR-93","CHR-45","2850-57730","2850-57653","2","2",0.290322580645161,"2850-57730_2850-57653"
"CHR-93","CHR-151","2850-57730","2850-57570","2","2",0.290322580645161,"2850-57730_2850-57570"
"CHR-93","CHR-39","2850-57730","2850-57620","2","2",0.319354838709677,"2850-57730_2850-57620"
"CHR-93","CHR-95","2850-57730","2850-57881","2","2",0.319354838709677,"2850-57730_2850-57881"
"CHR-93","CHR-16","2850-57730","2850-57581","2","2",0.312903225806452,"2850-57730_2850-57581"
"CHR-93","CHR-115","2850-57730","2850-57745","2","2",0.293548387096774,"2850-57730_2850-57745"
"CHR-93","CHR-78","2850-57730","2850-57744","2","2",0.319354838709677,"2850-57730_2850-57744"
"CHR-93","CHR-77","2850-57730","unb-CHR-77","2","2",0.290322580645161,"2850-57730_unb-CHR-77"
"CHR-93","CHR-93","2850-57730","2640-97588","2","2",0.319354838709677,"2850-57730_2640-97588"
"CHR-93","CHR-119","2850-57730","2850-57806","2","2",0.309677419354839,"2850-57730_2850-57806"
"CHR-93","CHR-12","2850-57730","unb-CHR-76and12","2","2",0.290322580645161,"2850-57730_unb-CHR-76and12"
"CHR-93","CHR-6","2850-57730","2850-57582","2","2",0.319354838709677,"2850-57730_2850-57582"
"CHR-93","CHR-52","2850-57730","2850-57742","2","2",0.3,"2850-57730_2850-57742"
"CHR-93","CHR-112","2850-57730","2850-57647","2","2",0.319354838709677,"2850-57730_2850-57647"
"CHR-93","CHR-99","2850-57730","2850-57578","2","2",0.319354838709677,"2850-57730_2850-57578"
"CHR-93","CHR-101","2850-57730","2850-57733","2","2",0.306451612903226,"2850-57730_2850-57733"
"CHR-93","CHR-150","2850-57730","2850-57577","2","2",0.319354838709677,"2850-57730_2850-57577"
"CHR-93","CHR-32","2850-57730","2850-57731","2","3",0.287096774193548,"2850-57730_2850-57731"
"CHR-93","CHR-149","2850-57730","2850-57669","2","3",0.3,"2850-57730_2850-57669"
"CHR-119","CHR-29","2850-57735","2850-57808","2","1",0.197132616487455,"2850-57735_2850-57808"
"CHR-119","CHR-32","2850-57735","2850-57731","2","1",0.211469534050179,"2850-57735_2850-57731"
"CHR-119","CHR-102","2850-57735","2640-97589","2","1",0.197132616487455,"2850-57735_2640-97589"
"CHR-119","CHR-96","2850-57735","2850-57806","2","1",0.186379928315412,"2850-57735_2850-57806"
"CHR-119","CHR-58","2850-57735","2850-57579","2","1",0.218637992831541,"2850-57735_2850-57579"
"CHR-119","CHR-97","2850-57735","2850-57589","2","1",0.218637992831541,"2850-57735_2850-57589"
"CHR-119","CHR-7","2850-57735","unb-CHR-7and9","2","1",0.218637992831541,"2850-57735_unb-CHR-7and9"
"CHR-119","CHR-4","2850-57735","2811-83208","2","1",0.218637992831541,"2850-57735_2811-83208"
"CHR-119","CHR-33","2850-57735","2850-57669","2","1",0.204301075268817,"2850-57735_2850-57669"
"CHR-119","CHR-86","2850-57735","2850-57653","2","1",0.200716845878136,"2850-57735_2850-57653"
"CHR-119","CHR-133","2850-57735","2850-57570","2","1",0.21505376344086,"2850-57735_2850-57570"
"CHR-119","CHR-39","2850-57735","2850-57620","2","1",0.218637992831541,"2850-57735_2850-57620"
"CHR-119","CHR-25","2850-57735","2850-57881","2","1",0.218637992831541,"2850-57735_2850-57881"
"CHR-119","CHR-66","2850-57735","2850-57581","2","1",0.186379928315412,"2850-57735_2850-57581"
"CHR-119","CHR-80","2850-57735","2850-57580","2","1",0.218637992831541,"2850-57735_2850-57580"
"CHR-119","CHR-82","2850-57735","2850-57745","2","1",0.218637992831541,"2850-57735_2850-57745"
"CHR-119","CHR-78","2850-57735","2850-57744","2","1",0.218637992831541,"2850-57735_2850-57744"
"CHR-119","CHR-73","2850-57735","2850-57671","2","1",0.218637992831541,"2850-57735_2850-57671"
"CHR-119","CHR-77","2850-57735","unb-CHR-77","2","1",0.204301075268817,"2850-57735_unb-CHR-77"
"CHR-119","CHR-93","2850-57735","2640-97588","2","1",0.207885304659498,"2850-57735_2640-97588"
"CHR-119","CHR-37","2850-57735","2850-57806","2","1",0.218637992831541,"2850-57735_2850-57806"
"CHR-119","CHR-43","2850-57735","2850-57567","2","1",0.218637992831541,"2850-57735_2850-57567"
"CHR-119","CHR-76","2850-57735","unb-CHR-76and12","2","1",0.204301075268817,"2850-57735_unb-CHR-76and12"
"CHR-119","CHR-74","2850-57735","2850-57582","2","1",0.218637992831541,"2850-57735_2850-57582"
"CHR-119","CHR-110","2850-57735","2850-57742","2","1",0.189964157706093,"2850-57735_2850-57742"
"CHR-119","CHR-112","2850-57735","2850-57647","2","1",0.218637992831541,"2850-57735_2850-57647"
"CHR-119","CHR-99","2850-57735","2850-57578","2","1",0.218637992831541,"2850-57735_2850-57578"
"CHR-119","CHR-11","2850-57735","2850-57733","2","1",0.218637992831541,"2850-57735_2850-57733"
"CHR-119","CHR-148","2850-57735","2850-57582","2","1",0.218637992831541,"2850-57735_2850-57582"
"CHR-119","CHR-128","2850-57735","2850-57577","2","1",0.218637992831541,"2850-57735_2850-57577"
"CHR-119","CHR-145","2850-57735","unb-CHR-145","2","1",0.218637992831541,"2850-57735_unb-CHR-145"
"CHR-119","CHR-27","2850-57735","2850-57808","2","2",0.197132616487455,"2850-57735_2850-57808"
"CHR-119","CHR-109","2850-57735","2850-57731","2","2",0.211469534050179,"2850-57735_2850-57731"
"CHR-119","CHR-102","2850-57735","2640-97589","2","2",0.197132616487455,"2850-57735_2640-97589"
"CHR-119","CHR-96","2850-57735","2850-57806","2","2",0.186379928315412,"2850-57735_2850-57806"
"CHR-119","CHR-139","2850-57735","2850-57579","2","2",0.218637992831541,"2850-57735_2850-57579"
"CHR-119","CHR-19","2850-57735","2850-57589","2","2",0.218637992831541,"2850-57735_2850-57589"
"CHR-119","CHR-9","2850-57735","unb-CHR-7and9","2","2",0.218637992831541,"2850-57735_unb-CHR-7and9"
"CHR-119","CHR-4","2850-57735","2811-83208","2","2",0.218637992831541,"2850-57735_2811-83208"
"CHR-119","CHR-33","2850-57735","2850-57669","2","2",0.204301075268817,"2850-57735_2850-57669"
"CHR-119","CHR-45","2850-57735","2850-57653","2","2",0.200716845878136,"2850-57735_2850-57653"
"CHR-119","CHR-151","2850-57735","2850-57570","2","2",0.21505376344086,"2850-57735_2850-57570"
"CHR-119","CHR-39","2850-57735","2850-57620","2","2",0.218637992831541,"2850-57735_2850-57620"
"CHR-119","CHR-95","2850-57735","2850-57881","2","2",0.218637992831541,"2850-57735_2850-57881"
"CHR-119","CHR-16","2850-57735","2850-57581","2","2",0.186379928315412,"2850-57735_2850-57581"
"CHR-119","CHR-115","2850-57735","2850-57745","2","2",0.218637992831541,"2850-57735_2850-57745"
"CHR-119","CHR-78","2850-57735","2850-57744","2","2",0.218637992831541,"2850-57735_2850-57744"
"CHR-119","CHR-77","2850-57735","unb-CHR-77","2","2",0.204301075268817,"2850-57735_unb-CHR-77"
"CHR-119","CHR-93","2850-57735","2640-97588","2","2",0.207885304659498,"2850-57735_2640-97588"
"CHR-119","CHR-119","2850-57735","2850-57806","2","2",0.218637992831541,"2850-57735_2850-57806"
"CHR-119","CHR-12","2850-57735","unb-CHR-76and12","2","2",0.204301075268817,"2850-57735_unb-CHR-76and12"
"CHR-119","CHR-6","2850-57735","2850-57582","2","2",0.218637992831541,"2850-57735_2850-57582"
"CHR-119","CHR-52","2850-57735","2850-57742","2","2",0.189964157706093,"2850-57735_2850-57742"
"CHR-119","CHR-112","2850-57735","2850-57647","2","2",0.218637992831541,"2850-57735_2850-57647"
"CHR-119","CHR-99","2850-57735","2850-57578","2","2",0.218637992831541,"2850-57735_2850-57578"
"CHR-119","CHR-101","2850-57735","2850-57733","2","2",0.218637992831541,"2850-57735_2850-57733"
"CHR-119","CHR-150","2850-57735","2850-57577","2","2",0.218637992831541,"2850-57735_2850-57577"
"CHR-119","CHR-32","2850-57735","2850-57731","2","3",0.211469534050179,"2850-57735_2850-57731"
"CHR-119","CHR-149","2850-57735","2850-57669","2","3",0.204301075268817,"2850-57735_2850-57669"
"CHR-12","CHR-29","2850-57737","2850-57808","2","1",0.315412186379928,"2850-57737_2850-57808"
"CHR-12","CHR-32","2850-57737","2850-57731","2","1",0.315412186379928,"2850-57737_2850-57731"
"CHR-12","CHR-102","2850-57737","2640-97589","2","1",0.311827956989247,"2850-57737_2640-97589"
"CHR-12","CHR-96","2850-57737","2850-57806","2","1",0.333333333333333,"2850-57737_2850-57806"
"CHR-12","CHR-58","2850-57737","2850-57579","2","1",0.344086021505376,"2850-57737_2850-57579"
"CHR-12","CHR-97","2850-57737","2850-57589","2","1",0.344086021505376,"2850-57737_2850-57589"
"CHR-12","CHR-7","2850-57737","unb-CHR-7and9","2","1",0.344086021505376,"2850-57737_unb-CHR-7and9"
"CHR-12","CHR-4","2850-57737","2811-83208","2","1",0.344086021505376,"2850-57737_2811-83208"
"CHR-12","CHR-33","2850-57737","2850-57669","2","1",0.318996415770609,"2850-57737_2850-57669"
"CHR-12","CHR-86","2850-57737","2850-57653","2","1",0.308243727598566,"2850-57737_2850-57653"
"CHR-12","CHR-133","2850-57737","2850-57570","2","1",0.318996415770609,"2850-57737_2850-57570"
"CHR-12","CHR-39","2850-57737","2850-57620","2","1",0.344086021505376,"2850-57737_2850-57620"
"CHR-12","CHR-25","2850-57737","2850-57881","2","1",0.344086021505376,"2850-57737_2850-57881"
"CHR-12","CHR-66","2850-57737","2850-57581","2","1",0.333333333333333,"2850-57737_2850-57581"
"CHR-12","CHR-80","2850-57737","2850-57580","2","1",0.344086021505376,"2850-57737_2850-57580"
"CHR-12","CHR-82","2850-57737","2850-57745","2","1",0.32258064516129,"2850-57737_2850-57745"
"CHR-12","CHR-78","2850-57737","2850-57744","2","1",0.344086021505376,"2850-57737_2850-57744"
"CHR-12","CHR-73","2850-57737","2850-57671","2","1",0.344086021505376,"2850-57737_2850-57671"
"CHR-12","CHR-77","2850-57737","unb-CHR-77","2","1",0.308243727598566,"2850-57737_unb-CHR-77"
"CHR-12","CHR-93","2850-57737","2640-97588","2","1",0.311827956989247,"2850-57737_2640-97588"
"CHR-12","CHR-37","2850-57737","2850-57806","2","1",0.329749103942652,"2850-57737_2850-57806"
"CHR-12","CHR-43","2850-57737","2850-57567","2","1",0.344086021505376,"2850-57737_2850-57567"
"CHR-12","CHR-76","2850-57737","unb-CHR-76and12","2","1",0.344086021505376,"2850-57737_unb-CHR-76and12"
"CHR-12","CHR-74","2850-57737","2850-57582","2","1",0.344086021505376,"2850-57737_2850-57582"
"CHR-12","CHR-110","2850-57737","2850-57742","2","1",0.318996415770609,"2850-57737_2850-57742"
"CHR-12","CHR-112","2850-57737","2850-57647","2","1",0.344086021505376,"2850-57737_2850-57647"
"CHR-12","CHR-99","2850-57737","2850-57578","2","1",0.344086021505376,"2850-57737_2850-57578"
"CHR-12","CHR-11","2850-57737","2850-57733","2","1",0.336917562724014,"2850-57737_2850-57733"
"CHR-12","CHR-148","2850-57737","2850-57582","2","1",0.344086021505376,"2850-57737_2850-57582"
"CHR-12","CHR-128","2850-57737","2850-57577","2","1",0.344086021505376,"2850-57737_2850-57577"
"CHR-12","CHR-145","2850-57737","unb-CHR-145","2","1",0.333333333333333,"2850-57737_unb-CHR-145"
"CHR-12","CHR-27","2850-57737","2850-57808","2","2",0.315412186379928,"2850-57737_2850-57808"
"CHR-12","CHR-109","2850-57737","2850-57731","2","2",0.315412186379928,"2850-57737_2850-57731"
"CHR-12","CHR-102","2850-57737","2640-97589","2","2",0.311827956989247,"2850-57737_2640-97589"
"CHR-12","CHR-96","2850-57737","2850-57806","2","2",0.333333333333333,"2850-57737_2850-57806"
"CHR-12","CHR-139","2850-57737","2850-57579","2","2",0.344086021505376,"2850-57737_2850-57579"
"CHR-12","CHR-19","2850-57737","2850-57589","2","2",0.344086021505376,"2850-57737_2850-57589"
"CHR-12","CHR-9","2850-57737","unb-CHR-7and9","2","2",0.344086021505376,"2850-57737_unb-CHR-7and9"
"CHR-12","CHR-4","2850-57737","2811-83208","2","2",0.344086021505376,"2850-57737_2811-83208"
"CHR-12","CHR-33","2850-57737","2850-57669","2","2",0.318996415770609,"2850-57737_2850-57669"
"CHR-12","CHR-45","2850-57737","2850-57653","2","2",0.308243727598566,"2850-57737_2850-57653"
"CHR-12","CHR-151","2850-57737","2850-57570","2","2",0.318996415770609,"2850-57737_2850-57570"
"CHR-12","CHR-39","2850-57737","2850-57620","2","2",0.344086021505376,"2850-57737_2850-57620"
"CHR-12","CHR-95","2850-57737","2850-57881","2","2",0.344086021505376,"2850-57737_2850-57881"
"CHR-12","CHR-16","2850-57737","2850-57581","2","2",0.333333333333333,"2850-57737_2850-57581"
"CHR-12","CHR-115","2850-57737","2850-57745","2","2",0.32258064516129,"2850-57737_2850-57745"
"CHR-12","CHR-78","2850-57737","2850-57744","2","2",0.344086021505376,"2850-57737_2850-57744"
"CHR-12","CHR-77","2850-57737","unb-CHR-77","2","2",0.308243727598566,"2850-57737_unb-CHR-77"
"CHR-12","CHR-93","2850-57737","2640-97588","2","2",0.311827956989247,"2850-57737_2640-97588"
"CHR-12","CHR-119","2850-57737","2850-57806","2","2",0.329749103942652,"2850-57737_2850-57806"
"CHR-12","CHR-12","2850-57737","unb-CHR-76and12","2","2",0.344086021505376,"2850-57737_unb-CHR-76and12"
"CHR-12","CHR-6","2850-57737","2850-57582","2","2",0.344086021505376,"2850-57737_2850-57582"
"CHR-12","CHR-52","2850-57737","2850-57742","2","2",0.318996415770609,"2850-57737_2850-57742"
"CHR-12","CHR-112","2850-57737","2850-57647","2","2",0.344086021505376,"2850-57737_2850-57647"
"CHR-12","CHR-99","2850-57737","2850-57578","2","2",0.344086021505376,"2850-57737_2850-57578"
"CHR-12","CHR-101","2850-57737","2850-57733","2","2",0.336917562724014,"2850-57737_2850-57733"
"CHR-12","CHR-150","2850-57737","2850-57577","2","2",0.344086021505376,"2850-57737_2850-57577"
"CHR-12","CHR-32","2850-57737","2850-57731","2","3",0.315412186379928,"2850-57737_2850-57731"
"CHR-12","CHR-149","2850-57737","2850-57669","2","3",0.318996415770609,"2850-57737_2850-57669"
"CHR-6","CHR-29","2850-57746","2850-57808","2","1",0.183870967741935,"2850-57746_2850-57808"
"CHR-6","CHR-32","2850-57746","2850-57731","2","1",0.183870967741935,"2850-57746_2850-57731"
"CHR-6","CHR-102","2850-57746","2640-97589","2","1",0.183870967741935,"2850-57746_2640-97589"
"CHR-6","CHR-96","2850-57746","2850-57806","2","1",0.183870967741935,"2850-57746_2850-57806"
"CHR-6","CHR-58","2850-57746","2850-57579","2","1",0.183870967741935,"2850-57746_2850-57579"
"CHR-6","CHR-97","2850-57746","2850-57589","2","1",0.154838709677419,"2850-57746_2850-57589"
"CHR-6","CHR-7","2850-57746","unb-CHR-7and9","2","1",0.183870967741935,"2850-57746_unb-CHR-7and9"
"CHR-6","CHR-4","2850-57746","2811-83208","2","1",0.158064516129032,"2850-57746_2811-83208"
"CHR-6","CHR-33","2850-57746","2850-57669","2","1",0.158064516129032,"2850-57746_2850-57669"
"CHR-6","CHR-86","2850-57746","2850-57653","2","1",0.183870967741935,"2850-57746_2850-57653"
"CHR-6","CHR-133","2850-57746","2850-57570","2","1",0.183870967741935,"2850-57746_2850-57570"
"CHR-6","CHR-39","2850-57746","2850-57620","2","1",0.158064516129032,"2850-57746_2850-57620"
"CHR-6","CHR-25","2850-57746","2850-57881","2","1",0.158064516129032,"2850-57746_2850-57881"
"CHR-6","CHR-66","2850-57746","2850-57581","2","1",0.183870967741935,"2850-57746_2850-57581"
"CHR-6","CHR-80","2850-57746","2850-57580","2","1",0.183870967741935,"2850-57746_2850-57580"
"CHR-6","CHR-82","2850-57746","2850-57745","2","1",0.183870967741935,"2850-57746_2850-57745"
"CHR-6","CHR-78","2850-57746","2850-57744","2","1",0.17741935483871,"2850-57746_2850-57744"
"CHR-6","CHR-73","2850-57746","2850-57671","2","1",0.183870967741935,"2850-57746_2850-57671"
"CHR-6","CHR-77","2850-57746","unb-CHR-77","2","1",0.183870967741935,"2850-57746_unb-CHR-77"
"CHR-6","CHR-93","2850-57746","2640-97588","2","1",0.183870967741935,"2850-57746_2640-97588"
"CHR-6","CHR-37","2850-57746","2850-57806","2","1",0.183870967741935,"2850-57746_2850-57806"
"CHR-6","CHR-43","2850-57746","2850-57567","2","1",0.183870967741935,"2850-57746_2850-57567"
"CHR-6","CHR-76","2850-57746","unb-CHR-76and12","2","1",0.183870967741935,"2850-57746_unb-CHR-76and12"
"CHR-6","CHR-74","2850-57746","2850-57582","2","1",0.183870967741935,"2850-57746_2850-57582"
"CHR-6","CHR-110","2850-57746","2850-57742","2","1",0.183870967741935,"2850-57746_2850-57742"
"CHR-6","CHR-112","2850-57746","2850-57647","2","1",0.174193548387097,"2850-57746_2850-57647"
"CHR-6","CHR-99","2850-57746","2850-57578","2","1",0.164516129032258,"2850-57746_2850-57578"
"CHR-6","CHR-11","2850-57746","2850-57733","2","1",0.183870967741935,"2850-57746_2850-57733"
"CHR-6","CHR-148","2850-57746","2850-57582","2","1",0.17741935483871,"2850-57746_2850-57582"
"CHR-6","CHR-128","2850-57746","2850-57577","2","1",0.174193548387097,"2850-57746_2850-57577"
"CHR-6","CHR-145","2850-57746","unb-CHR-145","2","1",0.183870967741935,"2850-57746_unb-CHR-145"
"CHR-6","CHR-27","2850-57746","2850-57808","2","2",0.183870967741935,"2850-57746_2850-57808"
"CHR-6","CHR-109","2850-57746","2850-57731","2","2",0.183870967741935,"2850-57746_2850-57731"
"CHR-6","CHR-102","2850-57746","2640-97589","2","2",0.183870967741935,"2850-57746_2640-97589"
"CHR-6","CHR-96","2850-57746","2850-57806","2","2",0.183870967741935,"2850-57746_2850-57806"
"CHR-6","CHR-139","2850-57746","2850-57579","2","2",0.183870967741935,"2850-57746_2850-57579"
"CHR-6","CHR-19","2850-57746","2850-57589","2","2",0.154838709677419,"2850-57746_2850-57589"
"CHR-6","CHR-9","2850-57746","unb-CHR-7and9","2","2",0.183870967741935,"2850-57746_unb-CHR-7and9"
"CHR-6","CHR-4","2850-57746","2811-83208","2","2",0.158064516129032,"2850-57746_2811-83208"
"CHR-6","CHR-33","2850-57746","2850-57669","2","2",0.158064516129032,"2850-57746_2850-57669"
"CHR-6","CHR-45","2850-57746","2850-57653","2","2",0.183870967741935,"2850-57746_2850-57653"
"CHR-6","CHR-151","2850-57746","2850-57570","2","2",0.183870967741935,"2850-57746_2850-57570"
"CHR-6","CHR-39","2850-57746","2850-57620","2","2",0.158064516129032,"2850-57746_2850-57620"
"CHR-6","CHR-95","2850-57746","2850-57881","2","2",0.158064516129032,"2850-57746_2850-57881"
"CHR-6","CHR-16","2850-57746","2850-57581","2","2",0.183870967741935,"2850-57746_2850-57581"
"CHR-6","CHR-115","2850-57746","2850-57745","2","2",0.183870967741935,"2850-57746_2850-57745"
"CHR-6","CHR-78","2850-57746","2850-57744","2","2",0.17741935483871,"2850-57746_2850-57744"
"CHR-6","CHR-77","2850-57746","unb-CHR-77","2","2",0.183870967741935,"2850-57746_unb-CHR-77"
"CHR-6","CHR-93","2850-57746","2640-97588","2","2",0.183870967741935,"2850-57746_2640-97588"
"CHR-6","CHR-119","2850-57746","2850-57806","2","2",0.183870967741935,"2850-57746_2850-57806"
"CHR-6","CHR-12","2850-57746","unb-CHR-76and12","2","2",0.183870967741935,"2850-57746_unb-CHR-76and12"
"CHR-6","CHR-6","2850-57746","2850-57582","2","2",0.183870967741935,"2850-57746_2850-57582"
"CHR-6","CHR-52","2850-57746","2850-57742","2","2",0.183870967741935,"2850-57746_2850-57742"
"CHR-6","CHR-112","2850-57746","2850-57647","2","2",0.174193548387097,"2850-57746_2850-57647"
"CHR-6","CHR-99","2850-57746","2850-57578","2","2",0.164516129032258,"2850-57746_2850-57578"
"CHR-6","CHR-101","2850-57746","2850-57733","2","2",0.183870967741935,"2850-57746_2850-57733"
"CHR-6","CHR-150","2850-57746","2850-57577","2","2",0.174193548387097,"2850-57746_2850-57577"
"CHR-6","CHR-32","2850-57746","2850-57731","2","3",0.183870967741935,"2850-57746_2850-57731"
"CHR-6","CHR-149","2850-57746","2850-57669","2","3",0.158064516129032,"2850-57746_2850-57669"
"CHR-52","CHR-29","2850-57846","2850-57808","2","1",0.251612903225806,"2850-57846_2850-57808"
"CHR-52","CHR-32","2850-57846","2850-57731","2","1",0.264516129032258,"2850-57846_2850-57731"
"CHR-52","CHR-102","2850-57846","2640-97589","2","1",0.251612903225806,"2850-57846_2640-97589"
"CHR-52","CHR-96","2850-57846","2850-57806","2","1",0.258064516129032,"2850-57846_2850-57806"
"CHR-52","CHR-58","2850-57846","2850-57579","2","1",0.280645161290323,"2850-57846_2850-57579"
"CHR-52","CHR-97","2850-57846","2850-57589","2","1",0.280645161290323,"2850-57846_2850-57589"
"CHR-52","CHR-7","2850-57846","unb-CHR-7and9","2","1",0.280645161290323,"2850-57846_unb-CHR-7and9"
"CHR-52","CHR-4","2850-57846","2811-83208","2","1",0.280645161290323,"2850-57846_2811-83208"
"CHR-52","CHR-33","2850-57846","2850-57669","2","1",0.258064516129032,"2850-57846_2850-57669"
"CHR-52","CHR-86","2850-57846","2850-57653","2","1",0.254838709677419,"2850-57846_2850-57653"
"CHR-52","CHR-133","2850-57846","2850-57570","2","1",0.267741935483871,"2850-57846_2850-57570"
"CHR-52","CHR-39","2850-57846","2850-57620","2","1",0.280645161290323,"2850-57846_2850-57620"
"CHR-52","CHR-25","2850-57846","2850-57881","2","1",0.280645161290323,"2850-57846_2850-57881"
"CHR-52","CHR-66","2850-57846","2850-57581","2","1",0.258064516129032,"2850-57846_2850-57581"
"CHR-52","CHR-80","2850-57846","2850-57580","2","1",0.280645161290323,"2850-57846_2850-57580"
"CHR-52","CHR-82","2850-57846","2850-57745","2","1",0.270967741935484,"2850-57846_2850-57745"
"CHR-52","CHR-78","2850-57846","2850-57744","2","1",0.280645161290323,"2850-57846_2850-57744"
"CHR-52","CHR-73","2850-57846","2850-57671","2","1",0.280645161290323,"2850-57846_2850-57671"
"CHR-52","CHR-77","2850-57846","unb-CHR-77","2","1",0.258064516129032,"2850-57846_unb-CHR-77"
"CHR-52","CHR-93","2850-57846","2640-97588","2","1",0.261290322580645,"2850-57846_2640-97588"
"CHR-52","CHR-37","2850-57846","2850-57806","2","1",0.254838709677419,"2850-57846_2850-57806"
"CHR-52","CHR-43","2850-57846","2850-57567","2","1",0.280645161290323,"2850-57846_2850-57567"
"CHR-52","CHR-76","2850-57846","unb-CHR-76and12","2","1",0.258064516129032,"2850-57846_unb-CHR-76and12"
"CHR-52","CHR-74","2850-57846","2850-57582","2","1",0.280645161290323,"2850-57846_2850-57582"
"CHR-52","CHR-110","2850-57846","2850-57742","2","1",0.280645161290323,"2850-57846_2850-57742"
"CHR-52","CHR-112","2850-57846","2850-57647","2","1",0.280645161290323,"2850-57846_2850-57647"
"CHR-52","CHR-99","2850-57846","2850-57578","2","1",0.280645161290323,"2850-57846_2850-57578"
"CHR-52","CHR-11","2850-57846","2850-57733","2","1",0.280645161290323,"2850-57846_2850-57733"
"CHR-52","CHR-148","2850-57846","2850-57582","2","1",0.280645161290323,"2850-57846_2850-57582"
"CHR-52","CHR-128","2850-57846","2850-57577","2","1",0.280645161290323,"2850-57846_2850-57577"
"CHR-52","CHR-145","2850-57846","unb-CHR-145","2","1",0.280645161290323,"2850-57846_unb-CHR-145"
"CHR-52","CHR-27","2850-57846","2850-57808","2","2",0.251612903225806,"2850-57846_2850-57808"
"CHR-52","CHR-109","2850-57846","2850-57731","2","2",0.264516129032258,"2850-57846_2850-57731"
"CHR-52","CHR-102","2850-57846","2640-97589","2","2",0.251612903225806,"2850-57846_2640-97589"
"CHR-52","CHR-96","2850-57846","2850-57806","2","2",0.258064516129032,"2850-57846_2850-57806"
"CHR-52","CHR-139","2850-57846","2850-57579","2","2",0.280645161290323,"2850-57846_2850-57579"
"CHR-52","CHR-19","2850-57846","2850-57589","2","2",0.280645161290323,"2850-57846_2850-57589"
"CHR-52","CHR-9","2850-57846","unb-CHR-7and9","2","2",0.280645161290323,"2850-57846_unb-CHR-7and9"
"CHR-52","CHR-4","2850-57846","2811-83208","2","2",0.280645161290323,"2850-57846_2811-83208"
"CHR-52","CHR-33","2850-57846","2850-57669","2","2",0.258064516129032,"2850-57846_2850-57669"
"CHR-52","CHR-45","2850-57846","2850-57653","2","2",0.254838709677419,"2850-57846_2850-57653"
"CHR-52","CHR-151","2850-57846","2850-57570","2","2",0.267741935483871,"2850-57846_2850-57570"
"CHR-52","CHR-39","2850-57846","2850-57620","2","2",0.280645161290323,"2850-57846_2850-57620"
"CHR-52","CHR-95","2850-57846","2850-57881","2","2",0.280645161290323,"2850-57846_2850-57881"
"CHR-52","CHR-16","2850-57846","2850-57581","2","2",0.258064516129032,"2850-57846_2850-57581"
"CHR-52","CHR-115","2850-57846","2850-57745","2","2",0.270967741935484,"2850-57846_2850-57745"
"CHR-52","CHR-78","2850-57846","2850-57744","2","2",0.280645161290323,"2850-57846_2850-57744"
"CHR-52","CHR-77","2850-57846","unb-CHR-77","2","2",0.258064516129032,"2850-57846_unb-CHR-77"
"CHR-52","CHR-93","2850-57846","2640-97588","2","2",0.261290322580645,"2850-57846_2640-97588"
"CHR-52","CHR-119","2850-57846","2850-57806","2","2",0.254838709677419,"2850-57846_2850-57806"
"CHR-52","CHR-12","2850-57846","unb-CHR-76and12","2","2",0.258064516129032,"2850-57846_unb-CHR-76and12"
"CHR-52","CHR-6","2850-57846","2850-57582","2","2",0.280645161290323,"2850-57846_2850-57582"
"CHR-52","CHR-52","2850-57846","2850-57742","2","2",0.280645161290323,"2850-57846_2850-57742"
"CHR-52","CHR-112","2850-57846","2850-57647","2","2",0.280645161290323,"2850-57846_2850-57647"
"CHR-52","CHR-99","2850-57846","2850-57578","2","2",0.280645161290323,"2850-57846_2850-57578"
"CHR-52","CHR-101","2850-57846","2850-57733","2","2",0.280645161290323,"2850-57846_2850-57733"
"CHR-52","CHR-150","2850-57846","2850-57577","2","2",0.280645161290323,"2850-57846_2850-57577"
"CHR-52","CHR-32","2850-57846","2850-57731","2","3",0.264516129032258,"2850-57846_2850-57731"
"CHR-52","CHR-149","2850-57846","2850-57669","2","3",0.258064516129032,"2850-57846_2850-57669"
"CHR-112","CHR-29","2850-57879","2850-57808","2","1",0.154838709677419,"2850-57879_2850-57808"
"CHR-112","CHR-32","2850-57879","2850-57731","2","1",0.154838709677419,"2850-57879_2850-57731"
"CHR-112","CHR-102","2850-57879","2640-97589","2","1",0.154838709677419,"2850-57879_2640-97589"
"CHR-112","CHR-96","2850-57879","2850-57806","2","1",0.154838709677419,"2850-57879_2850-57806"
"CHR-112","CHR-58","2850-57879","2850-57579","2","1",0.154838709677419,"2850-57879_2850-57579"
"CHR-112","CHR-97","2850-57879","2850-57589","2","1",0.151612903225806,"2850-57879_2850-57589"
"CHR-112","CHR-7","2850-57879","unb-CHR-7and9","2","1",0.154838709677419,"2850-57879_unb-CHR-7and9"
"CHR-112","CHR-4","2850-57879","2811-83208","2","1",0.154838709677419,"2850-57879_2811-83208"
"CHR-112","CHR-33","2850-57879","2850-57669","2","1",0.135483870967742,"2850-57879_2850-57669"
"CHR-112","CHR-86","2850-57879","2850-57653","2","1",0.154838709677419,"2850-57879_2850-57653"
"CHR-112","CHR-133","2850-57879","2850-57570","2","1",0.154838709677419,"2850-57879_2850-57570"
"CHR-112","CHR-39","2850-57879","2850-57620","2","1",0.154838709677419,"2850-57879_2850-57620"
"CHR-112","CHR-25","2850-57879","2850-57881","2","1",0.154838709677419,"2850-57879_2850-57881"
"CHR-112","CHR-66","2850-57879","2850-57581","2","1",0.154838709677419,"2850-57879_2850-57581"
"CHR-112","CHR-80","2850-57879","2850-57580","2","1",0.154838709677419,"2850-57879_2850-57580"
"CHR-112","CHR-82","2850-57879","2850-57745","2","1",0.154838709677419,"2850-57879_2850-57745"
"CHR-112","CHR-78","2850-57879","2850-57744","2","1",0.12258064516129,"2850-57879_2850-57744"
"CHR-112","CHR-73","2850-57879","2850-57671","2","1",0.154838709677419,"2850-57879_2850-57671"
"CHR-112","CHR-77","2850-57879","unb-CHR-77","2","1",0.154838709677419,"2850-57879_unb-CHR-77"
"CHR-112","CHR-93","2850-57879","2640-97588","2","1",0.154838709677419,"2850-57879_2640-97588"
"CHR-112","CHR-37","2850-57879","2850-57806","2","1",0.154838709677419,"2850-57879_2850-57806"
"CHR-112","CHR-43","2850-57879","2850-57567","2","1",0.154838709677419,"2850-57879_2850-57567"
"CHR-112","CHR-76","2850-57879","unb-CHR-76and12","2","1",0.154838709677419,"2850-57879_unb-CHR-76and12"
"CHR-112","CHR-74","2850-57879","2850-57582","2","1",0.145161290322581,"2850-57879_2850-57582"
"CHR-112","CHR-110","2850-57879","2850-57742","2","1",0.154838709677419,"2850-57879_2850-57742"
"CHR-112","CHR-112","2850-57879","2850-57647","2","1",0.154838709677419,"2850-57879_2850-57647"
"CHR-112","CHR-99","2850-57879","2850-57578","2","1",0.132258064516129,"2850-57879_2850-57578"
"CHR-112","CHR-11","2850-57879","2850-57733","2","1",0.154838709677419,"2850-57879_2850-57733"
"CHR-112","CHR-148","2850-57879","2850-57582","2","1",0.12258064516129,"2850-57879_2850-57582"
"CHR-112","CHR-128","2850-57879","2850-57577","2","1",0.119354838709677,"2850-57879_2850-57577"
"CHR-112","CHR-145","2850-57879","unb-CHR-145","2","1",0.154838709677419,"2850-57879_unb-CHR-145"
"CHR-112","CHR-27","2850-57879","2850-57808","2","2",0.154838709677419,"2850-57879_2850-57808"
"CHR-112","CHR-109","2850-57879","2850-57731","2","2",0.154838709677419,"2850-57879_2850-57731"
"CHR-112","CHR-102","2850-57879","2640-97589","2","2",0.154838709677419,"2850-57879_2640-97589"
"CHR-112","CHR-96","2850-57879","2850-57806","2","2",0.154838709677419,"2850-57879_2850-57806"
"CHR-112","CHR-139","2850-57879","2850-57579","2","2",0.154838709677419,"2850-57879_2850-57579"
"CHR-112","CHR-19","2850-57879","2850-57589","2","2",0.151612903225806,"2850-57879_2850-57589"
"CHR-112","CHR-9","2850-57879","unb-CHR-7and9","2","2",0.154838709677419,"2850-57879_unb-CHR-7and9"
"CHR-112","CHR-4","2850-57879","2811-83208","2","2",0.154838709677419,"2850-57879_2811-83208"
"CHR-112","CHR-33","2850-57879","2850-57669","2","2",0.135483870967742,"2850-57879_2850-57669"
"CHR-112","CHR-45","2850-57879","2850-57653","2","2",0.154838709677419,"2850-57879_2850-57653"
"CHR-112","CHR-151","2850-57879","2850-57570","2","2",0.154838709677419,"2850-57879_2850-57570"
"CHR-112","CHR-39","2850-57879","2850-57620","2","2",0.154838709677419,"2850-57879_2850-57620"
"CHR-112","CHR-95","2850-57879","2850-57881","2","2",0.154838709677419,"2850-57879_2850-57881"
"CHR-112","CHR-16","2850-57879","2850-57581","2","2",0.154838709677419,"2850-57879_2850-57581"
"CHR-112","CHR-115","2850-57879","2850-57745","2","2",0.154838709677419,"2850-57879_2850-57745"
"CHR-112","CHR-78","2850-57879","2850-57744","2","2",0.12258064516129,"2850-57879_2850-57744"
"CHR-112","CHR-77","2850-57879","unb-CHR-77","2","2",0.154838709677419,"2850-57879_unb-CHR-77"
"CHR-112","CHR-93","2850-57879","2640-97588","2","2",0.154838709677419,"2850-57879_2640-97588"
"CHR-112","CHR-119","2850-57879","2850-57806","2","2",0.154838709677419,"2850-57879_2850-57806"
"CHR-112","CHR-12","2850-57879","unb-CHR-76and12","2","2",0.154838709677419,"2850-57879_unb-CHR-76and12"
"CHR-112","CHR-6","2850-57879","2850-57582","2","2",0.145161290322581,"2850-57879_2850-57582"
"CHR-112","CHR-52","2850-57879","2850-57742","2","2",0.154838709677419,"2850-57879_2850-57742"
"CHR-112","CHR-112","2850-57879","2850-57647","2","2",0.154838709677419,"2850-57879_2850-57647"
"CHR-112","CHR-99","2850-57879","2850-57578","2","2",0.132258064516129,"2850-57879_2850-57578"
"CHR-112","CHR-101","2850-57879","2850-57733","2","2",0.154838709677419,"2850-57879_2850-57733"
"CHR-112","CHR-150","2850-57879","2850-57577","2","2",0.119354838709677,"2850-57879_2850-57577"
"CHR-112","CHR-32","2850-57879","2850-57731","2","3",0.154838709677419,"2850-57879_2850-57731"
"CHR-112","CHR-149","2850-57879","2850-57669","2","3",0.135483870967742,"2850-57879_2850-57669"
"CHR-99","CHR-29","2850-57883","2850-57808","2","1",0.193548387096774,"2850-57883_2850-57808"
"CHR-99","CHR-32","2850-57883","2850-57731","2","1",0.193548387096774,"2850-57883_2850-57731"
"CHR-99","CHR-102","2850-57883","2640-97589","2","1",0.193548387096774,"2850-57883_2640-97589"
"CHR-99","CHR-96","2850-57883","2850-57806","2","1",0.193548387096774,"2850-57883_2850-57806"
"CHR-99","CHR-58","2850-57883","2850-57579","2","1",0.193548387096774,"2850-57883_2850-57579"
"CHR-99","CHR-97","2850-57883","2850-57589","2","1",0.17921146953405,"2850-57883_2850-57589"
"CHR-99","CHR-7","2850-57883","unb-CHR-7and9","2","1",0.193548387096774,"2850-57883_unb-CHR-7and9"
"CHR-99","CHR-4","2850-57883","2811-83208","2","1",0.182795698924731,"2850-57883_2811-83208"
"CHR-99","CHR-33","2850-57883","2850-57669","2","1",0.161290322580645,"2850-57883_2850-57669"
"CHR-99","CHR-86","2850-57883","2850-57653","2","1",0.193548387096774,"2850-57883_2850-57653"
"CHR-99","CHR-133","2850-57883","2850-57570","2","1",0.193548387096774,"2850-57883_2850-57570"
"CHR-99","CHR-39","2850-57883","2850-57620","2","1",0.182795698924731,"2850-57883_2850-57620"
"CHR-99","CHR-25","2850-57883","2850-57881","2","1",0.182795698924731,"2850-57883_2850-57881"
"CHR-99","CHR-66","2850-57883","2850-57581","2","1",0.193548387096774,"2850-57883_2850-57581"
"CHR-99","CHR-80","2850-57883","2850-57580","2","1",0.193548387096774,"2850-57883_2850-57580"
"CHR-99","CHR-82","2850-57883","2850-57745","2","1",0.193548387096774,"2850-57883_2850-57745"
"CHR-99","CHR-78","2850-57883","2850-57744","2","1",0.172043010752688,"2850-57883_2850-57744"
"CHR-99","CHR-73","2850-57883","2850-57671","2","1",0.193548387096774,"2850-57883_2850-57671"
"CHR-99","CHR-77","2850-57883","unb-CHR-77","2","1",0.193548387096774,"2850-57883_unb-CHR-77"
"CHR-99","CHR-93","2850-57883","2640-97588","2","1",0.193548387096774,"2850-57883_2640-97588"
"CHR-99","CHR-37","2850-57883","2850-57806","2","1",0.193548387096774,"2850-57883_2850-57806"
"CHR-99","CHR-43","2850-57883","2850-57567","2","1",0.193548387096774,"2850-57883_2850-57567"
"CHR-99","CHR-76","2850-57883","unb-CHR-76and12","2","1",0.193548387096774,"2850-57883_unb-CHR-76and12"
"CHR-99","CHR-74","2850-57883","2850-57582","2","1",0.172043010752688,"2850-57883_2850-57582"
"CHR-99","CHR-110","2850-57883","2850-57742","2","1",0.193548387096774,"2850-57883_2850-57742"
"CHR-99","CHR-112","2850-57883","2850-57647","2","1",0.168458781362007,"2850-57883_2850-57647"
"CHR-99","CHR-99","2850-57883","2850-57578","2","1",0.193548387096774,"2850-57883_2850-57578"
"CHR-99","CHR-11","2850-57883","2850-57733","2","1",0.193548387096774,"2850-57883_2850-57733"
"CHR-99","CHR-148","2850-57883","2850-57582","2","1",0.172043010752688,"2850-57883_2850-57582"
"CHR-99","CHR-128","2850-57883","2850-57577","2","1",0.168458781362007,"2850-57883_2850-57577"
"CHR-99","CHR-145","2850-57883","unb-CHR-145","2","1",0.193548387096774,"2850-57883_unb-CHR-145"
"CHR-99","CHR-27","2850-57883","2850-57808","2","2",0.193548387096774,"2850-57883_2850-57808"
"CHR-99","CHR-109","2850-57883","2850-57731","2","2",0.193548387096774,"2850-57883_2850-57731"
"CHR-99","CHR-102","2850-57883","2640-97589","2","2",0.193548387096774,"2850-57883_2640-97589"
"CHR-99","CHR-96","2850-57883","2850-57806","2","2",0.193548387096774,"2850-57883_2850-57806"
"CHR-99","CHR-139","2850-57883","2850-57579","2","2",0.193548387096774,"2850-57883_2850-57579"
"CHR-99","CHR-19","2850-57883","2850-57589","2","2",0.17921146953405,"2850-57883_2850-57589"
"CHR-99","CHR-9","2850-57883","unb-CHR-7and9","2","2",0.193548387096774,"2850-57883_unb-CHR-7and9"
"CHR-99","CHR-4","2850-57883","2811-83208","2","2",0.182795698924731,"2850-57883_2811-83208"
"CHR-99","CHR-33","2850-57883","2850-57669","2","2",0.161290322580645,"2850-57883_2850-57669"
"CHR-99","CHR-45","2850-57883","2850-57653","2","2",0.193548387096774,"2850-57883_2850-57653"
"CHR-99","CHR-151","2850-57883","2850-57570","2","2",0.193548387096774,"2850-57883_2850-57570"
"CHR-99","CHR-39","2850-57883","2850-57620","2","2",0.182795698924731,"2850-57883_2850-57620"
"CHR-99","CHR-95","2850-57883","2850-57881","2","2",0.182795698924731,"2850-57883_2850-57881"
"CHR-99","CHR-16","2850-57883","2850-57581","2","2",0.193548387096774,"2850-57883_2850-57581"
"CHR-99","CHR-115","2850-57883","2850-57745","2","2",0.193548387096774,"2850-57883_2850-57745"
"CHR-99","CHR-78","2850-57883","2850-57744","2","2",0.172043010752688,"2850-57883_2850-57744"
"CHR-99","CHR-77","2850-57883","unb-CHR-77","2","2",0.193548387096774,"2850-57883_unb-CHR-77"
"CHR-99","CHR-93","2850-57883","2640-97588","2","2",0.193548387096774,"2850-57883_2640-97588"
"CHR-99","CHR-119","2850-57883","2850-57806","2","2",0.193548387096774,"2850-57883_2850-57806"
"CHR-99","CHR-12","2850-57883","unb-CHR-76and12","2","2",0.193548387096774,"2850-57883_unb-CHR-76and12"
"CHR-99","CHR-6","2850-57883","2850-57582","2","2",0.172043010752688,"2850-57883_2850-57582"
"CHR-99","CHR-52","2850-57883","2850-57742","2","2",0.193548387096774,"2850-57883_2850-57742"
"CHR-99","CHR-112","2850-57883","2850-57647","2","2",0.168458781362007,"2850-57883_2850-57647"
"CHR-99","CHR-99","2850-57883","2850-57578","2","2",0.193548387096774,"2850-57883_2850-57578"
"CHR-99","CHR-101","2850-57883","2850-57733","2","2",0.193548387096774,"2850-57883_2850-57733"
"CHR-99","CHR-150","2850-57883","2850-57577","2","2",0.168458781362007,"2850-57883_2850-57577"
"CHR-99","CHR-32","2850-57883","2850-57731","2","3",0.193548387096774,"2850-57883_2850-57731"
"CHR-99","CHR-149","2850-57883","2850-57669","2","3",0.161290322580645,"2850-57883_2850-57669"
"CHR-101","CHR-29","2870-64908","2850-57808","2","1",0.032258064516129,"2870-64908_2850-57808"
"CHR-101","CHR-32","2870-64908","2850-57731","2","1",0,"2870-64908_2850-57731"
"CHR-101","CHR-102","2870-64908","2640-97589","2","1",0.032258064516129,"2870-64908_2640-97589"
"CHR-101","CHR-96","2870-64908","2850-57806","2","1",0.032258064516129,"2870-64908_2850-57806"
"CHR-101","CHR-58","2870-64908","2850-57579","2","1",0.032258064516129,"2870-64908_2850-57579"
"CHR-101","CHR-97","2870-64908","2850-57589","2","1",0.032258064516129,"2870-64908_2850-57589"
"CHR-101","CHR-7","2870-64908","unb-CHR-7and9","2","1",0.032258064516129,"2870-64908_unb-CHR-7and9"
"CHR-101","CHR-4","2870-64908","2811-83208","2","1",0.032258064516129,"2870-64908_2811-83208"
"CHR-101","CHR-33","2870-64908","2850-57669","2","1",0.032258064516129,"2870-64908_2850-57669"
"CHR-101","CHR-86","2870-64908","2850-57653","2","1",0.032258064516129,"2870-64908_2850-57653"
"CHR-101","CHR-133","2870-64908","2850-57570","2","1",0.032258064516129,"2870-64908_2850-57570"
"CHR-101","CHR-39","2870-64908","2850-57620","2","1",0.032258064516129,"2870-64908_2850-57620"
"CHR-101","CHR-25","2870-64908","2850-57881","2","1",0.032258064516129,"2870-64908_2850-57881"
"CHR-101","CHR-66","2870-64908","2850-57581","2","1",0.032258064516129,"2870-64908_2850-57581"
"CHR-101","CHR-80","2870-64908","2850-57580","2","1",0.032258064516129,"2870-64908_2850-57580"
"CHR-101","CHR-82","2870-64908","2850-57745","2","1",0.032258064516129,"2870-64908_2850-57745"
"CHR-101","CHR-78","2870-64908","2850-57744","2","1",0.032258064516129,"2870-64908_2850-57744"
"CHR-101","CHR-73","2870-64908","2850-57671","2","1",0.032258064516129,"2870-64908_2850-57671"
"CHR-101","CHR-77","2870-64908","unb-CHR-77","2","1",0.032258064516129,"2870-64908_unb-CHR-77"
"CHR-101","CHR-93","2870-64908","2640-97588","2","1",0.032258064516129,"2870-64908_2640-97588"
"CHR-101","CHR-37","2870-64908","2850-57806","2","1",0.032258064516129,"2870-64908_2850-57806"
"CHR-101","CHR-43","2870-64908","2850-57567","2","1",0.032258064516129,"2870-64908_2850-57567"
"CHR-101","CHR-76","2870-64908","unb-CHR-76and12","2","1",0.032258064516129,"2870-64908_unb-CHR-76and12"
"CHR-101","CHR-74","2870-64908","2850-57582","2","1",0.032258064516129,"2870-64908_2850-57582"
"CHR-101","CHR-110","2870-64908","2850-57742","2","1",0.032258064516129,"2870-64908_2850-57742"
"CHR-101","CHR-112","2870-64908","2850-57647","2","1",0.032258064516129,"2870-64908_2850-57647"
"CHR-101","CHR-99","2870-64908","2850-57578","2","1",0.032258064516129,"2870-64908_2850-57578"
"CHR-101","CHR-11","2870-64908","2850-57733","2","1",0.032258064516129,"2870-64908_2850-57733"
"CHR-101","CHR-148","2870-64908","2850-57582","2","1",0.032258064516129,"2870-64908_2850-57582"
"CHR-101","CHR-128","2870-64908","2850-57577","2","1",0.032258064516129,"2870-64908_2850-57577"
"CHR-101","CHR-145","2870-64908","unb-CHR-145","2","1",0.032258064516129,"2870-64908_unb-CHR-145"
"CHR-101","CHR-27","2870-64908","2850-57808","2","2",0.032258064516129,"2870-64908_2850-57808"
"CHR-101","CHR-109","2870-64908","2850-57731","2","2",0,"2870-64908_2850-57731"
"CHR-101","CHR-102","2870-64908","2640-97589","2","2",0.032258064516129,"2870-64908_2640-97589"
"CHR-101","CHR-96","2870-64908","2850-57806","2","2",0.032258064516129,"2870-64908_2850-57806"
"CHR-101","CHR-139","2870-64908","2850-57579","2","2",0.032258064516129,"2870-64908_2850-57579"
"CHR-101","CHR-19","2870-64908","2850-57589","2","2",0.032258064516129,"2870-64908_2850-57589"
"CHR-101","CHR-9","2870-64908","unb-CHR-7and9","2","2",0.032258064516129,"2870-64908_unb-CHR-7and9"
"CHR-101","CHR-4","2870-64908","2811-83208","2","2",0.032258064516129,"2870-64908_2811-83208"
"CHR-101","CHR-33","2870-64908","2850-57669","2","2",0.032258064516129,"2870-64908_2850-57669"
"CHR-101","CHR-45","2870-64908","2850-57653","2","2",0.032258064516129,"2870-64908_2850-57653"
"CHR-101","CHR-151","2870-64908","2850-57570","2","2",0.032258064516129,"2870-64908_2850-57570"
"CHR-101","CHR-39","2870-64908","2850-57620","2","2",0.032258064516129,"2870-64908_2850-57620"
"CHR-101","CHR-95","2870-64908","2850-57881","2","2",0.032258064516129,"2870-64908_2850-57881"
"CHR-101","CHR-16","2870-64908","2850-57581","2","2",0.032258064516129,"2870-64908_2850-57581"
"CHR-101","CHR-115","2870-64908","2850-57745","2","2",0.032258064516129,"2870-64908_2850-57745"
"CHR-101","CHR-78","2870-64908","2850-57744","2","2",0.032258064516129,"2870-64908_2850-57744"
"CHR-101","CHR-77","2870-64908","unb-CHR-77","2","2",0.032258064516129,"2870-64908_unb-CHR-77"
"CHR-101","CHR-93","2870-64908","2640-97588","2","2",0.032258064516129,"2870-64908_2640-97588"
"CHR-101","CHR-119","2870-64908","2850-57806","2","2",0.032258064516129,"2870-64908_2850-57806"
"CHR-101","CHR-12","2870-64908","unb-CHR-76and12","2","2",0.032258064516129,"2870-64908_unb-CHR-76and12"
"CHR-101","CHR-6","2870-64908","2850-57582","2","2",0.032258064516129,"2870-64908_2850-57582"
"CHR-101","CHR-52","2870-64908","2850-57742","2","2",0.032258064516129,"2870-64908_2850-57742"
"CHR-101","CHR-112","2870-64908","2850-57647","2","2",0.032258064516129,"2870-64908_2850-57647"
"CHR-101","CHR-99","2870-64908","2850-57578","2","2",0.032258064516129,"2870-64908_2850-57578"
"CHR-101","CHR-101","2870-64908","2850-57733","2","2",0.032258064516129,"2870-64908_2850-57733"
"CHR-101","CHR-150","2870-64908","2850-57577","2","2",0.032258064516129,"2870-64908_2850-57577"
"CHR-101","CHR-32","2870-64908","2850-57731","2","3",0,"2870-64908_2850-57731"
"CHR-101","CHR-149","2870-64908","2850-57669","2","3",0.032258064516129,"2870-64908_2850-57669"
"CHR-150","CHR-29","2870-65003","2850-57808","2","1",0.154838709677419,"2870-65003_2850-57808"
"CHR-150","CHR-32","2870-65003","2850-57731","2","1",0.154838709677419,"2870-65003_2850-57731"
"CHR-150","CHR-102","2870-65003","2640-97589","2","1",0.154838709677419,"2870-65003_2640-97589"
"CHR-150","CHR-96","2870-65003","2850-57806","2","1",0.154838709677419,"2870-65003_2850-57806"
"CHR-150","CHR-58","2870-65003","2850-57579","2","1",0.154838709677419,"2870-65003_2850-57579"
"CHR-150","CHR-97","2870-65003","2850-57589","2","1",0.151612903225806,"2870-65003_2850-57589"
"CHR-150","CHR-7","2870-65003","unb-CHR-7and9","2","1",0.154838709677419,"2870-65003_unb-CHR-7and9"
"CHR-150","CHR-4","2870-65003","2811-83208","2","1",0.154838709677419,"2870-65003_2811-83208"
"CHR-150","CHR-33","2870-65003","2850-57669","2","1",0.135483870967742,"2870-65003_2850-57669"
"CHR-150","CHR-86","2870-65003","2850-57653","2","1",0.154838709677419,"2870-65003_2850-57653"
"CHR-150","CHR-133","2870-65003","2850-57570","2","1",0.154838709677419,"2870-65003_2850-57570"
"CHR-150","CHR-39","2870-65003","2850-57620","2","1",0.154838709677419,"2870-65003_2850-57620"
"CHR-150","CHR-25","2870-65003","2850-57881","2","1",0.154838709677419,"2870-65003_2850-57881"
"CHR-150","CHR-66","2870-65003","2850-57581","2","1",0.154838709677419,"2870-65003_2850-57581"
"CHR-150","CHR-80","2870-65003","2850-57580","2","1",0.154838709677419,"2870-65003_2850-57580"
"CHR-150","CHR-82","2870-65003","2850-57745","2","1",0.154838709677419,"2870-65003_2850-57745"
"CHR-150","CHR-78","2870-65003","2850-57744","2","1",0.12258064516129,"2870-65003_2850-57744"
"CHR-150","CHR-73","2870-65003","2850-57671","2","1",0.154838709677419,"2870-65003_2850-57671"
"CHR-150","CHR-77","2870-65003","unb-CHR-77","2","1",0.154838709677419,"2870-65003_unb-CHR-77"
"CHR-150","CHR-93","2870-65003","2640-97588","2","1",0.154838709677419,"2870-65003_2640-97588"
"CHR-150","CHR-37","2870-65003","2850-57806","2","1",0.154838709677419,"2870-65003_2850-57806"
"CHR-150","CHR-43","2870-65003","2850-57567","2","1",0.154838709677419,"2870-65003_2850-57567"
"CHR-150","CHR-76","2870-65003","unb-CHR-76and12","2","1",0.154838709677419,"2870-65003_unb-CHR-76and12"
"CHR-150","CHR-74","2870-65003","2850-57582","2","1",0.145161290322581,"2870-65003_2850-57582"
"CHR-150","CHR-110","2870-65003","2850-57742","2","1",0.154838709677419,"2870-65003_2850-57742"
"CHR-150","CHR-112","2870-65003","2850-57647","2","1",0.119354838709677,"2870-65003_2850-57647"
"CHR-150","CHR-99","2870-65003","2850-57578","2","1",0.132258064516129,"2870-65003_2850-57578"
"CHR-150","CHR-11","2870-65003","2850-57733","2","1",0.154838709677419,"2870-65003_2850-57733"
"CHR-150","CHR-148","2870-65003","2850-57582","2","1",0.12258064516129,"2870-65003_2850-57582"
"CHR-150","CHR-128","2870-65003","2850-57577","2","1",0.154838709677419,"2870-65003_2850-57577"
"CHR-150","CHR-145","2870-65003","unb-CHR-145","2","1",0.154838709677419,"2870-65003_unb-CHR-145"
"CHR-150","CHR-27","2870-65003","2850-57808","2","2",0.154838709677419,"2870-65003_2850-57808"
"CHR-150","CHR-109","2870-65003","2850-57731","2","2",0.154838709677419,"2870-65003_2850-57731"
"CHR-150","CHR-102","2870-65003","2640-97589","2","2",0.154838709677419,"2870-65003_2640-97589"
"CHR-150","CHR-96","2870-65003","2850-57806","2","2",0.154838709677419,"2870-65003_2850-57806"
"CHR-150","CHR-139","2870-65003","2850-57579","2","2",0.154838709677419,"2870-65003_2850-57579"
"CHR-150","CHR-19","2870-65003","2850-57589","2","2",0.151612903225806,"2870-65003_2850-57589"
"CHR-150","CHR-9","2870-65003","unb-CHR-7and9","2","2",0.154838709677419,"2870-65003_unb-CHR-7and9"
"CHR-150","CHR-4","2870-65003","2811-83208","2","2",0.154838709677419,"2870-65003_2811-83208"
"CHR-150","CHR-33","2870-65003","2850-57669","2","2",0.135483870967742,"2870-65003_2850-57669"
"CHR-150","CHR-45","2870-65003","2850-57653","2","2",0.154838709677419,"2870-65003_2850-57653"
"CHR-150","CHR-151","2870-65003","2850-57570","2","2",0.154838709677419,"2870-65003_2850-57570"
"CHR-150","CHR-39","2870-65003","2850-57620","2","2",0.154838709677419,"2870-65003_2850-57620"
"CHR-150","CHR-95","2870-65003","2850-57881","2","2",0.154838709677419,"2870-65003_2850-57881"
"CHR-150","CHR-16","2870-65003","2850-57581","2","2",0.154838709677419,"2870-65003_2850-57581"
"CHR-150","CHR-115","2870-65003","2850-57745","2","2",0.154838709677419,"2870-65003_2850-57745"
"CHR-150","CHR-78","2870-65003","2850-57744","2","2",0.12258064516129,"2870-65003_2850-57744"
"CHR-150","CHR-77","2870-65003","unb-CHR-77","2","2",0.154838709677419,"2870-65003_unb-CHR-77"
"CHR-150","CHR-93","2870-65003","2640-97588","2","2",0.154838709677419,"2870-65003_2640-97588"
"CHR-150","CHR-119","2870-65003","2850-57806","2","2",0.154838709677419,"2870-65003_2850-57806"
"CHR-150","CHR-12","2870-65003","unb-CHR-76and12","2","2",0.154838709677419,"2870-65003_unb-CHR-76and12"
"CHR-150","CHR-6","2870-65003","2850-57582","2","2",0.145161290322581,"2870-65003_2850-57582"
"CHR-150","CHR-52","2870-65003","2850-57742","2","2",0.154838709677419,"2870-65003_2850-57742"
"CHR-150","CHR-112","2870-65003","2850-57647","2","2",0.119354838709677,"2870-65003_2850-57647"
"CHR-150","CHR-99","2870-65003","2850-57578","2","2",0.132258064516129,"2870-65003_2850-57578"
"CHR-150","CHR-101","2870-65003","2850-57733","2","2",0.154838709677419,"2870-65003_2850-57733"
"CHR-150","CHR-150","2870-65003","2850-57577","2","2",0.154838709677419,"2870-65003_2850-57577"
"CHR-150","CHR-32","2870-65003","2850-57731","2","3",0.154838709677419,"2870-65003_2850-57731"
"CHR-150","CHR-149","2870-65003","2850-57669","2","3",0.135483870967742,"2870-65003_2850-57669"
"CHR-32","CHR-29","2640-97358","2850-57808","3","1",0.0362903225806452,"2640-97358_2850-57808"
"CHR-32","CHR-32","2640-97358","2850-57731","3","1",0.0362903225806452,"2640-97358_2850-57731"
"CHR-32","CHR-102","2640-97358","2640-97589","3","1",0.0362903225806452,"2640-97358_2640-97589"
"CHR-32","CHR-96","2640-97358","2850-57806","3","1",0.0362903225806452,"2640-97358_2850-57806"
"CHR-32","CHR-58","2640-97358","2850-57579","3","1",0.0362903225806452,"2640-97358_2850-57579"
"CHR-32","CHR-97","2640-97358","2850-57589","3","1",0.0362903225806452,"2640-97358_2850-57589"
"CHR-32","CHR-7","2640-97358","unb-CHR-7and9","3","1",0.0362903225806452,"2640-97358_unb-CHR-7and9"
"CHR-32","CHR-4","2640-97358","2811-83208","3","1",0.0362903225806452,"2640-97358_2811-83208"
"CHR-32","CHR-33","2640-97358","2850-57669","3","1",0.0362903225806452,"2640-97358_2850-57669"
"CHR-32","CHR-86","2640-97358","2850-57653","3","1",0.0362903225806452,"2640-97358_2850-57653"
"CHR-32","CHR-133","2640-97358","2850-57570","3","1",0.0362903225806452,"2640-97358_2850-57570"
"CHR-32","CHR-39","2640-97358","2850-57620","3","1",0.0362903225806452,"2640-97358_2850-57620"
"CHR-32","CHR-25","2640-97358","2850-57881","3","1",0.0362903225806452,"2640-97358_2850-57881"
"CHR-32","CHR-66","2640-97358","2850-57581","3","1",0.0362903225806452,"2640-97358_2850-57581"
"CHR-32","CHR-80","2640-97358","2850-57580","3","1",0.0362903225806452,"2640-97358_2850-57580"
"CHR-32","CHR-82","2640-97358","2850-57745","3","1",0.0362903225806452,"2640-97358_2850-57745"
"CHR-32","CHR-78","2640-97358","2850-57744","3","1",0.0362903225806452,"2640-97358_2850-57744"
"CHR-32","CHR-73","2640-97358","2850-57671","3","1",0.0362903225806452,"2640-97358_2850-57671"
"CHR-32","CHR-77","2640-97358","unb-CHR-77","3","1",0.0362903225806452,"2640-97358_unb-CHR-77"
"CHR-32","CHR-93","2640-97358","2640-97588","3","1",0.0362903225806452,"2640-97358_2640-97588"
"CHR-32","CHR-37","2640-97358","2850-57806","3","1",0.0362903225806452,"2640-97358_2850-57806"
"CHR-32","CHR-43","2640-97358","2850-57567","3","1",0.0362903225806452,"2640-97358_2850-57567"
"CHR-32","CHR-76","2640-97358","unb-CHR-76and12","3","1",0.0362903225806452,"2640-97358_unb-CHR-76and12"
"CHR-32","CHR-74","2640-97358","2850-57582","3","1",0.0362903225806452,"2640-97358_2850-57582"
"CHR-32","CHR-110","2640-97358","2850-57742","3","1",0.0362903225806452,"2640-97358_2850-57742"
"CHR-32","CHR-112","2640-97358","2850-57647","3","1",0.0362903225806452,"2640-97358_2850-57647"
"CHR-32","CHR-99","2640-97358","2850-57578","3","1",0.0362903225806452,"2640-97358_2850-57578"
"CHR-32","CHR-11","2640-97358","2850-57733","3","1",0,"2640-97358_2850-57733"
"CHR-32","CHR-148","2640-97358","2850-57582","3","1",0.0362903225806452,"2640-97358_2850-57582"
"CHR-32","CHR-128","2640-97358","2850-57577","3","1",0.0362903225806452,"2640-97358_2850-57577"
"CHR-32","CHR-145","2640-97358","unb-CHR-145","3","1",0.0362903225806452,"2640-97358_unb-CHR-145"
"CHR-32","CHR-27","2640-97358","2850-57808","3","2",0.0362903225806452,"2640-97358_2850-57808"
"CHR-32","CHR-109","2640-97358","2850-57731","3","2",0.0362903225806452,"2640-97358_2850-57731"
"CHR-32","CHR-102","2640-97358","2640-97589","3","2",0.0362903225806452,"2640-97358_2640-97589"
"CHR-32","CHR-96","2640-97358","2850-57806","3","2",0.0362903225806452,"2640-97358_2850-57806"
"CHR-32","CHR-139","2640-97358","2850-57579","3","2",0.0362903225806452,"2640-97358_2850-57579"
"CHR-32","CHR-19","2640-97358","2850-57589","3","2",0.0362903225806452,"2640-97358_2850-57589"
"CHR-32","CHR-9","2640-97358","unb-CHR-7and9","3","2",0.0362903225806452,"2640-97358_unb-CHR-7and9"
"CHR-32","CHR-4","2640-97358","2811-83208","3","2",0.0362903225806452,"2640-97358_2811-83208"
"CHR-32","CHR-33","2640-97358","2850-57669","3","2",0.0362903225806452,"2640-97358_2850-57669"
"CHR-32","CHR-45","2640-97358","2850-57653","3","2",0.0362903225806452,"2640-97358_2850-57653"
"CHR-32","CHR-151","2640-97358","2850-57570","3","2",0.0362903225806452,"2640-97358_2850-57570"
"CHR-32","CHR-39","2640-97358","2850-57620","3","2",0.0362903225806452,"2640-97358_2850-57620"
"CHR-32","CHR-95","2640-97358","2850-57881","3","2",0.0362903225806452,"2640-97358_2850-57881"
"CHR-32","CHR-16","2640-97358","2850-57581","3","2",0.0362903225806452,"2640-97358_2850-57581"
"CHR-32","CHR-115","2640-97358","2850-57745","3","2",0.0362903225806452,"2640-97358_2850-57745"
"CHR-32","CHR-78","2640-97358","2850-57744","3","2",0.0362903225806452,"2640-97358_2850-57744"
"CHR-32","CHR-77","2640-97358","unb-CHR-77","3","2",0.0362903225806452,"2640-97358_unb-CHR-77"
"CHR-32","CHR-93","2640-97358","2640-97588","3","2",0.0362903225806452,"2640-97358_2640-97588"
"CHR-32","CHR-119","2640-97358","2850-57806","3","2",0.0362903225806452,"2640-97358_2850-57806"
"CHR-32","CHR-12","2640-97358","unb-CHR-76and12","3","2",0.0362903225806452,"2640-97358_unb-CHR-76and12"
"CHR-32","CHR-6","2640-97358","2850-57582","3","2",0.0362903225806452,"2640-97358_2850-57582"
"CHR-32","CHR-52","2640-97358","2850-57742","3","2",0.0362903225806452,"2640-97358_2850-57742"
"CHR-32","CHR-112","2640-97358","2850-57647","3","2",0.0362903225806452,"2640-97358_2850-57647"
"CHR-32","CHR-99","2640-97358","2850-57578","3","2",0.0362903225806452,"2640-97358_2850-57578"
"CHR-32","CHR-101","2640-97358","2850-57733","3","2",0,"2640-97358_2850-57733"
"CHR-32","CHR-150","2640-97358","2850-57577","3","2",0.0362903225806452,"2640-97358_2850-57577"
"CHR-32","CHR-32","2640-97358","2850-57731","3","3",0.0362903225806452,"2640-97358_2850-57731"
"CHR-32","CHR-149","2640-97358","2850-57669","3","3",0.0362903225806452,"2640-97358_2850-57669"
"CHR-149","CHR-29","2850-57586","2850-57808","3","1",0.193548387096774,"2850-57586_2850-57808"
"CHR-149","CHR-32","2850-57586","2850-57731","3","1",0.193548387096774,"2850-57586_2850-57731"
"CHR-149","CHR-102","2850-57586","2640-97589","3","1",0.193548387096774,"2850-57586_2640-97589"
"CHR-149","CHR-96","2850-57586","2850-57806","3","1",0.193548387096774,"2850-57586_2850-57806"
"CHR-149","CHR-58","2850-57586","2850-57579","3","1",0.193548387096774,"2850-57586_2850-57579"
"CHR-149","CHR-97","2850-57586","2850-57589","3","1",0.174193548387097,"2850-57586_2850-57589"
"CHR-149","CHR-7","2850-57586","unb-CHR-7and9","3","1",0.193548387096774,"2850-57586_unb-CHR-7and9"
"CHR-149","CHR-4","2850-57586","2811-83208","3","1",0.17741935483871,"2850-57586_2811-83208"
"CHR-149","CHR-33","2850-57586","2850-57669","3","1",0.193548387096774,"2850-57586_2850-57669"
"CHR-149","CHR-86","2850-57586","2850-57653","3","1",0.193548387096774,"2850-57586_2850-57653"
"CHR-149","CHR-133","2850-57586","2850-57570","3","1",0.193548387096774,"2850-57586_2850-57570"
"CHR-149","CHR-39","2850-57586","2850-57620","3","1",0.17741935483871,"2850-57586_2850-57620"
"CHR-149","CHR-25","2850-57586","2850-57881","3","1",0.17741935483871,"2850-57586_2850-57881"
"CHR-149","CHR-66","2850-57586","2850-57581","3","1",0.193548387096774,"2850-57586_2850-57581"
"CHR-149","CHR-80","2850-57586","2850-57580","3","1",0.193548387096774,"2850-57586_2850-57580"
"CHR-149","CHR-82","2850-57586","2850-57745","3","1",0.193548387096774,"2850-57586_2850-57745"
"CHR-149","CHR-78","2850-57586","2850-57744","3","1",0.17741935483871,"2850-57586_2850-57744"
"CHR-149","CHR-73","2850-57586","2850-57671","3","1",0.193548387096774,"2850-57586_2850-57671"
"CHR-149","CHR-77","2850-57586","unb-CHR-77","3","1",0.193548387096774,"2850-57586_unb-CHR-77"
"CHR-149","CHR-93","2850-57586","2640-97588","3","1",0.193548387096774,"2850-57586_2640-97588"
"CHR-149","CHR-37","2850-57586","2850-57806","3","1",0.193548387096774,"2850-57586_2850-57806"
"CHR-149","CHR-43","2850-57586","2850-57567","3","1",0.193548387096774,"2850-57586_2850-57567"
"CHR-149","CHR-76","2850-57586","unb-CHR-76and12","3","1",0.193548387096774,"2850-57586_unb-CHR-76and12"
"CHR-149","CHR-74","2850-57586","2850-57582","3","1",0.167741935483871,"2850-57586_2850-57582"
"CHR-149","CHR-110","2850-57586","2850-57742","3","1",0.193548387096774,"2850-57586_2850-57742"
"CHR-149","CHR-112","2850-57586","2850-57647","3","1",0.174193548387097,"2850-57586_2850-57647"
"CHR-149","CHR-99","2850-57586","2850-57578","3","1",0.164516129032258,"2850-57586_2850-57578"
"CHR-149","CHR-11","2850-57586","2850-57733","3","1",0.193548387096774,"2850-57586_2850-57733"
"CHR-149","CHR-148","2850-57586","2850-57582","3","1",0.17741935483871,"2850-57586_2850-57582"
"CHR-149","CHR-128","2850-57586","2850-57577","3","1",0.174193548387097,"2850-57586_2850-57577"
"CHR-149","CHR-145","2850-57586","unb-CHR-145","3","1",0.193548387096774,"2850-57586_unb-CHR-145"
"CHR-149","CHR-27","2850-57586","2850-57808","3","2",0.193548387096774,"2850-57586_2850-57808"
"CHR-149","CHR-109","2850-57586","2850-57731","3","2",0.193548387096774,"2850-57586_2850-57731"
"CHR-149","CHR-102","2850-57586","2640-97589","3","2",0.193548387096774,"2850-57586_2640-97589"
"CHR-149","CHR-96","2850-57586","2850-57806","3","2",0.193548387096774,"2850-57586_2850-57806"
"CHR-149","CHR-139","2850-57586","2850-57579","3","2",0.193548387096774,"2850-57586_2850-57579"
"CHR-149","CHR-19","2850-57586","2850-57589","3","2",0.174193548387097,"2850-57586_2850-57589"
"CHR-149","CHR-9","2850-57586","unb-CHR-7and9","3","2",0.193548387096774,"2850-57586_unb-CHR-7and9"
"CHR-149","CHR-4","2850-57586","2811-83208","3","2",0.17741935483871,"2850-57586_2811-83208"
"CHR-149","CHR-33","2850-57586","2850-57669","3","2",0.193548387096774,"2850-57586_2850-57669"
"CHR-149","CHR-45","2850-57586","2850-57653","3","2",0.193548387096774,"2850-57586_2850-57653"
"CHR-149","CHR-151","2850-57586","2850-57570","3","2",0.193548387096774,"2850-57586_2850-57570"
"CHR-149","CHR-39","2850-57586","2850-57620","3","2",0.17741935483871,"2850-57586_2850-57620"
"CHR-149","CHR-95","2850-57586","2850-57881","3","2",0.17741935483871,"2850-57586_2850-57881"
"CHR-149","CHR-16","2850-57586","2850-57581","3","2",0.193548387096774,"2850-57586_2850-57581"
"CHR-149","CHR-115","2850-57586","2850-57745","3","2",0.193548387096774,"2850-57586_2850-57745"
"CHR-149","CHR-78","2850-57586","2850-57744","3","2",0.17741935483871,"2850-57586_2850-57744"
"CHR-149","CHR-77","2850-57586","unb-CHR-77","3","2",0.193548387096774,"2850-57586_unb-CHR-77"
"CHR-149","CHR-93","2850-57586","2640-97588","3","2",0.193548387096774,"2850-57586_2640-97588"
"CHR-149","CHR-119","2850-57586","2850-57806","3","2",0.193548387096774,"2850-57586_2850-57806"
"CHR-149","CHR-12","2850-57586","unb-CHR-76and12","3","2",0.193548387096774,"2850-57586_unb-CHR-76and12"
"CHR-149","CHR-6","2850-57586","2850-57582","3","2",0.167741935483871,"2850-57586_2850-57582"
"CHR-149","CHR-52","2850-57586","2850-57742","3","2",0.193548387096774,"2850-57586_2850-57742"
"CHR-149","CHR-112","2850-57586","2850-57647","3","2",0.174193548387097,"2850-57586_2850-57647"
"CHR-149","CHR-99","2850-57586","2850-57578","3","2",0.164516129032258,"2850-57586_2850-57578"
"CHR-149","CHR-101","2850-57586","2850-57733","3","2",0.193548387096774,"2850-57586_2850-57733"
"CHR-149","CHR-150","2850-57586","2850-57577","3","2",0.174193548387097,"2850-57586_2850-57577"
"CHR-149","CHR-32","2850-57586","2850-57731","3","3",0.193548387096774,"2850-57586_2850-57731"
"CHR-149","CHR-149","2850-57586","2850-57669","3","3",0.193548387096774,"2850-57586_2850-57669"
