"Ind1","Ind2","k0_hat","k1_hat","k2_hat","pi_HAT","nbSNP","Band_ind1","Site_ind1","Type_ind1","FamilyID_ind1","Nest_ind1","Brood_ind1","clutch_id_ind1","Band_ind2","Site_ind2","Type_ind2","FamilyID_ind2","Nest_ind2","Brood_ind2","clutch_id_ind2"
"CO_38691","CO_57559",0.967,0.029,0.004,0.018,69760,"2811-38691","Cathys","mom","Cathys-02",2,"1","","2850-57559","Schaaps","mom","Schaaps-98",NA,"",""
"CO_38691","CO_57611",0.983,0.011,0.006,0.012,67467,"2811-38691","Cathys","mom","Cathys-02",2,"1","","2850-57611","Schaaps","mom","Schaaps-71",NA,"",""
"CO_38691","CO_57563",0.989,0.011,0,0.006,76695,"2811-38691","Cathys","mom","Cathys-02",2,"1","","2850-57563","Schaaps","dad","Schaaps-74",NA,"",""
"CO_38691","CO_57561",0.984,0.015,0.001,0.008,64856,"2811-38691","Cathys","mom","Cathys-02",2,"1","","2850-57561","Schaaps","mom","Schaaps-74",NA,"",""
"CO_38691","CO_57604",0.98,0.02,0,0.01,64950,"2811-38691","Cathys","mom","Cathys-02",2,"1","","2850-57604","Schaaps","mom","Schaaps-110",NA,"",""
"CO_38691","CO_57606",0.971,0.027,0.002,0.016,59854,"2811-38691","Cathys","mom","Cathys-02",2,"1","","2850-57606","Schaaps","dad","Schaaps-71",NA,"",""
"CO_38691","CO_57562",0.987,0.013,0,0.006,63601,"2811-38691","Cathys","mom","Cathys-02",2,"1","","2850-57562","Schaaps","dad","Schaaps-67",NA,"",""
"CO_38691","CO_57546",0.964,0.036,0,0.018,60344,"2811-38691","Cathys","mom","Cathys-02",2,"1","","2850-57546","Schaaps","dad","Schaaps-98",NA,"",""
"CO_38691","CO_57554",0.976,0.023,0,0.012,68013,"2811-38691","Cathys","mom","Cathys-02",2,"1","","2850-57554","Schaaps","dad","Schaaps-24",NA,"",""
"CO_38691","CO_57613",0.982,0.017,0.001,0.009,70410,"2811-38691","Cathys","mom","Cathys-02",2,"1","","2850-57613","Blue Cloud","mom","BlueCloud-19",NA,"",""
"CO_38691","CO_57617",0.962,0.036,0.002,0.02,73882,"2811-38691","Cathys","mom","Cathys-02",2,"1","","2850-57617","Urban Farm Girlz","mom","UrbanFarm-04",NA,"",""
"CO_38691","CO_57635",0.985,0.014,0,0.008,62740,"2811-38691","Cathys","mom","Cathys-02",2,"1","","2850-57635","Make Believe","mom","MakeBelieve-17",NA,"",""
"CO_38691","CO_57854",0.989,0.01,0.001,0.006,57584,"2811-38691","Cathys","mom","Cathys-02",2,"1","","2850-57854","Cooks","mom","Cooks-18",NA,"",""
"CO_38691","CO_57905",0.984,0.016,0.001,0.009,63910,"2811-38691","Cathys","mom","Cathys-02",2,"1","","2850-57905","Schaaps","mom","Schaaps-24",NA,"",""
"CO_38691","CO_57904",0.981,0.019,0,0.009,59054,"2811-38691","Cathys","mom","Cathys-02",2,"1","","2850-57904","Schaaps","mom","Schaaps-67",NA,"",""
"CO_38691","CO_06912",0.978,0.02,0.002,0.012,63347,"2811-38691","Cathys","mom","Cathys-02",2,"1","","2811-06912","Schaaps","dad","Schaaps-54",NA,NA,NA
"CO_38691","CO_57556",0.989,0.008,0.002,0.006,68701,"2811-38691","Cathys","mom","Cathys-02",2,"1","","2850-57556","Schaaps","mom","Schaaps-80",NA,NA,NA
"CO_38691","CO_57538",0.983,0.015,0.002,0.01,58370,"2811-38691","Cathys","mom","Cathys-02",2,"1","","2850-57538","Schaaps","dad","Schaaps-80",NA,NA,NA
"CO_38691","CO_57555",0.982,0.017,0.001,0.009,65917,"2811-38691","Cathys","mom","Cathys-02",2,"1","","2850-57555","Reinarz","mom","Reinarz-01",NA,NA,NA
"CO_38691","CO_57505",0.984,0.016,0,0.008,68147,"2811-38691","Cathys","mom","Cathys-02",2,"1","","2850-57505","Cooks","dad","Cooks-23",NA,NA,NA
"CO_38691","CO_57553",0.987,0.012,0,0.007,62751,"2811-38691","Cathys","mom","Cathys-02",2,"1","","2850-57553","Schaaps","mom","Schaaps-108",NA,NA,NA
"CO_38691","CO_57549",0.985,0.014,0,0.007,65207,"2811-38691","Cathys","mom","Cathys-02",2,"1","","2850-57549","Cathys","dad","Cathys-03",NA,NA,NA
"CO_38691","CO_57565",0.99,0.001,0.009,0.01,66916,"2811-38691","Cathys","mom","Cathys-02",2,"1","","2850-57565","Blue Cloud","dad","BlueCloud-19",NA,NA,NA
"CO_38691","CO_57603",0.987,0.004,0.009,0.011,62079,"2811-38691","Cathys","mom","Cathys-02",2,"1","","2850-57603","Schaaps","mom","Schaaps-54",NA,NA,NA
"CO_38691","CO_57558",0.984,0.015,0.001,0.008,66135,"2811-38691","Cathys","mom","Cathys-02",2,"1","","2850-57558","Cooks","mom","Cooks-31",NA,NA,NA
"CO_38691","CO_57608",0.991,0.009,0,0.005,68624,"2811-38691","Cathys","mom","Cathys-02",2,"1","","2850-57608","Urban Farm Girlz","mom","UrbanFarm-02",NA,NA,NA
"CO_38691","CO_57602",0.993,0.007,0,0.004,67642,"2811-38691","Cathys","mom","Cathys-02",2,"1","","2850-57602","Cooks","dad","Cooks-18",NA,NA,NA
"CO_38691","CO_57612",0.984,0.015,0.001,0.009,68319,"2811-38691","Cathys","mom","Cathys-02",2,"1","","2850-57612","Blue Cloud","mom","BlueCloud-09",NA,NA,NA
"CO_38691","CO_57599",0.973,0.023,0.004,0.015,62895,"2811-38691","Cathys","mom","Cathys-02",2,"1","","2850-57599","Cathys","dad","Cathys-02",NA,NA,NA
"CO_38691","CO_57610",0.984,0.015,0.001,0.008,49563,"2811-38691","Cathys","mom","Cathys-02",2,"1","","2850-57610","Blue Cloud","mom","BlueCloud-14",NA,NA,NA
"CO_38691","CO_57625",0.976,0.015,0.008,0.016,63359,"2811-38691","Cathys","mom","Cathys-02",2,"1","","2850-57625","Alishas","dad","none",NA,NA,NA
"CO_38691","CO_57630",0.974,0.018,0.008,0.017,60933,"2811-38691","Cathys","mom","Cathys-02",2,"1","","2850-57630","Alishas","dad","none",NA,NA,NA
"CO_38691","CO_57615",0.99,0.01,0,0.005,61927,"2811-38691","Cathys","mom","Cathys-02",2,"1","","2850-57615","Urban Farm Girlz","dad","UrbanFarm-02",NA,NA,NA
"CO_38691","CO_57628",0.979,0.018,0.003,0.012,63615,"2811-38691","Cathys","mom","Cathys-02",2,"1","","2850-57628","Alishas","dad","none",NA,NA,NA
"CO_38691","CO_57619",0.975,0.025,0,0.013,67175,"2811-38691","Cathys","mom","Cathys-02",2,"1","","2850-57619","Reinarz","dad","Reinarz-01",NA,NA,NA
"CO_38691","CO_57624",0.984,0.015,0.001,0.008,64895,"2811-38691","Cathys","mom","Cathys-02",2,"1","","2850-57624","Urban Farm Girlz","dad","UrbanFarm-04",NA,NA,NA
"CO_38691","CO_57853",0.979,0.014,0.008,0.014,57374,"2811-38691","Cathys","mom","Cathys-02",2,"1","","2850-57853","Cooks","mom","Cooks-27",NA,NA,NA
"CO_38691","CO_57836",0.991,0.008,0,0.004,67240,"2811-38691","Cathys","mom","Cathys-02",2,"1","","2850-57836","Make Believe","dad","MakeBelieve-26",NA,NA,NA
"CO_38691","CO_57915",0.972,0.019,0.009,0.018,56863,"2811-38691","Cathys","mom","Cathys-02",2,"1","","2850-57915","Alishas","dad","none",NA,NA,NA
"CO_38691","CO_57631",0.977,0.023,0,0.012,59208,"2811-38691","Cathys","mom","Cathys-02",2,"1","","2850-57631","Alishas","dad","none",NA,NA,NA
"CO_38691","CO_57901",0.974,0.02,0.005,0.016,57637,"2811-38691","Cathys","mom","Cathys-02",2,"1","","2850-57901","Blue Cloud","dad","BlueCloud-09",NA,NA,NA
"CO_38691","CO_57916",0.967,0.031,0.002,0.018,58924,"2811-38691","Cathys","mom","Cathys-02",2,"1","","2850-57916","Alishas","dad","none",NA,NA,NA
"CO_38691","CO_63488",0.991,0.009,0,0.004,66941,"2811-38691","Cathys","mom","Cathys-02",2,"1","","2510-63488","Make Believe","dad","MakeBelieve-17",NA,NA,NA
"CO_38691","CO_82916",0.983,0.016,0.001,0.009,58681,"2811-38691","Cathys","mom","Cathys-02",2,"1","","2811-82916","Make Believe","dad","MakeBelieve-61",NA,NA,NA
"CO_38691","CO_57912",0.974,0.026,0,0.013,63859,"2811-38691","Cathys","mom","Cathys-02",2,"1","","2850-57912","Cooks","dad","Cooks-27",NA,NA,NA
"CO_38691","CO_57917",0.966,0.034,0.001,0.017,55861,"2811-38691","Cathys","mom","Cathys-02",2,"1","","2850-57917","Alishas","dad","none",NA,NA,NA
"CO_38691","CO_97347",0.987,0.013,0,0.007,66706,"2811-38691","Cathys","mom","Cathys-02",2,"1","","2640-97347","Make Believe","mom","MakeBelieve-26",NA,NA,NA
"CO_38691","CO_97370",0.981,0.019,0,0.01,70252,"2811-38691","Cathys","mom","Cathys-02",2,"1","","2640-97370","Cooks","mom","Cooks-23",NA,NA,NA
"CO_38691","CO_97385",0.983,0.015,0.002,0.01,64388,"2811-38691","Cathys","mom","Cathys-02",2,"1","","2640-97385","Make Believe","mom","MakeBelieve-69",NA,NA,NA
"CO_38691","CO_97596",0.986,0.013,0.001,0.007,62671,"2811-38691","Cathys","mom","Cathys-02",2,"1","","2640-97596","Make Believe","mom","MakeBelieve-20",NA,NA,NA
"CO_38691","CO_97548",0.99,0.005,0.005,0.008,68562,"2811-38691","Cathys","mom","Cathys-02",2,"1","","2640-97548","Blue Cloud","dad","BlueCloud-18",NA,NA,NA
"CO_38691","CO_57550",0.972,0.027,0.001,0.014,62588,"2811-38691","Cathys","mom","Cathys-02",2,"1","","2850-57550","Cathys","mom","Cathys-03",NA,NA,NA
"CO_38691","CO_57609",0.99,0.01,0,0.005,60763,"2811-38691","Cathys","mom","Cathys-02",2,"1","","2850-57609","Cooks","mom","Cooks-24",NA,NA,NA
"CO_38691","CO_57551",0.992,0.008,0,0.004,63828,"2811-38691","Cathys","mom","Cathys-02",2,"1","","2850-57551","Struthers","mom","Struthers-20",NA,NA,NA
"CO_38691","CO_57614",0.984,0.015,0,0.008,64857,"2811-38691","Cathys","mom","Cathys-02",2,"1","","2850-57614","Blue Cloud","dad","BlueCloud-14",NA,NA,NA
"CO_38691","CO_57557",0.993,0.007,0,0.004,62965,"2811-38691","Cathys","mom","Cathys-02",2,"1","","2850-57557","Cooks","dad","Cooks-24",NA,NA,NA
"CO_38691","CO_57633",0.978,0.012,0.011,0.016,65451,"2811-38691","Cathys","mom","Cathys-02",2,"1","","2850-57633","Cooks","dad","Cooks-31",NA,NA,NA
"CO_38691","CO_57607",0.98,0.017,0.003,0.011,69167,"2811-38691","Cathys","mom","Cathys-02",2,"1","","2850-57607","Schaaps","dad","Schaaps-108",NA,NA,NA
"CO_38691","CO_57518",0.987,0.012,0.001,0.007,62512,"2811-38691","Cathys","mom","Cathys-02",2,"1","","2850-57518","Make Believe","dad","MakeBelieve-69",NA,NA,NA
"CO_38691","CO_57620",0.962,0.038,0,0.019,64436,"2811-38691","Cathys","mom","Cathys-02",2,"1","","2850-57620","Jims","dad","Jims-01",NA,NA,NA
"CO_38691","CO_57636",0.973,0.026,0.001,0.014,63040,"2811-38691","Cathys","mom","Cathys-02",2,"1","","2850-57636","Blue Cloud","dad","none",NA,NA,NA
"CO_38691","CO_21085",0.984,0.016,0,0.008,61802,"2811-38691","Cathys","mom","Cathys-02",2,"1","","2350-21085","Make Believe","dad","MakeBelieve-20",NA,NA,NA
"CO_38691","CO_57701",0.991,0.009,0,0.004,59220,"2811-38691","Cathys","mom","Cathys-02",2,"1","","2850-57701","Schaaps","dad","Schaaps-110",NA,NA,NA
"CO_38691","CO_57552",0.99,0.01,0,0.005,68173,"2811-38691","Cathys","mom","Cathys-02",2,"1","","2850-57552","Struthers","dad","Struthers-20",NA,NA,NA
"CO_57546","CO_57554",0.98,0.02,0,0.01,58306,"2850-57546","Schaaps","dad","Schaaps-98",NA,"","","2850-57554","Schaaps","dad","Schaaps-24",NA,"",""
"CO_57546","CO_57559",0.972,0.025,0.003,0.015,59753,"2850-57546","Schaaps","dad","Schaaps-98",NA,"","","2850-57559","Schaaps","mom","Schaaps-98",NA,"",""
"CO_57546","CO_57562",0.984,0.009,0.007,0.011,54499,"2850-57546","Schaaps","dad","Schaaps-98",NA,"","","2850-57562","Schaaps","dad","Schaaps-67",NA,"",""
"CO_57546","CO_57561",0.987,0.013,0,0.007,55548,"2850-57546","Schaaps","dad","Schaaps-98",NA,"","","2850-57561","Schaaps","mom","Schaaps-74",NA,"",""
"CO_57546","CO_57563",0.981,0.018,0,0.009,65653,"2850-57546","Schaaps","dad","Schaaps-98",NA,"","","2850-57563","Schaaps","dad","Schaaps-74",NA,"",""
"CO_57546","CO_57617",0.979,0.019,0.002,0.012,63257,"2850-57546","Schaaps","dad","Schaaps-98",NA,"","","2850-57617","Urban Farm Girlz","mom","UrbanFarm-04",NA,"",""
"CO_57546","CO_57604",0.986,0.014,0,0.007,55689,"2850-57546","Schaaps","dad","Schaaps-98",NA,"","","2850-57604","Schaaps","mom","Schaaps-110",NA,"",""
"CO_57546","CO_57904",0.99,0.005,0.005,0.008,50727,"2850-57546","Schaaps","dad","Schaaps-98",NA,"","","2850-57904","Schaaps","mom","Schaaps-67",NA,"",""
"CO_57546","CO_57611",0.978,0.022,0,0.011,57744,"2850-57546","Schaaps","dad","Schaaps-98",NA,"","","2850-57611","Schaaps","mom","Schaaps-71",NA,"",""
"CO_57546","CO_57606",0.977,0.022,0,0.012,51259,"2850-57546","Schaaps","dad","Schaaps-98",NA,"","","2850-57606","Schaaps","dad","Schaaps-71",NA,"",""
"CO_57546","CO_57613",0.964,0.035,0.001,0.018,60237,"2850-57546","Schaaps","dad","Schaaps-98",NA,"","","2850-57613","Blue Cloud","mom","BlueCloud-19",NA,"",""
"CO_57546","CO_57635",0.976,0.024,0,0.012,53718,"2850-57546","Schaaps","dad","Schaaps-98",NA,"","","2850-57635","Make Believe","mom","MakeBelieve-17",NA,"",""
"CO_57546","CO_57905",0.98,0.019,0.002,0.011,54714,"2850-57546","Schaaps","dad","Schaaps-98",NA,"","","2850-57905","Schaaps","mom","Schaaps-24",NA,"",""
"CO_57546","CO_57854",0.988,0.012,0,0.006,49312,"2850-57546","Schaaps","dad","Schaaps-98",NA,"","","2850-57854","Cooks","mom","Cooks-18",NA,"",""
"CO_57546","CO_06912",0.978,0.022,0,0.011,54316,"2850-57546","Schaaps","dad","Schaaps-98",NA,"","","2811-06912","Schaaps","dad","Schaaps-54",NA,NA,NA
"CO_57546","CO_57505",0.98,0.009,0.012,0.016,58380,"2850-57546","Schaaps","dad","Schaaps-98",NA,"","","2850-57505","Cooks","dad","Cooks-23",NA,NA,NA
"CO_57546","CO_57558",0.974,0.003,0.023,0.024,56673,"2850-57546","Schaaps","dad","Schaaps-98",NA,"","","2850-57558","Cooks","mom","Cooks-31",NA,NA,NA
"CO_57546","CO_57556",0.991,0.008,0.002,0.006,58869,"2850-57546","Schaaps","dad","Schaaps-98",NA,"","","2850-57556","Schaaps","mom","Schaaps-80",NA,NA,NA
"CO_57546","CO_57549",0.987,0.012,0.002,0.007,55884,"2850-57546","Schaaps","dad","Schaaps-98",NA,"","","2850-57549","Cathys","dad","Cathys-03",NA,NA,NA
"CO_57546","CO_57565",0.99,0.003,0.007,0.008,57363,"2850-57546","Schaaps","dad","Schaaps-98",NA,"","","2850-57565","Blue Cloud","dad","BlueCloud-19",NA,NA,NA
"CO_57546","CO_57555",0.981,0.018,0.001,0.01,56391,"2850-57546","Schaaps","dad","Schaaps-98",NA,"","","2850-57555","Reinarz","mom","Reinarz-01",NA,NA,NA
"CO_57546","CO_57538",0.984,0.015,0.001,0.008,49878,"2850-57546","Schaaps","dad","Schaaps-98",NA,"","","2850-57538","Schaaps","dad","Schaaps-80",NA,NA,NA
"CO_57546","CO_57553",0.987,0.012,0,0.006,53779,"2850-57546","Schaaps","dad","Schaaps-98",NA,"","","2850-57553","Schaaps","mom","Schaaps-108",NA,NA,NA
"CO_57546","CO_57602",0.982,0.013,0.005,0.011,57931,"2850-57546","Schaaps","dad","Schaaps-98",NA,"","","2850-57602","Cooks","dad","Cooks-18",NA,NA,NA
"CO_57546","CO_57610",0.986,0.006,0.008,0.011,42450,"2850-57546","Schaaps","dad","Schaaps-98",NA,"","","2850-57610","Blue Cloud","mom","BlueCloud-14",NA,NA,NA
"CO_57546","CO_57599",0.96,0.039,0.001,0.02,53953,"2850-57546","Schaaps","dad","Schaaps-98",NA,"","","2850-57599","Cathys","dad","Cathys-02",NA,NA,NA
"CO_57546","CO_57624",0.985,0,0.015,0.015,55539,"2850-57546","Schaaps","dad","Schaaps-98",NA,"","","2850-57624","Urban Farm Girlz","dad","UrbanFarm-04",NA,NA,NA
"CO_57546","CO_57615",0.983,0.011,0.006,0.011,53222,"2850-57546","Schaaps","dad","Schaaps-98",NA,"","","2850-57615","Urban Farm Girlz","dad","UrbanFarm-02",NA,NA,NA
"CO_57546","CO_57603",0.968,0.027,0.006,0.019,53124,"2850-57546","Schaaps","dad","Schaaps-98",NA,"","","2850-57603","Schaaps","mom","Schaaps-54",NA,NA,NA
"CO_57546","CO_57608",0.99,0.01,0,0.005,58749,"2850-57546","Schaaps","dad","Schaaps-98",NA,"","","2850-57608","Urban Farm Girlz","mom","UrbanFarm-02",NA,NA,NA
"CO_57546","CO_57612",0.978,0.02,0.001,0.012,58572,"2850-57546","Schaaps","dad","Schaaps-98",NA,"","","2850-57612","Blue Cloud","mom","BlueCloud-09",NA,NA,NA
"CO_57546","CO_57619",0.983,0.016,0.001,0.009,57593,"2850-57546","Schaaps","dad","Schaaps-98",NA,"","","2850-57619","Reinarz","dad","Reinarz-01",NA,NA,NA
"CO_57546","CO_57631",0.982,0.011,0.008,0.013,50778,"2850-57546","Schaaps","dad","Schaaps-98",NA,"","","2850-57631","Alishas","dad","none",NA,NA,NA
"CO_57546","CO_57901",0.988,0.002,0.01,0.011,49410,"2850-57546","Schaaps","dad","Schaaps-98",NA,"","","2850-57901","Blue Cloud","dad","BlueCloud-09",NA,NA,NA
"CO_57546","CO_57912",0.972,0.016,0.012,0.02,54803,"2850-57546","Schaaps","dad","Schaaps-98",NA,"","","2850-57912","Cooks","dad","Cooks-27",NA,NA,NA
"CO_57546","CO_57628",0.985,0.014,0.001,0.008,54605,"2850-57546","Schaaps","dad","Schaaps-98",NA,"","","2850-57628","Alishas","dad","none",NA,NA,NA
"CO_57546","CO_57625",0.962,0.036,0.002,0.02,54351,"2850-57546","Schaaps","dad","Schaaps-98",NA,"","","2850-57625","Alishas","dad","none",NA,NA,NA
"CO_57546","CO_57916",0.965,0.022,0.012,0.024,50476,"2850-57546","Schaaps","dad","Schaaps-98",NA,"","","2850-57916","Alishas","dad","none",NA,NA,NA
"CO_57546","CO_57630",0.966,0.033,0.001,0.017,52188,"2850-57546","Schaaps","dad","Schaaps-98",NA,"","","2850-57630","Alishas","dad","none",NA,NA,NA
"CO_57546","CO_57836",0.991,0.008,0,0.004,57539,"2850-57546","Schaaps","dad","Schaaps-98",NA,"","","2850-57836","Make Believe","dad","MakeBelieve-26",NA,NA,NA
"CO_57546","CO_57917",0.965,0.028,0.006,0.02,47907,"2850-57546","Schaaps","dad","Schaaps-98",NA,"","","2850-57917","Alishas","dad","none",NA,NA,NA
"CO_57546","CO_57915",0.977,0.022,0.001,0.012,48618,"2850-57546","Schaaps","dad","Schaaps-98",NA,"","","2850-57915","Alishas","dad","none",NA,NA,NA
"CO_57546","CO_57853",0.981,0.019,0,0.01,49110,"2850-57546","Schaaps","dad","Schaaps-98",NA,"","","2850-57853","Cooks","mom","Cooks-27",NA,NA,NA
"CO_57546","CO_63488",0.987,0.013,0,0.007,57314,"2850-57546","Schaaps","dad","Schaaps-98",NA,"","","2510-63488","Make Believe","dad","MakeBelieve-17",NA,NA,NA
"CO_57546","CO_82916",0.978,0.019,0.003,0.013,50156,"2850-57546","Schaaps","dad","Schaaps-98",NA,"","","2811-82916","Make Believe","dad","MakeBelieve-61",NA,NA,NA
"CO_57546","CO_97385",0.976,0.017,0.008,0.016,55251,"2850-57546","Schaaps","dad","Schaaps-98",NA,"","","2640-97385","Make Believe","mom","MakeBelieve-69",NA,NA,NA
"CO_57546","CO_97347",0.987,0.012,0.001,0.007,57162,"2850-57546","Schaaps","dad","Schaaps-98",NA,"","","2640-97347","Make Believe","mom","MakeBelieve-26",NA,NA,NA
"CO_57546","CO_97596",0.986,0.013,0,0.007,53755,"2850-57546","Schaaps","dad","Schaaps-98",NA,"","","2640-97596","Make Believe","mom","MakeBelieve-20",NA,NA,NA
"CO_57546","CO_97370",0.984,0.015,0.001,0.008,60177,"2850-57546","Schaaps","dad","Schaaps-98",NA,"","","2640-97370","Cooks","mom","Cooks-23",NA,NA,NA
"CO_57546","CO_57551",0.989,0.009,0.002,0.006,54656,"2850-57546","Schaaps","dad","Schaaps-98",NA,"","","2850-57551","Struthers","mom","Struthers-20",NA,NA,NA
"CO_57546","CO_57609",0.991,0.009,0,0.005,52008,"2850-57546","Schaaps","dad","Schaaps-98",NA,"","","2850-57609","Cooks","mom","Cooks-24",NA,NA,NA
"CO_57546","CO_97548",0.983,0.015,0.001,0.009,58779,"2850-57546","Schaaps","dad","Schaaps-98",NA,"","","2640-97548","Blue Cloud","dad","BlueCloud-18",NA,NA,NA
"CO_57546","CO_57614",0.984,0.015,0.001,0.008,55668,"2850-57546","Schaaps","dad","Schaaps-98",NA,"","","2850-57614","Blue Cloud","dad","BlueCloud-14",NA,NA,NA
"CO_57546","CO_57550",0.981,0.018,0,0.009,53611,"2850-57546","Schaaps","dad","Schaaps-98",NA,"","","2850-57550","Cathys","mom","Cathys-03",NA,NA,NA
"CO_57546","CO_57557",0.987,0.009,0.004,0.008,53948,"2850-57546","Schaaps","dad","Schaaps-98",NA,"","","2850-57557","Cooks","dad","Cooks-24",NA,NA,NA
"CO_57546","CO_57620",0.956,0.041,0.003,0.024,55309,"2850-57546","Schaaps","dad","Schaaps-98",NA,"","","2850-57620","Jims","dad","Jims-01",NA,NA,NA
"CO_57546","CO_57633",0.985,0.015,0,0.008,56035,"2850-57546","Schaaps","dad","Schaaps-98",NA,"","","2850-57633","Cooks","dad","Cooks-31",NA,NA,NA
"CO_57546","CO_21085",0.981,0.019,0,0.009,53009,"2850-57546","Schaaps","dad","Schaaps-98",NA,"","","2350-21085","Make Believe","dad","MakeBelieve-20",NA,NA,NA
"CO_57546","CO_57607",0.989,0.01,0.001,0.006,59264,"2850-57546","Schaaps","dad","Schaaps-98",NA,"","","2850-57607","Schaaps","dad","Schaaps-108",NA,NA,NA
"CO_57546","CO_57518",0.983,0.017,0,0.009,53500,"2850-57546","Schaaps","dad","Schaaps-98",NA,"","","2850-57518","Make Believe","dad","MakeBelieve-69",NA,NA,NA
"CO_57546","CO_57552",0.988,0.011,0,0.006,58426,"2850-57546","Schaaps","dad","Schaaps-98",NA,"","","2850-57552","Struthers","dad","Struthers-20",NA,NA,NA
"CO_57546","CO_57636",0.959,0.041,0.001,0.021,53937,"2850-57546","Schaaps","dad","Schaaps-98",NA,"","","2850-57636","Blue Cloud","dad","none",NA,NA,NA
"CO_57554","CO_57559",0.986,0.014,0,0.007,67479,"2850-57554","Schaaps","dad","Schaaps-24",NA,"","","2850-57559","Schaaps","mom","Schaaps-98",NA,"",""
"CO_57554","CO_57561",0.987,0.013,0,0.007,62717,"2850-57554","Schaaps","dad","Schaaps-24",NA,"","","2850-57561","Schaaps","mom","Schaaps-74",NA,"",""
"CO_57554","CO_57606",0.982,0.016,0.001,0.009,58011,"2850-57554","Schaaps","dad","Schaaps-24",NA,"","","2850-57606","Schaaps","dad","Schaaps-71",NA,"",""
"CO_57554","CO_57604",0.987,0.013,0,0.007,62858,"2850-57554","Schaaps","dad","Schaaps-24",NA,"","","2850-57604","Schaaps","mom","Schaaps-110",NA,"",""
"CO_57554","CO_57563",0.992,0.008,0,0.004,74102,"2850-57554","Schaaps","dad","Schaaps-24",NA,"","","2850-57563","Schaaps","dad","Schaaps-74",NA,"",""
"CO_57554","CO_57611",0.988,0.012,0,0.006,65173,"2850-57554","Schaaps","dad","Schaaps-24",NA,"","","2850-57611","Schaaps","mom","Schaaps-71",NA,"",""
"CO_57554","CO_57562",0.988,0.011,0.001,0.007,61557,"2850-57554","Schaaps","dad","Schaaps-24",NA,"","","2850-57562","Schaaps","dad","Schaaps-67",NA,"",""
"CO_57546","CO_57701",0.992,0.008,0,0.004,50751,"2850-57546","Schaaps","dad","Schaaps-98",NA,"","","2850-57701","Schaaps","dad","Schaaps-110",NA,NA,NA
"CO_57554","CO_57613",0.981,0.019,0,0.01,67934,"2850-57554","Schaaps","dad","Schaaps-24",NA,"","","2850-57613","Blue Cloud","mom","BlueCloud-19",NA,"",""
"CO_57554","CO_57905",0.987,0.01,0.003,0.008,61723,"2850-57554","Schaaps","dad","Schaaps-24",NA,"","","2850-57905","Schaaps","mom","Schaaps-24",NA,"",""
"CO_57554","CO_57854",0.983,0.017,0,0.009,55532,"2850-57554","Schaaps","dad","Schaaps-24",NA,"","","2850-57854","Cooks","mom","Cooks-18",NA,"",""
"CO_57554","CO_57635",0.982,0.018,0,0.009,60539,"2850-57554","Schaaps","dad","Schaaps-24",NA,"","","2850-57635","Make Believe","mom","MakeBelieve-17",NA,"",""
"CO_57554","CO_57904",0.986,0.014,0,0.007,57022,"2850-57554","Schaaps","dad","Schaaps-24",NA,"","","2850-57904","Schaaps","mom","Schaaps-67",NA,"",""
"CO_57554","CO_57617",0.982,0.018,0,0.009,71428,"2850-57554","Schaaps","dad","Schaaps-24",NA,"","","2850-57617","Urban Farm Girlz","mom","UrbanFarm-04",NA,"",""
"CO_57554","CO_06912",0.985,0.015,0,0.007,61338,"2850-57554","Schaaps","dad","Schaaps-24",NA,"","","2811-06912","Schaaps","dad","Schaaps-54",NA,NA,NA
"CO_57554","CO_57602",0.912,0.026,0.062,0.075,65321,"2850-57554","Schaaps","dad","Schaaps-24",NA,"","","2850-57602","Cooks","dad","Cooks-18",NA,NA,NA
"CO_57554","CO_57549",0.983,0.016,0.001,0.009,63039,"2850-57554","Schaaps","dad","Schaaps-24",NA,"","","2850-57549","Cathys","dad","Cathys-03",NA,NA,NA
"CO_57554","CO_57505",0.985,0.015,0,0.008,65858,"2850-57554","Schaaps","dad","Schaaps-24",NA,"","","2850-57505","Cooks","dad","Cooks-23",NA,NA,NA
"CO_57554","CO_57538",0.99,0.01,0,0.005,56378,"2850-57554","Schaaps","dad","Schaaps-24",NA,"","","2850-57538","Schaaps","dad","Schaaps-80",NA,NA,NA
"CO_57554","CO_57556",0.993,0.007,0,0.003,66477,"2850-57554","Schaaps","dad","Schaaps-24",NA,"","","2850-57556","Schaaps","mom","Schaaps-80",NA,NA,NA
"CO_57554","CO_57558",0.989,0.011,0,0.005,63877,"2850-57554","Schaaps","dad","Schaaps-24",NA,"","","2850-57558","Cooks","mom","Cooks-31",NA,NA,NA
"CO_57554","CO_57555",0.985,0.015,0,0.008,63622,"2850-57554","Schaaps","dad","Schaaps-24",NA,"","","2850-57555","Reinarz","mom","Reinarz-01",NA,NA,NA
"CO_57554","CO_57553",0.989,0.011,0,0.006,60634,"2850-57554","Schaaps","dad","Schaaps-24",NA,"","","2850-57553","Schaaps","mom","Schaaps-108",NA,NA,NA
"CO_57554","CO_57599",0.988,0.011,0,0.006,60861,"2850-57554","Schaaps","dad","Schaaps-24",NA,"","","2850-57599","Cathys","dad","Cathys-02",NA,NA,NA
"CO_57554","CO_57565",0.989,0.011,0,0.006,64727,"2850-57554","Schaaps","dad","Schaaps-24",NA,"","","2850-57565","Blue Cloud","dad","BlueCloud-19",NA,NA,NA
"CO_57554","CO_57630",0.988,0.001,0.011,0.011,58860,"2850-57554","Schaaps","dad","Schaaps-24",NA,"","","2850-57630","Alishas","dad","none",NA,NA,NA
"CO_57554","CO_57612",0.992,0.007,0.001,0.005,66008,"2850-57554","Schaaps","dad","Schaaps-24",NA,"","","2850-57612","Blue Cloud","mom","BlueCloud-09",NA,NA,NA
"CO_57554","CO_57603",0.985,0.014,0.001,0.008,59964,"2850-57554","Schaaps","dad","Schaaps-24",NA,"","","2850-57603","Schaaps","mom","Schaaps-54",NA,NA,NA
"CO_57554","CO_57624",0.984,0.015,0,0.008,62727,"2850-57554","Schaaps","dad","Schaaps-24",NA,"","","2850-57624","Urban Farm Girlz","dad","UrbanFarm-04",NA,NA,NA
"CO_57554","CO_57608",0.99,0.01,0,0.005,66355,"2850-57554","Schaaps","dad","Schaaps-24",NA,"","","2850-57608","Urban Farm Girlz","mom","UrbanFarm-02",NA,NA,NA
"CO_57554","CO_57615",0.987,0.012,0.001,0.007,59879,"2850-57554","Schaaps","dad","Schaaps-24",NA,"","","2850-57615","Urban Farm Girlz","dad","UrbanFarm-02",NA,NA,NA
"CO_57554","CO_57610",0.982,0.018,0.001,0.009,47863,"2850-57554","Schaaps","dad","Schaaps-24",NA,"","","2850-57610","Blue Cloud","mom","BlueCloud-14",NA,NA,NA
"CO_57554","CO_57619",0.986,0.014,0,0.007,64891,"2850-57554","Schaaps","dad","Schaaps-24",NA,"","","2850-57619","Reinarz","dad","Reinarz-01",NA,NA,NA
"CO_57554","CO_57625",0.979,0.02,0.001,0.011,61316,"2850-57554","Schaaps","dad","Schaaps-24",NA,"","","2850-57625","Alishas","dad","none",NA,NA,NA
"CO_57554","CO_57901",0.981,0.008,0.011,0.015,55742,"2850-57554","Schaaps","dad","Schaaps-24",NA,"","","2850-57901","Blue Cloud","dad","BlueCloud-09",NA,NA,NA
"CO_57554","CO_57628",0.987,0.012,0.001,0.007,61451,"2850-57554","Schaaps","dad","Schaaps-24",NA,"","","2850-57628","Alishas","dad","none",NA,NA,NA
"CO_57554","CO_57631",0.982,0.013,0.004,0.011,57374,"2850-57554","Schaaps","dad","Schaaps-24",NA,"","","2850-57631","Alishas","dad","none",NA,NA,NA
"CO_57554","CO_57912",0.986,0.012,0.002,0.008,61706,"2850-57554","Schaaps","dad","Schaaps-24",NA,"","","2850-57912","Cooks","dad","Cooks-27",NA,NA,NA
"CO_57554","CO_57853",0.989,0.011,0,0.006,55486,"2850-57554","Schaaps","dad","Schaaps-24",NA,"","","2850-57853","Cooks","mom","Cooks-27",NA,NA,NA
"CO_57554","CO_57915",0.974,0.025,0,0.013,54846,"2850-57554","Schaaps","dad","Schaaps-24",NA,"","","2850-57915","Alishas","dad","none",NA,NA,NA
"CO_57554","CO_57836",0.99,0.01,0,0.005,64997,"2850-57554","Schaaps","dad","Schaaps-24",NA,"","","2850-57836","Make Believe","dad","MakeBelieve-26",NA,NA,NA
"CO_57554","CO_57917",0.981,0.018,0.001,0.01,53973,"2850-57554","Schaaps","dad","Schaaps-24",NA,"","","2850-57917","Alishas","dad","none",NA,NA,NA
"CO_57554","CO_63488",0.991,0.009,0,0.005,64652,"2850-57554","Schaaps","dad","Schaaps-24",NA,"","","2510-63488","Make Believe","dad","MakeBelieve-17",NA,NA,NA
"CO_57554","CO_82916",0.973,0.026,0,0.013,56632,"2850-57554","Schaaps","dad","Schaaps-24",NA,"","","2811-82916","Make Believe","dad","MakeBelieve-61",NA,NA,NA
"CO_57554","CO_57916",0.976,0.024,0,0.012,56871,"2850-57554","Schaaps","dad","Schaaps-24",NA,"","","2850-57916","Alishas","dad","none",NA,NA,NA
"CO_57554","CO_97347",0.988,0.012,0,0.006,64502,"2850-57554","Schaaps","dad","Schaaps-24",NA,"","","2640-97347","Make Believe","mom","MakeBelieve-26",NA,NA,NA
"CO_57554","CO_97385",0.911,0.073,0.015,0.052,62138,"2850-57554","Schaaps","dad","Schaaps-24",NA,"","","2640-97385","Make Believe","mom","MakeBelieve-69",NA,NA,NA
"CO_57554","CO_97370",0.992,0.008,0,0.004,67939,"2850-57554","Schaaps","dad","Schaaps-24",NA,"","","2640-97370","Cooks","mom","Cooks-23",NA,NA,NA
"CO_57554","CO_97596",0.986,0.013,0.001,0.007,60685,"2850-57554","Schaaps","dad","Schaaps-24",NA,"","","2640-97596","Make Believe","mom","MakeBelieve-20",NA,NA,NA
"CO_57554","CO_57609",0.99,0.01,0,0.005,58666,"2850-57554","Schaaps","dad","Schaaps-24",NA,"","","2850-57609","Cooks","mom","Cooks-24",NA,NA,NA
"CO_57554","CO_57551",0.992,0.008,0,0.004,61697,"2850-57554","Schaaps","dad","Schaaps-24",NA,"","","2850-57551","Struthers","mom","Struthers-20",NA,NA,NA
"CO_57554","CO_57550",0.992,0.008,0,0.004,60427,"2850-57554","Schaaps","dad","Schaaps-24",NA,"","","2850-57550","Cathys","mom","Cathys-03",NA,NA,NA
"CO_57554","CO_57614",0.99,0.01,0,0.005,62709,"2850-57554","Schaaps","dad","Schaaps-24",NA,"","","2850-57614","Blue Cloud","dad","BlueCloud-14",NA,NA,NA
"CO_57554","CO_57557",0.991,0.008,0,0.004,60901,"2850-57554","Schaaps","dad","Schaaps-24",NA,"","","2850-57557","Cooks","dad","Cooks-24",NA,NA,NA
"CO_57554","CO_57552",0.987,0.009,0.003,0.008,65875,"2850-57554","Schaaps","dad","Schaaps-24",NA,"","","2850-57552","Struthers","dad","Struthers-20",NA,NA,NA
"CO_57559","CO_57561",0.987,0.005,0.009,0.011,64167,"2850-57559","Schaaps","mom","Schaaps-98",NA,"","","2850-57561","Schaaps","mom","Schaaps-74",NA,"",""
"CO_57554","CO_21085",0.987,0.012,0,0.007,59738,"2850-57554","Schaaps","dad","Schaaps-24",NA,"","","2350-21085","Make Believe","dad","MakeBelieve-20",NA,NA,NA
"CO_57554","CO_57633",0.981,0.018,0.001,0.01,63219,"2850-57554","Schaaps","dad","Schaaps-24",NA,"","","2850-57633","Cooks","dad","Cooks-31",NA,NA,NA
"CO_57554","CO_57620",0.976,0.022,0.001,0.013,62356,"2850-57554","Schaaps","dad","Schaaps-24",NA,"","","2850-57620","Jims","dad","Jims-01",NA,NA,NA
"CO_57554","CO_57518",0.988,0.011,0.001,0.007,60461,"2850-57554","Schaaps","dad","Schaaps-24",NA,"","","2850-57518","Make Believe","dad","MakeBelieve-69",NA,NA,NA
"CO_57554","CO_97548",0.986,0.014,0,0.007,66270,"2850-57554","Schaaps","dad","Schaaps-24",NA,"","","2640-97548","Blue Cloud","dad","BlueCloud-18",NA,NA,NA
"CO_57554","CO_57636",0.988,0.012,0,0.006,60829,"2850-57554","Schaaps","dad","Schaaps-24",NA,"","","2850-57636","Blue Cloud","dad","none",NA,NA,NA
"CO_57559","CO_57562",0.991,0.007,0.002,0.006,62922,"2850-57559","Schaaps","mom","Schaaps-98",NA,"","","2850-57562","Schaaps","dad","Schaaps-67",NA,"",""
"CO_57554","CO_57607",0.992,0.008,0,0.004,66852,"2850-57554","Schaaps","dad","Schaaps-24",NA,"","","2850-57607","Schaaps","dad","Schaaps-108",NA,NA,NA
"CO_57554","CO_57701",0.992,0.008,0,0.004,57195,"2850-57554","Schaaps","dad","Schaaps-24",NA,"","","2850-57701","Schaaps","dad","Schaaps-110",NA,NA,NA
"CO_57559","CO_57613",0.987,0.012,0.001,0.007,69708,"2850-57559","Schaaps","mom","Schaaps-98",NA,"","","2850-57613","Blue Cloud","mom","BlueCloud-19",NA,"",""
"CO_57559","CO_57617",0.971,0.027,0.002,0.016,73153,"2850-57559","Schaaps","mom","Schaaps-98",NA,"","","2850-57617","Urban Farm Girlz","mom","UrbanFarm-04",NA,"",""
"CO_57559","CO_57563",0.988,0.012,0,0.006,75957,"2850-57559","Schaaps","mom","Schaaps-98",NA,"","","2850-57563","Schaaps","dad","Schaaps-74",NA,"",""
"CO_57559","CO_57611",0.983,0.017,0.001,0.009,66741,"2850-57559","Schaaps","mom","Schaaps-98",NA,"","","2850-57611","Schaaps","mom","Schaaps-71",NA,"",""
"CO_57559","CO_57604",0.987,0.013,0,0.006,64353,"2850-57559","Schaaps","mom","Schaaps-98",NA,"","","2850-57604","Schaaps","mom","Schaaps-110",NA,"",""
"CO_57559","CO_57606",0.979,0.021,0,0.01,59312,"2850-57559","Schaaps","mom","Schaaps-98",NA,"","","2850-57606","Schaaps","dad","Schaaps-71",NA,"",""
"CO_57559","CO_57905",0.987,0.012,0,0.006,63253,"2850-57559","Schaaps","mom","Schaaps-98",NA,"","","2850-57905","Schaaps","mom","Schaaps-24",NA,"",""
"CO_57559","CO_57904",0.99,0.01,0,0.005,58532,"2850-57559","Schaaps","mom","Schaaps-98",NA,"","","2850-57904","Schaaps","mom","Schaaps-67",NA,"",""
"CO_57559","CO_57635",0.983,0.017,0,0.008,62059,"2850-57559","Schaaps","mom","Schaaps-98",NA,"","","2850-57635","Make Believe","mom","MakeBelieve-17",NA,"",""
"CO_57559","CO_57854",0.986,0.013,0,0.007,56980,"2850-57559","Schaaps","mom","Schaaps-98",NA,"","","2850-57854","Cooks","mom","Cooks-18",NA,"",""
"CO_57559","CO_06912",0.966,0.033,0.001,0.017,62804,"2850-57559","Schaaps","mom","Schaaps-98",NA,"","","2811-06912","Schaaps","dad","Schaaps-54",NA,NA,NA
"CO_57559","CO_57555",0.98,0.015,0.004,0.012,65235,"2850-57559","Schaaps","mom","Schaaps-98",NA,"","","2850-57555","Reinarz","mom","Reinarz-01",NA,NA,NA
"CO_57559","CO_57565",0.982,0.011,0.007,0.012,66378,"2850-57559","Schaaps","mom","Schaaps-98",NA,"","","2850-57565","Blue Cloud","dad","BlueCloud-19",NA,NA,NA
"CO_57559","CO_57505",0.987,0.013,0,0.007,67418,"2850-57559","Schaaps","mom","Schaaps-98",NA,"","","2850-57505","Cooks","dad","Cooks-23",NA,NA,NA
"CO_57559","CO_57538",0.989,0.011,0,0.006,57806,"2850-57559","Schaaps","mom","Schaaps-98",NA,"","","2850-57538","Schaaps","dad","Schaaps-80",NA,NA,NA
"CO_57559","CO_57553",0.989,0.011,0.001,0.006,62140,"2850-57559","Schaaps","mom","Schaaps-98",NA,"","","2850-57553","Schaaps","mom","Schaaps-108",NA,NA,NA
"CO_57559","CO_57556",0.989,0.011,0,0.006,68033,"2850-57559","Schaaps","mom","Schaaps-98",NA,"","","2850-57556","Schaaps","mom","Schaaps-80",NA,NA,NA
"CO_57559","CO_57549",0.984,0.016,0,0.008,64569,"2850-57559","Schaaps","mom","Schaaps-98",NA,"","","2850-57549","Cathys","dad","Cathys-03",NA,NA,NA
"CO_57559","CO_57599",0.986,0.012,0.002,0.008,62298,"2850-57559","Schaaps","mom","Schaaps-98",NA,"","","2850-57599","Cathys","dad","Cathys-02",NA,NA,NA
"CO_57559","CO_57558",0.989,0.011,0,0.006,65464,"2850-57559","Schaaps","mom","Schaaps-98",NA,"","","2850-57558","Cooks","mom","Cooks-31",NA,NA,NA
"CO_57559","CO_57608",0.992,0.007,0,0.004,67940,"2850-57559","Schaaps","mom","Schaaps-98",NA,"","","2850-57608","Urban Farm Girlz","mom","UrbanFarm-02",NA,NA,NA
"CO_57559","CO_57612",0.989,0.009,0.002,0.006,67731,"2850-57559","Schaaps","mom","Schaaps-98",NA,"","","2850-57612","Blue Cloud","mom","BlueCloud-09",NA,NA,NA
"CO_57559","CO_57603",0.985,0.015,0,0.008,61491,"2850-57559","Schaaps","mom","Schaaps-98",NA,"","","2850-57603","Schaaps","mom","Schaaps-54",NA,NA,NA
"CO_57559","CO_57610",0.986,0.013,0.001,0.008,49093,"2850-57559","Schaaps","mom","Schaaps-98",NA,"","","2850-57610","Blue Cloud","mom","BlueCloud-14",NA,NA,NA
"CO_57559","CO_57602",0.989,0.011,0,0.006,66918,"2850-57559","Schaaps","mom","Schaaps-98",NA,"","","2850-57602","Cooks","dad","Cooks-18",NA,NA,NA
"CO_57559","CO_57625",0.979,0.011,0.01,0.016,62829,"2850-57559","Schaaps","mom","Schaaps-98",NA,"","","2850-57625","Alishas","dad","none",NA,NA,NA
"CO_57559","CO_57615",0.988,0.011,0,0.006,61376,"2850-57559","Schaaps","mom","Schaaps-98",NA,"","","2850-57615","Urban Farm Girlz","dad","UrbanFarm-02",NA,NA,NA
"CO_57559","CO_57619",0.972,0.025,0.002,0.015,66545,"2850-57559","Schaaps","mom","Schaaps-98",NA,"","","2850-57619","Reinarz","dad","Reinarz-01",NA,NA,NA
"CO_57559","CO_57624",0.975,0.024,0.001,0.013,64300,"2850-57559","Schaaps","mom","Schaaps-98",NA,"","","2850-57624","Urban Farm Girlz","dad","UrbanFarm-04",NA,NA,NA
"CO_57559","CO_57628",0.971,0.028,0.001,0.015,63035,"2850-57559","Schaaps","mom","Schaaps-98",NA,"","","2850-57628","Alishas","dad","none",NA,NA,NA
"CO_57559","CO_57630",0.984,0.016,0,0.008,60373,"2850-57559","Schaaps","mom","Schaaps-98",NA,"","","2850-57630","Alishas","dad","none",NA,NA,NA
"CO_57559","CO_57631",0.959,0.041,0,0.021,58686,"2850-57559","Schaaps","mom","Schaaps-98",NA,"","","2850-57631","Alishas","dad","none",NA,NA,NA
"CO_57559","CO_57836",0.987,0.013,0,0.006,66610,"2850-57559","Schaaps","mom","Schaaps-98",NA,"","","2850-57836","Make Believe","dad","MakeBelieve-26",NA,NA,NA
"CO_57559","CO_57853",0.979,0.02,0,0.01,56809,"2850-57559","Schaaps","mom","Schaaps-98",NA,"","","2850-57853","Cooks","mom","Cooks-27",NA,NA,NA
"CO_57559","CO_57901",0.975,0.024,0.001,0.013,57147,"2850-57559","Schaaps","mom","Schaaps-98",NA,"","","2850-57901","Blue Cloud","dad","BlueCloud-09",NA,NA,NA
"CO_57559","CO_57912",0.981,0.019,0,0.01,63306,"2850-57559","Schaaps","mom","Schaaps-98",NA,"","","2850-57912","Cooks","dad","Cooks-27",NA,NA,NA
"CO_57559","CO_57915",0.982,0.018,0.001,0.009,56215,"2850-57559","Schaaps","mom","Schaaps-98",NA,"","","2850-57915","Alishas","dad","none",NA,NA,NA
"CO_57559","CO_57916",0.972,0.026,0.002,0.015,58354,"2850-57559","Schaaps","mom","Schaaps-98",NA,"","","2850-57916","Alishas","dad","none",NA,NA,NA
"CO_57559","CO_82916",0.986,0.011,0.003,0.009,58191,"2850-57559","Schaaps","mom","Schaaps-98",NA,"","","2811-82916","Make Believe","dad","MakeBelieve-61",NA,NA,NA
"CO_57559","CO_57917",0.966,0.031,0.003,0.018,55336,"2850-57559","Schaaps","mom","Schaaps-98",NA,"","","2850-57917","Alishas","dad","none",NA,NA,NA
"CO_57559","CO_63488",0.991,0.009,0,0.005,66266,"2850-57559","Schaaps","mom","Schaaps-98",NA,"","","2510-63488","Make Believe","dad","MakeBelieve-17",NA,NA,NA
"CO_57559","CO_97347",0.99,0.009,0.001,0.005,66126,"2850-57559","Schaaps","mom","Schaaps-98",NA,"","","2640-97347","Make Believe","mom","MakeBelieve-26",NA,NA,NA
"CO_57559","CO_97385",0.986,0.014,0,0.007,63816,"2850-57559","Schaaps","mom","Schaaps-98",NA,"","","2640-97385","Make Believe","mom","MakeBelieve-69",NA,NA,NA
"CO_57559","CO_97596",0.988,0.011,0.001,0.007,62119,"2850-57559","Schaaps","mom","Schaaps-98",NA,"","","2640-97596","Make Believe","mom","MakeBelieve-20",NA,NA,NA
"CO_57559","CO_97370",0.988,0.012,0,0.006,69668,"2850-57559","Schaaps","mom","Schaaps-98",NA,"","","2640-97370","Cooks","mom","Cooks-23",NA,NA,NA
"CO_57559","CO_57551",0.993,0.007,0,0.004,63223,"2850-57559","Schaaps","mom","Schaaps-98",NA,"","","2850-57551","Struthers","mom","Struthers-20",NA,NA,NA
"CO_57559","CO_57550",0.981,0.017,0.002,0.011,61985,"2850-57559","Schaaps","mom","Schaaps-98",NA,"","","2850-57550","Cathys","mom","Cathys-03",NA,NA,NA
"CO_57559","CO_97548",0.989,0.009,0.001,0.006,67947,"2850-57559","Schaaps","mom","Schaaps-98",NA,"","","2640-97548","Blue Cloud","dad","BlueCloud-18",NA,NA,NA
"CO_57559","CO_57609",0.989,0.011,0,0.006,60080,"2850-57559","Schaaps","mom","Schaaps-98",NA,"","","2850-57609","Cooks","mom","Cooks-24",NA,NA,NA
"CO_57559","CO_57518",0.993,0.002,0.005,0.006,61877,"2850-57559","Schaaps","mom","Schaaps-98",NA,"","","2850-57518","Make Believe","dad","MakeBelieve-69",NA,NA,NA
"CO_57559","CO_57614",0.987,0.013,0,0.007,64257,"2850-57559","Schaaps","mom","Schaaps-98",NA,"","","2850-57614","Blue Cloud","dad","BlueCloud-14",NA,NA,NA
"CO_57559","CO_57633",0.986,0.014,0,0.007,64770,"2850-57559","Schaaps","mom","Schaaps-98",NA,"","","2850-57633","Cooks","dad","Cooks-31",NA,NA,NA
"CO_57559","CO_57620",0.975,0.025,0,0.013,63859,"2850-57559","Schaaps","mom","Schaaps-98",NA,"","","2850-57620","Jims","dad","Jims-01",NA,NA,NA
"CO_57559","CO_21085",0.983,0.017,0.001,0.009,61142,"2850-57559","Schaaps","mom","Schaaps-98",NA,"","","2350-21085","Make Believe","dad","MakeBelieve-20",NA,NA,NA
"CO_57559","CO_57557",0.988,0.012,0,0.006,62401,"2850-57559","Schaaps","mom","Schaaps-98",NA,"","","2850-57557","Cooks","dad","Cooks-24",NA,NA,NA
"CO_57559","CO_57552",0.987,0.011,0.001,0.007,67570,"2850-57559","Schaaps","mom","Schaaps-98",NA,"","","2850-57552","Struthers","dad","Struthers-20",NA,NA,NA
"CO_57561","CO_57563",0.993,0.007,0,0.004,70613,"2850-57561","Schaaps","mom","Schaaps-74",NA,"","","2850-57563","Schaaps","dad","Schaaps-74",NA,"",""
"CO_57561","CO_57562",0.99,0.009,0.001,0.006,58589,"2850-57561","Schaaps","mom","Schaaps-74",NA,"","","2850-57562","Schaaps","dad","Schaaps-67",NA,"",""
"CO_57559","CO_57636",0.978,0.022,0.001,0.011,62492,"2850-57559","Schaaps","mom","Schaaps-98",NA,"","","2850-57636","Blue Cloud","dad","none",NA,NA,NA
"CO_57559","CO_57701",0.991,0.009,0,0.005,58655,"2850-57559","Schaaps","mom","Schaaps-98",NA,"","","2850-57701","Schaaps","dad","Schaaps-110",NA,NA,NA
"CO_57559","CO_57607",0.986,0.014,0,0.007,68528,"2850-57559","Schaaps","mom","Schaaps-98",NA,"","","2850-57607","Schaaps","dad","Schaaps-108",NA,NA,NA
"CO_57561","CO_57604",0.989,0.011,0,0.006,59818,"2850-57561","Schaaps","mom","Schaaps-74",NA,"","","2850-57604","Schaaps","mom","Schaaps-110",NA,"",""
"CO_57561","CO_57613",0.988,0.011,0,0.006,64848,"2850-57561","Schaaps","mom","Schaaps-74",NA,"","","2850-57613","Blue Cloud","mom","BlueCloud-19",NA,"",""
"CO_57561","CO_57611",0.987,0.013,0,0.006,62074,"2850-57561","Schaaps","mom","Schaaps-74",NA,"","","2850-57611","Schaaps","mom","Schaaps-71",NA,"",""
"CO_57561","CO_57617",0.987,0.013,0,0.006,68051,"2850-57561","Schaaps","mom","Schaaps-74",NA,"","","2850-57617","Urban Farm Girlz","mom","UrbanFarm-04",NA,"",""
"CO_57561","CO_57606",0.981,0.019,0.001,0.01,55043,"2850-57561","Schaaps","mom","Schaaps-74",NA,"","","2850-57606","Schaaps","dad","Schaaps-71",NA,"",""
"CO_57561","CO_57635",0.988,0.012,0,0.006,57728,"2850-57561","Schaaps","mom","Schaaps-74",NA,"","","2850-57635","Make Believe","mom","MakeBelieve-17",NA,"",""
"CO_57561","CO_57905",0.981,0.019,0,0.01,58936,"2850-57561","Schaaps","mom","Schaaps-74",NA,"","","2850-57905","Schaaps","mom","Schaaps-24",NA,"",""
"CO_57561","CO_57854",0.985,0.015,0,0.008,53100,"2850-57561","Schaaps","mom","Schaaps-74",NA,"","","2850-57854","Cooks","mom","Cooks-18",NA,"",""
"CO_57561","CO_57904",0.985,0.015,0,0.007,54384,"2850-57561","Schaaps","mom","Schaaps-74",NA,"","","2850-57904","Schaaps","mom","Schaaps-67",NA,"",""
"CO_57561","CO_06912",0.983,0.017,0,0.009,58434,"2850-57561","Schaaps","mom","Schaaps-74",NA,"","","2811-06912","Schaaps","dad","Schaaps-54",NA,NA,NA
"CO_57561","CO_57538",0.985,0.012,0.003,0.009,53694,"2850-57561","Schaaps","mom","Schaaps-74",NA,"","","2850-57538","Schaaps","dad","Schaaps-80",NA,NA,NA
"CO_57561","CO_57505",0.99,0.009,0,0.005,62666,"2850-57561","Schaaps","mom","Schaaps-74",NA,"","","2850-57505","Cooks","dad","Cooks-23",NA,NA,NA
"CO_57561","CO_57549",0.99,0.01,0,0.005,60044,"2850-57561","Schaaps","mom","Schaaps-74",NA,"","","2850-57549","Cathys","dad","Cathys-03",NA,NA,NA
"CO_57561","CO_57558",0.987,0.012,0.002,0.008,60856,"2850-57561","Schaaps","mom","Schaaps-74",NA,"","","2850-57558","Cooks","mom","Cooks-31",NA,NA,NA
"CO_57561","CO_57555",0.977,0.022,0.001,0.012,60658,"2850-57561","Schaaps","mom","Schaaps-74",NA,"","","2850-57555","Reinarz","mom","Reinarz-01",NA,NA,NA
"CO_57561","CO_57553",0.99,0.01,0,0.005,57847,"2850-57561","Schaaps","mom","Schaaps-74",NA,"","","2850-57553","Schaaps","mom","Schaaps-108",NA,NA,NA
"CO_57561","CO_57565",0.981,0.018,0.001,0.01,61627,"2850-57561","Schaaps","mom","Schaaps-74",NA,"","","2850-57565","Blue Cloud","dad","BlueCloud-19",NA,NA,NA
"CO_57561","CO_57556",0.986,0.014,0,0.007,63279,"2850-57561","Schaaps","mom","Schaaps-74",NA,"","","2850-57556","Schaaps","mom","Schaaps-80",NA,NA,NA
"CO_57561","CO_57599",0.976,0.023,0.002,0.013,57942,"2850-57561","Schaaps","mom","Schaaps-74",NA,"","","2850-57599","Cathys","dad","Cathys-02",NA,NA,NA
"CO_57561","CO_57602",0.991,0.009,0,0.005,62200,"2850-57561","Schaaps","mom","Schaaps-74",NA,"","","2850-57602","Cooks","dad","Cooks-18",NA,NA,NA
"CO_57561","CO_57612",0.991,0.007,0.002,0.005,62957,"2850-57561","Schaaps","mom","Schaaps-74",NA,"","","2850-57612","Blue Cloud","mom","BlueCloud-09",NA,NA,NA
"CO_57561","CO_57603",0.988,0.012,0,0.006,57149,"2850-57561","Schaaps","mom","Schaaps-74",NA,"","","2850-57603","Schaaps","mom","Schaaps-54",NA,NA,NA
"CO_57561","CO_57608",0.991,0.009,0,0.004,63253,"2850-57561","Schaaps","mom","Schaaps-74",NA,"","","2850-57608","Urban Farm Girlz","mom","UrbanFarm-02",NA,NA,NA
"CO_57561","CO_57610",0.99,0.01,0,0.005,45709,"2850-57561","Schaaps","mom","Schaaps-74",NA,"","","2850-57610","Blue Cloud","mom","BlueCloud-14",NA,NA,NA
"CO_57561","CO_57615",0.989,0.011,0,0.005,57111,"2850-57561","Schaaps","mom","Schaaps-74",NA,"","","2850-57615","Urban Farm Girlz","dad","UrbanFarm-02",NA,NA,NA
"CO_57561","CO_57624",0.986,0.012,0.002,0.008,59769,"2850-57561","Schaaps","mom","Schaaps-74",NA,"","","2850-57624","Urban Farm Girlz","dad","UrbanFarm-04",NA,NA,NA
"CO_57561","CO_57853",0.987,0.004,0.01,0.011,52928,"2850-57561","Schaaps","mom","Schaaps-74",NA,"","","2850-57853","Cooks","mom","Cooks-27",NA,NA,NA
"CO_57561","CO_57619",0.987,0.013,0,0.007,61887,"2850-57561","Schaaps","mom","Schaaps-74",NA,"","","2850-57619","Reinarz","dad","Reinarz-01",NA,NA,NA
"CO_57561","CO_57625",0.983,0.015,0.001,0.009,58350,"2850-57561","Schaaps","mom","Schaaps-74",NA,"","","2850-57625","Alishas","dad","none",NA,NA,NA
"CO_57561","CO_57836",0.993,0.007,0,0.004,61887,"2850-57561","Schaaps","mom","Schaaps-74",NA,"","","2850-57836","Make Believe","dad","MakeBelieve-26",NA,NA,NA
"CO_57561","CO_57628",0.986,0.014,0,0.007,58570,"2850-57561","Schaaps","mom","Schaaps-74",NA,"","","2850-57628","Alishas","dad","none",NA,NA,NA
"CO_57561","CO_57630",0.988,0.012,0,0.006,56097,"2850-57561","Schaaps","mom","Schaaps-74",NA,"","","2850-57630","Alishas","dad","none",NA,NA,NA
"CO_57561","CO_57901",0.983,0.016,0.001,0.009,53123,"2850-57561","Schaaps","mom","Schaaps-74",NA,"","","2850-57901","Blue Cloud","dad","BlueCloud-09",NA,NA,NA
"CO_57561","CO_57912",0.979,0.018,0.003,0.012,58853,"2850-57561","Schaaps","mom","Schaaps-74",NA,"","","2850-57912","Cooks","dad","Cooks-27",NA,NA,NA
"CO_57561","CO_57631",0.976,0.023,0,0.012,54513,"2850-57561","Schaaps","mom","Schaaps-74",NA,"","","2850-57631","Alishas","dad","none",NA,NA,NA
"CO_57561","CO_57915",0.974,0.024,0.002,0.014,52189,"2850-57561","Schaaps","mom","Schaaps-74",NA,"","","2850-57915","Alishas","dad","none",NA,NA,NA
"CO_57561","CO_63488",0.993,0.007,0,0.004,61732,"2850-57561","Schaaps","mom","Schaaps-74",NA,"","","2510-63488","Make Believe","dad","MakeBelieve-17",NA,NA,NA
"CO_57561","CO_57916",0.977,0.02,0.003,0.013,54189,"2850-57561","Schaaps","mom","Schaaps-74",NA,"","","2850-57916","Alishas","dad","none",NA,NA,NA
"CO_57561","CO_82916",0.982,0.014,0.003,0.01,53968,"2850-57561","Schaaps","mom","Schaaps-74",NA,"","","2811-82916","Make Believe","dad","MakeBelieve-61",NA,NA,NA
"CO_57561","CO_57917",0.979,0.02,0.001,0.011,51420,"2850-57561","Schaaps","mom","Schaaps-74",NA,"","","2850-57917","Alishas","dad","none",NA,NA,NA
"CO_57561","CO_97347",0.99,0.009,0,0.005,61415,"2850-57561","Schaaps","mom","Schaaps-74",NA,"","","2640-97347","Make Believe","mom","MakeBelieve-26",NA,NA,NA
"CO_57561","CO_97385",0.993,0.007,0,0.003,59223,"2850-57561","Schaaps","mom","Schaaps-74",NA,"","","2640-97385","Make Believe","mom","MakeBelieve-69",NA,NA,NA
"CO_57561","CO_97370",0.988,0.012,0,0.006,64672,"2850-57561","Schaaps","mom","Schaaps-74",NA,"","","2640-97370","Cooks","mom","Cooks-23",NA,NA,NA
"CO_57561","CO_97596",0.988,0.012,0,0.006,57799,"2850-57561","Schaaps","mom","Schaaps-74",NA,"","","2640-97596","Make Believe","mom","MakeBelieve-20",NA,NA,NA
"CO_57561","CO_57550",0.99,0.01,0.001,0.005,57546,"2850-57561","Schaaps","mom","Schaaps-74",NA,"","","2850-57550","Cathys","mom","Cathys-03",NA,NA,NA
"CO_57561","CO_57551",0.991,0.009,0,0.004,58880,"2850-57561","Schaaps","mom","Schaaps-74",NA,"","","2850-57551","Struthers","mom","Struthers-20",NA,NA,NA
"CO_57561","CO_57609",0.989,0.011,0,0.005,55926,"2850-57561","Schaaps","mom","Schaaps-74",NA,"","","2850-57609","Cooks","mom","Cooks-24",NA,NA,NA
"CO_57561","CO_57620",0.985,0.012,0.003,0.009,59408,"2850-57561","Schaaps","mom","Schaaps-74",NA,"","","2850-57620","Jims","dad","Jims-01",NA,NA,NA
"CO_57561","CO_97548",0.989,0.01,0.001,0.006,63083,"2850-57561","Schaaps","mom","Schaaps-74",NA,"","","2640-97548","Blue Cloud","dad","BlueCloud-18",NA,NA,NA
"CO_57561","CO_57518",0.99,0.009,0.001,0.005,57503,"2850-57561","Schaaps","mom","Schaaps-74",NA,"","","2850-57518","Make Believe","dad","MakeBelieve-69",NA,NA,NA
"CO_57561","CO_57557",0.99,0.01,0,0.005,57966,"2850-57561","Schaaps","mom","Schaaps-74",NA,"","","2850-57557","Cooks","dad","Cooks-24",NA,NA,NA
"CO_57561","CO_57614",0.989,0.011,0,0.005,59833,"2850-57561","Schaaps","mom","Schaaps-74",NA,"","","2850-57614","Blue Cloud","dad","BlueCloud-14",NA,NA,NA
"CO_57561","CO_21085",0.986,0.012,0.002,0.008,56888,"2850-57561","Schaaps","mom","Schaaps-74",NA,"","","2350-21085","Make Believe","dad","MakeBelieve-20",NA,NA,NA
"CO_57562","CO_57563",0.992,0.008,0,0.004,69275,"2850-57562","Schaaps","dad","Schaaps-67",NA,"","","2850-57563","Schaaps","dad","Schaaps-74",NA,"",""
"CO_57561","CO_57636",0.986,0.012,0.002,0.008,57949,"2850-57561","Schaaps","mom","Schaaps-74",NA,"","","2850-57636","Blue Cloud","dad","none",NA,NA,NA
"CO_57561","CO_57607",0.986,0.013,0.001,0.007,63671,"2850-57561","Schaaps","mom","Schaaps-74",NA,"","","2850-57607","Schaaps","dad","Schaaps-108",NA,NA,NA
"CO_57561","CO_57701",0.992,0.006,0.002,0.005,54510,"2850-57561","Schaaps","mom","Schaaps-74",NA,"","","2850-57701","Schaaps","dad","Schaaps-110",NA,NA,NA
"CO_57561","CO_57633",0.982,0.018,0,0.009,60202,"2850-57561","Schaaps","mom","Schaaps-74",NA,"","","2850-57633","Cooks","dad","Cooks-31",NA,NA,NA
"CO_57561","CO_57552",0.99,0.01,0,0.005,62777,"2850-57561","Schaaps","mom","Schaaps-74",NA,"","","2850-57552","Struthers","dad","Struthers-20",NA,NA,NA
"CO_57562","CO_57613",0.987,0.012,0.001,0.007,63610,"2850-57562","Schaaps","dad","Schaaps-67",NA,"","","2850-57613","Blue Cloud","mom","BlueCloud-19",NA,"",""
"CO_57562","CO_57611",0.99,0.01,0,0.005,60920,"2850-57562","Schaaps","dad","Schaaps-67",NA,"","","2850-57611","Schaaps","mom","Schaaps-71",NA,"",""
"CO_57562","CO_57604",0.988,0.012,0,0.006,58741,"2850-57562","Schaaps","dad","Schaaps-67",NA,"","","2850-57604","Schaaps","mom","Schaaps-110",NA,"",""
"CO_57562","CO_57905",0.988,0.009,0.003,0.007,57787,"2850-57562","Schaaps","dad","Schaaps-67",NA,"","","2850-57905","Schaaps","mom","Schaaps-24",NA,"",""
"CO_57562","CO_57635",0.985,0.012,0.003,0.009,56535,"2850-57562","Schaaps","dad","Schaaps-67",NA,"","","2850-57635","Make Believe","mom","MakeBelieve-17",NA,"",""
"CO_57562","CO_57617",0.988,0.012,0,0.006,66749,"2850-57562","Schaaps","dad","Schaaps-67",NA,"","","2850-57617","Urban Farm Girlz","mom","UrbanFarm-04",NA,"",""
"CO_57562","CO_57904",0.99,0.009,0,0.005,53325,"2850-57562","Schaaps","dad","Schaaps-67",NA,"","","2850-57904","Schaaps","mom","Schaaps-67",NA,"",""
"CO_57562","CO_57606",0.981,0.018,0,0.009,54180,"2850-57562","Schaaps","dad","Schaaps-67",NA,"","","2850-57606","Schaaps","dad","Schaaps-71",NA,"",""
"CO_57562","CO_57854",0.986,0.013,0.001,0.007,52022,"2850-57562","Schaaps","dad","Schaaps-67",NA,"","","2850-57854","Cooks","mom","Cooks-18",NA,"",""
"CO_57562","CO_06912",0.976,0.024,0,0.012,57299,"2850-57562","Schaaps","dad","Schaaps-67",NA,"","","2811-06912","Schaaps","dad","Schaaps-54",NA,NA,NA
"CO_57562","CO_57558",0.99,0.007,0.002,0.006,59753,"2850-57562","Schaaps","dad","Schaaps-67",NA,"","","2850-57558","Cooks","mom","Cooks-31",NA,NA,NA
"CO_57562","CO_57505",0.988,0.011,0,0.006,61634,"2850-57562","Schaaps","dad","Schaaps-67",NA,"","","2850-57505","Cooks","dad","Cooks-23",NA,NA,NA
"CO_57562","CO_57556",0.991,0.009,0,0.005,62132,"2850-57562","Schaaps","dad","Schaaps-67",NA,"","","2850-57556","Schaaps","mom","Schaaps-80",NA,NA,NA
"CO_57562","CO_57553",0.989,0.01,0.001,0.006,56611,"2850-57562","Schaaps","dad","Schaaps-67",NA,"","","2850-57553","Schaaps","mom","Schaaps-108",NA,NA,NA
"CO_57562","CO_57538",0.987,0.013,0,0.007,52665,"2850-57562","Schaaps","dad","Schaaps-67",NA,"","","2850-57538","Schaaps","dad","Schaaps-80",NA,NA,NA
"CO_57562","CO_57549",0.985,0.014,0.001,0.008,58986,"2850-57562","Schaaps","dad","Schaaps-67",NA,"","","2850-57549","Cathys","dad","Cathys-03",NA,NA,NA
"CO_57562","CO_57555",0.991,0.009,0,0.005,59525,"2850-57562","Schaaps","dad","Schaaps-67",NA,"","","2850-57555","Reinarz","mom","Reinarz-01",NA,NA,NA
"CO_57562","CO_57565",0.989,0.011,0,0.006,60542,"2850-57562","Schaaps","dad","Schaaps-67",NA,"","","2850-57565","Blue Cloud","dad","BlueCloud-19",NA,NA,NA
"CO_57562","CO_57599",0.985,0.015,0.001,0.008,56951,"2850-57562","Schaaps","dad","Schaaps-67",NA,"","","2850-57599","Cathys","dad","Cathys-02",NA,NA,NA
"CO_57562","CO_57619",0.986,0.013,0.001,0.007,60661,"2850-57562","Schaaps","dad","Schaaps-67",NA,"","","2850-57619","Reinarz","dad","Reinarz-01",NA,NA,NA
"CO_57562","CO_57603",0.988,0.012,0,0.006,56005,"2850-57562","Schaaps","dad","Schaaps-67",NA,"","","2850-57603","Schaaps","mom","Schaaps-54",NA,NA,NA
"CO_57562","CO_57602",0.987,0.013,0,0.006,61091,"2850-57562","Schaaps","dad","Schaaps-67",NA,"","","2850-57602","Cooks","dad","Cooks-18",NA,NA,NA
"CO_57562","CO_57608",0.988,0.012,0,0.006,61996,"2850-57562","Schaaps","dad","Schaaps-67",NA,"","","2850-57608","Urban Farm Girlz","mom","UrbanFarm-02",NA,NA,NA
"CO_57562","CO_57628",0.992,0.008,0,0.004,57472,"2850-57562","Schaaps","dad","Schaaps-67",NA,"","","2850-57628","Alishas","dad","none",NA,NA,NA
"CO_57562","CO_57610",0.984,0.015,0.001,0.008,44758,"2850-57562","Schaaps","dad","Schaaps-67",NA,"","","2850-57610","Blue Cloud","mom","BlueCloud-14",NA,NA,NA
"CO_57562","CO_57612",0.987,0.012,0.001,0.007,61772,"2850-57562","Schaaps","dad","Schaaps-67",NA,"","","2850-57612","Blue Cloud","mom","BlueCloud-09",NA,NA,NA
"CO_57562","CO_57625",0.986,0.014,0,0.007,57373,"2850-57562","Schaaps","dad","Schaaps-67",NA,"","","2850-57625","Alishas","dad","none",NA,NA,NA
"CO_57562","CO_57624",0.979,0.02,0,0.011,58605,"2850-57562","Schaaps","dad","Schaaps-67",NA,"","","2850-57624","Urban Farm Girlz","dad","UrbanFarm-04",NA,NA,NA
"CO_57562","CO_57615",0.988,0.012,0,0.006,56010,"2850-57562","Schaaps","dad","Schaaps-67",NA,"","","2850-57615","Urban Farm Girlz","dad","UrbanFarm-02",NA,NA,NA
"CO_57562","CO_57631",0.973,0.027,0.001,0.014,53504,"2850-57562","Schaaps","dad","Schaaps-67",NA,"","","2850-57631","Alishas","dad","none",NA,NA,NA
"CO_57562","CO_57630",0.972,0.028,0,0.014,55045,"2850-57562","Schaaps","dad","Schaaps-67",NA,"","","2850-57630","Alishas","dad","none",NA,NA,NA
"CO_57562","CO_57917",0.981,0.014,0.005,0.012,50397,"2850-57562","Schaaps","dad","Schaaps-67",NA,"","","2850-57917","Alishas","dad","none",NA,NA,NA
"CO_57562","CO_57836",0.991,0.009,0,0.004,60729,"2850-57562","Schaaps","dad","Schaaps-67",NA,"","","2850-57836","Make Believe","dad","MakeBelieve-26",NA,NA,NA
"CO_57562","CO_57916",0.989,0.01,0.001,0.006,53127,"2850-57562","Schaaps","dad","Schaaps-67",NA,"","","2850-57916","Alishas","dad","none",NA,NA,NA
"CO_57562","CO_57912",0.982,0.018,0,0.009,57701,"2850-57562","Schaaps","dad","Schaaps-67",NA,"","","2850-57912","Cooks","dad","Cooks-27",NA,NA,NA
"CO_57562","CO_57853",0.983,0.017,0,0.009,51770,"2850-57562","Schaaps","dad","Schaaps-67",NA,"","","2850-57853","Cooks","mom","Cooks-27",NA,NA,NA
"CO_57562","CO_63488",0.987,0.013,0,0.006,60440,"2850-57562","Schaaps","dad","Schaaps-67",NA,"","","2510-63488","Make Believe","dad","MakeBelieve-17",NA,NA,NA
"CO_57562","CO_57901",0.99,0.01,0,0.005,52028,"2850-57562","Schaaps","dad","Schaaps-67",NA,"","","2850-57901","Blue Cloud","dad","BlueCloud-09",NA,NA,NA
"CO_57562","CO_82916",0.987,0.013,0,0.007,53030,"2850-57562","Schaaps","dad","Schaaps-67",NA,"","","2811-82916","Make Believe","dad","MakeBelieve-61",NA,NA,NA
"CO_57562","CO_57915",0.978,0.022,0,0.011,51334,"2850-57562","Schaaps","dad","Schaaps-67",NA,"","","2850-57915","Alishas","dad","none",NA,NA,NA
"CO_57562","CO_97370",0.992,0.008,0,0.004,63495,"2850-57562","Schaaps","dad","Schaaps-67",NA,"","","2640-97370","Cooks","mom","Cooks-23",NA,NA,NA
"CO_57562","CO_97347",0.991,0.008,0.001,0.005,60330,"2850-57562","Schaaps","dad","Schaaps-67",NA,"","","2640-97347","Make Believe","mom","MakeBelieve-26",NA,NA,NA
"CO_57562","CO_97596",0.982,0.018,0.001,0.01,56734,"2850-57562","Schaaps","dad","Schaaps-67",NA,"","","2640-97596","Make Believe","mom","MakeBelieve-20",NA,NA,NA
"CO_57562","CO_97385",0.989,0.011,0,0.006,58200,"2850-57562","Schaaps","dad","Schaaps-67",NA,"","","2640-97385","Make Believe","mom","MakeBelieve-69",NA,NA,NA
"CO_57562","CO_57609",0.993,0.001,0.006,0.007,54913,"2850-57562","Schaaps","dad","Schaaps-67",NA,"","","2850-57609","Cooks","mom","Cooks-24",NA,NA,NA
"CO_57562","CO_57550",0.99,0.009,0,0.005,56499,"2850-57562","Schaaps","dad","Schaaps-67",NA,"","","2850-57550","Cathys","mom","Cathys-03",NA,NA,NA
"CO_57562","CO_57614",0.992,0.007,0.001,0.004,58580,"2850-57562","Schaaps","dad","Schaaps-67",NA,"","","2850-57614","Blue Cloud","dad","BlueCloud-14",NA,NA,NA
"CO_57562","CO_57551",0.992,0.008,0,0.004,57604,"2850-57562","Schaaps","dad","Schaaps-67",NA,"","","2850-57551","Struthers","mom","Struthers-20",NA,NA,NA
"CO_57562","CO_21085",0.986,0.014,0.001,0.007,55806,"2850-57562","Schaaps","dad","Schaaps-67",NA,"","","2350-21085","Make Believe","dad","MakeBelieve-20",NA,NA,NA
"CO_57562","CO_57620",0.987,0.012,0.001,0.007,58272,"2850-57562","Schaaps","dad","Schaaps-67",NA,"","","2850-57620","Jims","dad","Jims-01",NA,NA,NA
"CO_57563","CO_57604",0.993,0.007,0,0.004,70752,"2850-57563","Schaaps","dad","Schaaps-74",NA,"","","2850-57604","Schaaps","mom","Schaaps-110",NA,"",""
"CO_57562","CO_57552",0.991,0.002,0.007,0.008,61579,"2850-57562","Schaaps","dad","Schaaps-67",NA,"","","2850-57552","Struthers","dad","Struthers-20",NA,NA,NA
"CO_57562","CO_57557",0.994,0.006,0,0.003,56787,"2850-57562","Schaaps","dad","Schaaps-67",NA,"","","2850-57557","Cooks","dad","Cooks-24",NA,NA,NA
"CO_57562","CO_57633",0.984,0.016,0,0.008,59015,"2850-57562","Schaaps","dad","Schaaps-67",NA,"","","2850-57633","Cooks","dad","Cooks-31",NA,NA,NA
"CO_57562","CO_57518",0.99,0.01,0,0.005,56471,"2850-57562","Schaaps","dad","Schaaps-67",NA,"","","2850-57518","Make Believe","dad","MakeBelieve-69",NA,NA,NA
"CO_57562","CO_97548",0.986,0.014,0,0.007,61856,"2850-57562","Schaaps","dad","Schaaps-67",NA,"","","2640-97548","Blue Cloud","dad","BlueCloud-18",NA,NA,NA
"CO_57562","CO_57607",0.989,0.011,0,0.005,62491,"2850-57562","Schaaps","dad","Schaaps-67",NA,"","","2850-57607","Schaaps","dad","Schaaps-108",NA,NA,NA
"CO_57562","CO_57701",0.99,0.01,0,0.005,53485,"2850-57562","Schaaps","dad","Schaaps-67",NA,"","","2850-57701","Schaaps","dad","Schaaps-110",NA,NA,NA
"CO_57562","CO_57636",0.977,0.022,0,0.011,56948,"2850-57562","Schaaps","dad","Schaaps-67",NA,"","","2850-57636","Blue Cloud","dad","none",NA,NA,NA
"CO_57563","CO_57611",0.993,0.007,0,0.004,73370,"2850-57563","Schaaps","dad","Schaaps-74",NA,"","","2850-57611","Schaaps","mom","Schaaps-71",NA,"",""
"CO_57563","CO_57606",0.982,0.017,0.001,0.009,65205,"2850-57563","Schaaps","dad","Schaaps-74",NA,"","","2850-57606","Schaaps","dad","Schaaps-71",NA,"",""
"CO_57563","CO_57613",0.989,0.011,0,0.006,76672,"2850-57563","Schaaps","dad","Schaaps-74",NA,"","","2850-57613","Blue Cloud","mom","BlueCloud-19",NA,"",""
"CO_57563","CO_57617",0.985,0.015,0,0.007,80412,"2850-57563","Schaaps","dad","Schaaps-74",NA,"","","2850-57617","Urban Farm Girlz","mom","UrbanFarm-04",NA,"",""
"CO_57563","CO_57635",0.981,0.019,0,0.01,68251,"2850-57563","Schaaps","dad","Schaaps-74",NA,"","","2850-57635","Make Believe","mom","MakeBelieve-17",NA,"",""
"CO_57563","CO_57904",0.99,0.01,0,0.005,64360,"2850-57563","Schaaps","dad","Schaaps-74",NA,"","","2850-57904","Schaaps","mom","Schaaps-67",NA,"",""
"CO_57563","CO_57905",0.987,0.013,0,0.006,69606,"2850-57563","Schaaps","dad","Schaaps-74",NA,"","","2850-57905","Schaaps","mom","Schaaps-24",NA,"",""
"CO_57563","CO_57854",0.992,0.008,0,0.004,62619,"2850-57563","Schaaps","dad","Schaaps-74",NA,"","","2850-57854","Cooks","mom","Cooks-18",NA,"",""
"CO_57563","CO_06912",0.983,0.016,0,0.009,69069,"2850-57563","Schaaps","dad","Schaaps-74",NA,"","","2811-06912","Schaaps","dad","Schaaps-54",NA,NA,NA
"CO_57563","CO_57505",0.993,0.005,0.002,0.005,74167,"2850-57563","Schaaps","dad","Schaaps-74",NA,"","","2850-57505","Cooks","dad","Cooks-23",NA,NA,NA
"CO_57563","CO_57553",0.991,0.008,0.001,0.005,68290,"2850-57563","Schaaps","dad","Schaaps-74",NA,"","","2850-57553","Schaaps","mom","Schaaps-108",NA,NA,NA
"CO_57563","CO_57549",0.992,0.007,0,0.004,70987,"2850-57563","Schaaps","dad","Schaaps-74",NA,"","","2850-57549","Cathys","dad","Cathys-03",NA,NA,NA
"CO_57563","CO_57538",0.988,0.011,0,0.006,63398,"2850-57563","Schaaps","dad","Schaaps-74",NA,"","","2850-57538","Schaaps","dad","Schaaps-80",NA,NA,NA
"CO_57563","CO_57556",0.992,0.008,0,0.004,74835,"2850-57563","Schaaps","dad","Schaaps-74",NA,"","","2850-57556","Schaaps","mom","Schaaps-80",NA,NA,NA
"CO_57563","CO_57599",0.987,0.013,0.001,0.007,68512,"2850-57563","Schaaps","dad","Schaaps-74",NA,"","","2850-57599","Cathys","dad","Cathys-02",NA,NA,NA
"CO_57563","CO_57602",0.985,0.014,0.001,0.008,73631,"2850-57563","Schaaps","dad","Schaaps-74",NA,"","","2850-57602","Cooks","dad","Cooks-18",NA,NA,NA
"CO_57563","CO_57558",0.986,0.013,0,0.007,71984,"2850-57563","Schaaps","dad","Schaaps-74",NA,"","","2850-57558","Cooks","mom","Cooks-31",NA,NA,NA
"CO_57563","CO_57555",0.987,0.012,0,0.007,71724,"2850-57563","Schaaps","dad","Schaaps-74",NA,"","","2850-57555","Reinarz","mom","Reinarz-01",NA,NA,NA
"CO_57563","CO_57565",0.988,0.012,0,0.006,72892,"2850-57563","Schaaps","dad","Schaaps-74",NA,"","","2850-57565","Blue Cloud","dad","BlueCloud-19",NA,NA,NA
"CO_57563","CO_57603",0.991,0.009,0,0.005,67494,"2850-57563","Schaaps","dad","Schaaps-74",NA,"","","2850-57603","Schaaps","mom","Schaaps-54",NA,NA,NA
"CO_57563","CO_57608",0.993,0.007,0,0.004,74793,"2850-57563","Schaaps","dad","Schaaps-74",NA,"","","2850-57608","Urban Farm Girlz","mom","UrbanFarm-02",NA,NA,NA
"CO_57563","CO_57610",0.988,0.007,0.006,0.009,53939,"2850-57563","Schaaps","dad","Schaaps-74",NA,"","","2850-57610","Blue Cloud","mom","BlueCloud-14",NA,NA,NA
"CO_57563","CO_57615",0.992,0.008,0,0.004,67483,"2850-57563","Schaaps","dad","Schaaps-74",NA,"","","2850-57615","Urban Farm Girlz","dad","UrbanFarm-02",NA,NA,NA
"CO_57563","CO_57612",0.994,0.006,0,0.003,74441,"2850-57563","Schaaps","dad","Schaaps-74",NA,"","","2850-57612","Blue Cloud","mom","BlueCloud-09",NA,NA,NA
"CO_57563","CO_57619",0.989,0.011,0.001,0.006,73143,"2850-57563","Schaaps","dad","Schaaps-74",NA,"","","2850-57619","Reinarz","dad","Reinarz-01",NA,NA,NA
"CO_57563","CO_57624",0.988,0.012,0,0.006,70597,"2850-57563","Schaaps","dad","Schaaps-74",NA,"","","2850-57624","Urban Farm Girlz","dad","UrbanFarm-04",NA,NA,NA
"CO_57563","CO_57628",0.988,0.012,0.001,0.006,69261,"2850-57563","Schaaps","dad","Schaaps-74",NA,"","","2850-57628","Alishas","dad","none",NA,NA,NA
"CO_57563","CO_57853",0.992,0.007,0.001,0.005,62424,"2850-57563","Schaaps","dad","Schaaps-74",NA,"","","2850-57853","Cooks","mom","Cooks-27",NA,NA,NA
"CO_57563","CO_57625",0.978,0.021,0.001,0.011,69047,"2850-57563","Schaaps","dad","Schaaps-74",NA,"","","2850-57625","Alishas","dad","none",NA,NA,NA
"CO_57563","CO_57630",0.988,0.012,0,0.006,66323,"2850-57563","Schaaps","dad","Schaaps-74",NA,"","","2850-57630","Alishas","dad","none",NA,NA,NA
"CO_57563","CO_57836",0.994,0.006,0,0.003,73165,"2850-57563","Schaaps","dad","Schaaps-74",NA,"","","2850-57836","Make Believe","dad","MakeBelieve-26",NA,NA,NA
"CO_57563","CO_57912",0.978,0.019,0.003,0.013,69502,"2850-57563","Schaaps","dad","Schaaps-74",NA,"","","2850-57912","Cooks","dad","Cooks-27",NA,NA,NA
"CO_57563","CO_57901",0.985,0.014,0.001,0.008,62773,"2850-57563","Schaaps","dad","Schaaps-74",NA,"","","2850-57901","Blue Cloud","dad","BlueCloud-09",NA,NA,NA
"CO_57563","CO_57915",0.984,0.014,0.002,0.009,61791,"2850-57563","Schaaps","dad","Schaaps-74",NA,"","","2850-57915","Alishas","dad","none",NA,NA,NA
"CO_57563","CO_57631",0.988,0.012,0,0.006,64465,"2850-57563","Schaaps","dad","Schaaps-74",NA,"","","2850-57631","Alishas","dad","none",NA,NA,NA
"CO_57563","CO_63488",0.993,0.007,0,0.004,72849,"2850-57563","Schaaps","dad","Schaaps-74",NA,"","","2510-63488","Make Believe","dad","MakeBelieve-17",NA,NA,NA
"CO_57563","CO_57917",0.981,0.019,0,0.01,60746,"2850-57563","Schaaps","dad","Schaaps-74",NA,"","","2850-57917","Alishas","dad","none",NA,NA,NA
"CO_57563","CO_82916",0.991,0.008,0.001,0.005,63860,"2850-57563","Schaaps","dad","Schaaps-74",NA,"","","2811-82916","Make Believe","dad","MakeBelieve-61",NA,NA,NA
"CO_57563","CO_57916",0.983,0.017,0,0.009,64094,"2850-57563","Schaaps","dad","Schaaps-74",NA,"","","2850-57916","Alishas","dad","none",NA,NA,NA
"CO_57563","CO_97347",0.99,0.009,0,0.005,72662,"2850-57563","Schaaps","dad","Schaaps-74",NA,"","","2640-97347","Make Believe","mom","MakeBelieve-26",NA,NA,NA
"CO_57563","CO_97385",0.99,0.01,0,0.005,70075,"2850-57563","Schaaps","dad","Schaaps-74",NA,"","","2640-97385","Make Believe","mom","MakeBelieve-69",NA,NA,NA
"CO_57563","CO_97370",0.993,0.007,0,0.003,76566,"2850-57563","Schaaps","dad","Schaaps-74",NA,"","","2640-97370","Cooks","mom","Cooks-23",NA,NA,NA
"CO_57563","CO_97596",0.99,0.009,0,0.005,68258,"2850-57563","Schaaps","dad","Schaaps-74",NA,"","","2640-97596","Make Believe","mom","MakeBelieve-20",NA,NA,NA
"CO_57563","CO_97548",0.992,0.005,0.003,0.006,74664,"2850-57563","Schaaps","dad","Schaaps-74",NA,"","","2640-97548","Blue Cloud","dad","BlueCloud-18",NA,NA,NA
"CO_57563","CO_57551",0.995,0.005,0,0.002,69437,"2850-57563","Schaaps","dad","Schaaps-74",NA,"","","2850-57551","Struthers","mom","Struthers-20",NA,NA,NA
"CO_57563","CO_57550",0.99,0.01,0,0.005,68091,"2850-57563","Schaaps","dad","Schaaps-74",NA,"","","2850-57550","Cathys","mom","Cathys-03",NA,NA,NA
"CO_57563","CO_57609",0.989,0.011,0,0.006,66140,"2850-57563","Schaaps","dad","Schaaps-74",NA,"","","2850-57609","Cooks","mom","Cooks-24",NA,NA,NA
"CO_57563","CO_57614",0.99,0.01,0,0.005,70610,"2850-57563","Schaaps","dad","Schaaps-74",NA,"","","2850-57614","Blue Cloud","dad","BlueCloud-14",NA,NA,NA
"CO_57563","CO_57633",0.993,0.006,0.002,0.005,71191,"2850-57563","Schaaps","dad","Schaaps-74",NA,"","","2850-57633","Cooks","dad","Cooks-31",NA,NA,NA
"CO_57563","CO_57557",0.992,0.007,0,0.004,68536,"2850-57563","Schaaps","dad","Schaaps-74",NA,"","","2850-57557","Cooks","dad","Cooks-24",NA,NA,NA
"CO_57563","CO_57518",0.994,0.001,0.005,0.006,68048,"2850-57563","Schaaps","dad","Schaaps-74",NA,"","","2850-57518","Make Believe","dad","MakeBelieve-69",NA,NA,NA
"CO_57563","CO_21085",0.985,0.014,0,0.007,67241,"2850-57563","Schaaps","dad","Schaaps-74",NA,"","","2350-21085","Make Believe","dad","MakeBelieve-20",NA,NA,NA
"CO_57563","CO_57620",0.982,0.017,0,0.009,70223,"2850-57563","Schaaps","dad","Schaaps-74",NA,"","","2850-57620","Jims","dad","Jims-01",NA,NA,NA
"CO_57563","CO_57607",0.993,0.007,0,0.004,75333,"2850-57563","Schaaps","dad","Schaaps-74",NA,"","","2850-57607","Schaaps","dad","Schaaps-108",NA,NA,NA
"CO_57563","CO_57701",0.991,0.008,0.001,0.005,64440,"2850-57563","Schaaps","dad","Schaaps-74",NA,"","","2850-57701","Schaaps","dad","Schaaps-110",NA,NA,NA
"CO_57563","CO_57552",0.993,0.006,0,0.003,74275,"2850-57563","Schaaps","dad","Schaaps-74",NA,"","","2850-57552","Struthers","dad","Struthers-20",NA,NA,NA
"CO_57563","CO_57636",0.98,0.02,0,0.01,68620,"2850-57563","Schaaps","dad","Schaaps-74",NA,"","","2850-57636","Blue Cloud","dad","none",NA,NA,NA
"CO_57604","CO_57613",0.986,0.013,0,0.007,64904,"2850-57604","Schaaps","mom","Schaaps-110",NA,"","","2850-57613","Blue Cloud","mom","BlueCloud-19",NA,"",""
"CO_57604","CO_57606",0.982,0.017,0.001,0.009,55242,"2850-57604","Schaaps","mom","Schaaps-110",NA,"","","2850-57606","Schaaps","dad","Schaaps-71",NA,"",""
"CO_57604","CO_57617",0.982,0.018,0,0.009,68215,"2850-57604","Schaaps","mom","Schaaps-110",NA,"","","2850-57617","Urban Farm Girlz","mom","UrbanFarm-04",NA,"",""
"CO_57604","CO_57611",0.987,0.013,0,0.007,62276,"2850-57604","Schaaps","mom","Schaaps-110",NA,"","","2850-57611","Schaaps","mom","Schaaps-71",NA,"",""
"CO_57604","CO_57635",0.984,0.015,0,0.008,57817,"2850-57604","Schaaps","mom","Schaaps-110",NA,"","","2850-57635","Make Believe","mom","MakeBelieve-17",NA,"",""
"CO_57604","CO_57904",0.976,0.019,0.005,0.014,54471,"2850-57604","Schaaps","mom","Schaaps-110",NA,"","","2850-57904","Schaaps","mom","Schaaps-67",NA,"",""
"CO_57604","CO_57854",0.984,0.015,0,0.008,53103,"2850-57604","Schaaps","mom","Schaaps-110",NA,"","","2850-57854","Cooks","mom","Cooks-18",NA,"",""
"CO_57604","CO_57905",0.987,0.013,0,0.007,58854,"2850-57604","Schaaps","mom","Schaaps-110",NA,"","","2850-57905","Schaaps","mom","Schaaps-24",NA,"",""
"CO_57604","CO_06912",0.982,0.018,0,0.009,58377,"2850-57604","Schaaps","mom","Schaaps-110",NA,"","","2811-06912","Schaaps","dad","Schaaps-54",NA,NA,NA
"CO_57604","CO_57505",0.99,0.01,0.001,0.005,62966,"2850-57604","Schaaps","mom","Schaaps-110",NA,"","","2850-57505","Cooks","dad","Cooks-23",NA,NA,NA
"CO_57604","CO_57553",0.989,0.008,0.003,0.007,57917,"2850-57604","Schaaps","mom","Schaaps-110",NA,"","","2850-57553","Schaaps","mom","Schaaps-108",NA,NA,NA
"CO_57604","CO_57556",0.99,0.005,0.005,0.007,63461,"2850-57604","Schaaps","mom","Schaaps-110",NA,"","","2850-57556","Schaaps","mom","Schaaps-80",NA,NA,NA
"CO_57604","CO_57538",0.99,0.01,0,0.005,53889,"2850-57604","Schaaps","mom","Schaaps-110",NA,"","","2850-57538","Schaaps","dad","Schaaps-80",NA,NA,NA
"CO_57604","CO_57549",0.983,0.015,0.002,0.01,60177,"2850-57604","Schaaps","mom","Schaaps-110",NA,"","","2850-57549","Cathys","dad","Cathys-03",NA,NA,NA
"CO_57604","CO_57558",0.987,0.011,0.001,0.007,61080,"2850-57604","Schaaps","mom","Schaaps-110",NA,"","","2850-57558","Cooks","mom","Cooks-31",NA,NA,NA
"CO_57604","CO_57555",0.987,0.013,0,0.006,60866,"2850-57604","Schaaps","mom","Schaaps-110",NA,"","","2850-57555","Reinarz","mom","Reinarz-01",NA,NA,NA
"CO_57604","CO_57602",0.988,0.011,0.002,0.007,62446,"2850-57604","Schaaps","mom","Schaaps-110",NA,"","","2850-57602","Cooks","dad","Cooks-18",NA,NA,NA
"CO_57604","CO_57565",0.983,0.015,0.001,0.009,61695,"2850-57604","Schaaps","mom","Schaaps-110",NA,"","","2850-57565","Blue Cloud","dad","BlueCloud-19",NA,NA,NA
"CO_57604","CO_57599",0.987,0.011,0.002,0.007,58083,"2850-57604","Schaaps","mom","Schaaps-110",NA,"","","2850-57599","Cathys","dad","Cathys-02",NA,NA,NA
"CO_57604","CO_57603",0.989,0.011,0,0.006,57263,"2850-57604","Schaaps","mom","Schaaps-110",NA,"","","2850-57603","Schaaps","mom","Schaaps-54",NA,NA,NA
"CO_57604","CO_57612",0.988,0.012,0,0.006,63171,"2850-57604","Schaaps","mom","Schaaps-110",NA,"","","2850-57612","Blue Cloud","mom","BlueCloud-09",NA,NA,NA
"CO_57604","CO_57610",0.986,0.013,0,0.007,45758,"2850-57604","Schaaps","mom","Schaaps-110",NA,"","","2850-57610","Blue Cloud","mom","BlueCloud-14",NA,NA,NA
"CO_57604","CO_57608",0.982,0.018,0,0.009,63396,"2850-57604","Schaaps","mom","Schaaps-110",NA,"","","2850-57608","Urban Farm Girlz","mom","UrbanFarm-02",NA,NA,NA
"CO_57604","CO_57615",0.978,0.02,0.001,0.012,57154,"2850-57604","Schaaps","mom","Schaaps-110",NA,"","","2850-57615","Urban Farm Girlz","dad","UrbanFarm-02",NA,NA,NA
"CO_57604","CO_57624",0.989,0.011,0,0.006,59938,"2850-57604","Schaaps","mom","Schaaps-110",NA,"","","2850-57624","Urban Farm Girlz","dad","UrbanFarm-04",NA,NA,NA
"CO_57604","CO_57619",0.988,0.012,0,0.006,62002,"2850-57604","Schaaps","mom","Schaaps-110",NA,"","","2850-57619","Reinarz","dad","Reinarz-01",NA,NA,NA
"CO_57604","CO_57628",0.985,0.015,0,0.008,58753,"2850-57604","Schaaps","mom","Schaaps-110",NA,"","","2850-57628","Alishas","dad","none",NA,NA,NA
"CO_57604","CO_57912",0.981,0.003,0.016,0.018,58922,"2850-57604","Schaaps","mom","Schaaps-110",NA,"","","2850-57912","Cooks","dad","Cooks-27",NA,NA,NA
"CO_57604","CO_57836",0.986,0.014,0,0.007,62081,"2850-57604","Schaaps","mom","Schaaps-110",NA,"","","2850-57836","Make Believe","dad","MakeBelieve-26",NA,NA,NA
"CO_57604","CO_57631",0.978,0.021,0.001,0.012,54640,"2850-57604","Schaaps","mom","Schaaps-110",NA,"","","2850-57631","Alishas","dad","none",NA,NA,NA
"CO_57604","CO_57625",0.977,0.022,0.001,0.012,58554,"2850-57604","Schaaps","mom","Schaaps-110",NA,"","","2850-57625","Alishas","dad","none",NA,NA,NA
"CO_57604","CO_57630",0.978,0.021,0.001,0.012,56229,"2850-57604","Schaaps","mom","Schaaps-110",NA,"","","2850-57630","Alishas","dad","none",NA,NA,NA
"CO_57604","CO_57917",0.974,0.017,0.009,0.018,51633,"2850-57604","Schaaps","mom","Schaaps-110",NA,"","","2850-57917","Alishas","dad","none",NA,NA,NA
"CO_57604","CO_57853",0.984,0.016,0,0.008,52919,"2850-57604","Schaaps","mom","Schaaps-110",NA,"","","2850-57853","Cooks","mom","Cooks-27",NA,NA,NA
"CO_57604","CO_57915",0.975,0.024,0.001,0.013,52338,"2850-57604","Schaaps","mom","Schaaps-110",NA,"","","2850-57915","Alishas","dad","none",NA,NA,NA
"CO_57604","CO_63488",0.992,0.008,0,0.004,61746,"2850-57604","Schaaps","mom","Schaaps-110",NA,"","","2510-63488","Make Believe","dad","MakeBelieve-17",NA,NA,NA
"CO_57604","CO_57916",0.98,0.02,0.001,0.011,54302,"2850-57604","Schaaps","mom","Schaaps-110",NA,"","","2850-57916","Alishas","dad","none",NA,NA,NA
"CO_57604","CO_57901",0.972,0.028,0,0.014,53289,"2850-57604","Schaaps","mom","Schaaps-110",NA,"","","2850-57901","Blue Cloud","dad","BlueCloud-09",NA,NA,NA
"CO_57604","CO_82916",0.985,0.015,0,0.008,54113,"2850-57604","Schaaps","mom","Schaaps-110",NA,"","","2811-82916","Make Believe","dad","MakeBelieve-61",NA,NA,NA
"CO_57604","CO_97370",0.989,0.01,0.001,0.006,64855,"2850-57604","Schaaps","mom","Schaaps-110",NA,"","","2640-97370","Cooks","mom","Cooks-23",NA,NA,NA
"CO_57604","CO_97347",0.99,0.01,0,0.005,61643,"2850-57604","Schaaps","mom","Schaaps-110",NA,"","","2640-97347","Make Believe","mom","MakeBelieve-26",NA,NA,NA
"CO_57604","CO_97385",0.99,0.01,0,0.005,59271,"2850-57604","Schaaps","mom","Schaaps-110",NA,"","","2640-97385","Make Believe","mom","MakeBelieve-69",NA,NA,NA
"CO_57604","CO_97596",0.984,0.015,0.001,0.008,57973,"2850-57604","Schaaps","mom","Schaaps-110",NA,"","","2640-97596","Make Believe","mom","MakeBelieve-20",NA,NA,NA
"CO_57604","CO_57550",0.983,0.016,0.001,0.009,57691,"2850-57604","Schaaps","mom","Schaaps-110",NA,"","","2850-57550","Cathys","mom","Cathys-03",NA,NA,NA
"CO_57604","CO_57614",0.987,0.011,0.003,0.008,59861,"2850-57604","Schaaps","mom","Schaaps-110",NA,"","","2850-57614","Blue Cloud","dad","BlueCloud-14",NA,NA,NA
"CO_57604","CO_57551",0.991,0.008,0,0.004,58891,"2850-57604","Schaaps","mom","Schaaps-110",NA,"","","2850-57551","Struthers","mom","Struthers-20",NA,NA,NA
"CO_57604","CO_57609",0.992,0.008,0,0.004,55947,"2850-57604","Schaaps","mom","Schaaps-110",NA,"","","2850-57609","Cooks","mom","Cooks-24",NA,NA,NA
"CO_57604","CO_57557",0.986,0.011,0.004,0.009,58017,"2850-57604","Schaaps","mom","Schaaps-110",NA,"","","2850-57557","Cooks","dad","Cooks-24",NA,NA,NA
"CO_57604","CO_57518",0.991,0.006,0.003,0.006,57751,"2850-57604","Schaaps","mom","Schaaps-110",NA,"","","2850-57518","Make Believe","dad","MakeBelieve-69",NA,NA,NA
"CO_57604","CO_97548",0.989,0.011,0,0.005,63240,"2850-57604","Schaaps","mom","Schaaps-110",NA,"","","2640-97548","Blue Cloud","dad","BlueCloud-18",NA,NA,NA
"CO_57604","CO_21085",0.988,0.012,0.001,0.006,56954,"2850-57604","Schaaps","mom","Schaaps-110",NA,"","","2350-21085","Make Believe","dad","MakeBelieve-20",NA,NA,NA
"CO_57604","CO_57633",0.985,0.014,0,0.008,60271,"2850-57604","Schaaps","mom","Schaaps-110",NA,"","","2850-57633","Cooks","dad","Cooks-31",NA,NA,NA
"CO_57604","CO_57620",0.976,0.022,0.002,0.013,59497,"2850-57604","Schaaps","mom","Schaaps-110",NA,"","","2850-57620","Jims","dad","Jims-01",NA,NA,NA
"CO_57606","CO_57617",0.984,0.006,0.01,0.013,62897,"2850-57606","Schaaps","dad","Schaaps-71",NA,"","","2850-57617","Urban Farm Girlz","mom","UrbanFarm-04",NA,"",""
"CO_57604","CO_57636",0.987,0.012,0.001,0.007,58125,"2850-57604","Schaaps","mom","Schaaps-110",NA,"","","2850-57636","Blue Cloud","dad","none",NA,NA,NA
"CO_57604","CO_57701",0.991,0.009,0,0.005,54582,"2850-57604","Schaaps","mom","Schaaps-110",NA,"","","2850-57701","Schaaps","dad","Schaaps-110",NA,NA,NA
"CO_57604","CO_57607",0.986,0.014,0,0.007,63715,"2850-57604","Schaaps","mom","Schaaps-110",NA,"","","2850-57607","Schaaps","dad","Schaaps-108",NA,NA,NA
"CO_57606","CO_57854",0.988,0.007,0.005,0.009,48977,"2850-57606","Schaaps","dad","Schaaps-71",NA,"","","2850-57854","Cooks","mom","Cooks-18",NA,"",""
"CO_57604","CO_57552",0.99,0.01,0,0.005,62921,"2850-57604","Schaaps","mom","Schaaps-110",NA,"","","2850-57552","Struthers","dad","Struthers-20",NA,NA,NA
"CO_57606","CO_57613",0.979,0.02,0.001,0.011,59843,"2850-57606","Schaaps","dad","Schaaps-71",NA,"","","2850-57613","Blue Cloud","mom","BlueCloud-19",NA,"",""
"CO_57606","CO_57611",0.983,0.017,0,0.009,57447,"2850-57606","Schaaps","dad","Schaaps-71",NA,"","","2850-57611","Schaaps","mom","Schaaps-71",NA,"",""
"CO_57606","CO_57635",0.978,0.022,0,0.011,53315,"2850-57606","Schaaps","dad","Schaaps-71",NA,"","","2850-57635","Make Believe","mom","MakeBelieve-17",NA,"",""
"CO_57606","CO_57904",0.988,0.012,0,0.006,50448,"2850-57606","Schaaps","dad","Schaaps-71",NA,"","","2850-57904","Schaaps","mom","Schaaps-67",NA,"",""
"CO_57606","CO_57905",0.978,0.022,0,0.011,54327,"2850-57606","Schaaps","dad","Schaaps-71",NA,"","","2850-57905","Schaaps","mom","Schaaps-24",NA,"",""
"CO_57606","CO_06912",0.982,0.017,0,0.009,54032,"2850-57606","Schaaps","dad","Schaaps-71",NA,"","","2811-06912","Schaaps","dad","Schaaps-54",NA,NA,NA
"CO_57606","CO_57538",0.98,0.016,0.004,0.012,49762,"2850-57606","Schaaps","dad","Schaaps-71",NA,"","","2850-57538","Schaaps","dad","Schaaps-80",NA,NA,NA
"CO_57606","CO_57505",0.981,0.017,0.002,0.011,58058,"2850-57606","Schaaps","dad","Schaaps-71",NA,"","","2850-57505","Cooks","dad","Cooks-23",NA,NA,NA
"CO_57606","CO_57555",0.974,0.016,0.01,0.018,56143,"2850-57606","Schaaps","dad","Schaaps-71",NA,"","","2850-57555","Reinarz","mom","Reinarz-01",NA,NA,NA
"CO_57606","CO_57553",0.991,0.008,0.001,0.005,53506,"2850-57606","Schaaps","dad","Schaaps-71",NA,"","","2850-57553","Schaaps","mom","Schaaps-108",NA,NA,NA
"CO_57606","CO_57549",0.982,0.017,0,0.009,55491,"2850-57606","Schaaps","dad","Schaaps-71",NA,"","","2850-57549","Cathys","dad","Cathys-03",NA,NA,NA
"CO_57606","CO_57565",0.989,0.011,0,0.006,56987,"2850-57606","Schaaps","dad","Schaaps-71",NA,"","","2850-57565","Blue Cloud","dad","BlueCloud-19",NA,NA,NA
"CO_57606","CO_57556",0.988,0.012,0,0.006,58534,"2850-57606","Schaaps","dad","Schaaps-71",NA,"","","2850-57556","Schaaps","mom","Schaaps-80",NA,NA,NA
"CO_57606","CO_57599",0.963,0.035,0.002,0.02,53651,"2850-57606","Schaaps","dad","Schaaps-71",NA,"","","2850-57599","Cathys","dad","Cathys-02",NA,NA,NA
"CO_57606","CO_57558",0.981,0.019,0,0.009,56287,"2850-57606","Schaaps","dad","Schaaps-71",NA,"","","2850-57558","Cooks","mom","Cooks-31",NA,NA,NA
"CO_57606","CO_57602",0.982,0.018,0.001,0.01,57507,"2850-57606","Schaaps","dad","Schaaps-71",NA,"","","2850-57602","Cooks","dad","Cooks-18",NA,NA,NA
"CO_57606","CO_57615",0.985,0.012,0.003,0.009,52813,"2850-57606","Schaaps","dad","Schaaps-71",NA,"","","2850-57615","Urban Farm Girlz","dad","UrbanFarm-02",NA,NA,NA
"CO_57606","CO_57603",0.988,0.012,0,0.006,52862,"2850-57606","Schaaps","dad","Schaaps-71",NA,"","","2850-57603","Schaaps","mom","Schaaps-54",NA,NA,NA
"CO_57606","CO_57608",0.989,0.011,0,0.006,58510,"2850-57606","Schaaps","dad","Schaaps-71",NA,"","","2850-57608","Urban Farm Girlz","mom","UrbanFarm-02",NA,NA,NA
"CO_57606","CO_57612",0.988,0.012,0,0.006,58265,"2850-57606","Schaaps","dad","Schaaps-71",NA,"","","2850-57612","Blue Cloud","mom","BlueCloud-09",NA,NA,NA
"CO_57606","CO_57619",0.986,0.014,0,0.007,57206,"2850-57606","Schaaps","dad","Schaaps-71",NA,"","","2850-57619","Reinarz","dad","Reinarz-01",NA,NA,NA
"CO_57606","CO_57610",0.981,0.019,0,0.01,42300,"2850-57606","Schaaps","dad","Schaaps-71",NA,"","","2850-57610","Blue Cloud","mom","BlueCloud-14",NA,NA,NA
"CO_57606","CO_57628",0.976,0.023,0.002,0.013,54081,"2850-57606","Schaaps","dad","Schaaps-71",NA,"","","2850-57628","Alishas","dad","none",NA,NA,NA
"CO_57606","CO_57630",0.964,0.025,0.011,0.023,51861,"2850-57606","Schaaps","dad","Schaaps-71",NA,"","","2850-57630","Alishas","dad","none",NA,NA,NA
"CO_57606","CO_57625",0.977,0.022,0.001,0.012,53952,"2850-57606","Schaaps","dad","Schaaps-71",NA,"","","2850-57625","Alishas","dad","none",NA,NA,NA
"CO_57606","CO_57624",0.979,0.02,0,0.01,55269,"2850-57606","Schaaps","dad","Schaaps-71",NA,"","","2850-57624","Urban Farm Girlz","dad","UrbanFarm-04",NA,NA,NA
"CO_57606","CO_57853",0.985,0.012,0.003,0.009,48928,"2850-57606","Schaaps","dad","Schaaps-71",NA,"","","2850-57853","Cooks","mom","Cooks-27",NA,NA,NA
"CO_57606","CO_57836",0.988,0.012,0,0.006,57178,"2850-57606","Schaaps","dad","Schaaps-71",NA,"","","2850-57836","Make Believe","dad","MakeBelieve-26",NA,NA,NA
"CO_57606","CO_57631",0.978,0.02,0.002,0.012,50359,"2850-57606","Schaaps","dad","Schaaps-71",NA,"","","2850-57631","Alishas","dad","none",NA,NA,NA
"CO_57606","CO_57915",0.977,0.018,0.005,0.014,48373,"2850-57606","Schaaps","dad","Schaaps-71",NA,"","","2850-57915","Alishas","dad","none",NA,NA,NA
"CO_57606","CO_57912",0.983,0.016,0.001,0.009,54260,"2850-57606","Schaaps","dad","Schaaps-71",NA,"","","2850-57912","Cooks","dad","Cooks-27",NA,NA,NA
"CO_57606","CO_57916",0.982,0.004,0.014,0.016,50177,"2850-57606","Schaaps","dad","Schaaps-71",NA,"","","2850-57916","Alishas","dad","none",NA,NA,NA
"CO_57606","CO_57901",0.975,0.025,0,0.013,49094,"2850-57606","Schaaps","dad","Schaaps-71",NA,"","","2850-57901","Blue Cloud","dad","BlueCloud-09",NA,NA,NA
"CO_57606","CO_82916",0.98,0.017,0.003,0.012,49954,"2850-57606","Schaaps","dad","Schaaps-71",NA,"","","2811-82916","Make Believe","dad","MakeBelieve-61",NA,NA,NA
"CO_57606","CO_63488",0.987,0.013,0,0.007,56966,"2850-57606","Schaaps","dad","Schaaps-71",NA,"","","2510-63488","Make Believe","dad","MakeBelieve-17",NA,NA,NA
"CO_57606","CO_57917",0.974,0.026,0,0.013,47570,"2850-57606","Schaaps","dad","Schaaps-71",NA,"","","2850-57917","Alishas","dad","none",NA,NA,NA
"CO_57606","CO_97347",0.984,0.016,0,0.008,56759,"2850-57606","Schaaps","dad","Schaaps-71",NA,"","","2640-97347","Make Believe","mom","MakeBelieve-26",NA,NA,NA
"CO_57606","CO_97385",0.983,0.017,0.001,0.009,54823,"2850-57606","Schaaps","dad","Schaaps-71",NA,"","","2640-97385","Make Believe","mom","MakeBelieve-69",NA,NA,NA
"CO_57606","CO_97596",0.982,0.015,0.003,0.011,53410,"2850-57606","Schaaps","dad","Schaaps-71",NA,"","","2640-97596","Make Believe","mom","MakeBelieve-20",NA,NA,NA
"CO_57606","CO_97370",0.986,0.013,0.001,0.007,59839,"2850-57606","Schaaps","dad","Schaaps-71",NA,"","","2640-97370","Cooks","mom","Cooks-23",NA,NA,NA
"CO_57606","CO_57551",0.99,0.01,0.001,0.006,54215,"2850-57606","Schaaps","dad","Schaaps-71",NA,"","","2850-57551","Struthers","mom","Struthers-20",NA,NA,NA
"CO_57606","CO_57550",0.983,0.017,0,0.009,53354,"2850-57606","Schaaps","dad","Schaaps-71",NA,"","","2850-57550","Cathys","mom","Cathys-03",NA,NA,NA
"CO_57606","CO_57557",0.984,0.014,0.002,0.009,53583,"2850-57606","Schaaps","dad","Schaaps-71",NA,"","","2850-57557","Cooks","dad","Cooks-24",NA,NA,NA
"CO_57606","CO_57609",0.984,0.016,0,0.008,51578,"2850-57606","Schaaps","dad","Schaaps-71",NA,"","","2850-57609","Cooks","mom","Cooks-24",NA,NA,NA
"CO_57606","CO_97548",0.978,0.021,0.001,0.012,58405,"2850-57606","Schaaps","dad","Schaaps-71",NA,"","","2640-97548","Blue Cloud","dad","BlueCloud-18",NA,NA,NA
"CO_57606","CO_57614",0.984,0.016,0,0.008,55160,"2850-57606","Schaaps","dad","Schaaps-71",NA,"","","2850-57614","Blue Cloud","dad","BlueCloud-14",NA,NA,NA
"CO_57606","CO_21085",0.988,0.011,0.001,0.006,52655,"2850-57606","Schaaps","dad","Schaaps-71",NA,"","","2350-21085","Make Believe","dad","MakeBelieve-20",NA,NA,NA
"CO_57606","CO_57620",0.972,0.026,0.002,0.015,54843,"2850-57606","Schaaps","dad","Schaaps-71",NA,"","","2850-57620","Jims","dad","Jims-01",NA,NA,NA
"CO_57606","CO_57633",0.977,0.022,0,0.012,55636,"2850-57606","Schaaps","dad","Schaaps-71",NA,"","","2850-57633","Cooks","dad","Cooks-31",NA,NA,NA
"CO_57606","CO_57518",0.985,0.015,0,0.008,53232,"2850-57606","Schaaps","dad","Schaaps-71",NA,"","","2850-57518","Make Believe","dad","MakeBelieve-69",NA,NA,NA
"CO_57606","CO_57607",0.986,0.014,0,0.007,58877,"2850-57606","Schaaps","dad","Schaaps-71",NA,"","","2850-57607","Schaaps","dad","Schaaps-108",NA,NA,NA
"CO_57611","CO_57854",0.987,0.012,0.001,0.007,55121,"2850-57611","Schaaps","mom","Schaaps-71",NA,"","","2850-57854","Cooks","mom","Cooks-18",NA,"",""
"CO_57606","CO_57701",0.991,0.009,0,0.005,50339,"2850-57606","Schaaps","dad","Schaaps-71",NA,"","","2850-57701","Schaaps","dad","Schaaps-110",NA,NA,NA
"CO_57606","CO_57552",0.987,0.01,0.003,0.008,58018,"2850-57606","Schaaps","dad","Schaaps-71",NA,"","","2850-57552","Struthers","dad","Struthers-20",NA,NA,NA
"CO_57611","CO_57613",0.99,0.01,0,0.005,67442,"2850-57611","Schaaps","mom","Schaaps-71",NA,"","","2850-57613","Blue Cloud","mom","BlueCloud-19",NA,"",""
"CO_57611","CO_57617",0.99,0.01,0,0.005,70682,"2850-57611","Schaaps","mom","Schaaps-71",NA,"","","2850-57617","Urban Farm Girlz","mom","UrbanFarm-04",NA,"",""
"CO_57611","CO_57905",0.977,0.014,0.009,0.016,61130,"2850-57611","Schaaps","mom","Schaaps-71",NA,"","","2850-57905","Schaaps","mom","Schaaps-24",NA,"",""
"CO_57606","CO_57636",0.969,0.03,0.001,0.016,53694,"2850-57606","Schaaps","dad","Schaaps-71",NA,"","","2850-57636","Blue Cloud","dad","none",NA,NA,NA
"CO_57611","CO_57635",0.986,0.014,0,0.007,59940,"2850-57611","Schaaps","mom","Schaaps-71",NA,"","","2850-57635","Make Believe","mom","MakeBelieve-17",NA,"",""
"CO_57611","CO_57904",0.99,0.01,0,0.005,56641,"2850-57611","Schaaps","mom","Schaaps-71",NA,"","","2850-57904","Schaaps","mom","Schaaps-67",NA,"",""
"CO_57611","CO_06912",0.986,0.014,0,0.007,60736,"2850-57611","Schaaps","mom","Schaaps-71",NA,"","","2811-06912","Schaaps","dad","Schaaps-54",NA,NA,NA
"CO_57611","CO_57505",0.996,0.002,0.002,0.003,65254,"2850-57611","Schaaps","mom","Schaaps-71",NA,"","","2850-57505","Cooks","dad","Cooks-23",NA,NA,NA
"CO_57611","CO_57549",0.99,0.01,0,0.005,62532,"2850-57611","Schaaps","mom","Schaaps-71",NA,"","","2850-57549","Cathys","dad","Cathys-03",NA,NA,NA
"CO_57611","CO_57553",0.99,0.009,0.001,0.005,60114,"2850-57611","Schaaps","mom","Schaaps-71",NA,"","","2850-57553","Schaaps","mom","Schaaps-108",NA,NA,NA
"CO_57611","CO_57538",0.988,0.012,0,0.006,55850,"2850-57611","Schaaps","mom","Schaaps-71",NA,"","","2850-57538","Schaaps","dad","Schaaps-80",NA,NA,NA
"CO_57611","CO_57599",0.986,0.009,0.005,0.009,60284,"2850-57611","Schaaps","mom","Schaaps-71",NA,"","","2850-57599","Cathys","dad","Cathys-02",NA,NA,NA
"CO_57611","CO_57555",0.978,0.021,0.001,0.011,63061,"2850-57611","Schaaps","mom","Schaaps-71",NA,"","","2850-57555","Reinarz","mom","Reinarz-01",NA,NA,NA
"CO_57611","CO_57556",0.991,0.009,0,0.004,65878,"2850-57611","Schaaps","mom","Schaaps-71",NA,"","","2850-57556","Schaaps","mom","Schaaps-80",NA,NA,NA
"CO_57611","CO_57565",0.979,0.021,0.001,0.011,64130,"2850-57611","Schaaps","mom","Schaaps-71",NA,"","","2850-57565","Blue Cloud","dad","BlueCloud-19",NA,NA,NA
"CO_57611","CO_57558",0.984,0.015,0.001,0.008,63329,"2850-57611","Schaaps","mom","Schaaps-71",NA,"","","2850-57558","Cooks","mom","Cooks-31",NA,NA,NA
"CO_57611","CO_57612",0.989,0.011,0,0.006,65490,"2850-57611","Schaaps","mom","Schaaps-71",NA,"","","2850-57612","Blue Cloud","mom","BlueCloud-09",NA,NA,NA
"CO_57611","CO_57615",0.991,0.009,0,0.005,59375,"2850-57611","Schaaps","mom","Schaaps-71",NA,"","","2850-57615","Urban Farm Girlz","dad","UrbanFarm-02",NA,NA,NA
"CO_57611","CO_57608",0.991,0.009,0,0.005,65739,"2850-57611","Schaaps","mom","Schaaps-71",NA,"","","2850-57608","Urban Farm Girlz","mom","UrbanFarm-02",NA,NA,NA
"CO_57611","CO_57603",0.987,0.013,0,0.007,59346,"2850-57611","Schaaps","mom","Schaaps-71",NA,"","","2850-57603","Schaaps","mom","Schaaps-54",NA,NA,NA
"CO_57611","CO_57602",0.99,0.01,0,0.005,64686,"2850-57611","Schaaps","mom","Schaaps-71",NA,"","","2850-57602","Cooks","dad","Cooks-18",NA,NA,NA
"CO_57611","CO_57610",0.99,0.009,0,0.005,47374,"2850-57611","Schaaps","mom","Schaaps-71",NA,"","","2850-57610","Blue Cloud","mom","BlueCloud-14",NA,NA,NA
"CO_57611","CO_57619",0.98,0.017,0.003,0.012,64267,"2850-57611","Schaaps","mom","Schaaps-71",NA,"","","2850-57619","Reinarz","dad","Reinarz-01",NA,NA,NA
"CO_57611","CO_57628",0.971,0.027,0.002,0.016,60886,"2850-57611","Schaaps","mom","Schaaps-71",NA,"","","2850-57628","Alishas","dad","none",NA,NA,NA
"CO_57611","CO_57624",0.982,0.017,0,0.009,62161,"2850-57611","Schaaps","mom","Schaaps-71",NA,"","","2850-57624","Urban Farm Girlz","dad","UrbanFarm-04",NA,NA,NA
"CO_57611","CO_57625",0.978,0.021,0,0.011,60762,"2850-57611","Schaaps","mom","Schaaps-71",NA,"","","2850-57625","Alishas","dad","none",NA,NA,NA
"CO_57611","CO_57836",0.992,0.007,0.001,0.004,64338,"2850-57611","Schaaps","mom","Schaaps-71",NA,"","","2850-57836","Make Believe","dad","MakeBelieve-26",NA,NA,NA
"CO_57611","CO_57630",0.986,0.014,0,0.007,58339,"2850-57611","Schaaps","mom","Schaaps-71",NA,"","","2850-57630","Alishas","dad","none",NA,NA,NA
"CO_57611","CO_57853",0.991,0.007,0.002,0.006,54922,"2850-57611","Schaaps","mom","Schaaps-71",NA,"","","2850-57853","Cooks","mom","Cooks-27",NA,NA,NA
"CO_57611","CO_57901",0.972,0.025,0.003,0.015,55289,"2850-57611","Schaaps","mom","Schaaps-71",NA,"","","2850-57901","Blue Cloud","dad","BlueCloud-09",NA,NA,NA
"CO_57611","CO_57912",0.982,0.017,0.001,0.009,61163,"2850-57611","Schaaps","mom","Schaaps-71",NA,"","","2850-57912","Cooks","dad","Cooks-27",NA,NA,NA
"CO_57611","CO_63488",0.992,0.007,0,0.004,64138,"2850-57611","Schaaps","mom","Schaaps-71",NA,"","","2510-63488","Make Believe","dad","MakeBelieve-17",NA,NA,NA
"CO_57611","CO_57631",0.972,0.028,0.001,0.015,56663,"2850-57611","Schaaps","mom","Schaaps-71",NA,"","","2850-57631","Alishas","dad","none",NA,NA,NA
"CO_57611","CO_57916",0.967,0.031,0.002,0.018,56395,"2850-57611","Schaaps","mom","Schaaps-71",NA,"","","2850-57916","Alishas","dad","none",NA,NA,NA
"CO_57611","CO_57917",0.959,0.036,0.005,0.023,53531,"2850-57611","Schaaps","mom","Schaaps-71",NA,"","","2850-57917","Alishas","dad","none",NA,NA,NA
"CO_57611","CO_57915",0.982,0.017,0.001,0.009,54361,"2850-57611","Schaaps","mom","Schaaps-71",NA,"","","2850-57915","Alishas","dad","none",NA,NA,NA
"CO_57611","CO_82916",0.989,0.01,0,0.005,56211,"2850-57611","Schaaps","mom","Schaaps-71",NA,"","","2811-82916","Make Believe","dad","MakeBelieve-61",NA,NA,NA
"CO_57611","CO_97385",0.989,0.01,0,0.005,61613,"2850-57611","Schaaps","mom","Schaaps-71",NA,"","","2640-97385","Make Believe","mom","MakeBelieve-69",NA,NA,NA
"CO_57611","CO_97347",0.992,0.007,0.001,0.004,63921,"2850-57611","Schaaps","mom","Schaaps-71",NA,"","","2640-97347","Make Believe","mom","MakeBelieve-26",NA,NA,NA
"CO_57611","CO_97370",0.988,0.012,0,0.006,67462,"2850-57611","Schaaps","mom","Schaaps-71",NA,"","","2640-97370","Cooks","mom","Cooks-23",NA,NA,NA
"CO_57611","CO_97596",0.98,0.02,0,0.01,60064,"2850-57611","Schaaps","mom","Schaaps-71",NA,"","","2640-97596","Make Believe","mom","MakeBelieve-20",NA,NA,NA
"CO_57611","CO_57609",0.988,0.008,0.003,0.008,58182,"2850-57611","Schaaps","mom","Schaaps-71",NA,"","","2850-57609","Cooks","mom","Cooks-24",NA,NA,NA
"CO_57611","CO_57550",0.982,0.015,0.003,0.01,59909,"2850-57611","Schaaps","mom","Schaaps-71",NA,"","","2850-57550","Cathys","mom","Cathys-03",NA,NA,NA
"CO_57611","CO_57614",0.986,0.013,0,0.007,62198,"2850-57611","Schaaps","mom","Schaaps-71",NA,"","","2850-57614","Blue Cloud","dad","BlueCloud-14",NA,NA,NA
"CO_57611","CO_97548",0.991,0.009,0,0.005,65674,"2850-57611","Schaaps","mom","Schaaps-71",NA,"","","2640-97548","Blue Cloud","dad","BlueCloud-18",NA,NA,NA
"CO_57611","CO_57551",0.992,0.008,0,0.004,61122,"2850-57611","Schaaps","mom","Schaaps-71",NA,"","","2850-57551","Struthers","mom","Struthers-20",NA,NA,NA
"CO_57611","CO_57557",0.991,0.009,0,0.004,60362,"2850-57611","Schaaps","mom","Schaaps-71",NA,"","","2850-57557","Cooks","dad","Cooks-24",NA,NA,NA
"CO_57611","CO_57633",0.981,0.019,0,0.01,62631,"2850-57611","Schaaps","mom","Schaaps-71",NA,"","","2850-57633","Cooks","dad","Cooks-31",NA,NA,NA
"CO_57611","CO_57620",0.979,0.017,0.003,0.012,61865,"2850-57611","Schaaps","mom","Schaaps-71",NA,"","","2850-57620","Jims","dad","Jims-01",NA,NA,NA
"CO_57611","CO_21085",0.993,0.007,0,0.004,59204,"2850-57611","Schaaps","mom","Schaaps-71",NA,"","","2350-21085","Make Believe","dad","MakeBelieve-20",NA,NA,NA
"CO_57611","CO_57518",0.991,0.009,0,0.004,59917,"2850-57611","Schaaps","mom","Schaaps-71",NA,"","","2850-57518","Make Believe","dad","MakeBelieve-69",NA,NA,NA
"CO_57611","CO_57636",0.967,0.03,0.003,0.018,60432,"2850-57611","Schaaps","mom","Schaaps-71",NA,"","","2850-57636","Blue Cloud","dad","none",NA,NA,NA
"CO_57611","CO_57701",0.989,0.011,0,0.006,56713,"2850-57611","Schaaps","mom","Schaaps-71",NA,"","","2850-57701","Schaaps","dad","Schaaps-110",NA,NA,NA
"CO_57613","CO_57617",0.981,0.017,0.002,0.011,73837,"2850-57613","Blue Cloud","mom","BlueCloud-19",NA,"","","2850-57617","Urban Farm Girlz","mom","UrbanFarm-04",NA,"",""
"CO_57611","CO_57552",0.988,0.012,0,0.006,65258,"2850-57611","Schaaps","mom","Schaaps-71",NA,"","","2850-57552","Struthers","dad","Struthers-20",NA,NA,NA
"CO_57611","CO_57607",0.989,0.01,0.001,0.006,66188,"2850-57611","Schaaps","mom","Schaaps-71",NA,"","","2850-57607","Schaaps","dad","Schaaps-108",NA,NA,NA
"CO_57613","CO_57904",0.982,0.018,0,0.009,58991,"2850-57613","Blue Cloud","mom","BlueCloud-19",NA,"","","2850-57904","Schaaps","mom","Schaaps-67",NA,"",""
"CO_57613","CO_57905",0.986,0.014,0,0.007,63912,"2850-57613","Blue Cloud","mom","BlueCloud-19",NA,"","","2850-57905","Schaaps","mom","Schaaps-24",NA,"",""
"CO_57613","CO_57635",0.985,0.015,0,0.007,62670,"2850-57613","Blue Cloud","mom","BlueCloud-19",NA,"","","2850-57635","Make Believe","mom","MakeBelieve-17",NA,"",""
"CO_57613","CO_57854",0.984,0.016,0,0.008,57512,"2850-57613","Blue Cloud","mom","BlueCloud-19",NA,"","","2850-57854","Cooks","mom","Cooks-18",NA,"",""
"CO_57613","CO_06912",0.974,0.021,0.005,0.016,63339,"2850-57613","Blue Cloud","mom","BlueCloud-19",NA,"","","2811-06912","Schaaps","dad","Schaaps-54",NA,NA,NA
"CO_57613","CO_57549",0.983,0.016,0.002,0.009,65129,"2850-57613","Blue Cloud","mom","BlueCloud-19",NA,"","","2850-57549","Cathys","dad","Cathys-03",NA,NA,NA
"CO_57613","CO_57538",0.98,0.018,0.002,0.011,58238,"2850-57613","Blue Cloud","mom","BlueCloud-19",NA,"","","2850-57538","Schaaps","dad","Schaaps-80",NA,NA,NA
"CO_57613","CO_57553",0.988,0.012,0,0.006,62681,"2850-57613","Blue Cloud","mom","BlueCloud-19",NA,"","","2850-57553","Schaaps","mom","Schaaps-108",NA,NA,NA
"CO_57613","CO_57505",0.987,0.013,0,0.006,68099,"2850-57613","Blue Cloud","mom","BlueCloud-19",NA,"","","2850-57505","Cooks","dad","Cooks-23",NA,NA,NA
"CO_57613","CO_57555",0.983,0.012,0.005,0.011,65851,"2850-57613","Blue Cloud","mom","BlueCloud-19",NA,"","","2850-57555","Reinarz","mom","Reinarz-01",NA,NA,NA
"CO_57613","CO_57565",0.987,0.007,0.006,0.009,66862,"2850-57613","Blue Cloud","mom","BlueCloud-19",NA,"","","2850-57565","Blue Cloud","dad","BlueCloud-19",NA,NA,NA
"CO_57613","CO_57558",0.984,0.016,0,0.008,66067,"2850-57613","Blue Cloud","mom","BlueCloud-19",NA,"","","2850-57558","Cooks","mom","Cooks-31",NA,NA,NA
"CO_57613","CO_57603",0.987,0.012,0.001,0.007,61988,"2850-57613","Blue Cloud","mom","BlueCloud-19",NA,"","","2850-57603","Schaaps","mom","Schaaps-54",NA,NA,NA
"CO_57613","CO_57612",0.985,0.013,0.002,0.008,68296,"2850-57613","Blue Cloud","mom","BlueCloud-19",NA,"","","2850-57612","Blue Cloud","mom","BlueCloud-09",NA,NA,NA
"CO_57613","CO_57608",0.991,0.009,0,0.004,68620,"2850-57613","Blue Cloud","mom","BlueCloud-19",NA,"","","2850-57608","Urban Farm Girlz","mom","UrbanFarm-02",NA,NA,NA
"CO_57613","CO_57556",0.983,0.017,0,0.008,68677,"2850-57613","Blue Cloud","mom","BlueCloud-19",NA,"","","2850-57556","Schaaps","mom","Schaaps-80",NA,NA,NA
"CO_57613","CO_57619",0.984,0.016,0.001,0.008,67065,"2850-57613","Blue Cloud","mom","BlueCloud-19",NA,"","","2850-57619","Reinarz","dad","Reinarz-01",NA,NA,NA
"CO_57613","CO_57599",0.963,0.034,0.003,0.02,62886,"2850-57613","Blue Cloud","mom","BlueCloud-19",NA,"","","2850-57599","Cathys","dad","Cathys-02",NA,NA,NA
"CO_57613","CO_57624",0.982,0.016,0.002,0.01,64844,"2850-57613","Blue Cloud","mom","BlueCloud-19",NA,"","","2850-57624","Urban Farm Girlz","dad","UrbanFarm-04",NA,NA,NA
"CO_57613","CO_57602",0.985,0.015,0,0.008,67509,"2850-57613","Blue Cloud","mom","BlueCloud-19",NA,"","","2850-57602","Cooks","dad","Cooks-18",NA,NA,NA
"CO_57613","CO_57610",0.988,0.011,0.001,0.007,49510,"2850-57613","Blue Cloud","mom","BlueCloud-19",NA,"","","2850-57610","Blue Cloud","mom","BlueCloud-14",NA,NA,NA
"CO_57613","CO_57625",0.983,0.015,0.002,0.01,63424,"2850-57613","Blue Cloud","mom","BlueCloud-19",NA,"","","2850-57625","Alishas","dad","none",NA,NA,NA
"CO_57613","CO_57628",0.979,0.016,0.005,0.013,63545,"2850-57613","Blue Cloud","mom","BlueCloud-19",NA,"","","2850-57628","Alishas","dad","none",NA,NA,NA
"CO_57613","CO_57615",0.98,0.02,0.001,0.011,61910,"2850-57613","Blue Cloud","mom","BlueCloud-19",NA,"","","2850-57615","Urban Farm Girlz","dad","UrbanFarm-02",NA,NA,NA
"CO_57613","CO_57836",0.986,0.009,0.005,0.009,67200,"2850-57613","Blue Cloud","mom","BlueCloud-19",NA,"","","2850-57836","Make Believe","dad","MakeBelieve-26",NA,NA,NA
"CO_57613","CO_57901",0.977,0.019,0.004,0.013,57609,"2850-57613","Blue Cloud","mom","BlueCloud-19",NA,"","","2850-57901","Blue Cloud","dad","BlueCloud-09",NA,NA,NA
"CO_57613","CO_57630",0.977,0.023,0,0.012,60832,"2850-57613","Blue Cloud","mom","BlueCloud-19",NA,"","","2850-57630","Alishas","dad","none",NA,NA,NA
"CO_57613","CO_57631",0.985,0.015,0,0.008,59144,"2850-57613","Blue Cloud","mom","BlueCloud-19",NA,"","","2850-57631","Alishas","dad","none",NA,NA,NA
"CO_57613","CO_57853",0.988,0.011,0,0.006,57356,"2850-57613","Blue Cloud","mom","BlueCloud-19",NA,"","","2850-57853","Cooks","mom","Cooks-27",NA,NA,NA
"CO_57613","CO_82916",0.979,0.016,0.005,0.013,58673,"2850-57613","Blue Cloud","mom","BlueCloud-19",NA,"","","2811-82916","Make Believe","dad","MakeBelieve-61",NA,NA,NA
"CO_57613","CO_57916",0.961,0.037,0.001,0.02,58889,"2850-57613","Blue Cloud","mom","BlueCloud-19",NA,"","","2850-57916","Alishas","dad","none",NA,NA,NA
"CO_57613","CO_57917",0.984,0.016,0.001,0.009,55770,"2850-57613","Blue Cloud","mom","BlueCloud-19",NA,"","","2850-57917","Alishas","dad","none",NA,NA,NA
"CO_57613","CO_63488",0.987,0.013,0,0.007,66969,"2850-57613","Blue Cloud","mom","BlueCloud-19",NA,"","","2510-63488","Make Believe","dad","MakeBelieve-17",NA,NA,NA
"CO_57613","CO_57915",0.959,0.04,0.001,0.021,56820,"2850-57613","Blue Cloud","mom","BlueCloud-19",NA,"","","2850-57915","Alishas","dad","none",NA,NA,NA
"CO_57613","CO_57912",0.976,0.022,0.001,0.012,63834,"2850-57613","Blue Cloud","mom","BlueCloud-19",NA,"","","2850-57912","Cooks","dad","Cooks-27",NA,NA,NA
"CO_57613","CO_97370",0.989,0.01,0.001,0.006,70307,"2850-57613","Blue Cloud","mom","BlueCloud-19",NA,"","","2640-97370","Cooks","mom","Cooks-23",NA,NA,NA
"CO_57613","CO_97347",0.988,0.012,0,0.006,66663,"2850-57613","Blue Cloud","mom","BlueCloud-19",NA,"","","2640-97347","Make Believe","mom","MakeBelieve-26",NA,NA,NA
"CO_57613","CO_97596",0.986,0.014,0,0.007,62689,"2850-57613","Blue Cloud","mom","BlueCloud-19",NA,"","","2640-97596","Make Believe","mom","MakeBelieve-20",NA,NA,NA
"CO_57613","CO_97385",0.989,0.011,0,0.005,64313,"2850-57613","Blue Cloud","mom","BlueCloud-19",NA,"","","2640-97385","Make Believe","mom","MakeBelieve-69",NA,NA,NA
"CO_57613","CO_57550",0.987,0.013,0,0.007,62530,"2850-57613","Blue Cloud","mom","BlueCloud-19",NA,"","","2850-57550","Cathys","mom","Cathys-03",NA,NA,NA
"CO_57613","CO_97548",0.989,0.009,0.002,0.006,68516,"2850-57613","Blue Cloud","mom","BlueCloud-19",NA,"","","2640-97548","Blue Cloud","dad","BlueCloud-18",NA,NA,NA
"CO_57613","CO_57551",0.991,0.009,0,0.005,63795,"2850-57613","Blue Cloud","mom","BlueCloud-19",NA,"","","2850-57551","Struthers","mom","Struthers-20",NA,NA,NA
"CO_57613","CO_57557",0.992,0.008,0,0.004,62830,"2850-57613","Blue Cloud","mom","BlueCloud-19",NA,"","","2850-57557","Cooks","dad","Cooks-24",NA,NA,NA
"CO_57613","CO_57609",0.98,0.019,0,0.01,60738,"2850-57613","Blue Cloud","mom","BlueCloud-19",NA,"","","2850-57609","Cooks","mom","Cooks-24",NA,NA,NA
"CO_57613","CO_57614",0.991,0.009,0,0.004,64855,"2850-57613","Blue Cloud","mom","BlueCloud-19",NA,"","","2850-57614","Blue Cloud","dad","BlueCloud-14",NA,NA,NA
"CO_57613","CO_57633",0.969,0.029,0.002,0.016,65393,"2850-57613","Blue Cloud","mom","BlueCloud-19",NA,"","","2850-57633","Cooks","dad","Cooks-31",NA,NA,NA
"CO_57613","CO_57620",0.965,0.034,0.001,0.018,64466,"2850-57613","Blue Cloud","mom","BlueCloud-19",NA,"","","2850-57620","Jims","dad","Jims-01",NA,NA,NA
"CO_57613","CO_21085",0.982,0.018,0,0.009,61764,"2850-57613","Blue Cloud","mom","BlueCloud-19",NA,"","","2350-21085","Make Believe","dad","MakeBelieve-20",NA,NA,NA
"CO_57613","CO_57518",0.98,0.019,0,0.01,62448,"2850-57613","Blue Cloud","mom","BlueCloud-19",NA,"","","2850-57518","Make Believe","dad","MakeBelieve-69",NA,NA,NA
"CO_57613","CO_57701",0.992,0.008,0,0.004,59151,"2850-57613","Blue Cloud","mom","BlueCloud-19",NA,"","","2850-57701","Schaaps","dad","Schaaps-110",NA,NA,NA
"CO_57613","CO_57607",0.986,0.014,0.001,0.008,69150,"2850-57613","Blue Cloud","mom","BlueCloud-19",NA,"","","2850-57607","Schaaps","dad","Schaaps-108",NA,NA,NA
"CO_57617","CO_57854",0.986,0.012,0.002,0.008,60404,"2850-57617","Urban Farm Girlz","mom","UrbanFarm-04",NA,"","","2850-57854","Cooks","mom","Cooks-18",NA,"",""
"CO_57613","CO_57636",0.977,0.021,0.002,0.012,63023,"2850-57613","Blue Cloud","mom","BlueCloud-19",NA,"","","2850-57636","Blue Cloud","dad","none",NA,NA,NA
"CO_57613","CO_57552",0.992,0.008,0,0.004,68139,"2850-57613","Blue Cloud","mom","BlueCloud-19",NA,"","","2850-57552","Struthers","dad","Struthers-20",NA,NA,NA
"CO_57617","CO_57635",0.981,0.019,0,0.01,65679,"2850-57617","Urban Farm Girlz","mom","UrbanFarm-04",NA,"","","2850-57635","Make Believe","mom","MakeBelieve-17",NA,"",""
"CO_57617","CO_57904",0.986,0.014,0,0.007,61941,"2850-57617","Urban Farm Girlz","mom","UrbanFarm-04",NA,"","","2850-57904","Schaaps","mom","Schaaps-67",NA,"",""
"CO_57617","CO_57905",0.981,0.018,0.002,0.011,67024,"2850-57617","Urban Farm Girlz","mom","UrbanFarm-04",NA,"","","2850-57905","Schaaps","mom","Schaaps-24",NA,"",""
"CO_57617","CO_06912",0.983,0.008,0.009,0.013,66508,"2850-57617","Urban Farm Girlz","mom","UrbanFarm-04",NA,"","","2811-06912","Schaaps","dad","Schaaps-54",NA,NA,NA
"CO_57617","CO_57505",0.986,0.013,0.001,0.007,71462,"2850-57617","Urban Farm Girlz","mom","UrbanFarm-04",NA,"","","2850-57505","Cooks","dad","Cooks-23",NA,NA,NA
"CO_57617","CO_57549",0.981,0.013,0.006,0.013,68384,"2850-57617","Urban Farm Girlz","mom","UrbanFarm-04",NA,"","","2850-57549","Cathys","dad","Cathys-03",NA,NA,NA
"CO_57617","CO_57538",0.978,0.022,0,0.011,61136,"2850-57617","Urban Farm Girlz","mom","UrbanFarm-04",NA,"","","2850-57538","Schaaps","dad","Schaaps-80",NA,NA,NA
"CO_57617","CO_57556",0.99,0.01,0,0.005,72109,"2850-57617","Urban Farm Girlz","mom","UrbanFarm-04",NA,"","","2850-57556","Schaaps","mom","Schaaps-80",NA,NA,NA
"CO_57617","CO_57558",0.981,0.016,0.003,0.011,69345,"2850-57617","Urban Farm Girlz","mom","UrbanFarm-04",NA,"","","2850-57558","Cooks","mom","Cooks-31",NA,NA,NA
"CO_57617","CO_57602",0.985,0.014,0.001,0.008,70882,"2850-57617","Urban Farm Girlz","mom","UrbanFarm-04",NA,"","","2850-57602","Cooks","dad","Cooks-18",NA,NA,NA
"CO_57617","CO_57553",0.99,0.008,0.002,0.006,65798,"2850-57617","Urban Farm Girlz","mom","UrbanFarm-04",NA,"","","2850-57553","Schaaps","mom","Schaaps-108",NA,NA,NA
"CO_57617","CO_57603",0.979,0.02,0.001,0.011,65055,"2850-57617","Urban Farm Girlz","mom","UrbanFarm-04",NA,"","","2850-57603","Schaaps","mom","Schaaps-54",NA,NA,NA
"CO_57617","CO_57555",0.981,0.019,0,0.01,69124,"2850-57617","Urban Farm Girlz","mom","UrbanFarm-04",NA,"","","2850-57555","Reinarz","mom","Reinarz-01",NA,NA,NA
"CO_57617","CO_57612",0.992,0.008,0,0.004,71693,"2850-57617","Urban Farm Girlz","mom","UrbanFarm-04",NA,"","","2850-57612","Blue Cloud","mom","BlueCloud-09",NA,NA,NA
"CO_57617","CO_57599",0.978,0.021,0.002,0.012,65975,"2850-57617","Urban Farm Girlz","mom","UrbanFarm-04",NA,"","","2850-57599","Cathys","dad","Cathys-02",NA,NA,NA
"CO_57617","CO_57624",0.978,0.017,0.005,0.014,68120,"2850-57617","Urban Farm Girlz","mom","UrbanFarm-04",NA,"","","2850-57624","Urban Farm Girlz","dad","UrbanFarm-04",NA,NA,NA
"CO_57617","CO_57608",0.992,0.008,0,0.004,72050,"2850-57617","Urban Farm Girlz","mom","UrbanFarm-04",NA,"","","2850-57608","Urban Farm Girlz","mom","UrbanFarm-02",NA,NA,NA
"CO_57617","CO_57625",0.971,0.019,0.01,0.019,66483,"2850-57617","Urban Farm Girlz","mom","UrbanFarm-04",NA,"","","2850-57625","Alishas","dad","none",NA,NA,NA
"CO_57617","CO_57565",0.985,0.015,0,0.008,70245,"2850-57617","Urban Farm Girlz","mom","UrbanFarm-04",NA,"","","2850-57565","Blue Cloud","dad","BlueCloud-19",NA,NA,NA
"CO_57617","CO_57628",0.98,0.02,0,0.01,66719,"2850-57617","Urban Farm Girlz","mom","UrbanFarm-04",NA,"","","2850-57628","Alishas","dad","none",NA,NA,NA
"CO_57617","CO_57615",0.99,0.01,0,0.005,64930,"2850-57617","Urban Farm Girlz","mom","UrbanFarm-04",NA,"","","2850-57615","Urban Farm Girlz","dad","UrbanFarm-02",NA,NA,NA
"CO_57617","CO_57619",0.982,0.017,0,0.009,70468,"2850-57617","Urban Farm Girlz","mom","UrbanFarm-04",NA,"","","2850-57619","Reinarz","dad","Reinarz-01",NA,NA,NA
"CO_57617","CO_57610",0.985,0.015,0,0.008,52095,"2850-57617","Urban Farm Girlz","mom","UrbanFarm-04",NA,"","","2850-57610","Blue Cloud","mom","BlueCloud-14",NA,NA,NA
"CO_57617","CO_57631",0.977,0.02,0.003,0.013,62081,"2850-57617","Urban Farm Girlz","mom","UrbanFarm-04",NA,"","","2850-57631","Alishas","dad","none",NA,NA,NA
"CO_57617","CO_57630",0.978,0.021,0.002,0.012,63844,"2850-57617","Urban Farm Girlz","mom","UrbanFarm-04",NA,"","","2850-57630","Alishas","dad","none",NA,NA,NA
"CO_57617","CO_57836",0.991,0.009,0,0.005,70525,"2850-57617","Urban Farm Girlz","mom","UrbanFarm-04",NA,"","","2850-57836","Make Believe","dad","MakeBelieve-26",NA,NA,NA
"CO_57617","CO_57915",0.965,0.027,0.007,0.021,59484,"2850-57617","Urban Farm Girlz","mom","UrbanFarm-04",NA,"","","2850-57915","Alishas","dad","none",NA,NA,NA
"CO_57617","CO_63488",0.99,0.01,0,0.005,70140,"2850-57617","Urban Farm Girlz","mom","UrbanFarm-04",NA,"","","2510-63488","Make Believe","dad","MakeBelieve-17",NA,NA,NA
"CO_57617","CO_57901",0.98,0.019,0.001,0.011,60488,"2850-57617","Urban Farm Girlz","mom","UrbanFarm-04",NA,"","","2850-57901","Blue Cloud","dad","BlueCloud-09",NA,NA,NA
"CO_57617","CO_57853",0.981,0.019,0,0.01,60154,"2850-57617","Urban Farm Girlz","mom","UrbanFarm-04",NA,"","","2850-57853","Cooks","mom","Cooks-27",NA,NA,NA
"CO_57617","CO_57912",0.975,0.025,0.001,0.013,66992,"2850-57617","Urban Farm Girlz","mom","UrbanFarm-04",NA,"","","2850-57912","Cooks","dad","Cooks-27",NA,NA,NA
"CO_57617","CO_82916",0.981,0.018,0,0.01,61589,"2850-57617","Urban Farm Girlz","mom","UrbanFarm-04",NA,"","","2811-82916","Make Believe","dad","MakeBelieve-61",NA,NA,NA
"CO_57617","CO_57916",0.953,0.039,0.009,0.028,61793,"2850-57617","Urban Farm Girlz","mom","UrbanFarm-04",NA,"","","2850-57916","Alishas","dad","none",NA,NA,NA
"CO_57617","CO_57917",0.975,0.023,0.002,0.013,58563,"2850-57617","Urban Farm Girlz","mom","UrbanFarm-04",NA,"","","2850-57917","Alishas","dad","none",NA,NA,NA
"CO_57617","CO_97347",0.987,0.013,0,0.007,69987,"2850-57617","Urban Farm Girlz","mom","UrbanFarm-04",NA,"","","2640-97347","Make Believe","mom","MakeBelieve-26",NA,NA,NA
"CO_57617","CO_97370",0.984,0.016,0,0.008,73768,"2850-57617","Urban Farm Girlz","mom","UrbanFarm-04",NA,"","","2640-97370","Cooks","mom","Cooks-23",NA,NA,NA
"CO_57617","CO_97385",0.985,0.014,0,0.007,67463,"2850-57617","Urban Farm Girlz","mom","UrbanFarm-04",NA,"","","2640-97385","Make Believe","mom","MakeBelieve-69",NA,NA,NA
"CO_57617","CO_97596",0.985,0.015,0,0.007,65821,"2850-57617","Urban Farm Girlz","mom","UrbanFarm-04",NA,"","","2640-97596","Make Believe","mom","MakeBelieve-20",NA,NA,NA
"CO_57617","CO_57550",0.984,0.006,0.01,0.013,65612,"2850-57617","Urban Farm Girlz","mom","UrbanFarm-04",NA,"","","2850-57550","Cathys","mom","Cathys-03",NA,NA,NA
"CO_57617","CO_57551",0.992,0.008,0,0.004,66929,"2850-57617","Urban Farm Girlz","mom","UrbanFarm-04",NA,"","","2850-57551","Struthers","mom","Struthers-20",NA,NA,NA
"CO_57617","CO_57609",0.989,0.011,0,0.006,63682,"2850-57617","Urban Farm Girlz","mom","UrbanFarm-04",NA,"","","2850-57609","Cooks","mom","Cooks-24",NA,NA,NA
"CO_57617","CO_97548",0.986,0.013,0,0.007,71945,"2850-57617","Urban Farm Girlz","mom","UrbanFarm-04",NA,"","","2640-97548","Blue Cloud","dad","BlueCloud-18",NA,NA,NA
"CO_57617","CO_57557",0.991,0.008,0.001,0.005,66016,"2850-57617","Urban Farm Girlz","mom","UrbanFarm-04",NA,"","","2850-57557","Cooks","dad","Cooks-24",NA,NA,NA
"CO_57617","CO_57614",0.985,0.015,0,0.007,68027,"2850-57617","Urban Farm Girlz","mom","UrbanFarm-04",NA,"","","2850-57614","Blue Cloud","dad","BlueCloud-14",NA,NA,NA
"CO_57617","CO_57633",0.983,0.016,0.001,0.009,68553,"2850-57617","Urban Farm Girlz","mom","UrbanFarm-04",NA,"","","2850-57633","Cooks","dad","Cooks-31",NA,NA,NA
"CO_57617","CO_57620",0.966,0.028,0.006,0.02,67627,"2850-57617","Urban Farm Girlz","mom","UrbanFarm-04",NA,"","","2850-57620","Jims","dad","Jims-01",NA,NA,NA
"CO_57617","CO_57518",0.99,0.01,0,0.005,65569,"2850-57617","Urban Farm Girlz","mom","UrbanFarm-04",NA,"","","2850-57518","Make Believe","dad","MakeBelieve-69",NA,NA,NA
"CO_57617","CO_57701",0.991,0.009,0,0.005,62105,"2850-57617","Urban Farm Girlz","mom","UrbanFarm-04",NA,"","","2850-57701","Schaaps","dad","Schaaps-110",NA,NA,NA
"CO_57617","CO_57636",0.976,0.024,0,0.012,66133,"2850-57617","Urban Farm Girlz","mom","UrbanFarm-04",NA,"","","2850-57636","Blue Cloud","dad","none",NA,NA,NA
"CO_57617","CO_57552",0.991,0.008,0.001,0.005,71532,"2850-57617","Urban Farm Girlz","mom","UrbanFarm-04",NA,"","","2850-57552","Struthers","dad","Struthers-20",NA,NA,NA
"CO_57617","CO_57607",0.984,0.016,0,0.008,72531,"2850-57617","Urban Farm Girlz","mom","UrbanFarm-04",NA,"","","2850-57607","Schaaps","dad","Schaaps-108",NA,NA,NA
"CO_57617","CO_21085",0.983,0.016,0.001,0.009,64807,"2850-57617","Urban Farm Girlz","mom","UrbanFarm-04",NA,"","","2350-21085","Make Believe","dad","MakeBelieve-20",NA,NA,NA
"CO_57635","CO_57854",0.987,0.013,0,0.007,51277,"2850-57635","Make Believe","mom","MakeBelieve-17",NA,"","","2850-57854","Cooks","mom","Cooks-18",NA,"",""
"CO_57635","CO_57904",0.989,0.011,0,0.006,52702,"2850-57635","Make Believe","mom","MakeBelieve-17",NA,"","","2850-57904","Schaaps","mom","Schaaps-67",NA,"",""
"CO_57635","CO_57905",0.987,0.013,0,0.006,56907,"2850-57635","Make Believe","mom","MakeBelieve-17",NA,"","","2850-57905","Schaaps","mom","Schaaps-24",NA,"",""
"CO_57635","CO_06912",0.989,0.011,0,0.006,56422,"2850-57635","Make Believe","mom","MakeBelieve-17",NA,"","","2811-06912","Schaaps","dad","Schaaps-54",NA,NA,NA
"CO_57635","CO_57538",0.985,0.008,0.006,0.01,51859,"2850-57635","Make Believe","mom","MakeBelieve-17",NA,"","","2850-57538","Schaaps","dad","Schaaps-80",NA,NA,NA
"CO_57635","CO_57505",0.988,0.012,0,0.006,60533,"2850-57635","Make Believe","mom","MakeBelieve-17",NA,"","","2850-57505","Cooks","dad","Cooks-23",NA,NA,NA
"CO_57635","CO_57549",0.978,0.02,0.001,0.012,58012,"2850-57635","Make Believe","mom","MakeBelieve-17",NA,"","","2850-57549","Cathys","dad","Cathys-03",NA,NA,NA
"CO_57635","CO_57553",0.985,0.014,0.002,0.008,55887,"2850-57635","Make Believe","mom","MakeBelieve-17",NA,"","","2850-57553","Schaaps","mom","Schaaps-108",NA,NA,NA
"CO_57635","CO_57556",0.99,0.005,0.005,0.007,61136,"2850-57635","Make Believe","mom","MakeBelieve-17",NA,"","","2850-57556","Schaaps","mom","Schaaps-80",NA,NA,NA
"CO_57635","CO_57608",0.991,0.003,0.006,0.007,61085,"2850-57635","Make Believe","mom","MakeBelieve-17",NA,"","","2850-57608","Urban Farm Girlz","mom","UrbanFarm-02",NA,NA,NA
"CO_57635","CO_57558",0.979,0.021,0,0.011,58861,"2850-57635","Make Believe","mom","MakeBelieve-17",NA,"","","2850-57558","Cooks","mom","Cooks-31",NA,NA,NA
"CO_57635","CO_57599",0.986,0.013,0.001,0.007,55933,"2850-57635","Make Believe","mom","MakeBelieve-17",NA,"","","2850-57599","Cathys","dad","Cathys-02",NA,NA,NA
"CO_57635","CO_57603",0.969,0.025,0.006,0.019,55205,"2850-57635","Make Believe","mom","MakeBelieve-17",NA,"","","2850-57603","Schaaps","mom","Schaaps-54",NA,NA,NA
"CO_57635","CO_57555",0.984,0.015,0,0.008,58675,"2850-57635","Make Believe","mom","MakeBelieve-17",NA,"","","2850-57555","Reinarz","mom","Reinarz-01",NA,NA,NA
"CO_57635","CO_57602",0.99,0.01,0,0.005,60070,"2850-57635","Make Believe","mom","MakeBelieve-17",NA,"","","2850-57602","Cooks","dad","Cooks-18",NA,NA,NA
"CO_57635","CO_57565",0.985,0.014,0.001,0.008,59505,"2850-57635","Make Believe","mom","MakeBelieve-17",NA,"","","2850-57565","Blue Cloud","dad","BlueCloud-19",NA,NA,NA
"CO_57635","CO_57610",0.987,0.013,0,0.007,44095,"2850-57635","Make Believe","mom","MakeBelieve-17",NA,"","","2850-57610","Blue Cloud","mom","BlueCloud-14",NA,NA,NA
"CO_57635","CO_57612",0.984,0.014,0.002,0.009,60797,"2850-57635","Make Believe","mom","MakeBelieve-17",NA,"","","2850-57612","Blue Cloud","mom","BlueCloud-09",NA,NA,NA
"CO_57635","CO_57615",0.983,0.015,0.001,0.009,55190,"2850-57635","Make Believe","mom","MakeBelieve-17",NA,"","","2850-57615","Urban Farm Girlz","dad","UrbanFarm-02",NA,NA,NA
"CO_57635","CO_57619",0.984,0.016,0.001,0.008,59734,"2850-57635","Make Believe","mom","MakeBelieve-17",NA,"","","2850-57619","Reinarz","dad","Reinarz-01",NA,NA,NA
"CO_57635","CO_57630",0.981,0.01,0.009,0.014,54234,"2850-57635","Make Believe","mom","MakeBelieve-17",NA,"","","2850-57630","Alishas","dad","none",NA,NA,NA
"CO_57635","CO_57624",0.979,0.019,0.002,0.012,57748,"2850-57635","Make Believe","mom","MakeBelieve-17",NA,"","","2850-57624","Urban Farm Girlz","dad","UrbanFarm-04",NA,NA,NA
"CO_57635","CO_57625",0.978,0.022,0,0.011,56496,"2850-57635","Make Believe","mom","MakeBelieve-17",NA,"","","2850-57625","Alishas","dad","none",NA,NA,NA
"CO_57635","CO_57628",0.987,0.013,0,0.007,56661,"2850-57635","Make Believe","mom","MakeBelieve-17",NA,"","","2850-57628","Alishas","dad","none",NA,NA,NA
"CO_57635","CO_57631",0.973,0.024,0.003,0.015,52584,"2850-57635","Make Believe","mom","MakeBelieve-17",NA,"","","2850-57631","Alishas","dad","none",NA,NA,NA
"CO_57635","CO_57836",0.99,0.009,0.001,0.005,59821,"2850-57635","Make Believe","mom","MakeBelieve-17",NA,"","","2850-57836","Make Believe","dad","MakeBelieve-26",NA,NA,NA
"CO_57635","CO_57912",0.968,0.03,0.001,0.017,56832,"2850-57635","Make Believe","mom","MakeBelieve-17",NA,"","","2850-57912","Cooks","dad","Cooks-27",NA,NA,NA
"CO_57635","CO_57853",0.988,0.011,0.001,0.007,51076,"2850-57635","Make Believe","mom","MakeBelieve-17",NA,"","","2850-57853","Cooks","mom","Cooks-27",NA,NA,NA
"CO_57635","CO_63488",0.987,0.013,0,0.007,59522,"2850-57635","Make Believe","mom","MakeBelieve-17",NA,"","","2510-63488","Make Believe","dad","MakeBelieve-17",NA,NA,NA
"CO_57635","CO_57916",0.968,0.029,0.003,0.018,52350,"2850-57635","Make Believe","mom","MakeBelieve-17",NA,"","","2850-57916","Alishas","dad","none",NA,NA,NA
"CO_57635","CO_57915",0.983,0.017,0,0.009,50544,"2850-57635","Make Believe","mom","MakeBelieve-17",NA,"","","2850-57915","Alishas","dad","none",NA,NA,NA
"CO_57635","CO_57917",0.982,0.017,0.001,0.009,49718,"2850-57635","Make Believe","mom","MakeBelieve-17",NA,"","","2850-57917","Alishas","dad","none",NA,NA,NA
"CO_57635","CO_57901",0.978,0.021,0,0.011,51291,"2850-57635","Make Believe","mom","MakeBelieve-17",NA,"","","2850-57901","Blue Cloud","dad","BlueCloud-09",NA,NA,NA
"CO_57635","CO_82916",0.982,0.018,0,0.009,52124,"2850-57635","Make Believe","mom","MakeBelieve-17",NA,"","","2811-82916","Make Believe","dad","MakeBelieve-61",NA,NA,NA
"CO_57635","CO_97347",0.991,0.008,0,0.004,59400,"2850-57635","Make Believe","mom","MakeBelieve-17",NA,"","","2640-97347","Make Believe","mom","MakeBelieve-26",NA,NA,NA
"CO_57635","CO_97370",0.992,0.008,0,0.004,62542,"2850-57635","Make Believe","mom","MakeBelieve-17",NA,"","","2640-97370","Cooks","mom","Cooks-23",NA,NA,NA
"CO_57635","CO_97385",0.985,0.01,0.005,0.01,57259,"2850-57635","Make Believe","mom","MakeBelieve-17",NA,"","","2640-97385","Make Believe","mom","MakeBelieve-69",NA,NA,NA
"CO_57635","CO_97596",0.986,0.012,0.002,0.008,55865,"2850-57635","Make Believe","mom","MakeBelieve-17",NA,"","","2640-97596","Make Believe","mom","MakeBelieve-20",NA,NA,NA
"CO_57635","CO_57551",0.993,0.007,0,0.004,56589,"2850-57635","Make Believe","mom","MakeBelieve-17",NA,"","","2850-57551","Struthers","mom","Struthers-20",NA,NA,NA
"CO_57635","CO_57609",0.989,0.01,0.001,0.006,54064,"2850-57635","Make Believe","mom","MakeBelieve-17",NA,"","","2850-57609","Cooks","mom","Cooks-24",NA,NA,NA
"CO_57635","CO_57550",0.985,0.015,0,0.008,55810,"2850-57635","Make Believe","mom","MakeBelieve-17",NA,"","","2850-57550","Cathys","mom","Cathys-03",NA,NA,NA
"CO_57635","CO_57614",0.98,0.019,0.001,0.01,57683,"2850-57635","Make Believe","mom","MakeBelieve-17",NA,"","","2850-57614","Blue Cloud","dad","BlueCloud-14",NA,NA,NA
"CO_57635","CO_57607",0.991,0.005,0.003,0.006,61569,"2850-57635","Make Believe","mom","MakeBelieve-17",NA,"","","2850-57607","Schaaps","dad","Schaaps-108",NA,NA,NA
"CO_57635","CO_57620",0.982,0.017,0.001,0.009,57372,"2850-57635","Make Believe","mom","MakeBelieve-17",NA,"","","2850-57620","Jims","dad","Jims-01",NA,NA,NA
"CO_57635","CO_57557",0.987,0.011,0.002,0.007,56005,"2850-57635","Make Believe","mom","MakeBelieve-17",NA,"","","2850-57557","Cooks","dad","Cooks-24",NA,NA,NA
"CO_57635","CO_97548",0.992,0.008,0,0.004,61006,"2850-57635","Make Believe","mom","MakeBelieve-17",NA,"","","2640-97548","Blue Cloud","dad","BlueCloud-18",NA,NA,NA
"CO_57635","CO_57518",0.985,0.014,0,0.007,55613,"2850-57635","Make Believe","mom","MakeBelieve-17",NA,"","","2850-57518","Make Believe","dad","MakeBelieve-69",NA,NA,NA
"CO_57635","CO_57701",0.989,0.011,0,0.005,52725,"2850-57635","Make Believe","mom","MakeBelieve-17",NA,"","","2850-57701","Schaaps","dad","Schaaps-110",NA,NA,NA
"CO_57635","CO_57633",0.975,0.025,0,0.013,58253,"2850-57635","Make Believe","mom","MakeBelieve-17",NA,"","","2850-57633","Cooks","dad","Cooks-31",NA,NA,NA
"CO_57635","CO_21085",0.977,0.023,0,0.012,54963,"2850-57635","Make Believe","mom","MakeBelieve-17",NA,"","","2350-21085","Make Believe","dad","MakeBelieve-20",NA,NA,NA
"CO_57635","CO_57636",0.975,0.024,0.001,0.013,56090,"2850-57635","Make Believe","mom","MakeBelieve-17",NA,"","","2850-57636","Blue Cloud","dad","none",NA,NA,NA
"CO_57635","CO_57552",0.989,0.011,0,0.006,60716,"2850-57635","Make Believe","mom","MakeBelieve-17",NA,"","","2850-57552","Struthers","dad","Struthers-20",NA,NA,NA
"CO_57854","CO_57905",0.98,0.019,0,0.01,52397,"2850-57854","Cooks","mom","Cooks-18",NA,"","","2850-57905","Schaaps","mom","Schaaps-24",NA,"",""
"CO_57854","CO_57904",0.988,0.012,0,0.006,48360,"2850-57854","Cooks","mom","Cooks-18",NA,"","","2850-57904","Schaaps","mom","Schaaps-67",NA,"",""
"CO_57854","CO_06912",0.983,0.015,0.002,0.009,51937,"2850-57854","Cooks","mom","Cooks-18",NA,"","","2811-06912","Schaaps","dad","Schaaps-54",NA,NA,NA
"CO_57854","CO_57505",0.986,0.012,0.001,0.008,55690,"2850-57854","Cooks","mom","Cooks-18",NA,"","","2850-57505","Cooks","dad","Cooks-23",NA,NA,NA
"CO_57854","CO_57538",0.976,0.023,0.001,0.013,47716,"2850-57854","Cooks","mom","Cooks-18",NA,"","","2850-57538","Schaaps","dad","Schaaps-80",NA,NA,NA
"CO_57854","CO_57556",0.987,0.011,0.001,0.007,56267,"2850-57854","Cooks","mom","Cooks-18",NA,"","","2850-57556","Schaaps","mom","Schaaps-80",NA,NA,NA
"CO_57854","CO_57555",0.983,0.015,0.002,0.009,53832,"2850-57854","Cooks","mom","Cooks-18",NA,"","","2850-57555","Reinarz","mom","Reinarz-01",NA,NA,NA
"CO_57854","CO_57558",0.991,0.009,0,0.004,54148,"2850-57854","Cooks","mom","Cooks-18",NA,"","","2850-57558","Cooks","mom","Cooks-31",NA,NA,NA
"CO_57854","CO_57565",0.986,0.014,0,0.007,54727,"2850-57854","Cooks","mom","Cooks-18",NA,"","","2850-57565","Blue Cloud","dad","BlueCloud-19",NA,NA,NA
"CO_57854","CO_57549",0.988,0.012,0,0.006,53309,"2850-57854","Cooks","mom","Cooks-18",NA,"","","2850-57549","Cathys","dad","Cathys-03",NA,NA,NA
"CO_57854","CO_57553",0.984,0.016,0,0.008,51286,"2850-57854","Cooks","mom","Cooks-18",NA,"","","2850-57553","Schaaps","mom","Schaaps-108",NA,NA,NA
"CO_57854","CO_57599",0.988,0.012,0,0.006,51445,"2850-57854","Cooks","mom","Cooks-18",NA,"","","2850-57599","Cathys","dad","Cathys-02",NA,NA,NA
"CO_57854","CO_57608",0.992,0.008,0,0.004,56177,"2850-57854","Cooks","mom","Cooks-18",NA,"","","2850-57608","Urban Farm Girlz","mom","UrbanFarm-02",NA,NA,NA
"CO_57854","CO_57619",0.984,0.008,0.008,0.012,54906,"2850-57854","Cooks","mom","Cooks-18",NA,"","","2850-57619","Reinarz","dad","Reinarz-01",NA,NA,NA
"CO_57854","CO_57615",0.99,0.008,0.002,0.006,50629,"2850-57854","Cooks","mom","Cooks-18",NA,"","","2850-57615","Urban Farm Girlz","dad","UrbanFarm-02",NA,NA,NA
"CO_57854","CO_57610",0.985,0.012,0.003,0.009,40560,"2850-57854","Cooks","mom","Cooks-18",NA,"","","2850-57610","Blue Cloud","mom","BlueCloud-14",NA,NA,NA
"CO_57854","CO_57603",0.988,0.011,0.001,0.006,50750,"2850-57854","Cooks","mom","Cooks-18",NA,"","","2850-57603","Schaaps","mom","Schaaps-54",NA,NA,NA
"CO_57854","CO_57602",0.987,0.013,0,0.006,55327,"2850-57854","Cooks","mom","Cooks-18",NA,"","","2850-57602","Cooks","dad","Cooks-18",NA,NA,NA
"CO_57854","CO_57630",0.989,0.01,0.001,0.006,49688,"2850-57854","Cooks","mom","Cooks-18",NA,"","","2850-57630","Alishas","dad","none",NA,NA,NA
"CO_57854","CO_57612",0.988,0.012,0,0.006,55784,"2850-57854","Cooks","mom","Cooks-18",NA,"","","2850-57612","Blue Cloud","mom","BlueCloud-09",NA,NA,NA
"CO_57854","CO_57624",0.989,0.01,0,0.005,53055,"2850-57854","Cooks","mom","Cooks-18",NA,"","","2850-57624","Urban Farm Girlz","dad","UrbanFarm-04",NA,NA,NA
"CO_57854","CO_57625",0.979,0.02,0.001,0.011,51873,"2850-57854","Cooks","mom","Cooks-18",NA,"","","2850-57625","Alishas","dad","none",NA,NA,NA
"CO_57854","CO_57836",0.988,0.012,0.001,0.006,54966,"2850-57854","Cooks","mom","Cooks-18",NA,"","","2850-57836","Make Believe","dad","MakeBelieve-26",NA,NA,NA
"CO_57854","CO_57853",0.985,0.015,0,0.008,46820,"2850-57854","Cooks","mom","Cooks-18",NA,"","","2850-57853","Cooks","mom","Cooks-27",NA,NA,NA
"CO_57854","CO_57628",0.967,0.033,0,0.017,52072,"2850-57854","Cooks","mom","Cooks-18",NA,"","","2850-57628","Alishas","dad","none",NA,NA,NA
"CO_57854","CO_57631",0.973,0.026,0,0.014,48468,"2850-57854","Cooks","mom","Cooks-18",NA,"","","2850-57631","Alishas","dad","none",NA,NA,NA
"CO_57854","CO_82916",0.983,0.01,0.007,0.012,48040,"2850-57854","Cooks","mom","Cooks-18",NA,"","","2811-82916","Make Believe","dad","MakeBelieve-61",NA,NA,NA
"CO_57854","CO_57912",0.984,0.015,0.001,0.008,52252,"2850-57854","Cooks","mom","Cooks-18",NA,"","","2850-57912","Cooks","dad","Cooks-27",NA,NA,NA
"CO_57854","CO_57901",0.981,0.019,0,0.01,47077,"2850-57854","Cooks","mom","Cooks-18",NA,"","","2850-57901","Blue Cloud","dad","BlueCloud-09",NA,NA,NA
"CO_57854","CO_57915",0.972,0.027,0.001,0.014,46421,"2850-57854","Cooks","mom","Cooks-18",NA,"","","2850-57915","Alishas","dad","none",NA,NA,NA
"CO_57854","CO_57917",0.987,0.012,0.001,0.007,45592,"2850-57854","Cooks","mom","Cooks-18",NA,"","","2850-57917","Alishas","dad","none",NA,NA,NA
"CO_57854","CO_63488",0.983,0.016,0.001,0.009,54677,"2850-57854","Cooks","mom","Cooks-18",NA,"","","2510-63488","Make Believe","dad","MakeBelieve-17",NA,NA,NA
"CO_57854","CO_57916",0.981,0.019,0,0.01,48177,"2850-57854","Cooks","mom","Cooks-18",NA,"","","2850-57916","Alishas","dad","none",NA,NA,NA
"CO_57854","CO_97347",0.993,0.007,0.001,0.004,54479,"2850-57854","Cooks","mom","Cooks-18",NA,"","","2640-97347","Make Believe","mom","MakeBelieve-26",NA,NA,NA
"CO_57854","CO_97370",0.991,0.009,0,0.005,57462,"2850-57854","Cooks","mom","Cooks-18",NA,"","","2640-97370","Cooks","mom","Cooks-23",NA,NA,NA
"CO_57854","CO_97385",0.99,0.01,0,0.005,52726,"2850-57854","Cooks","mom","Cooks-18",NA,"","","2640-97385","Make Believe","mom","MakeBelieve-69",NA,NA,NA
"CO_57854","CO_97596",0.991,0.009,0,0.005,51248,"2850-57854","Cooks","mom","Cooks-18",NA,"","","2640-97596","Make Believe","mom","MakeBelieve-20",NA,NA,NA
"CO_57854","CO_57550",0.983,0.017,0.001,0.009,51294,"2850-57854","Cooks","mom","Cooks-18",NA,"","","2850-57550","Cathys","mom","Cathys-03",NA,NA,NA
"CO_57854","CO_57551",0.99,0.001,0.009,0.01,52077,"2850-57854","Cooks","mom","Cooks-18",NA,"","","2850-57551","Struthers","mom","Struthers-20",NA,NA,NA
"CO_57854","CO_97548",0.99,0.01,0,0.005,56162,"2850-57854","Cooks","mom","Cooks-18",NA,"","","2640-97548","Blue Cloud","dad","BlueCloud-18",NA,NA,NA
"CO_57854","CO_57614",0.988,0.012,0,0.006,52989,"2850-57854","Cooks","mom","Cooks-18",NA,"","","2850-57614","Blue Cloud","dad","BlueCloud-14",NA,NA,NA
"CO_57854","CO_57557",0.992,0.007,0.001,0.005,51517,"2850-57854","Cooks","mom","Cooks-18",NA,"","","2850-57557","Cooks","dad","Cooks-24",NA,NA,NA
"CO_57854","CO_57609",0.985,0.015,0,0.008,49603,"2850-57854","Cooks","mom","Cooks-18",NA,"","","2850-57609","Cooks","mom","Cooks-24",NA,NA,NA
"CO_57854","CO_57633",0.988,0.012,0,0.006,53494,"2850-57854","Cooks","mom","Cooks-18",NA,"","","2850-57633","Cooks","dad","Cooks-31",NA,NA,NA
"CO_57854","CO_57607",0.982,0.013,0.005,0.012,56480,"2850-57854","Cooks","mom","Cooks-18",NA,"","","2850-57607","Schaaps","dad","Schaaps-108",NA,NA,NA
"CO_57854","CO_57620",0.979,0.017,0.004,0.013,52612,"2850-57854","Cooks","mom","Cooks-18",NA,"","","2850-57620","Jims","dad","Jims-01",NA,NA,NA
"CO_57854","CO_57636",0.977,0.018,0.005,0.014,51477,"2850-57854","Cooks","mom","Cooks-18",NA,"","","2850-57636","Blue Cloud","dad","none",NA,NA,NA
"CO_57854","CO_21085",0.989,0.011,0,0.006,50498,"2850-57854","Cooks","mom","Cooks-18",NA,"","","2350-21085","Make Believe","dad","MakeBelieve-20",NA,NA,NA
"CO_57854","CO_57701",0.992,0.006,0.002,0.005,48339,"2850-57854","Cooks","mom","Cooks-18",NA,"","","2850-57701","Schaaps","dad","Schaaps-110",NA,NA,NA
"CO_57854","CO_57518",0.992,0.008,0,0.004,51097,"2850-57854","Cooks","mom","Cooks-18",NA,"","","2850-57518","Make Believe","dad","MakeBelieve-69",NA,NA,NA
"CO_57854","CO_57552",0.988,0.011,0.001,0.006,55719,"2850-57854","Cooks","mom","Cooks-18",NA,"","","2850-57552","Struthers","dad","Struthers-20",NA,NA,NA
"CO_57904","CO_57905",0.989,0.011,0,0.006,53715,"2850-57904","Schaaps","mom","Schaaps-67",NA,"","","2850-57905","Schaaps","mom","Schaaps-24",NA,"",""
"CO_57904","CO_06912",0.983,0.017,0,0.009,53165,"2850-57904","Schaaps","mom","Schaaps-67",NA,"","","2811-06912","Schaaps","dad","Schaaps-54",NA,NA,NA
"CO_57904","CO_57549",0.994,0.001,0.006,0.006,54705,"2850-57904","Schaaps","mom","Schaaps-67",NA,"","","2850-57549","Cathys","dad","Cathys-03",NA,NA,NA
"CO_57904","CO_57505",0.991,0.009,0,0.005,57260,"2850-57904","Schaaps","mom","Schaaps-67",NA,"","","2850-57505","Cooks","dad","Cooks-23",NA,NA,NA
"CO_57904","CO_57538",0.992,0.008,0,0.004,48892,"2850-57904","Schaaps","mom","Schaaps-67",NA,"","","2850-57538","Schaaps","dad","Schaaps-80",NA,NA,NA
"CO_57904","CO_57565",0.992,0.005,0.003,0.006,56188,"2850-57904","Schaaps","mom","Schaaps-67",NA,"","","2850-57565","Blue Cloud","dad","BlueCloud-19",NA,NA,NA
"CO_57904","CO_57602",0.993,0.005,0.002,0.005,56659,"2850-57904","Schaaps","mom","Schaaps-67",NA,"","","2850-57602","Cooks","dad","Cooks-18",NA,NA,NA
"CO_57904","CO_57558",0.99,0.008,0.002,0.006,55542,"2850-57904","Schaaps","mom","Schaaps-67",NA,"","","2850-57558","Cooks","mom","Cooks-31",NA,NA,NA
"CO_57904","CO_57553",0.992,0.008,0,0.004,52636,"2850-57904","Schaaps","mom","Schaaps-67",NA,"","","2850-57553","Schaaps","mom","Schaaps-108",NA,NA,NA
"CO_57904","CO_57556",0.992,0.008,0,0.004,57732,"2850-57904","Schaaps","mom","Schaaps-67",NA,"","","2850-57556","Schaaps","mom","Schaaps-80",NA,NA,NA
"CO_57904","CO_57603",0.992,0.008,0,0.004,52106,"2850-57904","Schaaps","mom","Schaaps-67",NA,"","","2850-57603","Schaaps","mom","Schaaps-54",NA,NA,NA
"CO_57904","CO_57599",0.985,0.014,0.001,0.008,52863,"2850-57904","Schaaps","mom","Schaaps-67",NA,"","","2850-57599","Cathys","dad","Cathys-02",NA,NA,NA
"CO_57904","CO_57608",0.99,0.01,0,0.005,57640,"2850-57904","Schaaps","mom","Schaaps-67",NA,"","","2850-57608","Urban Farm Girlz","mom","UrbanFarm-02",NA,NA,NA
"CO_57904","CO_57555",0.987,0.013,0,0.007,55364,"2850-57904","Schaaps","mom","Schaaps-67",NA,"","","2850-57555","Reinarz","mom","Reinarz-01",NA,NA,NA
"CO_57904","CO_57612",0.992,0.008,0,0.004,57226,"2850-57904","Schaaps","mom","Schaaps-67",NA,"","","2850-57612","Blue Cloud","mom","BlueCloud-09",NA,NA,NA
"CO_57904","CO_57615",0.984,0.015,0.001,0.008,52087,"2850-57904","Schaaps","mom","Schaaps-67",NA,"","","2850-57615","Urban Farm Girlz","dad","UrbanFarm-02",NA,NA,NA
"CO_57904","CO_57610",0.989,0.01,0,0.006,41621,"2850-57904","Schaaps","mom","Schaaps-67",NA,"","","2850-57610","Blue Cloud","mom","BlueCloud-14",NA,NA,NA
"CO_57904","CO_57619",0.987,0.013,0,0.006,56314,"2850-57904","Schaaps","mom","Schaaps-67",NA,"","","2850-57619","Reinarz","dad","Reinarz-01",NA,NA,NA
"CO_57904","CO_57630",0.984,0.016,0.001,0.009,51089,"2850-57904","Schaaps","mom","Schaaps-67",NA,"","","2850-57630","Alishas","dad","none",NA,NA,NA
"CO_57904","CO_57628",0.988,0.012,0,0.006,53399,"2850-57904","Schaaps","mom","Schaaps-67",NA,"","","2850-57628","Alishas","dad","none",NA,NA,NA
"CO_57904","CO_57624",0.988,0.011,0,0.006,54501,"2850-57904","Schaaps","mom","Schaaps-67",NA,"","","2850-57624","Urban Farm Girlz","dad","UrbanFarm-04",NA,NA,NA
"CO_57904","CO_57625",0.986,0.014,0,0.007,53174,"2850-57904","Schaaps","mom","Schaaps-67",NA,"","","2850-57625","Alishas","dad","none",NA,NA,NA
"CO_57904","CO_57836",0.989,0.01,0.001,0.006,56404,"2850-57904","Schaaps","mom","Schaaps-67",NA,"","","2850-57836","Make Believe","dad","MakeBelieve-26",NA,NA,NA
"CO_57904","CO_57631",0.972,0.028,0.001,0.014,49608,"2850-57904","Schaaps","mom","Schaaps-67",NA,"","","2850-57631","Alishas","dad","none",NA,NA,NA
"CO_57904","CO_57853",0.989,0.011,0,0.006,48206,"2850-57904","Schaaps","mom","Schaaps-67",NA,"","","2850-57853","Cooks","mom","Cooks-27",NA,NA,NA
"CO_57904","CO_57901",0.965,0.028,0.008,0.021,48414,"2850-57904","Schaaps","mom","Schaaps-67",NA,"","","2850-57901","Blue Cloud","dad","BlueCloud-09",NA,NA,NA
"CO_57904","CO_57915",0.972,0.026,0.002,0.015,47626,"2850-57904","Schaaps","mom","Schaaps-67",NA,"","","2850-57915","Alishas","dad","none",NA,NA,NA
"CO_57904","CO_57917",0.985,0.014,0,0.008,46947,"2850-57904","Schaaps","mom","Schaaps-67",NA,"","","2850-57917","Alishas","dad","none",NA,NA,NA
"CO_57904","CO_57916",0.982,0.017,0.002,0.01,49366,"2850-57904","Schaaps","mom","Schaaps-67",NA,"","","2850-57916","Alishas","dad","none",NA,NA,NA
"CO_57904","CO_63488",0.987,0.013,0,0.006,56094,"2850-57904","Schaaps","mom","Schaaps-67",NA,"","","2510-63488","Make Believe","dad","MakeBelieve-17",NA,NA,NA
"CO_57904","CO_57912",0.982,0.018,0,0.009,53527,"2850-57904","Schaaps","mom","Schaaps-67",NA,"","","2850-57912","Cooks","dad","Cooks-27",NA,NA,NA
"CO_57904","CO_82916",0.985,0.014,0.001,0.008,49140,"2850-57904","Schaaps","mom","Schaaps-67",NA,"","","2811-82916","Make Believe","dad","MakeBelieve-61",NA,NA,NA
"CO_57904","CO_97347",0.991,0.008,0,0.004,56003,"2850-57904","Schaaps","mom","Schaaps-67",NA,"","","2640-97347","Make Believe","mom","MakeBelieve-26",NA,NA,NA
"CO_57904","CO_97596",0.986,0.012,0.003,0.008,52570,"2850-57904","Schaaps","mom","Schaaps-67",NA,"","","2640-97596","Make Believe","mom","MakeBelieve-20",NA,NA,NA
"CO_57904","CO_97370",0.99,0.01,0,0.005,58978,"2850-57904","Schaaps","mom","Schaaps-67",NA,"","","2640-97370","Cooks","mom","Cooks-23",NA,NA,NA
"CO_57904","CO_97385",0.988,0.012,0,0.006,53932,"2850-57904","Schaaps","mom","Schaaps-67",NA,"","","2640-97385","Make Believe","mom","MakeBelieve-69",NA,NA,NA
"CO_57904","CO_57551",0.989,0.01,0.002,0.007,53391,"2850-57904","Schaaps","mom","Schaaps-67",NA,"","","2850-57551","Struthers","mom","Struthers-20",NA,NA,NA
"CO_57904","CO_57550",0.986,0.014,0,0.007,52669,"2850-57904","Schaaps","mom","Schaaps-67",NA,"","","2850-57550","Cathys","mom","Cathys-03",NA,NA,NA
"CO_57904","CO_57614",0.992,0.007,0,0.004,54333,"2850-57904","Schaaps","mom","Schaaps-67",NA,"","","2850-57614","Blue Cloud","dad","BlueCloud-14",NA,NA,NA
"CO_57904","CO_57620",0.983,0.013,0.004,0.01,54055,"2850-57904","Schaaps","mom","Schaaps-67",NA,"","","2850-57620","Jims","dad","Jims-01",NA,NA,NA
"CO_57904","CO_57609",0.99,0.01,0,0.005,51018,"2850-57904","Schaaps","mom","Schaaps-67",NA,"","","2850-57609","Cooks","mom","Cooks-24",NA,NA,NA
"CO_57904","CO_97548",0.991,0.009,0,0.004,57462,"2850-57904","Schaaps","mom","Schaaps-67",NA,"","","2640-97548","Blue Cloud","dad","BlueCloud-18",NA,NA,NA
"CO_57904","CO_57633",0.986,0.014,0.001,0.007,54821,"2850-57904","Schaaps","mom","Schaaps-67",NA,"","","2850-57633","Cooks","dad","Cooks-31",NA,NA,NA
"CO_57904","CO_57518",0.989,0.006,0.005,0.008,52429,"2850-57904","Schaaps","mom","Schaaps-67",NA,"","","2850-57518","Make Believe","dad","MakeBelieve-69",NA,NA,NA
"CO_57904","CO_57557",0.991,0.009,0,0.005,52769,"2850-57904","Schaaps","mom","Schaaps-67",NA,"","","2850-57557","Cooks","dad","Cooks-24",NA,NA,NA
"CO_57904","CO_21085",0.988,0.011,0,0.006,51816,"2850-57904","Schaaps","mom","Schaaps-67",NA,"","","2350-21085","Make Believe","dad","MakeBelieve-20",NA,NA,NA
"CO_57904","CO_57701",0.994,0.005,0.001,0.004,49643,"2850-57904","Schaaps","mom","Schaaps-67",NA,"","","2850-57701","Schaaps","dad","Schaaps-110",NA,NA,NA
"CO_57904","CO_57607",0.993,0.007,0,0.004,58023,"2850-57904","Schaaps","mom","Schaaps-67",NA,"","","2850-57607","Schaaps","dad","Schaaps-108",NA,NA,NA
"CO_57904","CO_57552",0.988,0.011,0.001,0.006,57193,"2850-57904","Schaaps","mom","Schaaps-67",NA,"","","2850-57552","Struthers","dad","Struthers-20",NA,NA,NA
"CO_57904","CO_57636",0.982,0.018,0,0.009,52896,"2850-57904","Schaaps","mom","Schaaps-67",NA,"","","2850-57636","Blue Cloud","dad","none",NA,NA,NA
"CO_57905","CO_06912",0.976,0.017,0.007,0.015,57618,"2850-57905","Schaaps","mom","Schaaps-24",NA,"","","2811-06912","Schaaps","dad","Schaaps-54",NA,NA,NA
"CO_57905","CO_57505",0.99,0.01,0,0.005,61835,"2850-57905","Schaaps","mom","Schaaps-24",NA,"","","2850-57505","Cooks","dad","Cooks-23",NA,NA,NA
"CO_57905","CO_57553",0.989,0.01,0.001,0.006,56959,"2850-57905","Schaaps","mom","Schaaps-24",NA,"","","2850-57553","Schaaps","mom","Schaaps-108",NA,NA,NA
"CO_57905","CO_57549",0.987,0.013,0,0.007,59153,"2850-57905","Schaaps","mom","Schaaps-24",NA,"","","2850-57549","Cathys","dad","Cathys-03",NA,NA,NA
"CO_57905","CO_57556",0.99,0.01,0,0.005,62397,"2850-57905","Schaaps","mom","Schaaps-24",NA,"","","2850-57556","Schaaps","mom","Schaaps-80",NA,NA,NA
"CO_57905","CO_57538",0.985,0.014,0,0.007,52889,"2850-57905","Schaaps","mom","Schaaps-24",NA,"","","2850-57538","Schaaps","dad","Schaaps-80",NA,NA,NA
"CO_57905","CO_57565",0.98,0.013,0.007,0.013,60784,"2850-57905","Schaaps","mom","Schaaps-24",NA,"","","2850-57565","Blue Cloud","dad","BlueCloud-19",NA,NA,NA
"CO_57905","CO_57558",0.988,0.012,0,0.006,60047,"2850-57905","Schaaps","mom","Schaaps-24",NA,"","","2850-57558","Cooks","mom","Cooks-31",NA,NA,NA
"CO_57905","CO_57602",0.989,0.011,0,0.006,61333,"2850-57905","Schaaps","mom","Schaaps-24",NA,"","","2850-57602","Cooks","dad","Cooks-18",NA,NA,NA
"CO_57905","CO_57555",0.978,0.022,0,0.011,59860,"2850-57905","Schaaps","mom","Schaaps-24",NA,"","","2850-57555","Reinarz","mom","Reinarz-01",NA,NA,NA
"CO_57905","CO_57599",0.985,0.015,0.001,0.008,57129,"2850-57905","Schaaps","mom","Schaaps-24",NA,"","","2850-57599","Cathys","dad","Cathys-02",NA,NA,NA
"CO_57905","CO_57603",0.988,0.012,0,0.006,56310,"2850-57905","Schaaps","mom","Schaaps-24",NA,"","","2850-57603","Schaaps","mom","Schaaps-54",NA,NA,NA
"CO_57905","CO_57612",0.987,0.013,0,0.007,62050,"2850-57905","Schaaps","mom","Schaaps-24",NA,"","","2850-57612","Blue Cloud","mom","BlueCloud-09",NA,NA,NA
"CO_57905","CO_57619",0.984,0.014,0.002,0.009,60932,"2850-57905","Schaaps","mom","Schaaps-24",NA,"","","2850-57619","Reinarz","dad","Reinarz-01",NA,NA,NA
"CO_57905","CO_57608",0.985,0.015,0,0.008,62294,"2850-57905","Schaaps","mom","Schaaps-24",NA,"","","2850-57608","Urban Farm Girlz","mom","UrbanFarm-02",NA,NA,NA
"CO_57905","CO_57610",0.985,0.014,0.001,0.008,44941,"2850-57905","Schaaps","mom","Schaaps-24",NA,"","","2850-57610","Blue Cloud","mom","BlueCloud-14",NA,NA,NA
"CO_57905","CO_57615",0.988,0.012,0,0.006,56348,"2850-57905","Schaaps","mom","Schaaps-24",NA,"","","2850-57615","Urban Farm Girlz","dad","UrbanFarm-02",NA,NA,NA
"CO_57905","CO_57624",0.983,0.016,0,0.009,58848,"2850-57905","Schaaps","mom","Schaaps-24",NA,"","","2850-57624","Urban Farm Girlz","dad","UrbanFarm-04",NA,NA,NA
"CO_57905","CO_57628",0.975,0.021,0.004,0.014,57748,"2850-57905","Schaaps","mom","Schaaps-24",NA,"","","2850-57628","Alishas","dad","none",NA,NA,NA
"CO_57905","CO_57630",0.979,0.02,0.001,0.011,55330,"2850-57905","Schaaps","mom","Schaaps-24",NA,"","","2850-57630","Alishas","dad","none",NA,NA,NA
"CO_57905","CO_57625",0.972,0.028,0.001,0.014,57680,"2850-57905","Schaaps","mom","Schaaps-24",NA,"","","2850-57625","Alishas","dad","none",NA,NA,NA
"CO_57905","CO_57836",0.99,0.01,0,0.005,61103,"2850-57905","Schaaps","mom","Schaaps-24",NA,"","","2850-57836","Make Believe","dad","MakeBelieve-26",NA,NA,NA
"CO_57905","CO_63488",0.992,0.004,0.004,0.006,60726,"2850-57905","Schaaps","mom","Schaaps-24",NA,"","","2510-63488","Make Believe","dad","MakeBelieve-17",NA,NA,NA
"CO_57905","CO_57917",0.984,0.01,0.007,0.011,50697,"2850-57905","Schaaps","mom","Schaaps-24",NA,"","","2850-57917","Alishas","dad","none",NA,NA,NA
"CO_57905","CO_57916",0.977,0.019,0.004,0.014,53490,"2850-57905","Schaaps","mom","Schaaps-24",NA,"","","2850-57916","Alishas","dad","none",NA,NA,NA
"CO_57905","CO_57631",0.98,0.019,0.001,0.01,53717,"2850-57905","Schaaps","mom","Schaaps-24",NA,"","","2850-57631","Alishas","dad","none",NA,NA,NA
"CO_57905","CO_57912",0.977,0.021,0.002,0.013,58090,"2850-57905","Schaaps","mom","Schaaps-24",NA,"","","2850-57912","Cooks","dad","Cooks-27",NA,NA,NA
"CO_57905","CO_57901",0.972,0.027,0.001,0.014,52424,"2850-57905","Schaaps","mom","Schaaps-24",NA,"","","2850-57901","Blue Cloud","dad","BlueCloud-09",NA,NA,NA
"CO_57905","CO_57853",0.982,0.018,0,0.009,52054,"2850-57905","Schaaps","mom","Schaaps-24",NA,"","","2850-57853","Cooks","mom","Cooks-27",NA,NA,NA
"CO_57905","CO_57915",0.98,0.02,0,0.01,51545,"2850-57905","Schaaps","mom","Schaaps-24",NA,"","","2850-57915","Alishas","dad","none",NA,NA,NA
"CO_57905","CO_82916",0.98,0.02,0.001,0.01,53283,"2850-57905","Schaaps","mom","Schaaps-24",NA,"","","2811-82916","Make Believe","dad","MakeBelieve-61",NA,NA,NA
"CO_57905","CO_97347",0.991,0.009,0,0.005,60610,"2850-57905","Schaaps","mom","Schaaps-24",NA,"","","2640-97347","Make Believe","mom","MakeBelieve-26",NA,NA,NA
"CO_57905","CO_97370",0.989,0.011,0,0.006,63813,"2850-57905","Schaaps","mom","Schaaps-24",NA,"","","2640-97370","Cooks","mom","Cooks-23",NA,NA,NA
"CO_57905","CO_97385",0.989,0.01,0,0.005,58391,"2850-57905","Schaaps","mom","Schaaps-24",NA,"","","2640-97385","Make Believe","mom","MakeBelieve-69",NA,NA,NA
"CO_57905","CO_97596",0.986,0.014,0,0.007,56835,"2850-57905","Schaaps","mom","Schaaps-24",NA,"","","2640-97596","Make Believe","mom","MakeBelieve-20",NA,NA,NA
"CO_57905","CO_57614",0.987,0.009,0.004,0.009,58956,"2850-57905","Schaaps","mom","Schaaps-24",NA,"","","2850-57614","Blue Cloud","dad","BlueCloud-14",NA,NA,NA
"CO_57905","CO_57609",0.987,0.011,0.002,0.007,55156,"2850-57905","Schaaps","mom","Schaaps-24",NA,"","","2850-57609","Cooks","mom","Cooks-24",NA,NA,NA
"CO_57905","CO_57551",0.993,0.007,0,0.003,57801,"2850-57905","Schaaps","mom","Schaaps-24",NA,"","","2850-57551","Struthers","mom","Struthers-20",NA,NA,NA
"CO_57905","CO_57550",0.988,0.01,0.002,0.007,56819,"2850-57905","Schaaps","mom","Schaaps-24",NA,"","","2850-57550","Cathys","mom","Cathys-03",NA,NA,NA
"CO_57905","CO_57701",0.991,0.008,0.001,0.005,53755,"2850-57905","Schaaps","mom","Schaaps-24",NA,"","","2850-57701","Schaaps","dad","Schaaps-110",NA,NA,NA
"CO_57905","CO_57557",0.989,0.011,0,0.005,57205,"2850-57905","Schaaps","mom","Schaaps-24",NA,"","","2850-57557","Cooks","dad","Cooks-24",NA,NA,NA
"CO_57905","CO_57633",0.982,0.017,0.001,0.009,59368,"2850-57905","Schaaps","mom","Schaaps-24",NA,"","","2850-57633","Cooks","dad","Cooks-31",NA,NA,NA
"CO_57905","CO_57518",0.989,0.008,0.002,0.007,56712,"2850-57905","Schaaps","mom","Schaaps-24",NA,"","","2850-57518","Make Believe","dad","MakeBelieve-69",NA,NA,NA
"CO_57905","CO_57620",0.976,0.023,0.001,0.013,58526,"2850-57905","Schaaps","mom","Schaaps-24",NA,"","","2850-57620","Jims","dad","Jims-01",NA,NA,NA
"CO_57905","CO_97548",0.987,0.013,0,0.007,62220,"2850-57905","Schaaps","mom","Schaaps-24",NA,"","","2640-97548","Blue Cloud","dad","BlueCloud-18",NA,NA,NA
"CO_57905","CO_57552",0.986,0.014,0,0.007,61947,"2850-57905","Schaaps","mom","Schaaps-24",NA,"","","2850-57552","Struthers","dad","Struthers-20",NA,NA,NA
"CO_57905","CO_21085",0.986,0.013,0,0.007,56070,"2850-57905","Schaaps","mom","Schaaps-24",NA,"","","2350-21085","Make Believe","dad","MakeBelieve-20",NA,NA,NA
"CO_57905","CO_57607",0.982,0.018,0.001,0.009,62845,"2850-57905","Schaaps","mom","Schaaps-24",NA,"","","2850-57607","Schaaps","dad","Schaaps-108",NA,NA,NA
"CO_57905","CO_57636",0.986,0.014,0,0.007,57220,"2850-57905","Schaaps","mom","Schaaps-24",NA,"","","2850-57636","Blue Cloud","dad","none",NA,NA,NA
"CO_06912","CO_57505",0.988,0.01,0.001,0.007,61413,"2811-06912","Schaaps","dad","Schaaps-54",NA,NA,NA,"2850-57505","Cooks","dad","Cooks-23",NA,NA,NA
"CO_06912","CO_57553",0.987,0.01,0.003,0.008,56552,"2811-06912","Schaaps","dad","Schaaps-54",NA,NA,NA,"2850-57553","Schaaps","mom","Schaaps-108",NA,NA,NA
"CO_06912","CO_57538",0.98,0.016,0.005,0.012,52530,"2811-06912","Schaaps","dad","Schaaps-54",NA,NA,NA,"2850-57538","Schaaps","dad","Schaaps-80",NA,NA,NA
"CO_06912","CO_57556",0.988,0.009,0.002,0.007,61946,"2811-06912","Schaaps","dad","Schaaps-54",NA,NA,NA,"2850-57556","Schaaps","mom","Schaaps-80",NA,NA,NA
"CO_06912","CO_57558",0.982,0.013,0.005,0.011,59547,"2811-06912","Schaaps","dad","Schaaps-54",NA,NA,NA,"2850-57558","Cooks","mom","Cooks-31",NA,NA,NA
"CO_06912","CO_57549",0.984,0.015,0.001,0.008,58800,"2811-06912","Schaaps","dad","Schaaps-54",NA,NA,NA,"2850-57549","Cathys","dad","Cathys-03",NA,NA,NA
"CO_06912","CO_57555",0.981,0.014,0.005,0.012,59373,"2811-06912","Schaaps","dad","Schaaps-54",NA,NA,NA,"2850-57555","Reinarz","mom","Reinarz-01",NA,NA,NA
"CO_06912","CO_57565",0.986,0.012,0.002,0.008,60463,"2811-06912","Schaaps","dad","Schaaps-54",NA,NA,NA,"2850-57565","Blue Cloud","dad","BlueCloud-19",NA,NA,NA
"CO_06912","CO_57610",0.976,0.004,0.02,0.022,44745,"2811-06912","Schaaps","dad","Schaaps-54",NA,NA,NA,"2850-57610","Blue Cloud","mom","BlueCloud-14",NA,NA,NA
"CO_06912","CO_57612",0.991,0.002,0.006,0.007,61577,"2811-06912","Schaaps","dad","Schaaps-54",NA,NA,NA,"2850-57612","Blue Cloud","mom","BlueCloud-09",NA,NA,NA
"CO_06912","CO_57599",0.977,0.02,0.003,0.013,56619,"2811-06912","Schaaps","dad","Schaaps-54",NA,NA,NA,"2850-57599","Cathys","dad","Cathys-02",NA,NA,NA
"CO_06912","CO_57602",0.984,0.015,0.001,0.008,60917,"2811-06912","Schaaps","dad","Schaaps-54",NA,NA,NA,"2850-57602","Cooks","dad","Cooks-18",NA,NA,NA
"CO_06912","CO_57608",0.988,0.012,0,0.006,61907,"2811-06912","Schaaps","dad","Schaaps-54",NA,NA,NA,"2850-57608","Urban Farm Girlz","mom","UrbanFarm-02",NA,NA,NA
"CO_06912","CO_57625",0.975,0.005,0.02,0.023,57147,"2811-06912","Schaaps","dad","Schaaps-54",NA,NA,NA,"2850-57625","Alishas","dad","none",NA,NA,NA
"CO_06912","CO_57619",0.984,0.013,0.003,0.009,60482,"2811-06912","Schaaps","dad","Schaaps-54",NA,NA,NA,"2850-57619","Reinarz","dad","Reinarz-01",NA,NA,NA
"CO_06912","CO_57603",0.985,0.014,0.001,0.008,55844,"2811-06912","Schaaps","dad","Schaaps-54",NA,NA,NA,"2850-57603","Schaaps","mom","Schaaps-54",NA,NA,NA
"CO_06912","CO_57615",0.987,0.013,0,0.007,55765,"2811-06912","Schaaps","dad","Schaaps-54",NA,NA,NA,"2850-57615","Urban Farm Girlz","dad","UrbanFarm-02",NA,NA,NA
"CO_06912","CO_57624",0.977,0.021,0.002,0.013,58489,"2811-06912","Schaaps","dad","Schaaps-54",NA,NA,NA,"2850-57624","Urban Farm Girlz","dad","UrbanFarm-04",NA,NA,NA
"CO_06912","CO_57631",0.952,0.039,0.009,0.028,53283,"2811-06912","Schaaps","dad","Schaaps-54",NA,NA,NA,"2850-57631","Alishas","dad","none",NA,NA,NA
"CO_06912","CO_57836",0.987,0.013,0,0.007,60625,"2811-06912","Schaaps","dad","Schaaps-54",NA,NA,NA,"2850-57836","Make Believe","dad","MakeBelieve-26",NA,NA,NA
"CO_06912","CO_57901",0.974,0.017,0.01,0.018,51996,"2811-06912","Schaaps","dad","Schaaps-54",NA,NA,NA,"2850-57901","Blue Cloud","dad","BlueCloud-09",NA,NA,NA
"CO_06912","CO_57630",0.98,0.018,0.002,0.011,54925,"2811-06912","Schaaps","dad","Schaaps-54",NA,NA,NA,"2850-57630","Alishas","dad","none",NA,NA,NA
"CO_06912","CO_57628",0.983,0.015,0.001,0.009,57338,"2811-06912","Schaaps","dad","Schaaps-54",NA,NA,NA,"2850-57628","Alishas","dad","none",NA,NA,NA
"CO_06912","CO_57916",0.975,0.013,0.012,0.018,53152,"2811-06912","Schaaps","dad","Schaaps-54",NA,NA,NA,"2850-57916","Alishas","dad","none",NA,NA,NA
"CO_06912","CO_57912",0.966,0.032,0.002,0.018,57566,"2811-06912","Schaaps","dad","Schaaps-54",NA,NA,NA,"2850-57912","Cooks","dad","Cooks-27",NA,NA,NA
"CO_06912","CO_57853",0.975,0.025,0,0.013,51626,"2811-06912","Schaaps","dad","Schaaps-54",NA,NA,NA,"2850-57853","Cooks","mom","Cooks-27",NA,NA,NA
"CO_06912","CO_63488",0.991,0.008,0.001,0.005,60323,"2811-06912","Schaaps","dad","Schaaps-54",NA,NA,NA,"2510-63488","Make Believe","dad","MakeBelieve-17",NA,NA,NA
"CO_06912","CO_57915",0.98,0.019,0.001,0.011,51158,"2811-06912","Schaaps","dad","Schaaps-54",NA,NA,NA,"2850-57915","Alishas","dad","none",NA,NA,NA
"CO_06912","CO_57917",0.962,0.037,0.002,0.02,50338,"2811-06912","Schaaps","dad","Schaaps-54",NA,NA,NA,"2850-57917","Alishas","dad","none",NA,NA,NA
"CO_06912","CO_82916",0.985,0.015,0,0.008,53006,"2811-06912","Schaaps","dad","Schaaps-54",NA,NA,NA,"2811-82916","Make Believe","dad","MakeBelieve-61",NA,NA,NA
"CO_06912","CO_97347",0.99,0.01,0,0.005,60115,"2811-06912","Schaaps","dad","Schaaps-54",NA,NA,NA,"2640-97347","Make Believe","mom","MakeBelieve-26",NA,NA,NA
"CO_06912","CO_97370",0.989,0.011,0,0.005,63380,"2811-06912","Schaaps","dad","Schaaps-54",NA,NA,NA,"2640-97370","Cooks","mom","Cooks-23",NA,NA,NA
"CO_06912","CO_97385",0.985,0.014,0.002,0.009,58073,"2811-06912","Schaaps","dad","Schaaps-54",NA,NA,NA,"2640-97385","Make Believe","mom","MakeBelieve-69",NA,NA,NA
"CO_06912","CO_97596",0.981,0.018,0.001,0.01,56538,"2811-06912","Schaaps","dad","Schaaps-54",NA,NA,NA,"2640-97596","Make Believe","mom","MakeBelieve-20",NA,NA,NA
"CO_06912","CO_57551",0.989,0.011,0,0.006,57543,"2811-06912","Schaaps","dad","Schaaps-54",NA,NA,NA,"2850-57551","Struthers","mom","Struthers-20",NA,NA,NA
"CO_06912","CO_57614",0.979,0.021,0,0.011,58459,"2811-06912","Schaaps","dad","Schaaps-54",NA,NA,NA,"2850-57614","Blue Cloud","dad","BlueCloud-14",NA,NA,NA
"CO_06912","CO_57518",0.98,0.011,0.009,0.014,56370,"2811-06912","Schaaps","dad","Schaaps-54",NA,NA,NA,"2850-57518","Make Believe","dad","MakeBelieve-69",NA,NA,NA
"CO_06912","CO_97548",0.984,0.012,0.004,0.01,61811,"2811-06912","Schaaps","dad","Schaaps-54",NA,NA,NA,"2640-97548","Blue Cloud","dad","BlueCloud-18",NA,NA,NA
"CO_06912","CO_57550",0.975,0.022,0.003,0.014,56448,"2811-06912","Schaaps","dad","Schaaps-54",NA,NA,NA,"2850-57550","Cathys","mom","Cathys-03",NA,NA,NA
"CO_06912","CO_57609",0.986,0.013,0.001,0.007,54794,"2811-06912","Schaaps","dad","Schaaps-54",NA,NA,NA,"2850-57609","Cooks","mom","Cooks-24",NA,NA,NA
"CO_06912","CO_57633",0.969,0.024,0.007,0.019,58885,"2811-06912","Schaaps","dad","Schaaps-54",NA,NA,NA,"2850-57633","Cooks","dad","Cooks-31",NA,NA,NA
"CO_06912","CO_57557",0.986,0.014,0,0.007,56639,"2811-06912","Schaaps","dad","Schaaps-54",NA,NA,NA,"2850-57557","Cooks","dad","Cooks-24",NA,NA,NA
"CO_06912","CO_21085",0.98,0.02,0,0.01,55665,"2811-06912","Schaaps","dad","Schaaps-54",NA,NA,NA,"2350-21085","Make Believe","dad","MakeBelieve-20",NA,NA,NA
"CO_06912","CO_57607",0.989,0.002,0.009,0.01,62301,"2811-06912","Schaaps","dad","Schaaps-54",NA,NA,NA,"2850-57607","Schaaps","dad","Schaaps-108",NA,NA,NA
"CO_06912","CO_57620",0.978,0.021,0.001,0.011,57992,"2811-06912","Schaaps","dad","Schaaps-54",NA,NA,NA,"2850-57620","Jims","dad","Jims-01",NA,NA,NA
"CO_06912","CO_57636",0.977,0.023,0,0.012,56766,"2811-06912","Schaaps","dad","Schaaps-54",NA,NA,NA,"2850-57636","Blue Cloud","dad","none",NA,NA,NA
"CO_06912","CO_57701",0.988,0.009,0.002,0.007,53294,"2811-06912","Schaaps","dad","Schaaps-54",NA,NA,NA,"2850-57701","Schaaps","dad","Schaaps-110",NA,NA,NA
"CO_06912","CO_57552",0.992,0.008,0,0.004,61457,"2811-06912","Schaaps","dad","Schaaps-54",NA,NA,NA,"2850-57552","Struthers","dad","Struthers-20",NA,NA,NA
"CO_57505","CO_57538",0.991,0.009,0,0.005,56399,"2850-57505","Cooks","dad","Cooks-23",NA,NA,NA,"2850-57538","Schaaps","dad","Schaaps-80",NA,NA,NA
"CO_57505","CO_57549",0.986,0.012,0.003,0.009,63126,"2850-57505","Cooks","dad","Cooks-23",NA,NA,NA,"2850-57549","Cathys","dad","Cathys-03",NA,NA,NA
"CO_57505","CO_57553",0.993,0.007,0,0.004,60755,"2850-57505","Cooks","dad","Cooks-23",NA,NA,NA,"2850-57553","Schaaps","mom","Schaaps-108",NA,NA,NA
"CO_57505","CO_57556",0.993,0.007,0,0.004,66504,"2850-57505","Cooks","dad","Cooks-23",NA,NA,NA,"2850-57556","Schaaps","mom","Schaaps-80",NA,NA,NA
"CO_57505","CO_57565",0.992,0.007,0.001,0.004,64843,"2850-57505","Cooks","dad","Cooks-23",NA,NA,NA,"2850-57565","Blue Cloud","dad","BlueCloud-19",NA,NA,NA
"CO_57505","CO_57555",0.985,0.014,0.002,0.009,63789,"2850-57505","Cooks","dad","Cooks-23",NA,NA,NA,"2850-57555","Reinarz","mom","Reinarz-01",NA,NA,NA
"CO_57505","CO_57608",0.994,0.006,0,0.003,66535,"2850-57505","Cooks","dad","Cooks-23",NA,NA,NA,"2850-57608","Urban Farm Girlz","mom","UrbanFarm-02",NA,NA,NA
"CO_57505","CO_57612",0.991,0.008,0.001,0.005,66235,"2850-57505","Cooks","dad","Cooks-23",NA,NA,NA,"2850-57612","Blue Cloud","mom","BlueCloud-09",NA,NA,NA
"CO_57505","CO_57619",0.991,0.007,0.002,0.006,65031,"2850-57505","Cooks","dad","Cooks-23",NA,NA,NA,"2850-57619","Reinarz","dad","Reinarz-01",NA,NA,NA
"CO_57505","CO_57558",0.988,0.011,0.001,0.006,64079,"2850-57505","Cooks","dad","Cooks-23",NA,NA,NA,"2850-57558","Cooks","mom","Cooks-31",NA,NA,NA
"CO_57505","CO_57610",0.983,0.016,0.001,0.009,48003,"2850-57505","Cooks","dad","Cooks-23",NA,NA,NA,"2850-57610","Blue Cloud","mom","BlueCloud-14",NA,NA,NA
"CO_57505","CO_57624",0.99,0.01,0,0.005,62879,"2850-57505","Cooks","dad","Cooks-23",NA,NA,NA,"2850-57624","Urban Farm Girlz","dad","UrbanFarm-04",NA,NA,NA
"CO_57505","CO_57602",0.992,0.007,0,0.004,65451,"2850-57505","Cooks","dad","Cooks-23",NA,NA,NA,"2850-57602","Cooks","dad","Cooks-18",NA,NA,NA
"CO_57505","CO_57599",0.985,0.013,0.002,0.008,60995,"2850-57505","Cooks","dad","Cooks-23",NA,NA,NA,"2850-57599","Cathys","dad","Cathys-02",NA,NA,NA
"CO_57505","CO_57603",0.989,0.011,0,0.006,60086,"2850-57505","Cooks","dad","Cooks-23",NA,NA,NA,"2850-57603","Schaaps","mom","Schaaps-54",NA,NA,NA
"CO_57505","CO_57836",0.995,0.004,0.001,0.003,65057,"2850-57505","Cooks","dad","Cooks-23",NA,NA,NA,"2850-57836","Make Believe","dad","MakeBelieve-26",NA,NA,NA
"CO_57505","CO_57615",0.992,0.007,0,0.004,60025,"2850-57505","Cooks","dad","Cooks-23",NA,NA,NA,"2850-57615","Urban Farm Girlz","dad","UrbanFarm-02",NA,NA,NA
"CO_57505","CO_57625",0.986,0.013,0.001,0.007,61378,"2850-57505","Cooks","dad","Cooks-23",NA,NA,NA,"2850-57625","Alishas","dad","none",NA,NA,NA
"CO_57505","CO_57628",0.99,0.01,0,0.005,61615,"2850-57505","Cooks","dad","Cooks-23",NA,NA,NA,"2850-57628","Alishas","dad","none",NA,NA,NA
"CO_57505","CO_57630",0.988,0.012,0,0.006,58997,"2850-57505","Cooks","dad","Cooks-23",NA,NA,NA,"2850-57630","Alishas","dad","none",NA,NA,NA
"CO_57505","CO_57631",0.982,0.016,0.001,0.009,57302,"2850-57505","Cooks","dad","Cooks-23",NA,NA,NA,"2850-57631","Alishas","dad","none",NA,NA,NA
"CO_57505","CO_57901",0.985,0.014,0.001,0.008,55910,"2850-57505","Cooks","dad","Cooks-23",NA,NA,NA,"2850-57901","Blue Cloud","dad","BlueCloud-09",NA,NA,NA
"CO_57505","CO_57853",0.987,0.013,0,0.007,55465,"2850-57505","Cooks","dad","Cooks-23",NA,NA,NA,"2850-57853","Cooks","mom","Cooks-27",NA,NA,NA
"CO_57505","CO_57912",0.987,0.013,0,0.007,61873,"2850-57505","Cooks","dad","Cooks-23",NA,NA,NA,"2850-57912","Cooks","dad","Cooks-27",NA,NA,NA
"CO_57505","CO_57915",0.989,0.01,0.001,0.006,54979,"2850-57505","Cooks","dad","Cooks-23",NA,NA,NA,"2850-57915","Alishas","dad","none",NA,NA,NA
"CO_57505","CO_57916",0.986,0.012,0.002,0.008,57010,"2850-57505","Cooks","dad","Cooks-23",NA,NA,NA,"2850-57916","Alishas","dad","none",NA,NA,NA
"CO_57505","CO_82916",0.982,0.007,0.011,0.014,56791,"2850-57505","Cooks","dad","Cooks-23",NA,NA,NA,"2811-82916","Make Believe","dad","MakeBelieve-61",NA,NA,NA
"CO_57505","CO_63488",0.989,0.01,0.002,0.006,64883,"2850-57505","Cooks","dad","Cooks-23",NA,NA,NA,"2510-63488","Make Believe","dad","MakeBelieve-17",NA,NA,NA
"CO_57505","CO_57917",0.982,0.017,0.001,0.01,54171,"2850-57505","Cooks","dad","Cooks-23",NA,NA,NA,"2850-57917","Alishas","dad","none",NA,NA,NA
"CO_57505","CO_97347",0.992,0.007,0,0.004,64520,"2850-57505","Cooks","dad","Cooks-23",NA,NA,NA,"2640-97347","Make Believe","mom","MakeBelieve-26",NA,NA,NA
"CO_57505","CO_97596",0.986,0.012,0.002,0.008,60798,"2850-57505","Cooks","dad","Cooks-23",NA,NA,NA,"2640-97596","Make Believe","mom","MakeBelieve-20",NA,NA,NA
"CO_57505","CO_97370",0.993,0.007,0,0.003,68042,"2850-57505","Cooks","dad","Cooks-23",NA,NA,NA,"2640-97370","Cooks","mom","Cooks-23",NA,NA,NA
"CO_57505","CO_97385",0.991,0.009,0,0.005,62318,"2850-57505","Cooks","dad","Cooks-23",NA,NA,NA,"2640-97385","Make Believe","mom","MakeBelieve-69",NA,NA,NA
"CO_57505","CO_57551",0.993,0.003,0.004,0.006,61876,"2850-57505","Cooks","dad","Cooks-23",NA,NA,NA,"2850-57551","Struthers","mom","Struthers-20",NA,NA,NA
"CO_57505","CO_57550",0.992,0.007,0,0.004,60556,"2850-57505","Cooks","dad","Cooks-23",NA,NA,NA,"2850-57550","Cathys","mom","Cathys-03",NA,NA,NA
"CO_57505","CO_57614",0.992,0.008,0,0.004,62739,"2850-57505","Cooks","dad","Cooks-23",NA,NA,NA,"2850-57614","Blue Cloud","dad","BlueCloud-14",NA,NA,NA
"CO_57505","CO_57620",0.987,0.009,0.003,0.008,62423,"2850-57505","Cooks","dad","Cooks-23",NA,NA,NA,"2850-57620","Jims","dad","Jims-01",NA,NA,NA
"CO_57505","CO_57633",0.988,0.011,0.001,0.006,63229,"2850-57505","Cooks","dad","Cooks-23",NA,NA,NA,"2850-57633","Cooks","dad","Cooks-31",NA,NA,NA
"CO_57505","CO_21085",0.989,0.009,0.002,0.007,59817,"2850-57505","Cooks","dad","Cooks-23",NA,NA,NA,"2350-21085","Make Believe","dad","MakeBelieve-20",NA,NA,NA
"CO_57505","CO_57609",0.991,0.009,0,0.005,58798,"2850-57505","Cooks","dad","Cooks-23",NA,NA,NA,"2850-57609","Cooks","mom","Cooks-24",NA,NA,NA
"CO_57505","CO_57607",0.991,0.009,0,0.005,66909,"2850-57505","Cooks","dad","Cooks-23",NA,NA,NA,"2850-57607","Schaaps","dad","Schaaps-108",NA,NA,NA
"CO_57505","CO_57557",0.992,0.006,0.001,0.004,60933,"2850-57505","Cooks","dad","Cooks-23",NA,NA,NA,"2850-57557","Cooks","dad","Cooks-24",NA,NA,NA
"CO_57505","CO_97548",0.992,0.007,0,0.004,66420,"2850-57505","Cooks","dad","Cooks-23",NA,NA,NA,"2640-97548","Blue Cloud","dad","BlueCloud-18",NA,NA,NA
"CO_57538","CO_57549",0.984,0.005,0.011,0.014,54019,"2850-57538","Schaaps","dad","Schaaps-80",NA,NA,NA,"2850-57549","Cathys","dad","Cathys-03",NA,NA,NA
"CO_57505","CO_57636",0.984,0.007,0.009,0.013,60978,"2850-57505","Cooks","dad","Cooks-23",NA,NA,NA,"2850-57636","Blue Cloud","dad","none",NA,NA,NA
"CO_57505","CO_57552",0.992,0.006,0.001,0.004,65980,"2850-57505","Cooks","dad","Cooks-23",NA,NA,NA,"2850-57552","Struthers","dad","Struthers-20",NA,NA,NA
"CO_57538","CO_57555",0.988,0.003,0.01,0.011,54579,"2850-57538","Schaaps","dad","Schaaps-80",NA,NA,NA,"2850-57555","Reinarz","mom","Reinarz-01",NA,NA,NA
"CO_57505","CO_57518",0.991,0.009,0,0.004,60523,"2850-57505","Cooks","dad","Cooks-23",NA,NA,NA,"2850-57518","Make Believe","dad","MakeBelieve-69",NA,NA,NA
"CO_57538","CO_57556",0.989,0.006,0.004,0.008,56977,"2850-57538","Schaaps","dad","Schaaps-80",NA,NA,NA,"2850-57556","Schaaps","mom","Schaaps-80",NA,NA,NA
"CO_57505","CO_57701",0.993,0.007,0,0.003,57232,"2850-57505","Cooks","dad","Cooks-23",NA,NA,NA,"2850-57701","Schaaps","dad","Schaaps-110",NA,NA,NA
"CO_57538","CO_57565",0.975,0.015,0.01,0.018,55450,"2850-57538","Schaaps","dad","Schaaps-80",NA,NA,NA,"2850-57565","Blue Cloud","dad","BlueCloud-19",NA,NA,NA
"CO_57538","CO_57553",0.988,0.011,0.001,0.006,51976,"2850-57538","Schaaps","dad","Schaaps-80",NA,NA,NA,"2850-57553","Schaaps","mom","Schaaps-108",NA,NA,NA
"CO_57538","CO_57602",0.985,0.009,0.005,0.01,55976,"2850-57538","Schaaps","dad","Schaaps-80",NA,NA,NA,"2850-57602","Cooks","dad","Cooks-18",NA,NA,NA
"CO_57538","CO_57558",0.982,0.016,0.002,0.01,54725,"2850-57538","Schaaps","dad","Schaaps-80",NA,NA,NA,"2850-57558","Cooks","mom","Cooks-31",NA,NA,NA
"CO_57538","CO_57599",0.98,0.015,0.005,0.013,52159,"2850-57538","Schaaps","dad","Schaaps-80",NA,NA,NA,"2850-57599","Cathys","dad","Cathys-02",NA,NA,NA
"CO_57538","CO_57603",0.985,0.014,0,0.008,51383,"2850-57538","Schaaps","dad","Schaaps-80",NA,NA,NA,"2850-57603","Schaaps","mom","Schaaps-54",NA,NA,NA
"CO_57538","CO_57608",0.991,0.009,0,0.005,56947,"2850-57538","Schaaps","dad","Schaaps-80",NA,NA,NA,"2850-57608","Urban Farm Girlz","mom","UrbanFarm-02",NA,NA,NA
"CO_57538","CO_57612",0.985,0.013,0.002,0.008,56667,"2850-57538","Schaaps","dad","Schaaps-80",NA,NA,NA,"2850-57612","Blue Cloud","mom","BlueCloud-09",NA,NA,NA
"CO_57538","CO_57619",0.977,0.02,0.003,0.013,55710,"2850-57538","Schaaps","dad","Schaaps-80",NA,NA,NA,"2850-57619","Reinarz","dad","Reinarz-01",NA,NA,NA
"CO_57538","CO_57625",0.973,0.018,0.009,0.018,52577,"2850-57538","Schaaps","dad","Schaaps-80",NA,NA,NA,"2850-57625","Alishas","dad","none",NA,NA,NA
"CO_57538","CO_57610",0.988,0.01,0.001,0.007,41030,"2850-57538","Schaaps","dad","Schaaps-80",NA,NA,NA,"2850-57610","Blue Cloud","mom","BlueCloud-14",NA,NA,NA
"CO_57538","CO_57615",0.986,0.013,0.002,0.008,51413,"2850-57538","Schaaps","dad","Schaaps-80",NA,NA,NA,"2850-57615","Urban Farm Girlz","dad","UrbanFarm-02",NA,NA,NA
"CO_57538","CO_57631",0.977,0.011,0.012,0.017,49029,"2850-57538","Schaaps","dad","Schaaps-80",NA,NA,NA,"2850-57631","Alishas","dad","none",NA,NA,NA
"CO_57538","CO_57624",0.965,0.028,0.007,0.021,53832,"2850-57538","Schaaps","dad","Schaaps-80",NA,NA,NA,"2850-57624","Urban Farm Girlz","dad","UrbanFarm-04",NA,NA,NA
"CO_57538","CO_57628",0.984,0.016,0,0.008,52754,"2850-57538","Schaaps","dad","Schaaps-80",NA,NA,NA,"2850-57628","Alishas","dad","none",NA,NA,NA
"CO_57538","CO_57912",0.978,0.011,0.011,0.017,52895,"2850-57538","Schaaps","dad","Schaaps-80",NA,NA,NA,"2850-57912","Cooks","dad","Cooks-27",NA,NA,NA
"CO_57538","CO_57630",0.976,0.019,0.004,0.014,50475,"2850-57538","Schaaps","dad","Schaaps-80",NA,NA,NA,"2850-57630","Alishas","dad","none",NA,NA,NA
"CO_57538","CO_57853",0.982,0.017,0.001,0.01,47502,"2850-57538","Schaaps","dad","Schaaps-80",NA,NA,NA,"2850-57853","Cooks","mom","Cooks-27",NA,NA,NA
"CO_57538","CO_57836",0.989,0.01,0.001,0.006,55712,"2850-57538","Schaaps","dad","Schaaps-80",NA,NA,NA,"2850-57836","Make Believe","dad","MakeBelieve-26",NA,NA,NA
"CO_57538","CO_57901",0.99,0.009,0.001,0.006,47806,"2850-57538","Schaaps","dad","Schaaps-80",NA,NA,NA,"2850-57901","Blue Cloud","dad","BlueCloud-09",NA,NA,NA
"CO_57538","CO_57916",0.976,0.021,0.003,0.013,48795,"2850-57538","Schaaps","dad","Schaaps-80",NA,NA,NA,"2850-57916","Alishas","dad","none",NA,NA,NA
"CO_57538","CO_57915",0.982,0.018,0.001,0.01,47067,"2850-57538","Schaaps","dad","Schaaps-80",NA,NA,NA,"2850-57915","Alishas","dad","none",NA,NA,NA
"CO_57538","CO_63488",0.992,0.007,0,0.004,55368,"2850-57538","Schaaps","dad","Schaaps-80",NA,NA,NA,"2510-63488","Make Believe","dad","MakeBelieve-17",NA,NA,NA
"CO_57538","CO_57917",0.987,0.013,0,0.006,46265,"2850-57538","Schaaps","dad","Schaaps-80",NA,NA,NA,"2850-57917","Alishas","dad","none",NA,NA,NA
"CO_57538","CO_82916",0.97,0.025,0.005,0.018,48614,"2850-57538","Schaaps","dad","Schaaps-80",NA,NA,NA,"2811-82916","Make Believe","dad","MakeBelieve-61",NA,NA,NA
"CO_57538","CO_97370",0.991,0.007,0.002,0.006,58198,"2850-57538","Schaaps","dad","Schaaps-80",NA,NA,NA,"2640-97370","Cooks","mom","Cooks-23",NA,NA,NA
"CO_57538","CO_97347",0.989,0.011,0,0.006,55207,"2850-57538","Schaaps","dad","Schaaps-80",NA,NA,NA,"2640-97347","Make Believe","mom","MakeBelieve-26",NA,NA,NA
"CO_57538","CO_97596",0.987,0.008,0.005,0.009,51897,"2850-57538","Schaaps","dad","Schaaps-80",NA,NA,NA,"2640-97596","Make Believe","mom","MakeBelieve-20",NA,NA,NA
"CO_57538","CO_97385",0.987,0.012,0.001,0.007,53285,"2850-57538","Schaaps","dad","Schaaps-80",NA,NA,NA,"2640-97385","Make Believe","mom","MakeBelieve-69",NA,NA,NA
"CO_57538","CO_57551",0.994,0.004,0.003,0.005,52868,"2850-57538","Schaaps","dad","Schaaps-80",NA,NA,NA,"2850-57551","Struthers","mom","Struthers-20",NA,NA,NA
"CO_57538","CO_57557",0.993,0.001,0.006,0.007,52191,"2850-57538","Schaaps","dad","Schaaps-80",NA,NA,NA,"2850-57557","Cooks","dad","Cooks-24",NA,NA,NA
"CO_57538","CO_57550",0.974,0.02,0.006,0.016,51972,"2850-57538","Schaaps","dad","Schaaps-80",NA,NA,NA,"2850-57550","Cathys","mom","Cathys-03",NA,NA,NA
"CO_57538","CO_97548",0.987,0.009,0.004,0.009,56803,"2850-57538","Schaaps","dad","Schaaps-80",NA,NA,NA,"2640-97548","Blue Cloud","dad","BlueCloud-18",NA,NA,NA
"CO_57538","CO_57614",0.989,0.011,0,0.005,53769,"2850-57538","Schaaps","dad","Schaaps-80",NA,NA,NA,"2850-57614","Blue Cloud","dad","BlueCloud-14",NA,NA,NA
"CO_57538","CO_57609",0.976,0.021,0.002,0.013,50397,"2850-57538","Schaaps","dad","Schaaps-80",NA,NA,NA,"2850-57609","Cooks","mom","Cooks-24",NA,NA,NA
"CO_57538","CO_57518",0.989,0.009,0.002,0.006,51812,"2850-57538","Schaaps","dad","Schaaps-80",NA,NA,NA,"2850-57518","Make Believe","dad","MakeBelieve-69",NA,NA,NA
"CO_57538","CO_57552",0.991,0.006,0.004,0.007,56540,"2850-57538","Schaaps","dad","Schaaps-80",NA,NA,NA,"2850-57552","Struthers","dad","Struthers-20",NA,NA,NA
"CO_57549","CO_57556",0.991,0.005,0.005,0.007,63627,"2850-57549","Cathys","dad","Cathys-03",NA,NA,NA,"2850-57556","Schaaps","mom","Schaaps-80",NA,NA,NA
"CO_57538","CO_57607",0.981,0.019,0.001,0.01,57246,"2850-57538","Schaaps","dad","Schaaps-80",NA,NA,NA,"2850-57607","Schaaps","dad","Schaaps-108",NA,NA,NA
"CO_57549","CO_57553",0.989,0.011,0,0.006,58117,"2850-57549","Cathys","dad","Cathys-03",NA,NA,NA,"2850-57553","Schaaps","mom","Schaaps-108",NA,NA,NA
"CO_57538","CO_57633",0.98,0.019,0,0.01,54103,"2850-57538","Schaaps","dad","Schaaps-80",NA,NA,NA,"2850-57633","Cooks","dad","Cooks-31",NA,NA,NA
"CO_57538","CO_57636",0.988,0.011,0.001,0.007,52262,"2850-57538","Schaaps","dad","Schaaps-80",NA,NA,NA,"2850-57636","Blue Cloud","dad","none",NA,NA,NA
"CO_57538","CO_21085",0.984,0.015,0.001,0.008,51228,"2850-57538","Schaaps","dad","Schaaps-80",NA,NA,NA,"2350-21085","Make Believe","dad","MakeBelieve-20",NA,NA,NA
"CO_57538","CO_57620",0.972,0.026,0.002,0.015,53399,"2850-57538","Schaaps","dad","Schaaps-80",NA,NA,NA,"2850-57620","Jims","dad","Jims-01",NA,NA,NA
"CO_57538","CO_57701",0.993,0.007,0,0.004,49053,"2850-57538","Schaaps","dad","Schaaps-80",NA,NA,NA,"2850-57701","Schaaps","dad","Schaaps-110",NA,NA,NA
"CO_57549","CO_57558",0.988,0.012,0,0.006,61298,"2850-57549","Cathys","dad","Cathys-03",NA,NA,NA,"2850-57558","Cooks","mom","Cooks-31",NA,NA,NA
"CO_57549","CO_57555",0.982,0.015,0.003,0.011,61039,"2850-57549","Cathys","dad","Cathys-03",NA,NA,NA,"2850-57555","Reinarz","mom","Reinarz-01",NA,NA,NA
"CO_57549","CO_57565",0.985,0.014,0.002,0.008,62123,"2850-57549","Cathys","dad","Cathys-03",NA,NA,NA,"2850-57565","Blue Cloud","dad","BlueCloud-19",NA,NA,NA
"CO_57549","CO_57602",0.985,0.011,0.004,0.009,62604,"2850-57549","Cathys","dad","Cathys-03",NA,NA,NA,"2850-57602","Cooks","dad","Cooks-18",NA,NA,NA
"CO_57549","CO_57608",0.991,0.008,0.001,0.005,63608,"2850-57549","Cathys","dad","Cathys-03",NA,NA,NA,"2850-57608","Urban Farm Girlz","mom","UrbanFarm-02",NA,NA,NA
"CO_57549","CO_57603",0.989,0.011,0,0.006,57487,"2850-57549","Cathys","dad","Cathys-03",NA,NA,NA,"2850-57603","Schaaps","mom","Schaaps-54",NA,NA,NA
"CO_57549","CO_57599",0.985,0.013,0.002,0.009,58327,"2850-57549","Cathys","dad","Cathys-03",NA,NA,NA,"2850-57599","Cathys","dad","Cathys-02",NA,NA,NA
"CO_57549","CO_57612",0.989,0.01,0.001,0.006,63350,"2850-57549","Cathys","dad","Cathys-03",NA,NA,NA,"2850-57612","Blue Cloud","mom","BlueCloud-09",NA,NA,NA
"CO_57549","CO_57610",0.979,0.017,0.004,0.012,46041,"2850-57549","Cathys","dad","Cathys-03",NA,NA,NA,"2850-57610","Blue Cloud","mom","BlueCloud-14",NA,NA,NA
"CO_57549","CO_57615",0.991,0.008,0,0.005,57520,"2850-57549","Cathys","dad","Cathys-03",NA,NA,NA,"2850-57615","Urban Farm Girlz","dad","UrbanFarm-02",NA,NA,NA
"CO_57549","CO_57624",0.982,0.017,0.002,0.01,60261,"2850-57549","Cathys","dad","Cathys-03",NA,NA,NA,"2850-57624","Urban Farm Girlz","dad","UrbanFarm-04",NA,NA,NA
"CO_57549","CO_57619",0.987,0.012,0.001,0.007,62214,"2850-57549","Cathys","dad","Cathys-03",NA,NA,NA,"2850-57619","Reinarz","dad","Reinarz-01",NA,NA,NA
"CO_57549","CO_57625",0.985,0.012,0.002,0.008,58725,"2850-57549","Cathys","dad","Cathys-03",NA,NA,NA,"2850-57625","Alishas","dad","none",NA,NA,NA
"CO_57549","CO_57853",0.985,0.011,0.004,0.009,53177,"2850-57549","Cathys","dad","Cathys-03",NA,NA,NA,"2850-57853","Cooks","mom","Cooks-27",NA,NA,NA
"CO_57549","CO_57631",0.975,0.022,0.003,0.014,54913,"2850-57549","Cathys","dad","Cathys-03",NA,NA,NA,"2850-57631","Alishas","dad","none",NA,NA,NA
"CO_57549","CO_57836",0.99,0.01,0,0.005,62379,"2850-57549","Cathys","dad","Cathys-03",NA,NA,NA,"2850-57836","Make Believe","dad","MakeBelieve-26",NA,NA,NA
"CO_57549","CO_57628",0.978,0.021,0.002,0.012,58875,"2850-57549","Cathys","dad","Cathys-03",NA,NA,NA,"2850-57628","Alishas","dad","none",NA,NA,NA
"CO_57549","CO_57630",0.991,0.009,0,0.005,56345,"2850-57549","Cathys","dad","Cathys-03",NA,NA,NA,"2850-57630","Alishas","dad","none",NA,NA,NA
"CO_57549","CO_57901",0.987,0.01,0.003,0.008,53508,"2850-57549","Cathys","dad","Cathys-03",NA,NA,NA,"2850-57901","Blue Cloud","dad","BlueCloud-09",NA,NA,NA
"CO_57549","CO_57912",0.982,0.015,0.003,0.01,59155,"2850-57549","Cathys","dad","Cathys-03",NA,NA,NA,"2850-57912","Cooks","dad","Cooks-27",NA,NA,NA
"CO_57549","CO_82916",0.988,0.012,0,0.006,54315,"2850-57549","Cathys","dad","Cathys-03",NA,NA,NA,"2811-82916","Make Believe","dad","MakeBelieve-61",NA,NA,NA
"CO_57549","CO_57915",0.985,0.014,0,0.008,52633,"2850-57549","Cathys","dad","Cathys-03",NA,NA,NA,"2850-57915","Alishas","dad","none",NA,NA,NA
"CO_57549","CO_57916",0.974,0.023,0.002,0.014,54603,"2850-57549","Cathys","dad","Cathys-03",NA,NA,NA,"2850-57916","Alishas","dad","none",NA,NA,NA
"CO_57549","CO_63488",0.991,0.009,0,0.004,62063,"2850-57549","Cathys","dad","Cathys-03",NA,NA,NA,"2510-63488","Make Believe","dad","MakeBelieve-17",NA,NA,NA
"CO_57549","CO_57917",0.978,0.022,0,0.011,51791,"2850-57549","Cathys","dad","Cathys-03",NA,NA,NA,"2850-57917","Alishas","dad","none",NA,NA,NA
"CO_57549","CO_97347",0.989,0.011,0,0.005,61832,"2850-57549","Cathys","dad","Cathys-03",NA,NA,NA,"2640-97347","Make Believe","mom","MakeBelieve-26",NA,NA,NA
"CO_57549","CO_97385",0.991,0.009,0,0.004,59676,"2850-57549","Cathys","dad","Cathys-03",NA,NA,NA,"2640-97385","Make Believe","mom","MakeBelieve-69",NA,NA,NA
"CO_57549","CO_97370",0.993,0.007,0,0.004,65148,"2850-57549","Cathys","dad","Cathys-03",NA,NA,NA,"2640-97370","Cooks","mom","Cooks-23",NA,NA,NA
"CO_57549","CO_97596",0.987,0.01,0.003,0.008,58220,"2850-57549","Cathys","dad","Cathys-03",NA,NA,NA,"2640-97596","Make Believe","mom","MakeBelieve-20",NA,NA,NA
"CO_57549","CO_57557",0.988,0.005,0.008,0.01,58380,"2850-57549","Cathys","dad","Cathys-03",NA,NA,NA,"2850-57557","Cooks","dad","Cooks-24",NA,NA,NA
"CO_57549","CO_57609",0.982,0.01,0.009,0.013,56347,"2850-57549","Cathys","dad","Cathys-03",NA,NA,NA,"2850-57609","Cooks","mom","Cooks-24",NA,NA,NA
"CO_57549","CO_97548",0.992,0.008,0,0.004,63528,"2850-57549","Cathys","dad","Cathys-03",NA,NA,NA,"2640-97548","Blue Cloud","dad","BlueCloud-18",NA,NA,NA
"CO_57549","CO_57551",0.992,0.008,0,0.004,59163,"2850-57549","Cathys","dad","Cathys-03",NA,NA,NA,"2850-57551","Struthers","mom","Struthers-20",NA,NA,NA
"CO_57549","CO_57614",0.987,0.01,0.003,0.008,60111,"2850-57549","Cathys","dad","Cathys-03",NA,NA,NA,"2850-57614","Blue Cloud","dad","BlueCloud-14",NA,NA,NA
"CO_57549","CO_57550",0.975,0.022,0.003,0.014,57958,"2850-57549","Cathys","dad","Cathys-03",NA,NA,NA,"2850-57550","Cathys","mom","Cathys-03",NA,NA,NA
"CO_57549","CO_57633",0.973,0.023,0.004,0.016,60602,"2850-57549","Cathys","dad","Cathys-03",NA,NA,NA,"2850-57633","Cooks","dad","Cooks-31",NA,NA,NA
"CO_57549","CO_57518",0.992,0.001,0.006,0.007,57961,"2850-57549","Cathys","dad","Cathys-03",NA,NA,NA,"2850-57518","Make Believe","dad","MakeBelieve-69",NA,NA,NA
"CO_57549","CO_21085",0.987,0.011,0.002,0.007,57275,"2850-57549","Cathys","dad","Cathys-03",NA,NA,NA,"2350-21085","Make Believe","dad","MakeBelieve-20",NA,NA,NA
"CO_57549","CO_57701",0.991,0.007,0.002,0.006,54764,"2850-57549","Cathys","dad","Cathys-03",NA,NA,NA,"2850-57701","Schaaps","dad","Schaaps-110",NA,NA,NA
"CO_57549","CO_57620",0.974,0.021,0.005,0.015,59784,"2850-57549","Cathys","dad","Cathys-03",NA,NA,NA,"2850-57620","Jims","dad","Jims-01",NA,NA,NA
"CO_57549","CO_57607",0.99,0.01,0,0.005,64077,"2850-57549","Cathys","dad","Cathys-03",NA,NA,NA,"2850-57607","Schaaps","dad","Schaaps-108",NA,NA,NA
"CO_57549","CO_57552",0.992,0.008,0,0.004,63210,"2850-57549","Cathys","dad","Cathys-03",NA,NA,NA,"2850-57552","Struthers","dad","Struthers-20",NA,NA,NA
"CO_57549","CO_57636",0.971,0.024,0.005,0.017,58338,"2850-57549","Cathys","dad","Cathys-03",NA,NA,NA,"2850-57636","Blue Cloud","dad","none",NA,NA,NA
"CO_57553","CO_57556",0.993,0.006,0,0.004,61360,"2850-57553","Schaaps","mom","Schaaps-108",NA,NA,NA,"2850-57556","Schaaps","mom","Schaaps-80",NA,NA,NA
"CO_57553","CO_57555",0.987,0.012,0.001,0.007,58681,"2850-57553","Schaaps","mom","Schaaps-108",NA,NA,NA,"2850-57555","Reinarz","mom","Reinarz-01",NA,NA,NA
"CO_57553","CO_57608",0.993,0.005,0.002,0.004,61238,"2850-57553","Schaaps","mom","Schaaps-108",NA,NA,NA,"2850-57608","Urban Farm Girlz","mom","UrbanFarm-02",NA,NA,NA
"CO_57553","CO_57599",0.989,0.008,0.002,0.007,56159,"2850-57553","Schaaps","mom","Schaaps-108",NA,NA,NA,"2850-57599","Cathys","dad","Cathys-02",NA,NA,NA
"CO_57553","CO_57558",0.989,0.01,0.001,0.006,58928,"2850-57553","Schaaps","mom","Schaaps-108",NA,NA,NA,"2850-57558","Cooks","mom","Cooks-31",NA,NA,NA
"CO_57553","CO_57603",0.981,0.016,0.002,0.011,55382,"2850-57553","Schaaps","mom","Schaaps-108",NA,NA,NA,"2850-57603","Schaaps","mom","Schaaps-54",NA,NA,NA
"CO_57553","CO_57565",0.992,0.008,0,0.004,59758,"2850-57553","Schaaps","mom","Schaaps-108",NA,NA,NA,"2850-57565","Blue Cloud","dad","BlueCloud-19",NA,NA,NA
"CO_57553","CO_57602",0.993,0.007,0,0.004,60279,"2850-57553","Schaaps","mom","Schaaps-108",NA,NA,NA,"2850-57602","Cooks","dad","Cooks-18",NA,NA,NA
"CO_57553","CO_57619",0.985,0.011,0.003,0.009,59807,"2850-57553","Schaaps","mom","Schaaps-108",NA,NA,NA,"2850-57619","Reinarz","dad","Reinarz-01",NA,NA,NA
"CO_57553","CO_57615",0.985,0.005,0.009,0.012,55203,"2850-57553","Schaaps","mom","Schaaps-108",NA,NA,NA,"2850-57615","Urban Farm Girlz","dad","UrbanFarm-02",NA,NA,NA
"CO_57553","CO_57624",0.982,0.006,0.012,0.015,58021,"2850-57553","Schaaps","mom","Schaaps-108",NA,NA,NA,"2850-57624","Urban Farm Girlz","dad","UrbanFarm-04",NA,NA,NA
"CO_57553","CO_57836",0.991,0.007,0.002,0.005,60003,"2850-57553","Schaaps","mom","Schaaps-108",NA,NA,NA,"2850-57836","Make Believe","dad","MakeBelieve-26",NA,NA,NA
"CO_57553","CO_57628",0.978,0.02,0.002,0.012,56786,"2850-57553","Schaaps","mom","Schaaps-108",NA,NA,NA,"2850-57628","Alishas","dad","none",NA,NA,NA
"CO_57553","CO_57612",0.988,0.011,0,0.006,60936,"2850-57553","Schaaps","mom","Schaaps-108",NA,NA,NA,"2850-57612","Blue Cloud","mom","BlueCloud-09",NA,NA,NA
"CO_57553","CO_57630",0.981,0.017,0.001,0.01,54310,"2850-57553","Schaaps","mom","Schaaps-108",NA,NA,NA,"2850-57630","Alishas","dad","none",NA,NA,NA
"CO_57553","CO_57610",0.987,0.011,0.002,0.008,44210,"2850-57553","Schaaps","mom","Schaaps-108",NA,NA,NA,"2850-57610","Blue Cloud","mom","BlueCloud-14",NA,NA,NA
"CO_57553","CO_57901",0.987,0.007,0.006,0.01,51463,"2850-57553","Schaaps","mom","Schaaps-108",NA,NA,NA,"2850-57901","Blue Cloud","dad","BlueCloud-09",NA,NA,NA
"CO_57553","CO_57625",0.981,0.017,0.002,0.01,56503,"2850-57553","Schaaps","mom","Schaaps-108",NA,NA,NA,"2850-57625","Alishas","dad","none",NA,NA,NA
"CO_57553","CO_57631",0.99,0.01,0,0.005,52800,"2850-57553","Schaaps","mom","Schaaps-108",NA,NA,NA,"2850-57631","Alishas","dad","none",NA,NA,NA
"CO_57553","CO_57912",0.987,0.012,0.001,0.007,56939,"2850-57553","Schaaps","mom","Schaaps-108",NA,NA,NA,"2850-57912","Cooks","dad","Cooks-27",NA,NA,NA
"CO_57553","CO_57853",0.992,0.008,0,0.004,51204,"2850-57553","Schaaps","mom","Schaaps-108",NA,NA,NA,"2850-57853","Cooks","mom","Cooks-27",NA,NA,NA
"CO_57553","CO_63488",0.992,0.005,0.002,0.005,59646,"2850-57553","Schaaps","mom","Schaaps-108",NA,NA,NA,"2510-63488","Make Believe","dad","MakeBelieve-17",NA,NA,NA
"CO_57553","CO_57917",0.987,0.01,0.003,0.008,49759,"2850-57553","Schaaps","mom","Schaaps-108",NA,NA,NA,"2850-57917","Alishas","dad","none",NA,NA,NA
"CO_57553","CO_57916",0.978,0.019,0.003,0.012,52540,"2850-57553","Schaaps","mom","Schaaps-108",NA,NA,NA,"2850-57916","Alishas","dad","none",NA,NA,NA
"CO_57553","CO_82916",0.992,0.006,0.002,0.005,52373,"2850-57553","Schaaps","mom","Schaaps-108",NA,NA,NA,"2811-82916","Make Believe","dad","MakeBelieve-61",NA,NA,NA
"CO_57553","CO_57915",0.988,0.012,0.001,0.006,50632,"2850-57553","Schaaps","mom","Schaaps-108",NA,NA,NA,"2850-57915","Alishas","dad","none",NA,NA,NA
"CO_57553","CO_97347",0.992,0.007,0,0.004,59601,"2850-57553","Schaaps","mom","Schaaps-108",NA,NA,NA,"2640-97347","Make Believe","mom","MakeBelieve-26",NA,NA,NA
"CO_57553","CO_97370",0.991,0.008,0.001,0.005,62725,"2850-57553","Schaaps","mom","Schaaps-108",NA,NA,NA,"2640-97370","Cooks","mom","Cooks-23",NA,NA,NA
"CO_57553","CO_97596",0.992,0.008,0,0.004,55953,"2850-57553","Schaaps","mom","Schaaps-108",NA,NA,NA,"2640-97596","Make Believe","mom","MakeBelieve-20",NA,NA,NA
"CO_57553","CO_97385",0.988,0.011,0.001,0.006,57454,"2850-57553","Schaaps","mom","Schaaps-108",NA,NA,NA,"2640-97385","Make Believe","mom","MakeBelieve-69",NA,NA,NA
"CO_57553","CO_57550",0.993,0.006,0,0.003,55880,"2850-57553","Schaaps","mom","Schaaps-108",NA,NA,NA,"2850-57550","Cathys","mom","Cathys-03",NA,NA,NA
"CO_57553","CO_57551",0.994,0.006,0,0.003,56865,"2850-57553","Schaaps","mom","Schaaps-108",NA,NA,NA,"2850-57551","Struthers","mom","Struthers-20",NA,NA,NA
"CO_57553","CO_57614",0.99,0.009,0.001,0.005,57958,"2850-57553","Schaaps","mom","Schaaps-108",NA,NA,NA,"2850-57614","Blue Cloud","dad","BlueCloud-14",NA,NA,NA
"CO_57553","CO_97548",0.989,0.008,0.003,0.007,61120,"2850-57553","Schaaps","mom","Schaaps-108",NA,NA,NA,"2640-97548","Blue Cloud","dad","BlueCloud-18",NA,NA,NA
"CO_57553","CO_57609",0.993,0.005,0.001,0.004,54243,"2850-57553","Schaaps","mom","Schaaps-108",NA,NA,NA,"2850-57609","Cooks","mom","Cooks-24",NA,NA,NA
"CO_57553","CO_57633",0.992,0.008,0.001,0.004,58299,"2850-57553","Schaaps","mom","Schaaps-108",NA,NA,NA,"2850-57633","Cooks","dad","Cooks-31",NA,NA,NA
"CO_57553","CO_57620",0.991,0.008,0.001,0.005,57491,"2850-57553","Schaaps","mom","Schaaps-108",NA,NA,NA,"2850-57620","Jims","dad","Jims-01",NA,NA,NA
"CO_57553","CO_57636",0.986,0.011,0.003,0.008,56146,"2850-57553","Schaaps","mom","Schaaps-108",NA,NA,NA,"2850-57636","Blue Cloud","dad","none",NA,NA,NA
"CO_57553","CO_57607",0.989,0.011,0,0.006,61704,"2850-57553","Schaaps","mom","Schaaps-108",NA,NA,NA,"2850-57607","Schaaps","dad","Schaaps-108",NA,NA,NA
"CO_57553","CO_57557",0.992,0.008,0,0.004,56129,"2850-57553","Schaaps","mom","Schaaps-108",NA,NA,NA,"2850-57557","Cooks","dad","Cooks-24",NA,NA,NA
"CO_57555","CO_57556",0.99,0.009,0.001,0.006,64396,"2850-57555","Reinarz","mom","Reinarz-01",NA,NA,NA,"2850-57556","Schaaps","mom","Schaaps-80",NA,NA,NA
"CO_57553","CO_57552",0.991,0.007,0.001,0.005,60789,"2850-57553","Schaaps","mom","Schaaps-108",NA,NA,NA,"2850-57552","Struthers","dad","Struthers-20",NA,NA,NA
"CO_57553","CO_21085",0.989,0.01,0.001,0.006,55093,"2850-57553","Schaaps","mom","Schaaps-108",NA,NA,NA,"2350-21085","Make Believe","dad","MakeBelieve-20",NA,NA,NA
"CO_57553","CO_57518",0.993,0.007,0,0.003,55688,"2850-57553","Schaaps","mom","Schaaps-108",NA,NA,NA,"2850-57518","Make Believe","dad","MakeBelieve-69",NA,NA,NA
"CO_57553","CO_57701",0.991,0.008,0.002,0.005,52736,"2850-57553","Schaaps","mom","Schaaps-108",NA,NA,NA,"2850-57701","Schaaps","dad","Schaaps-110",NA,NA,NA
"CO_57555","CO_57558",0.98,0.017,0.003,0.011,61971,"2850-57555","Reinarz","mom","Reinarz-01",NA,NA,NA,"2850-57558","Cooks","mom","Cooks-31",NA,NA,NA
"CO_57555","CO_57565",0.983,0.012,0.005,0.011,62756,"2850-57555","Reinarz","mom","Reinarz-01",NA,NA,NA,"2850-57565","Blue Cloud","dad","BlueCloud-19",NA,NA,NA
"CO_57555","CO_57602",0.988,0.012,0.001,0.007,63275,"2850-57555","Reinarz","mom","Reinarz-01",NA,NA,NA,"2850-57602","Cooks","dad","Cooks-18",NA,NA,NA
"CO_57555","CO_57603",0.986,0.007,0.006,0.01,58107,"2850-57555","Reinarz","mom","Reinarz-01",NA,NA,NA,"2850-57603","Schaaps","mom","Schaaps-54",NA,NA,NA
"CO_57555","CO_57599",0.983,0.016,0.001,0.009,58960,"2850-57555","Reinarz","mom","Reinarz-01",NA,NA,NA,"2850-57599","Cathys","dad","Cathys-02",NA,NA,NA
"CO_57555","CO_57610",0.985,0.004,0.011,0.013,46447,"2850-57555","Reinarz","mom","Reinarz-01",NA,NA,NA,"2850-57610","Blue Cloud","mom","BlueCloud-14",NA,NA,NA
"CO_57555","CO_57612",0.993,0.006,0.001,0.004,64004,"2850-57555","Reinarz","mom","Reinarz-01",NA,NA,NA,"2850-57612","Blue Cloud","mom","BlueCloud-09",NA,NA,NA
"CO_57555","CO_57630",0.975,0.02,0.005,0.015,57108,"2850-57555","Reinarz","mom","Reinarz-01",NA,NA,NA,"2850-57630","Alishas","dad","none",NA,NA,NA
"CO_57555","CO_57619",0.985,0.011,0.003,0.009,62895,"2850-57555","Reinarz","mom","Reinarz-01",NA,NA,NA,"2850-57619","Reinarz","dad","Reinarz-01",NA,NA,NA
"CO_57555","CO_57608",0.987,0.013,0,0.006,64276,"2850-57555","Reinarz","mom","Reinarz-01",NA,NA,NA,"2850-57608","Urban Farm Girlz","mom","UrbanFarm-02",NA,NA,NA
"CO_57555","CO_57631",0.982,0.011,0.007,0.013,55462,"2850-57555","Reinarz","mom","Reinarz-01",NA,NA,NA,"2850-57631","Alishas","dad","none",NA,NA,NA
"CO_57555","CO_57624",0.982,0.015,0.003,0.01,60721,"2850-57555","Reinarz","mom","Reinarz-01",NA,NA,NA,"2850-57624","Urban Farm Girlz","dad","UrbanFarm-04",NA,NA,NA
"CO_57555","CO_57615",0.988,0.01,0.002,0.007,58089,"2850-57555","Reinarz","mom","Reinarz-01",NA,NA,NA,"2850-57615","Urban Farm Girlz","dad","UrbanFarm-02",NA,NA,NA
"CO_57555","CO_57628",0.979,0.015,0.007,0.014,59599,"2850-57555","Reinarz","mom","Reinarz-01",NA,NA,NA,"2850-57628","Alishas","dad","none",NA,NA,NA
"CO_57555","CO_57836",0.99,0.009,0.001,0.006,62991,"2850-57555","Reinarz","mom","Reinarz-01",NA,NA,NA,"2850-57836","Make Believe","dad","MakeBelieve-26",NA,NA,NA
"CO_57555","CO_57853",0.988,0.012,0,0.006,53666,"2850-57555","Reinarz","mom","Reinarz-01",NA,NA,NA,"2850-57853","Cooks","mom","Cooks-27",NA,NA,NA
"CO_57555","CO_57625",0.986,0.014,0,0.007,59415,"2850-57555","Reinarz","mom","Reinarz-01",NA,NA,NA,"2850-57625","Alishas","dad","none",NA,NA,NA
"CO_57555","CO_57901",0.984,0.015,0.002,0.009,54122,"2850-57555","Reinarz","mom","Reinarz-01",NA,NA,NA,"2850-57901","Blue Cloud","dad","BlueCloud-09",NA,NA,NA
"CO_57555","CO_57916",0.987,0.008,0.005,0.009,55179,"2850-57555","Reinarz","mom","Reinarz-01",NA,NA,NA,"2850-57916","Alishas","dad","none",NA,NA,NA
"CO_57555","CO_57915",0.975,0.024,0.002,0.013,53132,"2850-57555","Reinarz","mom","Reinarz-01",NA,NA,NA,"2850-57915","Alishas","dad","none",NA,NA,NA
"CO_57555","CO_57912",0.979,0.018,0.003,0.012,59880,"2850-57555","Reinarz","mom","Reinarz-01",NA,NA,NA,"2850-57912","Cooks","dad","Cooks-27",NA,NA,NA
"CO_57555","CO_63488",0.984,0.014,0.001,0.009,62689,"2850-57555","Reinarz","mom","Reinarz-01",NA,NA,NA,"2510-63488","Make Believe","dad","MakeBelieve-17",NA,NA,NA
"CO_57555","CO_57917",0.981,0.015,0.004,0.011,52293,"2850-57555","Reinarz","mom","Reinarz-01",NA,NA,NA,"2850-57917","Alishas","dad","none",NA,NA,NA
"CO_57555","CO_82916",0.981,0.016,0.003,0.011,54958,"2850-57555","Reinarz","mom","Reinarz-01",NA,NA,NA,"2811-82916","Make Believe","dad","MakeBelieve-61",NA,NA,NA
"CO_57555","CO_97347",0.992,0.008,0,0.004,62438,"2850-57555","Reinarz","mom","Reinarz-01",NA,NA,NA,"2640-97347","Make Believe","mom","MakeBelieve-26",NA,NA,NA
"CO_57555","CO_97370",0.989,0.01,0.001,0.006,65817,"2850-57555","Reinarz","mom","Reinarz-01",NA,NA,NA,"2640-97370","Cooks","mom","Cooks-23",NA,NA,NA
"CO_57555","CO_97385",0.989,0.011,0,0.006,60256,"2850-57555","Reinarz","mom","Reinarz-01",NA,NA,NA,"2640-97385","Make Believe","mom","MakeBelieve-69",NA,NA,NA
"CO_57555","CO_97596",0.985,0.015,0,0.008,58717,"2850-57555","Reinarz","mom","Reinarz-01",NA,NA,NA,"2640-97596","Make Believe","mom","MakeBelieve-20",NA,NA,NA
"CO_57555","CO_57550",0.984,0.014,0.002,0.009,58731,"2850-57555","Reinarz","mom","Reinarz-01",NA,NA,NA,"2850-57550","Cathys","mom","Cathys-03",NA,NA,NA
"CO_57555","CO_57557",0.99,0.008,0.002,0.006,58995,"2850-57555","Reinarz","mom","Reinarz-01",NA,NA,NA,"2850-57557","Cooks","dad","Cooks-24",NA,NA,NA
"CO_57555","CO_57551",0.994,0.006,0,0.003,59749,"2850-57555","Reinarz","mom","Reinarz-01",NA,NA,NA,"2850-57551","Struthers","mom","Struthers-20",NA,NA,NA
"CO_57555","CO_57609",0.983,0.015,0.001,0.009,56819,"2850-57555","Reinarz","mom","Reinarz-01",NA,NA,NA,"2850-57609","Cooks","mom","Cooks-24",NA,NA,NA
"CO_57555","CO_57614",0.981,0.015,0.004,0.011,60704,"2850-57555","Reinarz","mom","Reinarz-01",NA,NA,NA,"2850-57614","Blue Cloud","dad","BlueCloud-14",NA,NA,NA
"CO_57555","CO_21085",0.983,0.004,0.013,0.015,57796,"2850-57555","Reinarz","mom","Reinarz-01",NA,NA,NA,"2350-21085","Make Believe","dad","MakeBelieve-20",NA,NA,NA
"CO_57555","CO_57518",0.988,0.01,0.002,0.007,58565,"2850-57555","Reinarz","mom","Reinarz-01",NA,NA,NA,"2850-57518","Make Believe","dad","MakeBelieve-69",NA,NA,NA
"CO_57555","CO_97548",0.988,0.011,0,0.006,64097,"2850-57555","Reinarz","mom","Reinarz-01",NA,NA,NA,"2640-97548","Blue Cloud","dad","BlueCloud-18",NA,NA,NA
"CO_57555","CO_57552",0.992,0.003,0.005,0.006,63934,"2850-57555","Reinarz","mom","Reinarz-01",NA,NA,NA,"2850-57552","Struthers","dad","Struthers-20",NA,NA,NA
"CO_57555","CO_57607",0.991,0.009,0,0.004,64727,"2850-57555","Reinarz","mom","Reinarz-01",NA,NA,NA,"2850-57607","Schaaps","dad","Schaaps-108",NA,NA,NA
"CO_57555","CO_57633",0.981,0.017,0.001,0.01,61248,"2850-57555","Reinarz","mom","Reinarz-01",NA,NA,NA,"2850-57633","Cooks","dad","Cooks-31",NA,NA,NA
"CO_57555","CO_57620",0.981,0.015,0.004,0.012,60450,"2850-57555","Reinarz","mom","Reinarz-01",NA,NA,NA,"2850-57620","Jims","dad","Jims-01",NA,NA,NA
"CO_57555","CO_57701",0.993,0.007,0,0.004,55432,"2850-57555","Reinarz","mom","Reinarz-01",NA,NA,NA,"2850-57701","Schaaps","dad","Schaaps-110",NA,NA,NA
"CO_57556","CO_57599",0.984,0.014,0.002,0.009,61483,"2850-57556","Schaaps","mom","Schaaps-80",NA,NA,NA,"2850-57599","Cathys","dad","Cathys-02",NA,NA,NA
"CO_57556","CO_57565",0.992,0.008,0,0.004,65420,"2850-57556","Schaaps","mom","Schaaps-80",NA,NA,NA,"2850-57565","Blue Cloud","dad","BlueCloud-19",NA,NA,NA
"CO_57556","CO_57558",0.992,0.008,0,0.004,64606,"2850-57556","Schaaps","mom","Schaaps-80",NA,NA,NA,"2850-57558","Cooks","mom","Cooks-31",NA,NA,NA
"CO_57556","CO_57619",0.989,0.002,0.009,0.01,65612,"2850-57556","Schaaps","mom","Schaaps-80",NA,NA,NA,"2850-57619","Reinarz","dad","Reinarz-01",NA,NA,NA
"CO_57555","CO_57636",0.979,0.018,0.003,0.012,59096,"2850-57555","Reinarz","mom","Reinarz-01",NA,NA,NA,"2850-57636","Blue Cloud","dad","none",NA,NA,NA
"CO_57556","CO_57602",0.992,0.007,0.001,0.004,66067,"2850-57556","Schaaps","mom","Schaaps-80",NA,NA,NA,"2850-57602","Cooks","dad","Cooks-18",NA,NA,NA
"CO_57556","CO_57615",0.992,0.006,0.002,0.005,60598,"2850-57556","Schaaps","mom","Schaaps-80",NA,NA,NA,"2850-57615","Urban Farm Girlz","dad","UrbanFarm-02",NA,NA,NA
"CO_57556","CO_57608",0.991,0.008,0,0.004,67078,"2850-57556","Schaaps","mom","Schaaps-80",NA,NA,NA,"2850-57608","Urban Farm Girlz","mom","UrbanFarm-02",NA,NA,NA
"CO_57556","CO_57612",0.991,0.009,0,0.005,66723,"2850-57556","Schaaps","mom","Schaaps-80",NA,NA,NA,"2850-57612","Blue Cloud","mom","BlueCloud-09",NA,NA,NA
"CO_57556","CO_57610",0.991,0.009,0,0.005,48457,"2850-57556","Schaaps","mom","Schaaps-80",NA,NA,NA,"2850-57610","Blue Cloud","mom","BlueCloud-14",NA,NA,NA
"CO_57556","CO_57853",0.988,0.007,0.004,0.008,56025,"2850-57556","Schaaps","mom","Schaaps-80",NA,NA,NA,"2850-57853","Cooks","mom","Cooks-27",NA,NA,NA
"CO_57556","CO_57625",0.987,0.013,0.001,0.007,61966,"2850-57556","Schaaps","mom","Schaaps-80",NA,NA,NA,"2850-57625","Alishas","dad","none",NA,NA,NA
"CO_57556","CO_57624",0.989,0.01,0,0.005,63475,"2850-57556","Schaaps","mom","Schaaps-80",NA,NA,NA,"2850-57624","Urban Farm Girlz","dad","UrbanFarm-04",NA,NA,NA
"CO_57556","CO_57630",0.984,0.011,0.005,0.01,59518,"2850-57556","Schaaps","mom","Schaaps-80",NA,NA,NA,"2850-57630","Alishas","dad","none",NA,NA,NA
"CO_57556","CO_57603",0.98,0.019,0,0.01,60624,"2850-57556","Schaaps","mom","Schaaps-80",NA,NA,NA,"2850-57603","Schaaps","mom","Schaaps-54",NA,NA,NA
"CO_57556","CO_57628",0.989,0.01,0,0.006,62171,"2850-57556","Schaaps","mom","Schaaps-80",NA,NA,NA,"2850-57628","Alishas","dad","none",NA,NA,NA
"CO_57556","CO_57912",0.986,0.013,0.001,0.007,62433,"2850-57556","Schaaps","mom","Schaaps-80",NA,NA,NA,"2850-57912","Cooks","dad","Cooks-27",NA,NA,NA
"CO_57556","CO_57631",0.978,0.02,0.002,0.012,57929,"2850-57556","Schaaps","mom","Schaaps-80",NA,NA,NA,"2850-57631","Alishas","dad","none",NA,NA,NA
"CO_57556","CO_57836",0.994,0.006,0,0.003,65763,"2850-57556","Schaaps","mom","Schaaps-80",NA,NA,NA,"2850-57836","Make Believe","dad","MakeBelieve-26",NA,NA,NA
"CO_57556","CO_57916",0.987,0.013,0,0.007,57567,"2850-57556","Schaaps","mom","Schaaps-80",NA,NA,NA,"2850-57916","Alishas","dad","none",NA,NA,NA
"CO_57556","CO_63488",0.994,0.006,0,0.003,65311,"2850-57556","Schaaps","mom","Schaaps-80",NA,NA,NA,"2510-63488","Make Believe","dad","MakeBelieve-17",NA,NA,NA
"CO_57556","CO_57917",0.986,0.013,0.001,0.008,54586,"2850-57556","Schaaps","mom","Schaaps-80",NA,NA,NA,"2850-57917","Alishas","dad","none",NA,NA,NA
"CO_57556","CO_57901",0.984,0.015,0.001,0.008,56420,"2850-57556","Schaaps","mom","Schaaps-80",NA,NA,NA,"2850-57901","Blue Cloud","dad","BlueCloud-09",NA,NA,NA
"CO_57556","CO_57915",0.985,0.015,0,0.008,55579,"2850-57556","Schaaps","mom","Schaaps-80",NA,NA,NA,"2850-57915","Alishas","dad","none",NA,NA,NA
"CO_57556","CO_82916",0.983,0.015,0.002,0.009,57325,"2850-57556","Schaaps","mom","Schaaps-80",NA,NA,NA,"2811-82916","Make Believe","dad","MakeBelieve-61",NA,NA,NA
"CO_57556","CO_97370",0.994,0.006,0,0.003,68690,"2850-57556","Schaaps","mom","Schaaps-80",NA,NA,NA,"2640-97370","Cooks","mom","Cooks-23",NA,NA,NA
"CO_57556","CO_97347",0.993,0.005,0.001,0.004,65143,"2850-57556","Schaaps","mom","Schaaps-80",NA,NA,NA,"2640-97347","Make Believe","mom","MakeBelieve-26",NA,NA,NA
"CO_57556","CO_97385",0.991,0.009,0,0.005,62913,"2850-57556","Schaaps","mom","Schaaps-80",NA,NA,NA,"2640-97385","Make Believe","mom","MakeBelieve-69",NA,NA,NA
"CO_57556","CO_97596",0.992,0.007,0,0.004,61223,"2850-57556","Schaaps","mom","Schaaps-80",NA,NA,NA,"2640-97596","Make Believe","mom","MakeBelieve-20",NA,NA,NA
"CO_57556","CO_57550",0.991,0.008,0.001,0.005,61231,"2850-57556","Schaaps","mom","Schaaps-80",NA,NA,NA,"2850-57550","Cathys","mom","Cathys-03",NA,NA,NA
"CO_57556","CO_57551",0.993,0.007,0,0.004,62308,"2850-57556","Schaaps","mom","Schaaps-80",NA,NA,NA,"2850-57551","Struthers","mom","Struthers-20",NA,NA,NA
"CO_57556","CO_57614",0.995,0.005,0,0.003,63288,"2850-57556","Schaaps","mom","Schaaps-80",NA,NA,NA,"2850-57614","Blue Cloud","dad","BlueCloud-14",NA,NA,NA
"CO_57556","CO_97548",0.991,0.008,0.001,0.005,66929,"2850-57556","Schaaps","mom","Schaaps-80",NA,NA,NA,"2640-97548","Blue Cloud","dad","BlueCloud-18",NA,NA,NA
"CO_57556","CO_57609",0.99,0.009,0,0.005,59373,"2850-57556","Schaaps","mom","Schaaps-80",NA,NA,NA,"2850-57609","Cooks","mom","Cooks-24",NA,NA,NA
"CO_57556","CO_57518",0.994,0.003,0.003,0.005,61111,"2850-57556","Schaaps","mom","Schaaps-80",NA,NA,NA,"2850-57518","Make Believe","dad","MakeBelieve-69",NA,NA,NA
"CO_57556","CO_57701",0.995,0.004,0.001,0.003,57849,"2850-57556","Schaaps","mom","Schaaps-80",NA,NA,NA,"2850-57701","Schaaps","dad","Schaaps-110",NA,NA,NA
"CO_57556","CO_57633",0.983,0.016,0.001,0.009,63886,"2850-57556","Schaaps","mom","Schaaps-80",NA,NA,NA,"2850-57633","Cooks","dad","Cooks-31",NA,NA,NA
"CO_57556","CO_57620",0.987,0.012,0.001,0.007,62950,"2850-57556","Schaaps","mom","Schaaps-80",NA,NA,NA,"2850-57620","Jims","dad","Jims-01",NA,NA,NA
"CO_57556","CO_57552",0.993,0.006,0.001,0.004,66634,"2850-57556","Schaaps","mom","Schaaps-80",NA,NA,NA,"2850-57552","Struthers","dad","Struthers-20",NA,NA,NA
"CO_57558","CO_57565",0.982,0.005,0.013,0.015,62906,"2850-57558","Cooks","mom","Cooks-31",NA,NA,NA,"2850-57565","Blue Cloud","dad","BlueCloud-19",NA,NA,NA
"CO_57556","CO_57557",0.99,0.009,0.001,0.005,61529,"2850-57556","Schaaps","mom","Schaaps-80",NA,NA,NA,"2850-57557","Cooks","dad","Cooks-24",NA,NA,NA
"CO_57558","CO_57608",0.99,0.01,0,0.005,64489,"2850-57558","Cooks","mom","Cooks-31",NA,NA,NA,"2850-57608","Urban Farm Girlz","mom","UrbanFarm-02",NA,NA,NA
"CO_57558","CO_57615",0.983,0.013,0.004,0.01,58232,"2850-57558","Cooks","mom","Cooks-31",NA,NA,NA,"2850-57615","Urban Farm Girlz","dad","UrbanFarm-02",NA,NA,NA
"CO_57558","CO_57612",0.986,0.013,0.001,0.007,64279,"2850-57558","Cooks","mom","Cooks-31",NA,NA,NA,"2850-57612","Blue Cloud","mom","BlueCloud-09",NA,NA,NA
"CO_57556","CO_57607",0.99,0.01,0,0.005,67494,"2850-57556","Schaaps","mom","Schaaps-80",NA,NA,NA,"2850-57607","Schaaps","dad","Schaaps-108",NA,NA,NA
"CO_57556","CO_57636",0.989,0.011,0,0.006,61497,"2850-57556","Schaaps","mom","Schaaps-80",NA,NA,NA,"2850-57636","Blue Cloud","dad","none",NA,NA,NA
"CO_57556","CO_21085",0.982,0.017,0.001,0.009,60329,"2850-57556","Schaaps","mom","Schaaps-80",NA,NA,NA,"2350-21085","Make Believe","dad","MakeBelieve-20",NA,NA,NA
"CO_57558","CO_57610",0.987,0.012,0.001,0.007,46586,"2850-57558","Cooks","mom","Cooks-31",NA,NA,NA,"2850-57610","Blue Cloud","mom","BlueCloud-14",NA,NA,NA
"CO_57558","CO_57599",0.978,0.013,0.009,0.016,59193,"2850-57558","Cooks","mom","Cooks-31",NA,NA,NA,"2850-57599","Cathys","dad","Cathys-02",NA,NA,NA
"CO_57558","CO_57602",0.989,0.009,0.002,0.006,63521,"2850-57558","Cooks","mom","Cooks-31",NA,NA,NA,"2850-57602","Cooks","dad","Cooks-18",NA,NA,NA
"CO_57558","CO_57603",0.985,0.014,0.001,0.008,58237,"2850-57558","Cooks","mom","Cooks-31",NA,NA,NA,"2850-57603","Schaaps","mom","Schaaps-54",NA,NA,NA
"CO_57558","CO_57624",0.98,0.014,0.006,0.013,61072,"2850-57558","Cooks","mom","Cooks-31",NA,NA,NA,"2850-57624","Urban Farm Girlz","dad","UrbanFarm-04",NA,NA,NA
"CO_57558","CO_57836",0.989,0.005,0.005,0.008,63187,"2850-57558","Cooks","mom","Cooks-31",NA,NA,NA,"2850-57836","Make Believe","dad","MakeBelieve-26",NA,NA,NA
"CO_57558","CO_57628",0.976,0.014,0.01,0.017,59736,"2850-57558","Cooks","mom","Cooks-31",NA,NA,NA,"2850-57628","Alishas","dad","none",NA,NA,NA
"CO_57558","CO_57619",0.984,0.014,0.001,0.009,63028,"2850-57558","Cooks","mom","Cooks-31",NA,NA,NA,"2850-57619","Reinarz","dad","Reinarz-01",NA,NA,NA
"CO_57558","CO_57625",0.973,0.021,0.006,0.016,59646,"2850-57558","Cooks","mom","Cooks-31",NA,NA,NA,"2850-57625","Alishas","dad","none",NA,NA,NA
"CO_57558","CO_57630",0.972,0.02,0.009,0.018,57231,"2850-57558","Cooks","mom","Cooks-31",NA,NA,NA,"2850-57630","Alishas","dad","none",NA,NA,NA
"CO_57558","CO_57901",0.984,0.011,0.005,0.01,54293,"2850-57558","Cooks","mom","Cooks-31",NA,NA,NA,"2850-57901","Blue Cloud","dad","BlueCloud-09",NA,NA,NA
"CO_57558","CO_57631",0.981,0.016,0.003,0.011,55690,"2850-57558","Cooks","mom","Cooks-31",NA,NA,NA,"2850-57631","Alishas","dad","none",NA,NA,NA
"CO_57558","CO_82916",0.97,0.022,0.007,0.018,55213,"2850-57558","Cooks","mom","Cooks-31",NA,NA,NA,"2811-82916","Make Believe","dad","MakeBelieve-61",NA,NA,NA
"CO_57558","CO_57853",0.99,0.01,0,0.005,53933,"2850-57558","Cooks","mom","Cooks-31",NA,NA,NA,"2850-57853","Cooks","mom","Cooks-27",NA,NA,NA
"CO_57558","CO_57912",0.971,0.02,0.009,0.019,59994,"2850-57558","Cooks","mom","Cooks-31",NA,NA,NA,"2850-57912","Cooks","dad","Cooks-27",NA,NA,NA
"CO_57558","CO_63488",0.986,0.007,0.006,0.01,62911,"2850-57558","Cooks","mom","Cooks-31",NA,NA,NA,"2510-63488","Make Believe","dad","MakeBelieve-17",NA,NA,NA
"CO_57558","CO_57916",0.977,0.021,0.002,0.013,55407,"2850-57558","Cooks","mom","Cooks-31",NA,NA,NA,"2850-57916","Alishas","dad","none",NA,NA,NA
"CO_57558","CO_57917",0.973,0.025,0.002,0.014,52483,"2850-57558","Cooks","mom","Cooks-31",NA,NA,NA,"2850-57917","Alishas","dad","none",NA,NA,NA
"CO_57558","CO_57915",0.977,0.023,0.001,0.012,53401,"2850-57558","Cooks","mom","Cooks-31",NA,NA,NA,"2850-57915","Alishas","dad","none",NA,NA,NA
"CO_57558","CO_97385",0.986,0.007,0.007,0.01,60492,"2850-57558","Cooks","mom","Cooks-31",NA,NA,NA,"2640-97385","Make Believe","mom","MakeBelieve-69",NA,NA,NA
"CO_57558","CO_97370",0.992,0.007,0,0.004,65942,"2850-57558","Cooks","mom","Cooks-31",NA,NA,NA,"2640-97370","Cooks","mom","Cooks-23",NA,NA,NA
"CO_57558","CO_97596",0.986,0.013,0.001,0.007,58991,"2850-57558","Cooks","mom","Cooks-31",NA,NA,NA,"2640-97596","Make Believe","mom","MakeBelieve-20",NA,NA,NA
"CO_57558","CO_97347",0.99,0.01,0,0.005,62725,"2850-57558","Cooks","mom","Cooks-31",NA,NA,NA,"2640-97347","Make Believe","mom","MakeBelieve-26",NA,NA,NA
"CO_57558","CO_57551",0.995,0.002,0.003,0.004,59937,"2850-57558","Cooks","mom","Cooks-31",NA,NA,NA,"2850-57551","Struthers","mom","Struthers-20",NA,NA,NA
"CO_57558","CO_57550",0.991,0.005,0.004,0.006,58879,"2850-57558","Cooks","mom","Cooks-31",NA,NA,NA,"2850-57550","Cathys","mom","Cathys-03",NA,NA,NA
"CO_57558","CO_57614",0.984,0.014,0.002,0.009,60941,"2850-57558","Cooks","mom","Cooks-31",NA,NA,NA,"2850-57614","Blue Cloud","dad","BlueCloud-14",NA,NA,NA
"CO_57558","CO_57633",0.974,0.01,0.016,0.021,61343,"2850-57558","Cooks","mom","Cooks-31",NA,NA,NA,"2850-57633","Cooks","dad","Cooks-31",NA,NA,NA
"CO_57558","CO_57620",0.974,0.023,0.003,0.014,60618,"2850-57558","Cooks","mom","Cooks-31",NA,NA,NA,"2850-57620","Jims","dad","Jims-01",NA,NA,NA
"CO_57558","CO_21085",0.984,0.014,0.002,0.009,58032,"2850-57558","Cooks","mom","Cooks-31",NA,NA,NA,"2350-21085","Make Believe","dad","MakeBelieve-20",NA,NA,NA
"CO_57558","CO_57609",0.991,0.009,0,0.005,57103,"2850-57558","Cooks","mom","Cooks-31",NA,NA,NA,"2850-57609","Cooks","mom","Cooks-24",NA,NA,NA
"CO_57558","CO_57518",0.982,0.017,0.001,0.01,58759,"2850-57558","Cooks","mom","Cooks-31",NA,NA,NA,"2850-57518","Make Believe","dad","MakeBelieve-69",NA,NA,NA
"CO_57558","CO_97548",0.986,0.013,0.001,0.008,64416,"2850-57558","Cooks","mom","Cooks-31",NA,NA,NA,"2640-97548","Blue Cloud","dad","BlueCloud-18",NA,NA,NA
"CO_57558","CO_57557",0.988,0.01,0.002,0.007,59177,"2850-57558","Cooks","mom","Cooks-31",NA,NA,NA,"2850-57557","Cooks","dad","Cooks-24",NA,NA,NA
"CO_57558","CO_57552",0.99,0.008,0.002,0.006,64119,"2850-57558","Cooks","mom","Cooks-31",NA,NA,NA,"2850-57552","Struthers","dad","Struthers-20",NA,NA,NA
"CO_57558","CO_57636",0.976,0.015,0.009,0.017,59128,"2850-57558","Cooks","mom","Cooks-31",NA,NA,NA,"2850-57636","Blue Cloud","dad","none",NA,NA,NA
"CO_57565","CO_57602",0.992,0.008,0,0.004,64330,"2850-57565","Blue Cloud","dad","BlueCloud-19",NA,NA,NA,"2850-57602","Cooks","dad","Cooks-18",NA,NA,NA
"CO_57565","CO_57612",0.989,0.01,0.001,0.006,65059,"2850-57565","Blue Cloud","dad","BlueCloud-19",NA,NA,NA,"2850-57612","Blue Cloud","mom","BlueCloud-09",NA,NA,NA
"CO_57565","CO_57603",0.988,0.012,0,0.006,59046,"2850-57565","Blue Cloud","dad","BlueCloud-19",NA,NA,NA,"2850-57603","Schaaps","mom","Schaaps-54",NA,NA,NA
"CO_57558","CO_57607",0.984,0.015,0.001,0.008,64982,"2850-57558","Cooks","mom","Cooks-31",NA,NA,NA,"2850-57607","Schaaps","dad","Schaaps-108",NA,NA,NA
"CO_57558","CO_57701",0.993,0.007,0,0.003,55681,"2850-57558","Cooks","mom","Cooks-31",NA,NA,NA,"2850-57701","Schaaps","dad","Schaaps-110",NA,NA,NA
"CO_57565","CO_57608",0.99,0.01,0,0.005,65344,"2850-57565","Blue Cloud","dad","BlueCloud-19",NA,NA,NA,"2850-57608","Urban Farm Girlz","mom","UrbanFarm-02",NA,NA,NA
"CO_57565","CO_57610",0.981,0.015,0.004,0.012,47179,"2850-57565","Blue Cloud","dad","BlueCloud-19",NA,NA,NA,"2850-57610","Blue Cloud","mom","BlueCloud-14",NA,NA,NA
"CO_57565","CO_57624",0.981,0.018,0.001,0.01,61832,"2850-57565","Blue Cloud","dad","BlueCloud-19",NA,NA,NA,"2850-57624","Urban Farm Girlz","dad","UrbanFarm-04",NA,NA,NA
"CO_57565","CO_57628",0.99,0.009,0.001,0.005,60583,"2850-57565","Blue Cloud","dad","BlueCloud-19",NA,NA,NA,"2850-57628","Alishas","dad","none",NA,NA,NA
"CO_57565","CO_57631",0.967,0.024,0.009,0.021,56420,"2850-57565","Blue Cloud","dad","BlueCloud-19",NA,NA,NA,"2850-57631","Alishas","dad","none",NA,NA,NA
"CO_57565","CO_57599",0.984,0.015,0,0.008,59984,"2850-57565","Blue Cloud","dad","BlueCloud-19",NA,NA,NA,"2850-57599","Cathys","dad","Cathys-02",NA,NA,NA
"CO_57565","CO_57619",0.976,0.017,0.007,0.015,63919,"2850-57565","Blue Cloud","dad","BlueCloud-19",NA,NA,NA,"2850-57619","Reinarz","dad","Reinarz-01",NA,NA,NA
"CO_57565","CO_57630",0.989,0.01,0.001,0.006,58035,"2850-57565","Blue Cloud","dad","BlueCloud-19",NA,NA,NA,"2850-57630","Alishas","dad","none",NA,NA,NA
"CO_57565","CO_57615",0.988,0.012,0,0.006,58965,"2850-57565","Blue Cloud","dad","BlueCloud-19",NA,NA,NA,"2850-57615","Urban Farm Girlz","dad","UrbanFarm-02",NA,NA,NA
"CO_57565","CO_57625",0.964,0.028,0.008,0.022,60438,"2850-57565","Blue Cloud","dad","BlueCloud-19",NA,NA,NA,"2850-57625","Alishas","dad","none",NA,NA,NA
"CO_57565","CO_57915",0.976,0.022,0.001,0.013,54031,"2850-57565","Blue Cloud","dad","BlueCloud-19",NA,NA,NA,"2850-57915","Alishas","dad","none",NA,NA,NA
"CO_57565","CO_57836",0.99,0.01,0,0.005,64039,"2850-57565","Blue Cloud","dad","BlueCloud-19",NA,NA,NA,"2850-57836","Make Believe","dad","MakeBelieve-26",NA,NA,NA
"CO_57565","CO_57853",0.982,0.017,0.001,0.009,54583,"2850-57565","Blue Cloud","dad","BlueCloud-19",NA,NA,NA,"2850-57853","Cooks","mom","Cooks-27",NA,NA,NA
"CO_57565","CO_57916",0.982,0.018,0,0.009,56079,"2850-57565","Blue Cloud","dad","BlueCloud-19",NA,NA,NA,"2850-57916","Alishas","dad","none",NA,NA,NA
"CO_57565","CO_57917",0.977,0.023,0,0.012,53197,"2850-57565","Blue Cloud","dad","BlueCloud-19",NA,NA,NA,"2850-57917","Alishas","dad","none",NA,NA,NA
"CO_57565","CO_57912",0.984,0.013,0.003,0.009,60724,"2850-57565","Blue Cloud","dad","BlueCloud-19",NA,NA,NA,"2850-57912","Cooks","dad","Cooks-27",NA,NA,NA
"CO_57565","CO_57901",0.989,0.011,0,0.006,55031,"2850-57565","Blue Cloud","dad","BlueCloud-19",NA,NA,NA,"2850-57901","Blue Cloud","dad","BlueCloud-09",NA,NA,NA
"CO_57565","CO_63488",0.994,0.006,0,0.003,63662,"2850-57565","Blue Cloud","dad","BlueCloud-19",NA,NA,NA,"2510-63488","Make Believe","dad","MakeBelieve-17",NA,NA,NA
"CO_57565","CO_82916",0.977,0.022,0.001,0.012,55900,"2850-57565","Blue Cloud","dad","BlueCloud-19",NA,NA,NA,"2811-82916","Make Believe","dad","MakeBelieve-61",NA,NA,NA
"CO_57565","CO_97347",0.993,0.006,0.001,0.004,63532,"2850-57565","Blue Cloud","dad","BlueCloud-19",NA,NA,NA,"2640-97347","Make Believe","mom","MakeBelieve-26",NA,NA,NA
"CO_57565","CO_97370",0.994,0.006,0,0.003,66911,"2850-57565","Blue Cloud","dad","BlueCloud-19",NA,NA,NA,"2640-97370","Cooks","mom","Cooks-23",NA,NA,NA
"CO_57565","CO_97385",0.984,0.015,0.001,0.008,61288,"2850-57565","Blue Cloud","dad","BlueCloud-19",NA,NA,NA,"2640-97385","Make Believe","mom","MakeBelieve-69",NA,NA,NA
"CO_57565","CO_97596",0.986,0.014,0,0.007,59702,"2850-57565","Blue Cloud","dad","BlueCloud-19",NA,NA,NA,"2640-97596","Make Believe","mom","MakeBelieve-20",NA,NA,NA
"CO_57565","CO_57550",0.989,0.01,0.002,0.007,59599,"2850-57565","Blue Cloud","dad","BlueCloud-19",NA,NA,NA,"2850-57550","Cathys","mom","Cathys-03",NA,NA,NA
"CO_57565","CO_57609",0.988,0.012,0,0.006,57852,"2850-57565","Blue Cloud","dad","BlueCloud-19",NA,NA,NA,"2850-57609","Cooks","mom","Cooks-24",NA,NA,NA
"CO_57565","CO_57614",0.99,0.006,0.004,0.007,61750,"2850-57565","Blue Cloud","dad","BlueCloud-19",NA,NA,NA,"2850-57614","Blue Cloud","dad","BlueCloud-14",NA,NA,NA
"CO_57565","CO_57551",0.993,0.007,0,0.003,60778,"2850-57565","Blue Cloud","dad","BlueCloud-19",NA,NA,NA,"2850-57551","Struthers","mom","Struthers-20",NA,NA,NA
"CO_57565","CO_57557",0.989,0.006,0.006,0.008,59980,"2850-57565","Blue Cloud","dad","BlueCloud-19",NA,NA,NA,"2850-57557","Cooks","dad","Cooks-24",NA,NA,NA
"CO_57565","CO_97548",0.99,0.01,0,0.005,65197,"2850-57565","Blue Cloud","dad","BlueCloud-19",NA,NA,NA,"2640-97548","Blue Cloud","dad","BlueCloud-18",NA,NA,NA
"CO_57565","CO_57620",0.984,0.008,0.008,0.012,61414,"2850-57565","Blue Cloud","dad","BlueCloud-19",NA,NA,NA,"2850-57620","Jims","dad","Jims-01",NA,NA,NA
"CO_57599","CO_57602",0.984,0.005,0.011,0.013,60476,"2850-57599","Cathys","dad","Cathys-02",NA,NA,NA,"2850-57602","Cooks","dad","Cooks-18",NA,NA,NA
"CO_57565","CO_57518",0.986,0.009,0.005,0.009,59538,"2850-57565","Blue Cloud","dad","BlueCloud-19",NA,NA,NA,"2850-57518","Make Believe","dad","MakeBelieve-69",NA,NA,NA
"CO_57599","CO_57603",0.988,0.011,0.001,0.006,55571,"2850-57599","Cathys","dad","Cathys-02",NA,NA,NA,"2850-57603","Schaaps","mom","Schaaps-54",NA,NA,NA
"CO_57599","CO_57608",0.989,0.009,0.001,0.006,61394,"2850-57599","Cathys","dad","Cathys-02",NA,NA,NA,"2850-57608","Urban Farm Girlz","mom","UrbanFarm-02",NA,NA,NA
"CO_57565","CO_57633",0.979,0.02,0.001,0.011,62221,"2850-57565","Blue Cloud","dad","BlueCloud-19",NA,NA,NA,"2850-57633","Cooks","dad","Cooks-31",NA,NA,NA
"CO_57599","CO_57612",0.983,0.014,0.003,0.01,61108,"2850-57599","Cathys","dad","Cathys-02",NA,NA,NA,"2850-57612","Blue Cloud","mom","BlueCloud-09",NA,NA,NA
"CO_57565","CO_21085",0.985,0.014,0.001,0.008,58861,"2850-57565","Blue Cloud","dad","BlueCloud-19",NA,NA,NA,"2350-21085","Make Believe","dad","MakeBelieve-20",NA,NA,NA
"CO_57565","CO_57607",0.982,0.017,0.001,0.009,65766,"2850-57565","Blue Cloud","dad","BlueCloud-19",NA,NA,NA,"2850-57607","Schaaps","dad","Schaaps-108",NA,NA,NA
"CO_57599","CO_57615",0.968,0.025,0.007,0.019,55514,"2850-57599","Cathys","dad","Cathys-02",NA,NA,NA,"2850-57615","Urban Farm Girlz","dad","UrbanFarm-02",NA,NA,NA
"CO_57565","CO_57636",0.985,0.015,0,0.007,60018,"2850-57565","Blue Cloud","dad","BlueCloud-19",NA,NA,NA,"2850-57636","Blue Cloud","dad","none",NA,NA,NA
"CO_57599","CO_57610",0.983,0.008,0.009,0.013,44367,"2850-57599","Cathys","dad","Cathys-02",NA,NA,NA,"2850-57610","Blue Cloud","mom","BlueCloud-14",NA,NA,NA
"CO_57565","CO_57701",0.993,0.007,0,0.004,56315,"2850-57565","Blue Cloud","dad","BlueCloud-19",NA,NA,NA,"2850-57701","Schaaps","dad","Schaaps-110",NA,NA,NA
"CO_57565","CO_57552",0.992,0.008,0,0.004,64834,"2850-57565","Blue Cloud","dad","BlueCloud-19",NA,NA,NA,"2850-57552","Struthers","dad","Struthers-20",NA,NA,NA
"CO_57599","CO_57624",0.984,0.013,0.003,0.009,58063,"2850-57599","Cathys","dad","Cathys-02",NA,NA,NA,"2850-57624","Urban Farm Girlz","dad","UrbanFarm-04",NA,NA,NA
"CO_57599","CO_57619",0.978,0.012,0.01,0.016,60134,"2850-57599","Cathys","dad","Cathys-02",NA,NA,NA,"2850-57619","Reinarz","dad","Reinarz-01",NA,NA,NA
"CO_57599","CO_57630",0.974,0.008,0.018,0.022,54611,"2850-57599","Cathys","dad","Cathys-02",NA,NA,NA,"2850-57630","Alishas","dad","none",NA,NA,NA
"CO_57599","CO_57625",0.979,0.019,0.002,0.012,56822,"2850-57599","Cathys","dad","Cathys-02",NA,NA,NA,"2850-57625","Alishas","dad","none",NA,NA,NA
"CO_57599","CO_57628",0.979,0.008,0.013,0.017,57002,"2850-57599","Cathys","dad","Cathys-02",NA,NA,NA,"2850-57628","Alishas","dad","none",NA,NA,NA
"CO_57599","CO_57853",0.986,0.009,0.005,0.01,51292,"2850-57599","Cathys","dad","Cathys-02",NA,NA,NA,"2850-57853","Cooks","mom","Cooks-27",NA,NA,NA
"CO_57599","CO_82916",0.976,0.017,0.007,0.015,52582,"2850-57599","Cathys","dad","Cathys-02",NA,NA,NA,"2811-82916","Make Believe","dad","MakeBelieve-61",NA,NA,NA
"CO_57599","CO_57917",0.981,0.017,0.002,0.011,50079,"2850-57599","Cathys","dad","Cathys-02",NA,NA,NA,"2850-57917","Alishas","dad","none",NA,NA,NA
"CO_57599","CO_57836",0.982,0.011,0.007,0.013,60170,"2850-57599","Cathys","dad","Cathys-02",NA,NA,NA,"2850-57836","Make Believe","dad","MakeBelieve-26",NA,NA,NA
"CO_57599","CO_57631",0.98,0.018,0.002,0.011,53016,"2850-57599","Cathys","dad","Cathys-02",NA,NA,NA,"2850-57631","Alishas","dad","none",NA,NA,NA
"CO_57599","CO_57916",0.978,0.014,0.008,0.015,52637,"2850-57599","Cathys","dad","Cathys-02",NA,NA,NA,"2850-57916","Alishas","dad","none",NA,NA,NA
"CO_57599","CO_57915",0.97,0.016,0.014,0.022,50895,"2850-57599","Cathys","dad","Cathys-02",NA,NA,NA,"2850-57915","Alishas","dad","none",NA,NA,NA
"CO_57599","CO_57901",0.986,0.013,0.001,0.007,51735,"2850-57599","Cathys","dad","Cathys-02",NA,NA,NA,"2850-57901","Blue Cloud","dad","BlueCloud-09",NA,NA,NA
"CO_57599","CO_57912",0.984,0.015,0,0.008,57159,"2850-57599","Cathys","dad","Cathys-02",NA,NA,NA,"2850-57912","Cooks","dad","Cooks-27",NA,NA,NA
"CO_57599","CO_63488",0.991,0.009,0,0.005,59965,"2850-57599","Cathys","dad","Cathys-02",NA,NA,NA,"2510-63488","Make Believe","dad","MakeBelieve-17",NA,NA,NA
"CO_57599","CO_97385",0.984,0.016,0,0.008,57692,"2850-57599","Cathys","dad","Cathys-02",NA,NA,NA,"2640-97385","Make Believe","mom","MakeBelieve-69",NA,NA,NA
"CO_57599","CO_97596",0.987,0.012,0.001,0.007,56069,"2850-57599","Cathys","dad","Cathys-02",NA,NA,NA,"2640-97596","Make Believe","mom","MakeBelieve-20",NA,NA,NA
"CO_57599","CO_97370",0.992,0.008,0,0.004,62934,"2850-57599","Cathys","dad","Cathys-02",NA,NA,NA,"2640-97370","Cooks","mom","Cooks-23",NA,NA,NA
"CO_57599","CO_97347",0.984,0.015,0,0.008,59725,"2850-57599","Cathys","dad","Cathys-02",NA,NA,NA,"2640-97347","Make Believe","mom","MakeBelieve-26",NA,NA,NA
"CO_57599","CO_57551",0.994,0.005,0,0.003,57020,"2850-57599","Cathys","dad","Cathys-02",NA,NA,NA,"2850-57551","Struthers","mom","Struthers-20",NA,NA,NA
"CO_57599","CO_57614",0.985,0.011,0.004,0.009,58076,"2850-57599","Cathys","dad","Cathys-02",NA,NA,NA,"2850-57614","Blue Cloud","dad","BlueCloud-14",NA,NA,NA
"CO_57599","CO_57557",0.984,0.015,0.002,0.009,56290,"2850-57599","Cathys","dad","Cathys-02",NA,NA,NA,"2850-57557","Cooks","dad","Cooks-24",NA,NA,NA
"CO_57599","CO_57609",0.986,0.002,0.011,0.012,54404,"2850-57599","Cathys","dad","Cathys-02",NA,NA,NA,"2850-57609","Cooks","mom","Cooks-24",NA,NA,NA
"CO_57599","CO_21085",0.976,0.013,0.01,0.017,55293,"2850-57599","Cathys","dad","Cathys-02",NA,NA,NA,"2350-21085","Make Believe","dad","MakeBelieve-20",NA,NA,NA
"CO_57599","CO_57550",0.985,0.014,0.002,0.008,56124,"2850-57599","Cathys","dad","Cathys-02",NA,NA,NA,"2850-57550","Cathys","mom","Cathys-03",NA,NA,NA
"CO_57599","CO_57518",0.987,0.013,0.001,0.007,55923,"2850-57599","Cathys","dad","Cathys-02",NA,NA,NA,"2850-57518","Make Believe","dad","MakeBelieve-69",NA,NA,NA
"CO_57599","CO_97548",0.978,0.014,0.008,0.015,61412,"2850-57599","Cathys","dad","Cathys-02",NA,NA,NA,"2640-97548","Blue Cloud","dad","BlueCloud-18",NA,NA,NA
"CO_57599","CO_57552",0.985,0.002,0.013,0.014,60889,"2850-57599","Cathys","dad","Cathys-02",NA,NA,NA,"2850-57552","Struthers","dad","Struthers-20",NA,NA,NA
"CO_57599","CO_57636",0.967,0.024,0.009,0.021,56452,"2850-57599","Cathys","dad","Cathys-02",NA,NA,NA,"2850-57636","Blue Cloud","dad","none",NA,NA,NA
"CO_57599","CO_57607",0.984,0.015,0.001,0.008,61889,"2850-57599","Cathys","dad","Cathys-02",NA,NA,NA,"2850-57607","Schaaps","dad","Schaaps-108",NA,NA,NA
"CO_57602","CO_57608",0.991,0.006,0.004,0.006,65991,"2850-57602","Cooks","dad","Cooks-18",NA,NA,NA,"2850-57608","Urban Farm Girlz","mom","UrbanFarm-02",NA,NA,NA
"CO_57599","CO_57633",0.981,0.013,0.006,0.012,58558,"2850-57599","Cathys","dad","Cathys-02",NA,NA,NA,"2850-57633","Cooks","dad","Cooks-31",NA,NA,NA
"CO_57602","CO_57615",0.991,0.005,0.004,0.007,59551,"2850-57602","Cooks","dad","Cooks-18",NA,NA,NA,"2850-57615","Urban Farm Girlz","dad","UrbanFarm-02",NA,NA,NA
"CO_57602","CO_57610",0.99,0.01,0,0.005,47652,"2850-57602","Cooks","dad","Cooks-18",NA,NA,NA,"2850-57610","Blue Cloud","mom","BlueCloud-14",NA,NA,NA
"CO_57602","CO_57625",0.984,0.002,0.014,0.015,61106,"2850-57602","Cooks","dad","Cooks-18",NA,NA,NA,"2850-57625","Alishas","dad","none",NA,NA,NA
"CO_57602","CO_57628",0.74,0.183,0.076,0.168,61139,"2850-57602","Cooks","dad","Cooks-18",NA,NA,NA,"2850-57628","Alishas","dad","none",NA,NA,NA
"CO_57602","CO_57603",0.991,0.008,0.001,0.005,59635,"2850-57602","Cooks","dad","Cooks-18",NA,NA,NA,"2850-57603","Schaaps","mom","Schaaps-54",NA,NA,NA
"CO_57599","CO_57620",0.967,0.031,0.002,0.018,57779,"2850-57599","Cathys","dad","Cathys-02",NA,NA,NA,"2850-57620","Jims","dad","Jims-01",NA,NA,NA
"CO_57599","CO_57701",0.986,0.012,0.003,0.009,53069,"2850-57599","Cathys","dad","Cathys-02",NA,NA,NA,"2850-57701","Schaaps","dad","Schaaps-110",NA,NA,NA
"CO_57602","CO_57612",0.99,0.009,0.001,0.005,65705,"2850-57602","Cooks","dad","Cooks-18",NA,NA,NA,"2850-57612","Blue Cloud","mom","BlueCloud-09",NA,NA,NA
"CO_57602","CO_57901",0.987,0.009,0.004,0.009,55402,"2850-57602","Cooks","dad","Cooks-18",NA,NA,NA,"2850-57901","Blue Cloud","dad","BlueCloud-09",NA,NA,NA
"CO_57602","CO_57619",0.984,0.014,0.002,0.009,64493,"2850-57602","Cooks","dad","Cooks-18",NA,NA,NA,"2850-57619","Reinarz","dad","Reinarz-01",NA,NA,NA
"CO_57602","CO_57624",0.98,0.017,0.003,0.012,62274,"2850-57602","Cooks","dad","Cooks-18",NA,NA,NA,"2850-57624","Urban Farm Girlz","dad","UrbanFarm-04",NA,NA,NA
"CO_57602","CO_57853",0.992,0.008,0,0.004,55087,"2850-57602","Cooks","dad","Cooks-18",NA,NA,NA,"2850-57853","Cooks","mom","Cooks-27",NA,NA,NA
"CO_57602","CO_57912",0.987,0.013,0.001,0.007,61432,"2850-57602","Cooks","dad","Cooks-18",NA,NA,NA,"2850-57912","Cooks","dad","Cooks-27",NA,NA,NA
"CO_57602","CO_57630",0.972,0.027,0.002,0.015,58565,"2850-57602","Cooks","dad","Cooks-18",NA,NA,NA,"2850-57630","Alishas","dad","none",NA,NA,NA
"CO_57602","CO_57836",0.902,0.063,0.034,0.066,64585,"2850-57602","Cooks","dad","Cooks-18",NA,NA,NA,"2850-57836","Make Believe","dad","MakeBelieve-26",NA,NA,NA
"CO_57602","CO_82916",0.984,0.015,0.001,0.008,56404,"2850-57602","Cooks","dad","Cooks-18",NA,NA,NA,"2811-82916","Make Believe","dad","MakeBelieve-61",NA,NA,NA
"CO_57602","CO_57631",0.986,0.014,0,0.007,56906,"2850-57602","Cooks","dad","Cooks-18",NA,NA,NA,"2850-57631","Alishas","dad","none",NA,NA,NA
"CO_57602","CO_57915",0.987,0.011,0.002,0.008,54616,"2850-57602","Cooks","dad","Cooks-18",NA,NA,NA,"2850-57915","Alishas","dad","none",NA,NA,NA
"CO_57602","CO_57917",0.985,0.007,0.008,0.012,53698,"2850-57602","Cooks","dad","Cooks-18",NA,NA,NA,"2850-57917","Alishas","dad","none",NA,NA,NA
"CO_57602","CO_63488",0.992,0.008,0.001,0.004,64255,"2850-57602","Cooks","dad","Cooks-18",NA,NA,NA,"2510-63488","Make Believe","dad","MakeBelieve-17",NA,NA,NA
"CO_57602","CO_57916",0.974,0.026,0,0.013,56651,"2850-57602","Cooks","dad","Cooks-18",NA,NA,NA,"2850-57916","Alishas","dad","none",NA,NA,NA
"CO_57602","CO_97596",0.991,0.007,0.002,0.005,60241,"2850-57602","Cooks","dad","Cooks-18",NA,NA,NA,"2640-97596","Make Believe","mom","MakeBelieve-20",NA,NA,NA
"CO_57602","CO_97347",0.991,0.007,0.001,0.005,64036,"2850-57602","Cooks","dad","Cooks-18",NA,NA,NA,"2640-97347","Make Believe","mom","MakeBelieve-26",NA,NA,NA
"CO_57602","CO_97385",0.983,0.015,0.002,0.009,61845,"2850-57602","Cooks","dad","Cooks-18",NA,NA,NA,"2640-97385","Make Believe","mom","MakeBelieve-69",NA,NA,NA
"CO_57602","CO_97370",0.992,0.007,0.001,0.004,67434,"2850-57602","Cooks","dad","Cooks-18",NA,NA,NA,"2640-97370","Cooks","mom","Cooks-23",NA,NA,NA
"CO_57602","CO_57551",0.994,0.006,0,0.003,61304,"2850-57602","Cooks","dad","Cooks-18",NA,NA,NA,"2850-57551","Struthers","mom","Struthers-20",NA,NA,NA
"CO_57602","CO_57614",0.99,0.008,0.003,0.006,62387,"2850-57602","Cooks","dad","Cooks-18",NA,NA,NA,"2850-57614","Blue Cloud","dad","BlueCloud-14",NA,NA,NA
"CO_57602","CO_57550",0.985,0.014,0.001,0.008,60110,"2850-57602","Cooks","dad","Cooks-18",NA,NA,NA,"2850-57550","Cathys","mom","Cathys-03",NA,NA,NA
"CO_57602","CO_97548",0.993,0.007,0,0.003,65851,"2850-57602","Cooks","dad","Cooks-18",NA,NA,NA,"2640-97548","Blue Cloud","dad","BlueCloud-18",NA,NA,NA
"CO_57602","CO_57609",0.994,0.006,0,0.003,58322,"2850-57602","Cooks","dad","Cooks-18",NA,NA,NA,"2850-57609","Cooks","mom","Cooks-24",NA,NA,NA
"CO_57602","CO_57557",0.992,0.007,0,0.004,60524,"2850-57602","Cooks","dad","Cooks-18",NA,NA,NA,"2850-57557","Cooks","dad","Cooks-24",NA,NA,NA
"CO_57602","CO_57518",0.984,0.016,0.001,0.008,60006,"2850-57602","Cooks","dad","Cooks-18",NA,NA,NA,"2850-57518","Make Believe","dad","MakeBelieve-69",NA,NA,NA
"CO_57602","CO_57620",0.982,0.017,0,0.009,62024,"2850-57602","Cooks","dad","Cooks-18",NA,NA,NA,"2850-57620","Jims","dad","Jims-01",NA,NA,NA
"CO_57602","CO_57633",0.99,0.009,0.001,0.005,62828,"2850-57602","Cooks","dad","Cooks-18",NA,NA,NA,"2850-57633","Cooks","dad","Cooks-31",NA,NA,NA
"CO_57602","CO_21085",0.989,0.011,0,0.005,59369,"2850-57602","Cooks","dad","Cooks-18",NA,NA,NA,"2350-21085","Make Believe","dad","MakeBelieve-20",NA,NA,NA
"CO_57603","CO_57608",0.992,0.007,0,0.004,60451,"2850-57603","Schaaps","mom","Schaaps-54",NA,NA,NA,"2850-57608","Urban Farm Girlz","mom","UrbanFarm-02",NA,NA,NA
"CO_57603","CO_57612",0.992,0.007,0,0.004,60107,"2850-57603","Schaaps","mom","Schaaps-54",NA,NA,NA,"2850-57612","Blue Cloud","mom","BlueCloud-09",NA,NA,NA
"CO_57602","CO_57636",0.981,0.017,0.003,0.011,60594,"2850-57602","Cooks","dad","Cooks-18",NA,NA,NA,"2850-57636","Blue Cloud","dad","none",NA,NA,NA
"CO_57603","CO_57619",0.985,0.011,0.004,0.009,59093,"2850-57603","Schaaps","mom","Schaaps-54",NA,NA,NA,"2850-57619","Reinarz","dad","Reinarz-01",NA,NA,NA
"CO_57602","CO_57607",0.992,0.008,0,0.004,66409,"2850-57602","Cooks","dad","Cooks-18",NA,NA,NA,"2850-57607","Schaaps","dad","Schaaps-108",NA,NA,NA
"CO_57602","CO_57701",0.992,0.007,0,0.004,56934,"2850-57602","Cooks","dad","Cooks-18",NA,NA,NA,"2850-57701","Schaaps","dad","Schaaps-110",NA,NA,NA
"CO_57602","CO_57552",0.99,0.009,0.001,0.006,65489,"2850-57602","Cooks","dad","Cooks-18",NA,NA,NA,"2850-57552","Struthers","dad","Struthers-20",NA,NA,NA
"CO_57603","CO_57624",0.982,0.017,0.002,0.01,57293,"2850-57603","Schaaps","mom","Schaaps-54",NA,NA,NA,"2850-57624","Urban Farm Girlz","dad","UrbanFarm-04",NA,NA,NA
"CO_57603","CO_57615",0.99,0.006,0.004,0.007,54689,"2850-57603","Schaaps","mom","Schaaps-54",NA,NA,NA,"2850-57615","Urban Farm Girlz","dad","UrbanFarm-02",NA,NA,NA
"CO_57603","CO_57610",0.98,0.013,0.006,0.013,43786,"2850-57603","Schaaps","mom","Schaaps-54",NA,NA,NA,"2850-57610","Blue Cloud","mom","BlueCloud-14",NA,NA,NA
"CO_57603","CO_57630",0.98,0.014,0.006,0.013,53680,"2850-57603","Schaaps","mom","Schaaps-54",NA,NA,NA,"2850-57630","Alishas","dad","none",NA,NA,NA
"CO_57603","CO_57625",0.977,0.018,0.005,0.014,56004,"2850-57603","Schaaps","mom","Schaaps-54",NA,NA,NA,"2850-57625","Alishas","dad","none",NA,NA,NA
"CO_57603","CO_57853",0.988,0.007,0.005,0.009,50615,"2850-57603","Schaaps","mom","Schaaps-54",NA,NA,NA,"2850-57853","Cooks","mom","Cooks-27",NA,NA,NA
"CO_57603","CO_57631",0.968,0.031,0.001,0.017,52248,"2850-57603","Schaaps","mom","Schaaps-54",NA,NA,NA,"2850-57631","Alishas","dad","none",NA,NA,NA
"CO_57603","CO_57836",0.991,0.006,0.003,0.006,59350,"2850-57603","Schaaps","mom","Schaaps-54",NA,NA,NA,"2850-57836","Make Believe","dad","MakeBelieve-26",NA,NA,NA
"CO_57603","CO_57628",0.99,0.009,0.001,0.005,56119,"2850-57603","Schaaps","mom","Schaaps-54",NA,NA,NA,"2850-57628","Alishas","dad","none",NA,NA,NA
"CO_57603","CO_57916",0.988,0.011,0.001,0.006,51969,"2850-57603","Schaaps","mom","Schaaps-54",NA,NA,NA,"2850-57916","Alishas","dad","none",NA,NA,NA
"CO_57603","CO_82916",0.985,0.012,0.003,0.009,51734,"2850-57603","Schaaps","mom","Schaaps-54",NA,NA,NA,"2811-82916","Make Believe","dad","MakeBelieve-61",NA,NA,NA
"CO_57603","CO_57901",0.981,0.014,0.005,0.012,50994,"2850-57603","Schaaps","mom","Schaaps-54",NA,NA,NA,"2850-57901","Blue Cloud","dad","BlueCloud-09",NA,NA,NA
"CO_57603","CO_57912",0.984,0.016,0.001,0.008,56382,"2850-57603","Schaaps","mom","Schaaps-54",NA,NA,NA,"2850-57912","Cooks","dad","Cooks-27",NA,NA,NA
"CO_57603","CO_57917",0.978,0.017,0.005,0.013,49354,"2850-57603","Schaaps","mom","Schaaps-54",NA,NA,NA,"2850-57917","Alishas","dad","none",NA,NA,NA
"CO_57603","CO_63488",0.985,0.015,0,0.008,59078,"2850-57603","Schaaps","mom","Schaaps-54",NA,NA,NA,"2510-63488","Make Believe","dad","MakeBelieve-17",NA,NA,NA
"CO_57603","CO_57915",0.918,0.054,0.028,0.055,50172,"2850-57603","Schaaps","mom","Schaaps-54",NA,NA,NA,"2850-57915","Alishas","dad","none",NA,NA,NA
"CO_57603","CO_97347",0.993,0.007,0,0.004,58817,"2850-57603","Schaaps","mom","Schaaps-54",NA,NA,NA,"2640-97347","Make Believe","mom","MakeBelieve-26",NA,NA,NA
"CO_57603","CO_97370",0.986,0.013,0.001,0.007,61961,"2850-57603","Schaaps","mom","Schaaps-54",NA,NA,NA,"2640-97370","Cooks","mom","Cooks-23",NA,NA,NA
"CO_57603","CO_97385",0.988,0.012,0,0.006,56664,"2850-57603","Schaaps","mom","Schaaps-54",NA,NA,NA,"2640-97385","Make Believe","mom","MakeBelieve-69",NA,NA,NA
"CO_57603","CO_97596",0.988,0.011,0.002,0.007,55173,"2850-57603","Schaaps","mom","Schaaps-54",NA,NA,NA,"2640-97596","Make Believe","mom","MakeBelieve-20",NA,NA,NA
"CO_57603","CO_57550",0.988,0.01,0.003,0.008,55276,"2850-57603","Schaaps","mom","Schaaps-54",NA,NA,NA,"2850-57550","Cathys","mom","Cathys-03",NA,NA,NA
"CO_57603","CO_57609",0.991,0.008,0.001,0.005,53627,"2850-57603","Schaaps","mom","Schaaps-54",NA,NA,NA,"2850-57609","Cooks","mom","Cooks-24",NA,NA,NA
"CO_57603","CO_57551",0.993,0.003,0.005,0.006,56270,"2850-57603","Schaaps","mom","Schaaps-54",NA,NA,NA,"2850-57551","Struthers","mom","Struthers-20",NA,NA,NA
"CO_57603","CO_57614",0.989,0.01,0.002,0.007,57101,"2850-57603","Schaaps","mom","Schaaps-54",NA,NA,NA,"2850-57614","Blue Cloud","dad","BlueCloud-14",NA,NA,NA
"CO_57603","CO_21085",0.987,0.009,0.004,0.008,54552,"2850-57603","Schaaps","mom","Schaaps-54",NA,NA,NA,"2350-21085","Make Believe","dad","MakeBelieve-20",NA,NA,NA
"CO_57603","CO_57518",0.992,0.008,0,0.004,55152,"2850-57603","Schaaps","mom","Schaaps-54",NA,NA,NA,"2850-57518","Make Believe","dad","MakeBelieve-69",NA,NA,NA
"CO_57603","CO_57607",0.984,0.013,0.003,0.009,60953,"2850-57603","Schaaps","mom","Schaaps-54",NA,NA,NA,"2850-57607","Schaaps","dad","Schaaps-108",NA,NA,NA
"CO_57608","CO_57610",0.993,0.007,0,0.003,48363,"2850-57608","Urban Farm Girlz","mom","UrbanFarm-02",NA,NA,NA,"2850-57610","Blue Cloud","mom","BlueCloud-14",NA,NA,NA
"CO_57603","CO_97548",0.99,0.009,0.001,0.005,60413,"2850-57603","Schaaps","mom","Schaaps-54",NA,NA,NA,"2640-97548","Blue Cloud","dad","BlueCloud-18",NA,NA,NA
"CO_57603","CO_57633",0.988,0.01,0.002,0.007,57657,"2850-57603","Schaaps","mom","Schaaps-54",NA,NA,NA,"2850-57633","Cooks","dad","Cooks-31",NA,NA,NA
"CO_57603","CO_57557",0.989,0.009,0.001,0.006,55422,"2850-57603","Schaaps","mom","Schaaps-54",NA,NA,NA,"2850-57557","Cooks","dad","Cooks-24",NA,NA,NA
"CO_57608","CO_57615",0.993,0.007,0,0.004,60465,"2850-57608","Urban Farm Girlz","mom","UrbanFarm-02",NA,NA,NA,"2850-57615","Urban Farm Girlz","dad","UrbanFarm-02",NA,NA,NA
"CO_57608","CO_57612",0.99,0.008,0.002,0.006,66712,"2850-57608","Urban Farm Girlz","mom","UrbanFarm-02",NA,NA,NA,"2850-57612","Blue Cloud","mom","BlueCloud-09",NA,NA,NA
"CO_57603","CO_57620",0.964,0.027,0.009,0.022,56853,"2850-57603","Schaaps","mom","Schaaps-54",NA,NA,NA,"2850-57620","Jims","dad","Jims-01",NA,NA,NA
"CO_57603","CO_57552",0.99,0.01,0.001,0.005,60086,"2850-57603","Schaaps","mom","Schaaps-54",NA,NA,NA,"2850-57552","Struthers","dad","Struthers-20",NA,NA,NA
"CO_57608","CO_57619",0.992,0.008,0,0.004,65534,"2850-57608","Urban Farm Girlz","mom","UrbanFarm-02",NA,NA,NA,"2850-57619","Reinarz","dad","Reinarz-01",NA,NA,NA
"CO_57608","CO_57624",0.993,0.007,0,0.004,63303,"2850-57608","Urban Farm Girlz","mom","UrbanFarm-02",NA,NA,NA,"2850-57624","Urban Farm Girlz","dad","UrbanFarm-04",NA,NA,NA
"CO_57603","CO_57636",0.968,0.022,0.01,0.021,55697,"2850-57603","Schaaps","mom","Schaaps-54",NA,NA,NA,"2850-57636","Blue Cloud","dad","none",NA,NA,NA
"CO_57603","CO_57701",0.98,0.015,0.005,0.013,52130,"2850-57603","Schaaps","mom","Schaaps-54",NA,NA,NA,"2850-57701","Schaaps","dad","Schaaps-110",NA,NA,NA
"CO_57608","CO_57631",0.983,0.002,0.015,0.016,57730,"2850-57608","Urban Farm Girlz","mom","UrbanFarm-02",NA,NA,NA,"2850-57631","Alishas","dad","none",NA,NA,NA
"CO_57608","CO_57628",0.99,0.01,0.001,0.006,62098,"2850-57608","Urban Farm Girlz","mom","UrbanFarm-02",NA,NA,NA,"2850-57628","Alishas","dad","none",NA,NA,NA
"CO_57608","CO_57625",0.986,0.013,0.001,0.007,61852,"2850-57608","Urban Farm Girlz","mom","UrbanFarm-02",NA,NA,NA,"2850-57625","Alishas","dad","none",NA,NA,NA
"CO_57608","CO_57836",0.987,0.008,0.005,0.009,65629,"2850-57608","Urban Farm Girlz","mom","UrbanFarm-02",NA,NA,NA,"2850-57836","Make Believe","dad","MakeBelieve-26",NA,NA,NA
"CO_57608","CO_57630",0.99,0.009,0.002,0.006,59433,"2850-57608","Urban Farm Girlz","mom","UrbanFarm-02",NA,NA,NA,"2850-57630","Alishas","dad","none",NA,NA,NA
"CO_57608","CO_57901",0.986,0.011,0.003,0.009,56335,"2850-57608","Urban Farm Girlz","mom","UrbanFarm-02",NA,NA,NA,"2850-57901","Blue Cloud","dad","BlueCloud-09",NA,NA,NA
"CO_57608","CO_57853",0.991,0.009,0,0.005,55990,"2850-57608","Urban Farm Girlz","mom","UrbanFarm-02",NA,NA,NA,"2850-57853","Cooks","mom","Cooks-27",NA,NA,NA
"CO_57608","CO_57915",0.984,0.016,0,0.008,55413,"2850-57608","Urban Farm Girlz","mom","UrbanFarm-02",NA,NA,NA,"2850-57915","Alishas","dad","none",NA,NA,NA
"CO_57608","CO_57916",0.988,0.012,0,0.006,57562,"2850-57608","Urban Farm Girlz","mom","UrbanFarm-02",NA,NA,NA,"2850-57916","Alishas","dad","none",NA,NA,NA
"CO_57608","CO_63488",0.994,0.006,0,0.003,65322,"2850-57608","Urban Farm Girlz","mom","UrbanFarm-02",NA,NA,NA,"2510-63488","Make Believe","dad","MakeBelieve-17",NA,NA,NA
"CO_57608","CO_57912",0.986,0.014,0,0.007,62334,"2850-57608","Urban Farm Girlz","mom","UrbanFarm-02",NA,NA,NA,"2850-57912","Cooks","dad","Cooks-27",NA,NA,NA
"CO_57608","CO_82916",0.987,0.012,0.001,0.007,57228,"2850-57608","Urban Farm Girlz","mom","UrbanFarm-02",NA,NA,NA,"2811-82916","Make Believe","dad","MakeBelieve-61",NA,NA,NA
"CO_57608","CO_57917",0.986,0.013,0.001,0.007,54561,"2850-57608","Urban Farm Girlz","mom","UrbanFarm-02",NA,NA,NA,"2850-57917","Alishas","dad","none",NA,NA,NA
"CO_57608","CO_97347",0.995,0.005,0,0.003,65140,"2850-57608","Urban Farm Girlz","mom","UrbanFarm-02",NA,NA,NA,"2640-97347","Make Believe","mom","MakeBelieve-26",NA,NA,NA
"CO_57608","CO_97370",0.994,0.006,0,0.003,68615,"2850-57608","Urban Farm Girlz","mom","UrbanFarm-02",NA,NA,NA,"2640-97370","Cooks","mom","Cooks-23",NA,NA,NA
"CO_57608","CO_97385",0.991,0.008,0.001,0.005,62810,"2850-57608","Urban Farm Girlz","mom","UrbanFarm-02",NA,NA,NA,"2640-97385","Make Believe","mom","MakeBelieve-69",NA,NA,NA
"CO_57608","CO_97596",0.992,0.007,0,0.004,61219,"2850-57608","Urban Farm Girlz","mom","UrbanFarm-02",NA,NA,NA,"2640-97596","Make Believe","mom","MakeBelieve-20",NA,NA,NA
"CO_57608","CO_57551",0.994,0.006,0,0.003,62307,"2850-57608","Urban Farm Girlz","mom","UrbanFarm-02",NA,NA,NA,"2850-57551","Struthers","mom","Struthers-20",NA,NA,NA
"CO_57608","CO_57609",0.994,0.005,0.001,0.003,59238,"2850-57608","Urban Farm Girlz","mom","UrbanFarm-02",NA,NA,NA,"2850-57609","Cooks","mom","Cooks-24",NA,NA,NA
"CO_57608","CO_57614",0.991,0.008,0,0.005,63305,"2850-57608","Urban Farm Girlz","mom","UrbanFarm-02",NA,NA,NA,"2850-57614","Blue Cloud","dad","BlueCloud-14",NA,NA,NA
"CO_57608","CO_57550",0.994,0.006,0,0.003,61197,"2850-57608","Urban Farm Girlz","mom","UrbanFarm-02",NA,NA,NA,"2850-57550","Cathys","mom","Cathys-03",NA,NA,NA
"CO_57608","CO_57557",0.994,0.003,0.003,0.004,61396,"2850-57608","Urban Farm Girlz","mom","UrbanFarm-02",NA,NA,NA,"2850-57557","Cooks","dad","Cooks-24",NA,NA,NA
"CO_57608","CO_21085",0.991,0.009,0,0.004,60283,"2850-57608","Urban Farm Girlz","mom","UrbanFarm-02",NA,NA,NA,"2350-21085","Make Believe","dad","MakeBelieve-20",NA,NA,NA
"CO_57608","CO_57620",0.989,0.004,0.007,0.009,62956,"2850-57608","Urban Farm Girlz","mom","UrbanFarm-02",NA,NA,NA,"2850-57620","Jims","dad","Jims-01",NA,NA,NA
"CO_57608","CO_97548",0.993,0.006,0.001,0.004,66850,"2850-57608","Urban Farm Girlz","mom","UrbanFarm-02",NA,NA,NA,"2640-97548","Blue Cloud","dad","BlueCloud-18",NA,NA,NA
"CO_57608","CO_57518",0.988,0.011,0.001,0.006,60973,"2850-57608","Urban Farm Girlz","mom","UrbanFarm-02",NA,NA,NA,"2850-57518","Make Believe","dad","MakeBelieve-69",NA,NA,NA
"CO_57608","CO_57552",0.995,0.005,0,0.003,66499,"2850-57608","Urban Farm Girlz","mom","UrbanFarm-02",NA,NA,NA,"2850-57552","Struthers","dad","Struthers-20",NA,NA,NA
"CO_57608","CO_57607",0.988,0.011,0,0.006,67533,"2850-57608","Urban Farm Girlz","mom","UrbanFarm-02",NA,NA,NA,"2850-57607","Schaaps","dad","Schaaps-108",NA,NA,NA
"CO_57608","CO_57633",0.984,0.014,0.002,0.009,63842,"2850-57608","Urban Farm Girlz","mom","UrbanFarm-02",NA,NA,NA,"2850-57633","Cooks","dad","Cooks-31",NA,NA,NA
"CO_57610","CO_57624",0.982,0.009,0.009,0.013,45809,"2850-57610","Blue Cloud","mom","BlueCloud-14",NA,NA,NA,"2850-57624","Urban Farm Girlz","dad","UrbanFarm-04",NA,NA,NA
"CO_57608","CO_57636",0.989,0.01,0.001,0.006,61477,"2850-57608","Urban Farm Girlz","mom","UrbanFarm-02",NA,NA,NA,"2850-57636","Blue Cloud","dad","none",NA,NA,NA
"CO_57608","CO_57701",0.994,0.005,0,0.003,57690,"2850-57608","Urban Farm Girlz","mom","UrbanFarm-02",NA,NA,NA,"2850-57701","Schaaps","dad","Schaaps-110",NA,NA,NA
"CO_57610","CO_57612",0.991,0.007,0.001,0.005,48238,"2850-57610","Blue Cloud","mom","BlueCloud-14",NA,NA,NA,"2850-57612","Blue Cloud","mom","BlueCloud-09",NA,NA,NA
"CO_57610","CO_57615",0.987,0.009,0.004,0.008,43720,"2850-57610","Blue Cloud","mom","BlueCloud-14",NA,NA,NA,"2850-57615","Urban Farm Girlz","dad","UrbanFarm-02",NA,NA,NA
"CO_57610","CO_57836",0.987,0.009,0.004,0.009,47420,"2850-57610","Blue Cloud","mom","BlueCloud-14",NA,NA,NA,"2850-57836","Make Believe","dad","MakeBelieve-26",NA,NA,NA
"CO_57610","CO_57625",0.98,0.013,0.007,0.013,44716,"2850-57610","Blue Cloud","mom","BlueCloud-14",NA,NA,NA,"2850-57625","Alishas","dad","none",NA,NA,NA
"CO_57610","CO_57619",0.99,0.01,0,0.005,47348,"2850-57610","Blue Cloud","mom","BlueCloud-14",NA,NA,NA,"2850-57619","Reinarz","dad","Reinarz-01",NA,NA,NA
"CO_57610","CO_57853",0.986,0.004,0.01,0.012,40377,"2850-57610","Blue Cloud","mom","BlueCloud-14",NA,NA,NA,"2850-57853","Cooks","mom","Cooks-27",NA,NA,NA
"CO_57610","CO_57630",0.967,0.028,0.005,0.019,42965,"2850-57610","Blue Cloud","mom","BlueCloud-14",NA,NA,NA,"2850-57630","Alishas","dad","none",NA,NA,NA
"CO_57610","CO_57631",0.977,0.02,0.004,0.014,41828,"2850-57610","Blue Cloud","mom","BlueCloud-14",NA,NA,NA,"2850-57631","Alishas","dad","none",NA,NA,NA
"CO_57610","CO_57901",0.979,0.019,0.002,0.011,40687,"2850-57610","Blue Cloud","mom","BlueCloud-14",NA,NA,NA,"2850-57901","Blue Cloud","dad","BlueCloud-09",NA,NA,NA
"CO_57610","CO_63488",0.991,0.008,0,0.004,47208,"2850-57610","Blue Cloud","mom","BlueCloud-14",NA,NA,NA,"2510-63488","Make Believe","dad","MakeBelieve-17",NA,NA,NA
"CO_57610","CO_57628",0.983,0.017,0,0.009,44826,"2850-57610","Blue Cloud","mom","BlueCloud-14",NA,NA,NA,"2850-57628","Alishas","dad","none",NA,NA,NA
"CO_57610","CO_57917",0.982,0.005,0.013,0.016,39305,"2850-57610","Blue Cloud","mom","BlueCloud-14",NA,NA,NA,"2850-57917","Alishas","dad","none",NA,NA,NA
"CO_57610","CO_57912",0.976,0.02,0.004,0.014,45031,"2850-57610","Blue Cloud","mom","BlueCloud-14",NA,NA,NA,"2850-57912","Cooks","dad","Cooks-27",NA,NA,NA
"CO_57610","CO_57915",0.982,0.017,0.001,0.009,39934,"2850-57610","Blue Cloud","mom","BlueCloud-14",NA,NA,NA,"2850-57915","Alishas","dad","none",NA,NA,NA
"CO_57610","CO_57916",0.979,0.018,0.003,0.012,41494,"2850-57610","Blue Cloud","mom","BlueCloud-14",NA,NA,NA,"2850-57916","Alishas","dad","none",NA,NA,NA
"CO_57610","CO_82916",0.987,0.013,0,0.007,41405,"2850-57610","Blue Cloud","mom","BlueCloud-14",NA,NA,NA,"2811-82916","Make Believe","dad","MakeBelieve-61",NA,NA,NA
"CO_57610","CO_97370",0.994,0.001,0.006,0.006,49511,"2850-57610","Blue Cloud","mom","BlueCloud-14",NA,NA,NA,"2640-97370","Cooks","mom","Cooks-23",NA,NA,NA
"CO_57610","CO_97347",0.982,0.015,0.003,0.01,47038,"2850-57610","Blue Cloud","mom","BlueCloud-14",NA,NA,NA,"2640-97347","Make Believe","mom","MakeBelieve-26",NA,NA,NA
"CO_57610","CO_97596",0.991,0.008,0,0.004,44161,"2850-57610","Blue Cloud","mom","BlueCloud-14",NA,NA,NA,"2640-97596","Make Believe","mom","MakeBelieve-20",NA,NA,NA
"CO_57610","CO_97385",0.977,0.021,0.002,0.013,45413,"2850-57610","Blue Cloud","mom","BlueCloud-14",NA,NA,NA,"2640-97385","Make Believe","mom","MakeBelieve-69",NA,NA,NA
"CO_57610","CO_57550",0.984,0.006,0.01,0.013,44215,"2850-57610","Blue Cloud","mom","BlueCloud-14",NA,NA,NA,"2850-57550","Cathys","mom","Cathys-03",NA,NA,NA
"CO_57610","CO_57633",0.988,0.008,0.003,0.008,46110,"2850-57610","Blue Cloud","mom","BlueCloud-14",NA,NA,NA,"2850-57633","Cooks","dad","Cooks-31",NA,NA,NA
"CO_57610","CO_97548",0.987,0.012,0.002,0.007,48388,"2850-57610","Blue Cloud","mom","BlueCloud-14",NA,NA,NA,"2640-97548","Blue Cloud","dad","BlueCloud-18",NA,NA,NA
"CO_57610","CO_57551",0.993,0.007,0,0.003,44841,"2850-57610","Blue Cloud","mom","BlueCloud-14",NA,NA,NA,"2850-57551","Struthers","mom","Struthers-20",NA,NA,NA
"CO_57610","CO_57620",0.972,0.012,0.016,0.022,45440,"2850-57610","Blue Cloud","mom","BlueCloud-14",NA,NA,NA,"2850-57620","Jims","dad","Jims-01",NA,NA,NA
"CO_57610","CO_57614",0.984,0.015,0,0.008,45717,"2850-57610","Blue Cloud","mom","BlueCloud-14",NA,NA,NA,"2850-57614","Blue Cloud","dad","BlueCloud-14",NA,NA,NA
"CO_57610","CO_57609",0.992,0.008,0,0.004,42816,"2850-57610","Blue Cloud","mom","BlueCloud-14",NA,NA,NA,"2850-57609","Cooks","mom","Cooks-24",NA,NA,NA
"CO_57610","CO_57557",0.99,0.009,0,0.005,44332,"2850-57610","Blue Cloud","mom","BlueCloud-14",NA,NA,NA,"2850-57557","Cooks","dad","Cooks-24",NA,NA,NA
"CO_57610","CO_57518",0.99,0.01,0,0.005,43954,"2850-57610","Blue Cloud","mom","BlueCloud-14",NA,NA,NA,"2850-57518","Make Believe","dad","MakeBelieve-69",NA,NA,NA
"CO_57612","CO_57625",0.989,0.009,0.003,0.007,61606,"2850-57612","Blue Cloud","mom","BlueCloud-09",NA,NA,NA,"2850-57625","Alishas","dad","none",NA,NA,NA
"CO_57612","CO_57624",0.991,0.008,0,0.005,63065,"2850-57612","Blue Cloud","mom","BlueCloud-09",NA,NA,NA,"2850-57624","Urban Farm Girlz","dad","UrbanFarm-04",NA,NA,NA
"CO_57612","CO_57615",0.987,0.011,0.002,0.007,60240,"2850-57612","Blue Cloud","mom","BlueCloud-09",NA,NA,NA,"2850-57615","Urban Farm Girlz","dad","UrbanFarm-02",NA,NA,NA
"CO_57610","CO_21085",0.988,0.008,0.003,0.007,43479,"2850-57610","Blue Cloud","mom","BlueCloud-14",NA,NA,NA,"2350-21085","Make Believe","dad","MakeBelieve-20",NA,NA,NA
"CO_57610","CO_57701",0.991,0.005,0.003,0.006,41681,"2850-57610","Blue Cloud","mom","BlueCloud-14",NA,NA,NA,"2850-57701","Schaaps","dad","Schaaps-110",NA,NA,NA
"CO_57612","CO_57631",0.99,0.009,0,0.005,57502,"2850-57612","Blue Cloud","mom","BlueCloud-09",NA,NA,NA,"2850-57631","Alishas","dad","none",NA,NA,NA
"CO_57612","CO_57836",0.993,0.006,0.002,0.005,65273,"2850-57612","Blue Cloud","mom","BlueCloud-09",NA,NA,NA,"2850-57836","Make Believe","dad","MakeBelieve-26",NA,NA,NA
"CO_57612","CO_57901",0.983,0.007,0.01,0.013,56149,"2850-57612","Blue Cloud","mom","BlueCloud-09",NA,NA,NA,"2850-57901","Blue Cloud","dad","BlueCloud-09",NA,NA,NA
"CO_57612","CO_57853",0.99,0.01,0,0.005,55735,"2850-57612","Blue Cloud","mom","BlueCloud-09",NA,NA,NA,"2850-57853","Cooks","mom","Cooks-27",NA,NA,NA
"CO_57610","CO_57552",0.992,0.007,0,0.004,48067,"2850-57610","Blue Cloud","mom","BlueCloud-14",NA,NA,NA,"2850-57552","Struthers","dad","Struthers-20",NA,NA,NA
"CO_57610","CO_57636",0.973,0.021,0.006,0.016,44380,"2850-57610","Blue Cloud","mom","BlueCloud-14",NA,NA,NA,"2850-57636","Blue Cloud","dad","none",NA,NA,NA
"CO_57612","CO_57619",0.99,0.008,0.001,0.005,65208,"2850-57612","Blue Cloud","mom","BlueCloud-09",NA,NA,NA,"2850-57619","Reinarz","dad","Reinarz-01",NA,NA,NA
"CO_57612","CO_57630",0.983,0.015,0.002,0.009,59169,"2850-57612","Blue Cloud","mom","BlueCloud-09",NA,NA,NA,"2850-57630","Alishas","dad","none",NA,NA,NA
"CO_57610","CO_57607",0.989,0.011,0,0.005,48777,"2850-57610","Blue Cloud","mom","BlueCloud-14",NA,NA,NA,"2850-57607","Schaaps","dad","Schaaps-108",NA,NA,NA
"CO_57612","CO_57912",0.989,0.009,0.002,0.007,62063,"2850-57612","Blue Cloud","mom","BlueCloud-09",NA,NA,NA,"2850-57912","Cooks","dad","Cooks-27",NA,NA,NA
"CO_57612","CO_57916",0.992,0.008,0,0.004,57372,"2850-57612","Blue Cloud","mom","BlueCloud-09",NA,NA,NA,"2850-57916","Alishas","dad","none",NA,NA,NA
"CO_57612","CO_63488",0.994,0.006,0,0.003,65114,"2850-57612","Blue Cloud","mom","BlueCloud-09",NA,NA,NA,"2510-63488","Make Believe","dad","MakeBelieve-17",NA,NA,NA
"CO_57612","CO_57628",0.985,0.013,0.002,0.009,61792,"2850-57612","Blue Cloud","mom","BlueCloud-09",NA,NA,NA,"2850-57628","Alishas","dad","none",NA,NA,NA
"CO_57612","CO_57917",0.985,0.015,0,0.008,54316,"2850-57612","Blue Cloud","mom","BlueCloud-09",NA,NA,NA,"2850-57917","Alishas","dad","none",NA,NA,NA
"CO_57612","CO_57915",0.984,0.014,0.002,0.009,55198,"2850-57612","Blue Cloud","mom","BlueCloud-09",NA,NA,NA,"2850-57915","Alishas","dad","none",NA,NA,NA
"CO_57612","CO_82916",0.989,0.01,0.001,0.006,56995,"2850-57612","Blue Cloud","mom","BlueCloud-09",NA,NA,NA,"2811-82916","Make Believe","dad","MakeBelieve-61",NA,NA,NA
"CO_57612","CO_97347",0.991,0.008,0.001,0.005,64810,"2850-57612","Blue Cloud","mom","BlueCloud-09",NA,NA,NA,"2640-97347","Make Believe","mom","MakeBelieve-26",NA,NA,NA
"CO_57612","CO_97385",0.989,0.01,0.002,0.006,62502,"2850-57612","Blue Cloud","mom","BlueCloud-09",NA,NA,NA,"2640-97385","Make Believe","mom","MakeBelieve-69",NA,NA,NA
"CO_57612","CO_97370",0.994,0.006,0,0.003,68276,"2850-57612","Blue Cloud","mom","BlueCloud-09",NA,NA,NA,"2640-97370","Cooks","mom","Cooks-23",NA,NA,NA
"CO_57612","CO_97596",0.989,0.009,0.002,0.006,60891,"2850-57612","Blue Cloud","mom","BlueCloud-09",NA,NA,NA,"2640-97596","Make Believe","mom","MakeBelieve-20",NA,NA,NA
"CO_57612","CO_97548",0.99,0.008,0.002,0.006,66650,"2850-57612","Blue Cloud","mom","BlueCloud-09",NA,NA,NA,"2640-97548","Blue Cloud","dad","BlueCloud-18",NA,NA,NA
"CO_57612","CO_57614",0.989,0.01,0.001,0.006,63127,"2850-57612","Blue Cloud","mom","BlueCloud-09",NA,NA,NA,"2850-57614","Blue Cloud","dad","BlueCloud-14",NA,NA,NA
"CO_57612","CO_57550",0.992,0.007,0.001,0.005,60707,"2850-57612","Blue Cloud","mom","BlueCloud-09",NA,NA,NA,"2850-57550","Cathys","mom","Cathys-03",NA,NA,NA
"CO_57612","CO_57557",0.99,0.009,0,0.005,61126,"2850-57612","Blue Cloud","mom","BlueCloud-09",NA,NA,NA,"2850-57557","Cooks","dad","Cooks-24",NA,NA,NA
"CO_57612","CO_57551",0.995,0.005,0,0.003,62039,"2850-57612","Blue Cloud","mom","BlueCloud-09",NA,NA,NA,"2850-57551","Struthers","mom","Struthers-20",NA,NA,NA
"CO_57612","CO_57609",0.992,0.008,0,0.004,59034,"2850-57612","Blue Cloud","mom","BlueCloud-09",NA,NA,NA,"2850-57609","Cooks","mom","Cooks-24",NA,NA,NA
"CO_57612","CO_57607",0.994,0.006,0,0.003,67208,"2850-57612","Blue Cloud","mom","BlueCloud-09",NA,NA,NA,"2850-57607","Schaaps","dad","Schaaps-108",NA,NA,NA
"CO_57612","CO_21085",0.991,0.008,0.001,0.005,59984,"2850-57612","Blue Cloud","mom","BlueCloud-09",NA,NA,NA,"2350-21085","Make Believe","dad","MakeBelieve-20",NA,NA,NA
"CO_57615","CO_57619",0.991,0.007,0.002,0.005,59142,"2850-57615","Urban Farm Girlz","dad","UrbanFarm-02",NA,NA,NA,"2850-57619","Reinarz","dad","Reinarz-01",NA,NA,NA
"CO_57612","CO_57620",0.99,0.009,0.001,0.006,62672,"2850-57612","Blue Cloud","mom","BlueCloud-09",NA,NA,NA,"2850-57620","Jims","dad","Jims-01",NA,NA,NA
"CO_57612","CO_57633",0.985,0.013,0.002,0.008,63484,"2850-57612","Blue Cloud","mom","BlueCloud-09",NA,NA,NA,"2850-57633","Cooks","dad","Cooks-31",NA,NA,NA
"CO_57612","CO_57701",0.994,0.006,0.001,0.004,57470,"2850-57612","Blue Cloud","mom","BlueCloud-09",NA,NA,NA,"2850-57701","Schaaps","dad","Schaaps-110",NA,NA,NA
"CO_57612","CO_57552",0.986,0.009,0.005,0.009,66263,"2850-57612","Blue Cloud","mom","BlueCloud-09",NA,NA,NA,"2850-57552","Struthers","dad","Struthers-20",NA,NA,NA
"CO_57615","CO_57631",0.988,0.007,0.005,0.008,52174,"2850-57615","Urban Farm Girlz","dad","UrbanFarm-02",NA,NA,NA,"2850-57631","Alishas","dad","none",NA,NA,NA
"CO_57612","CO_57518",0.991,0.008,0,0.005,60724,"2850-57612","Blue Cloud","mom","BlueCloud-09",NA,NA,NA,"2850-57518","Make Believe","dad","MakeBelieve-69",NA,NA,NA
"CO_57615","CO_57630",0.978,0.018,0.004,0.013,53724,"2850-57615","Urban Farm Girlz","dad","UrbanFarm-02",NA,NA,NA,"2850-57630","Alishas","dad","none",NA,NA,NA
"CO_57615","CO_57836",0.987,0.009,0.004,0.008,59228,"2850-57615","Urban Farm Girlz","dad","UrbanFarm-02",NA,NA,NA,"2850-57836","Make Believe","dad","MakeBelieve-26",NA,NA,NA
"CO_57612","CO_57636",0.982,0.016,0.002,0.01,61160,"2850-57612","Blue Cloud","mom","BlueCloud-09",NA,NA,NA,"2850-57636","Blue Cloud","dad","none",NA,NA,NA
"CO_57615","CO_57628",0.986,0.009,0.006,0.01,56166,"2850-57615","Urban Farm Girlz","dad","UrbanFarm-02",NA,NA,NA,"2850-57628","Alishas","dad","none",NA,NA,NA
"CO_57615","CO_57625",0.988,0.011,0.001,0.006,55906,"2850-57615","Urban Farm Girlz","dad","UrbanFarm-02",NA,NA,NA,"2850-57625","Alishas","dad","none",NA,NA,NA
"CO_57615","CO_57901",0.983,0.001,0.016,0.016,50803,"2850-57615","Urban Farm Girlz","dad","UrbanFarm-02",NA,NA,NA,"2850-57901","Blue Cloud","dad","BlueCloud-09",NA,NA,NA
"CO_57615","CO_57624",0.983,0.016,0.001,0.009,57153,"2850-57615","Urban Farm Girlz","dad","UrbanFarm-02",NA,NA,NA,"2850-57624","Urban Farm Girlz","dad","UrbanFarm-04",NA,NA,NA
"CO_57615","CO_57916",0.989,0.009,0.002,0.007,51955,"2850-57615","Urban Farm Girlz","dad","UrbanFarm-02",NA,NA,NA,"2850-57916","Alishas","dad","none",NA,NA,NA
"CO_57615","CO_63488",0.986,0.012,0.001,0.007,58965,"2850-57615","Urban Farm Girlz","dad","UrbanFarm-02",NA,NA,NA,"2510-63488","Make Believe","dad","MakeBelieve-17",NA,NA,NA
"CO_57615","CO_57853",0.99,0.009,0.001,0.005,50509,"2850-57615","Urban Farm Girlz","dad","UrbanFarm-02",NA,NA,NA,"2850-57853","Cooks","mom","Cooks-27",NA,NA,NA
"CO_57615","CO_57912",0.988,0.011,0.001,0.007,56252,"2850-57615","Urban Farm Girlz","dad","UrbanFarm-02",NA,NA,NA,"2850-57912","Cooks","dad","Cooks-27",NA,NA,NA
"CO_57615","CO_82916",0.981,0.017,0.002,0.01,51715,"2850-57615","Urban Farm Girlz","dad","UrbanFarm-02",NA,NA,NA,"2811-82916","Make Believe","dad","MakeBelieve-61",NA,NA,NA
"CO_57615","CO_57915",0.987,0.013,0,0.007,50067,"2850-57615","Urban Farm Girlz","dad","UrbanFarm-02",NA,NA,NA,"2850-57915","Alishas","dad","none",NA,NA,NA
"CO_57615","CO_57917",0.932,0.044,0.024,0.046,49163,"2850-57615","Urban Farm Girlz","dad","UrbanFarm-02",NA,NA,NA,"2850-57917","Alishas","dad","none",NA,NA,NA
"CO_57615","CO_97370",0.992,0.007,0.001,0.004,61918,"2850-57615","Urban Farm Girlz","dad","UrbanFarm-02",NA,NA,NA,"2640-97370","Cooks","mom","Cooks-23",NA,NA,NA
"CO_57615","CO_97347",0.99,0.009,0.001,0.005,58687,"2850-57615","Urban Farm Girlz","dad","UrbanFarm-02",NA,NA,NA,"2640-97347","Make Believe","mom","MakeBelieve-26",NA,NA,NA
"CO_57615","CO_97385",0.989,0.011,0,0.005,56622,"2850-57615","Urban Farm Girlz","dad","UrbanFarm-02",NA,NA,NA,"2640-97385","Make Believe","mom","MakeBelieve-69",NA,NA,NA
"CO_57615","CO_97596",0.988,0.011,0.001,0.007,55286,"2850-57615","Urban Farm Girlz","dad","UrbanFarm-02",NA,NA,NA,"2640-97596","Make Believe","mom","MakeBelieve-20",NA,NA,NA
"CO_57615","CO_57557",0.991,0.006,0.003,0.006,55534,"2850-57615","Urban Farm Girlz","dad","UrbanFarm-02",NA,NA,NA,"2850-57557","Cooks","dad","Cooks-24",NA,NA,NA
"CO_57615","CO_57620",0.98,0.01,0.01,0.015,56835,"2850-57615","Urban Farm Girlz","dad","UrbanFarm-02",NA,NA,NA,"2850-57620","Jims","dad","Jims-01",NA,NA,NA
"CO_57615","CO_57551",0.991,0.009,0,0.005,56096,"2850-57615","Urban Farm Girlz","dad","UrbanFarm-02",NA,NA,NA,"2850-57551","Struthers","mom","Struthers-20",NA,NA,NA
"CO_57615","CO_57550",0.99,0.008,0.002,0.006,55281,"2850-57615","Urban Farm Girlz","dad","UrbanFarm-02",NA,NA,NA,"2850-57550","Cathys","mom","Cathys-03",NA,NA,NA
"CO_57615","CO_57609",0.989,0.007,0.004,0.007,53556,"2850-57615","Urban Farm Girlz","dad","UrbanFarm-02",NA,NA,NA,"2850-57609","Cooks","mom","Cooks-24",NA,NA,NA
"CO_57615","CO_57614",0.991,0.008,0.002,0.005,57138,"2850-57615","Urban Farm Girlz","dad","UrbanFarm-02",NA,NA,NA,"2850-57614","Blue Cloud","dad","BlueCloud-14",NA,NA,NA
"CO_57615","CO_57633",0.973,0.014,0.013,0.02,57583,"2850-57615","Urban Farm Girlz","dad","UrbanFarm-02",NA,NA,NA,"2850-57633","Cooks","dad","Cooks-31",NA,NA,NA
"CO_57615","CO_21085",0.988,0.012,0,0.006,54418,"2850-57615","Urban Farm Girlz","dad","UrbanFarm-02",NA,NA,NA,"2350-21085","Make Believe","dad","MakeBelieve-20",NA,NA,NA
"CO_57615","CO_57636",0.978,0.015,0.006,0.014,55440,"2850-57615","Urban Farm Girlz","dad","UrbanFarm-02",NA,NA,NA,"2850-57636","Blue Cloud","dad","none",NA,NA,NA
"CO_57615","CO_57552",0.99,0.007,0.002,0.006,60061,"2850-57615","Urban Farm Girlz","dad","UrbanFarm-02",NA,NA,NA,"2850-57552","Struthers","dad","Struthers-20",NA,NA,NA
"CO_57615","CO_57607",0.99,0.01,0,0.005,60922,"2850-57615","Urban Farm Girlz","dad","UrbanFarm-02",NA,NA,NA,"2850-57607","Schaaps","dad","Schaaps-108",NA,NA,NA
"CO_57615","CO_97548",0.983,0.017,0,0.009,60414,"2850-57615","Urban Farm Girlz","dad","UrbanFarm-02",NA,NA,NA,"2640-97548","Blue Cloud","dad","BlueCloud-18",NA,NA,NA
"CO_57619","CO_57631",0.979,0.02,0.001,0.011,56509,"2850-57619","Reinarz","dad","Reinarz-01",NA,NA,NA,"2850-57631","Alishas","dad","none",NA,NA,NA
"CO_57615","CO_57518",0.993,0.007,0,0.004,55157,"2850-57615","Urban Farm Girlz","dad","UrbanFarm-02",NA,NA,NA,"2850-57518","Make Believe","dad","MakeBelieve-69",NA,NA,NA
"CO_57615","CO_57701",0.994,0.006,0,0.003,52050,"2850-57615","Urban Farm Girlz","dad","UrbanFarm-02",NA,NA,NA,"2850-57701","Schaaps","dad","Schaaps-110",NA,NA,NA
"CO_57619","CO_57624",0.983,0.014,0.003,0.01,61955,"2850-57619","Reinarz","dad","Reinarz-01",NA,NA,NA,"2850-57624","Urban Farm Girlz","dad","UrbanFarm-04",NA,NA,NA
"CO_57619","CO_57901",0.972,0.022,0.006,0.017,55006,"2850-57619","Reinarz","dad","Reinarz-01",NA,NA,NA,"2850-57901","Blue Cloud","dad","BlueCloud-09",NA,NA,NA
"CO_57619","CO_57853",0.979,0.019,0.002,0.012,54752,"2850-57619","Reinarz","dad","Reinarz-01",NA,NA,NA,"2850-57853","Cooks","mom","Cooks-27",NA,NA,NA
"CO_57619","CO_57625",0.977,0.021,0.002,0.012,60594,"2850-57619","Reinarz","dad","Reinarz-01",NA,NA,NA,"2850-57625","Alishas","dad","none",NA,NA,NA
"CO_57619","CO_57628",0.968,0.016,0.016,0.024,60691,"2850-57619","Reinarz","dad","Reinarz-01",NA,NA,NA,"2850-57628","Alishas","dad","none",NA,NA,NA
"CO_57619","CO_57912",0.971,0.022,0.007,0.018,61000,"2850-57619","Reinarz","dad","Reinarz-01",NA,NA,NA,"2850-57912","Cooks","dad","Cooks-27",NA,NA,NA
"CO_57619","CO_57630",0.967,0.032,0.001,0.017,58091,"2850-57619","Reinarz","dad","Reinarz-01",NA,NA,NA,"2850-57630","Alishas","dad","none",NA,NA,NA
"CO_57619","CO_57836",0.987,0.01,0.003,0.008,64182,"2850-57619","Reinarz","dad","Reinarz-01",NA,NA,NA,"2850-57836","Make Believe","dad","MakeBelieve-26",NA,NA,NA
"CO_57619","CO_57915",0.982,0.018,0.001,0.01,54288,"2850-57619","Reinarz","dad","Reinarz-01",NA,NA,NA,"2850-57915","Alishas","dad","none",NA,NA,NA
"CO_57619","CO_57916",0.973,0.023,0.004,0.016,56206,"2850-57619","Reinarz","dad","Reinarz-01",NA,NA,NA,"2850-57916","Alishas","dad","none",NA,NA,NA
"CO_57619","CO_63488",0.991,0.009,0,0.005,63878,"2850-57619","Reinarz","dad","Reinarz-01",NA,NA,NA,"2510-63488","Make Believe","dad","MakeBelieve-17",NA,NA,NA
"CO_57619","CO_57917",0.976,0.023,0.001,0.012,53374,"2850-57619","Reinarz","dad","Reinarz-01",NA,NA,NA,"2850-57917","Alishas","dad","none",NA,NA,NA
"CO_57619","CO_82916",0.975,0.02,0.005,0.015,56049,"2850-57619","Reinarz","dad","Reinarz-01",NA,NA,NA,"2811-82916","Make Believe","dad","MakeBelieve-61",NA,NA,NA
"CO_57619","CO_97385",0.989,0.011,0,0.006,61454,"2850-57619","Reinarz","dad","Reinarz-01",NA,NA,NA,"2640-97385","Make Believe","mom","MakeBelieve-69",NA,NA,NA
"CO_57619","CO_97596",0.99,0.009,0.001,0.005,59893,"2850-57619","Reinarz","dad","Reinarz-01",NA,NA,NA,"2640-97596","Make Believe","mom","MakeBelieve-20",NA,NA,NA
"CO_57619","CO_97347",0.992,0.008,0,0.004,63711,"2850-57619","Reinarz","dad","Reinarz-01",NA,NA,NA,"2640-97347","Make Believe","mom","MakeBelieve-26",NA,NA,NA
"CO_57619","CO_97370",0.992,0.008,0,0.004,67150,"2850-57619","Reinarz","dad","Reinarz-01",NA,NA,NA,"2640-97370","Cooks","mom","Cooks-23",NA,NA,NA
"CO_57619","CO_57609",0.989,0.011,0,0.006,57958,"2850-57619","Reinarz","dad","Reinarz-01",NA,NA,NA,"2850-57609","Cooks","mom","Cooks-24",NA,NA,NA
"CO_57619","CO_57551",0.991,0.008,0.001,0.005,60921,"2850-57619","Reinarz","dad","Reinarz-01",NA,NA,NA,"2850-57551","Struthers","mom","Struthers-20",NA,NA,NA
"CO_57619","CO_57550",0.985,0.013,0.002,0.008,59740,"2850-57619","Reinarz","dad","Reinarz-01",NA,NA,NA,"2850-57550","Cathys","mom","Cathys-03",NA,NA,NA
"CO_57619","CO_97548",0.986,0.009,0.005,0.01,65420,"2850-57619","Reinarz","dad","Reinarz-01",NA,NA,NA,"2640-97548","Blue Cloud","dad","BlueCloud-18",NA,NA,NA
"CO_57619","CO_57614",0.977,0.019,0.004,0.014,61981,"2850-57619","Reinarz","dad","Reinarz-01",NA,NA,NA,"2850-57614","Blue Cloud","dad","BlueCloud-14",NA,NA,NA
"CO_57619","CO_57557",0.983,0.011,0.006,0.011,60143,"2850-57619","Reinarz","dad","Reinarz-01",NA,NA,NA,"2850-57557","Cooks","dad","Cooks-24",NA,NA,NA
"CO_57619","CO_57620",0.982,0.016,0.001,0.01,61511,"2850-57619","Reinarz","dad","Reinarz-01",NA,NA,NA,"2850-57620","Jims","dad","Jims-01",NA,NA,NA
"CO_57619","CO_21085",0.984,0.013,0.003,0.01,58890,"2850-57619","Reinarz","dad","Reinarz-01",NA,NA,NA,"2350-21085","Make Believe","dad","MakeBelieve-20",NA,NA,NA
"CO_57619","CO_57636",0.975,0.019,0.006,0.016,60191,"2850-57619","Reinarz","dad","Reinarz-01",NA,NA,NA,"2850-57636","Blue Cloud","dad","none",NA,NA,NA
"CO_57619","CO_57633",0.98,0.019,0.001,0.01,62390,"2850-57619","Reinarz","dad","Reinarz-01",NA,NA,NA,"2850-57633","Cooks","dad","Cooks-31",NA,NA,NA
"CO_57624","CO_57630",0.973,0.016,0.011,0.019,56260,"2850-57624","Urban Farm Girlz","dad","UrbanFarm-04",NA,NA,NA,"2850-57630","Alishas","dad","none",NA,NA,NA
"CO_57624","CO_57836",0.985,0.009,0.006,0.01,61968,"2850-57624","Urban Farm Girlz","dad","UrbanFarm-04",NA,NA,NA,"2850-57836","Make Believe","dad","MakeBelieve-26",NA,NA,NA
"CO_57619","CO_57701",0.987,0.008,0.005,0.009,56484,"2850-57619","Reinarz","dad","Reinarz-01",NA,NA,NA,"2850-57701","Schaaps","dad","Schaaps-110",NA,NA,NA
"CO_57624","CO_57631",0.968,0.018,0.013,0.022,54632,"2850-57624","Urban Farm Girlz","dad","UrbanFarm-04",NA,NA,NA,"2850-57631","Alishas","dad","none",NA,NA,NA
"CO_57619","CO_57518",0.992,0.008,0,0.004,59671,"2850-57619","Reinarz","dad","Reinarz-01",NA,NA,NA,"2850-57518","Make Believe","dad","MakeBelieve-69",NA,NA,NA
"CO_57619","CO_57552",0.986,0.013,0.002,0.008,65075,"2850-57619","Reinarz","dad","Reinarz-01",NA,NA,NA,"2850-57552","Struthers","dad","Struthers-20",NA,NA,NA
"CO_57624","CO_57625",0.977,0.012,0.011,0.017,58519,"2850-57624","Urban Farm Girlz","dad","UrbanFarm-04",NA,NA,NA,"2850-57625","Alishas","dad","none",NA,NA,NA
"CO_57619","CO_57607",0.985,0.014,0.001,0.008,66026,"2850-57619","Reinarz","dad","Reinarz-01",NA,NA,NA,"2850-57607","Schaaps","dad","Schaaps-108",NA,NA,NA
"CO_57624","CO_57912",0.976,0.014,0.01,0.017,58868,"2850-57624","Urban Farm Girlz","dad","UrbanFarm-04",NA,NA,NA,"2850-57912","Cooks","dad","Cooks-27",NA,NA,NA
"CO_57624","CO_57853",0.98,0.018,0.003,0.011,52933,"2850-57624","Urban Farm Girlz","dad","UrbanFarm-04",NA,NA,NA,"2850-57853","Cooks","mom","Cooks-27",NA,NA,NA
"CO_57624","CO_57628",0.972,0.021,0.007,0.017,58690,"2850-57624","Urban Farm Girlz","dad","UrbanFarm-04",NA,NA,NA,"2850-57628","Alishas","dad","none",NA,NA,NA
"CO_57624","CO_57915",0.98,0.017,0.003,0.012,52462,"2850-57624","Urban Farm Girlz","dad","UrbanFarm-04",NA,NA,NA,"2850-57915","Alishas","dad","none",NA,NA,NA
"CO_57624","CO_57901",0.978,0.018,0.004,0.013,53313,"2850-57624","Urban Farm Girlz","dad","UrbanFarm-04",NA,NA,NA,"2850-57901","Blue Cloud","dad","BlueCloud-09",NA,NA,NA
"CO_57624","CO_57917",0.985,0.008,0.006,0.01,51534,"2850-57624","Urban Farm Girlz","dad","UrbanFarm-04",NA,NA,NA,"2850-57917","Alishas","dad","none",NA,NA,NA
"CO_57624","CO_63488",0.99,0.01,0.001,0.006,61762,"2850-57624","Urban Farm Girlz","dad","UrbanFarm-04",NA,NA,NA,"2510-63488","Make Believe","dad","MakeBelieve-17",NA,NA,NA
"CO_57624","CO_82916",0.973,0.016,0.011,0.019,54205,"2850-57624","Urban Farm Girlz","dad","UrbanFarm-04",NA,NA,NA,"2811-82916","Make Believe","dad","MakeBelieve-61",NA,NA,NA
"CO_57624","CO_57916",0.964,0.03,0.006,0.021,54386,"2850-57624","Urban Farm Girlz","dad","UrbanFarm-04",NA,NA,NA,"2850-57916","Alishas","dad","none",NA,NA,NA
"CO_57624","CO_97370",0.99,0.003,0.007,0.008,64841,"2850-57624","Urban Farm Girlz","dad","UrbanFarm-04",NA,NA,NA,"2640-97370","Cooks","mom","Cooks-23",NA,NA,NA
"CO_57624","CO_97347",0.986,0.012,0.002,0.008,61589,"2850-57624","Urban Farm Girlz","dad","UrbanFarm-04",NA,NA,NA,"2640-97347","Make Believe","mom","MakeBelieve-26",NA,NA,NA
"CO_57624","CO_97385",0.986,0.012,0.002,0.008,59339,"2850-57624","Urban Farm Girlz","dad","UrbanFarm-04",NA,NA,NA,"2640-97385","Make Believe","mom","MakeBelieve-69",NA,NA,NA
"CO_57624","CO_97596",0.986,0.013,0.001,0.008,57816,"2850-57624","Urban Farm Girlz","dad","UrbanFarm-04",NA,NA,NA,"2640-97596","Make Believe","mom","MakeBelieve-20",NA,NA,NA
"CO_57624","CO_57614",0.977,0.014,0.009,0.016,59801,"2850-57624","Urban Farm Girlz","dad","UrbanFarm-04",NA,NA,NA,"2850-57614","Blue Cloud","dad","BlueCloud-14",NA,NA,NA
"CO_57624","CO_97548",0.982,0.016,0.002,0.01,63278,"2850-57624","Urban Farm Girlz","dad","UrbanFarm-04",NA,NA,NA,"2640-97548","Blue Cloud","dad","BlueCloud-18",NA,NA,NA
"CO_57624","CO_57633",0.984,0.014,0.002,0.009,60344,"2850-57624","Urban Farm Girlz","dad","UrbanFarm-04",NA,NA,NA,"2850-57633","Cooks","dad","Cooks-31",NA,NA,NA
"CO_57624","CO_57557",0.988,0.011,0.001,0.007,57958,"2850-57624","Urban Farm Girlz","dad","UrbanFarm-04",NA,NA,NA,"2850-57557","Cooks","dad","Cooks-24",NA,NA,NA
"CO_57624","CO_57609",0.987,0.008,0.005,0.009,56047,"2850-57624","Urban Farm Girlz","dad","UrbanFarm-04",NA,NA,NA,"2850-57609","Cooks","mom","Cooks-24",NA,NA,NA
"CO_57624","CO_57551",0.992,0.008,0,0.004,58814,"2850-57624","Urban Farm Girlz","dad","UrbanFarm-04",NA,NA,NA,"2850-57551","Struthers","mom","Struthers-20",NA,NA,NA
"CO_57624","CO_57620",0.981,0.013,0.006,0.013,59413,"2850-57624","Urban Farm Girlz","dad","UrbanFarm-04",NA,NA,NA,"2850-57620","Jims","dad","Jims-01",NA,NA,NA
"CO_57624","CO_57550",0.978,0.02,0.002,0.012,57755,"2850-57624","Urban Farm Girlz","dad","UrbanFarm-04",NA,NA,NA,"2850-57550","Cathys","mom","Cathys-03",NA,NA,NA
"CO_57624","CO_21085",0.981,0.015,0.004,0.011,56960,"2850-57624","Urban Farm Girlz","dad","UrbanFarm-04",NA,NA,NA,"2350-21085","Make Believe","dad","MakeBelieve-20",NA,NA,NA
"CO_57624","CO_57701",0.989,0.01,0.001,0.006,54580,"2850-57624","Urban Farm Girlz","dad","UrbanFarm-04",NA,NA,NA,"2850-57701","Schaaps","dad","Schaaps-110",NA,NA,NA
"CO_57624","CO_57552",0.979,0.018,0.003,0.012,62925,"2850-57624","Urban Farm Girlz","dad","UrbanFarm-04",NA,NA,NA,"2850-57552","Struthers","dad","Struthers-20",NA,NA,NA
"CO_57624","CO_57607",0.982,0.018,0,0.009,63819,"2850-57624","Urban Farm Girlz","dad","UrbanFarm-04",NA,NA,NA,"2850-57607","Schaaps","dad","Schaaps-108",NA,NA,NA
"CO_57624","CO_57636",0.977,0.017,0.006,0.015,58202,"2850-57624","Urban Farm Girlz","dad","UrbanFarm-04",NA,NA,NA,"2850-57636","Blue Cloud","dad","none",NA,NA,NA
"CO_57624","CO_57518",0.984,0.014,0.002,0.009,57721,"2850-57624","Urban Farm Girlz","dad","UrbanFarm-04",NA,NA,NA,"2850-57518","Make Believe","dad","MakeBelieve-69",NA,NA,NA
"CO_57625","CO_57628",0.973,0.021,0.006,0.016,57404,"2850-57625","Alishas","dad","none",NA,NA,NA,"2850-57628","Alishas","dad","none",NA,NA,NA
"CO_57625","CO_57630",0.968,0.028,0.004,0.018,54956,"2850-57625","Alishas","dad","none",NA,NA,NA,"2850-57630","Alishas","dad","none",NA,NA,NA
"CO_57625","CO_57912",0.951,0.034,0.016,0.033,57649,"2850-57625","Alishas","dad","none",NA,NA,NA,"2850-57912","Cooks","dad","Cooks-27",NA,NA,NA
"CO_57625","CO_57915",0.96,0.029,0.011,0.026,51222,"2850-57625","Alishas","dad","none",NA,NA,NA,"2850-57915","Alishas","dad","none",NA,NA,NA
"CO_57625","CO_57916",0.938,0.058,0.004,0.033,53146,"2850-57625","Alishas","dad","none",NA,NA,NA,"2850-57916","Alishas","dad","none",NA,NA,NA
"CO_57625","CO_57917",0.956,0.038,0.006,0.025,50320,"2850-57625","Alishas","dad","none",NA,NA,NA,"2850-57917","Alishas","dad","none",NA,NA,NA
"CO_57625","CO_82916",0.966,0.008,0.026,0.03,52846,"2850-57625","Alishas","dad","none",NA,NA,NA,"2811-82916","Make Believe","dad","MakeBelieve-61",NA,NA,NA
"CO_57625","CO_57631",0.974,0.019,0.007,0.017,53411,"2850-57625","Alishas","dad","none",NA,NA,NA,"2850-57631","Alishas","dad","none",NA,NA,NA
"CO_57625","CO_57836",0.985,0.015,0,0.008,60625,"2850-57625","Alishas","dad","none",NA,NA,NA,"2850-57836","Make Believe","dad","MakeBelieve-26",NA,NA,NA
"CO_57625","CO_57901",0.968,0.031,0.002,0.017,51957,"2850-57625","Alishas","dad","none",NA,NA,NA,"2850-57901","Blue Cloud","dad","BlueCloud-09",NA,NA,NA
"CO_57625","CO_57853",0.971,0.028,0.001,0.015,51730,"2850-57625","Alishas","dad","none",NA,NA,NA,"2850-57853","Cooks","mom","Cooks-27",NA,NA,NA
"CO_57625","CO_63488",0.984,0.014,0.002,0.009,60378,"2850-57625","Alishas","dad","none",NA,NA,NA,"2510-63488","Make Believe","dad","MakeBelieve-17",NA,NA,NA
"CO_57625","CO_97370",0.989,0.01,0.001,0.006,63398,"2850-57625","Alishas","dad","none",NA,NA,NA,"2640-97370","Cooks","mom","Cooks-23",NA,NA,NA
"CO_57625","CO_97347",0.982,0.016,0.002,0.01,60205,"2850-57625","Alishas","dad","none",NA,NA,NA,"2640-97347","Make Believe","mom","MakeBelieve-26",NA,NA,NA
"CO_57625","CO_97596",0.975,0.022,0.003,0.014,56471,"2850-57625","Alishas","dad","none",NA,NA,NA,"2640-97596","Make Believe","mom","MakeBelieve-20",NA,NA,NA
"CO_57625","CO_97385",0.977,0.022,0.001,0.012,57991,"2850-57625","Alishas","dad","none",NA,NA,NA,"2640-97385","Make Believe","mom","MakeBelieve-69",NA,NA,NA
"CO_57625","CO_57609",0.987,0.013,0.001,0.007,54869,"2850-57625","Alishas","dad","none",NA,NA,NA,"2850-57609","Cooks","mom","Cooks-24",NA,NA,NA
"CO_57625","CO_57633",0.968,0.017,0.015,0.024,58951,"2850-57625","Alishas","dad","none",NA,NA,NA,"2850-57633","Cooks","dad","Cooks-31",NA,NA,NA
"CO_57625","CO_57557",0.981,0.019,0,0.01,56811,"2850-57625","Alishas","dad","none",NA,NA,NA,"2850-57557","Cooks","dad","Cooks-24",NA,NA,NA
"CO_57625","CO_57551",0.99,0.008,0.001,0.005,57533,"2850-57625","Alishas","dad","none",NA,NA,NA,"2850-57551","Struthers","mom","Struthers-20",NA,NA,NA
"CO_57625","CO_57620",0.976,0.016,0.008,0.016,58142,"2850-57625","Alishas","dad","none",NA,NA,NA,"2850-57620","Jims","dad","Jims-01",NA,NA,NA
"CO_57625","CO_57550",0.98,0.018,0.001,0.01,56540,"2850-57625","Alishas","dad","none",NA,NA,NA,"2850-57550","Cathys","mom","Cathys-03",NA,NA,NA
"CO_57625","CO_97548",0.978,0.017,0.005,0.013,61768,"2850-57625","Alishas","dad","none",NA,NA,NA,"2640-97548","Blue Cloud","dad","BlueCloud-18",NA,NA,NA
"CO_57625","CO_57614",0.985,0.015,0,0.008,58434,"2850-57625","Alishas","dad","none",NA,NA,NA,"2850-57614","Blue Cloud","dad","BlueCloud-14",NA,NA,NA
"CO_57625","CO_57518",0.983,0.01,0.007,0.012,56334,"2850-57625","Alishas","dad","none",NA,NA,NA,"2850-57518","Make Believe","dad","MakeBelieve-69",NA,NA,NA
"CO_57625","CO_21085",0.973,0.024,0.003,0.015,55710,"2850-57625","Alishas","dad","none",NA,NA,NA,"2350-21085","Make Believe","dad","MakeBelieve-20",NA,NA,NA
"CO_57625","CO_57552",0.986,0.011,0.002,0.008,61497,"2850-57625","Alishas","dad","none",NA,NA,NA,"2850-57552","Struthers","dad","Struthers-20",NA,NA,NA
"CO_57625","CO_57607",0.982,0.017,0.001,0.009,62431,"2850-57625","Alishas","dad","none",NA,NA,NA,"2850-57607","Schaaps","dad","Schaaps-108",NA,NA,NA
"CO_57628","CO_57853",0.99,0.001,0.009,0.01,51938,"2850-57628","Alishas","dad","none",NA,NA,NA,"2850-57853","Cooks","mom","Cooks-27",NA,NA,NA
"CO_57625","CO_57636",0.974,0.017,0.009,0.018,56760,"2850-57625","Alishas","dad","none",NA,NA,NA,"2850-57636","Blue Cloud","dad","none",NA,NA,NA
"CO_57628","CO_57630",0.97,0.02,0.01,0.02,55096,"2850-57628","Alishas","dad","none",NA,NA,NA,"2850-57630","Alishas","dad","none",NA,NA,NA
"CO_57628","CO_57836",0.888,0.051,0.062,0.087,60743,"2850-57628","Alishas","dad","none",NA,NA,NA,"2850-57836","Make Believe","dad","MakeBelieve-26",NA,NA,NA
"CO_57625","CO_57701",0.991,0.009,0.001,0.005,53229,"2850-57625","Alishas","dad","none",NA,NA,NA,"2850-57701","Schaaps","dad","Schaaps-110",NA,NA,NA
"CO_57628","CO_63488",0.988,0.011,0.001,0.006,60545,"2850-57628","Alishas","dad","none",NA,NA,NA,"2510-63488","Make Believe","dad","MakeBelieve-17",NA,NA,NA
"CO_57628","CO_57901",0.976,0.019,0.006,0.015,52121,"2850-57628","Alishas","dad","none",NA,NA,NA,"2850-57901","Blue Cloud","dad","BlueCloud-09",NA,NA,NA
"CO_57628","CO_57917",0.966,0.031,0.003,0.018,50550,"2850-57628","Alishas","dad","none",NA,NA,NA,"2850-57917","Alishas","dad","none",NA,NA,NA
"CO_57628","CO_57631",0.963,0.034,0.003,0.02,53466,"2850-57628","Alishas","dad","none",NA,NA,NA,"2850-57631","Alishas","dad","none",NA,NA,NA
"CO_57628","CO_57916",0.968,0.027,0.005,0.019,53300,"2850-57628","Alishas","dad","none",NA,NA,NA,"2850-57916","Alishas","dad","none",NA,NA,NA
"CO_57628","CO_57912",0.968,0.03,0.002,0.017,57782,"2850-57628","Alishas","dad","none",NA,NA,NA,"2850-57912","Cooks","dad","Cooks-27",NA,NA,NA
"CO_57628","CO_57915",0.983,0.017,0,0.009,51253,"2850-57628","Alishas","dad","none",NA,NA,NA,"2850-57915","Alishas","dad","none",NA,NA,NA
"CO_57628","CO_82916",0.978,0.021,0.001,0.012,53042,"2850-57628","Alishas","dad","none",NA,NA,NA,"2811-82916","Make Believe","dad","MakeBelieve-61",NA,NA,NA
"CO_57628","CO_97370",0.991,0.005,0.005,0.007,63465,"2850-57628","Alishas","dad","none",NA,NA,NA,"2640-97370","Cooks","mom","Cooks-23",NA,NA,NA
"CO_57628","CO_97347",0.991,0.008,0.001,0.005,60279,"2850-57628","Alishas","dad","none",NA,NA,NA,"2640-97347","Make Believe","mom","MakeBelieve-26",NA,NA,NA
"CO_57628","CO_97596",0.988,0.012,0,0.006,56572,"2850-57628","Alishas","dad","none",NA,NA,NA,"2640-97596","Make Believe","mom","MakeBelieve-20",NA,NA,NA
"CO_57628","CO_97385",0.992,0.008,0,0.004,58158,"2850-57628","Alishas","dad","none",NA,NA,NA,"2640-97385","Make Believe","mom","MakeBelieve-69",NA,NA,NA
"CO_57628","CO_57550",0.987,0.012,0.002,0.007,56663,"2850-57628","Alishas","dad","none",NA,NA,NA,"2850-57550","Cathys","mom","Cathys-03",NA,NA,NA
"CO_57628","CO_57551",0.987,0.012,0.001,0.007,57693,"2850-57628","Alishas","dad","none",NA,NA,NA,"2850-57551","Struthers","mom","Struthers-20",NA,NA,NA
"CO_57628","CO_97548",0.986,0.014,0.001,0.008,61906,"2850-57628","Alishas","dad","none",NA,NA,NA,"2640-97548","Blue Cloud","dad","BlueCloud-18",NA,NA,NA
"CO_57628","CO_21085",0.982,0.011,0.007,0.012,55849,"2850-57628","Alishas","dad","none",NA,NA,NA,"2350-21085","Make Believe","dad","MakeBelieve-20",NA,NA,NA
"CO_57628","CO_57620",0.989,0.01,0.001,0.006,58229,"2850-57628","Alishas","dad","none",NA,NA,NA,"2850-57620","Jims","dad","Jims-01",NA,NA,NA
"CO_57628","CO_57609",0.988,0.01,0.002,0.007,54866,"2850-57628","Alishas","dad","none",NA,NA,NA,"2850-57609","Cooks","mom","Cooks-24",NA,NA,NA
"CO_57628","CO_57701",0.993,0.007,0,0.003,53412,"2850-57628","Alishas","dad","none",NA,NA,NA,"2850-57701","Schaaps","dad","Schaaps-110",NA,NA,NA
"CO_57628","CO_57607",0.987,0.013,0,0.007,62478,"2850-57628","Alishas","dad","none",NA,NA,NA,"2850-57607","Schaaps","dad","Schaaps-108",NA,NA,NA
"CO_57630","CO_57631",0.964,0.018,0.018,0.027,51261,"2850-57630","Alishas","dad","none",NA,NA,NA,"2850-57631","Alishas","dad","none",NA,NA,NA
"CO_57628","CO_57557",0.988,0.008,0.004,0.008,56893,"2850-57628","Alishas","dad","none",NA,NA,NA,"2850-57557","Cooks","dad","Cooks-24",NA,NA,NA
"CO_57628","CO_57633",0.978,0.016,0.006,0.014,59129,"2850-57628","Alishas","dad","none",NA,NA,NA,"2850-57633","Cooks","dad","Cooks-31",NA,NA,NA
"CO_57628","CO_57518",0.991,0.009,0.001,0.005,56429,"2850-57628","Alishas","dad","none",NA,NA,NA,"2850-57518","Make Believe","dad","MakeBelieve-69",NA,NA,NA
"CO_57628","CO_57636",0.98,0.012,0.007,0.014,56994,"2850-57628","Alishas","dad","none",NA,NA,NA,"2850-57636","Blue Cloud","dad","none",NA,NA,NA
"CO_57630","CO_57836",0.987,0.013,0,0.007,58169,"2850-57630","Alishas","dad","none",NA,NA,NA,"2850-57836","Make Believe","dad","MakeBelieve-26",NA,NA,NA
"CO_57628","CO_57614",0.982,0.016,0.001,0.009,58593,"2850-57628","Alishas","dad","none",NA,NA,NA,"2850-57614","Blue Cloud","dad","BlueCloud-14",NA,NA,NA
"CO_57630","CO_57912",0.965,0.029,0.006,0.021,55274,"2850-57630","Alishas","dad","none",NA,NA,NA,"2850-57912","Cooks","dad","Cooks-27",NA,NA,NA
"CO_57630","CO_57916",0.97,0.028,0.002,0.016,51019,"2850-57630","Alishas","dad","none",NA,NA,NA,"2850-57916","Alishas","dad","none",NA,NA,NA
"CO_57630","CO_57915",0.955,0.04,0.005,0.025,49103,"2850-57630","Alishas","dad","none",NA,NA,NA,"2850-57915","Alishas","dad","none",NA,NA,NA
"CO_57628","CO_57552",0.985,0.014,0.001,0.008,61625,"2850-57628","Alishas","dad","none",NA,NA,NA,"2850-57552","Struthers","dad","Struthers-20",NA,NA,NA
"CO_57630","CO_57901",0.978,0.019,0.004,0.013,50021,"2850-57630","Alishas","dad","none",NA,NA,NA,"2850-57901","Blue Cloud","dad","BlueCloud-09",NA,NA,NA
"CO_57630","CO_57853",0.97,0.026,0.004,0.017,49673,"2850-57630","Alishas","dad","none",NA,NA,NA,"2850-57853","Cooks","mom","Cooks-27",NA,NA,NA
"CO_57630","CO_63488",0.985,0.013,0.001,0.008,57961,"2850-57630","Alishas","dad","none",NA,NA,NA,"2510-63488","Make Believe","dad","MakeBelieve-17",NA,NA,NA
"CO_57630","CO_57917",0.976,0.021,0.002,0.013,48321,"2850-57630","Alishas","dad","none",NA,NA,NA,"2850-57917","Alishas","dad","none",NA,NA,NA
"CO_57630","CO_82916",0.974,0.026,0,0.013,50872,"2850-57630","Alishas","dad","none",NA,NA,NA,"2811-82916","Make Believe","dad","MakeBelieve-61",NA,NA,NA
"CO_57630","CO_97370",0.985,0.015,0,0.007,60859,"2850-57630","Alishas","dad","none",NA,NA,NA,"2640-97370","Cooks","mom","Cooks-23",NA,NA,NA
"CO_57630","CO_97596",0.96,0.038,0.002,0.021,54316,"2850-57630","Alishas","dad","none",NA,NA,NA,"2640-97596","Make Believe","mom","MakeBelieve-20",NA,NA,NA
"CO_57630","CO_97347",0.982,0.017,0.001,0.009,57765,"2850-57630","Alishas","dad","none",NA,NA,NA,"2640-97347","Make Believe","mom","MakeBelieve-26",NA,NA,NA
"CO_57630","CO_97385",0.985,0.015,0,0.008,55820,"2850-57630","Alishas","dad","none",NA,NA,NA,"2640-97385","Make Believe","mom","MakeBelieve-69",NA,NA,NA
"CO_57630","CO_97548",0.983,0.014,0.003,0.01,59326,"2850-57630","Alishas","dad","none",NA,NA,NA,"2640-97548","Blue Cloud","dad","BlueCloud-18",NA,NA,NA
"CO_57630","CO_57557",0.987,0.011,0.002,0.008,54540,"2850-57630","Alishas","dad","none",NA,NA,NA,"2850-57557","Cooks","dad","Cooks-24",NA,NA,NA
"CO_57630","CO_57620",0.965,0.021,0.014,0.025,55830,"2850-57630","Alishas","dad","none",NA,NA,NA,"2850-57620","Jims","dad","Jims-01",NA,NA,NA
"CO_57630","CO_57633",0.969,0.027,0.004,0.018,56634,"2850-57630","Alishas","dad","none",NA,NA,NA,"2850-57633","Cooks","dad","Cooks-31",NA,NA,NA
"CO_57630","CO_57614",0.981,0.013,0.006,0.012,56206,"2850-57630","Alishas","dad","none",NA,NA,NA,"2850-57614","Blue Cloud","dad","BlueCloud-14",NA,NA,NA
"CO_57630","CO_57609",0.981,0.015,0.004,0.011,52498,"2850-57630","Alishas","dad","none",NA,NA,NA,"2850-57609","Cooks","mom","Cooks-24",NA,NA,NA
"CO_57630","CO_57550",0.98,0.018,0.002,0.011,54238,"2850-57630","Alishas","dad","none",NA,NA,NA,"2850-57550","Cathys","mom","Cathys-03",NA,NA,NA
"CO_57630","CO_57551",0.99,0.01,0,0.005,55159,"2850-57630","Alishas","dad","none",NA,NA,NA,"2850-57551","Struthers","mom","Struthers-20",NA,NA,NA
"CO_57630","CO_57607",0.991,0.009,0.001,0.005,59794,"2850-57630","Alishas","dad","none",NA,NA,NA,"2850-57607","Schaaps","dad","Schaaps-108",NA,NA,NA
"CO_57630","CO_57636",0.967,0.028,0.004,0.018,54578,"2850-57630","Alishas","dad","none",NA,NA,NA,"2850-57636","Blue Cloud","dad","none",NA,NA,NA
"CO_57630","CO_57518",0.981,0.019,0,0.009,54145,"2850-57630","Alishas","dad","none",NA,NA,NA,"2850-57518","Make Believe","dad","MakeBelieve-69",NA,NA,NA
"CO_57630","CO_57552",0.987,0.009,0.003,0.008,59042,"2850-57630","Alishas","dad","none",NA,NA,NA,"2850-57552","Struthers","dad","Struthers-20",NA,NA,NA
"CO_57630","CO_21085",0.985,0.014,0.001,0.008,53647,"2850-57630","Alishas","dad","none",NA,NA,NA,"2350-21085","Make Believe","dad","MakeBelieve-20",NA,NA,NA
"CO_57631","CO_57836",0.984,0.009,0.007,0.011,56651,"2850-57631","Alishas","dad","none",NA,NA,NA,"2850-57836","Make Believe","dad","MakeBelieve-26",NA,NA,NA
"CO_57630","CO_57701",0.984,0.013,0.003,0.009,51262,"2850-57630","Alishas","dad","none",NA,NA,NA,"2850-57701","Schaaps","dad","Schaaps-110",NA,NA,NA
"CO_57631","CO_57853",0.985,0.012,0.003,0.009,48229,"2850-57631","Alishas","dad","none",NA,NA,NA,"2850-57853","Cooks","mom","Cooks-27",NA,NA,NA
"CO_57631","CO_57917",0.962,0.023,0.015,0.027,47029,"2850-57631","Alishas","dad","none",NA,NA,NA,"2850-57917","Alishas","dad","none",NA,NA,NA
"CO_57631","CO_63488",0.982,0.016,0.003,0.01,56394,"2850-57631","Alishas","dad","none",NA,NA,NA,"2510-63488","Make Believe","dad","MakeBelieve-17",NA,NA,NA
"CO_57631","CO_82916",0.978,0.015,0.008,0.015,49493,"2850-57631","Alishas","dad","none",NA,NA,NA,"2811-82916","Make Believe","dad","MakeBelieve-61",NA,NA,NA
"CO_57631","CO_57901",0.978,0.021,0.002,0.012,48527,"2850-57631","Alishas","dad","none",NA,NA,NA,"2850-57901","Blue Cloud","dad","BlueCloud-09",NA,NA,NA
"CO_57631","CO_57912",0.97,0.029,0.001,0.015,53802,"2850-57631","Alishas","dad","none",NA,NA,NA,"2850-57912","Cooks","dad","Cooks-27",NA,NA,NA
"CO_57631","CO_57915",0.955,0.043,0.002,0.023,47775,"2850-57631","Alishas","dad","none",NA,NA,NA,"2850-57915","Alishas","dad","none",NA,NA,NA
"CO_57631","CO_57916",0.939,0.052,0.01,0.035,49657,"2850-57631","Alishas","dad","none",NA,NA,NA,"2850-57916","Alishas","dad","none",NA,NA,NA
"CO_57631","CO_97385",0.972,0.023,0.005,0.017,54164,"2850-57631","Alishas","dad","none",NA,NA,NA,"2640-97385","Make Believe","mom","MakeBelieve-69",NA,NA,NA
"CO_57631","CO_97596",0.976,0.021,0.003,0.013,52734,"2850-57631","Alishas","dad","none",NA,NA,NA,"2640-97596","Make Believe","mom","MakeBelieve-20",NA,NA,NA
"CO_57631","CO_97370",0.985,0.014,0.001,0.008,59145,"2850-57631","Alishas","dad","none",NA,NA,NA,"2640-97370","Cooks","mom","Cooks-23",NA,NA,NA
"CO_57631","CO_97347",0.986,0.013,0,0.007,56102,"2850-57631","Alishas","dad","none",NA,NA,NA,"2640-97347","Make Believe","mom","MakeBelieve-26",NA,NA,NA
"CO_57631","CO_57551",0.987,0.008,0.005,0.009,53693,"2850-57631","Alishas","dad","none",NA,NA,NA,"2850-57551","Struthers","mom","Struthers-20",NA,NA,NA
"CO_57631","CO_57557",0.986,0.011,0.002,0.008,52976,"2850-57631","Alishas","dad","none",NA,NA,NA,"2850-57557","Cooks","dad","Cooks-24",NA,NA,NA
"CO_57631","CO_57550",0.977,0.019,0.004,0.014,52865,"2850-57631","Alishas","dad","none",NA,NA,NA,"2850-57550","Cathys","mom","Cathys-03",NA,NA,NA
"CO_57631","CO_97548",0.988,0.012,0,0.006,57705,"2850-57631","Alishas","dad","none",NA,NA,NA,"2640-97548","Blue Cloud","dad","BlueCloud-18",NA,NA,NA
"CO_57631","CO_57633",0.956,0.043,0.001,0.022,55070,"2850-57631","Alishas","dad","none",NA,NA,NA,"2850-57633","Cooks","dad","Cooks-31",NA,NA,NA
"CO_57631","CO_57609",0.977,0.021,0.001,0.012,51120,"2850-57631","Alishas","dad","none",NA,NA,NA,"2850-57609","Cooks","mom","Cooks-24",NA,NA,NA
"CO_57631","CO_57620",0.969,0.021,0.01,0.021,54282,"2850-57631","Alishas","dad","none",NA,NA,NA,"2850-57620","Jims","dad","Jims-01",NA,NA,NA
"CO_57631","CO_57614",0.972,0.025,0.003,0.016,54510,"2850-57631","Alishas","dad","none",NA,NA,NA,"2850-57614","Blue Cloud","dad","BlueCloud-14",NA,NA,NA
"CO_57631","CO_57701",0.99,0.008,0.002,0.006,49835,"2850-57631","Alishas","dad","none",NA,NA,NA,"2850-57701","Schaaps","dad","Schaaps-110",NA,NA,NA
"CO_57631","CO_57636",0.966,0.028,0.006,0.02,53098,"2850-57631","Alishas","dad","none",NA,NA,NA,"2850-57636","Blue Cloud","dad","none",NA,NA,NA
"CO_57631","CO_57552",0.992,0.008,0,0.004,57366,"2850-57631","Alishas","dad","none",NA,NA,NA,"2850-57552","Struthers","dad","Struthers-20",NA,NA,NA
"CO_57836","CO_57915",0.986,0.012,0.002,0.008,54298,"2850-57836","Make Believe","dad","MakeBelieve-26",NA,NA,NA,"2850-57915","Alishas","dad","none",NA,NA,NA
"CO_57631","CO_21085",0.984,0.015,0.001,0.009,52061,"2850-57631","Alishas","dad","none",NA,NA,NA,"2350-21085","Make Believe","dad","MakeBelieve-20",NA,NA,NA
"CO_57631","CO_57518",0.985,0.015,0,0.008,52558,"2850-57631","Alishas","dad","none",NA,NA,NA,"2850-57518","Make Believe","dad","MakeBelieve-69",NA,NA,NA
"CO_57836","CO_63488",0.993,0.007,0,0.003,64026,"2850-57836","Make Believe","dad","MakeBelieve-26",NA,NA,NA,"2510-63488","Make Believe","dad","MakeBelieve-17",NA,NA,NA
"CO_57836","CO_82916",0.989,0.011,0.001,0.006,56034,"2850-57836","Make Believe","dad","MakeBelieve-26",NA,NA,NA,"2811-82916","Make Believe","dad","MakeBelieve-61",NA,NA,NA
"CO_57836","CO_57853",0.989,0.01,0.001,0.006,54795,"2850-57836","Make Believe","dad","MakeBelieve-26",NA,NA,NA,"2850-57853","Cooks","mom","Cooks-27",NA,NA,NA
"CO_57836","CO_57917",0.988,0.008,0.003,0.007,53355,"2850-57836","Make Believe","dad","MakeBelieve-26",NA,NA,NA,"2850-57917","Alishas","dad","none",NA,NA,NA
"CO_57631","CO_57607",0.969,0.031,0,0.016,58188,"2850-57631","Alishas","dad","none",NA,NA,NA,"2850-57607","Schaaps","dad","Schaaps-108",NA,NA,NA
"CO_57836","CO_57901",0.985,0.012,0.003,0.009,55145,"2850-57836","Make Believe","dad","MakeBelieve-26",NA,NA,NA,"2850-57901","Blue Cloud","dad","BlueCloud-09",NA,NA,NA
"CO_57836","CO_57912",0.987,0.013,0,0.007,60990,"2850-57836","Make Believe","dad","MakeBelieve-26",NA,NA,NA,"2850-57912","Cooks","dad","Cooks-27",NA,NA,NA
"CO_57836","CO_57916",0.988,0.012,0.001,0.006,56309,"2850-57836","Make Believe","dad","MakeBelieve-26",NA,NA,NA,"2850-57916","Alishas","dad","none",NA,NA,NA
"CO_57836","CO_97347",0.994,0.006,0,0.003,63769,"2850-57836","Make Believe","dad","MakeBelieve-26",NA,NA,NA,"2640-97347","Make Believe","mom","MakeBelieve-26",NA,NA,NA
"CO_57836","CO_97370",0.994,0.006,0,0.003,67168,"2850-57836","Make Believe","dad","MakeBelieve-26",NA,NA,NA,"2640-97370","Cooks","mom","Cooks-23",NA,NA,NA
"CO_57836","CO_97385",0.992,0.007,0.001,0.005,61498,"2850-57836","Make Believe","dad","MakeBelieve-26",NA,NA,NA,"2640-97385","Make Believe","mom","MakeBelieve-69",NA,NA,NA
"CO_57836","CO_97596",0.99,0.009,0.001,0.005,59878,"2850-57836","Make Believe","dad","MakeBelieve-26",NA,NA,NA,"2640-97596","Make Believe","mom","MakeBelieve-20",NA,NA,NA
"CO_57836","CO_57557",0.994,0.004,0.001,0.004,60159,"2850-57836","Make Believe","dad","MakeBelieve-26",NA,NA,NA,"2850-57557","Cooks","dad","Cooks-24",NA,NA,NA
"CO_57836","CO_57550",0.99,0.008,0.002,0.006,59854,"2850-57836","Make Believe","dad","MakeBelieve-26",NA,NA,NA,"2850-57550","Cathys","mom","Cathys-03",NA,NA,NA
"CO_57836","CO_57551",0.994,0.006,0,0.003,60924,"2850-57836","Make Believe","dad","MakeBelieve-26",NA,NA,NA,"2850-57551","Struthers","mom","Struthers-20",NA,NA,NA
"CO_57836","CO_57609",0.989,0.01,0.001,0.006,58053,"2850-57836","Make Believe","dad","MakeBelieve-26",NA,NA,NA,"2850-57609","Cooks","mom","Cooks-24",NA,NA,NA
"CO_57836","CO_57614",0.991,0.008,0.002,0.005,62010,"2850-57836","Make Believe","dad","MakeBelieve-26",NA,NA,NA,"2850-57614","Blue Cloud","dad","BlueCloud-14",NA,NA,NA
"CO_57836","CO_21085",0.993,0.007,0,0.004,59039,"2850-57836","Make Believe","dad","MakeBelieve-26",NA,NA,NA,"2350-21085","Make Believe","dad","MakeBelieve-20",NA,NA,NA
"CO_57836","CO_57620",0.988,0.011,0.001,0.007,61520,"2850-57836","Make Believe","dad","MakeBelieve-26",NA,NA,NA,"2850-57620","Jims","dad","Jims-01",NA,NA,NA
"CO_57836","CO_57607",0.992,0.007,0.001,0.004,66101,"2850-57836","Make Believe","dad","MakeBelieve-26",NA,NA,NA,"2850-57607","Schaaps","dad","Schaaps-108",NA,NA,NA
"CO_57836","CO_97548",0.993,0.007,0,0.004,65551,"2850-57836","Make Believe","dad","MakeBelieve-26",NA,NA,NA,"2640-97548","Blue Cloud","dad","BlueCloud-18",NA,NA,NA
"CO_57836","CO_57701",0.992,0.007,0.001,0.005,56558,"2850-57836","Make Believe","dad","MakeBelieve-26",NA,NA,NA,"2850-57701","Schaaps","dad","Schaaps-110",NA,NA,NA
"CO_57836","CO_57633",0.993,0.007,0,0.003,62405,"2850-57836","Make Believe","dad","MakeBelieve-26",NA,NA,NA,"2850-57633","Cooks","dad","Cooks-31",NA,NA,NA
"CO_57836","CO_57636",0.988,0.01,0.002,0.007,60154,"2850-57836","Make Believe","dad","MakeBelieve-26",NA,NA,NA,"2850-57636","Blue Cloud","dad","none",NA,NA,NA
"CO_57836","CO_57518",0.993,0.007,0,0.004,59693,"2850-57836","Make Believe","dad","MakeBelieve-26",NA,NA,NA,"2850-57518","Make Believe","dad","MakeBelieve-69",NA,NA,NA
"CO_57853","CO_63488",0.99,0.008,0.001,0.006,54609,"2850-57853","Cooks","mom","Cooks-27",NA,NA,NA,"2510-63488","Make Believe","dad","MakeBelieve-17",NA,NA,NA
"CO_57853","CO_57915",0.979,0.013,0.007,0.014,46338,"2850-57853","Cooks","mom","Cooks-27",NA,NA,NA,"2850-57915","Alishas","dad","none",NA,NA,NA
"CO_57853","CO_57916",0.971,0.027,0.002,0.015,48043,"2850-57853","Cooks","mom","Cooks-27",NA,NA,NA,"2850-57916","Alishas","dad","none",NA,NA,NA
"CO_57853","CO_57917",0.97,0.029,0.001,0.015,45534,"2850-57853","Cooks","mom","Cooks-27",NA,NA,NA,"2850-57917","Alishas","dad","none",NA,NA,NA
"CO_57836","CO_57552",0.992,0.007,0,0.004,65105,"2850-57836","Make Believe","dad","MakeBelieve-26",NA,NA,NA,"2850-57552","Struthers","dad","Struthers-20",NA,NA,NA
"CO_57853","CO_82916",0.983,0.014,0.003,0.01,47883,"2850-57853","Cooks","mom","Cooks-27",NA,NA,NA,"2811-82916","Make Believe","dad","MakeBelieve-61",NA,NA,NA
"CO_57853","CO_57901",0.979,0.019,0.002,0.012,47079,"2850-57853","Cooks","mom","Cooks-27",NA,NA,NA,"2850-57901","Blue Cloud","dad","BlueCloud-09",NA,NA,NA
"CO_57853","CO_57912",0.982,0.018,0,0.009,52060,"2850-57853","Cooks","mom","Cooks-27",NA,NA,NA,"2850-57912","Cooks","dad","Cooks-27",NA,NA,NA
"CO_57853","CO_97347",0.992,0.008,0,0.004,54396,"2850-57853","Cooks","mom","Cooks-27",NA,NA,NA,"2640-97347","Make Believe","mom","MakeBelieve-26",NA,NA,NA
"CO_57853","CO_97370",0.991,0.009,0,0.005,57310,"2850-57853","Cooks","mom","Cooks-27",NA,NA,NA,"2640-97370","Cooks","mom","Cooks-23",NA,NA,NA
"CO_57853","CO_97385",0.988,0.011,0.001,0.006,52423,"2850-57853","Cooks","mom","Cooks-27",NA,NA,NA,"2640-97385","Make Believe","mom","MakeBelieve-69",NA,NA,NA
"CO_57853","CO_97596",0.989,0.01,0,0.005,51201,"2850-57853","Cooks","mom","Cooks-27",NA,NA,NA,"2640-97596","Make Believe","mom","MakeBelieve-20",NA,NA,NA
"CO_57853","CO_97548",0.991,0.008,0.002,0.005,55915,"2850-57853","Cooks","mom","Cooks-27",NA,NA,NA,"2640-97548","Blue Cloud","dad","BlueCloud-18",NA,NA,NA
"CO_57853","CO_57551",0.993,0.001,0.006,0.006,52007,"2850-57853","Cooks","mom","Cooks-27",NA,NA,NA,"2850-57551","Struthers","mom","Struthers-20",NA,NA,NA
"CO_57853","CO_57557",0.992,0.008,0,0.004,51238,"2850-57853","Cooks","mom","Cooks-27",NA,NA,NA,"2850-57557","Cooks","dad","Cooks-24",NA,NA,NA
"CO_57853","CO_57633",0.978,0.02,0.001,0.012,53279,"2850-57853","Cooks","mom","Cooks-27",NA,NA,NA,"2850-57633","Cooks","dad","Cooks-31",NA,NA,NA
"CO_57853","CO_57550",0.99,0.009,0.002,0.006,51137,"2850-57853","Cooks","mom","Cooks-27",NA,NA,NA,"2850-57550","Cathys","mom","Cathys-03",NA,NA,NA
"CO_57853","CO_57620",0.97,0.028,0.002,0.016,52613,"2850-57853","Cooks","mom","Cooks-27",NA,NA,NA,"2850-57620","Jims","dad","Jims-01",NA,NA,NA
"CO_57853","CO_57518",0.991,0.001,0.007,0.008,50973,"2850-57853","Cooks","mom","Cooks-27",NA,NA,NA,"2850-57518","Make Believe","dad","MakeBelieve-69",NA,NA,NA
"CO_57853","CO_57609",0.991,0.009,0,0.004,49474,"2850-57853","Cooks","mom","Cooks-27",NA,NA,NA,"2850-57609","Cooks","mom","Cooks-24",NA,NA,NA
"CO_57853","CO_57552",0.993,0.007,0,0.004,55607,"2850-57853","Cooks","mom","Cooks-27",NA,NA,NA,"2850-57552","Struthers","dad","Struthers-20",NA,NA,NA
"CO_57853","CO_57607",0.982,0.018,0,0.009,56311,"2850-57853","Cooks","mom","Cooks-27",NA,NA,NA,"2850-57607","Schaaps","dad","Schaaps-108",NA,NA,NA
"CO_57853","CO_57614",0.99,0.01,0,0.005,52887,"2850-57853","Cooks","mom","Cooks-27",NA,NA,NA,"2850-57614","Blue Cloud","dad","BlueCloud-14",NA,NA,NA
"CO_57853","CO_21085",0.987,0.011,0.002,0.007,50364,"2850-57853","Cooks","mom","Cooks-27",NA,NA,NA,"2350-21085","Make Believe","dad","MakeBelieve-20",NA,NA,NA
"CO_57901","CO_57912",0.962,0.028,0.011,0.025,52382,"2850-57901","Blue Cloud","dad","BlueCloud-09",NA,NA,NA,"2850-57912","Cooks","dad","Cooks-27",NA,NA,NA
"CO_57853","CO_57701",0.991,0.008,0,0.004,48312,"2850-57853","Cooks","mom","Cooks-27",NA,NA,NA,"2850-57701","Schaaps","dad","Schaaps-110",NA,NA,NA
"CO_57853","CO_57636",0.983,0.017,0,0.009,51351,"2850-57853","Cooks","mom","Cooks-27",NA,NA,NA,"2850-57636","Blue Cloud","dad","none",NA,NA,NA
"CO_57901","CO_57916",0.969,0.025,0.006,0.018,48432,"2850-57901","Blue Cloud","dad","BlueCloud-09",NA,NA,NA,"2850-57916","Alishas","dad","none",NA,NA,NA
"CO_57901","CO_57915",0.977,0.018,0.005,0.014,46728,"2850-57901","Blue Cloud","dad","BlueCloud-09",NA,NA,NA,"2850-57915","Alishas","dad","none",NA,NA,NA
"CO_57901","CO_63488",0.985,0.015,0,0.008,54808,"2850-57901","Blue Cloud","dad","BlueCloud-09",NA,NA,NA,"2510-63488","Make Believe","dad","MakeBelieve-17",NA,NA,NA
"CO_57901","CO_82916",0.975,0.021,0.004,0.014,48186,"2850-57901","Blue Cloud","dad","BlueCloud-09",NA,NA,NA,"2811-82916","Make Believe","dad","MakeBelieve-61",NA,NA,NA
"CO_57901","CO_57917",0.98,0.019,0.001,0.011,45824,"2850-57901","Blue Cloud","dad","BlueCloud-09",NA,NA,NA,"2850-57917","Alishas","dad","none",NA,NA,NA
"CO_57901","CO_97370",0.991,0.009,0,0.005,57675,"2850-57901","Blue Cloud","dad","BlueCloud-09",NA,NA,NA,"2640-97370","Cooks","mom","Cooks-23",NA,NA,NA
"CO_57901","CO_97347",0.991,0.009,0,0.005,54751,"2850-57901","Blue Cloud","dad","BlueCloud-09",NA,NA,NA,"2640-97347","Make Believe","mom","MakeBelieve-26",NA,NA,NA
"CO_57901","CO_97385",0.983,0.016,0.001,0.009,52758,"2850-57901","Blue Cloud","dad","BlueCloud-09",NA,NA,NA,"2640-97385","Make Believe","mom","MakeBelieve-69",NA,NA,NA
"CO_57901","CO_97596",0.985,0.015,0.001,0.008,51452,"2850-57901","Blue Cloud","dad","BlueCloud-09",NA,NA,NA,"2640-97596","Make Believe","mom","MakeBelieve-20",NA,NA,NA
"CO_57901","CO_57609",0.99,0.009,0.002,0.006,49819,"2850-57901","Blue Cloud","dad","BlueCloud-09",NA,NA,NA,"2850-57609","Cooks","mom","Cooks-24",NA,NA,NA
"CO_57901","CO_57614",0.976,0.018,0.006,0.015,53227,"2850-57901","Blue Cloud","dad","BlueCloud-09",NA,NA,NA,"2850-57614","Blue Cloud","dad","BlueCloud-14",NA,NA,NA
"CO_57901","CO_97548",0.991,0.008,0.002,0.005,56204,"2850-57901","Blue Cloud","dad","BlueCloud-09",NA,NA,NA,"2640-97548","Blue Cloud","dad","BlueCloud-18",NA,NA,NA
"CO_57901","CO_57620",0.979,0.002,0.019,0.02,52942,"2850-57901","Blue Cloud","dad","BlueCloud-09",NA,NA,NA,"2850-57620","Jims","dad","Jims-01",NA,NA,NA
"CO_57901","CO_57550",0.98,0.02,0,0.01,51356,"2850-57901","Blue Cloud","dad","BlueCloud-09",NA,NA,NA,"2850-57550","Cathys","mom","Cathys-03",NA,NA,NA
"CO_57901","CO_57551",0.988,0.012,0,0.006,52372,"2850-57901","Blue Cloud","dad","BlueCloud-09",NA,NA,NA,"2850-57551","Struthers","mom","Struthers-20",NA,NA,NA
"CO_57901","CO_57557",0.983,0.009,0.008,0.013,51617,"2850-57901","Blue Cloud","dad","BlueCloud-09",NA,NA,NA,"2850-57557","Cooks","dad","Cooks-24",NA,NA,NA
"CO_57901","CO_57636",0.966,0.023,0.011,0.023,51726,"2850-57901","Blue Cloud","dad","BlueCloud-09",NA,NA,NA,"2850-57636","Blue Cloud","dad","none",NA,NA,NA
"CO_57901","CO_57518",0.989,0.011,0,0.006,51281,"2850-57901","Blue Cloud","dad","BlueCloud-09",NA,NA,NA,"2850-57518","Make Believe","dad","MakeBelieve-69",NA,NA,NA
"CO_57901","CO_57607",0.984,0.014,0.001,0.008,56733,"2850-57901","Blue Cloud","dad","BlueCloud-09",NA,NA,NA,"2850-57607","Schaaps","dad","Schaaps-108",NA,NA,NA
"CO_57901","CO_57701",0.992,0.008,0,0.004,48540,"2850-57901","Blue Cloud","dad","BlueCloud-09",NA,NA,NA,"2850-57701","Schaaps","dad","Schaaps-110",NA,NA,NA
"CO_57901","CO_57633",0.983,0.016,0.001,0.009,53691,"2850-57901","Blue Cloud","dad","BlueCloud-09",NA,NA,NA,"2850-57633","Cooks","dad","Cooks-31",NA,NA,NA
"CO_57901","CO_21085",0.969,0.029,0.002,0.017,50688,"2850-57901","Blue Cloud","dad","BlueCloud-09",NA,NA,NA,"2350-21085","Make Believe","dad","MakeBelieve-20",NA,NA,NA
"CO_57912","CO_63488",0.983,0.013,0.004,0.011,60812,"2850-57912","Cooks","dad","Cooks-27",NA,NA,NA,"2510-63488","Make Believe","dad","MakeBelieve-17",NA,NA,NA
"CO_57901","CO_57552",0.987,0.011,0.002,0.007,55925,"2850-57901","Blue Cloud","dad","BlueCloud-09",NA,NA,NA,"2850-57552","Struthers","dad","Struthers-20",NA,NA,NA
"CO_57912","CO_57916",0.974,0.023,0.003,0.015,53505,"2850-57912","Cooks","dad","Cooks-27",NA,NA,NA,"2850-57916","Alishas","dad","none",NA,NA,NA
"CO_57912","CO_82916",0.968,0.026,0.006,0.019,53179,"2850-57912","Cooks","dad","Cooks-27",NA,NA,NA,"2811-82916","Make Believe","dad","MakeBelieve-61",NA,NA,NA
"CO_57912","CO_57915",0.968,0.031,0.001,0.017,51577,"2850-57912","Cooks","dad","Cooks-27",NA,NA,NA,"2850-57915","Alishas","dad","none",NA,NA,NA
"CO_57912","CO_57917",0.958,0.037,0.005,0.024,50648,"2850-57912","Cooks","dad","Cooks-27",NA,NA,NA,"2850-57917","Alishas","dad","none",NA,NA,NA
"CO_57912","CO_97347",0.99,0.009,0.001,0.005,60546,"2850-57912","Cooks","dad","Cooks-27",NA,NA,NA,"2640-97347","Make Believe","mom","MakeBelieve-26",NA,NA,NA
"CO_57912","CO_97596",0.979,0.011,0.01,0.016,56858,"2850-57912","Cooks","dad","Cooks-27",NA,NA,NA,"2640-97596","Make Believe","mom","MakeBelieve-20",NA,NA,NA
"CO_57912","CO_97370",0.99,0.009,0,0.005,63778,"2850-57912","Cooks","dad","Cooks-27",NA,NA,NA,"2640-97370","Cooks","mom","Cooks-23",NA,NA,NA
"CO_57912","CO_97385",0.989,0.011,0,0.005,58369,"2850-57912","Cooks","dad","Cooks-27",NA,NA,NA,"2640-97385","Make Believe","mom","MakeBelieve-69",NA,NA,NA
"CO_57912","CO_57551",0.982,0.009,0.009,0.014,57950,"2850-57912","Cooks","dad","Cooks-27",NA,NA,NA,"2850-57551","Struthers","mom","Struthers-20",NA,NA,NA
"CO_57912","CO_57609",0.988,0.011,0,0.006,55160,"2850-57912","Cooks","dad","Cooks-27",NA,NA,NA,"2850-57609","Cooks","mom","Cooks-24",NA,NA,NA
"CO_57912","CO_57614",0.985,0.015,0.001,0.008,58797,"2850-57912","Cooks","dad","Cooks-27",NA,NA,NA,"2850-57614","Blue Cloud","dad","BlueCloud-14",NA,NA,NA
"CO_57912","CO_57550",0.978,0.016,0.006,0.014,56908,"2850-57912","Cooks","dad","Cooks-27",NA,NA,NA,"2850-57550","Cathys","mom","Cathys-03",NA,NA,NA
"CO_57912","CO_57557",0.979,0.021,0,0.011,57049,"2850-57912","Cooks","dad","Cooks-27",NA,NA,NA,"2850-57557","Cooks","dad","Cooks-24",NA,NA,NA
"CO_57912","CO_57518",0.979,0.018,0.003,0.012,56661,"2850-57912","Cooks","dad","Cooks-27",NA,NA,NA,"2850-57518","Make Believe","dad","MakeBelieve-69",NA,NA,NA
"CO_57912","CO_57701",0.992,0.007,0.001,0.004,53826,"2850-57912","Cooks","dad","Cooks-27",NA,NA,NA,"2850-57701","Schaaps","dad","Schaaps-110",NA,NA,NA
"CO_57912","CO_97548",0.986,0.013,0.001,0.008,62212,"2850-57912","Cooks","dad","Cooks-27",NA,NA,NA,"2640-97548","Blue Cloud","dad","BlueCloud-18",NA,NA,NA
"CO_57912","CO_57633",0.985,0.012,0.002,0.008,59313,"2850-57912","Cooks","dad","Cooks-27",NA,NA,NA,"2850-57633","Cooks","dad","Cooks-31",NA,NA,NA
"CO_57912","CO_57620",0.962,0.032,0.007,0.023,58497,"2850-57912","Cooks","dad","Cooks-27",NA,NA,NA,"2850-57620","Jims","dad","Jims-01",NA,NA,NA
"CO_57915","CO_82916",0.979,0.012,0.009,0.015,47245,"2850-57915","Alishas","dad","none",NA,NA,NA,"2811-82916","Make Believe","dad","MakeBelieve-61",NA,NA,NA
"CO_57912","CO_57636",0.981,0.019,0.001,0.01,57324,"2850-57912","Cooks","dad","Cooks-27",NA,NA,NA,"2850-57636","Blue Cloud","dad","none",NA,NA,NA
"CO_57912","CO_21085",0.982,0.017,0.001,0.009,56098,"2850-57912","Cooks","dad","Cooks-27",NA,NA,NA,"2350-21085","Make Believe","dad","MakeBelieve-20",NA,NA,NA
"CO_57915","CO_63488",0.986,0.014,0.001,0.007,53980,"2850-57915","Alishas","dad","none",NA,NA,NA,"2510-63488","Make Believe","dad","MakeBelieve-17",NA,NA,NA
"CO_57912","CO_57552",0.991,0.009,0,0.005,61823,"2850-57912","Cooks","dad","Cooks-27",NA,NA,NA,"2850-57552","Struthers","dad","Struthers-20",NA,NA,NA
"CO_57912","CO_57607",0.978,0.021,0,0.011,62834,"2850-57912","Cooks","dad","Cooks-27",NA,NA,NA,"2850-57607","Schaaps","dad","Schaaps-108",NA,NA,NA
"CO_57915","CO_57916",0.976,0.022,0.003,0.014,47634,"2850-57915","Alishas","dad","none",NA,NA,NA,"2850-57916","Alishas","dad","none",NA,NA,NA
"CO_57915","CO_57917",0.985,0.015,0.001,0.008,45167,"2850-57915","Alishas","dad","none",NA,NA,NA,"2850-57917","Alishas","dad","none",NA,NA,NA
"CO_57915","CO_97370",0.985,0.001,0.014,0.014,56736,"2850-57915","Alishas","dad","none",NA,NA,NA,"2640-97370","Cooks","mom","Cooks-23",NA,NA,NA
"CO_57915","CO_97385",0.964,0.035,0,0.018,51987,"2850-57915","Alishas","dad","none",NA,NA,NA,"2640-97385","Make Believe","mom","MakeBelieve-69",NA,NA,NA
"CO_57915","CO_97596",0.981,0.018,0,0.009,50615,"2850-57915","Alishas","dad","none",NA,NA,NA,"2640-97596","Make Believe","mom","MakeBelieve-20",NA,NA,NA
"CO_57915","CO_97347",0.986,0.013,0,0.007,53964,"2850-57915","Alishas","dad","none",NA,NA,NA,"2640-97347","Make Believe","mom","MakeBelieve-26",NA,NA,NA
"CO_57915","CO_57550",0.982,0.015,0.003,0.011,50692,"2850-57915","Alishas","dad","none",NA,NA,NA,"2850-57550","Cathys","mom","Cathys-03",NA,NA,NA
"CO_57915","CO_57609",0.989,0.011,0,0.006,48965,"2850-57915","Alishas","dad","none",NA,NA,NA,"2850-57609","Cooks","mom","Cooks-24",NA,NA,NA
"CO_57915","CO_57551",0.991,0.009,0,0.004,51529,"2850-57915","Alishas","dad","none",NA,NA,NA,"2850-57551","Struthers","mom","Struthers-20",NA,NA,NA
"CO_57915","CO_57614",0.987,0.013,0.001,0.007,52314,"2850-57915","Alishas","dad","none",NA,NA,NA,"2850-57614","Blue Cloud","dad","BlueCloud-14",NA,NA,NA
"CO_57915","CO_97548",0.986,0.012,0.002,0.008,55329,"2850-57915","Alishas","dad","none",NA,NA,NA,"2640-97548","Blue Cloud","dad","BlueCloud-18",NA,NA,NA
"CO_57915","CO_57518",0.98,0.02,0,0.01,50417,"2850-57915","Alishas","dad","none",NA,NA,NA,"2850-57518","Make Believe","dad","MakeBelieve-69",NA,NA,NA
"CO_57915","CO_57557",0.985,0.011,0.004,0.009,50805,"2850-57915","Alishas","dad","none",NA,NA,NA,"2850-57557","Cooks","dad","Cooks-24",NA,NA,NA
"CO_57915","CO_57636",0.965,0.027,0.008,0.022,50801,"2850-57915","Alishas","dad","none",NA,NA,NA,"2850-57636","Blue Cloud","dad","none",NA,NA,NA
"CO_57915","CO_57607",0.977,0.021,0.002,0.012,55836,"2850-57915","Alishas","dad","none",NA,NA,NA,"2850-57607","Schaaps","dad","Schaaps-108",NA,NA,NA
"CO_57915","CO_57633",0.963,0.032,0.005,0.021,52791,"2850-57915","Alishas","dad","none",NA,NA,NA,"2850-57633","Cooks","dad","Cooks-31",NA,NA,NA
"CO_57915","CO_57620",0.973,0.024,0.003,0.015,52119,"2850-57915","Alishas","dad","none",NA,NA,NA,"2850-57620","Jims","dad","Jims-01",NA,NA,NA
"CO_57915","CO_21085",0.981,0.018,0.001,0.01,49837,"2850-57915","Alishas","dad","none",NA,NA,NA,"2350-21085","Make Believe","dad","MakeBelieve-20",NA,NA,NA
"CO_57915","CO_57701",0.982,0.013,0.005,0.012,47771,"2850-57915","Alishas","dad","none",NA,NA,NA,"2850-57701","Schaaps","dad","Schaaps-110",NA,NA,NA
"CO_57916","CO_57917",0.969,0.021,0.009,0.02,46842,"2850-57916","Alishas","dad","none",NA,NA,NA,"2850-57917","Alishas","dad","none",NA,NA,NA
"CO_57915","CO_57552",0.987,0.012,0.001,0.007,55011,"2850-57915","Alishas","dad","none",NA,NA,NA,"2850-57552","Struthers","dad","Struthers-20",NA,NA,NA
"CO_57916","CO_82916",0.985,0.012,0.004,0.01,49177,"2850-57916","Alishas","dad","none",NA,NA,NA,"2811-82916","Make Believe","dad","MakeBelieve-61",NA,NA,NA
"CO_57916","CO_63488",0.99,0.01,0,0.005,56121,"2850-57916","Alishas","dad","none",NA,NA,NA,"2510-63488","Make Believe","dad","MakeBelieve-17",NA,NA,NA
"CO_57916","CO_97347",0.987,0.012,0.001,0.007,55734,"2850-57916","Alishas","dad","none",NA,NA,NA,"2640-97347","Make Believe","mom","MakeBelieve-26",NA,NA,NA
"CO_57916","CO_97370",0.984,0.016,0,0.008,58860,"2850-57916","Alishas","dad","none",NA,NA,NA,"2640-97370","Cooks","mom","Cooks-23",NA,NA,NA
"CO_57916","CO_97385",0.974,0.025,0,0.013,53854,"2850-57916","Alishas","dad","none",NA,NA,NA,"2640-97385","Make Believe","mom","MakeBelieve-69",NA,NA,NA
"CO_57916","CO_97596",0.984,0.015,0.001,0.009,52428,"2850-57916","Alishas","dad","none",NA,NA,NA,"2640-97596","Make Believe","mom","MakeBelieve-20",NA,NA,NA
"CO_57916","CO_57551",0.989,0.003,0.008,0.01,53509,"2850-57916","Alishas","dad","none",NA,NA,NA,"2850-57551","Struthers","mom","Struthers-20",NA,NA,NA
"CO_57916","CO_57550",0.978,0.022,0,0.011,52462,"2850-57916","Alishas","dad","none",NA,NA,NA,"2850-57550","Cathys","mom","Cathys-03",NA,NA,NA
"CO_57916","CO_57557",0.989,0.01,0,0.005,52780,"2850-57916","Alishas","dad","none",NA,NA,NA,"2850-57557","Cooks","dad","Cooks-24",NA,NA,NA
"CO_57916","CO_57518",0.988,0.007,0.006,0.009,52363,"2850-57916","Alishas","dad","none",NA,NA,NA,"2850-57518","Make Believe","dad","MakeBelieve-69",NA,NA,NA
"CO_57916","CO_21085",0.981,0.015,0.004,0.012,51768,"2850-57916","Alishas","dad","none",NA,NA,NA,"2350-21085","Make Believe","dad","MakeBelieve-20",NA,NA,NA
"CO_57916","CO_57609",0.981,0.017,0.002,0.01,50827,"2850-57916","Alishas","dad","none",NA,NA,NA,"2850-57609","Cooks","mom","Cooks-24",NA,NA,NA
"CO_57916","CO_57620",0.967,0.028,0.005,0.019,54028,"2850-57916","Alishas","dad","none",NA,NA,NA,"2850-57620","Jims","dad","Jims-01",NA,NA,NA
"CO_57916","CO_57633",0.966,0.025,0.009,0.022,54760,"2850-57916","Alishas","dad","none",NA,NA,NA,"2850-57633","Cooks","dad","Cooks-31",NA,NA,NA
"CO_57916","CO_57614",0.973,0.023,0.004,0.016,54278,"2850-57916","Alishas","dad","none",NA,NA,NA,"2850-57614","Blue Cloud","dad","BlueCloud-14",NA,NA,NA
"CO_57916","CO_57701",0.989,0.01,0,0.005,49507,"2850-57916","Alishas","dad","none",NA,NA,NA,"2850-57701","Schaaps","dad","Schaaps-110",NA,NA,NA
"CO_57917","CO_82916",0.987,0.013,0,0.007,46685,"2850-57917","Alishas","dad","none",NA,NA,NA,"2811-82916","Make Believe","dad","MakeBelieve-61",NA,NA,NA
"CO_57916","CO_97548",0.988,0.012,0,0.006,57414,"2850-57916","Alishas","dad","none",NA,NA,NA,"2640-97548","Blue Cloud","dad","BlueCloud-18",NA,NA,NA
"CO_57917","CO_63488",0.983,0.01,0.007,0.012,53101,"2850-57917","Alishas","dad","none",NA,NA,NA,"2510-63488","Make Believe","dad","MakeBelieve-17",NA,NA,NA
"CO_57916","CO_57636",0.971,0.025,0.004,0.016,52785,"2850-57916","Alishas","dad","none",NA,NA,NA,"2850-57636","Blue Cloud","dad","none",NA,NA,NA
"CO_57916","CO_57607",0.977,0.022,0.002,0.013,57934,"2850-57916","Alishas","dad","none",NA,NA,NA,"2850-57607","Schaaps","dad","Schaaps-108",NA,NA,NA
"CO_57916","CO_57552",0.987,0.013,0,0.007,57200,"2850-57916","Alishas","dad","none",NA,NA,NA,"2850-57552","Struthers","dad","Struthers-20",NA,NA,NA
"CO_57917","CO_97347",0.986,0.014,0.001,0.007,53015,"2850-57917","Alishas","dad","none",NA,NA,NA,"2640-97347","Make Believe","mom","MakeBelieve-26",NA,NA,NA
"CO_57917","CO_97385",0.989,0.01,0.001,0.006,51088,"2850-57917","Alishas","dad","none",NA,NA,NA,"2640-97385","Make Believe","mom","MakeBelieve-69",NA,NA,NA
"CO_57917","CO_97596",0.984,0.015,0.001,0.009,49700,"2850-57917","Alishas","dad","none",NA,NA,NA,"2640-97596","Make Believe","mom","MakeBelieve-20",NA,NA,NA
"CO_57917","CO_97370",0.977,0.021,0.002,0.012,55827,"2850-57917","Alishas","dad","none",NA,NA,NA,"2640-97370","Cooks","mom","Cooks-23",NA,NA,NA
"CO_57917","CO_57550",0.961,0.038,0.002,0.021,49739,"2850-57917","Alishas","dad","none",NA,NA,NA,"2850-57550","Cathys","mom","Cathys-03",NA,NA,NA
"CO_57917","CO_57620",0.971,0.024,0.004,0.016,51213,"2850-57917","Alishas","dad","none",NA,NA,NA,"2850-57620","Jims","dad","Jims-01",NA,NA,NA
"CO_57917","CO_57607",0.989,0.008,0.003,0.007,54952,"2850-57917","Alishas","dad","none",NA,NA,NA,"2850-57607","Schaaps","dad","Schaaps-108",NA,NA,NA
"CO_57917","CO_57557",0.988,0.003,0.008,0.01,50047,"2850-57917","Alishas","dad","none",NA,NA,NA,"2850-57557","Cooks","dad","Cooks-24",NA,NA,NA
"CO_57917","CO_57518",0.989,0.011,0,0.006,49508,"2850-57917","Alishas","dad","none",NA,NA,NA,"2850-57518","Make Believe","dad","MakeBelieve-69",NA,NA,NA
"CO_57917","CO_57551",0.991,0.009,0,0.005,50643,"2850-57917","Alishas","dad","none",NA,NA,NA,"2850-57551","Struthers","mom","Struthers-20",NA,NA,NA
"CO_57917","CO_57614",0.958,0.039,0.003,0.023,51495,"2850-57917","Alishas","dad","none",NA,NA,NA,"2850-57614","Blue Cloud","dad","BlueCloud-14",NA,NA,NA
"CO_57917","CO_57609",0.977,0.023,0,0.012,48244,"2850-57917","Alishas","dad","none",NA,NA,NA,"2850-57609","Cooks","mom","Cooks-24",NA,NA,NA
"CO_57917","CO_57633",0.988,0.011,0.001,0.007,51938,"2850-57917","Alishas","dad","none",NA,NA,NA,"2850-57633","Cooks","dad","Cooks-31",NA,NA,NA
"CO_57917","CO_97548",0.983,0.017,0,0.009,54414,"2850-57917","Alishas","dad","none",NA,NA,NA,"2640-97548","Blue Cloud","dad","BlueCloud-18",NA,NA,NA
"CO_57917","CO_57552",0.987,0.01,0.003,0.008,54047,"2850-57917","Alishas","dad","none",NA,NA,NA,"2850-57552","Struthers","dad","Struthers-20",NA,NA,NA
"CO_57917","CO_57701",0.99,0.008,0.002,0.006,47041,"2850-57917","Alishas","dad","none",NA,NA,NA,"2850-57701","Schaaps","dad","Schaaps-110",NA,NA,NA
"CO_63488","CO_82916",0.986,0.013,0.001,0.007,55806,"2510-63488","Make Believe","dad","MakeBelieve-17",NA,NA,NA,"2811-82916","Make Believe","dad","MakeBelieve-61",NA,NA,NA
"CO_57917","CO_21085",0.985,0.015,0,0.008,49032,"2850-57917","Alishas","dad","none",NA,NA,NA,"2350-21085","Make Believe","dad","MakeBelieve-20",NA,NA,NA
"CO_57917","CO_57636",0.965,0.03,0.006,0.02,50070,"2850-57917","Alishas","dad","none",NA,NA,NA,"2850-57636","Blue Cloud","dad","none",NA,NA,NA
"CO_63488","CO_97347",0.994,0.005,0.001,0.003,63478,"2510-63488","Make Believe","dad","MakeBelieve-17",NA,NA,NA,"2640-97347","Make Believe","mom","MakeBelieve-26",NA,NA,NA
"CO_63488","CO_97370",0.992,0.008,0,0.004,66933,"2510-63488","Make Believe","dad","MakeBelieve-17",NA,NA,NA,"2640-97370","Cooks","mom","Cooks-23",NA,NA,NA
"CO_63488","CO_97385",0.992,0.008,0,0.004,61237,"2510-63488","Make Believe","dad","MakeBelieve-17",NA,NA,NA,"2640-97385","Make Believe","mom","MakeBelieve-69",NA,NA,NA
"CO_63488","CO_97596",0.991,0.004,0.006,0.008,59665,"2510-63488","Make Believe","dad","MakeBelieve-17",NA,NA,NA,"2640-97596","Make Believe","mom","MakeBelieve-20",NA,NA,NA
"CO_63488","CO_57551",0.302,0.616,0.082,0.39,60709,"2510-63488","Make Believe","dad","MakeBelieve-17",NA,NA,NA,"2850-57551","Struthers","mom","Struthers-20",NA,NA,NA
"CO_63488","CO_57550",0.991,0.009,0,0.005,59563,"2510-63488","Make Believe","dad","MakeBelieve-17",NA,NA,NA,"2850-57550","Cathys","mom","Cathys-03",NA,NA,NA
"CO_63488","CO_57636",0.989,0.009,0.002,0.006,60005,"2510-63488","Make Believe","dad","MakeBelieve-17",NA,NA,NA,"2850-57636","Blue Cloud","dad","none",NA,NA,NA
"CO_63488","CO_57557",0.992,0.005,0.003,0.005,59913,"2510-63488","Make Believe","dad","MakeBelieve-17",NA,NA,NA,"2850-57557","Cooks","dad","Cooks-24",NA,NA,NA
"CO_63488","CO_57607",0.992,0.008,0,0.004,65777,"2510-63488","Make Believe","dad","MakeBelieve-17",NA,NA,NA,"2850-57607","Schaaps","dad","Schaaps-108",NA,NA,NA
"CO_63488","CO_57518",0.992,0.008,0,0.004,59478,"2510-63488","Make Believe","dad","MakeBelieve-17",NA,NA,NA,"2850-57518","Make Believe","dad","MakeBelieve-69",NA,NA,NA
"CO_63488","CO_97548",0.994,0.006,0,0.003,65182,"2510-63488","Make Believe","dad","MakeBelieve-17",NA,NA,NA,"2640-97548","Blue Cloud","dad","BlueCloud-18",NA,NA,NA
"CO_63488","CO_21085",0.991,0.008,0.001,0.005,58848,"2510-63488","Make Believe","dad","MakeBelieve-17",NA,NA,NA,"2350-21085","Make Believe","dad","MakeBelieve-20",NA,NA,NA
"CO_63488","CO_57552",0.993,0.007,0,0.004,64876,"2510-63488","Make Believe","dad","MakeBelieve-17",NA,NA,NA,"2850-57552","Struthers","dad","Struthers-20",NA,NA,NA
"CO_63488","CO_57614",0.986,0.014,0,0.007,61673,"2510-63488","Make Believe","dad","MakeBelieve-17",NA,NA,NA,"2850-57614","Blue Cloud","dad","BlueCloud-14",NA,NA,NA
"CO_63488","CO_57609",0.993,0.007,0,0.003,57815,"2510-63488","Make Believe","dad","MakeBelieve-17",NA,NA,NA,"2850-57609","Cooks","mom","Cooks-24",NA,NA,NA
"CO_63488","CO_57620",0.984,0.014,0.001,0.008,61347,"2510-63488","Make Believe","dad","MakeBelieve-17",NA,NA,NA,"2850-57620","Jims","dad","Jims-01",NA,NA,NA
"CO_63488","CO_57633",0.992,0.008,0,0.004,62063,"2510-63488","Make Believe","dad","MakeBelieve-17",NA,NA,NA,"2850-57633","Cooks","dad","Cooks-31",NA,NA,NA
"CO_63488","CO_57701",0.994,0.006,0,0.003,56209,"2510-63488","Make Believe","dad","MakeBelieve-17",NA,NA,NA,"2850-57701","Schaaps","dad","Schaaps-110",NA,NA,NA
"CO_82916","CO_97370",0.99,0.009,0,0.005,58586,"2811-82916","Make Believe","dad","MakeBelieve-61",NA,NA,NA,"2640-97370","Cooks","mom","Cooks-23",NA,NA,NA
"CO_82916","CO_97385",0.983,0.014,0.003,0.01,53618,"2811-82916","Make Believe","dad","MakeBelieve-61",NA,NA,NA,"2640-97385","Make Believe","mom","MakeBelieve-69",NA,NA,NA
"CO_82916","CO_97596",0.979,0.02,0.001,0.011,52287,"2811-82916","Make Believe","dad","MakeBelieve-61",NA,NA,NA,"2640-97596","Make Believe","mom","MakeBelieve-20",NA,NA,NA
"CO_82916","CO_97347",0.987,0.013,0,0.007,55680,"2811-82916","Make Believe","dad","MakeBelieve-61",NA,NA,NA,"2640-97347","Make Believe","mom","MakeBelieve-26",NA,NA,NA
"CO_82916","CO_57550",0.983,0.009,0.007,0.012,52340,"2811-82916","Make Believe","dad","MakeBelieve-61",NA,NA,NA,"2850-57550","Cathys","mom","Cathys-03",NA,NA,NA
"CO_82916","CO_57551",0.984,0.008,0.008,0.012,53259,"2811-82916","Make Believe","dad","MakeBelieve-61",NA,NA,NA,"2850-57551","Struthers","mom","Struthers-20",NA,NA,NA
"CO_82916","CO_57557",0.985,0.006,0.009,0.012,52505,"2811-82916","Make Believe","dad","MakeBelieve-61",NA,NA,NA,"2850-57557","Cooks","dad","Cooks-24",NA,NA,NA
"CO_82916","CO_57609",0.992,0.008,0,0.004,50671,"2811-82916","Make Believe","dad","MakeBelieve-61",NA,NA,NA,"2850-57609","Cooks","mom","Cooks-24",NA,NA,NA
"CO_82916","CO_57614",0.99,0.01,0.001,0.006,54072,"2811-82916","Make Believe","dad","MakeBelieve-61",NA,NA,NA,"2850-57614","Blue Cloud","dad","BlueCloud-14",NA,NA,NA
"CO_82916","CO_57518",0.979,0.02,0.001,0.011,52130,"2811-82916","Make Believe","dad","MakeBelieve-61",NA,NA,NA,"2850-57518","Make Believe","dad","MakeBelieve-69",NA,NA,NA
"CO_82916","CO_57636",0.983,0.016,0.001,0.009,52532,"2811-82916","Make Believe","dad","MakeBelieve-61",NA,NA,NA,"2850-57636","Blue Cloud","dad","none",NA,NA,NA
"CO_82916","CO_57701",0.994,0.002,0.004,0.005,49234,"2811-82916","Make Believe","dad","MakeBelieve-61",NA,NA,NA,"2850-57701","Schaaps","dad","Schaaps-110",NA,NA,NA
"CO_82916","CO_21085",0.345,0.492,0.164,0.409,51477,"2811-82916","Make Believe","dad","MakeBelieve-61",NA,NA,NA,"2350-21085","Make Believe","dad","MakeBelieve-20",NA,NA,NA
"CO_82916","CO_97548",0.982,0.018,0,0.009,57188,"2811-82916","Make Believe","dad","MakeBelieve-61",NA,NA,NA,"2640-97548","Blue Cloud","dad","BlueCloud-18",NA,NA,NA
"CO_82916","CO_57633",0.972,0.027,0.001,0.014,54530,"2811-82916","Make Believe","dad","MakeBelieve-61",NA,NA,NA,"2850-57633","Cooks","dad","Cooks-31",NA,NA,NA
"CO_82916","CO_57552",0.989,0.006,0.006,0.008,56854,"2811-82916","Make Believe","dad","MakeBelieve-61",NA,NA,NA,"2850-57552","Struthers","dad","Struthers-20",NA,NA,NA
"CO_82916","CO_57620",0.978,0.022,0,0.011,53766,"2811-82916","Make Believe","dad","MakeBelieve-61",NA,NA,NA,"2850-57620","Jims","dad","Jims-01",NA,NA,NA
"CO_82916","CO_57607",0.988,0.012,0,0.006,57613,"2811-82916","Make Believe","dad","MakeBelieve-61",NA,NA,NA,"2850-57607","Schaaps","dad","Schaaps-108",NA,NA,NA
"CO_97347","CO_97370",0.992,0.008,0,0.004,66651,"2640-97347","Make Believe","mom","MakeBelieve-26",NA,NA,NA,"2640-97370","Cooks","mom","Cooks-23",NA,NA,NA
"CO_97347","CO_97385",0.993,0.007,0,0.004,61071,"2640-97347","Make Believe","mom","MakeBelieve-26",NA,NA,NA,"2640-97385","Make Believe","mom","MakeBelieve-69",NA,NA,NA
"CO_97347","CO_97596",0.988,0.011,0,0.006,59490,"2640-97347","Make Believe","mom","MakeBelieve-26",NA,NA,NA,"2640-97596","Make Believe","mom","MakeBelieve-20",NA,NA,NA
"CO_97347","CO_57550",0.991,0.009,0,0.004,59411,"2640-97347","Make Believe","mom","MakeBelieve-26",NA,NA,NA,"2850-57550","Cathys","mom","Cathys-03",NA,NA,NA
"CO_97347","CO_57609",0.995,0.005,0,0.003,57657,"2640-97347","Make Believe","mom","MakeBelieve-26",NA,NA,NA,"2850-57609","Cooks","mom","Cooks-24",NA,NA,NA
"CO_97347","CO_57614",0.988,0.01,0.002,0.007,61548,"2640-97347","Make Believe","mom","MakeBelieve-26",NA,NA,NA,"2850-57614","Blue Cloud","dad","BlueCloud-14",NA,NA,NA
"CO_97347","CO_57551",0.995,0.004,0.001,0.003,60450,"2640-97347","Make Believe","mom","MakeBelieve-26",NA,NA,NA,"2850-57551","Struthers","mom","Struthers-20",NA,NA,NA
"CO_97347","CO_57518",0.991,0.009,0,0.005,59290,"2640-97347","Make Believe","mom","MakeBelieve-26",NA,NA,NA,"2850-57518","Make Believe","dad","MakeBelieve-69",NA,NA,NA
"CO_97347","CO_97548",0.992,0.007,0.001,0.005,65013,"2640-97347","Make Believe","mom","MakeBelieve-26",NA,NA,NA,"2640-97548","Blue Cloud","dad","BlueCloud-18",NA,NA,NA
"CO_97347","CO_57607",0.993,0.006,0.001,0.004,65598,"2640-97347","Make Believe","mom","MakeBelieve-26",NA,NA,NA,"2850-57607","Schaaps","dad","Schaaps-108",NA,NA,NA
"CO_97347","CO_57557",0.994,0.005,0.001,0.004,59734,"2640-97347","Make Believe","mom","MakeBelieve-26",NA,NA,NA,"2850-57557","Cooks","dad","Cooks-24",NA,NA,NA
"CO_97347","CO_57552",0.99,0.009,0.001,0.005,64683,"2640-97347","Make Believe","mom","MakeBelieve-26",NA,NA,NA,"2850-57552","Struthers","dad","Struthers-20",NA,NA,NA
"CO_97370","CO_97385",0.992,0.003,0.005,0.007,64349,"2640-97370","Cooks","mom","Cooks-23",NA,NA,NA,"2640-97385","Make Believe","mom","MakeBelieve-69",NA,NA,NA
"CO_97347","CO_57633",0.99,0.009,0,0.005,61941,"2640-97347","Make Believe","mom","MakeBelieve-26",NA,NA,NA,"2850-57633","Cooks","dad","Cooks-31",NA,NA,NA
"CO_97347","CO_21085",0.993,0.006,0,0.003,58553,"2640-97347","Make Believe","mom","MakeBelieve-26",NA,NA,NA,"2350-21085","Make Believe","dad","MakeBelieve-20",NA,NA,NA
"CO_97347","CO_57636",0.984,0.015,0.002,0.009,59773,"2640-97347","Make Believe","mom","MakeBelieve-26",NA,NA,NA,"2850-57636","Blue Cloud","dad","none",NA,NA,NA
"CO_97347","CO_57620",0.988,0.012,0.001,0.006,61252,"2640-97347","Make Believe","mom","MakeBelieve-26",NA,NA,NA,"2850-57620","Jims","dad","Jims-01",NA,NA,NA
"CO_97347","CO_57701",0.992,0.008,0,0.004,56168,"2640-97347","Make Believe","mom","MakeBelieve-26",NA,NA,NA,"2850-57701","Schaaps","dad","Schaaps-110",NA,NA,NA
"CO_97370","CO_97596",0.992,0.008,0,0.004,62642,"2640-97370","Cooks","mom","Cooks-23",NA,NA,NA,"2640-97596","Make Believe","mom","MakeBelieve-20",NA,NA,NA
"CO_97370","CO_57614",0.989,0.01,0.001,0.006,64815,"2640-97370","Cooks","mom","Cooks-23",NA,NA,NA,"2850-57614","Blue Cloud","dad","BlueCloud-14",NA,NA,NA
"CO_97370","CO_57557",0.994,0.006,0,0.003,62980,"2640-97370","Cooks","mom","Cooks-23",NA,NA,NA,"2850-57557","Cooks","dad","Cooks-24",NA,NA,NA
"CO_97370","CO_97548",0.994,0.006,0,0.003,68522,"2640-97370","Cooks","mom","Cooks-23",NA,NA,NA,"2640-97548","Blue Cloud","dad","BlueCloud-18",NA,NA,NA
"CO_97370","CO_57551",0.994,0.006,0,0.003,63723,"2640-97370","Cooks","mom","Cooks-23",NA,NA,NA,"2850-57551","Struthers","mom","Struthers-20",NA,NA,NA
"CO_97370","CO_57609",0.992,0.007,0,0.004,60632,"2640-97370","Cooks","mom","Cooks-23",NA,NA,NA,"2850-57609","Cooks","mom","Cooks-24",NA,NA,NA
"CO_97370","CO_21085",0.993,0.007,0,0.004,61665,"2640-97370","Cooks","mom","Cooks-23",NA,NA,NA,"2350-21085","Make Believe","dad","MakeBelieve-20",NA,NA,NA
"CO_97370","CO_57550",0.991,0.008,0,0.004,62581,"2640-97370","Cooks","mom","Cooks-23",NA,NA,NA,"2850-57550","Cathys","mom","Cathys-03",NA,NA,NA
"CO_97370","CO_57636",0.987,0.012,0.001,0.007,63038,"2640-97370","Cooks","mom","Cooks-23",NA,NA,NA,"2850-57636","Blue Cloud","dad","none",NA,NA,NA
"CO_97370","CO_57701",0.993,0.007,0,0.004,59078,"2640-97370","Cooks","mom","Cooks-23",NA,NA,NA,"2850-57701","Schaaps","dad","Schaaps-110",NA,NA,NA
"CO_97370","CO_57620",0.978,0.013,0.009,0.016,64388,"2640-97370","Cooks","mom","Cooks-23",NA,NA,NA,"2850-57620","Jims","dad","Jims-01",NA,NA,NA
"CO_97370","CO_57633",0.992,0.008,0,0.004,65328,"2640-97370","Cooks","mom","Cooks-23",NA,NA,NA,"2850-57633","Cooks","dad","Cooks-31",NA,NA,NA
"CO_97370","CO_57518",0.993,0.006,0.001,0.004,62508,"2640-97370","Cooks","mom","Cooks-23",NA,NA,NA,"2850-57518","Make Believe","dad","MakeBelieve-69",NA,NA,NA
"CO_97370","CO_57607",0.993,0.007,0,0.004,69058,"2640-97370","Cooks","mom","Cooks-23",NA,NA,NA,"2850-57607","Schaaps","dad","Schaaps-108",NA,NA,NA
"CO_97370","CO_57552",0.994,0.006,0,0.003,68154,"2640-97370","Cooks","mom","Cooks-23",NA,NA,NA,"2850-57552","Struthers","dad","Struthers-20",NA,NA,NA
"CO_97385","CO_97596",0.989,0.01,0.001,0.006,57424,"2640-97385","Make Believe","mom","MakeBelieve-69",NA,NA,NA,"2640-97596","Make Believe","mom","MakeBelieve-20",NA,NA,NA
"CO_97385","CO_57614",0.987,0.012,0.001,0.007,59310,"2640-97385","Make Believe","mom","MakeBelieve-69",NA,NA,NA,"2850-57614","Blue Cloud","dad","BlueCloud-14",NA,NA,NA
"CO_97385","CO_57551",0.994,0.006,0,0.003,58244,"2640-97385","Make Believe","mom","MakeBelieve-69",NA,NA,NA,"2850-57551","Struthers","mom","Struthers-20",NA,NA,NA
"CO_97385","CO_57550",0.991,0.005,0.004,0.006,57387,"2640-97385","Make Believe","mom","MakeBelieve-69",NA,NA,NA,"2850-57550","Cathys","mom","Cathys-03",NA,NA,NA
"CO_97385","CO_57633",0.99,0.009,0.001,0.006,59810,"2640-97385","Make Believe","mom","MakeBelieve-69",NA,NA,NA,"2850-57633","Cooks","dad","Cooks-31",NA,NA,NA
"CO_97385","CO_57609",0.992,0.007,0,0.004,55629,"2640-97385","Make Believe","mom","MakeBelieve-69",NA,NA,NA,"2850-57609","Cooks","mom","Cooks-24",NA,NA,NA
"CO_97385","CO_97548",0.986,0.012,0.002,0.008,62681,"2640-97385","Make Believe","mom","MakeBelieve-69",NA,NA,NA,"2640-97548","Blue Cloud","dad","BlueCloud-18",NA,NA,NA
"CO_97385","CO_21085",0.986,0.008,0.006,0.01,56462,"2640-97385","Make Believe","mom","MakeBelieve-69",NA,NA,NA,"2350-21085","Make Believe","dad","MakeBelieve-20",NA,NA,NA
"CO_97385","CO_57557",0.991,0.007,0.001,0.005,57568,"2640-97385","Make Believe","mom","MakeBelieve-69",NA,NA,NA,"2850-57557","Cooks","dad","Cooks-24",NA,NA,NA
"CO_97385","CO_57607",0.988,0.011,0,0.006,63348,"2640-97385","Make Believe","mom","MakeBelieve-69",NA,NA,NA,"2850-57607","Schaaps","dad","Schaaps-108",NA,NA,NA
"CO_97385","CO_57701",0.989,0.011,0,0.006,54215,"2640-97385","Make Believe","mom","MakeBelieve-69",NA,NA,NA,"2850-57701","Schaaps","dad","Schaaps-110",NA,NA,NA
"CO_97385","CO_57620",0.979,0.019,0.002,0.011,58970,"2640-97385","Make Believe","mom","MakeBelieve-69",NA,NA,NA,"2850-57620","Jims","dad","Jims-01",NA,NA,NA
"CO_97385","CO_57518",0.987,0.013,0,0.007,57158,"2640-97385","Make Believe","mom","MakeBelieve-69",NA,NA,NA,"2850-57518","Make Believe","dad","MakeBelieve-69",NA,NA,NA
"CO_97385","CO_57636",0.978,0.021,0,0.011,57685,"2640-97385","Make Believe","mom","MakeBelieve-69",NA,NA,NA,"2850-57636","Blue Cloud","dad","none",NA,NA,NA
"CO_97385","CO_57552",0.99,0.01,0,0.005,62322,"2640-97385","Make Believe","mom","MakeBelieve-69",NA,NA,NA,"2850-57552","Struthers","dad","Struthers-20",NA,NA,NA
"CO_97596","CO_57550",0.99,0.01,0,0.005,55869,"2640-97596","Make Believe","mom","MakeBelieve-20",NA,NA,NA,"2850-57550","Cathys","mom","Cathys-03",NA,NA,NA
"CO_97596","CO_57551",0.994,0.006,0,0.003,56837,"2640-97596","Make Believe","mom","MakeBelieve-20",NA,NA,NA,"2850-57551","Struthers","mom","Struthers-20",NA,NA,NA
"CO_97596","CO_57614",0.99,0.01,0,0.005,57922,"2640-97596","Make Believe","mom","MakeBelieve-20",NA,NA,NA,"2850-57614","Blue Cloud","dad","BlueCloud-14",NA,NA,NA
"CO_97596","CO_57557",0.994,0.006,0,0.003,56066,"2640-97596","Make Believe","mom","MakeBelieve-20",NA,NA,NA,"2850-57557","Cooks","dad","Cooks-24",NA,NA,NA
"CO_97596","CO_57609",0.992,0.007,0,0.004,54063,"2640-97596","Make Believe","mom","MakeBelieve-20",NA,NA,NA,"2850-57609","Cooks","mom","Cooks-24",NA,NA,NA
"CO_97596","CO_57552",0.992,0.007,0,0.004,60735,"2640-97596","Make Believe","mom","MakeBelieve-20",NA,NA,NA,"2850-57552","Struthers","dad","Struthers-20",NA,NA,NA
"CO_97596","CO_57701",0.992,0.008,0,0.004,52748,"2640-97596","Make Believe","mom","MakeBelieve-20",NA,NA,NA,"2850-57701","Schaaps","dad","Schaaps-110",NA,NA,NA
"CO_97596","CO_21085",0.99,0.009,0,0.005,55147,"2640-97596","Make Believe","mom","MakeBelieve-20",NA,NA,NA,"2350-21085","Make Believe","dad","MakeBelieve-20",NA,NA,NA
"CO_97596","CO_97548",0.986,0.013,0.001,0.008,61051,"2640-97596","Make Believe","mom","MakeBelieve-20",NA,NA,NA,"2640-97548","Blue Cloud","dad","BlueCloud-18",NA,NA,NA
"CO_97596","CO_57633",0.987,0.011,0.002,0.008,58224,"2640-97596","Make Believe","mom","MakeBelieve-20",NA,NA,NA,"2850-57633","Cooks","dad","Cooks-31",NA,NA,NA
"CO_97596","CO_57620",0.971,0.029,0,0.015,57566,"2640-97596","Make Believe","mom","MakeBelieve-20",NA,NA,NA,"2850-57620","Jims","dad","Jims-01",NA,NA,NA
"CO_97596","CO_57607",0.989,0.01,0.001,0.006,61669,"2640-97596","Make Believe","mom","MakeBelieve-20",NA,NA,NA,"2850-57607","Schaaps","dad","Schaaps-108",NA,NA,NA
"CO_97596","CO_57518",0.989,0.011,0,0.006,55753,"2640-97596","Make Believe","mom","MakeBelieve-20",NA,NA,NA,"2850-57518","Make Believe","dad","MakeBelieve-69",NA,NA,NA
"CO_97596","CO_57636",0.983,0.016,0.002,0.009,56167,"2640-97596","Make Believe","mom","MakeBelieve-20",NA,NA,NA,"2850-57636","Blue Cloud","dad","none",NA,NA,NA
"CO_57550","CO_97548",0.99,0.009,0.001,0.005,60969,"2850-57550","Cathys","mom","Cathys-03",NA,NA,NA,"2640-97548","Blue Cloud","dad","BlueCloud-18",NA,NA,NA
"CO_57550","CO_57614",0.972,0.026,0.002,0.015,57634,"2850-57550","Cathys","mom","Cathys-03",NA,NA,NA,"2850-57614","Blue Cloud","dad","BlueCloud-14",NA,NA,NA
"CO_57550","CO_57551",0.992,0.008,0,0.004,56730,"2850-57550","Cathys","mom","Cathys-03",NA,NA,NA,"2850-57551","Struthers","mom","Struthers-20",NA,NA,NA
"CO_57550","CO_57609",0.991,0.008,0.001,0.005,54068,"2850-57550","Cathys","mom","Cathys-03",NA,NA,NA,"2850-57609","Cooks","mom","Cooks-24",NA,NA,NA
"CO_57550","CO_57518",0.989,0.01,0.001,0.006,55680,"2850-57550","Cathys","mom","Cathys-03",NA,NA,NA,"2850-57518","Make Believe","dad","MakeBelieve-69",NA,NA,NA
"CO_57550","CO_57620",0.984,0.016,0,0.008,57290,"2850-57550","Cathys","mom","Cathys-03",NA,NA,NA,"2850-57620","Jims","dad","Jims-01",NA,NA,NA
"CO_57550","CO_57633",0.982,0.013,0.005,0.012,58220,"2850-57550","Cathys","mom","Cathys-03",NA,NA,NA,"2850-57633","Cooks","dad","Cooks-31",NA,NA,NA
"CO_57550","CO_57636",0.983,0.013,0.004,0.011,56062,"2850-57550","Cathys","mom","Cathys-03",NA,NA,NA,"2850-57636","Blue Cloud","dad","none",NA,NA,NA
"CO_57550","CO_57557",0.989,0.009,0.002,0.006,55987,"2850-57550","Cathys","mom","Cathys-03",NA,NA,NA,"2850-57557","Cooks","dad","Cooks-24",NA,NA,NA
"CO_57550","CO_57607",0.989,0.009,0.002,0.006,61601,"2850-57550","Cathys","mom","Cathys-03",NA,NA,NA,"2850-57607","Schaaps","dad","Schaaps-108",NA,NA,NA
"CO_57609","CO_57614",0.987,0.004,0.009,0.011,55916,"2850-57609","Cooks","mom","Cooks-24",NA,NA,NA,"2850-57614","Blue Cloud","dad","BlueCloud-14",NA,NA,NA
"CO_57609","CO_97548",0.993,0.007,0,0.004,59240,"2850-57609","Cooks","mom","Cooks-24",NA,NA,NA,"2640-97548","Blue Cloud","dad","BlueCloud-18",NA,NA,NA
"CO_57550","CO_21085",0.98,0.016,0.003,0.012,55046,"2850-57550","Cathys","mom","Cathys-03",NA,NA,NA,"2350-21085","Make Believe","dad","MakeBelieve-20",NA,NA,NA
"CO_57609","CO_57633",0.987,0.012,0.001,0.007,56390,"2850-57609","Cooks","mom","Cooks-24",NA,NA,NA,"2850-57633","Cooks","dad","Cooks-31",NA,NA,NA
"CO_57550","CO_57552",0.987,0.011,0.003,0.008,60632,"2850-57550","Cathys","mom","Cathys-03",NA,NA,NA,"2850-57552","Struthers","dad","Struthers-20",NA,NA,NA
"CO_57609","CO_57551",0.994,0.006,0.001,0.004,55135,"2850-57609","Cooks","mom","Cooks-24",NA,NA,NA,"2850-57551","Struthers","mom","Struthers-20",NA,NA,NA
"CO_57609","CO_21085",0.988,0.01,0.003,0.008,53273,"2850-57609","Cooks","mom","Cooks-24",NA,NA,NA,"2350-21085","Make Believe","dad","MakeBelieve-20",NA,NA,NA
"CO_57609","CO_57701",0.992,0.008,0,0.004,51058,"2850-57609","Cooks","mom","Cooks-24",NA,NA,NA,"2850-57701","Schaaps","dad","Schaaps-110",NA,NA,NA
"CO_57550","CO_57701",0.99,0.01,0,0.005,52708,"2850-57550","Cathys","mom","Cathys-03",NA,NA,NA,"2850-57701","Schaaps","dad","Schaaps-110",NA,NA,NA
"CO_57551","CO_57614",0.993,0.007,0,0.003,58954,"2850-57551","Struthers","mom","Struthers-20",NA,NA,NA,"2850-57614","Blue Cloud","dad","BlueCloud-14",NA,NA,NA
"CO_57609","CO_57518",0.994,0.005,0.001,0.004,53956,"2850-57609","Cooks","mom","Cooks-24",NA,NA,NA,"2850-57518","Make Believe","dad","MakeBelieve-69",NA,NA,NA
"CO_57609","CO_57557",0.993,0.007,0,0.004,54315,"2850-57609","Cooks","mom","Cooks-24",NA,NA,NA,"2850-57557","Cooks","dad","Cooks-24",NA,NA,NA
"CO_57609","CO_57620",0.986,0.014,0,0.007,55626,"2850-57609","Cooks","mom","Cooks-24",NA,NA,NA,"2850-57620","Jims","dad","Jims-01",NA,NA,NA
"CO_57551","CO_57633",0.992,0.007,0,0.004,59213,"2850-57551","Struthers","mom","Struthers-20",NA,NA,NA,"2850-57633","Cooks","dad","Cooks-31",NA,NA,NA
"CO_57551","CO_57518",0.993,0.003,0.004,0.006,56691,"2850-57551","Struthers","mom","Struthers-20",NA,NA,NA,"2850-57518","Make Believe","dad","MakeBelieve-69",NA,NA,NA
"CO_57551","CO_97548",0.995,0.005,0,0.003,62151,"2850-57551","Struthers","mom","Struthers-20",NA,NA,NA,"2640-97548","Blue Cloud","dad","BlueCloud-18",NA,NA,NA
"CO_57609","CO_57607",0.991,0.009,0,0.005,59694,"2850-57609","Cooks","mom","Cooks-24",NA,NA,NA,"2850-57607","Schaaps","dad","Schaaps-108",NA,NA,NA
"CO_57551","CO_57620",0.987,0.013,0.001,0.007,58534,"2850-57551","Struthers","mom","Struthers-20",NA,NA,NA,"2850-57620","Jims","dad","Jims-01",NA,NA,NA
"CO_57551","CO_57557",0.991,0.008,0.001,0.005,56945,"2850-57551","Struthers","mom","Struthers-20",NA,NA,NA,"2850-57557","Cooks","dad","Cooks-24",NA,NA,NA
"CO_57609","CO_57552",0.991,0.008,0.001,0.005,58836,"2850-57609","Cooks","mom","Cooks-24",NA,NA,NA,"2850-57552","Struthers","dad","Struthers-20",NA,NA,NA
"CO_57609","CO_57636",0.981,0.019,0.001,0.01,54394,"2850-57609","Cooks","mom","Cooks-24",NA,NA,NA,"2850-57636","Blue Cloud","dad","none",NA,NA,NA
"CO_57551","CO_57552",0.995,0.005,0.001,0.003,61751,"2850-57551","Struthers","mom","Struthers-20",NA,NA,NA,"2850-57552","Struthers","dad","Struthers-20",NA,NA,NA
"CO_57614","CO_97548",0.979,0.02,0.001,0.011,63248,"2850-57614","Blue Cloud","dad","BlueCloud-14",NA,NA,NA,"2640-97548","Blue Cloud","dad","BlueCloud-18",NA,NA,NA
"CO_57614","CO_57620",0.984,0.014,0.002,0.009,59577,"2850-57614","Blue Cloud","dad","BlueCloud-14",NA,NA,NA,"2850-57620","Jims","dad","Jims-01",NA,NA,NA
"CO_57551","CO_21085",0.993,0.006,0,0.004,55945,"2850-57551","Struthers","mom","Struthers-20",NA,NA,NA,"2350-21085","Make Believe","dad","MakeBelieve-20",NA,NA,NA
"CO_57551","CO_57636",0.991,0.009,0,0.005,57126,"2850-57551","Struthers","mom","Struthers-20",NA,NA,NA,"2850-57636","Blue Cloud","dad","none",NA,NA,NA
"CO_57551","CO_57607",0.993,0.007,0,0.003,62742,"2850-57551","Struthers","mom","Struthers-20",NA,NA,NA,"2850-57607","Schaaps","dad","Schaaps-108",NA,NA,NA
"CO_57551","CO_57701",0.995,0.005,0,0.003,53681,"2850-57551","Struthers","mom","Struthers-20",NA,NA,NA,"2850-57701","Schaaps","dad","Schaaps-110",NA,NA,NA
"CO_57614","CO_57557",0.988,0.007,0.005,0.009,58018,"2850-57614","Blue Cloud","dad","BlueCloud-14",NA,NA,NA,"2850-57557","Cooks","dad","Cooks-24",NA,NA,NA
"CO_57614","CO_57701",0.989,0.006,0.005,0.008,54595,"2850-57614","Blue Cloud","dad","BlueCloud-14",NA,NA,NA,"2850-57701","Schaaps","dad","Schaaps-110",NA,NA,NA
"CO_57614","CO_21085",0.983,0.011,0.007,0.012,56954,"2850-57614","Blue Cloud","dad","BlueCloud-14",NA,NA,NA,"2350-21085","Make Believe","dad","MakeBelieve-20",NA,NA,NA
"CO_57614","CO_57607",0.992,0.008,0,0.004,63787,"2850-57614","Blue Cloud","dad","BlueCloud-14",NA,NA,NA,"2850-57607","Schaaps","dad","Schaaps-108",NA,NA,NA
"CO_57614","CO_57552",0.991,0.007,0.001,0.005,62863,"2850-57614","Blue Cloud","dad","BlueCloud-14",NA,NA,NA,"2850-57552","Struthers","dad","Struthers-20",NA,NA,NA
"CO_57614","CO_57633",0.979,0.018,0.003,0.012,60283,"2850-57614","Blue Cloud","dad","BlueCloud-14",NA,NA,NA,"2850-57633","Cooks","dad","Cooks-31",NA,NA,NA
"CO_97548","CO_57636",0.982,0.006,0.012,0.015,61418,"2640-97548","Blue Cloud","dad","BlueCloud-18",NA,NA,NA,"2850-57636","Blue Cloud","dad","none",NA,NA,NA
"CO_97548","CO_57557",0.994,0.006,0,0.003,61311,"2640-97548","Blue Cloud","dad","BlueCloud-18",NA,NA,NA,"2850-57557","Cooks","dad","Cooks-24",NA,NA,NA
"CO_57614","CO_57636",0.981,0.014,0.005,0.012,58164,"2850-57614","Blue Cloud","dad","BlueCloud-14",NA,NA,NA,"2850-57636","Blue Cloud","dad","none",NA,NA,NA
"CO_97548","CO_57552",0.99,0.01,0.001,0.006,66440,"2640-97548","Blue Cloud","dad","BlueCloud-18",NA,NA,NA,"2850-57552","Struthers","dad","Struthers-20",NA,NA,NA
"CO_97548","CO_57701",0.994,0.006,0,0.003,57699,"2640-97548","Blue Cloud","dad","BlueCloud-18",NA,NA,NA,"2850-57701","Schaaps","dad","Schaaps-110",NA,NA,NA
"CO_57614","CO_57518",0.988,0.012,0,0.006,57643,"2850-57614","Blue Cloud","dad","BlueCloud-14",NA,NA,NA,"2850-57518","Make Believe","dad","MakeBelieve-69",NA,NA,NA
"CO_57557","CO_57620",0.988,0.01,0.002,0.007,57677,"2850-57557","Cooks","dad","Cooks-24",NA,NA,NA,"2850-57620","Jims","dad","Jims-01",NA,NA,NA
"CO_97548","CO_21085",0.98,0.012,0.008,0.014,60150,"2640-97548","Blue Cloud","dad","BlueCloud-18",NA,NA,NA,"2350-21085","Make Believe","dad","MakeBelieve-20",NA,NA,NA
"CO_57557","CO_57636",0.98,0.011,0.008,0.014,56448,"2850-57557","Cooks","dad","Cooks-24",NA,NA,NA,"2850-57636","Blue Cloud","dad","none",NA,NA,NA
"CO_97548","CO_57518",0.99,0.009,0.001,0.006,60878,"2640-97548","Blue Cloud","dad","BlueCloud-18",NA,NA,NA,"2850-57518","Make Believe","dad","MakeBelieve-69",NA,NA,NA
"CO_57557","CO_57607",0.992,0.005,0.003,0.005,61846,"2850-57557","Cooks","dad","Cooks-24",NA,NA,NA,"2850-57607","Schaaps","dad","Schaaps-108",NA,NA,NA
"CO_97548","CO_57607",0.989,0.009,0.002,0.006,67284,"2640-97548","Blue Cloud","dad","BlueCloud-18",NA,NA,NA,"2850-57607","Schaaps","dad","Schaaps-108",NA,NA,NA
"CO_97548","CO_57620",0.986,0.013,0.001,0.007,62812,"2640-97548","Blue Cloud","dad","BlueCloud-18",NA,NA,NA,"2850-57620","Jims","dad","Jims-01",NA,NA,NA
"CO_97548","CO_57633",0.982,0.018,0.001,0.009,63684,"2640-97548","Blue Cloud","dad","BlueCloud-18",NA,NA,NA,"2850-57633","Cooks","dad","Cooks-31",NA,NA,NA
"CO_57557","CO_57552",0.992,0.006,0.002,0.005,60978,"2850-57557","Cooks","dad","Cooks-24",NA,NA,NA,"2850-57552","Struthers","dad","Struthers-20",NA,NA,NA
"CO_57557","CO_57633",0.987,0.011,0.003,0.008,58441,"2850-57557","Cooks","dad","Cooks-24",NA,NA,NA,"2850-57633","Cooks","dad","Cooks-31",NA,NA,NA
"CO_57557","CO_57518",0.992,0.007,0,0.004,55882,"2850-57557","Cooks","dad","Cooks-24",NA,NA,NA,"2850-57518","Make Believe","dad","MakeBelieve-69",NA,NA,NA
"CO_57633","CO_21085",0.984,0.015,0.002,0.009,57304,"2850-57633","Cooks","dad","Cooks-31",NA,NA,NA,"2350-21085","Make Believe","dad","MakeBelieve-20",NA,NA,NA
"CO_57633","CO_57636",0.98,0.011,0.01,0.015,58519,"2850-57633","Cooks","dad","Cooks-31",NA,NA,NA,"2850-57636","Blue Cloud","dad","none",NA,NA,NA
"CO_57557","CO_21085",0.991,0.009,0,0.005,55281,"2850-57557","Cooks","dad","Cooks-24",NA,NA,NA,"2350-21085","Make Believe","dad","MakeBelieve-20",NA,NA,NA
"CO_57620","CO_21085",0.985,0.013,0.002,0.009,56632,"2850-57620","Jims","dad","Jims-01",NA,NA,NA,"2350-21085","Make Believe","dad","MakeBelieve-20",NA,NA,NA
"CO_57557","CO_57701",0.984,0.013,0.003,0.01,52938,"2850-57557","Cooks","dad","Cooks-24",NA,NA,NA,"2850-57701","Schaaps","dad","Schaaps-110",NA,NA,NA
"CO_57633","CO_57620",0.979,0.019,0.003,0.012,59953,"2850-57633","Cooks","dad","Cooks-31",NA,NA,NA,"2850-57620","Jims","dad","Jims-01",NA,NA,NA
"CO_57620","CO_57607",0.985,0.014,0.001,0.008,63404,"2850-57620","Jims","dad","Jims-01",NA,NA,NA,"2850-57607","Schaaps","dad","Schaaps-108",NA,NA,NA
"CO_57633","CO_57518",0.985,0.014,0.001,0.008,58140,"2850-57633","Cooks","dad","Cooks-31",NA,NA,NA,"2850-57518","Make Believe","dad","MakeBelieve-69",NA,NA,NA
"CO_57633","CO_57552",0.987,0.012,0.001,0.007,63334,"2850-57633","Cooks","dad","Cooks-31",NA,NA,NA,"2850-57552","Struthers","dad","Struthers-20",NA,NA,NA
"CO_57633","CO_57607",0.984,0.015,0.001,0.008,64344,"2850-57633","Cooks","dad","Cooks-31",NA,NA,NA,"2850-57607","Schaaps","dad","Schaaps-108",NA,NA,NA
"CO_57633","CO_57701",0.991,0.008,0.001,0.005,55054,"2850-57633","Cooks","dad","Cooks-31",NA,NA,NA,"2850-57701","Schaaps","dad","Schaaps-110",NA,NA,NA
"CO_57620","CO_57701",0.99,0.01,0,0.005,54212,"2850-57620","Jims","dad","Jims-01",NA,NA,NA,"2850-57701","Schaaps","dad","Schaaps-110",NA,NA,NA
"CO_21085","CO_57518",0.984,0.014,0.002,0.009,54934,"2350-21085","Make Believe","dad","MakeBelieve-20",NA,NA,NA,"2850-57518","Make Believe","dad","MakeBelieve-69",NA,NA,NA
"CO_57620","CO_57518",0.984,0.012,0.004,0.01,57281,"2850-57620","Jims","dad","Jims-01",NA,NA,NA,"2850-57518","Make Believe","dad","MakeBelieve-69",NA,NA,NA
"CO_21085","CO_57701",0.989,0.009,0.001,0.006,52066,"2350-21085","Make Believe","dad","MakeBelieve-20",NA,NA,NA,"2850-57701","Schaaps","dad","Schaaps-110",NA,NA,NA
"CO_57620","CO_57636",0.964,0.019,0.017,0.026,57822,"2850-57620","Jims","dad","Jims-01",NA,NA,NA,"2850-57636","Blue Cloud","dad","none",NA,NA,NA
"CO_57620","CO_57552",0.985,0.011,0.004,0.009,62607,"2850-57620","Jims","dad","Jims-01",NA,NA,NA,"2850-57552","Struthers","dad","Struthers-20",NA,NA,NA
"CO_57636","CO_57607",0.988,0.011,0.001,0.007,61994,"2850-57636","Blue Cloud","dad","none",NA,NA,NA,"2850-57607","Schaaps","dad","Schaaps-108",NA,NA,NA
"CO_57518","CO_57552",0.988,0.01,0.003,0.008,60533,"2850-57518","Make Believe","dad","MakeBelieve-69",NA,NA,NA,"2850-57552","Struthers","dad","Struthers-20",NA,NA,NA
"CO_21085","CO_57552",0.992,0,0.008,0.008,59806,"2350-21085","Make Believe","dad","MakeBelieve-20",NA,NA,NA,"2850-57552","Struthers","dad","Struthers-20",NA,NA,NA
"CO_57636","CO_57552",0.974,0.02,0.006,0.016,61108,"2850-57636","Blue Cloud","dad","none",NA,NA,NA,"2850-57552","Struthers","dad","Struthers-20",NA,NA,NA
"CO_21085","CO_57607",0.989,0.01,0.001,0.006,60747,"2350-21085","Make Believe","dad","MakeBelieve-20",NA,NA,NA,"2850-57607","Schaaps","dad","Schaaps-108",NA,NA,NA
"CO_57518","CO_57607",0.994,0.006,0,0.003,61418,"2850-57518","Make Believe","dad","MakeBelieve-69",NA,NA,NA,"2850-57607","Schaaps","dad","Schaaps-108",NA,NA,NA
"CO_57518","CO_57636",0.982,0.014,0.003,0.011,56037,"2850-57518","Make Believe","dad","MakeBelieve-69",NA,NA,NA,"2850-57636","Blue Cloud","dad","none",NA,NA,NA
"CO_21085","CO_57636",0.98,0.017,0.002,0.011,55328,"2350-21085","Make Believe","dad","MakeBelieve-20",NA,NA,NA,"2850-57636","Blue Cloud","dad","none",NA,NA,NA
"CO_57518","CO_57701",0.995,0.005,0,0.003,52536,"2850-57518","Make Believe","dad","MakeBelieve-69",NA,NA,NA,"2850-57701","Schaaps","dad","Schaaps-110",NA,NA,NA
"CO_57701","CO_57552",0.992,0.008,0,0.004,57315,"2850-57701","Schaaps","dad","Schaaps-110",NA,NA,NA,"2850-57552","Struthers","dad","Struthers-20",NA,NA,NA
"CO_57607","CO_57701",0.992,0.008,0,0.004,58122,"2850-57607","Schaaps","dad","Schaaps-108",NA,NA,NA,"2850-57701","Schaaps","dad","Schaaps-110",NA,NA,NA
"CO_57607","CO_57552",0.988,0.012,0,0.006,67020,"2850-57607","Schaaps","dad","Schaaps-108",NA,NA,NA,"2850-57552","Struthers","dad","Struthers-20",NA,NA,NA
"CO_57636","CO_57701",0.973,0.023,0.003,0.015,53049,"2850-57636","Blue Cloud","dad","none",NA,NA,NA,"2850-57701","Schaaps","dad","Schaaps-110",NA,NA,NA
