"female","male","pairwise","attempt1","barn","nest","location1","soc.pair","total.dur","process.dist.m","dur.fertile","ci.diff","rest.SI.chr","clutch_id_merge","clutch_match","fert_type","shared_fert","pat.clutch.size","bin_fert"
"2640-97331","2640-97588","2640-97331_2640-97588","1","CHR","29","CHR-29",0,11,12.54316078,7,-4,0.235483870967742,"CHR_29_1",1,"ep_same",2,4,"yes"
"2640-97331","2640-97588","2640-97331_2640-97588","2","CHR","27","CHR-27",0,10,13.55260368,7,-4,0.297491039426523,"CHR_27_2",1,NA,0,4,"no"
"2640-97331","2640-97589","2640-97331_2640-97589","1","CHR","29","CHR-29",0,11,3.345023064,9,-2,0.229032258064516,"CHR_29_1",1,NA,0,4,"no"
"2640-97331","2640-97589","2640-97331_2640-97589","2","CHR","27","CHR-27",0,10,3.56350997,10,-1,0.28673835125448,"CHR_27_2",1,NA,0,4,"no"
"2640-97331","2811-83208","2640-97331_2811-83208","2","CHR","27","CHR-27",0,10,15.90725563,0,14,0.32258064516129,"CHR_27_2",1,NA,0,4,"no"
"2640-97331","2811-83208","2640-97331_2811-83208","1","CHR","29","CHR-29",0,0,16.94168974,0,13,0.258064516129032,"CHR_29_1",1,NA,0,4,"no"
"2640-97331","2850-57567","2640-97331_2850-57567","2","CHR","27","CHR-27",0,6,10.66265844,0,-37,0.32258064516129,"CHR_27_2",1,NA,0,4,"no"
"2640-97331","2850-57567","2640-97331_2850-57567","1","CHR","29","CHR-29",0,0,9.735905078,0,11,0.258064516129032,"CHR_29_1",1,NA,0,4,"no"
"2640-97331","2850-57570","2640-97331_2850-57570","2","CHR","27","CHR-27",0,10,10.22398322,5,-5,0.304659498207885,"CHR_27_2",1,NA,0,4,"no"
"2640-97331","2850-57570","2640-97331_2850-57570","1","CHR","29","CHR-29",0,0,6.917761569,0,23,0.258064516129032,"CHR_29_1",1,NA,0,4,"no"
"2640-97331","2850-57577","2640-97331_2850-57577","2","CHR","27","CHR-27",0,10,13.569444,0,24,0.32258064516129,"CHR_27_2",1,NA,0,4,"no"
"2640-97331","2850-57577","2640-97331_2850-57577","1","CHR","29","CHR-29",0,0,12.51519135,0,23,0.258064516129032,"CHR_29_1",1,NA,0,4,"no"
"2640-97331","2850-57578","2640-97331_2850-57578","2","CHR","27","CHR-27",0,10,3.704275342,0,21,0.32258064516129,"CHR_27_2",1,NA,0,4,"no"
"2640-97331","2850-57578","2640-97331_2850-57578","1","CHR","29","CHR-29",0,0,2.800078,0,19,0.258064516129032,"CHR_29_1",1,NA,0,4,"no"
"2640-97331","2850-57579","2640-97331_2850-57579","1","CHR","29","CHR-29",0,5,5.951304253,5,6,0.241935483870968,"CHR_29_1",1,NA,0,4,"no"
"2640-97331","2850-57579","2640-97331_2850-57579","2","CHR","27","CHR-27",0,10,5.784839798,0,-17,0.32258064516129,"CHR_27_2",1,NA,0,4,"no"
"2640-97331","2850-57580","2640-97331_2850-57580","2","CHR","27","CHR-27",0,8,10.75579679,0,-34,0.32258064516129,"CHR_27_2",1,NA,0,4,"no"
"2640-97331","2850-57580","2640-97331_2850-57580","1","CHR","29","CHR-29",0,0,11.78128134,0,14,0.258064516129032,"CHR_29_1",1,NA,0,4,"no"
"2640-97331","2850-57581","2640-97331_2850-57581","1","CHR","29","CHR-29",0,7,12.40409686,7,4,0.235483870967742,"CHR_29_1",1,NA,0,4,"no"
"2640-97331","2850-57581","2640-97331_2850-57581","2","CHR","27","CHR-27",0,10,12.46090579,5,5,0.304659498207885,"CHR_27_2",1,NA,0,4,"no"
"2640-97331","2850-57582","2640-97331_2850-57582","2","CHR","27","CHR-27",0,10,12.09954678,0,16,0.32258064516129,"CHR_27_2",1,NA,0,4,"no"
"2640-97331","2850-57582","2640-97331_2850-57582","1","CHR","29","CHR-29",0,0,13.16811811,0,12,0.258064516129032,"CHR_29_1",1,NA,0,4,"no"
"2640-97331","2850-57589","2640-97331_2850-57589","1","CHR","29","CHR-29",0,1,7.023837135,1,10,0.254838709677419,"CHR_29_1",1,NA,0,4,"no"
"2640-97331","2850-57589","2640-97331_2850-57589","2","CHR","27","CHR-27",0,10,6.234389011,0,15,0.32258064516129,"CHR_27_2",1,NA,0,4,"no"
"2640-97331","2850-57620","2640-97331_2850-57620","2","CHR","27","CHR-27",0,10,6.422664264,0,14,0.32258064516129,"CHR_27_2",1,NA,0,4,"no"
"2640-97331","2850-57620","2640-97331_2850-57620","1","CHR","29","CHR-29",0,0,5.45933273,0,13,0.258064516129032,"CHR_29_1",1,NA,0,4,"no"
"2640-97331","2850-57647","2640-97331_2850-57647","2","CHR","27","CHR-27",0,10,3.77388294,0,24,0.32258064516129,"CHR_27_2",1,NA,0,4,"no"
"2640-97331","2850-57647","2640-97331_2850-57647","1","CHR","29","CHR-29",0,0,3.546625264,0,18,0.258064516129032,"CHR_29_1",1,NA,0,4,"no"
"2640-97331","2850-57653","2640-97331_2850-57653","2","CHR","27","CHR-27",0,10,16.54801295,9,-2,0.290322580645161,"CHR_27_2",1,NA,0,4,"no"
"2640-97331","2850-57653","2640-97331_2850-57653","1","CHR","29","CHR-29",0,0,13.22996489,0,13,0.258064516129032,"CHR_29_1",1,NA,0,4,"no"
"2640-97331","2850-57669","2640-97331_2850-57669","2","CHR","27","CHR-27",0,10,4.5015262,9,1,0.297491039426523,"CHR_27_2",1,NA,0,4,"no"
"2640-97331","2850-57669","2640-97331_2850-57669","1","CHR","29","CHR-29",0,0,3.835087464,0,13,0.258064516129032,"CHR_29_1",1,NA,0,4,"no"
"2640-97331","2850-57671","2640-97331_2850-57671","2","CHR","27","CHR-27",0,10,14.97887567,0,-31,0.32258064516129,"CHR_27_2",1,NA,0,4,"no"
"2640-97331","2850-57671","2640-97331_2850-57671","1","CHR","29","CHR-29",0,0,16.04915093,0,17,0.258064516129032,"CHR_29_1",1,NA,0,4,"no"
"2640-97331","2850-57731","2640-97331_2850-57731","1","CHR","29","CHR-29",0,11,2.113967997,6,-5,0.238709677419355,"CHR_29_1",1,NA,0,4,"no"
"2640-97331","2850-57731","2640-97331_2850-57731","2","CHR","27","CHR-27",0,10,4.116895593,6,-4,0.301075268817204,"CHR_27_2",1,NA,0,4,"no"
"2640-97331","2850-57733","2640-97331_2850-57733","2","CHR","27","CHR-27",0,10,8.269835775,0,-10,0.32258064516129,"CHR_27_2",1,NA,0,4,"no"
"2640-97331","2850-57733","2640-97331_2850-57733","1","CHR","29","CHR-29",0,0,9.277382025,0,38,0.258064516129032,"CHR_29_1",1,NA,0,4,"no"
"2640-97331","2850-57742","2640-97331_2850-57742","1","CHR","29","CHR-29",0,8,6.502144006,8,3,0.232258064516129,"CHR_29_1",1,NA,0,4,"no"
"2640-97331","2850-57742","2640-97331_2850-57742","2","CHR","27","CHR-27",0,10,6.1628208967,9,1,0.290322580645161,"CHR_27_2",1,NA,0,4,"no"
"2640-97331","2850-57744","2640-97331_2850-57744","2","CHR","27","CHR-27",0,10,13.29871713,0,25,0.32258064516129,"CHR_27_2",1,NA,0,4,"no"
"2640-97331","2850-57744","2640-97331_2850-57744","1","CHR","29","CHR-29",0,0,14.27662498,0,21,0.258064516129032,"CHR_29_1",1,NA,0,4,"no"
"2640-97331","2850-57745","2640-97331_2850-57745","1","CHR","29","CHR-29",0,3,11.9931834,3,8,0.248387096774194,"CHR_29_1",1,NA,0,4,"no"
"2640-97331","2850-57745","2640-97331_2850-57745","2","CHR","27","CHR-27",0,10,12.58730193,4,-5,0.308243727598566,"CHR_27_2",1,NA,0,4,"no"
"2640-97331","2850-57806","2640-97331_2850-57806","1","CHR","29","CHR-29",0,11,6.598714514,11,0,0.22258064516129,"CHR_29_1",1,NA,0,4,"no"
"2640-97331","2850-57806","2640-97331_2850-57806","2","CHR","27","CHR-27",0,11,8.69850265090909,6,4,0.301075268817204,"CHR_27_2",1,NA,0,4,"no"
"2640-97331","2850-57808","2640-97331_2850-57808","1","CHR","29","CHR-29",1,11,0.08,11,0,0.258064516129032,"CHR_29_1",1,"wp",2,4,"yes"
"2640-97331","2850-57808","2640-97331_2850-57808","2","CHR","27","CHR-27",1,10,0.08,10,0,0.32258064516129,"CHR_27_2",1,"wp",3,4,"yes"
"2640-97331","2850-57881","2640-97331_2850-57881","1","CHR","29","CHR-29",0,6,3.021301671,6,5,0.238709677419355,"CHR_29_1",1,NA,0,4,"no"
"2640-97331","2850-57881","2640-97331_2850-57881","2","CHR","27","CHR-27",0,10,3.332676517,0,14,0.32258064516129,"CHR_27_2",1,NA,0,4,"no"
"2640-97331","unb-CHR-145","2640-97331_unb-CHR-145","2","CHR","27","CHR-27",0,10,15.54975474,1,-8,0.318996415770609,"CHR_27_2",1,NA,0,4,"no"
"2640-97331","unb-CHR-145","2640-97331_unb-CHR-145","1","CHR","29","CHR-29",0,0,14.55059605,0,40,0.258064516129032,"CHR_29_1",1,NA,0,4,"no"
"2640-97331","unb-CHR-76and12","2640-97331_unb-CHR-76and12","2","CHR","27","CHR-27",0,10,10.70336299,8,-2,0.293906810035842,"CHR_27_2",1,NA,0,4,"no"
"2640-97331","unb-CHR-76and12","2640-97331_unb-CHR-76and12","1","CHR","29","CHR-29",0,0,9.863121172,0,20,0.258064516129032,"CHR_29_1",1,NA,0,4,"no"
"2640-97331","unb-CHR-77","2640-97331_unb-CHR-77","1","CHR","29","CHR-29",0,11,10.25037497,6,-5,0.238709677419355,"CHR_29_1",1,NA,0,4,"no"
"2640-97331","unb-CHR-77","2640-97331_unb-CHR-77","2","CHR","27","CHR-27",0,10,11.20864481,8,-2,0.293906810035842,"CHR_27_2",1,NA,0,4,"no"
"2640-97331","unb-CHR-7and9","2640-97331_unb-CHR-7and9","2","CHR","27","CHR-27",0,10,8.165346447,0,-12,0.32258064516129,"CHR_27_2",1,NA,0,4,"no"
"2640-97331","unb-CHR-7and9","2640-97331_unb-CHR-7and9","1","CHR","29","CHR-29",0,0,10.66913165,0,17,0.258064516129032,"CHR_29_1",1,NA,0,4,"no"
"2640-97358","2640-97588","2640-97358_2640-97588","1","CHR","32","CHR-32",0,10,12.6552842,10,1,0.138709677419355,"CHR_32_1",1,NA,0,5,"no"
"2640-97358","2640-97588","2640-97358_2640-97588","3","CHR","32","CHR-32",0,2,12.6552842,0,-41,0.0362903225806452,"CHR_32_3",1,NA,0,2,"no"
"2640-97358","2640-97589","2640-97358_2640-97589","1","CHR","32","CHR-32",0,8,1.577070176,8,3,0.145161290322581,"CHR_32_1",1,NA,0,5,"no"
"2640-97358","2640-97589","2640-97358_2640-97589","3","CHR","32","CHR-32",0,5,1.577070176,0,-38,0.0362903225806452,"CHR_32_3",1,NA,0,2,"no"
"2640-97358","2811-83208","2640-97358_2811-83208","3","CHR","32","CHR-32",0,9,15.89371749,0,-23,0.0362903225806452,"CHR_32_3",1,NA,0,2,"no"
"2640-97358","2811-83208","2640-97358_2811-83208","1","CHR","32","CHR-32",0,0,15.89371749,0,18,0.170967741935484,"CHR_32_1",1,NA,0,5,"no"
"2640-97358","2850-57567","2640-97358_2850-57567","1","CHR","32","CHR-32",0,0,9.48243736,0,16,0.170967741935484,"CHR_32_1",1,NA,0,5,"no"
"2640-97358","2850-57567","2640-97358_2850-57567","3","CHR","32","CHR-32",0,0,9.48243736,0,-74,0.0362903225806452,"CHR_32_3",1,NA,0,2,"no"
"2640-97358","2850-57570","2640-97358_2850-57570","1","CHR","32","CHR-32",0,0,6.668909987,0,28,0.170967741935484,"CHR_32_1",1,NA,0,5,"no"
"2640-97358","2850-57570","2640-97358_2850-57570","3","CHR","32","CHR-32",0,0,9.343164629,0,-42,0.0362903225806452,"CHR_32_3",1,NA,0,2,"no"
"2640-97358","2850-57577","2640-97358_2850-57577","3","CHR","32","CHR-32",0,9,14.14510354,0,-13,0.0362903225806452,"CHR_32_3",1,NA,0,2,"no"
"2640-97358","2850-57577","2640-97358_2850-57577","1","CHR","32","CHR-32",0,0,13.66075475,0,28,0.170967741935484,"CHR_32_1",1,NA,0,5,"no"
"2640-97358","2850-57578","2640-97358_2850-57578","3","CHR","32","CHR-32",0,9,2.895473875,0,-16,0.0362903225806452,"CHR_32_3",1,NA,0,2,"no"
"2640-97358","2850-57578","2640-97358_2850-57578","1","CHR","32","CHR-32",0,0,2.895473875,0,24,0.170967741935484,"CHR_32_1",1,NA,0,5,"no"
"2640-97358","2850-57579","2640-97358_2850-57579","1","CHR","32","CHR-32",0,0,4.854405069,0,11,0.170967741935484,"CHR_32_1",1,NA,0,5,"no"
"2640-97358","2850-57579","2640-97358_2850-57579","3","CHR","32","CHR-32",0,0,6.192228038,0,-54,0.0362903225806452,"CHR_32_3",1,NA,0,2,"no"
"2640-97358","2850-57580","2640-97358_2850-57580","1","CHR","32","CHR-32",0,0,10.73150544,0,19,0.170967741935484,"CHR_32_1",1,NA,0,5,"no"
"2640-97358","2850-57580","2640-97358_2850-57580","3","CHR","32","CHR-32",0,0,10.73150544,0,-71,0.0362903225806452,"CHR_32_3",1,NA,0,2,"no"
"2640-97358","2850-57581","2640-97358_2850-57581","1","CHR","32","CHR-32",0,2,10.64783291,2,9,0.164516129032258,"CHR_32_1",1,NA,0,5,"no"
"2640-97358","2850-57581","2640-97358_2850-57581","3","CHR","32","CHR-32",0,9,12.48987977,0,-32,0.0362903225806452,"CHR_32_3",1,NA,0,2,"no"
"2640-97358","2850-57582","2640-97358_2850-57582","3","CHR","32","CHR-32",0,9,12.34434022,0,-21,0.0362903225806452,"CHR_32_3",1,NA,0,2,"no"
"2640-97358","2850-57582","2640-97358_2850-57582","1","CHR","32","CHR-32",0,0,12.77634584,0,17,0.170967741935484,"CHR_32_1",1,NA,0,5,"no"
"2640-97358","2850-57589","2640-97358_2850-57589","3","CHR","32","CHR-32",0,9,6.682175434,0,-22,0.0362903225806452,"CHR_32_3",1,NA,0,2,"no"
"2640-97358","2850-57589","2640-97358_2850-57589","1","CHR","32","CHR-32",0,0,5.352451183,0,15,0.170967741935484,"CHR_32_1",1,NA,0,5,"no"
"2640-97358","2850-57620","2640-97358_2850-57620","3","CHR","32","CHR-32",0,9,5.510588776,0,-23,0.0362903225806452,"CHR_32_3",1,NA,0,2,"no"
"2640-97358","2850-57620","2640-97358_2850-57620","1","CHR","32","CHR-32",0,0,5.510588776,0,18,0.170967741935484,"CHR_32_1",1,NA,0,5,"no"
"2640-97358","2850-57647","2640-97358_2850-57647","3","CHR","32","CHR-32",0,9,1.783308813,0,-13,0.0362903225806452,"CHR_32_3",1,NA,0,2,"no"
"2640-97358","2850-57647","2640-97358_2850-57647","1","CHR","32","CHR-32",0,0,1.783308813,0,23,0.170967741935484,"CHR_32_1",1,NA,0,5,"no"
"2640-97358","2850-57653","2640-97358_2850-57653","3","CHR","32","CHR-32",0,4,15.78636065,0,-39,0.0362903225806452,"CHR_32_3",1,NA,0,2,"no"
"2640-97358","2850-57653","2640-97358_2850-57653","1","CHR","32","CHR-32",0,0,13.61310389,0,18,0.170967741935484,"CHR_32_1",1,NA,0,5,"no"
"2640-97358","2850-57669","2640-97358_2850-57669","3","CHR","32","CHR-32",0,9,2.937468205,0,-18,0.0362903225806452,"CHR_32_3",1,NA,0,2,"no"
"2640-97358","2850-57669","2640-97358_2850-57669","1","CHR","32","CHR-32",0,0,2.99327368,0,18,0.170967741935484,"CHR_32_1",1,NA,0,5,"no"
"2640-97358","2850-57671","2640-97358_2850-57671","1","CHR","32","CHR-32",0,0,15.5412171,0,22,0.170967741935484,"CHR_32_1",1,NA,0,5,"no"
"2640-97358","2850-57671","2640-97358_2850-57671","3","CHR","32","CHR-32",0,0,15.5412171,0,-68,0.0362903225806452,"CHR_32_3",1,NA,0,2,"no"
"2640-97358","2850-57731","2640-97358_2850-57731","1","CHR","32","CHR-32",1,11,0.08,11,0,0.170967741935484,"CHR_32_1",1,"wp",4,5,"yes"
"2640-97358","2850-57731","2640-97358_2850-57731","3","CHR","32","CHR-32",1,9,0.08,9,0,0.0362903225806452,"CHR_32_3",1,"wp",2,2,"yes"
"2640-97358","2850-57733","2640-97358_2850-57733","3","CHR","32","CHR-32",0,9,8.027254901,9,-1,0,"CHR_32_3",1,NA,0,2,"no"
"2640-97358","2850-57733","2640-97358_2850-57733","1","CHR","32","CHR-32",0,0,8.180056395,0,43,0.170967741935484,"CHR_32_1",1,NA,0,5,"no"
"2640-97358","2850-57742","2640-97358_2850-57742","1","CHR","32","CHR-32",0,3,4.44740581,3,8,0.161290322580645,"CHR_32_1",1,NA,0,5,"no"
"2640-97358","2850-57742","2640-97358_2850-57742","3","CHR","32","CHR-32",0,7,4.608725363,0,-36,0.0362903225806452,"CHR_32_3",1,NA,0,2,"no"
"2640-97358","2850-57744","2640-97358_2850-57744","3","CHR","32","CHR-32",0,9,12.97113301,0,-12,0.0362903225806452,"CHR_32_3",1,NA,0,2,"no"
"2640-97358","2850-57744","2640-97358_2850-57744","1","CHR","32","CHR-32",0,0,12.97113301,0,26,0.170967741935484,"CHR_32_1",1,NA,0,5,"no"
"2640-97358","2850-57745","2640-97358_2850-57745","1","CHR","32","CHR-32",0,0,12.90294043,0,13,0.170967741935484,"CHR_32_1",1,NA,0,5,"no"
"2640-97358","2850-57745","2640-97358_2850-57745","3","CHR","32","CHR-32",0,0,12.35367069,0,-42,0.0362903225806452,"CHR_32_3",1,NA,0,2,"no"
"2640-97358","2850-57806","2640-97358_2850-57806","1","CHR","32","CHR-32",0,6,7.493744191,6,5,0.151612903225806,"CHR_32_1",1,NA,0,5,"no"
"2640-97358","2850-57806","2640-97358_2850-57806","3","CHR","32","CHR-32",0,9,9.22669082,0,-33,0.0362903225806452,"CHR_32_3",1,NA,0,2,"no"
"2640-97358","2850-57808","2640-97358_2850-57808","1","CHR","32","CHR-32",0,6,2.113967997,6,5,0.151612903225806,"CHR_32_1",1,"ep_same",1,5,"yes"
"2640-97358","2850-57808","2640-97358_2850-57808","3","CHR","32","CHR-32",0,5,2.045060714,0,-37,0.0362903225806452,"CHR_32_3",1,NA,0,2,"no"
"2640-97358","2850-57881","2640-97358_2850-57881","1","CHR","32","CHR-32",0,1,5.112140496,1,10,0.167741935483871,"CHR_32_1",1,NA,0,5,"no"
"2640-97358","2850-57881","2640-97358_2850-57881","3","CHR","32","CHR-32",0,9,5.064903298,0,-23,0.0362903225806452,"CHR_32_3",1,NA,0,2,"no"
"2640-97358","unb-CHR-145","2640-97358_unb-CHR-145","1","CHR","32","CHR-32",0,0,15.99720369,0,45,0.170967741935484,"CHR_32_1",1,NA,0,5,"no"
"2640-97358","unb-CHR-145","2640-97358_unb-CHR-145","3","CHR","32","CHR-32",0,0,15.99720369,0,-45,0.0362903225806452,"CHR_32_3",1,NA,0,2,"no"
"2640-97358","unb-CHR-76and12","2640-97358_unb-CHR-76and12","3","CHR","32","CHR-32",0,3,10.24617765,0,-39,0.0362903225806452,"CHR_32_3",1,NA,0,2,"no"
"2640-97358","unb-CHR-76and12","2640-97358_unb-CHR-76and12","1","CHR","32","CHR-32",0,0,8.387337554,0,25,0.170967741935484,"CHR_32_1",1,NA,0,5,"no"
"2640-97358","unb-CHR-77","2640-97358_unb-CHR-77","1","CHR","32","CHR-32",0,11,10.12552495,11,0,0.135483870967742,"CHR_32_1",1,NA,0,5,"no"
"2640-97358","unb-CHR-77","2640-97358_unb-CHR-77","3","CHR","32","CHR-32",0,3,10.12552495,0,-39,0.0362903225806452,"CHR_32_3",1,NA,0,2,"no"
"2640-97358","unb-CHR-7and9","2640-97358_unb-CHR-7and9","1","CHR","32","CHR-32",0,0,9.884218893,0,22,0.170967741935484,"CHR_32_1",1,NA,0,5,"no"
"2640-97358","unb-CHR-7and9","2640-97358_unb-CHR-7and9","3","CHR","32","CHR-32",0,0,8.436588118,0,-49,0.0362903225806452,"CHR_32_3",1,NA,0,2,"no"
"2640-97596","2350-21085","2640-97596_2350-21085","1","Make Believe","73","Make Believe-73",1,11,0.08,11,0,NA,"Make Believe_73_1",1,"wp",5,5,"yes"
"2640-97596","2350-21085","2640-97596_2350-21085","2","Make Believe","73","Make Believe-73",1,11,0.08,11,0,NA,"Make Believe_73_2",1,"wp",2,5,"yes"
"2640-97596","2850-57518","2640-97596_2850-57518","2","Make Believe","73","Make Believe-73",0,11,8.06746300727273,2,9,NA,"Make Believe_73_2",1,NA,0,5,"no"
"2640-97596","2850-57518","2640-97596_2850-57518","1","Make Believe","73","Make Believe-73",0,0,8.76593454,0,12,NA,"Make Believe_73_1",1,NA,0,5,"no"
"2640-97596","2850-57668","2640-97596_2850-57668","2","Make Believe","73","Make Believe-73",0,11,9.322435728,0,13,NA,"Make Believe_73_2",1,NA,0,5,"no"
"2640-97596","2850-57668","2640-97596_2850-57668","1","Make Believe","73","Make Believe-73",0,0,9.322435728,0,15,NA,"Make Believe_73_1",1,NA,0,5,"no"
"2640-97596","2850-57873","2640-97596_2850-57873","2","Make Believe","73","Make Believe-73",0,11,4.235389899,0,14,NA,"Make Believe_73_2",1,NA,0,5,"no"
"2640-97596","2850-57873","2640-97596_2850-57873","1","Make Believe","73","Make Believe-73",0,0,4.235389899,0,14,NA,"Make Believe_73_1",1,NA,0,5,"no"
"2640-97596","2850-57875","2640-97596_2850-57875","2","Make Believe","73","Make Believe-73",0,11,17.2762774,0,11,NA,"Make Believe_73_2",1,NA,0,5,"no"
"2640-97596","2850-57875","2640-97596_2850-57875","1","Make Believe","73","Make Believe-73",0,0,17.2762774,0,15,NA,"Make Believe_73_1",1,NA,0,5,"no"
"2640-97596","2850-57877","2640-97596_2850-57877","2","Make Believe","73","Make Believe-73",0,11,14.90668647,0,-21,NA,"Make Believe_73_2",1,NA,0,5,"no"
"2640-97596","2850-57877","2640-97596_2850-57877","1","Make Believe","73","Make Believe-73",0,0,14.90668647,0,29,NA,"Make Believe_73_1",1,NA,0,5,"no"
"2811-38984","2640-97588","2811-38984_2640-97588","1","CHR","102","CHR-102",0,11,11.64241472,9,-2,0.2,"CHR_102_1",1,NA,0,3,"no"
"2811-38984","2640-97588","2811-38984_2640-97588","2","CHR","102","CHR-102",0,11,11.64241472,8,-3,0.293548387096774,"CHR_102_2",1,NA,0,4,"no"
"2811-38984","2640-97589","2811-38984_2640-97589","1","CHR","102","CHR-102",1,11,0.08,11,0,0.229032258064516,"CHR_102_1",1,"wp",3,3,"yes"
"2811-38984","2640-97589","2811-38984_2640-97589","2","CHR","102","CHR-102",1,11,0.08,11,0,0.319354838709677,"CHR_102_2",1,"wp",4,4,"yes"
"2811-38984","2811-83208","2811-38984_2811-83208","2","CHR","102","CHR-102",0,11,16.60092687,0,15,0.319354838709677,"CHR_102_2",1,NA,0,4,"no"
"2811-38984","2811-83208","2811-38984_2811-83208","1","CHR","102","CHR-102",0,0,16.60092687,0,15,0.229032258064516,"CHR_102_1",1,NA,0,3,"no"
"2811-38984","2850-57567","2811-38984_2850-57567","2","CHR","102","CHR-102",0,7,8.313013431,0,-36,0.319354838709677,"CHR_102_2",1,NA,0,4,"no"
"2811-38984","2850-57567","2811-38984_2850-57567","1","CHR","102","CHR-102",0,0,8.313013431,0,13,0.229032258064516,"CHR_102_1",1,NA,0,3,"no"
"2811-38984","2850-57570","2811-38984_2850-57570","2","CHR","102","CHR-102",0,11,8.398125942,6,-4,0.3,"CHR_102_2",1,NA,0,4,"no"
"2811-38984","2850-57570","2811-38984_2850-57570","1","CHR","102","CHR-102",0,0,5.589012772,0,25,0.229032258064516,"CHR_102_1",1,NA,0,3,"no"
"2811-38984","2850-57577","2811-38984_2850-57577","2","CHR","102","CHR-102",0,11,13.36803151,0,-24,0.319354838709677,"CHR_102_2",1,NA,0,4,"no"
"2811-38984","2850-57577","2811-38984_2850-57577","1","CHR","102","CHR-102",0,0,13.36803151,0,25,0.229032258064516,"CHR_102_1",1,NA,0,3,"no"
"2811-38984","2850-57578","2811-38984_2850-57578","2","CHR","102","CHR-102",0,11,2.609073064,0,22,0.319354838709677,"CHR_102_2",1,NA,0,4,"no"
"2811-38984","2850-57578","2811-38984_2850-57578","1","CHR","102","CHR-102",0,0,2.609073064,0,21,0.229032258064516,"CHR_102_1",1,NA,0,3,"no"
"2811-38984","2850-57579","2811-38984_2850-57579","1","CHR","102","CHR-102",0,3,5.795943745,3,8,0.219354838709677,"CHR_102_1",1,NA,0,3,"no"
"2811-38984","2850-57579","2811-38984_2850-57579","2","CHR","102","CHR-102",0,11,7.337925181,0,-16,0.319354838709677,"CHR_102_2",1,NA,0,4,"no"
"2811-38984","2850-57580","2811-38984_2850-57580","2","CHR","102","CHR-102",0,9,11.50131062,0,-33,0.319354838709677,"CHR_102_2",1,NA,0,4,"no"
"2811-38984","2850-57580","2811-38984_2850-57580","1","CHR","102","CHR-102",0,0,11.50131062,0,16,0.229032258064516,"CHR_102_1",1,NA,0,3,"no"
"2811-38984","2850-57581","2811-38984_2850-57581","1","CHR","102","CHR-102",0,5,10.69451428,5,6,0.212903225806452,"CHR_102_1",1,NA,0,3,"no"
"2811-38984","2850-57581","2811-38984_2850-57581","2","CHR","102","CHR-102",0,11,11.5730881118182,5,6,0.303225806451613,"CHR_102_2",1,NA,0,4,"no"
"2811-38984","2850-57582","2811-38984_2850-57582","2","CHR","102","CHR-102",0,11,13.92789691,0,17,0.319354838709677,"CHR_102_2",1,NA,0,4,"no"
"2811-38984","2850-57582","2811-38984_2850-57582","1","CHR","102","CHR-102",0,0,13.92789691,0,14,0.229032258064516,"CHR_102_1",1,NA,0,3,"no"
"2811-38984","2850-57589","2811-38984_2850-57589","2","CHR","102","CHR-102",0,11,5.705506599,0,16,0.319354838709677,"CHR_102_2",1,NA,0,4,"no"
"2811-38984","2850-57589","2811-38984_2850-57589","1","CHR","102","CHR-102",0,0,5.705506599,0,12,0.229032258064516,"CHR_102_1",1,NA,0,3,"no"
"2811-38984","2850-57620","2811-38984_2850-57620","2","CHR","102","CHR-102",0,11,4.703666967,0,15,0.319354838709677,"CHR_102_2",1,NA,0,4,"no"
"2811-38984","2850-57620","2811-38984_2850-57620","1","CHR","102","CHR-102",0,0,4.703666967,0,15,0.229032258064516,"CHR_102_1",1,NA,0,3,"no"
"2811-38984","2850-57647","2811-38984_2850-57647","2","CHR","102","CHR-102",0,11,0.210376542,0,25,0.319354838709677,"CHR_102_2",1,NA,0,4,"no"
"2811-38984","2850-57647","2811-38984_2850-57647","1","CHR","102","CHR-102",0,0,0.210376542,0,20,0.229032258064516,"CHR_102_1",1,NA,0,3,"no"
"2811-38984","2850-57653","2811-38984_2850-57653","2","CHR","102","CHR-102",0,11,14.83818046,10,-1,0.287096774193548,"CHR_102_2",1,NA,0,4,"no"
"2811-38984","2850-57653","2811-38984_2850-57653","1","CHR","102","CHR-102",0,0,12.75639032,0,15,0.229032258064516,"CHR_102_1",1,NA,0,3,"no"
"2811-38984","2850-57669","2811-38984_2850-57669","2","CHR","102","CHR-102",0,11,1.893100505,9,2,0.296774193548387,"CHR_102_2",1,NA,0,4,"no"
"2811-38984","2850-57669","2811-38984_2850-57669","1","CHR","102","CHR-102",0,0,1.893100505,0,15,0.229032258064516,"CHR_102_1",1,NA,0,3,"no"
"2811-38984","2850-57671","2811-38984_2850-57671","2","CHR","102","CHR-102",0,11,16.60764839,0,-30,0.319354838709677,"CHR_102_2",1,NA,0,4,"no"
"2811-38984","2850-57671","2811-38984_2850-57671","1","CHR","102","CHR-102",0,0,16.60764839,0,19,0.229032258064516,"CHR_102_1",1,NA,0,3,"no"
"2811-38984","2850-57731","2811-38984_2850-57731","1","CHR","102","CHR-102",0,11,1.577070176,8,-3,0.203225806451613,"CHR_102_1",1,NA,0,3,"no"
"2811-38984","2850-57731","2811-38984_2850-57731","2","CHR","102","CHR-102",0,11,3.616180933,7,-3,0.296774193548387,"CHR_102_2",1,NA,0,4,"no"
"2811-38984","2850-57733","2811-38984_2850-57733","2","CHR","102","CHR-102",0,11,8.971697229,1,-9,0.316129032258064,"CHR_102_2",1,NA,0,4,"no"
"2811-38984","2850-57733","2811-38984_2850-57733","1","CHR","102","CHR-102",0,0,8.971697229,0,40,0.229032258064516,"CHR_102_1",1,NA,0,3,"no"
"2811-38984","2850-57742","2811-38984_2850-57742","1","CHR","102","CHR-102",0,6,3.26345876,6,5,0.209677419354839,"CHR_102_1",1,NA,0,3,"no"
"2811-38984","2850-57742","2811-38984_2850-57742","2","CHR","102","CHR-102",0,11,4.15144640518182,9,2,0.290322580645161,"CHR_102_2",1,NA,0,4,"no"
"2811-38984","2850-57744","2811-38984_2850-57744","2","CHR","102","CHR-102",0,11,13.49224612,0,-26,0.319354838709677,"CHR_102_2",1,NA,0,4,"no"
"2811-38984","2850-57744","2811-38984_2850-57744","1","CHR","102","CHR-102",0,0,13.49224612,0,23,0.229032258064516,"CHR_102_1",1,NA,0,3,"no"
"2811-38984","2850-57745","2811-38984_2850-57745","1","CHR","102","CHR-102",0,1,12.4311523,1,10,0.225806451612903,"CHR_102_1",1,NA,0,3,"no"
"2811-38984","2850-57745","2811-38984_2850-57745","2","CHR","102","CHR-102",0,11,11.83520927,5,-4,0.303225806451613,"CHR_102_2",1,NA,0,4,"no"
"2811-38984","2850-57806","2811-38984_2850-57806","1","CHR","102","CHR-102",0,9,7.166145998,9,2,0.2,"CHR_102_1",1,NA,0,3,"no"
"2811-38984","2850-57806","2811-38984_2850-57806","2","CHR","102","CHR-102",0,12,7.93731493,6,5,0.3,"CHR_102_2",1,NA,0,4,"no"
"2811-38984","2850-57808","2811-38984_2850-57808","1","CHR","102","CHR-102",0,9,3.345023064,9,2,0.2,"CHR_102_1",1,NA,0,3,"no"
"2811-38984","2850-57808","2811-38984_2850-57808","2","CHR","102","CHR-102",0,11,3.543647524,10,1,0.287096774193548,"CHR_102_2",1,NA,0,4,"no"
"2811-38984","2850-57881","2811-38984_2850-57881","1","CHR","102","CHR-102",0,4,6.340652122,4,7,0.216129032258065,"CHR_102_1",1,NA,0,3,"no"
"2811-38984","2850-57881","2811-38984_2850-57881","2","CHR","102","CHR-102",0,11,6.340652122,0,15,0.319354838709677,"CHR_102_2",1,NA,0,4,"no"
"2811-38984","unb-CHR-145","2811-38984_unb-CHR-145","2","CHR","102","CHR-102",0,11,15.94890647,2,-7,0.312903225806452,"CHR_102_2",1,NA,0,4,"no"
"2811-38984","unb-CHR-145","2811-38984_unb-CHR-145","1","CHR","102","CHR-102",0,0,15.94890647,0,42,0.229032258064516,"CHR_102_1",1,NA,0,3,"no"
"2811-38984","unb-CHR-76and12","2811-38984_unb-CHR-76and12","2","CHR","102","CHR-102",0,11,10.72258369,9,-1,0.290322580645161,"CHR_102_2",1,NA,0,4,"no"
"2811-38984","unb-CHR-76and12","2811-38984_unb-CHR-76and12","1","CHR","102","CHR-102",0,0,8.832289265,0,22,0.229032258064516,"CHR_102_1",1,NA,0,3,"no"
"2811-38984","unb-CHR-77","2811-38984_unb-CHR-77","1","CHR","102","CHR-102",0,11,9.015249927,8,-3,0.203225806451613,"CHR_102_1",1,NA,0,3,"no"
"2811-38984","unb-CHR-77","2811-38984_unb-CHR-77","2","CHR","102","CHR-102",0,11,9.015249927,9,-1,0.290322580645161,"CHR_102_2",1,NA,0,4,"no"
"2811-38984","unb-CHR-7and9","2811-38984_unb-CHR-7and9","2","CHR","102","CHR-102",0,11,9.438090763,0,-11,0.319354838709677,"CHR_102_2",1,NA,0,4,"no"
"2811-38984","unb-CHR-7and9","2811-38984_unb-CHR-7and9","1","CHR","102","CHR-102",0,0,10.85314354,0,19,0.229032258064516,"CHR_102_1",1,NA,0,3,"no"
"2850-57551","2850-57552","2850-57551_2850-57552","1","Struthers","10","Struthers-10",1,11,0.08,11,0,NA,"Struthers_10_1",1,"wp",4,5,"yes"
"2850-57551","2850-57552","2850-57551_2850-57552","2","Struthers","20","Struthers-20",1,12,0.08,12,0,NA,"Struthers_20_2",1,"wp",4,5,"yes"
"2850-57568","2640-97588","2850-57568_2640-97588","1","CHR","96","CHR-96",0,11,6.642331491,7,-4,0.235483870967742,"CHR_96_1",1,NA,0,4,"no"
"2850-57568","2640-97588","2850-57568_2640-97588","2","CHR","96","CHR-96",0,11,6.642331491,2,-9,0.183870967741935,"CHR_96_2",1,NA,0,3,"no"
"2850-57568","2640-97589","2850-57568_2640-97589","1","CHR","96","CHR-96",0,11,7.166145998,9,-2,0.229032258064516,"CHR_96_1",1,NA,0,4,"no"
"2850-57568","2640-97589","2850-57568_2640-97589","2","CHR","96","CHR-96",0,11,7.166145998,5,-6,0.174193548387097,"CHR_96_2",1,"ep_same",1,3,"yes"
"2850-57568","2811-83208","2850-57568_2811-83208","2","CHR","96","CHR-96",0,11,23.35798423,2,9,0.183870967741935,"CHR_96_2",1,NA,0,3,"no"
"2850-57568","2811-83208","2850-57568_2811-83208","1","CHR","96","CHR-96",0,0,23.35798423,0,13,0.258064516129032,"CHR_96_1",1,NA,0,4,"no"
"2850-57568","2850-57567","2850-57568_2850-57567","2","CHR","96","CHR-96",0,1,5.211051794,0,-42,0.190322580645161,"CHR_96_2",1,NA,0,3,"no"
"2850-57568","2850-57567","2850-57568_2850-57567","1","CHR","96","CHR-96",0,0,5.211051794,0,11,0.258064516129032,"CHR_96_1",1,NA,0,4,"no"
"2850-57568","2850-57570","2850-57568_2850-57570","2","CHR","96","CHR-96",0,11,3.793397743,0,-10,0.190322580645161,"CHR_96_2",1,"ep_same",2,3,"yes"
"2850-57568","2850-57570","2850-57568_2850-57570","1","CHR","96","CHR-96",0,0,3.799390559,0,23,0.258064516129032,"CHR_96_1",1,NA,0,4,"no"
"2850-57568","2850-57577","2850-57568_2850-57577","2","CHR","96","CHR-96",0,11,6.207264631,0,19,0.190322580645161,"CHR_96_2",1,NA,0,3,"no"
"2850-57568","2850-57577","2850-57568_2850-57577","1","CHR","96","CHR-96",0,0,6.207264631,0,23,0.258064516129032,"CHR_96_1",1,NA,0,4,"no"
"2850-57568","2850-57578","2850-57568_2850-57578","2","CHR","96","CHR-96",0,11,4.649295834,0,16,0.190322580645161,"CHR_96_2",1,NA,0,3,"no"
"2850-57568","2850-57578","2850-57568_2850-57578","1","CHR","96","CHR-96",0,0,4.649295834,0,19,0.258064516129032,"CHR_96_1",1,NA,0,4,"no"
"2850-57568","2850-57579","2850-57568_2850-57579","1","CHR","96","CHR-96",0,5,12.2884515,5,6,0.241935483870968,"CHR_96_1",1,NA,0,4,"no"
"2850-57568","2850-57579","2850-57568_2850-57579","2","CHR","96","CHR-96",0,11,13.39401385,0,-22,0.190322580645161,"CHR_96_2",1,NA,0,3,"no"
"2850-57568","2850-57580","2850-57568_2850-57580","2","CHR","96","CHR-96",0,3,18.18602989,0,-39,0.190322580645161,"CHR_96_2",1,NA,0,3,"no"
"2850-57568","2850-57580","2850-57568_2850-57580","1","CHR","96","CHR-96",0,0,18.18602989,0,14,0.258064516129032,"CHR_96_1",1,NA,0,4,"no"
"2850-57568","2850-57581","2850-57568_2850-57581","1","CHR","96","CHR-96",0,7,17.86065878,7,4,0.235483870967742,"CHR_96_1",1,NA,0,4,"no"
"2850-57568","2850-57581","2850-57568_2850-57581","2","CHR","96","CHR-96",0,11,19.78845254,11,0,0.158064516129032,"CHR_96_2",1,NA,0,3,"no"
"2850-57568","2850-57582","2850-57568_2850-57582","2","CHR","96","CHR-96",0,11,19.76481823,0,11,0.190322580645161,"CHR_96_2",1,NA,0,3,"no"
"2850-57568","2850-57582","2850-57568_2850-57582","1","CHR","96","CHR-96",0,0,19.76481823,0,12,0.258064516129032,"CHR_96_1",1,NA,0,4,"no"
"2850-57568","2850-57589","2850-57568_2850-57589","1","CHR","96","CHR-96",0,1,12.76407049,1,10,0.254838709677419,"CHR_96_1",1,NA,0,4,"no"
"2850-57568","2850-57589","2850-57568_2850-57589","2","CHR","96","CHR-96",0,11,12.8891057572727,1,10,0.187096774193548,"CHR_96_2",1,NA,0,3,"no"
"2850-57568","2850-57620","2850-57568_2850-57620","2","CHR","96","CHR-96",0,11,2.998408922,2,9,0.183870967741935,"CHR_96_2",1,NA,0,3,"no"
"2850-57568","2850-57620","2850-57568_2850-57620","1","CHR","96","CHR-96",0,0,2.998408922,0,13,0.258064516129032,"CHR_96_1",1,NA,0,4,"no"
"2850-57568","2850-57647","2850-57568_2850-57647","2","CHR","96","CHR-96",0,11,7.192032508,0,19,0.190322580645161,"CHR_96_2",1,NA,0,3,"no"
"2850-57568","2850-57647","2850-57568_2850-57647","1","CHR","96","CHR-96",0,0,7.192032508,0,18,0.258064516129032,"CHR_96_1",1,NA,0,4,"no"
"2850-57568","2850-57653","2850-57568_2850-57653","2","CHR","96","CHR-96",0,11,9.217123692,4,-7,0.17741935483871,"CHR_96_2",1,NA,0,3,"no"
"2850-57568","2850-57653","2850-57568_2850-57653","1","CHR","96","CHR-96",0,0,6.869086004,0,13,0.258064516129032,"CHR_96_1",1,NA,0,4,"no"
"2850-57568","2850-57669","2850-57568_2850-57669","2","CHR","96","CHR-96",0,11,5.474645232,3,-4,0.180645161290323,"CHR_96_2",1,NA,0,3,"no"
"2850-57568","2850-57669","2850-57568_2850-57669","1","CHR","96","CHR-96",0,0,5.474645232,0,13,0.258064516129032,"CHR_96_1",1,NA,0,4,"no"
"2850-57568","2850-57671","2850-57568_2850-57671","2","CHR","96","CHR-96",0,7,22.64758752,0,-36,0.190322580645161,"CHR_96_2",1,NA,0,3,"no"
"2850-57568","2850-57671","2850-57568_2850-57671","1","CHR","96","CHR-96",0,0,22.64758752,0,17,0.258064516129032,"CHR_96_1",1,NA,0,4,"no"
"2850-57568","2850-57731","2850-57568_2850-57731","1","CHR","96","CHR-96",0,11,7.493744191,6,-5,0.238709677419355,"CHR_96_1",1,NA,0,4,"no"
"2850-57568","2850-57731","2850-57568_2850-57731","2","CHR","96","CHR-96",0,11,3.764567061,1,-9,0.187096774193548,"CHR_96_2",1,NA,0,3,"no"
"2850-57568","2850-57733","2850-57568_2850-57733","2","CHR","96","CHR-96",0,11,15.64034838,0,-15,0.190322580645161,"CHR_96_2",1,NA,0,3,"no"
"2850-57568","2850-57733","2850-57568_2850-57733","1","CHR","96","CHR-96",0,0,15.64034838,0,38,0.258064516129032,"CHR_96_1",1,NA,0,4,"no"
"2850-57568","2850-57742","2850-57568_2850-57742","1","CHR","96","CHR-96",0,8,9.718855261,8,3,0.232258064516129,"CHR_96_1",1,NA,0,4,"no"
"2850-57568","2850-57742","2850-57568_2850-57742","2","CHR","96","CHR-96",0,11,11.50370703,7,-4,0.167741935483871,"CHR_96_2",1,NA,0,3,"no"
"2850-57568","2850-57744","2850-57568_2850-57744","2","CHR","96","CHR-96",0,11,20.46219552,0,20,0.190322580645161,"CHR_96_2",1,NA,0,3,"no"
"2850-57568","2850-57744","2850-57568_2850-57744","1","CHR","96","CHR-96",0,0,20.46219552,0,21,0.258064516129032,"CHR_96_1",1,NA,0,4,"no"
"2850-57568","2850-57745","2850-57568_2850-57745","1","CHR","96","CHR-96",0,3,5.430762873,3,8,0.248387096774194,"CHR_96_1",1,NA,0,4,"no"
"2850-57568","2850-57745","2850-57568_2850-57745","2","CHR","96","CHR-96",0,11,4.924170673,0,-10,0.190322580645161,"CHR_96_2",1,NA,0,3,"no"
"2850-57568","2850-57806","2850-57568_2850-57806","1","CHR","96","CHR-96",1,11,0.08,11,0,0.258064516129032,"CHR_96_1",1,NA,0,4,"no"
"2850-57568","2850-57806","2850-57568_2850-57806","2","CHR","96","CHR-96",1,11,0.08,9,-1,0.161290322580645,"CHR_96_2",1,NA,0,3,"no"
"2850-57568","2850-57808","2850-57568_2850-57808","1","CHR","96","CHR-96",0,11,6.598714514,11,0,0.22258064516129,"CHR_96_1",1,"ep_same",4,4,"yes"
"2850-57568","2850-57808","2850-57568_2850-57808","2","CHR","96","CHR-96",0,11,7.668810504,5,-5,0.174193548387097,"CHR_96_2",1,NA,0,3,"no"
"2850-57568","2850-57881","2850-57568_2850-57881","1","CHR","96","CHR-96",0,6,6.968481868,6,5,0.238709677419355,"CHR_96_1",1,NA,0,4,"no"
"2850-57568","2850-57881","2850-57568_2850-57881","2","CHR","96","CHR-96",0,11,7.10379761236364,2,9,0.183870967741935,"CHR_96_2",1,NA,0,3,"no"
"2850-57568","unb-CHR-145","2850-57568_unb-CHR-145","2","CHR","96","CHR-96",0,11,8.87800356,0,-13,0.190322580645161,"CHR_96_2",1,NA,0,3,"no"
"2850-57568","unb-CHR-145","2850-57568_unb-CHR-145","1","CHR","96","CHR-96",0,0,8.87800356,0,40,0.258064516129032,"CHR_96_1",1,NA,0,4,"no"
"2850-57568","unb-CHR-76and12","2850-57568_unb-CHR-76and12","2","CHR","96","CHR-96",0,11,17.72633604,3,-7,0.180645161290323,"CHR_96_2",1,NA,0,3,"no"
"2850-57568","unb-CHR-76and12","2850-57568_unb-CHR-76and12","1","CHR","96","CHR-96",0,0,15.85416469,0,20,0.258064516129032,"CHR_96_1",1,NA,0,4,"no"
"2850-57568","unb-CHR-77","2850-57568_unb-CHR-77","1","CHR","96","CHR-96",0,11,5.227094445,6,-5,0.238709677419355,"CHR_96_1",1,NA,0,4,"no"
"2850-57568","unb-CHR-77","2850-57568_unb-CHR-77","2","CHR","96","CHR-96",0,11,5.227094445,3,-7,0.180645161290323,"CHR_96_2",1,NA,0,3,"no"
"2850-57568","unb-CHR-7and9","2850-57568_unb-CHR-7and9","2","CHR","96","CHR-96",0,11,15.74693799,0,-17,0.190322580645161,"CHR_96_2",1,NA,0,3,"no"
"2850-57568","unb-CHR-7and9","2850-57568_unb-CHR-7and9","1","CHR","96","CHR-96",0,0,17.20326488,0,17,0.258064516129032,"CHR_96_1",1,NA,0,4,"no"
"2850-57571","2640-97588","2850-57571_2640-97588","1","CHR","58","CHR-58",0,10,17.416029,1,-10,0.283154121863799,"CHR_58_1",1,NA,0,4,"no"
"2850-57571","2640-97589","2850-57571_2640-97589","1","CHR","58","CHR-58",0,10,5.795943745,3,-8,0.275985663082437,"CHR_58_1",1,NA,0,4,"no"
"2850-57571","2811-83208","2850-57571_2811-83208","1","CHR","58","CHR-58",0,3,11.06999379,3,7,0.275985663082437,"CHR_58_1",1,NA,0,4,"no"
"2850-57571","2850-57567","2850-57571_2850-57567","1","CHR","58","CHR-58",0,5,14.10829303,5,5,0.268817204301075,"CHR_58_1",1,NA,0,4,"no"
"2850-57571","2850-57570","2850-57571_2850-57570","1","CHR","58","CHR-58",0,0,11.37124227,0,17,0.28673835125448,"CHR_58_1",1,NA,0,4,"no"
"2850-57571","2850-57577","2850-57571_2850-57577","1","CHR","58","CHR-58",0,0,18.38380221,0,17,0.28673835125448,"CHR_58_1",1,NA,0,4,"no"
"2850-57571","2850-57578","2850-57571_2850-57578","1","CHR","58","CHR-58",0,0,7.747253326,0,13,0.28673835125448,"CHR_58_1",1,NA,0,4,"no"
"2850-57571","2850-57579","2850-57571_2850-57579","1","CHR","58","CHR-58",1,10,0.08,10,0,0.28673835125448,"CHR_58_1",1,NA,0,4,"no"
"2850-57571","2850-57580","2850-57571_2850-57580","1","CHR","58","CHR-58",0,2,5.897584565,2,8,0.279569892473118,"CHR_58_1",1,NA,0,4,"no"
"2850-57571","2850-57581","2850-57571_2850-57581","1","CHR","58","CHR-58",0,10,7.022679488,7,-2,0.261648745519713,"CHR_58_1",1,NA,0,4,"no"
"2850-57571","2850-57582","2850-57571_2850-57582","1","CHR","58","CHR-58",0,4,8.185514377,4,6,0.272401433691756,"CHR_58_1",1,NA,0,4,"no"
"2850-57571","2850-57589","2850-57571_2850-57589","1","CHR","58","CHR-58",0,6,2.235708931,6,4,0.265232974910394,"CHR_58_1",1,NA,0,4,"no"
"2850-57571","2850-57620","2850-57571_2850-57620","1","CHR","58","CHR-58",0,3,10.33583306,3,7,0.275985663082437,"CHR_58_1",1,NA,0,4,"no"
"2850-57571","2850-57647","2850-57571_2850-57647","1","CHR","58","CHR-58",0,0,5.907321837,0,12,0.28673835125448,"CHR_58_1",1,NA,0,4,"no"
"2850-57571","2850-57653","2850-57571_2850-57653","1","CHR","58","CHR-58",0,3,18.44634242,3,7,0.275985663082437,"CHR_58_1",1,NA,0,4,"no"
"2850-57571","2850-57669","2850-57571_2850-57669","1","CHR","58","CHR-58",0,3,7.644889909,3,7,0.275985663082437,"CHR_58_1",1,NA,0,4,"no"
"2850-57571","2850-57671","2850-57571_2850-57671","1","CHR","58","CHR-58",0,0,10.8143011,0,11,0.28673835125448,"CHR_58_1",1,NA,0,4,"no"
"2850-57571","2850-57731","2850-57571_2850-57731","1","CHR","58","CHR-58",0,10,4.854405069,0,-11,0.28673835125448,"CHR_58_1",1,NA,0,4,"no"
"2850-57571","2850-57733","2850-57571_2850-57733","1","CHR","58","CHR-58",0,0,3.355260563,0,32,0.28673835125448,"CHR_58_1",1,NA,0,4,"no"
"2850-57571","2850-57742","2850-57571_2850-57742","1","CHR","58","CHR-58",0,10,6.315668815,7,-3,0.261648745519713,"CHR_58_1",1,NA,0,4,"no"
"2850-57571","2850-57744","2850-57571_2850-57744","1","CHR","58","CHR-58",0,0,8.327252868,0,15,0.28673835125448,"CHR_58_1",1,NA,0,4,"no"
"2850-57571","2850-57745","2850-57571_2850-57745","1","CHR","58","CHR-58",0,8,17.71650288,8,2,0.258064516129032,"CHR_58_1",1,NA,0,4,"no"
"2850-57571","2850-57806","2850-57571_2850-57806","1","CHR","58","CHR-58",0,10,12.2884515,5,-6,0.268817204301075,"CHR_58_1",1,NA,0,4,"no"
"2850-57571","2850-57808","2850-57571_2850-57808","1","CHR","58","CHR-58",0,10,5.951304253,5,-6,0.268817204301075,"CHR_58_1",1,"ep_same",3,4,"yes"
"2850-57571","2850-57881","2850-57571_2850-57881","1","CHR","58","CHR-58",0,10,7.88623328,10,-1,0.25089605734767,"CHR_58_1",1,NA,0,4,"no"
"2850-57571","unb-CHR-145","2850-57571_unb-CHR-145","1","CHR","58","CHR-58",0,0,20.50186793,0,34,0.28673835125448,"CHR_58_1",1,NA,0,4,"no"
"2850-57571","unb-CHR-76and12","2850-57571_unb-CHR-76and12","1","CHR","58","CHR-58",0,0,4.070114872,0,14,0.28673835125448,"CHR_58_1",1,NA,0,4,"no"
"2850-57571","unb-CHR-77","2850-57571_unb-CHR-77","1","CHR","58","CHR-58",0,10,14.80923295,0,-11,0.28673835125448,"CHR_58_1",1,NA,0,4,"no"
"2850-57571","unb-CHR-7and9","2850-57571_unb-CHR-7and9","1","CHR","58","CHR-58",0,0,5.064264415,0,11,0.28673835125448,"CHR_58_1",1,NA,0,4,"no"
"2850-57575","2850-57557","2850-57575_2850-57557","1","Cooks","4","Cooks-4",0,10,5.740060563,0,-18,NA,"Cooks_4_1",1,NA,0,4,"no"
"2850-57575","2850-57573","2850-57575_2850-57573","1","Cooks","4","Cooks-4",0,10,4.620338857,6,-4,NA,"Cooks_4_1",1,NA,0,4,"no"
"2850-57575","2850-57574","2850-57575_2850-57574","1","Cooks","4","Cooks-4",1,10,0.08,10,0,NA,"Cooks_4_1",1,"wp",2,4,"yes"
"2850-57575","2850-57633","2850-57575_2850-57633","1","Cooks","4","Cooks-4",0,10,4.61834683,1,-10,NA,"Cooks_4_1",1,NA,0,4,"no"
"2850-57575","2850-57638","2850-57575_2850-57638","1","Cooks","4","Cooks-4",0,10,2.651336676,0,-20,NA,"Cooks_4_1",1,NA,0,4,"no"
"2850-57575","2850-57673","2850-57575_2850-57673","1","Cooks","4","Cooks-4",0,10,4.106341138,9,-1,NA,"Cooks_4_1",1,NA,0,4,"no"
"2850-57576","2350-21085","2850-57576_2350-21085","1","Make Believe","14","Make Believe-14",0,11,8.76593454,0,-12,NA,"Make Believe_14_1",1,"ep_same",1,4,"yes"
"2850-57576","2350-21085","2850-57576_2350-21085","2","Make Believe","69","Make Believe-69",0,10,4.92434111,2,-9,NA,"Make Believe_69_2",1,NA,0,2,"no"
"2850-57576","2850-57518","2850-57576_2850-57518","1","Make Believe","14","Make Believe-14",1,11,0.08,11,0,NA,"Make Believe_14_1",1,"wp",3,4,"yes"
"2850-57576","2850-57518","2850-57576_2850-57518","2","Make Believe","69","Make Believe-69",1,10,0.08,10,0,NA,"Make Believe_69_2",1,"wp",2,2,"yes"
"2850-57576","2850-57668","2850-57576_2850-57668","1","Make Believe","14","Make Believe-14",0,8,10.14581095,8,3,NA,"Make Believe_14_1",1,NA,0,4,"no"
"2850-57576","2850-57668","2850-57576_2850-57668","2","Make Believe","69","Make Believe-69",0,10,9.4059998772,6,4,NA,"Make Believe_69_2",1,NA,0,2,"no"
"2850-57576","2850-57873","2850-57576_2850-57873","1","Make Believe","14","Make Believe-14",0,9,8.124297081,9,2,NA,"Make Believe_14_1",1,NA,0,4,"no"
"2850-57576","2850-57873","2850-57576_2850-57873","2","Make Believe","69","Make Believe-69",0,10,5.065881925,5,5,NA,"Make Believe_69_2",1,NA,0,2,"no"
"2850-57576","2850-57875","2850-57576_2850-57875","1","Make Believe","14","Make Believe-14",0,8,15.20151143,8,3,NA,"Make Believe_14_1",1,NA,0,4,"no"
"2850-57576","2850-57875","2850-57576_2850-57875","2","Make Believe","69","Make Believe-69",0,10,15.42561942,8,2,NA,"Make Believe_69_2",1,NA,0,2,"no"
"2850-57576","2850-57877","2850-57576_2850-57877","2","Make Believe","69","Make Believe-69",0,10,14.3682585,0,-30,NA,"Make Believe_69_2",1,NA,0,2,"no"
"2850-57576","2850-57877","2850-57576_2850-57877","1","Make Believe","14","Make Believe-14",0,0,15.3033427,0,17,NA,"Make Believe_14_1",1,NA,0,4,"no"
"2850-57583","2640-97588","2850-57583_2640-97588","1","CHR","97","CHR-97",0,11,17.19439348,0,-14,0.332258064516129,"CHR_97_1",1,NA,0,4,"no"
"2850-57583","2640-97588","2850-57583_2640-97588","2","CHR","19","CHR-19",0,10,19.15528529,0,-19,0.175627240143369,"CHR_19_2",1,NA,0,4,"no"
"2850-57583","2640-97589","2850-57583_2640-97589","1","CHR","97","CHR-97",0,11,5.705506599,0,-12,0.332258064516129,"CHR_97_1",1,NA,0,4,"no"
"2850-57583","2640-97589","2850-57583_2640-97589","2","CHR","19","CHR-19",0,10,7.512870616,0,-16,0.175627240143369,"CHR_19_2",1,NA,0,4,"no"
"2850-57583","2811-83208","2850-57583_2811-83208","1","CHR","97","CHR-97",0,8,10.9861078,8,3,0.306451612903226,"CHR_97_1",1,NA,0,4,"no"
"2850-57583","2811-83208","2850-57583_2811-83208","2","CHR","19","CHR-19",0,10,9.219050593,9,-1,0.14336917562724,"CHR_19_2",1,NA,0,4,"no"
"2850-57583","2850-57567","2850-57583_2850-57567","1","CHR","97","CHR-97",0,10,13.7343222,10,1,0.3,"CHR_97_1",1,NA,0,4,"no"
"2850-57583","2850-57567","2850-57583_2850-57567","2","CHR","19","CHR-19",0,0,15.79405727,0,-52,0.175627240143369,"CHR_19_2",1,NA,0,4,"no"
"2850-57583","2850-57570","2850-57583_2850-57570","2","CHR","19","CHR-19",0,10,15.8991203,0,-20,0.175627240143369,"CHR_19_2",1,NA,0,4,"no"
"2850-57583","2850-57570","2850-57583_2850-57570","1","CHR","97","CHR-97",0,0,11.17374737,0,13,0.332258064516129,"CHR_97_1",1,NA,0,4,"no"
"2850-57583","2850-57577","2850-57583_2850-57577","2","CHR","19","CHR-19",0,10,20.279100925,1,9,0.172043010752688,"CHR_19_2",1,NA,0,4,"no"
"2850-57583","2850-57577","2850-57583_2850-57577","1","CHR","97","CHR-97",0,0,18.96419155,0,13,0.332258064516129,"CHR_97_1",1,NA,0,4,"no"
"2850-57583","2850-57578","2850-57583_2850-57578","1","CHR","97","CHR-97",0,2,8.114828014,2,9,0.325806451612903,"CHR_97_1",1,NA,0,4,"no"
"2850-57583","2850-57578","2850-57583_2850-57578","2","CHR","19","CHR-19",0,10,9.577634021,4,6,0.161290322580645,"CHR_19_2",1,NA,0,4,"no"
"2850-57583","2850-57579","2850-57583_2850-57579","1","CHR","97","CHR-97",0,11,2.235708931,6,-4,0.312903225806452,"CHR_97_1",1,NA,0,4,"no"
"2850-57583","2850-57579","2850-57583_2850-57579","2","CHR","19","CHR-19",0,10,1.812072325,0,-32,0.175627240143369,"CHR_19_2",1,NA,0,4,"no"
"2850-57583","2850-57580","2850-57583_2850-57580","1","CHR","97","CHR-97",0,7,6.034415307,7,4,0.309677419354839,"CHR_97_1",1,NA,0,4,"no"
"2850-57583","2850-57580","2850-57583_2850-57580","2","CHR","19","CHR-19",0,0,4.050279453,0,-49,0.175627240143369,"CHR_19_2",1,NA,0,4,"no"
"2850-57583","2850-57581","2850-57583_2850-57581","1","CHR","97","CHR-97",0,11,5.383295227,3,-6,0.32258064516129,"CHR_97_1",1,NA,0,4,"no"
"2850-57583","2850-57581","2850-57583_2850-57581","2","CHR","19","CHR-19",0,10,7.008084499,0,-10,0.175627240143369,"CHR_19_2",1,NA,0,4,"no"
"2850-57583","2850-57582","2850-57583_2850-57582","1","CHR","97","CHR-97",0,9,9.310637846,9,2,0.303225806451613,"CHR_97_1",1,NA,0,4,"no"
"2850-57583","2850-57582","2850-57583_2850-57582","2","CHR","19","CHR-19",0,10,6.5111396061,9,1,0.14336917562724,"CHR_19_2",1,NA,0,4,"no"
"2850-57583","2850-57589","2850-57583_2850-57589","1","CHR","97","CHR-97",1,11,0.08,11,0,0.332258064516129,"CHR_97_1",1,"wp",4,4,"yes"
"2850-57583","2850-57589","2850-57583_2850-57589","2","CHR","19","CHR-19",1,10,0.08,10,0,0.175627240143369,"CHR_19_2",1,"wp",4,4,"yes"
"2850-57583","2850-57620","2850-57583_2850-57620","1","CHR","97","CHR-97",0,8,10.40756867,8,3,0.306451612903226,"CHR_97_1",1,NA,0,4,"no"
"2850-57583","2850-57620","2850-57583_2850-57620","2","CHR","19","CHR-19",0,10,12.12745622,9,-1,0.14336917562724,"CHR_19_2",1,NA,0,4,"no"
"2850-57583","2850-57647","2850-57583_2850-57647","1","CHR","97","CHR-97",0,3,5.741055304,3,8,0.32258064516129,"CHR_97_1",1,NA,0,4,"no"
"2850-57583","2850-57647","2850-57583_2850-57647","2","CHR","19","CHR-19",0,10,7.603974661,1,9,0.172043010752688,"CHR_19_2",1,NA,0,4,"no"
"2850-57583","2850-57653","2850-57583_2850-57653","1","CHR","97","CHR-97",0,8,18.41139156,8,3,0.306451612903226,"CHR_97_1",1,NA,0,4,"no"
"2850-57583","2850-57653","2850-57583_2850-57653","2","CHR","19","CHR-19",0,10,22.34633259,0,-17,0.175627240143369,"CHR_19_2",1,NA,0,4,"no"
"2850-57583","2850-57669","2850-57583_2850-57669","1","CHR","97","CHR-97",0,8,7.584307072,8,3,0.306451612903226,"CHR_97_1",1,NA,0,4,"no"
"2850-57583","2850-57669","2850-57583_2850-57669","2","CHR","19","CHR-19",0,10,8.478373909,6,4,0.154121863799283,"CHR_19_2",1,NA,0,4,"no"
"2850-57583","2850-57671","2850-57583_2850-57671","1","CHR","97","CHR-97",0,4,11.61683212,4,7,0.319354838709677,"CHR_97_1",1,NA,0,4,"no"
"2850-57583","2850-57671","2850-57583_2850-57671","2","CHR","19","CHR-19",0,0,9.212382003,0,-46,0.175627240143369,"CHR_19_2",1,NA,0,4,"no"
"2850-57583","2850-57731","2850-57583_2850-57731","1","CHR","97","CHR-97",0,11,5.352451183,0,-15,0.332258064516129,"CHR_97_1",1,NA,0,4,"no"
"2850-57583","2850-57731","2850-57583_2850-57731","2","CHR","19","CHR-19",0,10,10.3793746,0,-19,0.175627240143369,"CHR_19_2",1,NA,0,4,"no"
"2850-57583","2850-57733","2850-57583_2850-57733","2","CHR","19","CHR-19",0,10,1.500911563,0,21,0.175627240143369,"CHR_19_2",1,NA,0,4,"no"
"2850-57583","2850-57733","2850-57583_2850-57733","1","CHR","97","CHR-97",0,0,3.690294212,0,28,0.332258064516129,"CHR_97_1",1,NA,0,4,"no"
"2850-57583","2850-57742","2850-57583_2850-57742","1","CHR","97","CHR-97",0,11,5.014249266,3,-7,0.32258064516129,"CHR_97_1",1,NA,0,4,"no"
"2850-57583","2850-57742","2850-57583_2850-57742","2","CHR","19","CHR-19",0,10,4.770184441,0,-14,0.175627240143369,"CHR_19_2",1,NA,0,4,"no"
"2850-57583","2850-57744","2850-57583_2850-57744","2","CHR","19","CHR-19",0,10,6.501461487,0,10,0.175627240143369,"CHR_19_2",1,NA,0,4,"no"
"2850-57583","2850-57744","2850-57583_2850-57744","1","CHR","97","CHR-97",0,0,7.791016926,0,11,0.332258064516129,"CHR_97_1",1,NA,0,4,"no"
"2850-57583","2850-57745","2850-57583_2850-57745","1","CHR","97","CHR-97",0,11,18.10885817,9,-2,0.303225806451613,"CHR_97_1",1,NA,0,4,"no"
"2850-57583","2850-57745","2850-57583_2850-57745","2","CHR","19","CHR-19",0,10,19.02770251,0,-20,0.175627240143369,"CHR_19_2",1,NA,0,4,"no"
"2850-57583","2850-57806","2850-57583_2850-57806","1","CHR","97","CHR-97",0,11,12.76407049,1,-10,0.329032258064516,"CHR_97_1",1,NA,0,4,"no"
"2850-57583","2850-57806","2850-57583_2850-57806","2","CHR","19","CHR-19",0,10,15.90569611,0,-11,0.175627240143369,"CHR_19_2",1,NA,0,4,"no"
"2850-57583","2850-57808","2850-57583_2850-57808","1","CHR","97","CHR-97",0,11,7.023837135,1,-10,0.329032258064516,"CHR_97_1",1,NA,0,4,"no"
"2850-57583","2850-57808","2850-57583_2850-57808","2","CHR","19","CHR-19",0,10,6.802400876,0,-15,0.175627240143369,"CHR_19_2",1,NA,0,4,"no"
"2850-57583","2850-57881","2850-57583_2850-57881","1","CHR","97","CHR-97",0,11,9.456269646,7,-5,0.309677419354839,"CHR_97_1",1,NA,0,4,"no"
"2850-57583","2850-57881","2850-57583_2850-57881","2","CHR","19","CHR-19",0,10,8.985527746,9,-1,0.14336917562724,"CHR_19_2",1,NA,0,4,"no"
"2850-57583","unb-CHR-145","2850-57583_unb-CHR-145","2","CHR","19","CHR-19",0,10,22.34543321,0,-23,0.175627240143369,"CHR_19_2",1,NA,0,4,"no"
"2850-57583","unb-CHR-145","2850-57583_unb-CHR-145","1","CHR","97","CHR-97",0,0,21.34962162,0,30,0.332258064516129,"CHR_97_1",1,NA,0,4,"no"
"2850-57583","unb-CHR-76and12","2850-57583_unb-CHR-76and12","1","CHR","97","CHR-97",0,1,3.127559654,1,10,0.329032258064516,"CHR_97_1",1,NA,0,4,"no"
"2850-57583","unb-CHR-76and12","2850-57583_unb-CHR-76and12","2","CHR","19","CHR-19",0,10,4.011394472,0,-17,0.175627240143369,"CHR_19_2",1,NA,0,4,"no"
"2850-57583","unb-CHR-77","2850-57583_unb-CHR-77","1","CHR","97","CHR-97",0,11,14.49801994,0,-15,0.332258064516129,"CHR_97_1",1,NA,0,4,"no"
"2850-57583","unb-CHR-77","2850-57583_unb-CHR-77","2","CHR","19","CHR-19",0,10,16.5169135,0,-17,0.175627240143369,"CHR_19_2",1,NA,0,4,"no"
"2850-57583","unb-CHR-7and9","2850-57583_unb-CHR-7and9","1","CHR","97","CHR-97",0,4,5.858047721,4,7,0.319354838709677,"CHR_97_1",1,NA,0,4,"no"
"2850-57583","unb-CHR-7and9","2850-57583_unb-CHR-7and9","2","CHR","19","CHR-19",0,10,2.128093686,0,-27,0.175627240143369,"CHR_19_2",1,NA,0,4,"no"
"2850-57585","2640-97588","2850-57585_2640-97588","1","CHR","4","CHR-4",0,10,28.17761148,0,-17,0.372759856630824,"CHR_4_1",1,NA,0,4,"no"
"2850-57585","2640-97588","2850-57585_2640-97588","2","CHR","4","CHR-4",0,10,28.17761148,0,-18,0.172043010752688,"CHR_4_2",1,NA,0,2,"no"
"2850-57585","2640-97589","2850-57585_2640-97589","1","CHR","4","CHR-4",0,10,16.60092687,0,-15,0.372759856630824,"CHR_4_1",1,NA,0,4,"no"
"2850-57585","2640-97589","2850-57585_2640-97589","2","CHR","4","CHR-4",0,10,16.60092687,0,-15,0.172043010752688,"CHR_4_2",1,NA,0,2,"no"
"2850-57585","2811-83208","2850-57585_2811-83208","1","CHR","4","CHR-4",1,10,0.08,10,0,0.372759856630824,"CHR_4_1",1,NA,0,4,"no"
"2850-57585","2811-83208","2850-57585_2811-83208","2","CHR","4","CHR-4",1,10,0.08,10,0,0.172043010752688,"CHR_4_2",1,"wp",1,2,"yes"
"2850-57585","2850-57567","2850-57585_2850-57567","1","CHR","4","CHR-4",0,10,24.71865145,9,-2,0.340501792114695,"CHR_4_1",1,NA,0,4,"no"
"2850-57585","2850-57567","2850-57585_2850-57567","2","CHR","4","CHR-4",0,0,24.71865145,0,-51,0.172043010752688,"CHR_4_2",1,NA,0,2,"no"
"2850-57585","2850-57570","2850-57585_2850-57570","2","CHR","4","CHR-4",0,10,24.98854943,0,-19,0.172043010752688,"CHR_4_2",1,NA,0,2,"no"
"2850-57585","2850-57570","2850-57585_2850-57570","1","CHR","4","CHR-4",0,0,22.14425318,0,10,0.372759856630824,"CHR_4_1",1,NA,0,4,"no"
"2850-57585","2850-57577","2850-57585_2850-57577","2","CHR","4","CHR-4",0,10,29.43897383,0,10,0.172043010752688,"CHR_4_2",1,NA,0,2,"no"
"2850-57585","2850-57577","2850-57585_2850-57577","1","CHR","4","CHR-4",0,0,29.43897383,0,10,0.372759856630824,"CHR_4_1",1,NA,0,4,"no"
"2850-57585","2850-57578","2850-57585_2850-57578","1","CHR","4","CHR-4",0,4,18.78723311,4,6,0.3584229390681,"CHR_4_1",1,NA,0,4,"no"
"2850-57585","2850-57578","2850-57585_2850-57578","2","CHR","4","CHR-4",0,10,18.78723311,3,7,0.161290322580645,"CHR_4_2",1,NA,0,2,"no"
"2850-57585","2850-57579","2850-57585_2850-57579","1","CHR","4","CHR-4",0,10,11.06999379,3,-7,0.362007168458781,"CHR_4_1",1,NA,0,4,"no"
"2850-57585","2850-57579","2850-57585_2850-57579","2","CHR","4","CHR-4",0,10,10.1681123,0,-31,0.172043010752688,"CHR_4_2",1,NA,0,2,"no"
"2850-57585","2850-57580","2850-57585_2850-57580","1","CHR","4","CHR-4",0,9,5.173148491,9,1,0.340501792114695,"CHR_4_1",1,NA,0,4,"no"
"2850-57585","2850-57580","2850-57585_2850-57580","2","CHR","4","CHR-4",0,0,5.173148491,0,-48,0.172043010752688,"CHR_4_2",1,NA,0,2,"no"
"2850-57585","2850-57581","2850-57585_2850-57581","1","CHR","4","CHR-4",0,10,7.971151755,0,-9,0.372759856630824,"CHR_4_1",1,"ep_same",2,4,"yes"
"2850-57585","2850-57581","2850-57585_2850-57581","2","CHR","4","CHR-4",0,10,6.511773364,1,-9,0.168458781362007,"CHR_4_2",1,"ep_same",1,2,"yes"
"2850-57585","2850-57582","2850-57585_2850-57582","1","CHR","4","CHR-4",0,10,5.933724475,9,-1,0.340501792114695,"CHR_4_1",1,NA,0,4,"no"
"2850-57585","2850-57582","2850-57585_2850-57582","2","CHR","4","CHR-4",0,10,6.3331476174,8,2,0.14336917562724,"CHR_4_2",1,NA,0,2,"no"
"2850-57585","2850-57589","2850-57585_2850-57589","1","CHR","4","CHR-4",0,10,10.9861078,8,-3,0.344086021505376,"CHR_4_1",1,NA,0,4,"no"
"2850-57585","2850-57589","2850-57585_2850-57589","2","CHR","4","CHR-4",0,10,9.3957563137,9,1,0.139784946236559,"CHR_4_2",1,NA,0,2,"no"
"2850-57585","2850-57620","2850-57585_2850-57620","1","CHR","4","CHR-4",0,10,21.28259696,10,0,0.336917562724014,"CHR_4_1",1,NA,0,4,"no"
"2850-57585","2850-57620","2850-57585_2850-57620","2","CHR","4","CHR-4",0,10,21.28259696,10,0,0.136200716845878,"CHR_4_2",1,NA,0,2,"no"
"2850-57585","2850-57647","2850-57585_2850-57647","1","CHR","4","CHR-4",0,5,16.66361176,5,5,0.354838709677419,"CHR_4_1",1,NA,0,4,"no"
"2850-57585","2850-57647","2850-57585_2850-57647","2","CHR","4","CHR-4",0,10,16.66361176,0,10,0.172043010752688,"CHR_4_2",1,NA,0,2,"no"
"2850-57585","2850-57653","2850-57585_2850-57653","1","CHR","4","CHR-4",0,10,29.35647712,10,0,0.336917562724014,"CHR_4_1",1,NA,0,4,"no"
"2850-57585","2850-57653","2850-57585_2850-57653","2","CHR","4","CHR-4",0,10,31.40355192,0,-16,0.172043010752688,"CHR_4_2",1,NA,0,2,"no"
"2850-57585","2850-57669","2850-57585_2850-57669","1","CHR","4","CHR-4",0,10,18.49401987,10,0,0.336917562724014,"CHR_4_1",1,NA,0,4,"no"
"2850-57585","2850-57669","2850-57585_2850-57669","2","CHR","4","CHR-4",0,10,17.591652565,5,5,0.154121863799283,"CHR_4_2",1,NA,0,2,"no"
"2850-57585","2850-57671","2850-57585_2850-57671","1","CHR","4","CHR-4",0,6,4.473367138,6,4,0.351254480286738,"CHR_4_1",1,NA,0,4,"no"
"2850-57585","2850-57671","2850-57585_2850-57671","2","CHR","4","CHR-4",0,0,4.473367138,0,-45,0.172043010752688,"CHR_4_2",1,NA,0,2,"no"
"2850-57585","2850-57731","2850-57585_2850-57731","1","CHR","4","CHR-4",0,10,15.89371749,0,-18,0.372759856630824,"CHR_4_1",1,NA,0,4,"no"
"2850-57585","2850-57731","2850-57585_2850-57731","2","CHR","4","CHR-4",0,10,19.59842008,0,-18,0.172043010752688,"CHR_4_2",1,NA,0,2,"no"
"2850-57585","2850-57733","2850-57585_2850-57733","2","CHR","4","CHR-4",0,10,7.718197398,0,22,0.172043010752688,"CHR_4_2",1,NA,0,2,"no"
"2850-57585","2850-57733","2850-57585_2850-57733","1","CHR","4","CHR-4",0,0,7.718197398,0,25,0.372759856630824,"CHR_4_1",1,NA,0,4,"no"
"2850-57585","2850-57742","2850-57585_2850-57742","1","CHR","4","CHR-4",0,10,15.7455459,0,-10,0.372759856630824,"CHR_4_1",1,NA,0,4,"no"
"2850-57585","2850-57742","2850-57585_2850-57742","2","CHR","4","CHR-4",0,10,12.94374732,0,-13,0.172043010752688,"CHR_4_2",1,NA,0,2,"no"
"2850-57585","2850-57744","2850-57585_2850-57744","1","CHR","4","CHR-4",0,2,3.556109437,2,8,0.365591397849462,"CHR_4_1",1,NA,0,4,"no"
"2850-57585","2850-57744","2850-57585_2850-57744","2","CHR","4","CHR-4",0,10,3.556109437,0,11,0.172043010752688,"CHR_4_2",1,NA,0,2,"no"
"2850-57585","2850-57745","2850-57585_2850-57745","1","CHR","4","CHR-4",0,10,28.78449961,6,-5,0.351254480286738,"CHR_4_1",1,NA,0,4,"no"
"2850-57585","2850-57745","2850-57585_2850-57745","2","CHR","4","CHR-4",0,10,28.24518316,0,-19,0.172043010752688,"CHR_4_2",1,NA,0,2,"no"
"2850-57585","2850-57806","2850-57585_2850-57806","1","CHR","4","CHR-4",0,10,23.35798423,0,-13,0.372759856630824,"CHR_4_1",1,"ep_same",2,4,"yes"
"2850-57585","2850-57806","2850-57585_2850-57806","2","CHR","4","CHR-4",0,10,25.1203531,0,-10,0.172043010752688,"CHR_4_2",1,NA,0,2,"no"
"2850-57585","2850-57808","2850-57585_2850-57808","1","CHR","4","CHR-4",0,10,16.94168974,0,-13,0.372759856630824,"CHR_4_1",1,NA,0,4,"no"
"2850-57585","2850-57808","2850-57585_2850-57808","2","CHR","4","CHR-4",0,10,15.90725563,0,-14,0.172043010752688,"CHR_4_2",1,NA,0,2,"no"
"2850-57585","2850-57881","2850-57585_2850-57881","1","CHR","4","CHR-4",0,10,18.2811172,4,-8,0.3584229390681,"CHR_4_1",1,NA,0,4,"no"
"2850-57585","2850-57881","2850-57585_2850-57881","2","CHR","4","CHR-4",0,10,17.57294798,10,0,0.136200716845878,"CHR_4_2",1,NA,0,2,"no"
"2850-57585","unb-CHR-145","2850-57585_unb-CHR-145","2","CHR","4","CHR-4",0,10,31.42802513,0,-22,0.172043010752688,"CHR_4_2",1,NA,0,2,"no"
"2850-57585","unb-CHR-145","2850-57585_unb-CHR-145","1","CHR","4","CHR-4",0,0,31.42802513,0,27,0.372759856630824,"CHR_4_1",1,NA,0,4,"no"
"2850-57585","unb-CHR-76and12","2850-57585_unb-CHR-76and12","1","CHR","4","CHR-4",0,3,7.938632096,3,7,0.362007168458781,"CHR_4_1",1,NA,0,4,"no"
"2850-57585","unb-CHR-76and12","2850-57585_unb-CHR-76and12","2","CHR","4","CHR-4",0,10,6.12892889,0,-16,0.172043010752688,"CHR_4_2",1,NA,0,2,"no"
"2850-57585","unb-CHR-77","2850-57585_unb-CHR-77","1","CHR","4","CHR-4",0,10,25.48412697,0,-18,0.372759856630824,"CHR_4_1",1,NA,0,4,"no"
"2850-57585","unb-CHR-77","2850-57585_unb-CHR-77","2","CHR","4","CHR-4",0,10,25.48412697,0,-16,0.172043010752688,"CHR_4_2",1,NA,0,2,"no"
"2850-57585","unb-CHR-7and9","2850-57585_unb-CHR-7and9","1","CHR","4","CHR-4",0,6,6.413410243,6,4,0.351254480286738,"CHR_4_1",1,NA,0,4,"no"
"2850-57585","unb-CHR-7and9","2850-57585_unb-CHR-7and9","2","CHR","4","CHR-4",0,10,7.796138153,0,-26,0.172043010752688,"CHR_4_2",1,NA,0,2,"no"
"2850-57588","2640-97588","2850-57588_2640-97588","2","CHR","45","CHR-45",0,11,3.246163671,9,-2,0.3,"CHR_45_2",1,NA,0,4,"no"
"2850-57588","2640-97589","2850-57588_2640-97589","2","CHR","45","CHR-45",0,11,14.83818046,10,1,0.296774193548387,"CHR_45_2",1,NA,0,4,"no"
"2850-57588","2811-83208","2850-57588_2811-83208","2","CHR","45","CHR-45",0,11,31.40355192,0,16,0.329032258064516,"CHR_45_2",1,NA,0,4,"no"
"2850-57588","2850-57567","2850-57588_2850-57567","2","CHR","45","CHR-45",0,8,6.793815753,0,-35,0.329032258064516,"CHR_45_2",1,NA,0,4,"no"
"2850-57588","2850-57570","2850-57588_2850-57570","2","CHR","45","CHR-45",0,11,6.451162169,7,-3,0.306451612903226,"CHR_45_2",1,NA,0,4,"no"
"2850-57588","2850-57577","2850-57588_2850-57577","2","CHR","45","CHR-45",0,11,6.777622682,0,-23,0.329032258064516,"CHR_45_2",1,NA,0,4,"no"
"2850-57588","2850-57578","2850-57588_2850-57578","2","CHR","45","CHR-45",0,11,12.97952929,0,23,0.329032258064516,"CHR_45_2",1,NA,0,4,"no"
"2850-57588","2850-57579","2850-57588_2850-57579","2","CHR","45","CHR-45",0,11,21.97434176,0,-15,0.329032258064516,"CHR_45_2",1,NA,0,4,"no"
"2850-57588","2850-57580","2850-57588_2850-57580","2","CHR","45","CHR-45",0,10,26.33609713,0,-32,0.329032258064516,"CHR_45_2",1,NA,0,4,"no"
"2850-57588","2850-57581","2850-57588_2850-57581","2","CHR","45","CHR-45",0,11,25.4904246872727,4,7,0.316129032258064,"CHR_45_2",1,NA,0,4,"no"
"2850-57588","2850-57582","2850-57588_2850-57582","2","CHR","45","CHR-45",0,11,28.53299789,0,18,0.329032258064516,"CHR_45_2",1,NA,0,4,"no"
"2850-57588","2850-57589","2850-57588_2850-57589","2","CHR","45","CHR-45",0,11,20.42508594,0,17,0.329032258064516,"CHR_45_2",1,NA,0,4,"no"
"2850-57588","2850-57620","2850-57588_2850-57620","2","CHR","45","CHR-45",0,11,10.27751357,0,16,0.329032258064516,"CHR_45_2",1,NA,0,4,"no"
"2850-57588","2850-57647","2850-57588_2850-57647","2","CHR","45","CHR-45",0,11,14.75912949,0,26,0.329032258064516,"CHR_45_2",1,NA,0,4,"no"
"2850-57588","2850-57653","2850-57588_2850-57653","2","CHR","45","CHR-45",1,11,0.08,11,0,0.329032258064516,"CHR_45_2",1,NA,0,4,"no"
"2850-57588","2850-57669","2850-57588_2850-57669","2","CHR","45","CHR-45",0,11,12.95554044,8,3,0.306451612903226,"CHR_45_2",1,NA,0,4,"no"
"2850-57588","2850-57671","2850-57588_2850-57671","2","CHR","45","CHR-45",0,11,31.3259709,0,-29,0.329032258064516,"CHR_45_2",1,NA,0,4,"no"
"2850-57588","2850-57731","2850-57588_2850-57731","2","CHR","45","CHR-45",0,11,12.43113436,8,-2,0.303225806451613,"CHR_45_2",1,NA,0,4,"no"
"2850-57588","2850-57733","2850-57588_2850-57733","2","CHR","45","CHR-45",0,11,23.80987697,2,-8,0.32258064516129,"CHR_45_2",1,NA,0,4,"no"
"2850-57588","2850-57742","2850-57588_2850-57742","2","CHR","45","CHR-45",0,11,17.8981910109091,8,3,0.303225806451613,"CHR_45_2",1,NA,0,4,"no"
"2850-57588","2850-57744","2850-57588_2850-57744","2","CHR","45","CHR-45",0,11,28.17367532,0,-25,0.329032258064516,"CHR_45_2",1,NA,0,4,"no"
"2850-57588","2850-57745","2850-57588_2850-57745","2","CHR","45","CHR-45",0,11,5.294267559,6,-3,0.309677419354839,"CHR_45_2",1,NA,0,4,"no"
"2850-57588","2850-57806","2850-57588_2850-57806","2","CHR","45","CHR-45",0,12,8.42402140866667,5,6,0.312903225806452,"CHR_45_2",1,NA,0,4,"no"
"2850-57588","2850-57808","2850-57588_2850-57808","2","CHR","45","CHR-45",0,11,16.3594590081818,9,2,0.3,"CHR_45_2",1,NA,0,4,"no"
"2850-57588","2850-57881","2850-57588_2850-57881","2","CHR","45","CHR-45",0,11,16.18122728,0,16,0.329032258064516,"CHR_45_2",1,NA,0,4,"no"
"2850-57588","unb-CHR-145","2850-57588_unb-CHR-145","2","CHR","45","CHR-45",0,11,9.480200444,3,-6,0.319354838709677,"CHR_45_2",1,NA,0,4,"no"
"2850-57588","unb-CHR-76and12","2850-57588_unb-CHR-76and12","2","CHR","45","CHR-45",0,11,25.40285209,11,0,0.296774193548387,"CHR_45_2",1,NA,0,4,"no"
"2850-57588","unb-CHR-77","2850-57588_unb-CHR-77","2","CHR","45","CHR-45",0,11,5.979133051,11,0,0.296774193548387,"CHR_45_2",1,NA,0,4,"no"
"2850-57588","unb-CHR-7and9","2850-57588_unb-CHR-7and9","2","CHR","45","CHR-45",0,11,24.21033054,0,-10,0.329032258064516,"CHR_45_2",1,NA,0,4,"no"
"2850-57608","2850-57899","2850-57608_2850-57899","1","Urban Farm Girlz","2","Urban Farm Girlz-2",1,10,0.08,10,0,NA,"Urban Farm Girlz_2_1",1,"wp",2,3,"yes"
"2850-57609","2850-57557","2850-57609_2850-57557","1","Cooks","6","Cooks-6",1,11,0.08,11,0,NA,"Cooks_6_1",1,NA,0,5,"no"
"2850-57609","2850-57633","2850-57609_2850-57633","1","Cooks","6","Cooks-6",0,3,1.482300005,3,8,NA,"Cooks_6_1",1,NA,0,5,"no"
"2850-57609","2850-57638","2850-57609_2850-57638","1","Cooks","6","Cooks-6",0,11,8.358902715,9,-2,NA,"Cooks_6_1",1,NA,0,5,"no"
"2850-57612","2640-97548","2850-57612_2640-97548","1","Blue Cloud","18","Blue Cloud-18",1,11,0.08,11,0,NA,"Blue Cloud_18_1",1,"wp",5,5,"yes"
"2850-57612","2640-97548","2850-57612_2640-97548","2","Blue Cloud","21","Blue Cloud-21",1,11,0.08,11,0,NA,"Blue Cloud_21_2",1,"wp",4,5,"yes"
"2850-57612","2850-57614","2850-57612_2850-57614","1","Blue Cloud","18","Blue Cloud-18",0,7,5.485719357,7,4,NA,"Blue Cloud_18_1",1,NA,0,5,"no"
"2850-57612","2850-57614","2850-57612_2850-57614","2","Blue Cloud","21","Blue Cloud-21",0,11,6.062382204,11,0,NA,"Blue Cloud_21_2",1,NA,0,5,"no"
"2850-57612","2850-57659","2850-57612_2850-57659","2","Blue Cloud","21","Blue Cloud-21",0,11,7.43035803454545,2,9,NA,"Blue Cloud_21_2",1,NA,0,5,"no"
"2850-57612","2850-57659","2850-57612_2850-57659","1","Blue Cloud","18","Blue Cloud-18",0,0,5.758099624,0,11,NA,"Blue Cloud_18_1",1,NA,0,5,"no"
"2850-57629","2850-57868","2850-57629_2850-57868","1","Urban Farm Girlz","8","Urban Farm Girlz-8",1,10,0.08,10,0,NA,"Urban Farm Girlz_8_1",1,"wp",3,3,"yes"
"2850-57629","2850-57868","2850-57629_2850-57868","2","Urban Farm Girlz","8","Urban Farm Girlz-8",1,11,0.08,11,0,NA,"Urban Farm Girlz_8_2",1,"wp",1,4,"yes"
"2850-57629","2850-57899","2850-57629_2850-57899","1","Urban Farm Girlz","8","Urban Farm Girlz-8",0,10,7.420861852,0,-22,NA,"Urban Farm Girlz_8_1",1,NA,0,3,"no"
"2850-57629","2850-57899","2850-57629_2850-57899","2","Urban Farm Girlz","8","Urban Farm Girlz-8",0,0,7.420861852,0,-67,NA,"Urban Farm Girlz_8_2",1,NA,0,4,"no"
"2850-57635","2350-21085","2850-57635_2350-21085","1","Make Believe","34","Make Believe-34",0,11,9.322435728,0,-15,NA,"Make Believe_34_1",1,"ep_same",1,4,"yes"
"2850-57635","2350-21085","2850-57635_2350-21085","2","Make Believe","38","Make Believe-38",0,11,12.88609469,0,-13,NA,"Make Believe_38_2",1,"ep_same",3,4,"yes"
"2850-57635","2850-57518","2850-57635_2850-57518","1","Make Believe","34","Make Believe-34",0,11,10.14581095,8,-3,NA,"Make Believe_34_1",1,"ep_same",1,4,"yes"
"2850-57635","2850-57518","2850-57635_2850-57518","2","Make Believe","38","Make Believe-38",0,11,9.90871048,6,-4,NA,"Make Believe_38_2",1,NA,0,4,"no"
"2850-57635","2850-57668","2850-57635_2850-57668","1","Make Believe","34","Make Believe-34",1,11,0.08,11,0,NA,"Make Believe_34_1",1,"wp",2,4,"yes"
"2850-57635","2850-57668","2850-57635_2850-57668","2","Make Believe","38","Make Believe-38",1,11,0.08,11,0,NA,"Make Believe_38_2",1,"wp",1,4,"yes"
"2850-57635","2850-57873","2850-57635_2850-57873","1","Make Believe","34","Make Believe-34",0,11,5.088129173,9,-1,NA,"Make Believe_34_1",1,NA,0,4,"no"
"2850-57635","2850-57873","2850-57635_2850-57873","2","Make Believe","38","Make Believe-38",0,11,9.26732470118182,10,1,NA,"Make Believe_38_2",1,NA,0,4,"no"
"2850-57635","2850-57875","2850-57635_2850-57875","1","Make Believe","34","Make Believe-34",0,11,8.086602378,11,0,NA,"Make Believe_34_1",1,NA,0,4,"no"
"2850-57635","2850-57875","2850-57635_2850-57875","2","Make Believe","38","Make Believe-38",0,11,6.161113691,9,-2,NA,"Make Believe_38_2",1,NA,0,4,"no"
"2850-57635","2850-57877","2850-57635_2850-57877","2","Make Believe","38","Make Believe-38",0,9,7.616218514,0,-34,NA,"Make Believe_38_2",1,NA,0,4,"no"
"2850-57635","2850-57877","2850-57635_2850-57877","1","Make Believe","34","Make Believe-34",0,0,5.791827141,0,14,NA,"Make Believe_34_1",1,NA,0,4,"no"
"2850-57637","2850-57557","2850-57637_2850-57557","1","Cooks","2","Cooks-2",0,11,1.482300005,3,-8,NA,"Cooks_2_1",1,NA,0,1,"no"
"2850-57637","2850-57573","2850-57637_2850-57573","1","Cooks","2","Cooks-2",0,5,8.139134548,5,6,NA,"Cooks_2_1",1,NA,0,1,"no"
"2850-57637","2850-57574","2850-57637_2850-57574","1","Cooks","2","Cooks-2",0,1,4.61834683,1,10,NA,"Cooks_2_1",1,NA,0,1,"no"
"2850-57637","2850-57633","2850-57637_2850-57633","1","Cooks","2","Cooks-2",1,11,0.08,11,0,NA,"Cooks_2_1",1,"wp",1,1,"yes"
"2850-57637","2850-57638","2850-57637_2850-57638","1","Cooks","2","Cooks-2",0,11,7.269682798,1,-10,NA,"Cooks_2_1",1,NA,0,1,"no"
"2850-57637","2850-57673","2850-57637_2850-57673","1","Cooks","2","Cooks-2",0,2,4.463487017,2,9,NA,"Cooks_2_1",1,NA,0,1,"no"
"2850-57637","2850-57675","2850-57637_2850-57675","1","Cooks","2","Cooks-2",0,0,1.685430942,0,42,NA,"Cooks_2_1",1,NA,0,1,"no"
"2850-57637","2850-57676","2850-57637_2850-57676","1","Cooks","2","Cooks-2",0,0,3.391521836,0,26,NA,"Cooks_2_1",1,NA,0,1,"no"
"2850-57637","2870-64915","2850-57637_2870-64915","1","Cooks","2","Cooks-2",0,0,3.986457179,0,44,NA,"Cooks_2_1",1,NA,0,1,"no"
"2850-57640","2850-57639","2850-57640_2850-57639","1","McCauley","1","McCauley-1",1,8,0.08,8,0,NA,"McCauley_1_1",1,"wp",2,2,"yes"
"2850-57640","2850-57639","2850-57640_2850-57639","2","McCauley","2","McCauley-2",1,11,0.08,11,0,NA,"McCauley_2_2",1,NA,0,4,"no"
"2850-57645","2850-57552","2850-57645_2850-57552","2","Struthers","3","Struthers-3",0,9,5.664082546,0,-35,NA,"Struthers_3_2",1,NA,0,4,"no"
"2850-57645","2850-57674","2850-57645_2850-57674","2","Struthers","3","Struthers-3",1,10,0.08,10,0,NA,"Struthers_3_2",1,NA,0,4,"no"
"2850-57648","2640-97588","2850-57648_2640-97588","1","CHR","133","CHR-133",0,9,6.053862163,0,21,0.209677419354839,"CHR_133_1",1,NA,0,1,"no"
"2850-57648","2640-97588","2850-57648_2640-97588","2","CHR","151","CHR-151",0,10,3.332966163,9,1,0.261648745519713,"CHR_151_2",1,NA,0,3,"no"
"2850-57648","2640-97589","2850-57648_2640-97589","1","CHR","133","CHR-133",0,9,5.589012772,0,24,0.209677419354839,"CHR_133_1",1,NA,0,1,"no"
"2850-57648","2640-97589","2850-57648_2640-97589","2","CHR","151","CHR-151",0,10,8.398125942,6,4,0.272401433691756,"CHR_151_2",1,NA,0,3,"no"
"2850-57648","2811-83208","2850-57648_2811-83208","1","CHR","133","CHR-133",0,9,22.14425318,0,-10,0.209677419354839,"CHR_133_1",1,NA,0,1,"no"
"2850-57648","2811-83208","2850-57648_2811-83208","2","CHR","151","CHR-151",0,10,24.98854943,0,19,0.293906810035842,"CHR_151_2",1,NA,0,3,"no"
"2850-57648","2850-57567","2850-57648_2850-57567","1","CHR","133","CHR-133",0,9,2.83997057,0,-12,0.209677419354839,"CHR_133_1",1,NA,0,1,"no"
"2850-57648","2850-57567","2850-57648_2850-57567","2","CHR","151","CHR-151",0,10,1.707202981,0,-32,0.293906810035842,"CHR_151_2",1,NA,0,3,"no"
"2850-57648","2850-57570","2850-57648_2850-57570","1","CHR","133","CHR-133",1,9,0.08,9,0,0.209677419354839,"CHR_133_1",1,NA,0,1,"no"
"2850-57648","2850-57570","2850-57648_2850-57570","2","CHR","151","CHR-151",1,10,0.08,10,0,0.293906810035842,"CHR_151_2",1,"wp",2,3,"yes"
"2850-57648","2850-57577","2850-57648_2850-57577","1","CHR","133","CHR-133",0,9,8.987406143,9,0,0.173387096774194,"CHR_133_1",1,NA,0,1,"no"
"2850-57648","2850-57577","2850-57648_2850-57577","2","CHR","151","CHR-151",0,10,6.790833229,0,-20,0.293906810035842,"CHR_151_2",1,NA,0,3,"no"
"2850-57648","2850-57578","2850-57648_2850-57578","1","CHR","133","CHR-133",0,9,4.127994156,7,-4,0.181451612903226,"CHR_133_1",1,NA,0,1,"no"
"2850-57648","2850-57578","2850-57648_2850-57578","2","CHR","151","CHR-151",0,10,6.577697441,0,-24,0.293906810035842,"CHR_151_2",1,NA,0,3,"no"
"2850-57648","2850-57579","2850-57648_2850-57579","1","CHR","133","CHR-133",0,9,11.5344245144444,1,8,0.205645161290323,"CHR_133_1",1,NA,0,1,"no"
"2850-57648","2850-57579","2850-57648_2850-57579","2","CHR","151","CHR-151",0,10,15.53483464,0,-12,0.293906810035842,"CHR_151_2",1,NA,0,3,"no"
"2850-57648","2850-57580","2850-57648_2850-57580","1","CHR","133","CHR-133",0,9,17.07674627,1,-9,0.205645161290323,"CHR_133_1",1,NA,0,1,"no"
"2850-57648","2850-57580","2850-57648_2850-57580","2","CHR","151","CHR-151",0,10,19.89943086,0,-29,0.293906810035842,"CHR_151_2",1,NA,0,3,"no"
"2850-57648","2850-57581","2850-57648_2850-57581","1","CHR","133","CHR-133",0,9,15.72815413,0,-19,0.209677419354839,"CHR_133_1",1,NA,0,1,"no"
"2850-57648","2850-57581","2850-57648_2850-57581","2","CHR","151","CHR-151",0,10,18.58457563,0,10,0.293906810035842,"CHR_151_2",1,NA,0,3,"no"
"2850-57648","2850-57582","2850-57648_2850-57582","1","CHR","133","CHR-133",0,9,19.43540932,0,-11,0.209677419354839,"CHR_133_1",1,NA,0,1,"no"
"2850-57648","2850-57582","2850-57648_2850-57582","2","CHR","151","CHR-151",0,10,22.10798881,0,21,0.293906810035842,"CHR_151_2",1,NA,0,3,"no"
"2850-57648","2850-57589","2850-57648_2850-57589","1","CHR","133","CHR-133",0,9,11.17374737,0,-13,0.209677419354839,"CHR_133_1",1,NA,0,1,"no"
"2850-57648","2850-57589","2850-57648_2850-57589","2","CHR","151","CHR-151",0,10,14.03144448,0,20,0.293906810035842,"CHR_151_2",1,NA,0,3,"no"
"2850-57648","2850-57620","2850-57648_2850-57620","1","CHR","133","CHR-133",0,9,1.586490482,0,-10,0.209677419354839,"CHR_133_1",1,NA,0,1,"no"
"2850-57648","2850-57620","2850-57648_2850-57620","2","CHR","151","CHR-151",0,10,3.847179517,0,19,0.293906810035842,"CHR_151_2",1,NA,0,3,"no"
"2850-57648","2850-57647","2850-57648_2850-57647","1","CHR","133","CHR-133",0,9,5.501847625,6,-5,0.185483870967742,"CHR_133_1",1,NA,0,1,"no"
"2850-57648","2850-57647","2850-57648_2850-57647","2","CHR","151","CHR-151",0,10,8.326762193,0,-25,0.293906810035842,"CHR_151_2",1,NA,0,3,"no"
"2850-57648","2850-57653","2850-57648_2850-57653","1","CHR","133","CHR-133",0,9,7.254204793,0,-10,0.209677419354839,"CHR_133_1",1,NA,0,1,"no"
"2850-57648","2850-57653","2850-57648_2850-57653","2","CHR","151","CHR-151",0,10,5.8311092681,7,3,0.268817204301075,"CHR_151_2",1,NA,0,3,"no"
"2850-57648","2850-57669","2850-57648_2850-57669","1","CHR","133","CHR-133",0,9,3.728284271,1,-10,0.205645161290323,"CHR_133_1",1,NA,0,1,"no"
"2850-57648","2850-57669","2850-57648_2850-57669","2","CHR","151","CHR-151",0,10,6.51008189,4,6,0.279569892473118,"CHR_151_2",1,NA,0,3,"no"
"2850-57648","2850-57671","2850-57648_2850-57671","1","CHR","133","CHR-133",0,9,22.16538088,5,-6,0.189516129032258,"CHR_133_1",1,NA,0,1,"no"
"2850-57648","2850-57671","2850-57648_2850-57671","2","CHR","151","CHR-151",0,10,24.88427199,0,-26,0.293906810035842,"CHR_151_2",1,NA,0,3,"no"
"2850-57648","2850-57731","2850-57648_2850-57731","1","CHR","133","CHR-133",0,9,6.668909987,0,21,0.209677419354839,"CHR_133_1",1,NA,0,1,"no"
"2850-57648","2850-57731","2850-57648_2850-57731","2","CHR","151","CHR-151",0,10,6.4589031371,9,1,0.261648745519713,"CHR_151_2",1,NA,0,3,"no"
"2850-57648","2850-57733","2850-57648_2850-57733","2","CHR","151","CHR-151",0,10,17.36725555,5,-5,0.275985663082437,"CHR_151_2",1,NA,0,3,"no"
"2850-57648","2850-57733","2850-57648_2850-57733","1","CHR","133","CHR-133",0,0,14.55603638,0,15,0.209677419354839,"CHR_133_1",1,NA,0,1,"no"
"2850-57648","2850-57742","2850-57648_2850-57742","1","CHR","133","CHR-133",0,9,7.044103878,0,-20,0.209677419354839,"CHR_133_1",1,NA,0,1,"no"
"2850-57648","2850-57742","2850-57648_2850-57742","2","CHR","151","CHR-151",0,10,10.8429500448,4,6,0.279569892473118,"CHR_151_2",1,NA,0,3,"no"
"2850-57648","2850-57744","2850-57648_2850-57744","1","CHR","133","CHR-133",0,9,18.94453536,9,-2,0.173387096774194,"CHR_133_1",1,NA,0,1,"no"
"2850-57648","2850-57744","2850-57648_2850-57744","2","CHR","151","CHR-151",0,10,21.80951002,0,-22,0.293906810035842,"CHR_151_2",1,NA,0,3,"no"
"2850-57648","2850-57745","2850-57648_2850-57745","1","CHR","133","CHR-133",0,9,7.64483771,0,-15,0.209677419354839,"CHR_133_1",1,NA,0,1,"no"
"2850-57648","2850-57745","2850-57648_2850-57745","2","CHR","151","CHR-151",0,10,4.527146647,10,0,0.261648745519713,"CHR_151_2",1,NA,0,3,"no"
"2850-57648","2850-57806","2850-57648_2850-57806","1","CHR","133","CHR-133",0,9,3.799390559,0,-23,0.209677419354839,"CHR_133_1",1,NA,0,1,"no"
"2850-57648","2850-57806","2850-57648_2850-57806","2","CHR","151","CHR-151",0,11,3.69702302836364,1,9,0.290322580645161,"CHR_151_2",1,NA,0,3,"no"
"2850-57648","2850-57808","2850-57648_2850-57808","1","CHR","133","CHR-133",0,9,6.917761569,0,-23,0.209677419354839,"CHR_133_1",1,NA,0,1,"no"
"2850-57648","2850-57808","2850-57648_2850-57808","2","CHR","151","CHR-151",0,10,9.7229105205,5,5,0.275985663082437,"CHR_151_2",1,NA,0,3,"no"
"2850-57648","2850-57881","2850-57648_2850-57881","1","CHR","133","CHR-133",0,9,8.701475932,0,-18,0.209677419354839,"CHR_133_1",1,NA,0,1,"no"
"2850-57648","2850-57881","2850-57648_2850-57881","2","CHR","151","CHR-151",0,10,10.38974716,0,19,0.293906810035842,"CHR_151_2",1,NA,0,3,"no"
"2850-57648","unb-CHR-145","2850-57648_unb-CHR-145","2","CHR","151","CHR-151",0,10,10.10039795,6,-3,0.272401433691756,"CHR_151_2",1,NA,0,3,"no"
"2850-57648","unb-CHR-145","2850-57648_unb-CHR-145","1","CHR","133","CHR-133",0,0,12.09866462,0,17,0.209677419354839,"CHR_133_1",1,NA,0,1,"no"
"2850-57648","unb-CHR-76and12","2850-57648_unb-CHR-76and12","1","CHR","133","CHR-133",0,9,14.28455633,8,-3,0.17741935483871,"CHR_133_1",1,NA,0,1,"no"
"2850-57648","unb-CHR-76and12","2850-57648_unb-CHR-76and12","2","CHR","151","CHR-151",0,10,18.468338585,7,3,0.268817204301075,"CHR_151_2",1,NA,0,3,"no"
"2850-57648","unb-CHR-77","2850-57648_unb-CHR-77","1","CHR","133","CHR-133",0,9,3.457013755,0,23,0.209677419354839,"CHR_133_1",1,NA,0,1,"no"
"2850-57648","unb-CHR-77","2850-57648_unb-CHR-77","2","CHR","151","CHR-151",0,10,1.45330061,7,3,0.268817204301075,"CHR_151_2",1,NA,0,3,"no"
"2850-57648","unb-CHR-7and9","2850-57648_unb-CHR-7and9","1","CHR","133","CHR-133",0,9,16.43448885,5,-6,0.189516129032258,"CHR_133_1",1,NA,0,1,"no"
"2850-57648","unb-CHR-7and9","2850-57648_unb-CHR-7and9","2","CHR","151","CHR-151",0,10,17.76010977,3,-7,0.283154121863799,"CHR_151_2",1,NA,0,3,"no"
"2850-57649","2640-97588","2850-57649_2640-97588","1","CHR","39","CHR-39",0,10,7.176553384,0,-17,0.372759856630824,"CHR_39_1",1,NA,0,4,"no"
"2850-57649","2640-97588","2850-57649_2640-97588","2","CHR","39","CHR-39",0,10,7.176553384,0,-18,0.172043010752688,"CHR_39_2",1,NA,0,3,"no"
"2850-57649","2640-97589","2850-57649_2640-97589","1","CHR","39","CHR-39",0,10,4.703666967,0,-15,0.372759856630824,"CHR_39_1",1,NA,0,4,"no"
"2850-57649","2640-97589","2850-57649_2640-97589","2","CHR","39","CHR-39",0,10,4.703666967,0,-15,0.172043010752688,"CHR_39_2",1,NA,0,3,"no"
"2850-57649","2811-83208","2850-57649_2811-83208","1","CHR","39","CHR-39",0,10,21.28259696,10,0,0.336917562724014,"CHR_39_1",1,NA,0,4,"no"
"2850-57649","2811-83208","2850-57649_2811-83208","2","CHR","39","CHR-39",0,10,21.28259696,10,0,0.136200716845878,"CHR_39_2",1,NA,0,3,"no"
"2850-57649","2850-57567","2850-57649_2850-57567","1","CHR","39","CHR-39",0,10,4.29802041,9,-2,0.340501792114695,"CHR_39_1",1,NA,0,4,"no"
"2850-57649","2850-57567","2850-57649_2850-57567","2","CHR","39","CHR-39",0,0,4.29802041,0,-51,0.172043010752688,"CHR_39_2",1,NA,0,3,"no"
"2850-57649","2850-57570","2850-57649_2850-57570","2","CHR","39","CHR-39",0,10,3.847179517,0,-19,0.172043010752688,"CHR_39_2",1,NA,0,3,"no"
"2850-57649","2850-57570","2850-57649_2850-57570","1","CHR","39","CHR-39",0,0,1.586490482,0,10,0.372759856630824,"CHR_39_1",1,NA,0,4,"no"
"2850-57649","2850-57577","2850-57649_2850-57577","2","CHR","39","CHR-39",0,10,8.922176166,0,10,0.172043010752688,"CHR_39_2",1,NA,0,3,"no"
"2850-57649","2850-57577","2850-57649_2850-57577","1","CHR","39","CHR-39",0,0,8.922176166,0,10,0.372759856630824,"CHR_39_1",1,NA,0,4,"no"
"2850-57649","2850-57578","2850-57649_2850-57578","1","CHR","39","CHR-39",0,4,2.738914154,4,6,0.3584229390681,"CHR_39_1",1,NA,0,4,"no"
"2850-57649","2850-57578","2850-57649_2850-57578","2","CHR","39","CHR-39",0,10,2.738914154,3,7,0.161290322580645,"CHR_39_2",1,NA,0,3,"no"
"2850-57649","2850-57579","2850-57649_2850-57579","1","CHR","39","CHR-39",0,10,10.33583306,3,-7,0.362007168458781,"CHR_39_1",1,NA,0,4,"no"
"2850-57649","2850-57579","2850-57649_2850-57579","2","CHR","39","CHR-39",0,10,11.69684807,0,-31,0.172043010752688,"CHR_39_2",1,NA,0,3,"no"
"2850-57649","2850-57580","2850-57649_2850-57580","1","CHR","39","CHR-39",0,9,16.1553589,9,1,0.340501792114695,"CHR_39_1",1,NA,0,4,"no"
"2850-57649","2850-57580","2850-57649_2850-57580","2","CHR","39","CHR-39",0,0,16.1553589,0,-48,0.172043010752688,"CHR_39_2",1,NA,0,3,"no"
"2850-57649","2850-57581","2850-57649_2850-57581","1","CHR","39","CHR-39",0,10,15.25649999,0,-9,0.372759856630824,"CHR_39_1",1,NA,0,4,"no"
"2850-57649","2850-57581","2850-57649_2850-57581","2","CHR","39","CHR-39",0,10,17.22533064,1,-9,0.168458781362007,"CHR_39_2",1,NA,0,3,"no"
"2850-57649","2850-57582","2850-57649_2850-57582","1","CHR","39","CHR-39",0,10,18.26278611,9,-1,0.340501792114695,"CHR_39_1",1,NA,0,4,"no"
"2850-57649","2850-57582","2850-57649_2850-57582","2","CHR","39","CHR-39",0,10,17.906111038,8,2,0.14336917562724,"CHR_39_2",1,NA,0,3,"no"
"2850-57649","2850-57589","2850-57649_2850-57589","1","CHR","39","CHR-39",0,10,10.40756867,8,-3,0.344086021505376,"CHR_39_1",1,NA,0,4,"no"
"2850-57649","2850-57589","2850-57649_2850-57589","2","CHR","39","CHR-39",0,10,11.955467465,9,1,0.139784946236559,"CHR_39_2",1,NA,0,3,"no"
"2850-57649","2850-57620","2850-57649_2850-57620","1","CHR","39","CHR-39",1,10,0.08,10,0,0.372759856630824,"CHR_39_1",1,"wp",4,4,"yes"
"2850-57649","2850-57620","2850-57649_2850-57620","2","CHR","39","CHR-39",1,10,0.08,10,0,0.172043010752688,"CHR_39_2",1,"wp",3,3,"yes"
"2850-57649","2850-57647","2850-57649_2850-57647","1","CHR","39","CHR-39",0,5,4.669147474,5,5,0.354838709677419,"CHR_39_1",1,NA,0,4,"no"
"2850-57649","2850-57647","2850-57649_2850-57647","2","CHR","39","CHR-39",0,10,4.669147474,0,10,0.172043010752688,"CHR_39_2",1,NA,0,3,"no"
"2850-57649","2850-57653","2850-57649_2850-57653","1","CHR","39","CHR-39",0,10,8.110510173,10,0,0.336917562724014,"CHR_39_1",1,NA,0,4,"no"
"2850-57649","2850-57653","2850-57649_2850-57653","2","CHR","39","CHR-39",0,10,10.27751357,0,-16,0.172043010752688,"CHR_39_2",1,NA,0,3,"no"
"2850-57649","2850-57669","2850-57649_2850-57669","1","CHR","39","CHR-39",0,10,2.828497882,10,0,0.336917562724014,"CHR_39_1",1,NA,0,4,"no"
"2850-57649","2850-57669","2850-57649_2850-57669","2","CHR","39","CHR-39",0,10,3.9384537895,5,5,0.154121863799283,"CHR_39_2",1,NA,0,3,"no"
"2850-57649","2850-57671","2850-57649_2850-57671","1","CHR","39","CHR-39",0,6,21.04846256,6,4,0.351254480286738,"CHR_39_1",1,NA,0,4,"no"
"2850-57649","2850-57671","2850-57649_2850-57671","2","CHR","39","CHR-39",0,0,21.04846256,0,-45,0.172043010752688,"CHR_39_2",1,NA,0,3,"no"
"2850-57649","2850-57731","2850-57649_2850-57731","1","CHR","39","CHR-39",0,10,5.510588776,0,-18,0.372759856630824,"CHR_39_1",1,NA,0,4,"no"
"2850-57649","2850-57731","2850-57649_2850-57731","2","CHR","39","CHR-39",0,10,2.463062007,0,-18,0.172043010752688,"CHR_39_2",1,NA,0,3,"no"
"2850-57649","2850-57733","2850-57649_2850-57733","2","CHR","39","CHR-39",0,10,13.61036262,0,22,0.172043010752688,"CHR_39_2",1,NA,0,3,"no"
"2850-57649","2850-57733","2850-57649_2850-57733","1","CHR","39","CHR-39",0,0,13.61036262,0,25,0.372759856630824,"CHR_39_1",1,NA,0,4,"no"
"2850-57649","2850-57742","2850-57649_2850-57742","1","CHR","39","CHR-39",0,10,6.83427215,0,-10,0.372759856630824,"CHR_39_1",1,NA,0,4,"no"
"2850-57649","2850-57742","2850-57649_2850-57742","2","CHR","39","CHR-39",0,10,8.883945424,0,-13,0.172043010752688,"CHR_39_2",1,NA,0,3,"no"
"2850-57649","2850-57744","2850-57649_2850-57744","1","CHR","39","CHR-39",0,2,18.19585314,2,8,0.365591397849462,"CHR_39_1",1,NA,0,4,"no"
"2850-57649","2850-57744","2850-57649_2850-57744","2","CHR","39","CHR-39",0,10,18.19585314,0,11,0.172043010752688,"CHR_39_2",1,NA,0,3,"no"
"2850-57649","2850-57745","2850-57649_2850-57745","1","CHR","39","CHR-39",0,10,7.817152741,6,-5,0.351254480286738,"CHR_39_1",1,NA,0,4,"no"
"2850-57649","2850-57745","2850-57649_2850-57745","2","CHR","39","CHR-39",0,10,7.192833164,0,-19,0.172043010752688,"CHR_39_2",1,NA,0,3,"no"
"2850-57649","2850-57806","2850-57649_2850-57806","1","CHR","39","CHR-39",0,10,2.998408922,0,-13,0.372759856630824,"CHR_39_1",1,NA,0,4,"no"
"2850-57649","2850-57806","2850-57649_2850-57806","2","CHR","39","CHR-39",0,10,4.115009989,0,-10,0.172043010752688,"CHR_39_2",1,NA,0,3,"no"
"2850-57649","2850-57808","2850-57649_2850-57808","1","CHR","39","CHR-39",0,10,5.45933273,0,-13,0.372759856630824,"CHR_39_1",1,NA,0,4,"no"
"2850-57649","2850-57808","2850-57649_2850-57808","2","CHR","39","CHR-39",0,10,6.422664264,0,-14,0.172043010752688,"CHR_39_2",1,NA,0,3,"no"
"2850-57649","2850-57881","2850-57649_2850-57881","1","CHR","39","CHR-39",0,10,7.116624586,4,-8,0.3584229390681,"CHR_39_1",1,NA,0,4,"no"
"2850-57649","2850-57881","2850-57649_2850-57881","2","CHR","39","CHR-39",0,10,7.680677819,10,0,0.136200716845878,"CHR_39_2",1,NA,0,3,"no"
"2850-57649","unb-CHR-145","2850-57649_unb-CHR-145","2","CHR","39","CHR-39",0,10,11.80339428,0,-22,0.172043010752688,"CHR_39_2",1,NA,0,3,"no"
"2850-57649","unb-CHR-145","2850-57649_unb-CHR-145","1","CHR","39","CHR-39",0,0,11.80339428,0,27,0.372759856630824,"CHR_39_1",1,NA,0,4,"no"
"2850-57649","unb-CHR-76and12","2850-57649_unb-CHR-76and12","1","CHR","39","CHR-39",0,3,13.53496115,3,7,0.362007168458781,"CHR_39_1",1,NA,0,4,"no"
"2850-57649","unb-CHR-76and12","2850-57649_unb-CHR-76and12","2","CHR","39","CHR-39",0,10,15.42556242,0,-16,0.172043010752688,"CHR_39_2",1,NA,0,3,"no"
"2850-57649","unb-CHR-77","2850-57649_unb-CHR-77","1","CHR","39","CHR-39",0,10,4.791374053,0,-18,0.372759856630824,"CHR_39_1",1,NA,0,4,"no"
"2850-57649","unb-CHR-77","2850-57649_unb-CHR-77","2","CHR","39","CHR-39",0,10,4.791374053,0,-16,0.172043010752688,"CHR_39_2",1,NA,0,3,"no"
"2850-57649","unb-CHR-7and9","2850-57649_unb-CHR-7and9","1","CHR","39","CHR-39",0,6,15.38728746,6,4,0.351254480286738,"CHR_39_1",1,NA,0,4,"no"
"2850-57649","unb-CHR-7and9","2850-57649_unb-CHR-7and9","2","CHR","39","CHR-39",0,10,13.94342186,0,-26,0.172043010752688,"CHR_39_2",1,NA,0,3,"no"
"2850-57650","2640-97588","2850-57650_2640-97588","1","CHR","25","CHR-25",0,12,13.53847398,2,-9,0.281524926686217,"CHR_25_1",1,NA,0,4,"no"
"2850-57650","2640-97588","2850-57650_2640-97588","2","CHR","95","CHR-95",0,10,14.24642123,0,-18,0.172043010752688,"CHR_95_2",1,NA,0,3,"no"
"2850-57650","2640-97589","2850-57650_2640-97589","1","CHR","25","CHR-25",0,12,6.340652122,4,-7,0.275659824046921,"CHR_25_1",1,NA,0,4,"no"
"2850-57650","2640-97589","2850-57650_2640-97589","2","CHR","95","CHR-95",0,10,6.419982592,0,-15,0.172043010752688,"CHR_95_2",1,NA,0,3,"no"
"2850-57650","2811-83208","2850-57650_2811-83208","1","CHR","25","CHR-25",0,4,18.2811172,4,8,0.275659824046921,"CHR_25_1",1,NA,0,4,"no"
"2850-57650","2811-83208","2850-57650_2811-83208","2","CHR","95","CHR-95",0,10,17.57294798,10,0,0.136200716845878,"CHR_95_2",1,NA,0,3,"no"
"2850-57650","2850-57567","2850-57650_2850-57567","1","CHR","25","CHR-25",0,6,11.31385671,6,6,0.269794721407625,"CHR_25_1",1,NA,0,4,"no"
"2850-57650","2850-57567","2850-57650_2850-57567","2","CHR","95","CHR-95",0,0,11.92499837,0,-51,0.172043010752688,"CHR_95_2",1,NA,0,3,"no"
"2850-57650","2850-57570","2850-57650_2850-57570","2","CHR","95","CHR-95",0,10,11.06313433,0,-19,0.172043010752688,"CHR_95_2",1,NA,0,3,"no"
"2850-57650","2850-57570","2850-57650_2850-57570","1","CHR","25","CHR-25",0,0,8.701475932,0,18,0.287390029325513,"CHR_25_1",1,NA,0,4,"no"
"2850-57650","2850-57577","2850-57650_2850-57577","2","CHR","95","CHR-95",0,10,12.74572561,0,10,0.172043010752688,"CHR_95_2",1,NA,0,3,"no"
"2850-57650","2850-57577","2850-57650_2850-57577","1","CHR","25","CHR-25",0,0,11.9443778,0,18,0.287390029325513,"CHR_25_1",1,NA,0,4,"no"
"2850-57650","2850-57578","2850-57650_2850-57578","2","CHR","95","CHR-95",0,10,5.443176722,3,7,0.161290322580645,"CHR_95_2",1,NA,0,3,"no"
"2850-57650","2850-57578","2850-57650_2850-57578","1","CHR","25","CHR-25",0,0,5.053284364,0,14,0.287390029325513,"CHR_25_1",1,NA,0,4,"no"
"2850-57650","2850-57579","2850-57650_2850-57579","1","CHR","25","CHR-25",0,11,7.88623328,11,1,0.258064516129032,"CHR_25_1",1,NA,0,4,"no"
"2850-57650","2850-57579","2850-57650_2850-57579","2","CHR","95","CHR-95",0,10,7.527135405,0,-31,0.172043010752688,"CHR_95_2",1,NA,0,3,"no"
"2850-57650","2850-57580","2850-57650_2850-57580","1","CHR","25","CHR-25",0,3,13.26934274,3,9,0.278592375366569,"CHR_25_1",1,NA,0,4,"no"
"2850-57650","2850-57580","2850-57650_2850-57580","2","CHR","95","CHR-95",0,0,12.59715536,0,-48,0.172043010752688,"CHR_95_2",1,NA,0,3,"no"
"2850-57650","2850-57581","2850-57650_2850-57581","1","CHR","25","CHR-25",0,12,14.78665518,8,-1,0.263929618768328,"CHR_25_1",1,NA,0,4,"no"
"2850-57650","2850-57581","2850-57650_2850-57581","2","CHR","95","CHR-95",0,10,15.86744581,1,-9,0.168458781362007,"CHR_95_2",1,NA,0,3,"no"
"2850-57650","2850-57582","2850-57650_2850-57582","1","CHR","25","CHR-25",0,5,13.7234473,5,7,0.272727272727273,"CHR_25_1",1,NA,0,4,"no"
"2850-57650","2850-57582","2850-57650_2850-57582","2","CHR","95","CHR-95",0,10,12.512451596,8,2,0.14336917562724,"CHR_95_2",1,NA,0,3,"no"
"2850-57650","2850-57589","2850-57650_2850-57589","1","CHR","25","CHR-25",0,7,9.456269646,7,5,0.266862170087977,"CHR_25_1",1,NA,0,4,"no"
"2850-57650","2850-57589","2850-57650_2850-57589","2","CHR","95","CHR-95",0,10,8.9903977306,9,1,0.139784946236559,"CHR_95_2",1,NA,0,3,"no"
"2850-57650","2850-57620","2850-57650_2850-57620","1","CHR","25","CHR-25",0,4,7.116624586,4,8,0.275659824046921,"CHR_25_1",1,NA,0,4,"no"
"2850-57650","2850-57620","2850-57650_2850-57620","2","CHR","95","CHR-95",0,10,7.680677819,10,0,0.136200716845878,"CHR_95_2",1,NA,0,3,"no"
"2850-57650","2850-57647","2850-57650_2850-57647","2","CHR","95","CHR-95",0,10,6.62356231,0,10,0.172043010752688,"CHR_95_2",1,NA,0,3,"no"
"2850-57650","2850-57647","2850-57650_2850-57647","1","CHR","25","CHR-25",0,0,6.536178806,0,13,0.287390029325513,"CHR_25_1",1,NA,0,4,"no"
"2850-57650","2850-57653","2850-57650_2850-57653","1","CHR","25","CHR-25",0,4,13.82924215,4,8,0.275659824046921,"CHR_25_1",1,NA,0,4,"no"
"2850-57650","2850-57653","2850-57650_2850-57653","2","CHR","95","CHR-95",0,10,16.92975518,0,-16,0.172043010752688,"CHR_95_2",1,NA,0,3,"no"
"2850-57650","2850-57669","2850-57650_2850-57669","1","CHR","25","CHR-25",0,4,6.451189402,4,8,0.275659824046921,"CHR_25_1",1,NA,0,4,"no"
"2850-57650","2850-57669","2850-57650_2850-57669","2","CHR","95","CHR-95",0,10,7.313173473,5,5,0.154121863799283,"CHR_95_2",1,NA,0,3,"no"
"2850-57650","2850-57731","2850-57650_2850-57731","1","CHR","25","CHR-25",0,12,5.112140496,1,-10,0.284457478005865,"CHR_25_1",1,NA,0,4,"no"
"2850-57650","2850-57731","2850-57650_2850-57731","2","CHR","95","CHR-95",0,10,5.246091718,0,-18,0.172043010752688,"CHR_95_2",1,"ep_same",1,3,"yes"
"2850-57650","2850-57733","2850-57650_2850-57733","2","CHR","95","CHR-95",0,10,10.31480885,0,22,0.172043010752688,"CHR_95_2",1,NA,0,3,"no"
"2850-57650","2850-57733","2850-57650_2850-57733","1","CHR","25","CHR-25",0,0,10.94334048,0,33,0.287390029325513,"CHR_25_1",1,"ep_same",1,4,"yes"
"2850-57650","2850-57742","2850-57650_2850-57742","1","CHR","25","CHR-25",0,12,9.52343924,8,-2,0.263929618768328,"CHR_25_1",1,NA,0,4,"no"
"2850-57650","2850-57742","2850-57650_2850-57742","2","CHR","95","CHR-95",0,10,9.211911346,0,-13,0.172043010752688,"CHR_95_2",1,NA,0,3,"no"
"2850-57650","2850-57744","2850-57650_2850-57744","2","CHR","95","CHR-95",0,10,15.38640057,0,11,0.172043010752688,"CHR_95_2",1,NA,0,3,"no"
"2850-57650","2850-57744","2850-57650_2850-57744","1","CHR","25","CHR-25",0,0,16.02301471,0,16,0.287390029325513,"CHR_25_1",1,NA,0,4,"no"
"2850-57650","2850-57745","2850-57650_2850-57745","1","CHR","25","CHR-25",0,9,11.85051341,9,3,0.26099706744868,"CHR_25_1",1,NA,0,4,"no"
"2850-57650","2850-57745","2850-57650_2850-57745","2","CHR","95","CHR-95",0,10,12.30600658,0,-19,0.172043010752688,"CHR_95_2",1,NA,0,3,"no"
"2850-57650","2850-57806","2850-57650_2850-57806","1","CHR","25","CHR-25",0,12,6.968481868,6,-5,0.269794721407625,"CHR_25_1",1,NA,0,4,"no"
"2850-57650","2850-57806","2850-57650_2850-57806","2","CHR","95","CHR-95",0,10,9.625696497,0,-10,0.172043010752688,"CHR_95_2",1,NA,0,3,"no"
"2850-57650","2850-57808","2850-57650_2850-57808","1","CHR","25","CHR-25",0,12,3.021301671,6,-5,0.269794721407625,"CHR_25_1",1,"ep_same",1,4,"yes"
"2850-57650","2850-57808","2850-57650_2850-57808","2","CHR","95","CHR-95",0,10,3.123526535,0,-14,0.172043010752688,"CHR_95_2",1,NA,0,3,"no"
"2850-57650","2850-57881","2850-57650_2850-57881","1","CHR","25","CHR-25",1,12,0.08,12,0,0.287390029325513,"CHR_25_1",1,"wp",2,4,"yes"
"2850-57650","2850-57881","2850-57650_2850-57881","2","CHR","95","CHR-95",1,10,0.08,10,0,0.172043010752688,"CHR_95_2",1,"wp",2,3,"yes"
"2850-57650","unb-CHR-145","2850-57650_unb-CHR-145","2","CHR","95","CHR-95",0,10,14.11933115,0,-22,0.172043010752688,"CHR_95_2",1,NA,0,3,"no"
"2850-57650","unb-CHR-145","2850-57650_unb-CHR-145","1","CHR","25","CHR-25",0,0,13.34181437,0,35,0.287390029325513,"CHR_25_1",1,NA,0,4,"no"
"2850-57650","unb-CHR-76and12","2850-57650_unb-CHR-76and12","2","CHR","95","CHR-95",0,10,12.99679812,0,-16,0.172043010752688,"CHR_95_2",1,NA,0,3,"no"
"2850-57650","unb-CHR-76and12","2850-57650_unb-CHR-76and12","1","CHR","25","CHR-25",0,0,11.95569153,0,15,0.287390029325513,"CHR_25_1",1,NA,0,4,"no"
"2850-57650","unb-CHR-77","2850-57650_unb-CHR-77","1","CHR","25","CHR-25",0,12,11.65139462,1,-10,0.284457478005865,"CHR_25_1",1,NA,0,4,"no"
"2850-57650","unb-CHR-77","2850-57650_unb-CHR-77","2","CHR","95","CHR-95",0,10,12.29469973,0,-16,0.172043010752688,"CHR_95_2",1,NA,0,3,"no"
"2850-57650","unb-CHR-7and9","2850-57650_unb-CHR-7and9","2","CHR","95","CHR-95",0,10,9.814894433,0,-26,0.172043010752688,"CHR_95_2",1,NA,0,3,"no"
"2850-57650","unb-CHR-7and9","2850-57650_unb-CHR-7and9","1","CHR","25","CHR-25",0,0,11.86840889,0,12,0.287390029325513,"CHR_25_1",1,NA,0,4,"no"
"2850-57652","2640-97588","2850-57652_2640-97588","1","CHR","66","CHR-66",0,9,21.5198601,3,-8,0.262096774193548,"CHR_66_1",1,NA,0,2,"no"
"2850-57652","2640-97588","2850-57652_2640-97588","2","CHR","16","CHR-16",0,10,23.52595236,2,-9,0.189964157706093,"CHR_16_2",1,NA,0,3,"no"
"2850-57652","2640-97589","2850-57652_2640-97589","1","CHR","66","CHR-66",0,9,10.69451428,5,-6,0.254032258064516,"CHR_66_1",1,NA,0,2,"no"
"2850-57652","2640-97589","2850-57652_2640-97589","2","CHR","16","CHR-16",0,10,12.62737671,5,-6,0.17921146953405,"CHR_16_2",1,NA,0,3,"no"
"2850-57652","2811-83208","2850-57652_2811-83208","2","CHR","16","CHR-16",0,10,6.511773364,1,9,0.193548387096774,"CHR_16_2",1,NA,0,3,"no"
"2850-57652","2811-83208","2850-57652_2811-83208","1","CHR","66","CHR-66",0,0,7.971151755,0,9,0.274193548387097,"CHR_66_1",1,NA,0,2,"no"
"2850-57652","2850-57567","2850-57652_2850-57567","1","CHR","66","CHR-66",0,2,17.96708073,2,7,0.266129032258065,"CHR_66_1",1,NA,0,2,"no"
"2850-57652","2850-57567","2850-57652_2850-57567","2","CHR","16","CHR-16",0,1,19.97329149,0,-42,0.197132616487455,"CHR_16_2",1,NA,0,3,"no"
"2850-57652","2850-57570","2850-57652_2850-57570","2","CHR","16","CHR-16",0,10,20.5833144,0,-10,0.197132616487455,"CHR_16_2",1,NA,0,3,"no"
"2850-57652","2850-57570","2850-57652_2850-57570","1","CHR","66","CHR-66",0,0,15.72815413,0,19,0.274193548387097,"CHR_66_1",1,NA,0,2,"no"
"2850-57652","2850-57577","2850-57652_2850-57577","2","CHR","16","CHR-16",0,10,25.99401697,0,19,0.197132616487455,"CHR_16_2",1,NA,0,3,"no"
"2850-57652","2850-57577","2850-57652_2850-57577","1","CHR","66","CHR-66",0,0,24.06060461,0,19,0.274193548387097,"CHR_66_1",1,NA,0,2,"no"
"2850-57652","2850-57578","2850-57652_2850-57578","2","CHR","16","CHR-16",0,10,15.1632651,0,16,0.197132616487455,"CHR_16_2",1,NA,0,3,"no"
"2850-57652","2850-57578","2850-57652_2850-57578","1","CHR","66","CHR-66",0,0,13.25550717,0,15,0.274193548387097,"CHR_66_1",1,NA,0,2,"no"
"2850-57652","2850-57579","2850-57652_2850-57579","1","CHR","66","CHR-66",0,7,7.022679488,7,2,0.245967741935484,"CHR_66_1",1,NA,0,2,"no"
"2850-57652","2850-57579","2850-57652_2850-57579","2","CHR","16","CHR-16",0,10,8.746965331,0,-22,0.197132616487455,"CHR_16_2",1,NA,0,3,"no"
"2850-57652","2850-57580","2850-57652_2850-57580","2","CHR","16","CHR-16",0,3,5.162086535,0,-39,0.197132616487455,"CHR_16_2",1,NA,0,3,"no"
"2850-57652","2850-57580","2850-57652_2850-57580","1","CHR","66","CHR-66",0,0,5.199639626,0,10,0.274193548387097,"CHR_66_1",1,NA,0,2,"no"
"2850-57652","2850-57581","2850-57652_2850-57581","1","CHR","66","CHR-66",1,9,0.08,9,0,0.274193548387097,"CHR_66_1",1,NA,0,2,"no"
"2850-57652","2850-57581","2850-57652_2850-57581","2","CHR","16","CHR-16",1,10,0.08,10,0,0.197132616487455,"CHR_16_2",1,"wp",3,3,"yes"
"2850-57652","2850-57582","2850-57652_2850-57582","1","CHR","66","CHR-66",0,1,9.556967883,1,8,0.270161290322581,"CHR_66_1",1,NA,0,2,"no"
"2850-57652","2850-57582","2850-57652_2850-57582","2","CHR","16","CHR-16",0,10,9.290892858,0,11,0.197132616487455,"CHR_16_2",1,NA,0,3,"no"
"2850-57652","2850-57589","2850-57652_2850-57589","1","CHR","66","CHR-66",0,3,5.383295227,3,6,0.262096774193548,"CHR_66_1",1,NA,0,2,"no"
"2850-57652","2850-57589","2850-57652_2850-57589","2","CHR","16","CHR-16",0,10,7.153980936,0,10,0.197132616487455,"CHR_16_2",1,NA,0,3,"no"
"2850-57652","2850-57620","2850-57652_2850-57620","2","CHR","16","CHR-16",0,10,17.22533064,1,9,0.193548387096774,"CHR_16_2",1,NA,0,3,"no"
"2850-57652","2850-57620","2850-57652_2850-57620","1","CHR","66","CHR-66",0,0,15.25649999,0,9,0.274193548387097,"CHR_66_1",1,NA,0,2,"no"
"2850-57652","2850-57647","2850-57652_2850-57647","2","CHR","16","CHR-16",0,10,12.61615031,0,19,0.197132616487455,"CHR_16_2",1,NA,0,3,"no"
"2850-57652","2850-57647","2850-57652_2850-57647","1","CHR","66","CHR-66",0,0,10.67389294,0,14,0.274193548387097,"CHR_66_1",1,NA,0,2,"no"
"2850-57652","2850-57653","2850-57652_2850-57653","2","CHR","16","CHR-16",0,10,26.76710283,4,-7,0.182795698924731,"CHR_16_2",1,NA,0,3,"no"
"2850-57652","2850-57653","2850-57652_2850-57653","1","CHR","66","CHR-66",0,0,22.94034015,0,9,0.274193548387097,"CHR_66_1",1,NA,0,2,"no"
"2850-57652","2850-57669","2850-57652_2850-57669","2","CHR","16","CHR-16",0,10,14.41731328,3,-4,0.186379928315412,"CHR_16_2",1,NA,0,3,"no"
"2850-57652","2850-57669","2850-57652_2850-57669","1","CHR","66","CHR-66",0,0,12.4590414,0,9,0.274193548387097,"CHR_66_1",1,NA,0,2,"no"
"2850-57652","2850-57671","2850-57652_2850-57671","2","CHR","16","CHR-16",0,7,9.796910184,0,-36,0.197132616487455,"CHR_16_2",1,NA,0,3,"no"
"2850-57652","2850-57671","2850-57652_2850-57671","1","CHR","66","CHR-66",0,0,10.62077385,0,13,0.274193548387097,"CHR_66_1",1,NA,0,2,"no"
"2850-57652","2850-57731","2850-57652_2850-57731","1","CHR","66","CHR-66",0,9,10.64783291,2,-9,0.266129032258065,"CHR_66_1",1,NA,0,2,"no"
"2850-57652","2850-57731","2850-57652_2850-57731","2","CHR","16","CHR-16",0,10,16.12261808,1,-9,0.193548387096774,"CHR_16_2",1,NA,0,3,"no"
"2850-57652","2850-57733","2850-57652_2850-57733","2","CHR","16","CHR-16",0,10,6.026396885,0,-15,0.197132616487455,"CHR_16_2",1,NA,0,3,"no"
"2850-57652","2850-57733","2850-57652_2850-57733","1","CHR","66","CHR-66",0,0,5.146332892,0,34,0.274193548387097,"CHR_66_1",1,"ep_same",2,2,"yes"
"2850-57652","2850-57742","2850-57652_2850-57742","1","CHR","66","CHR-66",0,9,8.754085291,9,-1,0.237903225806452,"CHR_66_1",1,NA,0,2,"no"
"2850-57652","2850-57742","2850-57652_2850-57742","2","CHR","16","CHR-16",0,10,8.341556782,7,-4,0.172043010752688,"CHR_16_2",1,NA,0,3,"no"
"2850-57652","2850-57744","2850-57652_2850-57744","2","CHR","16","CHR-16",0,10,3.277297878,0,20,0.197132616487455,"CHR_16_2",1,NA,0,3,"no"
"2850-57652","2850-57744","2850-57652_2850-57744","1","CHR","66","CHR-66",0,0,4.449553837,0,17,0.274193548387097,"CHR_66_1",1,NA,0,2,"no"
"2850-57652","2850-57745","2850-57652_2850-57745","1","CHR","66","CHR-66",0,5,23.06906568,5,4,0.254032258064516,"CHR_66_1",1,NA,0,2,"no"
"2850-57652","2850-57745","2850-57652_2850-57745","2","CHR","16","CHR-16",0,10,24.41640549,0,-10,0.197132616487455,"CHR_16_2",1,NA,0,3,"no"
"2850-57652","2850-57806","2850-57652_2850-57806","1","CHR","66","CHR-66",0,9,17.86065878,7,-4,0.245967741935484,"CHR_66_1",1,NA,0,2,"no"
"2850-57652","2850-57806","2850-57652_2850-57806","2","CHR","16","CHR-16",0,10,21.30972896,9,-1,0.164874551971326,"CHR_16_2",1,NA,0,3,"no"
"2850-57652","2850-57808","2850-57652_2850-57808","1","CHR","66","CHR-66",0,9,12.40409686,7,-4,0.245967741935484,"CHR_66_1",1,NA,0,2,"no"
"2850-57652","2850-57808","2850-57652_2850-57808","2","CHR","16","CHR-16",0,10,13.31016548,5,-5,0.17921146953405,"CHR_16_2",1,NA,0,3,"no"
"2850-57652","2850-57881","2850-57652_2850-57881","1","CHR","66","CHR-66",0,8,14.78665518,8,1,0.241935483870968,"CHR_66_1",1,NA,0,2,"no"
"2850-57652","2850-57881","2850-57652_2850-57881","2","CHR","16","CHR-16",0,10,16.339459459,1,9,0.193548387096774,"CHR_16_2",1,NA,0,3,"no"
"2850-57652","unb-CHR-145","2850-57652_unb-CHR-145","2","CHR","16","CHR-16",0,10,28.47631231,0,-13,0.197132616487455,"CHR_16_2",1,NA,0,3,"no"
"2850-57652","unb-CHR-145","2850-57652_unb-CHR-145","1","CHR","66","CHR-66",0,0,26.59562009,0,36,0.274193548387097,"CHR_66_1",1,NA,0,2,"no"
"2850-57652","unb-CHR-76and12","2850-57652_unb-CHR-76and12","2","CHR","16","CHR-16",0,10,3.262488488,3,-7,0.186379928315412,"CHR_16_2",1,NA,0,3,"no"
"2850-57652","unb-CHR-76and12","2850-57652_unb-CHR-76and12","1","CHR","66","CHR-66",0,0,3.206843743,0,16,0.274193548387097,"CHR_66_1",1,NA,0,2,"no"
"2850-57652","unb-CHR-77","2850-57652_unb-CHR-77","1","CHR","66","CHR-66",0,9,18.78551316,2,-9,0.266129032258065,"CHR_66_1",1,NA,0,2,"no"
"2850-57652","unb-CHR-77","2850-57652_unb-CHR-77","2","CHR","16","CHR-16",0,10,20.79156207,3,-7,0.186379928315412,"CHR_16_2",1,NA,0,3,"no"
"2850-57652","unb-CHR-7and9","2850-57652_unb-CHR-7and9","2","CHR","16","CHR-16",0,10,7.241871225,0,-17,0.197132616487455,"CHR_16_2",1,NA,0,3,"no"
"2850-57652","unb-CHR-7and9","2850-57652_unb-CHR-7and9","1","CHR","66","CHR-66",0,0,6.542728005,0,13,0.274193548387097,"CHR_66_1",1,NA,0,2,"no"
"2850-57654","2640-97588","2850-57654_2640-97588","1","CHR","80","CHR-80",0,10,23.12713998,0,-18,0.372759856630824,"CHR_80_1",1,NA,0,4,"no"
"2850-57654","2640-97589","2850-57654_2640-97589","1","CHR","80","CHR-80",0,10,11.50131062,0,-16,0.372759856630824,"CHR_80_1",1,NA,0,4,"no"
"2850-57654","2811-83208","2850-57654_2811-83208","1","CHR","80","CHR-80",0,10,5.173148491,9,-1,0.340501792114695,"CHR_80_1",1,NA,0,4,"no"
"2850-57654","2850-57567","2850-57654_2850-57567","1","CHR","80","CHR-80",0,10,19.71509877,8,-3,0.344086021505376,"CHR_80_1",1,NA,0,4,"no"
"2850-57654","2850-57570","2850-57654_2850-57570","1","CHR","80","CHR-80",0,1,17.07674627,1,9,0.369175627240143,"CHR_80_1",1,NA,0,4,"no"
"2850-57654","2850-57577","2850-57654_2850-57577","1","CHR","80","CHR-80",0,1,24.26838259,1,9,0.369175627240143,"CHR_80_1",1,NA,0,4,"no"
"2850-57654","2850-57578","2850-57654_2850-57578","1","CHR","80","CHR-80",0,5,13.62674793,5,5,0.354838709677419,"CHR_80_1",1,NA,0,4,"no"
"2850-57654","2850-57579","2850-57654_2850-57579","1","CHR","80","CHR-80",0,10,5.897584565,2,-8,0.365591397849462,"CHR_80_1",1,NA,0,4,"no"
"2850-57654","2850-57580","2850-57654_2850-57580","1","CHR","80","CHR-80",1,10,0.08,10,0,0.372759856630824,"CHR_80_1",1,"wp",2,4,"yes"
"2850-57654","2850-57581","2850-57654_2850-57581","1","CHR","80","CHR-80",0,10,5.199639626,0,-10,0.372759856630824,"CHR_80_1",1,NA,0,4,"no"
"2850-57654","2850-57582","2850-57654_2850-57582","1","CHR","80","CHR-80",0,10,4.360833357,8,-2,0.344086021505376,"CHR_80_1",1,NA,0,4,"no"
"2850-57654","2850-57589","2850-57654_2850-57589","1","CHR","80","CHR-80",0,10,6.034415307,7,-4,0.347670250896057,"CHR_80_1",1,"ep_same",1,4,"yes"
"2850-57654","2850-57620","2850-57654_2850-57620","1","CHR","80","CHR-80",0,10,16.1553589,9,-1,0.340501792114695,"CHR_80_1",1,NA,0,4,"no"
"2850-57654","2850-57647","2850-57654_2850-57647","1","CHR","80","CHR-80",0,6,11.57698308,6,4,0.351254480286738,"CHR_80_1",1,NA,0,4,"no"
"2850-57654","2850-57653","2850-57654_2850-57653","1","CHR","80","CHR-80",0,10,24.25083568,9,-1,0.340501792114695,"CHR_80_1",1,NA,0,4,"no"
"2850-57654","2850-57669","2850-57654_2850-57669","1","CHR","80","CHR-80",0,10,13.39088423,10,-1,0.336917562724014,"CHR_80_1",1,NA,0,4,"no"
"2850-57654","2850-57671","2850-57654_2850-57671","1","CHR","80","CHR-80",0,7,5.852811652,7,3,0.347670250896057,"CHR_80_1",1,NA,0,4,"no"
"2850-57654","2850-57731","2850-57654_2850-57731","1","CHR","80","CHR-80",0,10,10.73150544,0,-19,0.372759856630824,"CHR_80_1",1,NA,0,4,"no"
"2850-57654","2850-57742","2850-57654_2850-57742","1","CHR","80","CHR-80",0,10,10.99316016,0,-11,0.372759856630824,"CHR_80_1",1,NA,0,4,"no"
"2850-57654","2850-57744","2850-57654_2850-57744","1","CHR","80","CHR-80",0,3,2.981141773,3,7,0.362007168458781,"CHR_80_1",1,NA,0,4,"no"
"2850-57654","2850-57745","2850-57654_2850-57745","1","CHR","80","CHR-80",0,10,23.61369084,5,-6,0.354838709677419,"CHR_80_1",1,NA,0,4,"no"
"2850-57654","2850-57806","2850-57654_2850-57806","1","CHR","80","CHR-80",0,10,18.18602989,0,-14,0.372759856630824,"CHR_80_1",1,NA,0,4,"no"
"2850-57654","2850-57808","2850-57654_2850-57808","1","CHR","80","CHR-80",0,10,11.78128134,0,-14,0.372759856630824,"CHR_80_1",1,NA,0,4,"no"
"2850-57654","2850-57881","2850-57654_2850-57881","1","CHR","80","CHR-80",0,10,13.26934274,3,-9,0.362007168458781,"CHR_80_1",1,NA,0,4,"no"
"2850-57654","unb-CHR-76and12","2850-57654_unb-CHR-76and12","1","CHR","80","CHR-80",0,4,3.330392431,4,6,0.3584229390681,"CHR_80_1",1,NA,0,4,"no"
"2850-57654","unb-CHR-77","2850-57654_unb-CHR-77","1","CHR","80","CHR-80",0,10,20.45986246,0,-19,0.372759856630824,"CHR_80_1",1,NA,0,4,"no"
"2850-57654","unb-CHR-7and9","2850-57654_unb-CHR-7and9","1","CHR","80","CHR-80",0,7,1.789702637,7,3,0.347670250896057,"CHR_80_1",1,NA,0,4,"no"
"2850-57656","2640-97588","2850-57656_2640-97588","1","CHR","78","CHR-78",0,11,24.93320866,0,23,0.238709677419355,"CHR_78_1",1,NA,0,5,"no"
"2850-57656","2640-97589","2850-57656_2640-97589","1","CHR","78","CHR-78",0,11,13.49224612,0,-23,0.238709677419355,"CHR_78_1",1,"ep_same",3,5,"yes"
"2850-57656","2811-83208","2850-57656_2811-83208","1","CHR","78","CHR-78",0,11,3.556109437,2,-8,0.232258064516129,"CHR_78_1",1,NA,0,5,"no"
"2850-57656","2850-57567","2850-57656_2850-57567","1","CHR","78","CHR-78",0,11,21.43275829,1,-10,0.235483870967742,"CHR_78_1",1,NA,0,5,"no"
"2850-57656","2850-57570","2850-57656_2850-57570","1","CHR","78","CHR-78",0,9,18.94453536,9,2,0.209677419354839,"CHR_78_1",1,NA,0,5,"no"
"2850-57656","2850-57577","2850-57656_2850-57577","1","CHR","78","CHR-78",0,9,26.62753665,9,2,0.209677419354839,"CHR_78_1",1,NA,0,5,"no"
"2850-57656","2850-57578","2850-57656_2850-57578","1","CHR","78","CHR-78",0,11,15.82780332,9,-2,0.209677419354839,"CHR_78_1",1,NA,0,5,"no"
"2850-57656","2850-57579","2850-57656_2850-57579","1","CHR","78","CHR-78",0,11,8.28547973781818,1,10,0.235483870967742,"CHR_78_1",1,NA,0,5,"no"
"2850-57656","2850-57580","2850-57656_2850-57580","1","CHR","78","CHR-78",0,11,2.981141773,3,-7,0.229032258064516,"CHR_78_1",1,NA,0,5,"no"
"2850-57656","2850-57581","2850-57656_2850-57581","1","CHR","78","CHR-78",0,11,4.449553837,0,-17,0.238709677419355,"CHR_78_1",1,NA,0,5,"no"
"2850-57656","2850-57582","2850-57656_2850-57582","1","CHR","78","CHR-78",0,11,6.340425465,1,-9,0.235483870967742,"CHR_78_1",1,NA,0,5,"no"
"2850-57656","2850-57589","2850-57656_2850-57589","1","CHR","78","CHR-78",0,11,7.791016926,0,-11,0.238709677419355,"CHR_78_1",1,NA,0,5,"no"
"2850-57656","2850-57620","2850-57656_2850-57620","1","CHR","78","CHR-78",0,11,18.19585314,2,-8,0.232258064516129,"CHR_78_1",1,NA,0,5,"no"
"2850-57656","2850-57647","2850-57656_2850-57647","1","CHR","78","CHR-78",0,11,13.53171341,8,-3,0.212903225806452,"CHR_78_1",1,NA,0,5,"no"
"2850-57656","2850-57653","2850-57656_2850-57653","1","CHR","78","CHR-78",0,11,26.19264283,2,-8,0.232258064516129,"CHR_78_1",1,NA,0,5,"no"
"2850-57656","2850-57669","2850-57656_2850-57669","1","CHR","78","CHR-78",0,11,15.37485282,3,-8,0.229032258064516,"CHR_78_1",1,NA,0,5,"no"
"2850-57656","2850-57671","2850-57656_2850-57671","1","CHR","78","CHR-78",0,11,6.528819196,7,-4,0.216129032258065,"CHR_78_1",1,NA,0,5,"no"
"2850-57656","2850-57731","2850-57656_2850-57731","1","CHR","78","CHR-78",0,11,12.97113301,0,23,0.238709677419355,"CHR_78_1",1,NA,0,5,"no"
"2850-57656","2850-57733","2850-57656_2850-57733","1","CHR","78","CHR-78",0,0,5.08098656,0,17,0.238709677419355,"CHR_78_1",1,NA,0,5,"no"
"2850-57656","2850-57742","2850-57656_2850-57742","1","CHR","78","CHR-78",0,11,12.33962681,0,-18,0.238709677419355,"CHR_78_1",1,NA,0,5,"no"
"2850-57656","2850-57744","2850-57656_2850-57744","1","CHR","78","CHR-78",1,11,0.08,11,0,0.238709677419355,"CHR_78_1",1,"wp",2,5,"yes"
"2850-57656","2850-57745","2850-57656_2850-57745","1","CHR","78","CHR-78",0,11,25.85191382,0,-13,0.238709677419355,"CHR_78_1",1,NA,0,5,"no"
"2850-57656","2850-57806","2850-57656_2850-57806","1","CHR","78","CHR-78",0,11,20.46219552,0,-21,0.238709677419355,"CHR_78_1",1,NA,0,5,"no"
"2850-57656","2850-57808","2850-57656_2850-57808","1","CHR","78","CHR-78",0,11,14.27662498,0,-21,0.238709677419355,"CHR_78_1",1,NA,0,5,"no"
"2850-57656","2850-57881","2850-57656_2850-57881","1","CHR","78","CHR-78",0,11,16.02301471,0,-16,0.238709677419355,"CHR_78_1",1,NA,0,5,"no"
"2850-57656","unb-CHR-145","2850-57656_unb-CHR-145","1","CHR","78","CHR-78",0,0,28.82525223,0,19,0.238709677419355,"CHR_78_1",1,NA,0,5,"no"
"2850-57656","unb-CHR-76and12","2850-57656_unb-CHR-76and12","1","CHR","78","CHR-78",0,11,4.664866954,10,-1,0.206451612903226,"CHR_78_1",1,NA,0,5,"no"
"2850-57656","unb-CHR-77","2850-57656_unb-CHR-77","1","CHR","78","CHR-78",0,11,22.21719126,0,25,0.238709677419355,"CHR_78_1",1,NA,0,5,"no"
"2850-57656","unb-CHR-7and9","2850-57656_unb-CHR-7and9","1","CHR","78","CHR-78",0,11,4.749746238,7,-4,0.216129032258065,"CHR_78_1",1,NA,0,5,"no"
"2850-57663","2850-57557","2850-57663_2850-57557","1","Cooks","31","Cooks-31",0,10,8.647836301,0,-14,NA,"Cooks_31_1",1,NA,0,3,"no"
"2850-57663","2850-57557","2850-57663_2850-57557","2","Cooks","14","Cooks-14",0,0,10.34627476,0,-65,NA,"Cooks_14_2",1,NA,0,4,"no"
"2850-57663","2850-57573","2850-57663_2850-57573","1","Cooks","31","Cooks-31",1,10,0.08,10,0,NA,"Cooks_31_1",1,"wp",3,3,"yes"
"2850-57663","2850-57573","2850-57663_2850-57573","2","Cooks","14","Cooks-14",1,10,0.08,10,0,NA,"Cooks_14_2",1,"wp",4,4,"yes"
"2850-57663","2850-57574","2850-57663_2850-57574","1","Cooks","31","Cooks-31",0,6,4.620338857,6,4,NA,"Cooks_31_1",1,NA,0,3,"no"
"2850-57663","2850-57574","2850-57663_2850-57574","2","Cooks","14","Cooks-14",0,0,5.793060072,0,-47,NA,"Cooks_14_2",1,NA,0,4,"no"
"2850-57663","2850-57633","2850-57663_2850-57633","1","Cooks","31","Cooks-31",0,10,8.139134548,5,-6,NA,"Cooks_31_1",1,NA,0,3,"no"
"2850-57663","2850-57633","2850-57663_2850-57633","2","Cooks","14","Cooks-14",0,10,8.134789564,6,4,NA,"Cooks_14_2",1,NA,0,4,"no"
"2850-57663","2850-57638","2850-57663_2850-57638","1","Cooks","31","Cooks-31",0,10,3.850689154,0,-16,NA,"Cooks_31_1",1,NA,0,3,"no"
"2850-57663","2850-57638","2850-57663_2850-57638","2","Cooks","14","Cooks-14",0,10,5.579861364,0,-17,NA,"Cooks_14_2",1,NA,0,4,"no"
"2850-57663","2850-57673","2850-57663_2850-57673","1","Cooks","31","Cooks-31",0,7,8.719274267,7,3,NA,"Cooks_31_1",1,NA,0,3,"no"
"2850-57663","2850-57673","2850-57663_2850-57673","2","Cooks","14","Cooks-14",0,10,9.759708096,0,10,NA,"Cooks_14_2",1,NA,0,4,"no"
"2850-57663","2850-57675","2850-57663_2850-57675","2","Cooks","14","Cooks-14",0,10,8.140025438,0,-15,NA,"Cooks_14_2",1,NA,0,4,"no"
"2850-57663","2850-57675","2850-57663_2850-57675","1","Cooks","31","Cooks-31",0,0,6.497659888,0,36,NA,"Cooks_31_1",1,NA,0,3,"no"
"2850-57663","2850-57676","2850-57663_2850-57676","2","Cooks","14","Cooks-14",0,10,6.874469106,0,-31,NA,"Cooks_14_2",1,NA,0,4,"no"
"2850-57663","2850-57676","2850-57663_2850-57676","1","Cooks","31","Cooks-31",0,0,5.537764717,0,20,NA,"Cooks_31_1",1,NA,0,3,"no"
"2850-57663","2870-64915","2850-57663_2870-64915","2","Cooks","14","Cooks-14",0,10,7.939188645,0,-13,NA,"Cooks_14_2",1,NA,0,4,"no"
"2850-57663","2870-64915","2850-57663_2870-64915","1","Cooks","31","Cooks-31",0,0,6.161790483,0,38,NA,"Cooks_31_1",1,NA,0,3,"no"
"2850-57664","2850-57557","2850-57664_2850-57557","1","Cooks","27","Cooks-27",0,9,4.584727007,0,-34,NA,"Cooks_27_1",1,NA,0,3,"no"
"2850-57664","2850-57573","2850-57664_2850-57573","1","Cooks","27","Cooks-27",0,10,5.537764717,0,-20,NA,"Cooks_27_1",1,NA,0,3,"no"
"2850-57664","2850-57574","2850-57664_2850-57574","1","Cooks","27","Cooks-27",0,10,1.247039631,0,-16,NA,"Cooks_27_1",1,NA,0,3,"no"
"2850-57664","2850-57633","2850-57664_2850-57633","1","Cooks","27","Cooks-27",0,10,3.391521836,0,18,NA,"Cooks_27_1",1,NA,0,3,"no"
"2850-57664","2850-57638","2850-57664_2850-57638","1","Cooks","27","Cooks-27",0,10,3.888416622,0,14,NA,"Cooks_27_1",1,NA,0,3,"no"
"2850-57664","2850-57673","2850-57664_2850-57673","1","Cooks","27","Cooks-27",0,10,3.487716211,0,-17,NA,"Cooks_27_1",1,"ep_same",1,3,"yes"
"2850-57664","2850-57676","2850-57664_2850-57676","1","Cooks","27","Cooks-27",1,10,0.08,10,0,NA,"Cooks_27_1",1,"wp",2,3,"yes"
"2850-57670","2640-97588","2850-57670_2640-97588","1","CHR","73","CHR-73",0,11,28.19081952,0,-21,0.332258064516129,"CHR_73_1",1,NA,0,5,"no"
"2850-57670","2640-97589","2850-57670_2640-97589","1","CHR","73","CHR-73",0,11,16.60764839,0,-19,0.332258064516129,"CHR_73_1",1,NA,0,5,"no"
"2850-57670","2811-83208","2850-57670_2811-83208","1","CHR","73","CHR-73",0,11,4.473367138,6,-4,0.312903225806452,"CHR_73_1",1,NA,0,5,"no"
"2850-57670","2850-57567","2850-57670_2850-57567","1","CHR","73","CHR-73",0,11,24.92060744,5,-6,0.316129032258064,"CHR_73_1",1,NA,0,5,"no"
"2850-57670","2850-57570","2850-57670_2850-57570","1","CHR","73","CHR-73",0,5,22.16538088,5,6,0.316129032258064,"CHR_73_1",1,NA,0,5,"no"
"2850-57670","2850-57577","2850-57670_2850-57577","1","CHR","73","CHR-73",0,5,28.42927924,5,6,0.316129032258064,"CHR_73_1",1,"ep_same",1,5,"yes"
"2850-57670","2850-57578","2850-57670_2850-57578","1","CHR","73","CHR-73",0,9,18.36382867,9,2,0.303225806451613,"CHR_73_1",1,NA,0,5,"no"
"2850-57670","2850-57579","2850-57670_2850-57579","1","CHR","73","CHR-73",0,11,10.8143011,0,-11,0.332258064516129,"CHR_73_1",1,NA,0,5,"no"
"2850-57670","2850-57580","2850-57670_2850-57580","1","CHR","73","CHR-73",0,11,5.852811652,7,-3,0.309677419354839,"CHR_73_1",1,NA,0,5,"no"
"2850-57670","2850-57581","2850-57670_2850-57581","1","CHR","73","CHR-73",0,11,10.62077385,0,-13,0.332258064516129,"CHR_73_1",1,NA,0,5,"no"
"2850-57670","2850-57582","2850-57670_2850-57582","1","CHR","73","CHR-73",0,11,2.942554498,5,-5,0.316129032258064,"CHR_73_1",1,NA,0,5,"no"
"2850-57670","2850-57589","2850-57670_2850-57589","1","CHR","73","CHR-73",0,11,11.61683212,4,-7,0.319354838709677,"CHR_73_1",1,NA,0,5,"no"
"2850-57670","2850-57620","2850-57670_2850-57620","1","CHR","73","CHR-73",0,11,21.04846256,6,-4,0.312903225806452,"CHR_73_1",1,NA,0,5,"no"
"2850-57670","2850-57647","2850-57670_2850-57647","1","CHR","73","CHR-73",0,10,16.72153987,10,1,0.3,"CHR_73_1",1,NA,0,5,"no"
"2850-57670","2850-57653","2850-57670_2850-57653","1","CHR","73","CHR-73",0,11,29.12985901,6,-4,0.312903225806452,"CHR_73_1",1,NA,0,5,"no"
"2850-57670","2850-57669","2850-57670_2850-57669","1","CHR","73","CHR-73",0,11,18.43761329,7,-4,0.309677419354839,"CHR_73_1",1,NA,0,5,"no"
"2850-57670","2850-57671","2850-57670_2850-57671","1","CHR","73","CHR-73",1,11,0.08,11,0,0.332258064516129,"CHR_73_1",1,"wp",4,5,"yes"
"2850-57670","2850-57731","2850-57670_2850-57731","1","CHR","73","CHR-73",0,11,15.5412171,0,-22,0.332258064516129,"CHR_73_1",1,NA,0,5,"no"
"2850-57670","2850-57742","2850-57670_2850-57742","1","CHR","73","CHR-73",0,11,16.6309399,0,-14,0.332258064516129,"CHR_73_1",1,NA,0,5,"no"
"2850-57670","2850-57744","2850-57670_2850-57744","1","CHR","73","CHR-73",0,7,6.528819196,7,4,0.309677419354839,"CHR_73_1",1,NA,0,5,"no"
"2850-57670","2850-57745","2850-57670_2850-57745","1","CHR","73","CHR-73",0,11,28.03015619,2,-9,0.325806451612903,"CHR_73_1",1,NA,0,5,"no"
"2850-57670","2850-57806","2850-57670_2850-57806","1","CHR","73","CHR-73",0,11,22.64758752,0,-17,0.332258064516129,"CHR_73_1",1,NA,0,5,"no"
"2850-57670","2850-57808","2850-57670_2850-57808","1","CHR","73","CHR-73",0,11,16.04915093,0,-17,0.332258064516129,"CHR_73_1",1,NA,0,5,"no"
"2850-57670","2850-57881","2850-57670_2850-57881","1","CHR","73","CHR-73",0,11,16.66597055,0,-12,0.332258064516129,"CHR_73_1",1,NA,0,5,"no"
"2850-57670","unb-CHR-76and12","2850-57670_unb-CHR-76and12","1","CHR","73","CHR-73",0,8,9.177226029,8,3,0.306451612903226,"CHR_73_1",1,NA,0,5,"no"
"2850-57670","unb-CHR-77","2850-57670_unb-CHR-77","1","CHR","73","CHR-73",0,11,25.6132416,0,-22,0.332258064516129,"CHR_73_1",1,NA,0,5,"no"
"2850-57670","unb-CHR-7and9","2850-57670_unb-CHR-7and9","1","CHR","73","CHR-73",0,11,5.806701872,11,0,0.296774193548387,"CHR_73_1",1,NA,0,5,"no"
"2850-57672","2850-57557","2850-57672_2850-57557","1","Cooks","17","Cooks-17",0,10,5.936969751,0,-17,NA,"Cooks_17_1",1,NA,0,4,"no"
"2850-57672","2850-57573","2850-57672_2850-57573","1","Cooks","17","Cooks-17",0,10,8.719274267,7,-3,NA,"Cooks_17_1",1,NA,0,4,"no"
"2850-57672","2850-57574","2850-57672_2850-57574","1","Cooks","17","Cooks-17",0,9,4.106341138,9,1,NA,"Cooks_17_1",1,NA,0,4,"no"
"2850-57672","2850-57633","2850-57672_2850-57633","1","Cooks","17","Cooks-17",0,10,4.463487017,2,-9,NA,"Cooks_17_1",1,NA,0,4,"no"
"2850-57672","2850-57638","2850-57672_2850-57638","1","Cooks","17","Cooks-17",0,10,5.864879132,0,-19,NA,"Cooks_17_1",1,NA,0,4,"no"
"2850-57672","2850-57673","2850-57672_2850-57673","1","Cooks","17","Cooks-17",1,10,0.08,10,0,NA,"Cooks_17_1",1,"wp",2,4,"yes"
"2850-57672","2850-57675","2850-57672_2850-57675","1","Cooks","17","Cooks-17",0,0,4.87093001,0,33,NA,"Cooks_17_1",1,NA,0,4,"no"
"2850-57672","2850-57676","2850-57672_2850-57676","1","Cooks","17","Cooks-17",0,0,3.487716211,0,17,NA,"Cooks_17_1",1,NA,0,4,"no"
"2850-57672","2870-64915","2850-57672_2870-64915","1","Cooks","17","Cooks-17",0,0,7.632108956,0,35,NA,"Cooks_17_1",1,NA,0,4,"no"
"2850-57700","2850-57573","2850-57700_2850-57573","1","Cooks","33","Cooks-33",0,10,6.161790483,0,13,NA,"Cooks_33_1",1,NA,0,4,"no"
"2850-57700","2850-57574","2850-57700_2850-57574","1","Cooks","33","Cooks-33",0,8,5.282841372,0,-34,NA,"Cooks_33_1",1,NA,0,4,"no"
"2850-57700","2850-57633","2850-57700_2850-57633","1","Cooks","33","Cooks-33",0,10,3.090659756,10,0,NA,"Cooks_33_1",1,NA,0,4,"no"
"2850-57700","2850-57638","2850-57700_2850-57638","1","Cooks","33","Cooks-33",0,10,5.760475577,7,-4,NA,"Cooks_33_1",1,NA,0,4,"no"
"2850-57700","2850-57673","2850-57700_2850-57673","1","Cooks","33","Cooks-33",0,10,7.632108956,0,23,NA,"Cooks_33_1",1,NA,0,4,"no"
"2850-57700","2850-57675","2850-57700_2850-57675","1","Cooks","33","Cooks-33",0,10,2.78939232,8,-2,NA,"Cooks_33_1",1,NA,0,4,"no"
"2850-57700","2850-57676","2850-57700_2850-57676","1","Cooks","33","Cooks-33",0,10,4.695109482,0,-18,NA,"Cooks_33_1",1,NA,0,4,"no"
"2850-57700","2870-64915","2850-57700_2870-64915","1","Cooks","33","Cooks-33",1,10,0.08,10,0,NA,"Cooks_33_1",1,"wp",4,4,"yes"
"2850-57730","2640-97588","2850-57730_2640-97588","1","CHR","93","CHR-93",1,11,0.08,11,0,0.193548387096774,"CHR_93_1",1,"wp",5,5,"yes"
"2850-57730","2640-97588","2850-57730_2640-97588","2","CHR","93","CHR-93",1,11,0.08,11,0,0.319354838709677,"CHR_93_2",1,"wp",2,4,"yes"
"2850-57730","2640-97589","2850-57730_2640-97589","1","CHR","93","CHR-93",0,9,11.64241472,9,2,0.164516129032258,"CHR_93_1",1,NA,0,5,"no"
"2850-57730","2640-97589","2850-57730_2640-97589","2","CHR","93","CHR-93",0,11,11.64241472,8,3,0.293548387096774,"CHR_93_2",1,NA,0,4,"no"
"2850-57730","2811-83208","2850-57730_2811-83208","2","CHR","93","CHR-93",0,11,28.17761148,0,18,0.319354838709677,"CHR_93_2",1,NA,0,4,"no"
"2850-57730","2811-83208","2850-57730_2811-83208","1","CHR","93","CHR-93",0,0,28.17761148,0,17,0.193548387096774,"CHR_93_1",1,NA,0,5,"no"
"2850-57730","2850-57567","2850-57730_2850-57567","2","CHR","93","CHR-93",0,10,3.556400208,0,-33,0.319354838709677,"CHR_93_2",1,NA,0,4,"no"
"2850-57730","2850-57567","2850-57730_2850-57567","1","CHR","93","CHR-93",0,0,3.556400208,0,15,0.193548387096774,"CHR_93_1",1,NA,0,5,"no"
"2850-57730","2850-57570","2850-57730_2850-57570","2","CHR","93","CHR-93",0,11,3.332966163,9,-1,0.290322580645161,"CHR_93_2",1,NA,0,4,"no"
"2850-57730","2850-57570","2850-57730_2850-57570","1","CHR","93","CHR-93",0,0,6.053862163,0,27,0.193548387096774,"CHR_93_1",1,NA,0,5,"no"
"2850-57730","2850-57577","2850-57730_2850-57577","2","CHR","93","CHR-93",0,11,6.614013398,0,-21,0.319354838709677,"CHR_93_2",1,NA,0,4,"no"
"2850-57730","2850-57577","2850-57730_2850-57577","1","CHR","93","CHR-93",0,0,6.614013398,0,27,0.193548387096774,"CHR_93_1",1,NA,0,5,"no"
"2850-57730","2850-57578","2850-57730_2850-57578","2","CHR","93","CHR-93",0,11,9.910183806,0,-25,0.319354838709677,"CHR_93_2",1,NA,0,4,"no"
"2850-57730","2850-57578","2850-57730_2850-57578","1","CHR","93","CHR-93",0,0,9.910183806,0,23,0.193548387096774,"CHR_93_1",1,NA,0,5,"no"
"2850-57730","2850-57579","2850-57730_2850-57579","1","CHR","93","CHR-93",0,1,17.416029,1,10,0.190322580645161,"CHR_93_1",1,NA,0,5,"no"
"2850-57730","2850-57579","2850-57730_2850-57579","2","CHR","93","CHR-93",0,11,18.84691719,0,-13,0.319354838709677,"CHR_93_2",1,NA,0,4,"no"
"2850-57730","2850-57580","2850-57730_2850-57580","2","CHR","93","CHR-93",0,11,23.12713998,0,-30,0.319354838709677,"CHR_93_2",1,NA,0,4,"no"
"2850-57730","2850-57580","2850-57730_2850-57580","1","CHR","93","CHR-93",0,0,23.12713998,0,18,0.193548387096774,"CHR_93_1",1,NA,0,5,"no"
"2850-57730","2850-57581","2850-57730_2850-57581","1","CHR","93","CHR-93",0,3,21.5198601,3,8,0.183870967741935,"CHR_93_1",1,NA,0,5,"no"
"2850-57730","2850-57581","2850-57730_2850-57581","2","CHR","93","CHR-93",0,11,21.8846041472727,2,9,0.312903225806452,"CHR_93_2",1,NA,0,4,"no"
"2850-57730","2850-57582","2850-57730_2850-57582","2","CHR","93","CHR-93",0,11,25.42855193,0,20,0.319354838709677,"CHR_93_2",1,NA,0,4,"no"
"2850-57730","2850-57582","2850-57730_2850-57582","1","CHR","93","CHR-93",0,0,25.42855193,0,16,0.193548387096774,"CHR_93_1",1,NA,0,5,"no"
"2850-57730","2850-57589","2850-57730_2850-57589","2","CHR","93","CHR-93",0,11,17.19439348,0,19,0.319354838709677,"CHR_93_2",1,NA,0,4,"no"
"2850-57730","2850-57589","2850-57730_2850-57589","1","CHR","93","CHR-93",0,0,17.19439348,0,14,0.193548387096774,"CHR_93_1",1,NA,0,5,"no"
"2850-57730","2850-57620","2850-57730_2850-57620","2","CHR","93","CHR-93",0,11,7.176553384,0,18,0.319354838709677,"CHR_93_2",1,NA,0,4,"no"
"2850-57730","2850-57620","2850-57730_2850-57620","1","CHR","93","CHR-93",0,0,7.176553384,0,17,0.193548387096774,"CHR_93_1",1,NA,0,5,"no"
"2850-57730","2850-57647","2850-57730_2850-57647","2","CHR","93","CHR-93",0,11,11.55530626,0,-26,0.319354838709677,"CHR_93_2",1,NA,0,4,"no"
"2850-57730","2850-57647","2850-57730_2850-57647","1","CHR","93","CHR-93",0,0,11.55530626,0,22,0.193548387096774,"CHR_93_1",1,NA,0,5,"no"
"2850-57730","2850-57653","2850-57730_2850-57653","2","CHR","93","CHR-93",0,11,2.99603000936364,9,2,0.290322580645161,"CHR_93_2",1,"ep_same",1,4,"yes"
"2850-57730","2850-57653","2850-57730_2850-57653","1","CHR","93","CHR-93",0,0,1.870428532,0,17,0.193548387096774,"CHR_93_1",1,NA,0,5,"no"
"2850-57730","2850-57669","2850-57730_2850-57669","2","CHR","93","CHR-93",0,11,9.771915537,6,5,0.3,"CHR_93_2",1,NA,0,4,"no"
"2850-57730","2850-57669","2850-57730_2850-57669","1","CHR","93","CHR-93",0,0,9.771915537,0,17,0.193548387096774,"CHR_93_1",1,NA,0,5,"no"
"2850-57730","2850-57671","2850-57730_2850-57671","2","CHR","93","CHR-93",0,11,28.19081952,0,-27,0.319354838709677,"CHR_93_2",1,NA,0,4,"no"
"2850-57730","2850-57671","2850-57730_2850-57671","1","CHR","93","CHR-93",0,0,28.19081952,0,21,0.193548387096774,"CHR_93_1",1,NA,0,5,"no"
"2850-57730","2850-57731","2850-57730_2850-57731","1","CHR","93","CHR-93",0,11,12.6552842,10,-1,0.161290322580645,"CHR_93_1",1,NA,0,5,"no"
"2850-57730","2850-57731","2850-57730_2850-57731","2","CHR","93","CHR-93",0,11,9.455109905,11,0,0.287096774193548,"CHR_93_2",1,NA,0,4,"no"
"2850-57730","2850-57733","2850-57730_2850-57733","2","CHR","93","CHR-93",0,11,20.60946097,4,-6,0.306451612903226,"CHR_93_2",1,NA,0,4,"no"
"2850-57730","2850-57733","2850-57730_2850-57733","1","CHR","93","CHR-93",0,0,20.60946097,0,42,0.193548387096774,"CHR_93_1",1,NA,0,5,"no"
"2850-57730","2850-57742","2850-57730_2850-57742","1","CHR","93","CHR-93",0,4,12.7667261,4,7,0.180645161290323,"CHR_93_1",1,NA,0,5,"no"
"2850-57730","2850-57742","2850-57730_2850-57742","2","CHR","93","CHR-93",0,11,14.1821213381818,6,5,0.3,"CHR_93_2",1,NA,0,4,"no"
"2850-57730","2850-57744","2850-57730_2850-57744","2","CHR","93","CHR-93",0,11,24.93320866,0,-23,0.319354838709677,"CHR_93_2",1,NA,0,4,"no"
"2850-57730","2850-57744","2850-57730_2850-57744","1","CHR","93","CHR-93",0,0,24.93320866,0,25,0.193548387096774,"CHR_93_1",1,NA,0,5,"no"
"2850-57730","2850-57745","2850-57730_2850-57745","2","CHR","93","CHR-93",0,11,4.367526945,8,-1,0.293548387096774,"CHR_93_2",1,NA,0,4,"no"
"2850-57730","2850-57745","2850-57730_2850-57745","1","CHR","93","CHR-93",0,0,4.876923868,0,12,0.193548387096774,"CHR_93_1",1,NA,0,5,"no"
"2850-57730","2850-57806","2850-57730_2850-57806","1","CHR","93","CHR-93",0,7,6.642331491,7,4,0.170967741935484,"CHR_93_1",1,NA,0,5,"no"
"2850-57730","2850-57806","2850-57730_2850-57806","2","CHR","93","CHR-93",0,12,6.21442920225,3,8,0.309677419354839,"CHR_93_2",1,NA,0,4,"no"
"2850-57730","2850-57808","2850-57730_2850-57808","1","CHR","93","CHR-93",0,7,12.54316078,7,4,0.170967741935484,"CHR_93_1",1,NA,0,5,"no"
"2850-57730","2850-57808","2850-57730_2850-57808","2","CHR","93","CHR-93",0,11,13.1855335345455,7,4,0.296774193548387,"CHR_93_2",1,NA,0,4,"no"
"2850-57730","2850-57881","2850-57730_2850-57881","1","CHR","93","CHR-93",0,2,13.53847398,2,9,0.187096774193548,"CHR_93_1",1,NA,0,5,"no"
"2850-57730","2850-57881","2850-57730_2850-57881","2","CHR","93","CHR-93",0,11,13.53847398,0,18,0.319354838709677,"CHR_93_2",1,NA,0,4,"no"
"2850-57730","unb-CHR-145","2850-57730_unb-CHR-145","2","CHR","93","CHR-93",0,11,9.887222695,5,-4,0.303225806451613,"CHR_93_2",1,NA,0,4,"no"
"2850-57730","unb-CHR-145","2850-57730_unb-CHR-145","1","CHR","93","CHR-93",0,0,9.887222695,0,44,0.193548387096774,"CHR_93_1",1,NA,0,5,"no"
"2850-57730","unb-CHR-76and12","2850-57730_unb-CHR-76and12","2","CHR","93","CHR-93",0,11,21.82250735,9,2,0.290322580645161,"CHR_93_2",1,NA,0,4,"no"
"2850-57730","unb-CHR-76and12","2850-57730_unb-CHR-76and12","1","CHR","93","CHR-93",0,0,20.28692618,0,24,0.193548387096774,"CHR_93_1",1,NA,0,5,"no"
"2850-57730","unb-CHR-77","2850-57730_unb-CHR-77","1","CHR","93","CHR-93",0,11,2.734618652,10,-1,0.161290322580645,"CHR_93_1",1,NA,0,5,"no"
"2850-57730","unb-CHR-77","2850-57730_unb-CHR-77","2","CHR","93","CHR-93",0,11,2.734618652,9,2,0.290322580645161,"CHR_93_2",1,NA,0,4,"no"
"2850-57730","unb-CHR-7and9","2850-57730_unb-CHR-7and9","2","CHR","93","CHR-93",0,11,21.05017783,2,-8,0.312903225806452,"CHR_93_2",1,NA,0,4,"no"
"2850-57730","unb-CHR-7and9","2850-57730_unb-CHR-7and9","1","CHR","93","CHR-93",0,0,22.4802928,0,21,0.193548387096774,"CHR_93_1",1,NA,0,5,"no"
"2850-57735","2640-97588","2850-57735_2640-97588","1","CHR","37","CHR-37",0,11,6.182950427,7,-4,0.235483870967742,"CHR_37_1",1,NA,0,4,"no"
"2850-57735","2640-97588","2850-57735_2640-97588","2","CHR","119","CHR-119",0,10,4.930722336,3,-8,0.207885304659498,"CHR_119_2",1,NA,0,2,"no"
"2850-57735","2640-97589","2850-57735_2640-97589","1","CHR","37","CHR-37",0,11,7.56711963,9,-2,0.229032258064516,"CHR_37_1",1,NA,0,4,"no"
"2850-57735","2640-97589","2850-57735_2640-97589","2","CHR","119","CHR-119",0,10,8.708483862,6,-5,0.197132616487455,"CHR_119_2",1,NA,0,2,"no"
"2850-57735","2811-83208","2850-57735_2811-83208","2","CHR","119","CHR-119",0,10,25.1203531,0,10,0.218637992831541,"CHR_119_2",1,NA,0,2,"no"
"2850-57735","2811-83208","2850-57735_2811-83208","1","CHR","37","CHR-37",0,0,23.82884944,0,13,0.258064516129032,"CHR_37_1",1,NA,0,4,"no"
"2850-57735","2850-57567","2850-57735_2850-57567","2","CHR","119","CHR-119",0,2,4.419706235,0,-41,0.218637992831541,"CHR_119_2",1,NA,0,2,"no"
"2850-57735","2850-57567","2850-57735_2850-57567","1","CHR","37","CHR-37",0,0,4.954167402,0,11,0.258064516129032,"CHR_37_1",1,NA,0,4,"no"
"2850-57735","2850-57570","2850-57735_2850-57570","2","CHR","119","CHR-119",0,10,2.733275882,1,-9,0.21505376344086,"CHR_119_2",1,NA,0,2,"no"
"2850-57735","2850-57570","2850-57735_2850-57570","1","CHR","37","CHR-37",0,0,3.830270619,0,23,0.258064516129032,"CHR_37_1",1,NA,0,4,"no"
"2850-57735","2850-57577","2850-57735_2850-57577","2","CHR","119","CHR-119",0,10,4.839970372,0,20,0.218637992831541,"CHR_119_2",1,NA,0,2,"no"
"2850-57735","2850-57577","2850-57735_2850-57577","1","CHR","37","CHR-37",0,0,5.803417779,0,23,0.258064516129032,"CHR_37_1",1,NA,0,4,"no"
"2850-57735","2850-57578","2850-57735_2850-57578","2","CHR","119","CHR-119",0,10,6.33536267,0,17,0.218637992831541,"CHR_119_2",1,NA,0,2,"no"
"2850-57735","2850-57578","2850-57735_2850-57578","1","CHR","37","CHR-37",0,0,5.087005516,0,19,0.258064516129032,"CHR_37_1",1,NA,0,4,"no"
"2850-57735","2850-57579","2850-57735_2850-57579","1","CHR","37","CHR-37",0,5,12.76124342,5,6,0.241935483870968,"CHR_37_1",1,NA,0,4,"no"
"2850-57735","2850-57579","2850-57735_2850-57579","2","CHR","119","CHR-119",0,10,15.23840261,0,-21,0.218637992831541,"CHR_119_2",1,NA,0,2,"no"
"2850-57735","2850-57580","2850-57735_2850-57580","2","CHR","119","CHR-119",0,4,19.95594998,0,-38,0.218637992831541,"CHR_119_2",1,NA,0,2,"no"
"2850-57735","2850-57580","2850-57735_2850-57580","1","CHR","37","CHR-37",0,0,18.65820611,0,14,0.258064516129032,"CHR_37_1",1,NA,0,4,"no"
"2850-57735","2850-57581","2850-57735_2850-57581","1","CHR","37","CHR-37",0,7,18.25762852,7,4,0.235483870967742,"CHR_37_1",1,NA,0,4,"no"
"2850-57735","2850-57581","2850-57735_2850-57581","2","CHR","119","CHR-119",0,10,21.113874055,9,1,0.186379928315412,"CHR_119_2",1,NA,0,2,"no"
"2850-57735","2850-57582","2850-57735_2850-57582","2","CHR","119","CHR-119",0,10,21.65584922,0,12,0.218637992831541,"CHR_119_2",1,NA,0,2,"no"
"2850-57735","2850-57582","2850-57735_2850-57582","1","CHR","37","CHR-37",0,0,20.26834346,0,12,0.258064516129032,"CHR_37_1",1,NA,0,4,"no"
"2850-57735","2850-57589","2850-57735_2850-57589","1","CHR","37","CHR-37",0,1,13.19604684,1,10,0.254838709677419,"CHR_37_1",1,NA,0,4,"no"
"2850-57735","2850-57589","2850-57735_2850-57589","2","CHR","119","CHR-119",0,10,14.39212692,0,11,0.218637992831541,"CHR_119_2",1,NA,0,2,"no"
"2850-57735","2850-57620","2850-57735_2850-57620","2","CHR","119","CHR-119",0,10,4.115009989,0,10,0.218637992831541,"CHR_119_2",1,NA,0,2,"no"
"2850-57735","2850-57620","2850-57735_2850-57620","1","CHR","37","CHR-37",0,0,3.233357068,0,13,0.258064516129032,"CHR_37_1",1,NA,0,4,"no"
"2850-57735","2850-57647","2850-57735_2850-57647","2","CHR","119","CHR-119",0,10,8.702820146,0,20,0.218637992831541,"CHR_119_2",1,NA,0,2,"no"
"2850-57735","2850-57647","2850-57735_2850-57647","1","CHR","37","CHR-37",0,0,7.583785867,0,18,0.258064516129032,"CHR_37_1",1,NA,0,4,"no"
"2850-57735","2850-57653","2850-57735_2850-57653","2","CHR","119","CHR-119",0,10,7.313678212,5,-6,0.200716845878136,"CHR_119_2",1,NA,0,2,"no"
"2850-57735","2850-57653","2850-57735_2850-57653","1","CHR","37","CHR-37",0,0,6.364195425,0,13,0.258064516129032,"CHR_37_1",1,NA,0,4,"no"
"2850-57735","2850-57669","2850-57735_2850-57669","2","CHR","119","CHR-119",0,10,6.892885156,4,-3,0.204301075268817,"CHR_119_2",1,NA,0,2,"no"
"2850-57735","2850-57669","2850-57735_2850-57669","1","CHR","37","CHR-37",0,0,5.832752902,0,13,0.258064516129032,"CHR_37_1",1,NA,0,4,"no"
"2850-57735","2850-57671","2850-57735_2850-57671","2","CHR","119","CHR-119",0,8,24.52654894,0,-35,0.218637992831541,"CHR_119_2",1,NA,0,2,"no"
"2850-57735","2850-57671","2850-57735_2850-57671","1","CHR","37","CHR-37",0,0,23.14825038,0,17,0.258064516129032,"CHR_37_1",1,NA,0,4,"no"
"2850-57735","2850-57731","2850-57735_2850-57731","1","CHR","37","CHR-37",0,11,7.951105173,6,-5,0.238709677419355,"CHR_37_1",1,NA,0,4,"no"
"2850-57735","2850-57731","2850-57735_2850-57731","2","CHR","119","CHR-119",0,10,5.547123721,2,-8,0.211469534050179,"CHR_119_2",1,NA,0,2,"no"
"2850-57735","2850-57733","2850-57735_2850-57733","2","CHR","119","CHR-119",0,10,17.40510129,0,-14,0.218637992831541,"CHR_119_2",1,NA,0,2,"no"
"2850-57735","2850-57733","2850-57735_2850-57733","1","CHR","37","CHR-37",0,0,16.11066156,0,38,0.258064516129032,"CHR_37_1",1,NA,0,4,"no"
"2850-57735","2850-57742","2850-57735_2850-57742","1","CHR","37","CHR-37",0,8,10.03025266,8,3,0.232258064516129,"CHR_37_1",1,NA,0,4,"no"
"2850-57735","2850-57742","2850-57735_2850-57742","2","CHR","119","CHR-119",0,10,12.97465314,8,-3,0.189964157706093,"CHR_119_2",1,NA,0,2,"no"
"2850-57735","2850-57744","2850-57735_2850-57744","2","CHR","119","CHR-119",0,10,22.14734614,0,21,0.218637992831541,"CHR_119_2",1,NA,0,2,"no"
"2850-57735","2850-57744","2850-57735_2850-57744","1","CHR","37","CHR-37",0,0,20.91227874,0,21,0.258064516129032,"CHR_37_1",1,NA,0,4,"no"
"2850-57735","2850-57745","2850-57735_2850-57745","1","CHR","37","CHR-37",0,3,4.955656293,3,8,0.248387096774194,"CHR_37_1",1,NA,0,4,"no"
"2850-57735","2850-57745","2850-57735_2850-57745","2","CHR","119","CHR-119",0,10,3.134884851,0,-9,0.218637992831541,"CHR_119_2",1,NA,0,2,"no"
"2850-57735","2850-57806","2850-57735_2850-57806","1","CHR","37","CHR-37",1,11,0.08,11,0,0.22258064516129,"CHR_37_1",1,"wp",2,4,"yes"
"2850-57735","2850-57806","2850-57735_2850-57806","2","CHR","119","CHR-119",1,11,0.08,10,0,0.218637992831541,"CHR_119_2",1,"wp",2,2,"yes"
"2850-57735","2850-57808","2850-57735_2850-57808","1","CHR","37","CHR-37",0,11,7.100758995,11,0,0.22258064516129,"CHR_37_1",1,"ep_same",2,4,"yes"
"2850-57735","2850-57808","2850-57735_2850-57808","2","CHR","119","CHR-119",0,10,9.55657944,6,-4,0.197132616487455,"CHR_119_2",1,NA,0,2,"no"
"2850-57735","2850-57881","2850-57735_2850-57881","1","CHR","37","CHR-37",0,6,7.467799705,6,5,0.238709677419355,"CHR_37_1",1,NA,0,4,"no"
"2850-57735","2850-57881","2850-57735_2850-57881","2","CHR","119","CHR-119",0,10,8.870596983,0,10,0.218637992831541,"CHR_119_2",1,NA,0,2,"no"
"2850-57735","unb-CHR-145","2850-57735_unb-CHR-145","2","CHR","119","CHR-119",0,10,7.901147904,0,-12,0.218637992831541,"CHR_119_2",1,NA,0,2,"no"
"2850-57735","unb-CHR-145","2850-57735_unb-CHR-145","1","CHR","37","CHR-37",0,0,8.57451926,0,40,0.258064516129032,"CHR_37_1",1,NA,0,4,"no"
"2850-57735","unb-CHR-76and12","2850-57735_unb-CHR-76and12","2","CHR","119","CHR-119",0,10,19.39207493,4,-6,0.204301075268817,"CHR_119_2",1,NA,0,2,"no"
"2850-57735","unb-CHR-76and12","2850-57735_unb-CHR-76and12","1","CHR","37","CHR-37",0,0,16.29459397,0,20,0.258064516129032,"CHR_37_1",1,NA,0,4,"no"
"2850-57735","unb-CHR-77","2850-57735_unb-CHR-77","1","CHR","37","CHR-37",0,11,4.900609826,6,-5,0.238709677419355,"CHR_37_1",1,NA,0,4,"no"
"2850-57735","unb-CHR-77","2850-57735_unb-CHR-77","2","CHR","119","CHR-119",0,10,4.13979616,4,-6,0.204301075268817,"CHR_119_2",1,NA,0,2,"no"
"2850-57735","unb-CHR-7and9","2850-57735_unb-CHR-7and9","2","CHR","119","CHR-119",0,10,17.57429308,0,-16,0.218637992831541,"CHR_119_2",1,NA,0,2,"no"
"2850-57735","unb-CHR-7and9","2850-57735_unb-CHR-7and9","1","CHR","37","CHR-37",0,0,17.69045774,0,17,0.258064516129032,"CHR_37_1",1,NA,0,4,"no"
"2850-57736","2640-97588","2850-57736_2640-97588","1","CHR","43","CHR-43",0,11,3.556400208,0,-15,0.345161290322581,"CHR_43_1",1,NA,0,5,"no"
"2850-57736","2640-97589","2850-57736_2640-97589","1","CHR","43","CHR-43",0,11,8.313013431,0,-13,0.345161290322581,"CHR_43_1",1,NA,0,5,"no"
"2850-57736","2811-83208","2850-57736_2811-83208","1","CHR","43","CHR-43",0,9,24.71865145,9,2,0.316129032258064,"CHR_43_1",1,NA,0,5,"no"
"2850-57736","2850-57567","2850-57736_2850-57567","1","CHR","43","CHR-43",1,11,0.08,11,0,0.345161290322581,"CHR_43_1",1,"wp",5,5,"yes"
"2850-57736","2850-57578","2850-57736_2850-57578","1","CHR","43","CHR-43",0,3,6.959151179,3,8,0.335483870967742,"CHR_43_1",1,NA,0,5,"no"
"2850-57736","2850-57579","2850-57736_2850-57579","1","CHR","43","CHR-43",0,11,14.10829303,5,-5,0.329032258064516,"CHR_43_1",1,NA,0,5,"no"
"2850-57736","2850-57580","2850-57736_2850-57580","1","CHR","43","CHR-43",0,8,19.71509877,8,3,0.319354838709677,"CHR_43_1",1,NA,0,5,"no"
"2850-57736","2850-57581","2850-57736_2850-57581","1","CHR","43","CHR-43",0,11,17.96708073,2,-7,0.338709677419355,"CHR_43_1",1,NA,0,5,"no"
"2850-57736","2850-57582","2850-57736_2850-57582","1","CHR","43","CHR-43",0,10,22.22238264,10,1,0.312903225806452,"CHR_43_1",1,NA,0,5,"no"
"2850-57736","2850-57589","2850-57736_2850-57589","1","CHR","43","CHR-43",0,11,13.7343222,10,-1,0.312903225806452,"CHR_43_1",1,NA,0,5,"no"
"2850-57736","2850-57620","2850-57736_2850-57620","1","CHR","43","CHR-43",0,9,4.29802041,9,2,0.316129032258064,"CHR_43_1",1,NA,0,5,"no"
"2850-57736","2850-57647","2850-57736_2850-57647","1","CHR","43","CHR-43",0,4,8.20278258,4,7,0.332258064516129,"CHR_43_1",1,NA,0,5,"no"
"2850-57736","2850-57653","2850-57736_2850-57653","1","CHR","43","CHR-43",0,9,5.134706942,9,2,0.316129032258064,"CHR_43_1",1,NA,0,5,"no"
"2850-57736","2850-57669","2850-57736_2850-57669","1","CHR","43","CHR-43",0,9,6.507326915,9,2,0.316129032258064,"CHR_43_1",1,NA,0,5,"no"
"2850-57736","2850-57671","2850-57736_2850-57671","1","CHR","43","CHR-43",0,5,24.92060744,5,6,0.329032258064516,"CHR_43_1",1,NA,0,5,"no"
"2850-57736","2850-57731","2850-57736_2850-57731","1","CHR","43","CHR-43",0,11,9.48243736,0,-16,0.345161290322581,"CHR_43_1",1,NA,0,5,"no"
"2850-57736","2850-57742","2850-57736_2850-57742","1","CHR","43","CHR-43",0,11,9.216245333,2,-8,0.338709677419355,"CHR_43_1",1,NA,0,5,"no"
"2850-57736","2850-57744","2850-57736_2850-57744","1","CHR","43","CHR-43",0,1,21.43275829,1,10,0.341935483870968,"CHR_43_1",1,NA,0,5,"no"
"2850-57736","2850-57745","2850-57736_2850-57745","1","CHR","43","CHR-43",0,11,6.731077524,8,-3,0.319354838709677,"CHR_43_1",1,NA,0,5,"no"
"2850-57736","2850-57806","2850-57736_2850-57806","1","CHR","43","CHR-43",0,11,5.211051794,0,-11,0.345161290322581,"CHR_43_1",1,NA,0,5,"no"
"2850-57736","2850-57808","2850-57736_2850-57808","1","CHR","43","CHR-43",0,11,9.735905078,0,-11,0.345161290322581,"CHR_43_1",1,NA,0,5,"no"
"2850-57736","2850-57881","2850-57736_2850-57881","1","CHR","43","CHR-43",0,11,11.31385671,6,-6,0.325806451612903,"CHR_43_1",1,NA,0,5,"no"
"2850-57736","unb-CHR-76and12","2850-57736_unb-CHR-76and12","1","CHR","43","CHR-43",0,2,16.80240569,2,9,0.338709677419355,"CHR_43_1",1,NA,0,5,"no"
"2850-57736","unb-CHR-77","2850-57736_unb-CHR-77","1","CHR","43","CHR-43",0,11,0.839108221,0,-16,0.345161290322581,"CHR_43_1",1,NA,0,5,"no"
"2850-57736","unb-CHR-7and9","2850-57736_unb-CHR-7and9","1","CHR","43","CHR-43",0,5,19.15943589,5,6,0.329032258064516,"CHR_43_1",1,NA,0,5,"no"
"2850-57746","2640-97588","2850-57746_2640-97588","1","CHR","74","CHR-74",0,10,25.42855193,0,-16,0.362007168458781,"CHR_74_1",1,NA,0,2,"no"
"2850-57746","2640-97588","2850-57746_2640-97588","2","CHR","6","CHR-6",0,11,24.98824572,0,-20,0.183870967741935,"CHR_6_2",1,NA,0,4,"no"
"2850-57746","2640-97589","2850-57746_2640-97589","1","CHR","74","CHR-74",0,10,13.92789691,0,-14,0.362007168458781,"CHR_74_1",1,NA,0,2,"no"
"2850-57746","2640-97589","2850-57746_2640-97589","2","CHR","6","CHR-6",0,11,13.52693008,0,-17,0.183870967741935,"CHR_6_2",1,NA,0,4,"no"
"2850-57746","2811-83208","2850-57746_2811-83208","1","CHR","74","CHR-74",0,9,5.933724475,9,1,0.329749103942652,"CHR_74_1",1,NA,0,2,"no"
"2850-57746","2811-83208","2850-57746_2811-83208","2","CHR","6","CHR-6",0,11,6.433003403,8,-2,0.158064516129032,"CHR_6_2",1,NA,0,4,"no"
"2850-57746","2850-57567","2850-57746_2850-57567","1","CHR","74","CHR-74",0,10,22.22238264,10,-1,0.326164874551971,"CHR_74_1",1,NA,0,2,"no"
"2850-57746","2850-57567","2850-57746_2850-57567","2","CHR","6","CHR-6",0,0,21.80674629,0,-53,0.183870967741935,"CHR_6_2",1,NA,0,4,"no"
"2850-57746","2850-57570","2850-57746_2850-57570","2","CHR","6","CHR-6",0,11,21.66372377,0,-21,0.183870967741935,"CHR_6_2",1,NA,0,4,"no"
"2850-57746","2850-57570","2850-57746_2850-57570","1","CHR","74","CHR-74",0,0,19.43540932,0,11,0.362007168458781,"CHR_74_1",1,NA,0,2,"no"
"2850-57746","2850-57577","2850-57746_2850-57577","2","CHR","6","CHR-6",0,11,25.0197467418182,3,8,0.174193548387097,"CHR_6_2",1,NA,0,4,"no"
"2850-57746","2850-57577","2850-57746_2850-57577","1","CHR","74","CHR-74",0,0,25.50292221,0,11,0.362007168458781,"CHR_74_1",1,NA,0,2,"no"
"2850-57746","2850-57578","2850-57746_2850-57578","1","CHR","74","CHR-74",0,3,15.55435752,3,7,0.351254480286738,"CHR_74_1",1,NA,0,2,"no"
"2850-57746","2850-57578","2850-57746_2850-57578","2","CHR","6","CHR-6",0,11,15.10064052,6,5,0.164516129032258,"CHR_6_2",1,NA,0,4,"no"
"2850-57746","2850-57579","2850-57746_2850-57579","1","CHR","74","CHR-74",0,10,8.185514377,4,-6,0.347670250896057,"CHR_74_1",1,NA,0,2,"no"
"2850-57746","2850-57579","2850-57746_2850-57579","2","CHR","6","CHR-6",0,9,6.189073104,0,-33,0.183870967741935,"CHR_6_2",1,NA,0,4,"no"
"2850-57746","2850-57580","2850-57746_2850-57580","1","CHR","74","CHR-74",0,8,4.360833357,8,2,0.333333333333333,"CHR_74_1",1,NA,0,2,"no"
"2850-57746","2850-57580","2850-57746_2850-57580","2","CHR","6","CHR-6",0,0,4.422071783,0,-50,0.183870967741935,"CHR_6_2",1,NA,0,4,"no"
"2850-57746","2850-57581","2850-57746_2850-57581","1","CHR","74","CHR-74",0,10,9.556967883,1,-8,0.3584229390681,"CHR_74_1",1,NA,0,2,"no"
"2850-57746","2850-57581","2850-57746_2850-57581","2","CHR","6","CHR-6",0,11,9.465815319,0,-11,0.183870967741935,"CHR_6_2",1,"ep_same",2,4,"yes"
"2850-57746","2850-57582","2850-57746_2850-57582","1","CHR","74","CHR-74",1,10,0.08,10,0,0.362007168458781,"CHR_74_1",1,"wp",1,2,"yes"
"2850-57746","2850-57582","2850-57746_2850-57582","2","CHR","6","CHR-6",1,11,0.08,11,0,0.183870967741935,"CHR_6_2",1,"wp",1,4,"yes"
"2850-57746","2850-57589","2850-57746_2850-57589","1","CHR","74","CHR-74",0,10,9.310637846,9,-2,0.329749103942652,"CHR_74_1",1,NA,0,2,"no"
"2850-57746","2850-57589","2850-57746_2850-57589","2","CHR","6","CHR-6",0,11,6.48255322,9,-1,0.154838709677419,"CHR_6_2",1,NA,0,4,"no"
"2850-57746","2850-57620","2850-57746_2850-57620","1","CHR","74","CHR-74",0,9,18.26278611,9,1,0.329749103942652,"CHR_74_1",1,NA,0,2,"no"
"2850-57746","2850-57620","2850-57746_2850-57620","2","CHR","6","CHR-6",0,11,17.81694227,8,-2,0.158064516129032,"CHR_6_2",1,NA,0,4,"no"
"2850-57746","2850-57647","2850-57746_2850-57647","1","CHR","74","CHR-74",0,4,14.05566239,4,6,0.347670250896057,"CHR_74_1",1,NA,0,2,"no"
"2850-57746","2850-57647","2850-57746_2850-57647","2","CHR","6","CHR-6",0,11,13.65952644,3,8,0.174193548387097,"CHR_6_2",1,NA,0,4,"no"
"2850-57746","2850-57653","2850-57746_2850-57653","1","CHR","74","CHR-74",0,9,26.31174488,9,1,0.329749103942652,"CHR_74_1",1,NA,0,2,"no"
"2850-57746","2850-57653","2850-57746_2850-57653","2","CHR","6","CHR-6",0,11,28.08003011,0,-18,0.183870967741935,"CHR_6_2",1,NA,0,4,"no"
"2850-57746","2850-57669","2850-57746_2850-57669","1","CHR","74","CHR-74",0,9,15.71781378,9,1,0.329749103942652,"CHR_74_1",1,NA,0,2,"no"
"2850-57746","2850-57669","2850-57746_2850-57669","2","CHR","6","CHR-6",0,11,14.4642527609091,8,3,0.158064516129032,"CHR_6_2",1,NA,0,4,"no"
"2850-57746","2850-57671","2850-57746_2850-57671","1","CHR","74","CHR-74",0,5,2.942554498,5,5,0.344086021505376,"CHR_74_1",1,NA,0,2,"no"
"2850-57746","2850-57671","2850-57746_2850-57671","2","CHR","6","CHR-6",0,0,3.487733105,0,-47,0.183870967741935,"CHR_6_2",1,NA,0,4,"no"
"2850-57746","2850-57731","2850-57746_2850-57731","1","CHR","74","CHR-74",0,10,12.77634584,0,-17,0.362007168458781,"CHR_74_1",1,NA,0,2,"no"
"2850-57746","2850-57731","2850-57746_2850-57731","2","CHR","6","CHR-6",0,11,15.69392115,0,-20,0.183870967741935,"CHR_6_2",1,NA,0,4,"no"
"2850-57746","2850-57733","2850-57746_2850-57733","2","CHR","6","CHR-6",0,11,5.517704929,0,20,0.183870967741935,"CHR_6_2",1,NA,0,4,"no"
"2850-57746","2850-57733","2850-57746_2850-57733","1","CHR","74","CHR-74",0,0,5.710254056,0,26,0.362007168458781,"CHR_74_1",1,NA,0,2,"no"
"2850-57746","2850-57742","2850-57746_2850-57742","1","CHR","74","CHR-74",0,10,14.26919975,1,-9,0.3584229390681,"CHR_74_1",1,NA,0,2,"no"
"2850-57746","2850-57742","2850-57746_2850-57742","2","CHR","6","CHR-6",0,11,11.24915023,0,-15,0.183870967741935,"CHR_6_2",1,NA,0,4,"no"
"2850-57746","2850-57744","2850-57746_2850-57744","1","CHR","74","CHR-74",0,1,6.340425465,1,9,0.3584229390681,"CHR_74_1",1,NA,0,2,"no"
"2850-57746","2850-57744","2850-57746_2850-57744","2","CHR","6","CHR-6",0,11,6.616957808,2,9,0.17741935483871,"CHR_6_2",1,NA,0,4,"no"
"2850-57746","2850-57745","2850-57746_2850-57745","1","CHR","74","CHR-74",0,10,25.12945402,7,-4,0.336917562724014,"CHR_74_1",1,NA,0,2,"no"
"2850-57746","2850-57745","2850-57746_2850-57745","2","CHR","6","CHR-6",0,11,24.17933489,0,-21,0.183870967741935,"CHR_6_2",1,NA,0,4,"no"
"2850-57746","2850-57806","2850-57746_2850-57806","1","CHR","74","CHR-74",0,10,19.76481823,0,-12,0.362007168458781,"CHR_74_1",1,NA,0,2,"no"
"2850-57746","2850-57806","2850-57746_2850-57806","2","CHR","6","CHR-6",0,11,21.17130823,0,-12,0.183870967741935,"CHR_6_2",1,NA,0,4,"no"
"2850-57746","2850-57808","2850-57746_2850-57808","1","CHR","74","CHR-74",0,10,13.16811811,0,-12,0.362007168458781,"CHR_74_1",1,NA,0,2,"no"
"2850-57746","2850-57808","2850-57746_2850-57808","2","CHR","6","CHR-6",0,11,11.61529363,0,-16,0.183870967741935,"CHR_6_2",1,NA,0,4,"no"
"2850-57746","2850-57881","2850-57746_2850-57881","1","CHR","74","CHR-74",0,10,13.7234473,5,-7,0.344086021505376,"CHR_74_1",1,NA,0,2,"no"
"2850-57746","2850-57881","2850-57746_2850-57881","2","CHR","6","CHR-6",0,11,12.40414054,8,-2,0.158064516129032,"CHR_6_2",1,NA,0,4,"no"
"2850-57746","unb-CHR-145","2850-57746_unb-CHR-145","2","CHR","6","CHR-6",0,11,26.52347164,0,-24,0.183870967741935,"CHR_6_2",1,NA,0,4,"no"
"2850-57746","unb-CHR-145","2850-57746_unb-CHR-145","1","CHR","74","CHR-74",0,0,27.06444658,0,28,0.362007168458781,"CHR_74_1",1,NA,0,2,"no"
"2850-57746","unb-CHR-76and12","2850-57746_unb-CHR-76and12","1","CHR","74","CHR-74",0,2,7.373241828,2,8,0.354838709677419,"CHR_74_1",1,NA,0,2,"no"
"2850-57746","unb-CHR-76and12","2850-57746_unb-CHR-76and12","2","CHR","6","CHR-6",0,11,6.686243038,0,-18,0.183870967741935,"CHR_6_2",1,NA,0,4,"no"
"2850-57746","unb-CHR-77","2850-57746_unb-CHR-77","1","CHR","74","CHR-74",0,10,22.891481,0,-17,0.362007168458781,"CHR_74_1",1,NA,0,2,"no"
"2850-57746","unb-CHR-77","2850-57746_unb-CHR-77","2","CHR","6","CHR-6",0,11,22.46711907,0,-18,0.183870967741935,"CHR_6_2",1,NA,0,4,"no"
"2850-57746","unb-CHR-7and9","2850-57746_unb-CHR-7and9","1","CHR","74","CHR-74",0,5,3.510067055,5,5,0.344086021505376,"CHR_74_1",1,NA,0,2,"no"
"2850-57746","unb-CHR-7and9","2850-57746_unb-CHR-7and9","2","CHR","6","CHR-6",0,11,4.355316185,0,-28,0.183870967741935,"CHR_6_2",1,NA,0,4,"no"
"2850-57749","2850-57573","2850-57749_2850-57573","1","Cooks","13","Cooks-13",0,10,6.497659888,0,15,NA,"Cooks_13_1",1,NA,0,4,"no"
"2850-57749","2850-57574","2850-57749_2850-57574","1","Cooks","13","Cooks-13",0,10,3.497611712,0,-32,NA,"Cooks_13_1",1,NA,0,4,"no"
"2850-57749","2850-57633","2850-57749_2850-57633","1","Cooks","13","Cooks-13",0,10,0.586918094,8,2,NA,"Cooks_13_1",1,NA,0,4,"no"
"2850-57749","2850-57638","2850-57749_2850-57638","1","Cooks","13","Cooks-13",0,10,4.018942747,9,-2,NA,"Cooks_13_1",1,NA,0,4,"no"
"2850-57749","2850-57673","2850-57749_2850-57673","1","Cooks","13","Cooks-13",0,10,4.87093001,0,25,NA,"Cooks_13_1",1,NA,0,4,"no"
"2850-57749","2850-57675","2850-57749_2850-57675","1","Cooks","13","Cooks-13",1,10,0.08,10,0,NA,"Cooks_13_1",1,NA,0,4,"no"
"2850-57749","2850-57676","2850-57749_2850-57676","1","Cooks","13","Cooks-13",0,10,2.450699861,0,-16,NA,"Cooks_13_1",1,NA,0,4,"no"
"2850-57749","2870-64915","2850-57749_2870-64915","1","Cooks","13","Cooks-13",0,8,2.78939232,8,2,NA,"Cooks_13_1",1,NA,0,4,"no"
"2850-57753","2850-57752","2850-57753_2850-57752","1","McCauley","4","McCauley-4",1,11,0.08,11,0,NA,"McCauley_4_1",1,"wp",4,4,"yes"
"2850-57846","2640-97588","2850-57846_2640-97588","1","CHR","110","CHR-110",0,10,12.7667261,4,-7,0.254480286738351,"CHR_110_1",1,NA,0,4,"no"
"2850-57846","2640-97588","2850-57846_2640-97588","2","CHR","52","CHR-52",0,11,15.36161737,6,-5,0.261290322580645,"CHR_52_2",1,NA,0,2,"no"
"2850-57846","2640-97589","2850-57846_2640-97589","1","CHR","110","CHR-110",0,10,3.26345876,6,-5,0.247311827956989,"CHR_110_1",1,NA,0,4,"no"
"2850-57846","2640-97589","2850-57846_2640-97589","2","CHR","52","CHR-52",0,11,4.348776993,9,-2,0.251612903225806,"CHR_52_2",1,NA,0,2,"no"
"2850-57846","2811-83208","2850-57846_2811-83208","2","CHR","52","CHR-52",0,11,12.94374732,0,13,0.280645161290323,"CHR_52_2",1,NA,0,2,"no"
"2850-57846","2811-83208","2850-57846_2811-83208","1","CHR","110","CHR-110",0,0,15.7455459,0,10,0.268817204301075,"CHR_110_1",1,NA,0,4,"no"
"2850-57846","2850-57567","2850-57846_2850-57567","1","CHR","110","CHR-110",0,2,9.216245333,2,8,0.261648745519713,"CHR_110_1",1,NA,0,4,"no"
"2850-57846","2850-57567","2850-57846_2850-57567","2","CHR","52","CHR-52",0,5,11.84556078,0,-38,0.280645161290323,"CHR_52_2",1,NA,0,2,"no"
"2850-57846","2850-57570","2850-57846_2850-57570","2","CHR","52","CHR-52",0,11,12.30502494,4,-6,0.267741935483871,"CHR_52_2",1,NA,0,2,"no"
"2850-57846","2850-57570","2850-57846_2850-57570","1","CHR","110","CHR-110",0,0,7.044103878,0,20,0.268817204301075,"CHR_110_1",1,NA,0,4,"no"
"2850-57846","2850-57577","2850-57846_2850-57577","2","CHR","52","CHR-52",0,11,17.69418877,0,23,0.280645161290323,"CHR_52_2",1,NA,0,2,"no"
"2850-57846","2850-57577","2850-57846_2850-57577","1","CHR","110","CHR-110",0,0,15.75477188,0,20,0.268817204301075,"CHR_110_1",1,NA,0,4,"no"
"2850-57846","2850-57578","2850-57846_2850-57578","2","CHR","52","CHR-52",0,11,6.945628703,0,20,0.280645161290323,"CHR_52_2",1,NA,0,2,"no"
"2850-57846","2850-57578","2850-57846_2850-57578","1","CHR","110","CHR-110",0,0,5.621648063,0,16,0.268817204301075,"CHR_110_1",1,NA,0,4,"no"
"2850-57846","2850-57579","2850-57846_2850-57579","1","CHR","110","CHR-110",0,7,6.315668815,7,3,0.243727598566308,"CHR_110_1",1,NA,0,4,"no"
"2850-57846","2850-57579","2850-57846_2850-57579","2","CHR","52","CHR-52",0,11,5.659255577,0,-18,0.280645161290323,"CHR_52_2",1,NA,0,2,"no"
"2850-57846","2850-57580","2850-57846_2850-57580","2","CHR","52","CHR-52",0,7,8.14863654,0,-35,0.280645161290323,"CHR_52_2",1,NA,0,2,"no"
"2850-57846","2850-57580","2850-57846_2850-57580","1","CHR","110","CHR-110",0,0,10.99316016,0,11,0.268817204301075,"CHR_110_1",1,NA,0,4,"no"
"2850-57846","2850-57581","2850-57846_2850-57581","1","CHR","110","CHR-110",0,9,8.754085291,9,1,0.236559139784946,"CHR_110_1",1,NA,0,4,"no"
"2850-57846","2850-57581","2850-57846_2850-57581","2","CHR","52","CHR-52",0,11,7.627019634,7,4,0.258064516129032,"CHR_52_2",1,NA,0,2,"no"
"2850-57846","2850-57582","2850-57846_2850-57582","1","CHR","110","CHR-110",0,1,14.26919975,1,9,0.265232974910394,"CHR_110_1",1,NA,0,4,"no"
"2850-57846","2850-57582","2850-57846_2850-57582","2","CHR","52","CHR-52",0,11,11.5167408,0,15,0.280645161290323,"CHR_52_2",1,NA,0,2,"no"
"2850-57846","2850-57589","2850-57846_2850-57589","1","CHR","110","CHR-110",0,3,5.014249266,3,7,0.258064516129032,"CHR_110_1",1,NA,0,4,"no"
"2850-57846","2850-57589","2850-57846_2850-57589","2","CHR","52","CHR-52",0,11,2.207924918,0,14,0.280645161290323,"CHR_52_2",1,NA,0,2,"no"
"2850-57846","2850-57620","2850-57846_2850-57620","2","CHR","52","CHR-52",0,11,8.883945424,0,13,0.280645161290323,"CHR_52_2",1,NA,0,2,"no"
"2850-57846","2850-57620","2850-57846_2850-57620","1","CHR","110","CHR-110",0,0,6.83427215,0,10,0.268817204301075,"CHR_110_1",1,NA,0,4,"no"
"2850-57846","2850-57647","2850-57846_2850-57647","2","CHR","52","CHR-52",0,11,4.311943687,0,23,0.280645161290323,"CHR_52_2",1,NA,0,2,"no"
"2850-57846","2850-57647","2850-57846_2850-57647","1","CHR","110","CHR-110",0,0,3.099674315,0,15,0.268817204301075,"CHR_110_1",1,NA,0,4,"no"
"2850-57846","2850-57653","2850-57846_2850-57653","2","CHR","52","CHR-52",0,11,18.60651776,8,-3,0.254838709677419,"CHR_52_2",1,NA,0,2,"no"
"2850-57846","2850-57653","2850-57846_2850-57653","1","CHR","110","CHR-110",0,0,14.19959013,0,10,0.268817204301075,"CHR_110_1",1,NA,0,4,"no"
"2850-57846","2850-57669","2850-57846_2850-57669","2","CHR","52","CHR-52",0,11,6.082528644,11,0,0.258064516129032,"CHR_52_2",1,NA,0,2,"no"
"2850-57846","2850-57669","2850-57846_2850-57669","1","CHR","110","CHR-110",0,0,4.31717865,0,10,0.268817204301075,"CHR_110_1",1,NA,0,4,"no"
"2850-57846","2850-57671","2850-57846_2850-57671","2","CHR","52","CHR-52",0,11,13.80890721,0,-32,0.280645161290323,"CHR_52_2",1,NA,0,2,"no"
"2850-57846","2850-57671","2850-57846_2850-57671","1","CHR","110","CHR-110",0,0,16.6309399,0,14,0.268817204301075,"CHR_110_1",1,NA,0,4,"no"
"2850-57846","2850-57731","2850-57846_2850-57731","1","CHR","110","CHR-110",0,10,4.44740581,3,-8,0.258064516129032,"CHR_110_1",1,NA,0,4,"no"
"2850-57846","2850-57731","2850-57846_2850-57731","2","CHR","52","CHR-52",0,11,7.941040523,5,-5,0.264516129032258,"CHR_52_2",1,NA,0,2,"no"
"2850-57846","2850-57733","2850-57846_2850-57733","2","CHR","52","CHR-52",0,11,5.887045096,0,-11,0.280645161290323,"CHR_52_2",1,NA,0,2,"no"
"2850-57846","2850-57733","2850-57846_2850-57733","1","CHR","110","CHR-110",0,0,8.704376326,0,35,0.268817204301075,"CHR_110_1",1,NA,0,4,"no"
"2850-57846","2850-57742","2850-57846_2850-57742","1","CHR","110","CHR-110",1,10,0.08,10,0,0.268817204301075,"CHR_110_1",1,"wp",4,4,"yes"
"2850-57846","2850-57742","2850-57846_2850-57742","2","CHR","52","CHR-52",1,11,0.08,11,0,0.280645161290323,"CHR_52_2",1,"wp",1,2,"yes"
"2850-57846","2850-57744","2850-57846_2850-57744","2","CHR","52","CHR-52",0,11,9.59242211,0,24,0.280645161290323,"CHR_52_2",1,NA,0,2,"no"
"2850-57846","2850-57744","2850-57846_2850-57744","1","CHR","110","CHR-110",0,0,12.33962681,0,18,0.268817204301075,"CHR_110_1",1,NA,0,4,"no"
"2850-57846","2850-57745","2850-57846_2850-57745","1","CHR","110","CHR-110",0,5,14.58411522,5,5,0.25089605734767,"CHR_110_1",1,NA,0,4,"no"
"2850-57846","2850-57745","2850-57846_2850-57745","2","CHR","52","CHR-52",0,11,16.07581658,3,-6,0.270967741935484,"CHR_52_2",1,NA,0,2,"no"
"2850-57846","2850-57806","2850-57846_2850-57806","1","CHR","110","CHR-110",0,10,9.718855261,8,-3,0.240143369175627,"CHR_110_1",1,NA,0,4,"no"
"2850-57846","2850-57806","2850-57846_2850-57806","2","CHR","52","CHR-52",0,12,12.48433777,8,3,0.254838709677419,"CHR_52_2",1,NA,0,2,"no"
"2850-57846","2850-57808","2850-57846_2850-57808","1","CHR","110","CHR-110",0,10,6.502144006,8,-3,0.240143369175627,"CHR_110_1",1,NA,0,4,"no"
"2850-57846","2850-57808","2850-57846_2850-57808","2","CHR","52","CHR-52",0,11,6.130364882,9,-1,0.251612903225806,"CHR_52_2",1,NA,0,2,"no"
"2850-57846","2850-57881","2850-57846_2850-57881","1","CHR","110","CHR-110",0,8,9.52343924,8,2,0.240143369175627,"CHR_110_1",1,NA,0,4,"no"
"2850-57846","2850-57881","2850-57846_2850-57881","2","CHR","52","CHR-52",0,11,9.461416016,0,13,0.280645161290323,"CHR_52_2",1,NA,0,2,"no"
"2850-57846","unb-CHR-145","2850-57846_unb-CHR-145","2","CHR","52","CHR-52",0,11,20.29611092,0,-9,0.280645161290323,"CHR_52_2",1,NA,0,2,"no"
"2850-57846","unb-CHR-145","2850-57846_unb-CHR-145","1","CHR","110","CHR-110",0,0,18.59541516,0,37,0.268817204301075,"CHR_110_1",1,NA,0,4,"no"
"2850-57846","unb-CHR-76and12","2850-57846_unb-CHR-76and12","2","CHR","52","CHR-52",0,11,6.841886742,7,-3,0.258064516129032,"CHR_52_2",1,NA,0,2,"no"
"2850-57846","unb-CHR-76and12","2850-57846_unb-CHR-76and12","1","CHR","110","CHR-110",0,0,7.822920552,0,17,0.268817204301075,"CHR_110_1",1,NA,0,4,"no"
"2850-57846","unb-CHR-77","2850-57846_unb-CHR-77","1","CHR","110","CHR-110",0,10,10.03215791,3,-8,0.258064516129032,"CHR_110_1",1,NA,0,4,"no"
"2850-57846","unb-CHR-77","2850-57846_unb-CHR-77","2","CHR","52","CHR-52",0,11,12.63707064,7,-3,0.258064516129032,"CHR_52_2",1,NA,0,2,"no"
"2850-57846","unb-CHR-7and9","2850-57846_unb-CHR-7and9","2","CHR","52","CHR-52",0,11,6.89421084,0,-13,0.280645161290323,"CHR_52_2",1,NA,0,2,"no"
"2850-57846","unb-CHR-7and9","2850-57846_unb-CHR-7and9","1","CHR","110","CHR-110",0,0,10.85899021,0,14,0.268817204301075,"CHR_110_1",1,NA,0,4,"no"
"2850-57853","2850-57557","2850-57853_2850-57557","1","Cooks","29","Cooks-29",0,9,8.358902715,9,2,NA,"Cooks_29_1",1,NA,0,5,"no"
"2850-57853","2850-57557","2850-57853_2850-57557","2","Cooks","8","Cooks-8",0,0,6.253483515,0,-48,NA,"Cooks_8_2",1,NA,0,5,"no"
"2850-57853","2850-57573","2850-57853_2850-57573","2","Cooks","8","Cooks-8",0,11,4.543875186,0,17,NA,"Cooks_8_2",1,NA,0,5,"no"
"2850-57853","2850-57573","2850-57853_2850-57573","1","Cooks","29","Cooks-29",0,0,3.850689154,0,16,NA,"Cooks_29_1",1,NA,0,5,"no"
"2850-57853","2850-57574","2850-57853_2850-57574","2","Cooks","8","Cooks-8",0,11,0.522365696,0,-30,NA,"Cooks_8_2",1,NA,0,5,"no"
"2850-57853","2850-57574","2850-57853_2850-57574","1","Cooks","29","Cooks-29",0,0,2.651336676,0,20,NA,"Cooks_29_1",1,NA,0,5,"no"
"2850-57853","2850-57633","2850-57853_2850-57633","1","Cooks","29","Cooks-29",0,1,7.269682798,1,10,NA,"Cooks_29_1",1,NA,0,5,"no"
"2850-57853","2850-57633","2850-57853_2850-57633","2","Cooks","8","Cooks-8",0,11,4.29026688763636,7,4,NA,"Cooks_8_2",1,"ep_same",2,5,"yes"
"2850-57853","2850-57638","2850-57853_2850-57638","1","Cooks","29","Cooks-29",1,11,0.08,11,0,NA,"Cooks_29_1",1,"wp",2,5,"yes"
"2850-57853","2850-57638","2850-57853_2850-57638","2","Cooks","8","Cooks-8",1,11,0.08,11,0,NA,"Cooks_8_2",1,"wp",3,5,"yes"
"2850-57853","2850-57673","2850-57853_2850-57673","2","Cooks","8","Cooks-8",0,11,4.201284978,0,27,NA,"Cooks_8_2",1,NA,0,5,"no"
"2850-57853","2850-57673","2850-57853_2850-57673","1","Cooks","29","Cooks-29",0,0,5.864879132,0,19,NA,"Cooks_29_1",1,NA,0,5,"no"
"2850-57853","2850-57675","2850-57853_2850-57675","2","Cooks","8","Cooks-8",0,9,4.018942747,9,2,NA,"Cooks_8_2",1,NA,0,5,"no"
"2850-57853","2850-57675","2850-57853_2850-57675","1","Cooks","29","Cooks-29",0,0,6.074091059,0,52,NA,"Cooks_29_1",1,NA,0,5,"no"
"2850-57853","2850-57676","2850-57853_2850-57676","2","Cooks","8","Cooks-8",0,11,1.716958193,0,-14,NA,"Cooks_8_2",1,NA,0,5,"no"
"2850-57853","2850-57676","2850-57853_2850-57676","1","Cooks","29","Cooks-29",0,0,3.888416622,0,36,NA,"Cooks_29_1",1,NA,0,5,"no"
"2850-57853","2870-64915","2850-57853_2870-64915","2","Cooks","8","Cooks-8",0,7,5.760475577,7,4,NA,"Cooks_8_2",1,NA,0,5,"no"
"2850-57853","2870-64915","2850-57853_2870-64915","1","Cooks","29","Cooks-29",0,0,7.352727515,0,54,NA,"Cooks_29_1",1,NA,0,5,"no"
"2850-57869","2640-97548","2850-57869_2640-97548","1","Blue Cloud","4","Blue Cloud-4",0,8,5.758099624,0,-11,NA,"Blue Cloud_4_1",1,NA,0,2,"no"
"2850-57869","2640-97548","2850-57869_2640-97548","2","Blue Cloud","17","Blue Cloud-17",0,10,7.497781978,2,-9,NA,"Blue Cloud_17_2",1,NA,0,4,"no"
"2850-57869","2850-57614","2850-57869_2850-57614","1","Blue Cloud","4","Blue Cloud-4",0,8,4.72821041,2,-7,NA,"Blue Cloud_4_1",1,NA,0,2,"no"
"2850-57869","2850-57614","2850-57869_2850-57614","2","Blue Cloud","17","Blue Cloud-17",0,10,2.348651211,1,-9,NA,"Blue Cloud_17_2",1,NA,0,4,"no"
"2850-57869","2850-57659","2850-57869_2850-57659","1","Blue Cloud","4","Blue Cloud-4",1,8,0.08,8,0,NA,"Blue Cloud_4_1",1,NA,0,2,"no"
"2850-57869","2850-57659","2850-57869_2850-57659","2","Blue Cloud","17","Blue Cloud-17",1,10,0.08,10,0,NA,"Blue Cloud_17_2",1,"wp",2,4,"yes"
"2850-57871","2640-97548","2850-57871_2640-97548","1","Blue Cloud","22","Blue Cloud-22",0,9,5.485719357,7,-4,NA,"Blue Cloud_22_1",1,NA,0,2,"no"
"2850-57871","2640-97548","2850-57871_2640-97548","2","Blue Cloud","14","Blue Cloud-14",0,10,6.062382204,10,0,NA,"Blue Cloud_14_2",1,NA,0,4,"no"
"2850-57871","2850-57614","2850-57871_2850-57614","1","Blue Cloud","22","Blue Cloud-22",1,9,0.08,9,0,NA,"Blue Cloud_22_1",1,"wp",2,2,"yes"
"2850-57871","2850-57614","2850-57871_2850-57614","2","Blue Cloud","14","Blue Cloud-14",1,10,0.08,10,0,NA,"Blue Cloud_14_2",1,"wp",3,4,"yes"
"2850-57871","2850-57659","2850-57871_2850-57659","1","Blue Cloud","22","Blue Cloud-22",0,2,4.72821041,2,7,NA,"Blue Cloud_22_1",1,NA,0,2,"no"
"2850-57871","2850-57659","2850-57871_2850-57659","2","Blue Cloud","14","Blue Cloud-14",0,10,2.9836112883,1,9,NA,"Blue Cloud_14_2",1,NA,0,4,"no"
"2850-57872","2350-21085","2850-57872_2350-21085","1","Make Believe","26","Make Believe-26",0,10,4.235389899,0,-14,NA,"Make Believe_26_1",1,"ep_same",3,4,"yes"
"2850-57872","2350-21085","2850-57872_2350-21085","2","Make Believe","48","Make Believe-48",0,10,4.147107379,0,-14,NA,"Make Believe_48_2",1,NA,0,4,"no"
"2850-57872","2850-57518","2850-57872_2850-57518","1","Make Believe","26","Make Believe-26",0,10,8.124297081,9,-2,NA,"Make Believe_26_1",1,"ep_same",1,4,"yes"
"2850-57872","2850-57518","2850-57872_2850-57518","2","Make Believe","48","Make Believe-48",0,10,5.126020807,5,-5,NA,"Make Believe_48_2",1,NA,0,4,"no"
"2850-57872","2850-57668","2850-57872_2850-57668","1","Make Believe","26","Make Believe-26",0,9,5.088129173,9,1,NA,"Make Believe_26_1",1,NA,0,4,"no"
"2850-57872","2850-57668","2850-57872_2850-57668","2","Make Believe","48","Make Believe-48",0,10,9.283051844,10,-1,NA,"Make Believe_48_2",1,NA,0,4,"no"
"2850-57872","2850-57873","2850-57872_2850-57873","1","Make Believe","26","Make Believe-26",1,10,0.08,10,0,NA,"Make Believe_26_1",1,NA,0,4,"no"
"2850-57872","2850-57873","2850-57872_2850-57873","2","Make Believe","48","Make Believe-48",1,10,0.08,10,0,NA,"Make Believe_48_2",1,"wp",4,4,"yes"
"2850-57872","2850-57875","2850-57872_2850-57875","1","Make Believe","26","Make Believe-26",0,9,13.06797009,9,1,NA,"Make Believe_26_1",1,NA,0,4,"no"
"2850-57872","2850-57875","2850-57872_2850-57875","2","Make Believe","48","Make Believe-48",0,10,13.18317929,8,-3,NA,"Make Believe_48_2",1,NA,0,4,"no"
"2850-57872","2850-57877","2850-57872_2850-57877","2","Make Believe","48","Make Believe-48",0,8,10.7909041,0,-35,NA,"Make Believe_48_2",1,NA,0,4,"no"
"2850-57872","2850-57877","2850-57872_2850-57877","1","Make Believe","26","Make Believe-26",0,0,10.735051,0,15,NA,"Make Believe_26_1",1,NA,0,4,"no"
"2850-57874","2350-21085","2850-57874_2350-21085","1","Make Believe","8","Make Believe-8",0,10,17.2762774,0,-15,NA,"Make Believe_8_1",1,"ep_same",1,2,"yes"
"2850-57874","2850-57518","2850-57874_2850-57518","1","Make Believe","8","Make Believe-8",0,10,15.20151143,8,-3,NA,"Make Believe_8_1",1,NA,0,2,"no"
"2850-57874","2850-57668","2850-57874_2850-57668","1","Make Believe","8","Make Believe-8",0,10,8.086602378,10,0,NA,"Make Believe_8_1",1,NA,0,2,"no"
"2850-57874","2850-57873","2850-57874_2850-57873","1","Make Believe","8","Make Believe-8",0,10,13.06797009,9,-1,NA,"Make Believe_8_1",1,NA,0,2,"no"
"2850-57874","2850-57875","2850-57874_2850-57875","1","Make Believe","8","Make Believe-8",1,10,0.08,10,0,NA,"Make Believe_8_1",1,"wp",1,2,"yes"
"2850-57874","2850-57877","2850-57874_2850-57877","1","Make Believe","8","Make Believe-8",0,0,4.588970963,0,14,NA,"Make Believe_8_1",1,NA,0,2,"no"
"2850-57878","2350-21085","2850-57878_2350-21085","1","Make Believe","13","Make Believe-13",0,11,14.90668647,0,21,NA,"Make Believe_13_1",1,NA,0,3,"no"
"2850-57878","2850-57518","2850-57878_2850-57518","1","Make Believe","13","Make Believe-13",0,11,15.3033427,0,-17,NA,"Make Believe_13_1",1,NA,0,3,"no"
"2850-57878","2850-57668","2850-57878_2850-57668","1","Make Believe","13","Make Believe-13",0,11,5.791827141,0,-14,NA,"Make Believe_13_1",1,NA,0,3,"no"
"2850-57878","2850-57873","2850-57878_2850-57873","1","Make Believe","13","Make Believe-13",0,11,10.735051,0,-15,NA,"Make Believe_13_1",1,NA,0,3,"no"
"2850-57878","2850-57875","2850-57878_2850-57875","1","Make Believe","13","Make Believe-13",0,11,4.588970963,0,-14,NA,"Make Believe_13_1",1,NA,0,3,"no"
"2850-57878","2850-57877","2850-57878_2850-57877","1","Make Believe","13","Make Believe-13",1,11,0.08,11,0,NA,"Make Believe_13_1",1,"wp",3,3,"yes"
"2850-57879","2640-97588","2850-57879_2640-97588","1","CHR","112","CHR-112",0,11,11.55530626,0,-22,0.316129032258064,"CHR_112_1",1,NA,0,4,"no"
"2850-57879","2640-97588","2850-57879_2640-97588","2","CHR","112","CHR-112",0,11,11.55530626,0,-28,0.154838709677419,"CHR_112_2",1,NA,0,4,"no"
"2850-57879","2640-97589","2850-57879_2640-97589","1","CHR","112","CHR-112",0,11,0.210376542,0,-20,0.316129032258064,"CHR_112_1",1,NA,0,4,"no"
"2850-57879","2640-97589","2850-57879_2640-97589","2","CHR","112","CHR-112",0,11,0.210376542,0,-25,0.154838709677419,"CHR_112_2",1,NA,0,4,"no"
"2850-57879","2811-83208","2850-57879_2811-83208","1","CHR","112","CHR-112",0,11,16.66361176,5,-5,0.3,"CHR_112_1",1,NA,0,4,"no"
"2850-57879","2811-83208","2850-57879_2811-83208","2","CHR","112","CHR-112",0,11,16.66361176,0,-10,0.154838709677419,"CHR_112_2",1,NA,0,4,"no"
"2850-57879","2850-57567","2850-57879_2850-57567","1","CHR","112","CHR-112",0,11,8.20278258,4,-7,0.303225806451613,"CHR_112_1",1,NA,0,4,"no"
"2850-57879","2850-57567","2850-57879_2850-57567","2","CHR","112","CHR-112",0,0,8.20278258,0,-61,0.154838709677419,"CHR_112_2",1,NA,0,4,"no"
"2850-57879","2850-57570","2850-57879_2850-57570","1","CHR","112","CHR-112",0,6,5.501847625,6,5,0.296774193548387,"CHR_112_1",1,NA,0,4,"no"
"2850-57879","2850-57570","2850-57879_2850-57570","2","CHR","112","CHR-112",0,11,8.326762193,0,-29,0.154838709677419,"CHR_112_2",1,NA,0,4,"no"
"2850-57879","2850-57577","2850-57879_2850-57577","1","CHR","112","CHR-112",0,6,13.3869908,6,5,0.296774193548387,"CHR_112_1",1,NA,0,4,"no"
"2850-57879","2850-57577","2850-57879_2850-57577","2","CHR","112","CHR-112",0,11,14.0212532,11,0,0.119354838709677,"CHR_112_2",1,NA,0,4,"no"
"2850-57879","2850-57578","2850-57879_2850-57578","1","CHR","112","CHR-112",0,10,2.683141701,10,1,0.283870967741935,"CHR_112_1",1,NA,0,4,"no"
"2850-57879","2850-57578","2850-57879_2850-57578","2","CHR","112","CHR-112",0,11,2.683141701,7,-3,0.132258064516129,"CHR_112_2",1,NA,0,4,"no"
"2850-57879","2850-57579","2850-57879_2850-57579","1","CHR","112","CHR-112",0,11,5.907321837,0,-12,0.316129032258064,"CHR_112_1",1,NA,0,4,"no"
"2850-57879","2850-57579","2850-57879_2850-57579","2","CHR","112","CHR-112",0,1,7.47180793,0,-41,0.154838709677419,"CHR_112_2",1,NA,0,4,"no"
"2850-57879","2850-57580","2850-57879_2850-57580","1","CHR","112","CHR-112",0,11,11.57698308,6,-4,0.296774193548387,"CHR_112_1",1,NA,0,4,"no"
"2850-57879","2850-57580","2850-57879_2850-57580","2","CHR","112","CHR-112",0,0,11.57698308,0,-58,0.154838709677419,"CHR_112_2",1,NA,0,4,"no"
"2850-57879","2850-57581","2850-57879_2850-57581","1","CHR","112","CHR-112",0,11,10.67389294,0,-14,0.316129032258064,"CHR_112_1",1,NA,0,4,"no"
"2850-57879","2850-57581","2850-57879_2850-57581","2","CHR","112","CHR-112",0,11,12.61615031,0,-19,0.154838709677419,"CHR_112_2",1,NA,0,4,"no"
"2850-57879","2850-57582","2850-57879_2850-57582","1","CHR","112","CHR-112",0,11,14.05566239,4,-6,0.303225806451613,"CHR_112_1",1,NA,0,4,"no"
"2850-57879","2850-57582","2850-57879_2850-57582","2","CHR","112","CHR-112",0,11,13.65952644,3,-8,0.145161290322581,"CHR_112_2",1,NA,0,4,"no"
"2850-57879","2850-57589","2850-57879_2850-57589","1","CHR","112","CHR-112",0,11,5.741055304,3,-8,0.306451612903226,"CHR_112_1",1,NA,0,4,"no"
"2850-57879","2850-57589","2850-57879_2850-57589","2","CHR","112","CHR-112",0,11,7.603974661,1,-9,0.151612903225806,"CHR_112_2",1,NA,0,4,"no"
"2850-57879","2850-57620","2850-57879_2850-57620","1","CHR","112","CHR-112",0,11,4.669147474,5,-5,0.3,"CHR_112_1",1,NA,0,4,"no"
"2850-57879","2850-57620","2850-57879_2850-57620","2","CHR","112","CHR-112",0,11,4.669147474,0,-10,0.154838709677419,"CHR_112_2",1,NA,0,4,"no"
"2850-57879","2850-57647","2850-57879_2850-57647","1","CHR","112","CHR-112",1,11,0.08,11,0,0.316129032258064,"CHR_112_1",1,"wp",2,4,"yes"
"2850-57879","2850-57647","2850-57879_2850-57647","2","CHR","112","CHR-112",1,11,0.08,11,0,0.154838709677419,"CHR_112_2",1,NA,0,4,"no"
"2850-57879","2850-57653","2850-57879_2850-57653","1","CHR","112","CHR-112",0,11,12.6934362,5,-5,0.3,"CHR_112_1",1,NA,0,4,"no"
"2850-57879","2850-57653","2850-57879_2850-57653","2","CHR","112","CHR-112",0,11,14.75912949,0,-26,0.154838709677419,"CHR_112_2",1,NA,0,4,"no"
"2850-57879","2850-57669","2850-57879_2850-57669","1","CHR","112","CHR-112",0,11,1.843261856,6,-5,0.296774193548387,"CHR_112_1",1,NA,0,4,"no"
"2850-57879","2850-57669","2850-57879_2850-57669","2","CHR","112","CHR-112",0,11,1.249984969,6,-5,0.135483870967742,"CHR_112_2",1,NA,0,4,"no"
"2850-57879","2850-57671","2850-57879_2850-57671","1","CHR","112","CHR-112",0,11,16.72153987,10,-1,0.283870967741935,"CHR_112_1",1,NA,0,4,"no"
"2850-57879","2850-57671","2850-57879_2850-57671","2","CHR","112","CHR-112",0,0,16.72153987,0,-55,0.154838709677419,"CHR_112_2",1,NA,0,4,"no"
"2850-57879","2850-57731","2850-57879_2850-57731","1","CHR","112","CHR-112",0,11,1.783308813,0,-23,0.316129032258064,"CHR_112_1",1,NA,0,4,"no"
"2850-57879","2850-57731","2850-57879_2850-57731","2","CHR","112","CHR-112",0,11,3.694681618,0,13,0.154838709677419,"CHR_112_2",1,NA,0,4,"no"
"2850-57879","2850-57733","2850-57879_2850-57733","2","CHR","112","CHR-112",0,11,9.054214797,0,12,0.154838709677419,"CHR_112_2",1,NA,0,4,"no"
"2850-57879","2850-57733","2850-57879_2850-57733","1","CHR","112","CHR-112",0,0,9.054214797,0,20,0.316129032258064,"CHR_112_1",1,NA,0,4,"no"
"2850-57879","2850-57742","2850-57879_2850-57742","1","CHR","112","CHR-112",0,11,3.099674315,0,-15,0.316129032258064,"CHR_112_1",1,NA,0,4,"no"
"2850-57879","2850-57742","2850-57879_2850-57742","2","CHR","112","CHR-112",0,11,4.311943687,0,-23,0.154838709677419,"CHR_112_2",1,NA,0,4,"no"
"2850-57879","2850-57744","2850-57879_2850-57744","1","CHR","112","CHR-112",0,8,13.53171341,8,3,0.290322580645161,"CHR_112_1",1,NA,0,4,"no"
"2850-57879","2850-57744","2850-57879_2850-57744","2","CHR","112","CHR-112",0,11,13.53171341,10,1,0.12258064516129,"CHR_112_2",1,NA,0,4,"no"
"2850-57879","2850-57745","2850-57879_2850-57745","1","CHR","112","CHR-112",0,11,12.42611995,1,-10,0.312903225806452,"CHR_112_1",1,NA,0,4,"no"
"2850-57879","2850-57745","2850-57879_2850-57745","2","CHR","112","CHR-112",0,11,11.82419288,0,-29,0.154838709677419,"CHR_112_2",1,NA,0,4,"no"
"2850-57879","2850-57806","2850-57879_2850-57806","1","CHR","112","CHR-112",0,11,7.192032508,0,-18,0.316129032258064,"CHR_112_1",1,NA,0,4,"no"
"2850-57879","2850-57806","2850-57879_2850-57806","2","CHR","112","CHR-112",0,11,8.702820146,0,-20,0.154838709677419,"CHR_112_2",1,NA,0,4,"no"
"2850-57879","2850-57808","2850-57879_2850-57808","1","CHR","112","CHR-112",0,11,3.546625264,0,-18,0.316129032258064,"CHR_112_1",1,NA,0,4,"no"
"2850-57879","2850-57808","2850-57879_2850-57808","2","CHR","112","CHR-112",0,11,3.77388294,0,-24,0.154838709677419,"CHR_112_2",1,NA,0,4,"no"
"2850-57879","2850-57881","2850-57879_2850-57881","1","CHR","112","CHR-112",0,11,6.536178806,0,-13,0.316129032258064,"CHR_112_1",1,NA,0,4,"no"
"2850-57879","2850-57881","2850-57879_2850-57881","2","CHR","112","CHR-112",0,11,6.62356231,0,-10,0.154838709677419,"CHR_112_2",1,NA,0,4,"no"
"2850-57879","unb-CHR-145","2850-57879_unb-CHR-145","2","CHR","112","CHR-112",0,9,15.99821899,0,-32,0.154838709677419,"CHR_112_2",1,NA,0,4,"no"
"2850-57879","unb-CHR-145","2850-57879_unb-CHR-145","1","CHR","112","CHR-112",0,0,15.99821899,0,22,0.316129032258064,"CHR_112_1",1,NA,0,4,"no"
"2850-57879","unb-CHR-76and12","2850-57879_unb-CHR-76and12","1","CHR","112","CHR-112",0,9,8.868541882,9,2,0.287096774193548,"CHR_112_1",1,NA,0,4,"no"
"2850-57879","unb-CHR-76and12","2850-57879_unb-CHR-76and12","2","CHR","112","CHR-112",0,11,10.75943229,0,-26,0.154838709677419,"CHR_112_2",1,NA,0,4,"no"
"2850-57879","unb-CHR-77","2850-57879_unb-CHR-77","1","CHR","112","CHR-112",0,11,8.914578166,0,-23,0.316129032258064,"CHR_112_1",1,NA,0,4,"no"
"2850-57879","unb-CHR-77","2850-57879_unb-CHR-77","2","CHR","112","CHR-112",0,11,8.914578166,0,-26,0.154838709677419,"CHR_112_2",1,NA,0,4,"no"
"2850-57879","unb-CHR-7and9","2850-57879_unb-CHR-7and9","1","CHR","112","CHR-112",0,11,10.95717904,10,-1,0.283870967741935,"CHR_112_1",1,NA,0,4,"no"
"2850-57879","unb-CHR-7and9","2850-57879_unb-CHR-7and9","2","CHR","112","CHR-112",0,6,9.548498998,0,-36,0.154838709677419,"CHR_112_2",1,NA,0,4,"no"
"2850-57883","2640-97588","2850-57883_2640-97588","1","CHR","99","CHR-99",0,11,9.910183806,0,-23,0.293548387096774,"CHR_99_1",1,NA,0,4,"no"
"2850-57883","2640-97588","2850-57883_2640-97588","2","CHR","99","CHR-99",0,10,9.910183806,0,-25,0.193548387096774,"CHR_99_2",1,NA,0,4,"no"
"2850-57883","2640-97589","2850-57883_2640-97589","1","CHR","99","CHR-99",0,11,2.609073064,0,-21,0.293548387096774,"CHR_99_1",1,NA,0,4,"no"
"2850-57883","2640-97589","2850-57883_2640-97589","2","CHR","99","CHR-99",0,10,2.609073064,0,-22,0.193548387096774,"CHR_99_2",1,"ep_same",2,4,"yes"
"2850-57883","2811-83208","2850-57883_2811-83208","1","CHR","99","CHR-99",0,11,18.78723311,4,-6,0.280645161290323,"CHR_99_1",1,NA,0,4,"no"
"2850-57883","2811-83208","2850-57883_2811-83208","2","CHR","99","CHR-99",0,10,18.78723311,3,-7,0.182795698924731,"CHR_99_2",1,NA,0,4,"no"
"2850-57883","2850-57567","2850-57883_2850-57567","1","CHR","99","CHR-99",0,11,6.959151179,3,-8,0.283870967741935,"CHR_99_1",1,NA,0,4,"no"
"2850-57883","2850-57567","2850-57883_2850-57567","2","CHR","99","CHR-99",0,0,6.959151179,0,-58,0.193548387096774,"CHR_99_2",1,NA,0,4,"no"
"2850-57883","2850-57570","2850-57883_2850-57570","1","CHR","99","CHR-99",0,7,4.127994156,7,4,0.270967741935484,"CHR_99_1",1,NA,0,4,"no"
"2850-57883","2850-57570","2850-57883_2850-57570","2","CHR","99","CHR-99",0,10,6.577697441,0,-26,0.193548387096774,"CHR_99_2",1,NA,0,4,"no"
"2850-57883","2850-57577","2850-57883_2850-57577","1","CHR","99","CHR-99",0,7,10.85140017,7,4,0.270967741935484,"CHR_99_1",1,NA,0,4,"no"
"2850-57883","2850-57577","2850-57883_2850-57577","2","CHR","99","CHR-99",0,10,11.24600998,7,3,0.168458781362007,"CHR_99_2",1,NA,0,4,"no"
"2850-57883","2850-57578","2850-57883_2850-57578","1","CHR","99","CHR-99",1,11,0.08,11,0,0.293548387096774,"CHR_99_1",1,"wp",4,4,"yes"
"2850-57883","2850-57578","2850-57883_2850-57578","2","CHR","99","CHR-99",1,10,0.08,10,0,0.193548387096774,"CHR_99_2",1,"wp",2,4,"yes"
"2850-57883","2850-57579","2850-57883_2850-57579","1","CHR","99","CHR-99",0,11,7.747253326,0,12,0.293548387096774,"CHR_99_1",1,NA,0,4,"no"
"2850-57883","2850-57579","2850-57883_2850-57579","2","CHR","99","CHR-99",0,4,9.016913962,0,-38,0.193548387096774,"CHR_99_2",1,NA,0,4,"no"
"2850-57883","2850-57580","2850-57883_2850-57580","1","CHR","99","CHR-99",0,11,13.62674793,5,-5,0.27741935483871,"CHR_99_1",1,NA,0,4,"no"
"2850-57883","2850-57580","2850-57883_2850-57580","2","CHR","99","CHR-99",0,0,13.62674793,0,-55,0.193548387096774,"CHR_99_2",1,NA,0,4,"no"
"2850-57883","2850-57581","2850-57883_2850-57581","1","CHR","99","CHR-99",0,11,13.25550717,0,-15,0.293548387096774,"CHR_99_1",1,NA,0,4,"no"
"2850-57883","2850-57581","2850-57883_2850-57581","2","CHR","99","CHR-99",0,10,15.1632651,0,-16,0.193548387096774,"CHR_99_2",1,NA,0,4,"no"
"2850-57883","2850-57582","2850-57883_2850-57582","1","CHR","99","CHR-99",0,11,15.55435752,3,-7,0.283870967741935,"CHR_99_1",1,NA,0,4,"no"
"2850-57883","2850-57582","2850-57883_2850-57582","2","CHR","99","CHR-99",0,10,15.10064052,6,-5,0.172043010752688,"CHR_99_2",1,NA,0,4,"no"
"2850-57883","2850-57589","2850-57883_2850-57589","1","CHR","99","CHR-99",0,11,8.114828014,2,-9,0.287096774193548,"CHR_99_1",1,NA,0,4,"no"
"2850-57883","2850-57589","2850-57883_2850-57589","2","CHR","99","CHR-99",0,10,9.577634021,4,-6,0.17921146953405,"CHR_99_2",1,NA,0,4,"no"
"2850-57883","2850-57620","2850-57883_2850-57620","1","CHR","99","CHR-99",0,11,2.738914154,4,-6,0.280645161290323,"CHR_99_1",1,NA,0,4,"no"
"2850-57883","2850-57620","2850-57883_2850-57620","2","CHR","99","CHR-99",0,10,2.738914154,3,-7,0.182795698924731,"CHR_99_2",1,NA,0,4,"no"
"2850-57883","2850-57647","2850-57883_2850-57647","1","CHR","99","CHR-99",0,11,2.683141701,10,-1,0.261290322580645,"CHR_99_1",1,NA,0,4,"no"
"2850-57883","2850-57647","2850-57883_2850-57647","2","CHR","99","CHR-99",0,10,2.683141701,7,3,0.168458781362007,"CHR_99_2",1,NA,0,4,"no"
"2850-57883","2850-57653","2850-57883_2850-57653","1","CHR","99","CHR-99",0,11,10.76603077,4,-6,0.280645161290323,"CHR_99_1",1,NA,0,4,"no"
"2850-57883","2850-57653","2850-57883_2850-57653","2","CHR","99","CHR-99",0,10,12.97952929,0,-23,0.193548387096774,"CHR_99_2",1,NA,0,4,"no"
"2850-57883","2850-57669","2850-57883_2850-57669","1","CHR","99","CHR-99",0,11,1.525611055,5,-6,0.27741935483871,"CHR_99_1",1,NA,0,4,"no"
"2850-57883","2850-57669","2850-57883_2850-57669","2","CHR","99","CHR-99",0,10,3.632665505,9,-2,0.161290322580645,"CHR_99_2",1,NA,0,4,"no"
"2850-57883","2850-57671","2850-57883_2850-57671","1","CHR","99","CHR-99",0,11,18.36382867,9,-2,0.264516129032258,"CHR_99_1",1,NA,0,4,"no"
"2850-57883","2850-57671","2850-57883_2850-57671","2","CHR","99","CHR-99",0,0,18.36382867,0,-52,0.193548387096774,"CHR_99_2",1,NA,0,4,"no"
"2850-57883","2850-57731","2850-57883_2850-57731","1","CHR","99","CHR-99",0,11,2.895473875,0,-24,0.293548387096774,"CHR_99_1",1,NA,0,4,"no"
"2850-57883","2850-57731","2850-57883_2850-57731","2","CHR","99","CHR-99",0,10,1.012269787,0,16,0.193548387096774,"CHR_99_2",1,NA,0,4,"no"
"2850-57883","2850-57733","2850-57883_2850-57733","2","CHR","99","CHR-99",0,10,11.07522903,0,15,0.193548387096774,"CHR_99_2",1,NA,0,4,"no"
"2850-57883","2850-57733","2850-57883_2850-57733","1","CHR","99","CHR-99",0,0,11.07522903,0,19,0.293548387096774,"CHR_99_1",1,NA,0,4,"no"
"2850-57883","2850-57742","2850-57883_2850-57742","1","CHR","99","CHR-99",0,11,5.621648063,0,-16,0.293548387096774,"CHR_99_1",1,NA,0,4,"no"
"2850-57883","2850-57742","2850-57883_2850-57742","2","CHR","99","CHR-99",0,10,6.945628703,0,-20,0.193548387096774,"CHR_99_2",1,NA,0,4,"no"
"2850-57883","2850-57744","2850-57883_2850-57744","1","CHR","99","CHR-99",0,9,15.82780332,9,2,0.264516129032258,"CHR_99_1",1,NA,0,4,"no"
"2850-57883","2850-57744","2850-57883_2850-57744","2","CHR","99","CHR-99",0,10,15.82780332,6,4,0.172043010752688,"CHR_99_2",1,NA,0,4,"no"
"2850-57883","2850-57745","2850-57883_2850-57745","1","CHR","99","CHR-99",0,11,10.02551878,0,-11,0.293548387096774,"CHR_99_1",1,NA,0,4,"no"
"2850-57883","2850-57745","2850-57883_2850-57745","2","CHR","99","CHR-99",0,10,9.46622366,0,-26,0.193548387096774,"CHR_99_2",1,NA,0,4,"no"
"2850-57883","2850-57806","2850-57883_2850-57806","1","CHR","99","CHR-99",0,11,4.649295834,0,-19,0.293548387096774,"CHR_99_1",1,NA,0,4,"no"
"2850-57883","2850-57806","2850-57883_2850-57806","2","CHR","99","CHR-99",0,10,6.33536267,0,-17,0.193548387096774,"CHR_99_2",1,NA,0,4,"no"
"2850-57883","2850-57808","2850-57883_2850-57808","1","CHR","99","CHR-99",0,11,2.800078,0,-19,0.293548387096774,"CHR_99_1",1,NA,0,4,"no"
"2850-57883","2850-57808","2850-57883_2850-57808","2","CHR","99","CHR-99",0,10,3.704275342,0,-21,0.193548387096774,"CHR_99_2",1,NA,0,4,"no"
"2850-57883","2850-57881","2850-57883_2850-57881","1","CHR","99","CHR-99",0,11,5.053284364,0,-14,0.293548387096774,"CHR_99_1",1,NA,0,4,"no"
"2850-57883","2850-57881","2850-57883_2850-57881","2","CHR","99","CHR-99",0,10,5.443176722,3,-7,0.182795698924731,"CHR_99_2",1,NA,0,4,"no"
"2850-57883","unb-CHR-145","2850-57883_unb-CHR-145","2","CHR","99","CHR-99",0,10,13.3530512,0,-29,0.193548387096774,"CHR_99_2",1,NA,0,4,"no"
"2850-57883","unb-CHR-145","2850-57883_unb-CHR-145","1","CHR","99","CHR-99",0,0,13.3530512,0,21,0.293548387096774,"CHR_99_1",1,NA,0,4,"no"
"2850-57883","unb-CHR-76and12","2850-57883_unb-CHR-76and12","1","CHR","99","CHR-99",0,10,11.20785028,10,1,0.261290322580645,"CHR_99_1",1,NA,0,4,"no"
"2850-57883","unb-CHR-76and12","2850-57883_unb-CHR-76and12","2","CHR","99","CHR-99",0,10,13.08369038,0,-23,0.193548387096774,"CHR_99_2",1,NA,0,4,"no"
"2850-57883","unb-CHR-77","2850-57883_unb-CHR-77","1","CHR","99","CHR-99",0,11,7.509210322,0,-24,0.293548387096774,"CHR_99_1",1,NA,0,4,"no"
"2850-57883","unb-CHR-77","2850-57883_unb-CHR-77","2","CHR","99","CHR-99",0,10,7.509210322,0,-23,0.193548387096774,"CHR_99_2",1,NA,0,4,"no"
"2850-57883","unb-CHR-7and9","2850-57883_unb-CHR-7and9","1","CHR","99","CHR-99",0,11,12.75808501,9,-2,0.264516129032258,"CHR_99_1",1,NA,0,4,"no"
"2850-57883","unb-CHR-7and9","2850-57883_unb-CHR-7and9","2","CHR","99","CHR-99",0,9,11.305618,0,-33,0.193548387096774,"CHR_99_2",1,NA,0,4,"no"
"2870-64908","2640-97588","2870-64908_2640-97588","2","CHR","101","CHR-101",0,3,20.33348743,0,-40,0.032258064516129,"CHR_101_2",1,NA,0,4,"no"
"2870-64908","2640-97589","2870-64908_2640-97589","2","CHR","101","CHR-101",0,6,8.720414678,0,-37,0.032258064516129,"CHR_101_2",1,NA,0,4,"no"
"2870-64908","2811-83208","2870-64908_2811-83208","2","CHR","101","CHR-101",0,10,7.888844382,0,-22,0.032258064516129,"CHR_101_2",1,NA,0,4,"no"
"2870-64908","2850-57567","2870-64908_2850-57567","2","CHR","101","CHR-101",0,0,16.91537459,0,-73,0.032258064516129,"CHR_101_2",1,NA,0,4,"no"
"2870-64908","2850-57570","2870-64908_2850-57570","2","CHR","101","CHR-101",0,1,17.11645183,0,-41,0.032258064516129,"CHR_101_2",1,NA,0,4,"no"
"2870-64908","2850-57577","2870-64908_2850-57577","2","CHR","101","CHR-101",0,10,22.05824628,0,-12,0.032258064516129,"CHR_101_2",1,NA,0,4,"no"
"2870-64908","2850-57578","2870-64908_2850-57578","2","CHR","101","CHR-101",0,10,10.91361437,0,-15,0.032258064516129,"CHR_101_2",1,NA,0,4,"no"
"2870-64908","2850-57579","2870-64908_2850-57579","2","CHR","101","CHR-101",0,0,3.124989672,0,-53,0.032258064516129,"CHR_101_2",1,NA,0,4,"no"
"2870-64908","2850-57580","2870-64908_2850-57580","2","CHR","101","CHR-101",0,0,2.800205834,0,-70,0.032258064516129,"CHR_101_2",1,NA,0,4,"no"
"2870-64908","2850-57581","2870-64908_2850-57581","2","CHR","101","CHR-101",0,10,5.627100609,0,-31,0.032258064516129,"CHR_101_2",1,NA,0,4,"no"
"2870-64908","2850-57582","2870-64908_2850-57582","2","CHR","101","CHR-101",0,10,6.111056292,0,-20,0.032258064516129,"CHR_101_2",1,NA,0,4,"no"
"2870-64908","2850-57589","2870-64908_2850-57589","2","CHR","101","CHR-101",0,10,1.493579003,0,-21,0.032258064516129,"CHR_101_2",1,NA,0,4,"no"
"2870-64908","2850-57620","2870-64908_2850-57620","2","CHR","101","CHR-101",0,10,13.39427517,0,-22,0.032258064516129,"CHR_101_2",1,NA,0,4,"no"
"2870-64908","2850-57647","2870-64908_2850-57647","2","CHR","101","CHR-101",0,10,8.790176277,0,-12,0.032258064516129,"CHR_101_2",1,NA,0,4,"no"
"2870-64908","2850-57653","2870-64908_2850-57653","2","CHR","101","CHR-101",0,5,23.54694022,0,-38,0.032258064516129,"CHR_101_2",1,NA,0,4,"no"
"2870-64908","2850-57669","2870-64908_2850-57669","2","CHR","101","CHR-101",0,10,8.907972863,0,-17,0.032258064516129,"CHR_101_2",1,NA,0,4,"no"
"2870-64908","2850-57671","2870-64908_2850-57671","2","CHR","101","CHR-101",0,0,8.397474954,0,-67,0.032258064516129,"CHR_101_2",1,NA,0,4,"no"
"2870-64908","2850-57731","2870-64908_2850-57731","2","CHR","101","CHR-101",0,10,8.3995873559,9,1,0,"CHR_101_2",1,NA,0,4,"no"
"2870-64908","2850-57733","2870-64908_2850-57733","2","CHR","101","CHR-101",1,10,0.08,10,0,0.032258064516129,"CHR_101_2",1,NA,0,4,"no"
"2870-64908","2850-57742","2870-64908_2850-57742","2","CHR","101","CHR-101",0,8,5.420616721,0,-35,0.032258064516129,"CHR_101_2",1,NA,0,4,"no"
"2870-64908","2850-57744","2870-64908_2850-57744","2","CHR","101","CHR-101",0,10,5.025876694,0,-11,0.032258064516129,"CHR_101_2",1,NA,0,4,"no"
"2870-64908","2850-57745","2870-64908_2850-57745","2","CHR","101","CHR-101",0,0,20.37910039,0,-41,0.032258064516129,"CHR_101_2",1,NA,0,4,"no"
"2870-64908","2850-57806","2870-64908_2850-57806","2","CHR","101","CHR-101",0,10,17.24895326,0,-32,0.032258064516129,"CHR_101_2",1,NA,0,4,"no"
"2870-64908","2850-57808","2870-64908_2850-57808","2","CHR","101","CHR-101",0,6,8.273421124,0,-36,0.032258064516129,"CHR_101_2",1,NA,0,4,"no"
"2870-64908","2850-57881","2870-64908_2850-57881","2","CHR","101","CHR-101",0,10,10.47337724,0,-22,0.032258064516129,"CHR_101_2",1,NA,0,4,"no"
"2870-64908","unb-CHR-145","2870-64908_unb-CHR-145","2","CHR","101","CHR-101",0,0,23.80237591,0,-44,0.032258064516129,"CHR_101_2",1,NA,0,4,"no"
"2870-64908","unb-CHR-76and12","2870-64908_unb-CHR-76and12","2","CHR","101","CHR-101",0,4,2.530658038,0,-38,0.032258064516129,"CHR_101_2",1,NA,0,4,"no"
"2870-64908","unb-CHR-77","2870-64908_unb-CHR-77","2","CHR","101","CHR-101",0,4,17.66180877,0,-38,0.032258064516129,"CHR_101_2",1,NA,0,4,"no"
"2870-64908","unb-CHR-7and9","2870-64908_unb-CHR-7and9","2","CHR","101","CHR-101",0,0,2.086600489,0,-48,0.032258064516129,"CHR_101_2",1,NA,0,4,"no"
"2870-64909","2640-97588","2870-64909_2640-97588","1","CHR","148","CHR-148",0,11,21.76215859,0,-29,0.138709677419355,"CHR_148_2",1,NA,0,4,"no"
"2870-64909","2640-97589","2870-64909_2640-97589","1","CHR","148","CHR-148",0,11,10.26536114,0,-26,0.138709677419355,"CHR_148_2",1,NA,0,4,"no"
"2870-64909","2811-83208","2870-64909_2811-83208","1","CHR","148","CHR-148",0,11,7.9486736,0,-11,0.138709677419355,"CHR_148_2",1,NA,0,4,"no"
"2870-64909","2850-57570","2870-64909_2850-57570","1","CHR","148","CHR-148",0,11,18.44421548,0,-30,0.138709677419355,"CHR_148_2",1,NA,0,4,"no"
"2870-64909","2850-57577","2870-64909_2850-57577","1","CHR","148","CHR-148",0,11,22.23282802,10,-1,0.106451612903226,"CHR_148_2",1,NA,0,4,"no"
"2870-64909","2850-57578","2870-64909_2850-57578","1","CHR","148","CHR-148",0,11,11.90113039,6,-4,0.119354838709677,"CHR_148_2",1,NA,0,4,"no"
"2870-64909","2850-57581","2870-64909_2850-57581","1","CHR","148","CHR-148",0,11,8.444183217,0,-20,0.138709677419355,"CHR_148_2",1,NA,0,4,"no"
"2870-64909","2850-57582","2870-64909_2850-57582","1","CHR","148","CHR-148",1,11,0.08,2,-9,0.132258064516129,"CHR_148_2",1,"wp",4,4,"yes"
"2870-64909","2850-57589","2870-64909_2850-57589","1","CHR","148","CHR-148",0,11,3.416815522,0,-10,0.138709677419355,"CHR_148_2",1,NA,0,4,"no"
"2870-64909","2850-57620","2870-64909_2850-57620","1","CHR","148","CHR-148",0,11,14.60087856,0,-11,0.138709677419355,"CHR_148_2",1,NA,0,4,"no"
"2870-64909","2850-57647","2870-64909_2850-57647","1","CHR","148","CHR-148",0,11,10.39671176,10,-1,0.106451612903226,"CHR_148_2",1,NA,0,4,"no"
"2870-64909","2850-57653","2870-64909_2850-57653","1","CHR","148","CHR-148",0,11,24.87527375,0,-27,0.138709677419355,"CHR_148_2",1,NA,0,4,"no"
"2870-64909","2850-57669","2870-64909_2850-57669","1","CHR","148","CHR-148",0,11,10.89631925,5,-6,0.12258064516129,"CHR_148_2",1,NA,0,4,"no"
"2870-64909","2850-57731","2870-64909_2850-57731","1","CHR","148","CHR-148",0,11,12.53760024,0,12,0.138709677419355,"CHR_148_2",1,NA,0,4,"no"
"2870-64909","2850-57733","2870-64909_2850-57733","1","CHR","148","CHR-148",0,11,2.923397422,0,11,0.138709677419355,"CHR_148_2",1,NA,0,4,"no"
"2870-64909","2850-57742","2870-64909_2850-57742","1","CHR","148","CHR-148",0,11,8.152147368,0,-24,0.138709677419355,"CHR_148_2",1,NA,0,4,"no"
"2870-64909","2850-57744","2870-64909_2850-57744","1","CHR","148","CHR-148",0,11,6.510952843,11,0,0.106451612903226,"CHR_148_2",1,NA,0,4,"no"
"2870-64909","2850-57745","2870-64909_2850-57745","1","CHR","148","CHR-148",0,11,21.10205484,0,-30,0.138709677419355,"CHR_148_2",1,NA,0,4,"no"
"2870-64909","2850-57806","2870-64909_2850-57806","1","CHR","148","CHR-148",0,11,18.05448395,0,-21,0.138709677419355,"CHR_148_2",1,NA,0,4,"no"
"2870-64909","2850-57808","2870-64909_2850-57808","1","CHR","148","CHR-148",0,11,8.515313388,0,-25,0.138709677419355,"CHR_148_2",1,NA,0,4,"no"
"2870-64909","2850-57881","2870-64909_2850-57881","1","CHR","148","CHR-148",0,11,9.714686708,0,-11,0.138709677419355,"CHR_148_2",1,NA,0,4,"no"
"2870-64909","unb-CHR-145","2870-64909_unb-CHR-145","1","CHR","148","CHR-148",0,8,23.75238954,0,-33,0.138709677419355,"CHR_148_2",1,NA,0,4,"no"
"2870-64909","unb-CHR-76and12","2870-64909_unb-CHR-76and12","1","CHR","148","CHR-148",0,11,5.210545466,0,-27,0.138709677419355,"CHR_148_2",1,NA,0,4,"no"
"2870-64909","unb-CHR-77","2870-64909_unb-CHR-77","1","CHR","148","CHR-148",0,11,19.22142747,0,-27,0.138709677419355,"CHR_148_2",1,NA,0,4,"no"
"2870-64909","unb-CHR-7and9","2870-64909_unb-CHR-7and9","1","CHR","148","CHR-148",0,5,1.468122478,0,-37,0.138709677419355,"CHR_148_2",1,NA,0,4,"no"
"2870-65003","2640-97588","2870-65003_2640-97588","1","CHR","128","CHR-128",0,10,6.614013398,0,21,0.189964157706093,"CHR_128_1",1,NA,0,4,"no"
"2870-65003","2640-97588","2870-65003_2640-97588","2","CHR","150","CHR-150",0,11,7.907090795,0,-28,0.154838709677419,"CHR_150_2",1,NA,0,1,"no"
"2870-65003","2640-97589","2870-65003_2640-97589","1","CHR","128","CHR-128",0,10,13.36803151,0,24,0.189964157706093,"CHR_128_1",1,NA,0,4,"no"
"2870-65003","2640-97589","2870-65003_2640-97589","2","CHR","150","CHR-150",0,11,13.98501706,0,-25,0.154838709677419,"CHR_150_2",1,NA,0,1,"no"
"2870-65003","2811-83208","2870-65003_2811-83208","1","CHR","128","CHR-128",0,10,29.43897383,0,-10,0.189964157706093,"CHR_128_1",1,NA,0,4,"no"
"2870-65003","2811-83208","2870-65003_2811-83208","2","CHR","150","CHR-150",0,11,29.77877437,0,-10,0.154838709677419,"CHR_150_2",1,NA,0,1,"no"
"2870-65003","2850-57567","2870-65003_2850-57567","1","CHR","128","CHR-128",0,10,8.376653586,0,-12,0.189964157706093,"CHR_128_1",1,NA,0,4,"no"
"2870-65003","2850-57567","2870-65003_2850-57567","2","CHR","150","CHR-150",0,0,9.545469371,0,-61,0.154838709677419,"CHR_150_2",1,NA,0,1,"no"
"2870-65003","2850-57570","2870-65003_2850-57570","1","CHR","128","CHR-128",0,10,8.987406143,10,0,0.157706093189964,"CHR_128_1",1,NA,0,4,"no"
"2870-65003","2850-57570","2870-65003_2850-57570","2","CHR","150","CHR-150",0,11,7.917279286,0,-29,0.154838709677419,"CHR_150_2",1,NA,0,1,"no"
"2870-65003","2850-57577","2870-65003_2850-57577","1","CHR","128","CHR-128",1,10,0.08,10,0,0.189964157706093,"CHR_128_1",1,"wp",4,4,"yes"
"2870-65003","2850-57577","2870-65003_2850-57577","2","CHR","150","CHR-150",1,11,0.08,11,0,0.154838709677419,"CHR_150_2",1,"wp",1,1,"yes"
"2870-65003","2850-57578","2870-65003_2850-57578","1","CHR","128","CHR-128",0,10,10.85140017,7,-4,0.164874551971326,"CHR_128_1",1,NA,0,4,"no"
"2870-65003","2850-57578","2870-65003_2850-57578","2","CHR","150","CHR-150",0,11,11.41512847,7,-3,0.132258064516129,"CHR_150_2",1,NA,0,1,"no"
"2870-65003","2850-57579","2870-65003_2850-57579","1","CHR","128","CHR-128",0,10,18.57789804,2,8,0.182795698924731,"CHR_128_1",1,NA,0,4,"no"
"2870-65003","2850-57579","2870-65003_2850-57579","2","CHR","150","CHR-150",0,1,19.6399152,0,-41,0.154838709677419,"CHR_150_2",1,NA,0,1,"no"
"2870-65003","2850-57580","2870-65003_2850-57580","1","CHR","128","CHR-128",0,10,24.26838259,1,-9,0.186379928315412,"CHR_128_1",1,NA,0,4,"no"
"2870-65003","2850-57580","2870-65003_2850-57580","2","CHR","150","CHR-150",0,0,24.62128642,0,-58,0.154838709677419,"CHR_150_2",1,NA,0,1,"no"
"2870-65003","2850-57581","2870-65003_2850-57581","1","CHR","128","CHR-128",0,10,24.06060461,0,-19,0.189964157706093,"CHR_128_1",1,NA,0,4,"no"
"2870-65003","2850-57581","2870-65003_2850-57581","2","CHR","150","CHR-150",0,11,26.57651967,0,-19,0.154838709677419,"CHR_150_2",1,NA,0,1,"no"
"2870-65003","2850-57582","2870-65003_2850-57582","1","CHR","128","CHR-128",0,10,25.50292221,0,-11,0.189964157706093,"CHR_128_1",1,NA,0,4,"no"
"2870-65003","2850-57582","2870-65003_2850-57582","2","CHR","150","CHR-150",0,11,25.11259272,3,-8,0.145161290322581,"CHR_150_2",1,NA,0,1,"no"
"2870-65003","2850-57589","2870-65003_2850-57589","1","CHR","128","CHR-128",0,10,18.96419155,0,-13,0.189964157706093,"CHR_128_1",1,NA,0,4,"no"
"2870-65003","2850-57589","2870-65003_2850-57589","2","CHR","150","CHR-150",0,11,20.62371574,1,-9,0.151612903225806,"CHR_150_2",1,NA,0,1,"no"
"2870-65003","2850-57620","2870-65003_2850-57620","1","CHR","128","CHR-128",0,10,8.922176166,0,-10,0.189964157706093,"CHR_128_1",1,NA,0,4,"no"
"2870-65003","2850-57620","2870-65003_2850-57620","2","CHR","150","CHR-150",0,11,9.707677172,0,-10,0.154838709677419,"CHR_150_2",1,NA,0,1,"no"
"2870-65003","2850-57647","2870-65003_2850-57647","1","CHR","128","CHR-128",0,10,13.3869908,6,-5,0.168458781362007,"CHR_128_1",1,NA,0,4,"no"
"2870-65003","2850-57647","2870-65003_2850-57647","2","CHR","150","CHR-150",0,11,14.0212532,11,0,0.119354838709677,"CHR_150_2",1,NA,0,1,"no"
"2870-65003","2850-57653","2870-65003_2850-57653","1","CHR","128","CHR-128",0,10,5.150742905,0,-10,0.189964157706093,"CHR_128_1",1,NA,0,4,"no"
"2870-65003","2850-57653","2870-65003_2850-57653","2","CHR","150","CHR-150",0,11,7.973090562,0,-26,0.154838709677419,"CHR_150_2",1,NA,0,1,"no"
"2870-65003","2850-57669","2870-65003_2850-57669","1","CHR","128","CHR-128",0,10,11.6279427,1,-10,0.186379928315412,"CHR_128_1",1,NA,0,4,"no"
"2870-65003","2850-57669","2870-65003_2850-57669","2","CHR","150","CHR-150",0,11,14.66795339,6,-5,0.135483870967742,"CHR_150_2",1,NA,0,1,"no"
"2870-65003","2850-57671","2870-65003_2850-57671","1","CHR","128","CHR-128",0,10,28.42927924,5,-6,0.172043010752688,"CHR_128_1",1,NA,0,4,"no"
"2870-65003","2850-57671","2870-65003_2850-57671","2","CHR","150","CHR-150",0,0,28.57936034,0,-55,0.154838709677419,"CHR_150_2",1,NA,0,1,"no"
"2870-65003","2850-57731","2870-65003_2850-57731","1","CHR","128","CHR-128",0,10,13.66075475,0,21,0.189964157706093,"CHR_128_1",1,NA,0,4,"no"
"2870-65003","2850-57731","2870-65003_2850-57731","2","CHR","150","CHR-150",0,11,10.45609907,0,13,0.154838709677419,"CHR_150_2",1,NA,0,1,"no"
"2870-65003","2850-57733","2870-65003_2850-57733","2","CHR","150","CHR-150",0,11,22.11213637,0,12,0.154838709677419,"CHR_150_2",1,NA,0,1,"no"
"2870-65003","2850-57733","2870-65003_2850-57733","1","CHR","128","CHR-128",0,0,21.73798496,0,15,0.189964157706093,"CHR_128_1",1,NA,0,4,"no"
"2870-65003","2850-57742","2870-65003_2850-57742","1","CHR","128","CHR-128",0,10,15.75477188,0,-20,0.189964157706093,"CHR_128_1",1,NA,0,4,"no"
"2870-65003","2850-57742","2870-65003_2850-57742","2","CHR","150","CHR-150",0,11,18.33185936,0,-23,0.154838709677419,"CHR_150_2",1,NA,0,1,"no"
"2870-65003","2850-57744","2870-65003_2850-57744","1","CHR","128","CHR-128",0,10,26.62753665,9,-2,0.157706093189964,"CHR_128_1",1,NA,0,4,"no"
"2870-65003","2850-57744","2870-65003_2850-57744","2","CHR","150","CHR-150",0,11,27.06540954,10,1,0.12258064516129,"CHR_150_2",1,NA,0,1,"no"
"2870-65003","2850-57745","2870-65003_2850-57745","1","CHR","128","CHR-128",0,10,1.750754902,0,-15,0.189964157706093,"CHR_128_1",1,NA,0,4,"no"
"2870-65003","2850-57745","2870-65003_2850-57745","2","CHR","150","CHR-150",0,11,3.621011196,0,-29,0.154838709677419,"CHR_150_2",1,NA,0,1,"no"
"2870-65003","2850-57806","2870-65003_2850-57806","1","CHR","128","CHR-128",0,10,6.207264631,0,-23,0.189964157706093,"CHR_128_1",1,NA,0,4,"no"
"2870-65003","2850-57806","2870-65003_2850-57806","2","CHR","150","CHR-150",0,11,5.738242995,0,-20,0.154838709677419,"CHR_150_2",1,NA,0,1,"no"
"2870-65003","2850-57808","2870-65003_2850-57808","1","CHR","128","CHR-128",0,10,12.51519135,0,-23,0.189964157706093,"CHR_128_1",1,NA,0,4,"no"
"2870-65003","2850-57808","2870-65003_2850-57808","2","CHR","150","CHR-150",0,11,13.87186793,0,-24,0.154838709677419,"CHR_150_2",1,NA,0,1,"no"
"2870-65003","2850-57881","2870-65003_2850-57881","1","CHR","128","CHR-128",0,10,11.9443778,0,-18,0.189964157706093,"CHR_128_1",1,NA,0,4,"no"
"2870-65003","2850-57881","2870-65003_2850-57881","2","CHR","150","CHR-150",0,11,12.75965136,0,-10,0.154838709677419,"CHR_150_2",1,NA,0,1,"no"
"2870-65003","unb-CHR-145","2870-65003_unb-CHR-145","2","CHR","150","CHR-150",0,9,2.187295106,0,-32,0.154838709677419,"CHR_150_2",1,NA,0,1,"no"
"2870-65003","unb-CHR-145","2870-65003_unb-CHR-145","1","CHR","128","CHR-128",0,0,3.362892348,0,17,0.189964157706093,"CHR_128_1",1,NA,0,4,"no"
"2870-65003","unb-CHR-76and12","2870-65003_unb-CHR-76and12","1","CHR","128","CHR-128",0,10,22.04238302,8,-3,0.161290322580645,"CHR_128_1",1,NA,0,4,"no"
"2870-65003","unb-CHR-76and12","2870-65003_unb-CHR-76and12","2","CHR","150","CHR-150",0,11,24.37368881,0,-26,0.154838709677419,"CHR_150_2",1,NA,0,1,"no"
"2870-65003","unb-CHR-77","2870-65003_unb-CHR-77","1","CHR","128","CHR-128",0,10,7.740734887,0,23,0.189964157706093,"CHR_128_1",1,NA,0,4,"no"
"2870-65003","unb-CHR-77","2870-65003_unb-CHR-77","2","CHR","150","CHR-150",0,11,8.943617375,0,-26,0.154838709677419,"CHR_150_2",1,NA,0,1,"no"
"2870-65003","unb-CHR-7and9","2870-65003_unb-CHR-7and9","1","CHR","128","CHR-128",0,10,23.18191378,5,-6,0.172043010752688,"CHR_128_1",1,NA,0,4,"no"
"2870-65003","unb-CHR-7and9","2870-65003_unb-CHR-7and9","2","CHR","150","CHR-150",0,6,22.02431314,0,-36,0.154838709677419,"CHR_150_2",1,NA,0,1,"no"
"2850-57551","2850-57674","2850-57551_2850-57674","1","Struthers","10","Struthers-10",0,0,5.669336022,0,81,NA,"Struthers_10_1",1,NA,0,5,"no"
"2850-57551","2850-57674","2850-57551_2850-57674","2","Struthers","20","Struthers-20",0,0,5.664082546,0,35,NA,"Struthers_20_2",1,NA,0,5,"no"
"2850-57575","2850-57675","2850-57575_2850-57675","1","Cooks","4","Cooks-4",0,0,3.497611712,0,32,NA,"Cooks_4_1",1,NA,0,4,"no"
"2850-57575","2850-57676","2850-57575_2850-57676","1","Cooks","4","Cooks-4",0,0,1.247039631,0,16,NA,"Cooks_4_1",1,NA,0,4,"no"
"2850-57575","2870-64915","2850-57575_2870-64915","1","Cooks","4","Cooks-4",0,0,5.282841372,0,34,NA,"Cooks_4_1",1,NA,0,4,"no"
"2850-57608","2850-57868","2850-57608_2850-57868","1","Urban Farm Girlz","2","Urban Farm Girlz-2",0,0,7.420861852,0,22,NA,"Urban Farm Girlz_2_1",1,NA,0,3,"no"
"2850-57609","2850-57573","2850-57609_2850-57573","1","Cooks","6","Cooks-6",0,0,8.647836301,0,14,NA,"Cooks_6_1",1,NA,0,5,"no"
"2850-57609","2850-57574","2850-57609_2850-57574","1","Cooks","6","Cooks-6",0,0,5.740060563,0,18,NA,"Cooks_6_1",1,NA,0,5,"no"
"2850-57609","2850-57673","2850-57609_2850-57673","1","Cooks","6","Cooks-6",0,0,5.936969751,0,17,NA,"Cooks_6_1",1,NA,0,5,"no"
"2850-57609","2850-57675","2850-57609_2850-57675","1","Cooks","6","Cooks-6",0,0,2.312359393,0,50,NA,"Cooks_6_1",1,NA,0,5,"no"
"2850-57609","2850-57676","2850-57609_2850-57676","1","Cooks","6","Cooks-6",0,0,4.584727007,0,34,NA,"Cooks_6_1",1,NA,0,5,"no"
"2850-57609","2870-64915","2850-57609_2870-64915","1","Cooks","6","Cooks-6",0,0,3.442359085,0,52,NA,"Cooks_6_1",1,NA,0,5,"no"
"2850-57650","2850-57671","2850-57650_2850-57671","1","CHR","25","CHR-25",0,0,16.66597055,0,12,0.287390029325513,"CHR_25_1",1,NA,0,4,"no"
"2850-57650","2850-57671","2850-57650_2850-57671","2","CHR","95","CHR-95",0,0,15.88814409,0,-45,0.172043010752688,"CHR_95_2",1,NA,0,3,"no"
"2850-57654","2850-57733","2850-57654_2850-57733","1","CHR","80","CHR-80",0,0,2.551559921,0,24,0.372759856630824,"CHR_80_1",1,"ep_same",1,4,"yes"
"2850-57654","unb-CHR-145","2850-57654_unb-CHR-145","1","CHR","80","CHR-80",0,0,26.29770307,0,26,0.372759856630824,"CHR_80_1",1,NA,0,4,"no"
"2850-57664","2850-57675","2850-57664_2850-57675","1","Cooks","27","Cooks-27",0,0,2.450699861,0,16,NA,"Cooks_27_1",1,NA,0,3,"no"
"2850-57664","2870-64915","2850-57664_2870-64915","1","Cooks","27","Cooks-27",0,0,4.695109482,0,18,NA,"Cooks_27_1",1,NA,0,3,"no"
"2850-57670","2850-57733","2850-57670_2850-57733","1","CHR","73","CHR-73",0,0,7.926572026,0,21,0.332258064516129,"CHR_73_1",1,NA,0,5,"no"
"2850-57670","unb-CHR-145","2850-57670_unb-CHR-145","1","CHR","73","CHR-73",0,0,30.00699229,0,23,0.332258064516129,"CHR_73_1",1,NA,0,5,"no"
"2850-57700","2850-57557","2850-57700_2850-57557","1","Cooks","33","Cooks-33",0,0,3.442359085,0,-52,NA,"Cooks_33_1",1,NA,0,4,"no"
"2850-57736","2850-57570","2850-57736_2850-57570","1","CHR","43","CHR-43",0,0,2.83997057,0,12,0.345161290322581,"CHR_43_1",1,NA,0,5,"no"
"2850-57736","2850-57577","2850-57736_2850-57577","1","CHR","43","CHR-43",0,0,8.376653586,0,12,0.345161290322581,"CHR_43_1",1,NA,0,5,"no"
"2850-57736","2850-57733","2850-57736_2850-57733","1","CHR","43","CHR-43",0,0,17.22238643,0,27,0.345161290322581,"CHR_43_1",1,NA,0,5,"no"
"2850-57736","unb-CHR-145","2850-57736_unb-CHR-145","1","CHR","43","CHR-43",0,0,11.71799648,0,29,0.345161290322581,"CHR_43_1",1,NA,0,5,"no"
"2850-57749","2850-57557","2850-57749_2850-57557","1","Cooks","13","Cooks-13",0,0,2.312359393,0,-50,NA,"Cooks_13_1",1,NA,0,4,"no"
"2870-64909","2850-57567","2870-64909_2850-57567","1","CHR","148","CHR-148",0,0,18.55353287,0,-62,0.138709677419355,"CHR_148_2",1,NA,0,4,"no"
"2870-64909","2850-57579","2870-64909_2850-57579","1","CHR","148","CHR-148",0,0,2.929437939,0,-42,0.138709677419355,"CHR_148_2",1,NA,0,4,"no"
"2870-64909","2850-57580","2870-64909_2850-57580","1","CHR","148","CHR-148",0,0,3.544185385,0,-59,0.138709677419355,"CHR_148_2",1,NA,0,4,"no"
"2870-64909","2850-57671","2870-64909_2850-57671","1","CHR","148","CHR-148",0,0,6.474092626,0,-56,0.138709677419355,"CHR_148_2",1,NA,0,4,"no"
