"Band_dad","Band_mom","building_dad","building_mom","dist","pat.clutch.size","fert","prop.fert","year"
"2850-57563","2811-38691","Schaaps","Cathys est",6915.132474,3,0,0,2021
"2850-57606","2811-38691","Schaaps","Cathys est",6915.132474,3,0,0,2021
"2850-57562","2811-38691","Schaaps","Cathys est",6915.132474,3,0,0,2021
"2850-57546","2811-38691","Schaaps","Cathys est",6915.132474,3,0,0,2021
"2850-57554","2811-38691","Schaaps","Cathys est",6915.132474,3,0,0,2021
"2811-06912","2811-38691","Schaaps","Cathys est",6915.132474,3,0,0,2021
"2850-57538","2811-38691","Schaaps","Cathys est",6915.132474,3,0,0,2021
"2850-57505","2811-38691","Cooks","Cathys est",11307.353,3,0,0,2021
"2850-57549","2811-38691","Mary Anns est","Cathys est",185.3781345,3,0,0,2021
"2850-57565","2811-38691","Blue Cloud Middle Shed","Cathys est",4705.235243,3,0,0,2021
"2850-57602","2811-38691","Cooks","Cathys est",11307.353,3,0,0,2021
"2850-57625","2811-38691","Alishas est","Cathys est",11373.09327,3,0,0,2021
"2850-57630","2811-38691","Alishas est","Cathys est",11373.09327,3,0,0,2021
"2850-57615","2811-38691","Urban Farm Girlz Sheep Shed","Cathys est",2733.095014,3,0,0,2021
"2850-57628","2811-38691","Alishas est","Cathys est",11373.09327,3,0,0,2021
"2850-57619","2811-38691","Reinarz shed est","Cathys est",11353.27955,3,0,0,2021
"2850-57624","2811-38691","Urban Farm Girlz Red Barn","Cathys est",2738.939865,3,0,0,2021
"2850-57836","2811-38691","Make Believe","Cathys est",3337.471654,3,0,0,2021
"2850-57915","2811-38691","Alishas est","Cathys est",11373.09327,3,0,0,2021
"2850-57631","2811-38691","Alishas est","Cathys est",11373.09327,3,0,0,2021
"2850-57901","2811-38691","Blue Cloud main","Cathys est",4754.681144,3,0,0,2021
"2850-57916","2811-38691","Alishas est","Cathys est",11373.09327,3,0,0,2021
"2510-63488","2811-38691","Make Believe","Cathys est",3337.471654,3,0,0,2021
"2811-82916","2811-38691","Make Believe Shed","Cathys est",3351.501,3,0,0,2021
"2850-57912","2811-38691","Cooks","Cathys est",11307.353,3,0,0,2021
"2850-57917","2811-38691","Alishas est","Cathys est",11373.09327,3,0,0,2021
"2640-97548","2811-38691","Blue Cloud main","Cathys est",4754.681144,3,0,0,2021
"2850-57614","2811-38691","Blue Cloud main","Cathys est",4754.681144,3,0,0,2021
"2850-57557","2811-38691","Cooks","Cathys est",11307.353,3,0,0,2021
"2850-57633","2811-38691","Cooks","Cathys est",11307.353,3,0,0,2021
"2850-57607","2811-38691","Schaaps","Cathys est",6915.132474,3,0,0,2021
"2850-57518","2811-38691","Make Believe","Cathys est",3337.471654,3,0,0,2021
"2850-57620","2811-38691","Jims Green Barn est","Cathys est",6168.015566,3,0,0,2021
"2850-57636","2811-38691","Blue Cloud main","Cathys est",4754.681144,3,0,0,2021
"2350-21085","2811-38691","Make Believe","Cathys est",3337.471654,3,0,0,2021
"2850-57701","2811-38691","Schaaps","Cathys est",6915.132474,3,0,0,2021
"2850-57552","2811-38691","Struthers main","Cathys est",3488.116073,3,0,0,2021
"2850-57565","2850-57559","Blue Cloud Middle Shed","Schaaps",6335.802989,5,0,0,2021
"2850-57505","2850-57559","Cooks","Schaaps",14316.31219,5,0,0,2021
"2850-57549","2850-57559","Mary Anns est","Schaaps",7017.188766,5,0,0,2021
"2850-57599","2850-57559","Cathys est","Schaaps",6915.132474,5,0,0,2021
"2850-57602","2850-57559","Cooks","Schaaps",14316.31219,5,0,0,2021
"2850-57625","2850-57559","Alishas est","Schaaps",15085.54575,5,0,0,2021
"2850-57615","2850-57559","Urban Farm Girlz Sheep Shed","Schaaps",4582.444628,5,0,0,2021
"2850-57619","2850-57559","Reinarz shed est","Schaaps",14915.48545,5,0,0,2021
"2850-57624","2850-57559","Urban Farm Girlz Red Barn","Schaaps",4602.822467,5,0,0,2021
"2850-57628","2850-57559","Alishas est","Schaaps",15085.54575,5,0,0,2021
"2850-57630","2850-57559","Alishas est","Schaaps",15085.54575,5,0,0,2021
"2850-57631","2850-57559","Alishas est","Schaaps",15085.54575,5,0,0,2021
"2850-57836","2850-57559","Make Believe","Schaaps",8944.936855,5,0,0,2021
"2850-57901","2850-57559","Blue Cloud main","Schaaps",6302.735018,5,0,0,2021
"2850-57912","2850-57559","Cooks","Schaaps",14316.31219,5,0,0,2021
"2850-57915","2850-57559","Alishas est","Schaaps",15085.54575,5,0,0,2021
"2850-57916","2850-57559","Alishas est","Schaaps",15085.54575,5,0,0,2021
"2811-82916","2850-57559","Make Believe Shed","Schaaps",8980.360381,5,0,0,2021
"2850-57917","2850-57559","Alishas est","Schaaps",15085.54575,5,0,0,2021
"2510-63488","2850-57559","Make Believe","Schaaps",8944.936855,5,0,0,2021
"2640-97548","2850-57559","Blue Cloud main","Schaaps",6302.735018,5,0,0,2021
"2850-57518","2850-57559","Make Believe","Schaaps",8944.936855,5,0,0,2021
"2850-57614","2850-57559","Blue Cloud main","Schaaps",6302.735018,5,0,0,2021
"2850-57633","2850-57559","Cooks","Schaaps",14316.31219,5,0,0,2021
"2850-57620","2850-57559","Jims Green Barn est","Schaaps",8515.620903,5,0,0,2021
"2350-21085","2850-57559","Make Believe","Schaaps",8944.936855,5,0,0,2021
"2850-57557","2850-57559","Cooks","Schaaps",14316.31219,5,0,0,2021
"2850-57552","2850-57559","Struthers main","Schaaps",5896.626973,5,0,0,2021
"2850-57636","2850-57559","Blue Cloud main","Schaaps",6302.735018,5,0,0,2021
"2850-57505","2850-57561","Cooks","Schaaps",14316.31219,8,0,0,2021
"2850-57549","2850-57561","Mary Anns est","Schaaps",7017.188766,8,0,0,2021
"2850-57565","2850-57561","Blue Cloud Middle Shed","Schaaps",6335.802989,8,0,0,2021
"2850-57599","2850-57561","Cathys est","Schaaps",6915.132474,8,0,0,2021
"2850-57602","2850-57561","Cooks","Schaaps",14316.31219,8,0,0,2021
"2850-57615","2850-57561","Urban Farm Girlz Sheep Shed","Schaaps",4582.444628,8,0,0,2021
"2850-57624","2850-57561","Urban Farm Girlz Red Barn","Schaaps",4602.822467,8,0,0,2021
"2850-57619","2850-57561","Reinarz shed est","Schaaps",14915.48545,8,0,0,2021
"2850-57625","2850-57561","Alishas est","Schaaps",15085.54575,8,0,0,2021
"2850-57836","2850-57561","Make Believe","Schaaps",8944.936855,8,0,0,2021
"2850-57628","2850-57561","Alishas est","Schaaps",15085.54575,8,0,0,2021
"2850-57630","2850-57561","Alishas est","Schaaps",15085.54575,8,0,0,2021
"2850-57901","2850-57561","Blue Cloud main","Schaaps",6302.735018,8,0,0,2021
"2850-57912","2850-57561","Cooks","Schaaps",14316.31219,8,0,0,2021
"2850-57631","2850-57561","Alishas est","Schaaps",15085.54575,8,0,0,2021
"2850-57915","2850-57561","Alishas est","Schaaps",15085.54575,8,0,0,2021
"2510-63488","2850-57561","Make Believe","Schaaps",8944.936855,8,0,0,2021
"2850-57916","2850-57561","Alishas est","Schaaps",15085.54575,8,0,0,2021
"2811-82916","2850-57561","Make Believe Shed","Schaaps",8980.360381,8,0,0,2021
"2850-57917","2850-57561","Alishas est","Schaaps",15085.54575,8,0,0,2021
"2850-57620","2850-57561","Jims Green Barn est","Schaaps",8515.620903,8,0,0,2021
"2640-97548","2850-57561","Blue Cloud main","Schaaps",6302.735018,8,0,0,2021
"2850-57518","2850-57561","Make Believe","Schaaps",8944.936855,8,0,0,2021
"2850-57557","2850-57561","Cooks","Schaaps",14316.31219,8,0,0,2021
"2850-57614","2850-57561","Blue Cloud main","Schaaps",6302.735018,8,0,0,2021
"2350-21085","2850-57561","Make Believe","Schaaps",8944.936855,8,0,0,2021
"2850-57636","2850-57561","Blue Cloud main","Schaaps",6302.735018,8,0,0,2021
"2850-57633","2850-57561","Cooks","Schaaps",14316.31219,8,0,0,2021
"2850-57552","2850-57561","Struthers main","Schaaps",5896.626973,8,0,0,2021
"2850-57505","2850-57604","Cooks","Schaaps",14316.31219,7,0,0,2021
"2850-57549","2850-57604","Mary Anns est","Schaaps",7017.188766,7,0,0,2021
"2850-57602","2850-57604","Cooks","Schaaps",14316.31219,7,0,0,2021
"2850-57565","2850-57604","Blue Cloud Middle Shed","Schaaps",6335.802989,7,0,0,2021
"2850-57599","2850-57604","Cathys est","Schaaps",6915.132474,7,0,0,2021
"2850-57615","2850-57604","Urban Farm Girlz Sheep Shed","Schaaps",4582.444628,7,0,0,2021
"2850-57624","2850-57604","Urban Farm Girlz Red Barn","Schaaps",4602.822467,7,0,0,2021
"2850-57619","2850-57604","Reinarz shed est","Schaaps",14915.48545,7,0,0,2021
"2850-57628","2850-57604","Alishas est","Schaaps",15085.54575,7,0,0,2021
"2850-57912","2850-57604","Cooks","Schaaps",14316.31219,7,0,0,2021
"2850-57836","2850-57604","Make Believe","Schaaps",8944.936855,7,0,0,2021
"2850-57631","2850-57604","Alishas est","Schaaps",15085.54575,7,0,0,2021
"2850-57625","2850-57604","Alishas est","Schaaps",15085.54575,7,0,0,2021
"2850-57630","2850-57604","Alishas est","Schaaps",15085.54575,7,0,0,2021
"2850-57917","2850-57604","Alishas est","Schaaps",15085.54575,7,0,0,2021
"2850-57915","2850-57604","Alishas est","Schaaps",15085.54575,7,0,0,2021
"2510-63488","2850-57604","Make Believe","Schaaps",8944.936855,7,0,0,2021
"2850-57916","2850-57604","Alishas est","Schaaps",15085.54575,7,0,0,2021
"2850-57901","2850-57604","Blue Cloud main","Schaaps",6302.735018,7,0,0,2021
"2811-82916","2850-57604","Make Believe Shed","Schaaps",8980.360381,7,0,0,2021
"2850-57614","2850-57604","Blue Cloud main","Schaaps",6302.735018,7,0,0,2021
"2850-57557","2850-57604","Cooks","Schaaps",14316.31219,7,0,0,2021
"2850-57518","2850-57604","Make Believe","Schaaps",8944.936855,7,0,0,2021
"2640-97548","2850-57604","Blue Cloud main","Schaaps",6302.735018,7,0,0,2021
"2350-21085","2850-57604","Make Believe","Schaaps",8944.936855,7,0,0,2021
"2850-57633","2850-57604","Cooks","Schaaps",14316.31219,7,0,0,2021
"2850-57620","2850-57604","Jims Green Barn est","Schaaps",8515.620903,7,0,0,2021
"2850-57636","2850-57604","Blue Cloud main","Schaaps",6302.735018,7,0,0,2021
"2850-57552","2850-57604","Struthers main","Schaaps",5896.626973,7,0,0,2021
"2850-57505","2850-57611","Cooks","Schaaps",14316.31219,8,0,0,2021
"2850-57549","2850-57611","Mary Anns est","Schaaps",7017.188766,8,0,0,2021
"2850-57599","2850-57611","Cathys est","Schaaps",6915.132474,8,0,0,2021
"2850-57565","2850-57611","Blue Cloud Middle Shed","Schaaps",6335.802989,8,0,0,2021
"2850-57615","2850-57611","Urban Farm Girlz Sheep Shed","Schaaps",4582.444628,8,0,0,2021
"2850-57602","2850-57611","Cooks","Schaaps",14316.31219,8,0,0,2021
"2850-57619","2850-57611","Reinarz shed est","Schaaps",14915.48545,8,0,0,2021
"2850-57628","2850-57611","Alishas est","Schaaps",15085.54575,8,0,0,2021
"2850-57624","2850-57611","Urban Farm Girlz Red Barn","Schaaps",4602.822467,8,0,0,2021
"2850-57625","2850-57611","Alishas est","Schaaps",15085.54575,8,0,0,2021
"2850-57836","2850-57611","Make Believe","Schaaps",8944.936855,8,0,0,2021
"2850-57630","2850-57611","Alishas est","Schaaps",15085.54575,8,0,0,2021
"2850-57901","2850-57611","Blue Cloud main","Schaaps",6302.735018,8,0,0,2021
"2850-57912","2850-57611","Cooks","Schaaps",14316.31219,8,0,0,2021
"2510-63488","2850-57611","Make Believe","Schaaps",8944.936855,8,0,0,2021
"2850-57631","2850-57611","Alishas est","Schaaps",15085.54575,8,0,0,2021
"2850-57916","2850-57611","Alishas est","Schaaps",15085.54575,8,0,0,2021
"2850-57917","2850-57611","Alishas est","Schaaps",15085.54575,8,0,0,2021
"2850-57915","2850-57611","Alishas est","Schaaps",15085.54575,8,0,0,2021
"2811-82916","2850-57611","Make Believe Shed","Schaaps",8980.360381,8,0,0,2021
"2850-57614","2850-57611","Blue Cloud main","Schaaps",6302.735018,8,0,0,2021
"2640-97548","2850-57611","Blue Cloud main","Schaaps",6302.735018,8,0,0,2021
"2850-57557","2850-57611","Cooks","Schaaps",14316.31219,8,0,0,2021
"2850-57633","2850-57611","Cooks","Schaaps",14316.31219,8,0,0,2021
"2850-57620","2850-57611","Jims Green Barn est","Schaaps",8515.620903,8,0,0,2021
"2350-21085","2850-57611","Make Believe","Schaaps",8944.936855,8,0,0,2021
"2850-57518","2850-57611","Make Believe","Schaaps",8944.936855,8,0,0,2021
"2850-57636","2850-57611","Blue Cloud main","Schaaps",6302.735018,8,0,0,2021
"2850-57552","2850-57611","Struthers main","Schaaps",5896.626973,8,0,0,2021
"2811-06912","2850-57617","Schaaps","Urban Farm Girlz Red Barn",4602.822467,3,0,0,2021
"2850-57505","2850-57617","Cooks","Urban Farm Girlz Red Barn",13146.32277,3,0,0,2021
"2850-57549","2850-57617","Mary Anns est","Urban Farm Girlz Red Barn",2908.435718,3,0,0,2021
"2850-57538","2850-57617","Schaaps","Urban Farm Girlz Red Barn",4602.822467,3,0,0,2021
"2850-57602","2850-57617","Cooks","Urban Farm Girlz Red Barn",13146.32277,3,0,0,2021
"2850-57599","2850-57617","Cathys est","Urban Farm Girlz Red Barn",2738.939865,3,0,0,2021
"2850-57625","2850-57617","Alishas est","Urban Farm Girlz Red Barn",13456.40118,3,0,0,2021
"2850-57565","2850-57617","Blue Cloud Middle Shed","Urban Farm Girlz Red Barn",5405.816766,3,0,0,2021
"2850-57628","2850-57617","Alishas est","Urban Farm Girlz Red Barn",13456.40118,3,0,0,2021
"2850-57615","2850-57617","Urban Farm Girlz Sheep Shed","Urban Farm Girlz Red Barn",31.72741803,3,0,0,2021
"2850-57619","2850-57617","Reinarz shed est","Urban Farm Girlz Red Barn",13385.41544,3,0,0,2021
"2850-57631","2850-57617","Alishas est","Urban Farm Girlz Red Barn",13456.40118,3,0,0,2021
"2850-57630","2850-57617","Alishas est","Urban Farm Girlz Red Barn",13456.40118,3,0,0,2021
"2850-57836","2850-57617","Make Believe","Urban Farm Girlz Red Barn",5781.976718,3,0,0,2021
"2850-57915","2850-57617","Alishas est","Urban Farm Girlz Red Barn",13456.40118,3,0,0,2021
"2510-63488","2850-57617","Make Believe","Urban Farm Girlz Red Barn",5781.976718,3,0,0,2021
"2850-57901","2850-57617","Blue Cloud main","Urban Farm Girlz Red Barn",5425.344701,3,0,0,2021
"2850-57912","2850-57617","Cooks","Urban Farm Girlz Red Barn",13146.32277,3,0,0,2021
"2811-82916","2850-57617","Make Believe Shed","Urban Farm Girlz Red Barn",5805.918087,3,0,0,2021
"2850-57916","2850-57617","Alishas est","Urban Farm Girlz Red Barn",13456.40118,3,0,0,2021
"2850-57917","2850-57617","Alishas est","Urban Farm Girlz Red Barn",13456.40118,3,0,0,2021
"2640-97548","2850-57617","Blue Cloud main","Urban Farm Girlz Red Barn",5425.344701,3,0,0,2021
"2850-57557","2850-57617","Cooks","Urban Farm Girlz Red Barn",13146.32277,3,0,0,2021
"2850-57614","2850-57617","Blue Cloud main","Urban Farm Girlz Red Barn",5425.344701,3,0,0,2021
"2850-57633","2850-57617","Cooks","Urban Farm Girlz Red Barn",13146.32277,3,0,0,2021
"2850-57620","2850-57617","Jims Green Barn est","Urban Farm Girlz Red Barn",7462.259695,3,0,0,2021
"2850-57518","2850-57617","Make Believe","Urban Farm Girlz Red Barn",5781.976718,3,0,0,2021
"2850-57701","2850-57617","Schaaps","Urban Farm Girlz Red Barn",4602.822467,3,0,0,2021
"2850-57636","2850-57617","Blue Cloud main","Urban Farm Girlz Red Barn",5425.344701,3,0,0,2021
"2850-57552","2850-57617","Struthers main","Urban Farm Girlz Red Barn",4239.054456,3,0,0,2021
"2850-57607","2850-57617","Schaaps","Urban Farm Girlz Red Barn",4602.822467,3,0,0,2021
"2350-21085","2850-57617","Make Believe","Urban Farm Girlz Red Barn",5781.976718,3,0,0,2021
"2811-06912","2850-57635","Schaaps","Make Believe",8944.936855,4,0,0,2021
"2850-57538","2850-57635","Schaaps","Make Believe",8944.936855,4,0,0,2021
"2850-57505","2850-57635","Cooks","Make Believe",8134.783478,4,0,0,2021
"2850-57549","2850-57635","Mary Anns est","Make Believe",3139.663173,4,0,0,2021
"2850-57599","2850-57635","Cathys est","Make Believe",3337.471654,4,0,0,2021
"2850-57602","2850-57635","Cooks","Make Believe",8134.783478,4,0,0,2021
"2850-57565","2850-57635","Blue Cloud Middle Shed","Make Believe",3861.779098,4,0,0,2021
"2850-57615","2850-57635","Urban Farm Girlz Sheep Shed","Make Believe",5761.465774,4,0,0,2021
"2850-57619","2850-57635","Reinarz shed est","Make Believe",8068.720913,4,0,0,2021
"2850-57630","2850-57635","Alishas est","Make Believe",8065.260889,4,0,0,2021
"2850-57624","2850-57635","Urban Farm Girlz Red Barn","Make Believe",5781.976718,4,0,0,2021
"2850-57625","2850-57635","Alishas est","Make Believe",8065.260889,4,0,0,2021
"2850-57628","2850-57635","Alishas est","Make Believe",8065.260889,4,0,0,2021
"2850-57631","2850-57635","Alishas est","Make Believe",8065.260889,4,0,0,2021
"2850-57912","2850-57635","Cooks","Make Believe",8134.783478,4,0,0,2021
"2850-57916","2850-57635","Alishas est","Make Believe",8065.260889,4,0,0,2021
"2850-57915","2850-57635","Alishas est","Make Believe",8065.260889,4,0,0,2021
"2850-57917","2850-57635","Alishas est","Make Believe",8065.260889,4,0,0,2021
"2850-57901","2850-57635","Blue Cloud main","Make Believe",3928.765414,4,0,0,2021
"2811-82916","2850-57635","Make Believe Shed","Make Believe",16.34208163,4,0,0,2021
"2850-57614","2850-57635","Blue Cloud main","Make Believe",3928.765414,4,0,0,2021
"2850-57607","2850-57635","Schaaps","Make Believe",8944.936855,4,0,0,2021
"2850-57620","2850-57635","Jims Green Barn est","Make Believe",3967.210281,4,0,0,2021
"2850-57557","2850-57635","Cooks","Make Believe",8134.783478,4,0,0,2021
"2640-97548","2850-57635","Blue Cloud main","Make Believe",3928.765414,4,0,0,2021
"2850-57701","2850-57635","Schaaps","Make Believe",8944.936855,4,0,0,2021
"2850-57633","2850-57635","Cooks","Make Believe",8134.783478,4,0,0,2021
"2850-57636","2850-57635","Blue Cloud main","Make Believe",3928.765414,4,0,0,2021
"2850-57552","2850-57635","Struthers main","Make Believe",3336.249381,4,0,0,2021
"2811-06912","2850-57854","Schaaps","Cooks",14316.31219,7,0,0,2021
"2850-57538","2850-57854","Schaaps","Cooks",14316.31219,7,0,0,2021
"2850-57565","2850-57854","Blue Cloud Middle Shed","Cooks",8131.940467,7,0,0,2021
"2850-57549","2850-57854","Mary Anns est","Cooks",11115.95446,7,0,0,2021
"2850-57599","2850-57854","Cathys est","Cooks",11307.353,7,0,0,2021
"2850-57619","2850-57854","Reinarz shed est","Cooks",1200.685865,7,0,0,2021
"2850-57615","2850-57854","Urban Farm Girlz Sheep Shed","Cooks",13112.56561,7,0,0,2021
"2850-57630","2850-57854","Alishas est","Cooks",1546.300542,7,0,0,2021
"2850-57624","2850-57854","Urban Farm Girlz Red Barn","Cooks",13146.32277,7,0,0,2021
"2850-57625","2850-57854","Alishas est","Cooks",1546.300542,7,0,0,2021
"2850-57836","2850-57854","Make Believe","Cooks",8134.783478,7,0,0,2021
"2850-57628","2850-57854","Alishas est","Cooks",1546.300542,7,0,0,2021
"2850-57631","2850-57854","Alishas est","Cooks",1546.300542,7,0,0,2021
"2811-82916","2850-57854","Make Believe Shed","Cooks",8148.946634,7,0,0,2021
"2850-57901","2850-57854","Blue Cloud main","Cooks",8135.083191,7,0,0,2021
"2850-57915","2850-57854","Alishas est","Cooks",1546.300542,7,0,0,2021
"2850-57917","2850-57854","Alishas est","Cooks",1546.300542,7,0,0,2021
"2510-63488","2850-57854","Make Believe","Cooks",8134.783478,7,0,0,2021
"2850-57916","2850-57854","Alishas est","Cooks",1546.300542,7,0,0,2021
"2640-97548","2850-57854","Blue Cloud main","Cooks",8135.083191,7,0,0,2021
"2850-57614","2850-57854","Blue Cloud main","Cooks",8135.083191,7,0,0,2021
"2850-57607","2850-57854","Schaaps","Cooks",14316.31219,7,0,0,2021
"2850-57620","2850-57854","Jims Green Barn est","Cooks",5868.726624,7,0,0,2021
"2850-57636","2850-57854","Blue Cloud main","Cooks",8135.083191,7,0,0,2021
"2350-21085","2850-57854","Make Believe","Cooks",8134.783478,7,0,0,2021
"2850-57701","2850-57854","Schaaps","Cooks",14316.31219,7,0,0,2021
"2850-57518","2850-57854","Make Believe","Cooks",8134.783478,7,0,0,2021
"2850-57552","2850-57854","Struthers main","Cooks",9026.103113,7,0,0,2021
"2850-57549","2850-57904","Mary Anns est","Schaaps",7017.188766,9,0,0,2021
"2850-57505","2850-57904","Cooks","Schaaps",14316.31219,9,0,0,2021
"2850-57565","2850-57904","Blue Cloud Middle Shed","Schaaps",6335.802989,9,0,0,2021
"2850-57602","2850-57904","Cooks","Schaaps",14316.31219,9,0,0,2021
"2850-57599","2850-57904","Cathys est","Schaaps",6915.132474,9,0,0,2021
"2850-57615","2850-57904","Urban Farm Girlz Sheep Shed","Schaaps",4582.444628,9,0,0,2021
"2850-57619","2850-57904","Reinarz shed est","Schaaps",14915.48545,9,0,0,2021
"2850-57630","2850-57904","Alishas est","Schaaps",15085.54575,9,0,0,2021
"2850-57628","2850-57904","Alishas est","Schaaps",15085.54575,9,0,0,2021
"2850-57624","2850-57904","Urban Farm Girlz Red Barn","Schaaps",4602.822467,9,0,0,2021
"2850-57625","2850-57904","Alishas est","Schaaps",15085.54575,9,0,0,2021
"2850-57836","2850-57904","Make Believe","Schaaps",8944.936855,9,0,0,2021
"2850-57631","2850-57904","Alishas est","Schaaps",15085.54575,9,0,0,2021
"2850-57901","2850-57904","Blue Cloud main","Schaaps",6302.735018,9,0,0,2021
"2850-57915","2850-57904","Alishas est","Schaaps",15085.54575,9,0,0,2021
"2850-57917","2850-57904","Alishas est","Schaaps",15085.54575,9,0,0,2021
"2850-57916","2850-57904","Alishas est","Schaaps",15085.54575,9,0,0,2021
"2510-63488","2850-57904","Make Believe","Schaaps",8944.936855,9,0,0,2021
"2850-57912","2850-57904","Cooks","Schaaps",14316.31219,9,0,0,2021
"2811-82916","2850-57904","Make Believe Shed","Schaaps",8980.360381,9,0,0,2021
"2850-57614","2850-57904","Blue Cloud main","Schaaps",6302.735018,9,0,0,2021
"2850-57620","2850-57904","Jims Green Barn est","Schaaps",8515.620903,9,0,0,2021
"2640-97548","2850-57904","Blue Cloud main","Schaaps",6302.735018,9,0,0,2021
"2850-57633","2850-57904","Cooks","Schaaps",14316.31219,9,0,0,2021
"2850-57518","2850-57904","Make Believe","Schaaps",8944.936855,9,0,0,2021
"2850-57557","2850-57904","Cooks","Schaaps",14316.31219,9,0,0,2021
"2350-21085","2850-57904","Make Believe","Schaaps",8944.936855,9,0,0,2021
"2850-57552","2850-57904","Struthers main","Schaaps",5896.626973,9,0,0,2021
"2850-57636","2850-57904","Blue Cloud main","Schaaps",6302.735018,9,0,0,2021
"2850-57505","2850-57905","Cooks","Schaaps",14316.31219,5,0,0,2021
"2850-57549","2850-57905","Mary Anns est","Schaaps",7017.188766,5,0,0,2021
"2850-57565","2850-57905","Blue Cloud Middle Shed","Schaaps",6335.802989,5,0,0,2021
"2850-57602","2850-57905","Cooks","Schaaps",14316.31219,5,0,0,2021
"2850-57599","2850-57905","Cathys est","Schaaps",6915.132474,5,0,0,2021
"2850-57619","2850-57905","Reinarz shed est","Schaaps",14915.48545,5,0,0,2021
"2850-57615","2850-57905","Urban Farm Girlz Sheep Shed","Schaaps",4582.444628,5,0,0,2021
"2850-57624","2850-57905","Urban Farm Girlz Red Barn","Schaaps",4602.822467,5,0,0,2021
"2850-57628","2850-57905","Alishas est","Schaaps",15085.54575,5,0,0,2021
"2850-57630","2850-57905","Alishas est","Schaaps",15085.54575,5,0,0,2021
"2850-57625","2850-57905","Alishas est","Schaaps",15085.54575,5,0,0,2021
"2850-57836","2850-57905","Make Believe","Schaaps",8944.936855,5,0,0,2021
"2510-63488","2850-57905","Make Believe","Schaaps",8944.936855,5,0,0,2021
"2850-57917","2850-57905","Alishas est","Schaaps",15085.54575,5,0,0,2021
"2850-57916","2850-57905","Alishas est","Schaaps",15085.54575,5,0,0,2021
"2850-57631","2850-57905","Alishas est","Schaaps",15085.54575,5,0,0,2021
"2850-57912","2850-57905","Cooks","Schaaps",14316.31219,5,0,0,2021
"2850-57901","2850-57905","Blue Cloud main","Schaaps",6302.735018,5,0,0,2021
"2850-57915","2850-57905","Alishas est","Schaaps",15085.54575,5,0,0,2021
"2811-82916","2850-57905","Make Believe Shed","Schaaps",8980.360381,5,0,0,2021
"2850-57614","2850-57905","Blue Cloud main","Schaaps",6302.735018,5,0,0,2021
"2850-57557","2850-57905","Cooks","Schaaps",14316.31219,5,0,0,2021
"2850-57633","2850-57905","Cooks","Schaaps",14316.31219,5,0,0,2021
"2850-57518","2850-57905","Make Believe","Schaaps",8944.936855,5,0,0,2021
"2850-57620","2850-57905","Jims Green Barn est","Schaaps",8515.620903,5,0,0,2021
"2640-97548","2850-57905","Blue Cloud main","Schaaps",6302.735018,5,0,0,2021
"2850-57552","2850-57905","Struthers main","Schaaps",5896.626973,5,0,0,2021
"2350-21085","2850-57905","Make Believe","Schaaps",8944.936855,5,0,0,2021
"2850-57636","2850-57905","Blue Cloud main","Schaaps",6302.735018,5,0,0,2021
"2850-57599","2850-57553","Cathys est","Schaaps",6915.132474,12,0,0,2021
"2850-57565","2850-57553","Blue Cloud Middle Shed","Schaaps",6335.802989,12,0,0,2021
"2850-57602","2850-57553","Cooks","Schaaps",14316.31219,12,0,0,2021
"2850-57619","2850-57553","Reinarz shed est","Schaaps",14915.48545,12,0,0,2021
"2850-57615","2850-57553","Urban Farm Girlz Sheep Shed","Schaaps",4582.444628,12,0,0,2021
"2850-57624","2850-57553","Urban Farm Girlz Red Barn","Schaaps",4602.822467,12,0,0,2021
"2850-57836","2850-57553","Make Believe","Schaaps",8944.936855,12,0,0,2021
"2850-57628","2850-57553","Alishas est","Schaaps",15085.54575,12,0,0,2021
"2850-57630","2850-57553","Alishas est","Schaaps",15085.54575,12,0,0,2021
"2850-57901","2850-57553","Blue Cloud main","Schaaps",6302.735018,12,0,0,2021
"2850-57625","2850-57553","Alishas est","Schaaps",15085.54575,12,0,0,2021
"2850-57631","2850-57553","Alishas est","Schaaps",15085.54575,12,0,0,2021
"2850-57912","2850-57553","Cooks","Schaaps",14316.31219,12,0,0,2021
"2510-63488","2850-57553","Make Believe","Schaaps",8944.936855,12,0,0,2021
"2850-57917","2850-57553","Alishas est","Schaaps",15085.54575,12,0,0,2021
"2850-57916","2850-57553","Alishas est","Schaaps",15085.54575,12,0,0,2021
"2811-82916","2850-57553","Make Believe Shed","Schaaps",8980.360381,12,0,0,2021
"2850-57915","2850-57553","Alishas est","Schaaps",15085.54575,12,0,0,2021
"2850-57614","2850-57553","Blue Cloud main","Schaaps",6302.735018,12,0,0,2021
"2640-97548","2850-57553","Blue Cloud main","Schaaps",6302.735018,12,0,0,2021
"2850-57633","2850-57553","Cooks","Schaaps",14316.31219,12,0,0,2021
"2850-57620","2850-57553","Jims Green Barn est","Schaaps",8515.620903,12,0,0,2021
"2850-57636","2850-57553","Blue Cloud main","Schaaps",6302.735018,12,0,0,2021
"2850-57557","2850-57553","Cooks","Schaaps",14316.31219,12,0,0,2021
"2850-57552","2850-57553","Struthers main","Schaaps",5896.626973,12,0,0,2021
"2350-21085","2850-57553","Make Believe","Schaaps",8944.936855,12,0,0,2021
"2850-57518","2850-57553","Make Believe","Schaaps",8944.936855,12,0,0,2021
"2850-57565","2850-57555","Blue Cloud Middle Shed","Reinarz shed est",8623.5855,5,0,0,2021
"2850-57602","2850-57555","Cooks","Reinarz shed est",1200.685865,5,0,0,2021
"2850-57599","2850-57555","Cathys est","Reinarz shed est",11353.27955,5,0,0,2021
"2850-57630","2850-57555","Alishas est","Reinarz shed est",326.9553962,5,0,0,2021
"2850-57631","2850-57555","Alishas est","Reinarz shed est",326.9553962,5,0,0,2021
"2850-57624","2850-57555","Urban Farm Girlz Red Barn","Reinarz shed est",13385.41544,5,0,0,2021
"2850-57615","2850-57555","Urban Farm Girlz Sheep Shed","Reinarz shed est",13354.17847,5,0,0,2021
"2850-57628","2850-57555","Alishas est","Reinarz shed est",326.9553962,5,0,0,2021
"2850-57836","2850-57555","Make Believe","Reinarz shed est",8068.720913,5,0,0,2021
"2850-57625","2850-57555","Alishas est","Reinarz shed est",326.9553962,5,0,0,2021
"2850-57901","2850-57555","Blue Cloud main","Reinarz shed est",8635.838791,5,0,0,2021
"2850-57916","2850-57555","Alishas est","Reinarz shed est",326.9553962,5,0,0,2021
"2850-57915","2850-57555","Alishas est","Reinarz shed est",326.9553962,5,0,0,2021
"2850-57912","2850-57555","Cooks","Reinarz shed est",1200.685865,5,0,0,2021
"2510-63488","2850-57555","Make Believe","Reinarz shed est",8068.720913,5,0,0,2021
"2850-57917","2850-57555","Alishas est","Reinarz shed est",326.9553962,5,0,0,2021
"2811-82916","2850-57555","Make Believe Shed","Reinarz shed est",8077.228061,5,0,0,2021
"2850-57557","2850-57555","Cooks","Reinarz shed est",1200.685865,5,0,0,2021
"2850-57614","2850-57555","Blue Cloud main","Reinarz shed est",8635.838791,5,0,0,2021
"2350-21085","2850-57555","Make Believe","Reinarz shed est",8068.720913,5,0,0,2021
"2850-57518","2850-57555","Make Believe","Reinarz shed est",8068.720913,5,0,0,2021
"2640-97548","2850-57555","Blue Cloud main","Reinarz shed est",8635.838791,5,0,0,2021
"2850-57552","2850-57555","Struthers main","Reinarz shed est",9398.404037,5,0,0,2021
"2850-57607","2850-57555","Schaaps","Reinarz shed est",14915.48545,5,0,0,2021
"2850-57633","2850-57555","Cooks","Reinarz shed est",1200.685865,5,0,0,2021
"2850-57620","2850-57555","Jims Green Barn est","Reinarz shed est",6384.987891,5,0,0,2021
"2850-57701","2850-57555","Schaaps","Reinarz shed est",14915.48545,5,0,0,2021
"2850-57599","2850-57556","Cathys est","Schaaps",6915.132474,12,0,0,2021
"2850-57565","2850-57556","Blue Cloud Middle Shed","Schaaps",6335.802989,12,0,0,2021
"2850-57619","2850-57556","Reinarz shed est","Schaaps",14915.48545,12,0,0,2021
"2850-57636","2850-57555","Blue Cloud main","Reinarz shed est",8635.838791,5,0,0,2021
"2850-57602","2850-57556","Cooks","Schaaps",14316.31219,12,0,0,2021
"2850-57615","2850-57556","Urban Farm Girlz Sheep Shed","Schaaps",4582.444628,12,0,0,2021
"2850-57625","2850-57556","Alishas est","Schaaps",15085.54575,12,0,0,2021
"2850-57624","2850-57556","Urban Farm Girlz Red Barn","Schaaps",4602.822467,12,0,0,2021
"2850-57630","2850-57556","Alishas est","Schaaps",15085.54575,12,0,0,2021
"2850-57628","2850-57556","Alishas est","Schaaps",15085.54575,12,0,0,2021
"2850-57912","2850-57556","Cooks","Schaaps",14316.31219,12,0,0,2021
"2850-57631","2850-57556","Alishas est","Schaaps",15085.54575,12,0,0,2021
"2850-57836","2850-57556","Make Believe","Schaaps",8944.936855,12,0,0,2021
"2850-57916","2850-57556","Alishas est","Schaaps",15085.54575,12,0,0,2021
"2510-63488","2850-57556","Make Believe","Schaaps",8944.936855,12,0,0,2021
"2850-57917","2850-57556","Alishas est","Schaaps",15085.54575,12,0,0,2021
"2850-57901","2850-57556","Blue Cloud main","Schaaps",6302.735018,12,0,0,2021
"2850-57915","2850-57556","Alishas est","Schaaps",15085.54575,12,0,0,2021
"2811-82916","2850-57556","Make Believe Shed","Schaaps",8980.360381,12,0,0,2021
"2850-57614","2850-57556","Blue Cloud main","Schaaps",6302.735018,12,0,0,2021
"2640-97548","2850-57556","Blue Cloud main","Schaaps",6302.735018,12,0,0,2021
"2850-57518","2850-57556","Make Believe","Schaaps",8944.936855,12,0,0,2021
"2850-57633","2850-57556","Cooks","Schaaps",14316.31219,12,0,0,2021
"2850-57620","2850-57556","Jims Green Barn est","Schaaps",8515.620903,12,0,0,2021
"2850-57552","2850-57556","Struthers main","Schaaps",5896.626973,12,0,0,2021
"2850-57565","2850-57558","Blue Cloud Middle Shed","Cooks",8131.940467,4,0,0,2021
"2850-57557","2850-57556","Cooks","Schaaps",14316.31219,12,0,0,2021
"2850-57615","2850-57558","Urban Farm Girlz Sheep Shed","Cooks",13112.56561,4,0,0,2021
"2850-57636","2850-57556","Blue Cloud main","Schaaps",6302.735018,12,0,0,2021
"2350-21085","2850-57556","Make Believe","Schaaps",8944.936855,12,0,0,2021
"2850-57599","2850-57558","Cathys est","Cooks",11307.353,4,0,0,2021
"2850-57624","2850-57558","Urban Farm Girlz Red Barn","Cooks",13146.32277,4,0,0,2021
"2850-57836","2850-57558","Make Believe","Cooks",8134.783478,4,0,0,2021
"2850-57628","2850-57558","Alishas est","Cooks",1546.300542,4,0,0,2021
"2850-57619","2850-57558","Reinarz shed est","Cooks",1200.685865,4,0,0,2021
"2850-57625","2850-57558","Alishas est","Cooks",1546.300542,4,0,0,2021
"2850-57630","2850-57558","Alishas est","Cooks",1546.300542,4,0,0,2021
"2850-57901","2850-57558","Blue Cloud main","Cooks",8135.083191,4,0,0,2021
"2850-57631","2850-57558","Alishas est","Cooks",1546.300542,4,0,0,2021
"2811-82916","2850-57558","Make Believe Shed","Cooks",8148.946634,4,0,0,2021
"2510-63488","2850-57558","Make Believe","Cooks",8134.783478,4,0,0,2021
"2850-57916","2850-57558","Alishas est","Cooks",1546.300542,4,0,0,2021
"2850-57917","2850-57558","Alishas est","Cooks",1546.300542,4,0,0,2021
"2850-57915","2850-57558","Alishas est","Cooks",1546.300542,4,0,0,2021
"2850-57614","2850-57558","Blue Cloud main","Cooks",8135.083191,4,0,0,2021
"2850-57620","2850-57558","Jims Green Barn est","Cooks",5868.726624,4,0,0,2021
"2350-21085","2850-57558","Make Believe","Cooks",8134.783478,4,0,0,2021
"2850-57518","2850-57558","Make Believe","Cooks",8134.783478,4,0,0,2021
"2640-97548","2850-57558","Blue Cloud main","Cooks",8135.083191,4,0,0,2021
"2850-57552","2850-57558","Struthers main","Cooks",9026.103113,4,0,0,2021
"2850-57636","2850-57558","Blue Cloud main","Cooks",8135.083191,4,0,0,2021
"2850-57607","2850-57558","Schaaps","Cooks",14316.31219,4,0,0,2021
"2850-57701","2850-57558","Schaaps","Cooks",14316.31219,4,0,0,2021
"2850-57619","2850-57603","Reinarz shed est","Schaaps",14915.48545,7,0,0,2021
"2850-57624","2850-57603","Urban Farm Girlz Red Barn","Schaaps",4602.822467,7,0,0,2021
"2850-57615","2850-57603","Urban Farm Girlz Sheep Shed","Schaaps",4582.444628,7,0,0,2021
"2850-57630","2850-57603","Alishas est","Schaaps",15085.54575,7,0,0,2021
"2850-57625","2850-57603","Alishas est","Schaaps",15085.54575,7,0,0,2021
"2850-57631","2850-57603","Alishas est","Schaaps",15085.54575,7,0,0,2021
"2850-57836","2850-57603","Make Believe","Schaaps",8944.936855,7,0,0,2021
"2850-57628","2850-57603","Alishas est","Schaaps",15085.54575,7,0,0,2021
"2850-57916","2850-57603","Alishas est","Schaaps",15085.54575,7,0,0,2021
"2811-82916","2850-57603","Make Believe Shed","Schaaps",8980.360381,7,0,0,2021
"2850-57901","2850-57603","Blue Cloud main","Schaaps",6302.735018,7,0,0,2021
"2850-57912","2850-57603","Cooks","Schaaps",14316.31219,7,0,0,2021
"2850-57917","2850-57603","Alishas est","Schaaps",15085.54575,7,0,0,2021
"2510-63488","2850-57603","Make Believe","Schaaps",8944.936855,7,0,0,2021
"2850-57915","2850-57603","Alishas est","Schaaps",15085.54575,7,0,0,2021
"2850-57614","2850-57603","Blue Cloud main","Schaaps",6302.735018,7,0,0,2021
"2350-21085","2850-57603","Make Believe","Schaaps",8944.936855,7,0,0,2021
"2850-57518","2850-57603","Make Believe","Schaaps",8944.936855,7,0,0,2021
"2640-97548","2850-57603","Blue Cloud main","Schaaps",6302.735018,7,0,0,2021
"2850-57633","2850-57603","Cooks","Schaaps",14316.31219,7,0,0,2021
"2850-57557","2850-57603","Cooks","Schaaps",14316.31219,7,0,0,2021
"2850-57620","2850-57603","Jims Green Barn est","Schaaps",8515.620903,7,0,0,2021
"2850-57552","2850-57603","Struthers main","Schaaps",5896.626973,7,0,0,2021
"2850-57619","2850-57608","Reinarz shed est","Urban Farm Girlz Sheep Shed",13354.17847,13,0,0,2021
"2850-57624","2850-57608","Urban Farm Girlz Red Barn","Urban Farm Girlz Sheep Shed",31.72741803,13,0,0,2021
"2850-57636","2850-57603","Blue Cloud main","Schaaps",6302.735018,7,0,0,2021
"2850-57631","2850-57608","Alishas est","Urban Farm Girlz Sheep Shed",13425.92039,13,0,0,2021
"2850-57628","2850-57608","Alishas est","Urban Farm Girlz Sheep Shed",13425.92039,13,0,0,2021
"2850-57625","2850-57608","Alishas est","Urban Farm Girlz Sheep Shed",13425.92039,13,0,0,2021
"2850-57836","2850-57608","Make Believe","Urban Farm Girlz Sheep Shed",5761.465774,13,0,0,2021
"2850-57630","2850-57608","Alishas est","Urban Farm Girlz Sheep Shed",13425.92039,13,0,0,2021
"2850-57901","2850-57608","Blue Cloud main","Urban Farm Girlz Sheep Shed",5385.601613,13,0,0,2021
"2850-57915","2850-57608","Alishas est","Urban Farm Girlz Sheep Shed",13425.92039,13,0,0,2021
"2850-57916","2850-57608","Alishas est","Urban Farm Girlz Sheep Shed",13425.92039,13,0,0,2021
"2510-63488","2850-57608","Make Believe","Urban Farm Girlz Sheep Shed",5761.465774,13,0,0,2021
"2850-57912","2850-57608","Cooks","Urban Farm Girlz Sheep Shed",13112.56561,13,0,0,2021
"2811-82916","2850-57608","Make Believe Shed","Urban Farm Girlz Sheep Shed",5785.609859,13,0,0,2021
"2850-57917","2850-57608","Alishas est","Urban Farm Girlz Sheep Shed",13425.92039,13,0,0,2021
"2850-57614","2850-57608","Blue Cloud main","Urban Farm Girlz Sheep Shed",5385.601613,13,0,0,2021
"2850-57557","2850-57608","Cooks","Urban Farm Girlz Sheep Shed",13112.56561,13,0,0,2021
"2350-21085","2850-57608","Make Believe","Urban Farm Girlz Sheep Shed",5761.465774,13,0,0,2021
"2850-57620","2850-57608","Jims Green Barn est","Urban Farm Girlz Sheep Shed",7424.919949,13,0,0,2021
"2640-97548","2850-57608","Blue Cloud main","Urban Farm Girlz Sheep Shed",5385.601613,13,0,0,2021
"2850-57518","2850-57608","Make Believe","Urban Farm Girlz Sheep Shed",5761.465774,13,0,0,2021
"2850-57552","2850-57608","Struthers main","Urban Farm Girlz Sheep Shed",4200.884412,13,0,0,2021
"2850-57607","2850-57608","Schaaps","Urban Farm Girlz Sheep Shed",4582.444628,13,0,0,2021
"2850-57633","2850-57608","Cooks","Urban Farm Girlz Sheep Shed",13112.56561,13,0,0,2021
"2850-57624","2850-57610","Urban Farm Girlz Red Barn","Blue Cloud main",5425.344701,9,0,0,2021
"2850-57636","2850-57608","Blue Cloud main","Urban Farm Girlz Sheep Shed",5385.601613,13,0,0,2021
"2850-57701","2850-57608","Schaaps","Urban Farm Girlz Sheep Shed",4582.444628,13,0,0,2021
"2850-57615","2850-57610","Urban Farm Girlz Sheep Shed","Blue Cloud main",5385.601613,9,0,0,2021
"2850-57836","2850-57610","Make Believe","Blue Cloud main",3928.765414,9,0,0,2021
"2850-57625","2850-57610","Alishas est","Blue Cloud main",8789.331402,9,0,0,2021
"2850-57619","2850-57610","Reinarz shed est","Blue Cloud main",8635.838791,9,0,0,2021
"2850-57630","2850-57610","Alishas est","Blue Cloud main",8789.331402,9,0,0,2021
"2850-57631","2850-57610","Alishas est","Blue Cloud main",8789.331402,9,0,0,2021
"2510-63488","2850-57610","Make Believe","Blue Cloud main",3928.765414,9,0,0,2021
"2850-57628","2850-57610","Alishas est","Blue Cloud main",8789.331402,9,0,0,2021
"2850-57917","2850-57610","Alishas est","Blue Cloud main",8789.331402,9,0,0,2021
"2850-57912","2850-57610","Cooks","Blue Cloud main",8135.083191,9,0,0,2021
"2850-57915","2850-57610","Alishas est","Blue Cloud main",8789.331402,9,0,0,2021
"2850-57916","2850-57610","Alishas est","Blue Cloud main",8789.331402,9,0,0,2021
"2811-82916","2850-57610","Make Believe Shed","Blue Cloud main",3968.405502,9,0,0,2021
"2850-57633","2850-57610","Cooks","Blue Cloud main",8135.083191,9,0,0,2021
"2850-57620","2850-57610","Jims Green Barn est","Blue Cloud main",2250.304983,9,0,0,2021
"2850-57557","2850-57610","Cooks","Blue Cloud main",8135.083191,9,0,0,2021
"2850-57518","2850-57610","Make Believe","Blue Cloud main",3928.765414,9,0,0,2021
"2850-57625","2850-57612","Alishas est","Blue Cloud main",8789.331402,10,0,0,2021
"2850-57624","2850-57612","Urban Farm Girlz Red Barn","Blue Cloud main",5425.344701,10,0,0,2021
"2850-57615","2850-57612","Urban Farm Girlz Sheep Shed","Blue Cloud main",5385.601613,10,0,0,2021
"2350-21085","2850-57610","Make Believe","Blue Cloud main",3928.765414,9,0,0,2021
"2850-57701","2850-57610","Schaaps","Blue Cloud main",6302.735018,9,0,0,2021
"2850-57631","2850-57612","Alishas est","Blue Cloud main",8789.331402,10,0,0,2021
"2850-57836","2850-57612","Make Believe","Blue Cloud main",3928.765414,10,0,0,2021
"2850-57552","2850-57610","Struthers main","Blue Cloud main",1282.306886,9,0,0,2021
"2850-57619","2850-57612","Reinarz shed est","Blue Cloud main",8635.838791,10,0,0,2021
"2850-57630","2850-57612","Alishas est","Blue Cloud main",8789.331402,10,0,0,2021
"2850-57607","2850-57610","Schaaps","Blue Cloud main",6302.735018,9,0,0,2021
"2850-57912","2850-57612","Cooks","Blue Cloud main",8135.083191,10,0,0,2021
"2850-57916","2850-57612","Alishas est","Blue Cloud main",8789.331402,10,0,0,2021
"2510-63488","2850-57612","Make Believe","Blue Cloud main",3928.765414,10,0,0,2021
"2850-57628","2850-57612","Alishas est","Blue Cloud main",8789.331402,10,0,0,2021
"2850-57917","2850-57612","Alishas est","Blue Cloud main",8789.331402,10,0,0,2021
"2850-57915","2850-57612","Alishas est","Blue Cloud main",8789.331402,10,0,0,2021
"2811-82916","2850-57612","Make Believe Shed","Blue Cloud main",3968.405502,10,0,0,2021
"2850-57557","2850-57612","Cooks","Blue Cloud main",8135.083191,10,0,0,2021
"2850-57607","2850-57612","Schaaps","Blue Cloud main",6302.735018,10,0,0,2021
"2350-21085","2850-57612","Make Believe","Blue Cloud main",3928.765414,10,0,0,2021
"2850-57620","2850-57612","Jims Green Barn est","Blue Cloud main",2250.304983,10,0,0,2021
"2850-57633","2850-57612","Cooks","Blue Cloud main",8135.083191,10,0,0,2021
"2850-57701","2850-57612","Schaaps","Blue Cloud main",6302.735018,10,0,0,2021
"2850-57552","2850-57612","Struthers main","Blue Cloud main",1282.306886,10,0,0,2021
"2850-57518","2850-57612","Make Believe","Blue Cloud main",3928.765414,10,0,0,2021
"2510-63488","2850-57853","Make Believe","Cooks",8134.783478,8,0,0,2021
"2850-57915","2850-57853","Alishas est","Cooks",1546.300542,8,0,0,2021
"2850-57916","2850-57853","Alishas est","Cooks",1546.300542,8,0,0,2021
"2850-57917","2850-57853","Alishas est","Cooks",1546.300542,8,0,0,2021
"2811-82916","2850-57853","Make Believe Shed","Cooks",8148.946634,8,0,0,2021
"2850-57901","2850-57853","Blue Cloud main","Cooks",8135.083191,8,0,0,2021
"2640-97548","2850-57853","Blue Cloud main","Cooks",8135.083191,8,0,0,2021
"2850-57620","2850-57853","Jims Green Barn est","Cooks",5868.726624,8,0,0,2021
"2850-57518","2850-57853","Make Believe","Cooks",8134.783478,8,0,0,2021
"2850-57552","2850-57853","Struthers main","Cooks",9026.103113,8,0,0,2021
"2850-57607","2850-57853","Schaaps","Cooks",14316.31219,8,0,0,2021
"2850-57614","2850-57853","Blue Cloud main","Cooks",8135.083191,8,0,0,2021
"2350-21085","2850-57853","Make Believe","Cooks",8134.783478,8,0,0,2021
"2850-57701","2850-57853","Schaaps","Cooks",14316.31219,8,0,0,2021
"2850-57636","2850-57853","Blue Cloud main","Cooks",8135.083191,8,0,0,2021
"2850-57614","2640-97347","Blue Cloud main","Make Believe",3928.765414,13,0,0,2021
"2640-97548","2640-97347","Blue Cloud main","Make Believe",3928.765414,13,0,0,2021
"2850-57607","2640-97347","Schaaps","Make Believe",8944.936855,13,0,0,2021
"2850-57557","2640-97347","Cooks","Make Believe",8134.783478,13,0,0,2021
"2850-57552","2640-97347","Struthers main","Make Believe",3336.249381,13,0,0,2021
"2850-57633","2640-97347","Cooks","Make Believe",8134.783478,13,0,0,2021
"2850-57636","2640-97347","Blue Cloud main","Make Believe",3928.765414,13,0,0,2021
"2850-57620","2640-97347","Jims Green Barn est","Make Believe",3967.210281,13,0,0,2021
"2850-57701","2640-97347","Schaaps","Make Believe",8944.936855,13,0,0,2021
"2850-57614","2640-97370","Blue Cloud main","Cooks",8135.083191,14,0,0,2021
"2640-97548","2640-97370","Blue Cloud main","Cooks",8135.083191,14,0,0,2021
"2350-21085","2640-97370","Make Believe","Cooks",8134.783478,14,0,0,2021
"2850-57636","2640-97370","Blue Cloud main","Cooks",8135.083191,14,0,0,2021
"2850-57701","2640-97370","Schaaps","Cooks",14316.31219,14,0,0,2021
"2850-57620","2640-97370","Jims Green Barn est","Cooks",5868.726624,14,0,0,2021
"2850-57518","2640-97370","Make Believe","Cooks",8134.783478,14,0,0,2021
"2850-57607","2640-97370","Schaaps","Cooks",14316.31219,14,0,0,2021
"2850-57552","2640-97370","Struthers main","Cooks",9026.103113,14,0,0,2021
"2850-57614","2640-97385","Blue Cloud main","Make Believe",3928.765414,8,0,0,2021
"2850-57633","2640-97385","Cooks","Make Believe",8134.783478,8,0,0,2021
"2640-97548","2640-97385","Blue Cloud main","Make Believe",3928.765414,8,3,0.375,2021
"2850-57557","2640-97385","Cooks","Make Believe",8134.783478,8,0,0,2021
"2850-57607","2640-97385","Schaaps","Make Believe",8944.936855,8,0,0,2021
"2850-57701","2640-97385","Schaaps","Make Believe",8944.936855,8,0,0,2021
"2850-57620","2640-97385","Jims Green Barn est","Make Believe",3967.210281,8,0,0,2021
"2850-57636","2640-97385","Blue Cloud main","Make Believe",3928.765414,8,0,0,2021
"2850-57552","2640-97385","Struthers main","Make Believe",3336.249381,8,0,0,2021
"2850-57614","2640-97596","Blue Cloud main","Make Believe",3928.765414,8,0,0,2021
"2850-57557","2640-97596","Cooks","Make Believe",8134.783478,8,0,0,2021
"2850-57552","2640-97596","Struthers main","Make Believe",3336.249381,8,0,0,2021
"2850-57701","2640-97596","Schaaps","Make Believe",8944.936855,8,0,0,2021
"2640-97548","2640-97596","Blue Cloud main","Make Believe",3928.765414,8,0,0,2021
"2850-57633","2640-97596","Cooks","Make Believe",8134.783478,8,0,0,2021
"2850-57620","2640-97596","Jims Green Barn est","Make Believe",3967.210281,8,0,0,2021
"2850-57607","2640-97596","Schaaps","Make Believe",8944.936855,8,0,0,2021
"2850-57636","2640-97596","Blue Cloud main","Make Believe",3928.765414,8,0,0,2021
"2640-97548","2850-57550","Blue Cloud main","Mary Anns est",4649.013242,4,0,0,2021
"2850-57614","2850-57550","Blue Cloud main","Mary Anns est",4649.013242,4,0,0,2021
"2850-57518","2850-57550","Make Believe","Mary Anns est",3139.663173,4,0,0,2021
"2850-57620","2850-57550","Jims Green Barn est","Mary Anns est",6010.964925,4,0,0,2021
"2850-57633","2850-57550","Cooks","Mary Anns est",11115.95446,4,0,0,2021
"2850-57636","2850-57550","Blue Cloud main","Mary Anns est",4649.013242,4,0,0,2021
"2850-57557","2850-57550","Cooks","Mary Anns est",11115.95446,4,0,0,2021
"2850-57607","2850-57550","Schaaps","Mary Anns est",7017.188766,4,0,0,2021
"2850-57614","2850-57609","Blue Cloud main","Cooks",8135.083191,13,0,0,2021
"2640-97548","2850-57609","Blue Cloud main","Cooks",8135.083191,13,0,0,2021
"2350-21085","2850-57550","Make Believe","Mary Anns est",3139.663173,4,0,0,2021
"2850-57552","2850-57550","Struthers main","Mary Anns est",3395.167737,4,0,0,2021
"2350-21085","2850-57609","Make Believe","Cooks",8134.783478,13,0,0,2021
"2850-57701","2850-57609","Schaaps","Cooks",14316.31219,13,0,0,2021
"2850-57701","2850-57550","Schaaps","Mary Anns est",7017.188766,4,0,0,2021
"2850-57614","2850-57551","Blue Cloud main","Struthers main",1282.306886,13,0,0,2021
"2850-57518","2850-57609","Make Believe","Cooks",8134.783478,13,0,0,2021
"2850-57620","2850-57609","Jims Green Barn est","Cooks",5868.726624,13,0,0,2021
"2850-57633","2850-57551","Cooks","Struthers main",9026.103113,13,0,0,2021
"2850-57518","2850-57551","Make Believe","Struthers main",3336.249381,13,0,0,2021
"2640-97548","2850-57551","Blue Cloud main","Struthers main",1282.306886,13,2,0.153846153846154,2021
"2850-57607","2850-57609","Schaaps","Cooks",14316.31219,13,0,0,2021
"2850-57620","2850-57551","Jims Green Barn est","Struthers main",3225.333042,13,0,0,2021
"2850-57557","2850-57551","Cooks","Struthers main",9026.103113,13,0,0,2021
"2850-57552","2850-57609","Struthers main","Cooks",9026.103113,13,0,0,2021
"2850-57636","2850-57609","Blue Cloud main","Cooks",8135.083191,13,0,0,2021
"2350-21085","2850-57551","Make Believe","Struthers main",3336.249381,13,0,0,2021
"2850-57636","2850-57551","Blue Cloud main","Struthers main",1282.306886,13,0,0,2021
"2850-57607","2850-57551","Schaaps","Struthers main",5896.626973,13,0,0,2021
"2850-57701","2850-57551","Schaaps","Struthers main",5896.626973,13,0,0,2021
"2850-57546","2850-57617","Schaaps","Urban Farm Girlz Red Barn",4602.822467,3,0,0,2021
"2850-57546","2850-57635","Schaaps","Make Believe",8944.936855,4,0,0,2021
"2850-57546","2850-57854","Schaaps","Cooks",14316.31219,7,0,0,2021
"2850-57546","2850-57558","Schaaps","Cooks",14316.31219,4,0,0,2021
"2850-57546","2850-57555","Schaaps","Reinarz shed est",14915.48545,5,0,0,2021
"2850-57546","2850-57610","Schaaps","Blue Cloud main",6302.735018,9,0,0,2021
"2850-57546","2850-57608","Schaaps","Urban Farm Girlz Sheep Shed",4582.444628,13,0,0,2021
"2850-57546","2850-57612","Schaaps","Blue Cloud main",6302.735018,10,0,0,2021
"2850-57546","2850-57853","Schaaps","Cooks",14316.31219,8,0,0,2021
"2850-57546","2640-97385","Schaaps","Make Believe",8944.936855,8,0,0,2021
"2850-57546","2640-97347","Schaaps","Make Believe",8944.936855,13,0,0,2021
"2850-57546","2640-97596","Schaaps","Make Believe",8944.936855,8,0,0,2021
"2850-57546","2640-97370","Schaaps","Cooks",14316.31219,14,0,0,2021
"2850-57546","2850-57551","Schaaps","Struthers main",5896.626973,13,0,0,2021
"2850-57546","2850-57609","Schaaps","Cooks",14316.31219,13,0,0,2021
"2850-57546","2850-57550","Schaaps","Mary Anns est",7017.188766,4,0,0,2021
"2850-57554","2850-57854","Schaaps","Cooks",14316.31219,7,0,0,2021
"2850-57554","2850-57635","Schaaps","Make Believe",8944.936855,4,0,0,2021
"2850-57554","2850-57617","Schaaps","Urban Farm Girlz Red Barn",4602.822467,3,0,0,2021
"2850-57554","2850-57558","Schaaps","Cooks",14316.31219,4,0,0,2021
"2850-57554","2850-57555","Schaaps","Reinarz shed est",14915.48545,5,0,0,2021
"2850-57554","2850-57612","Schaaps","Blue Cloud main",6302.735018,10,0,0,2021
"2850-57554","2850-57608","Schaaps","Urban Farm Girlz Sheep Shed",4582.444628,13,0,0,2021
"2850-57554","2850-57610","Schaaps","Blue Cloud main",6302.735018,9,0,0,2021
"2850-57554","2850-57853","Schaaps","Cooks",14316.31219,8,0,0,2021
"2850-57554","2640-97347","Schaaps","Make Believe",8944.936855,13,0,0,2021
"2850-57554","2640-97385","Schaaps","Make Believe",8944.936855,8,0,0,2021
"2850-57554","2640-97370","Schaaps","Cooks",14316.31219,14,0,0,2021
"2850-57554","2640-97596","Schaaps","Make Believe",8944.936855,8,0,0,2021
"2850-57554","2850-57609","Schaaps","Cooks",14316.31219,13,0,0,2021
"2850-57554","2850-57551","Schaaps","Struthers main",5896.626973,13,0,0,2021
"2850-57554","2850-57550","Schaaps","Mary Anns est",7017.188766,4,0,0,2021
"2850-57562","2850-57635","Schaaps","Make Believe",8944.936855,4,0,0,2021
"2850-57562","2850-57617","Schaaps","Urban Farm Girlz Red Barn",4602.822467,3,0,0,2021
"2850-57562","2850-57854","Schaaps","Cooks",14316.31219,7,0,0,2021
"2850-57562","2850-57558","Schaaps","Cooks",14316.31219,4,0,0,2021
"2850-57562","2850-57555","Schaaps","Reinarz shed est",14915.48545,5,0,0,2021
"2850-57562","2850-57608","Schaaps","Urban Farm Girlz Sheep Shed",4582.444628,13,0,0,2021
"2850-57562","2850-57610","Schaaps","Blue Cloud main",6302.735018,9,0,0,2021
"2850-57562","2850-57612","Schaaps","Blue Cloud main",6302.735018,10,0,0,2021
"2850-57562","2850-57853","Schaaps","Cooks",14316.31219,8,0,0,2021
"2850-57562","2640-97370","Schaaps","Cooks",14316.31219,14,0,0,2021
"2850-57562","2640-97347","Schaaps","Make Believe",8944.936855,13,0,0,2021
"2850-57562","2640-97596","Schaaps","Make Believe",8944.936855,8,0,0,2021
"2850-57562","2640-97385","Schaaps","Make Believe",8944.936855,8,0,0,2021
"2850-57562","2850-57609","Schaaps","Cooks",14316.31219,13,0,0,2021
"2850-57562","2850-57550","Schaaps","Mary Anns est",7017.188766,4,0,0,2021
"2850-57562","2850-57551","Schaaps","Struthers main",5896.626973,13,0,0,2021
"2850-57563","2850-57617","Schaaps","Urban Farm Girlz Red Barn",4602.822467,3,0,0,2021
"2850-57563","2850-57635","Schaaps","Make Believe",8944.936855,4,0,0,2021
"2850-57563","2850-57854","Schaaps","Cooks",14316.31219,7,0,0,2021
"2850-57563","2850-57558","Schaaps","Cooks",14316.31219,4,0,0,2021
"2850-57563","2850-57555","Schaaps","Reinarz shed est",14915.48545,5,0,0,2021
"2850-57563","2850-57608","Schaaps","Urban Farm Girlz Sheep Shed",4582.444628,13,0,0,2021
"2850-57563","2850-57610","Schaaps","Blue Cloud main",6302.735018,9,0,0,2021
"2850-57563","2850-57612","Schaaps","Blue Cloud main",6302.735018,10,0,0,2021
"2850-57563","2850-57853","Schaaps","Cooks",14316.31219,8,0,0,2021
"2850-57563","2640-97347","Schaaps","Make Believe",8944.936855,13,0,0,2021
"2850-57563","2640-97385","Schaaps","Make Believe",8944.936855,8,0,0,2021
"2850-57563","2640-97370","Schaaps","Cooks",14316.31219,14,0,0,2021
"2850-57563","2640-97596","Schaaps","Make Believe",8944.936855,8,0,0,2021
"2850-57563","2850-57551","Schaaps","Struthers main",5896.626973,13,0,0,2021
"2850-57563","2850-57550","Schaaps","Mary Anns est",7017.188766,4,0,0,2021
"2850-57563","2850-57609","Schaaps","Cooks",14316.31219,13,0,0,2021
"2850-57606","2850-57617","Schaaps","Urban Farm Girlz Red Barn",4602.822467,3,0,0,2021
"2850-57606","2850-57854","Schaaps","Cooks",14316.31219,7,0,0,2021
"2850-57606","2850-57635","Schaaps","Make Believe",8944.936855,4,0,0,2021
"2850-57606","2850-57555","Schaaps","Reinarz shed est",14915.48545,5,0,0,2021
"2850-57606","2850-57558","Schaaps","Cooks",14316.31219,4,0,0,2021
"2850-57606","2850-57608","Schaaps","Urban Farm Girlz Sheep Shed",4582.444628,13,0,0,2021
"2850-57606","2850-57612","Schaaps","Blue Cloud main",6302.735018,10,0,0,2021
"2850-57606","2850-57610","Schaaps","Blue Cloud main",6302.735018,9,0,0,2021
"2850-57606","2850-57853","Schaaps","Cooks",14316.31219,8,0,0,2021
"2850-57606","2640-97347","Schaaps","Make Believe",8944.936855,13,0,0,2021
"2850-57606","2640-97385","Schaaps","Make Believe",8944.936855,8,0,0,2021
"2850-57606","2640-97596","Schaaps","Make Believe",8944.936855,8,0,0,2021
"2850-57606","2640-97370","Schaaps","Cooks",14316.31219,14,0,0,2021
"2850-57606","2850-57551","Schaaps","Struthers main",5896.626973,13,0,0,2021
"2850-57606","2850-57550","Schaaps","Mary Anns est",7017.188766,4,0,0,2021
"2850-57606","2850-57609","Schaaps","Cooks",14316.31219,13,0,0,2021
"2811-06912","2850-57558","Schaaps","Cooks",14316.31219,4,0,0,2021
"2811-06912","2850-57555","Schaaps","Reinarz shed est",14915.48545,5,0,0,2021
"2811-06912","2850-57610","Schaaps","Blue Cloud main",6302.735018,9,0,0,2021
"2811-06912","2850-57612","Schaaps","Blue Cloud main",6302.735018,10,0,0,2021
"2811-06912","2850-57608","Schaaps","Urban Farm Girlz Sheep Shed",4582.444628,13,0,0,2021
"2811-06912","2850-57853","Schaaps","Cooks",14316.31219,8,0,0,2021
"2811-06912","2640-97347","Schaaps","Make Believe",8944.936855,13,0,0,2021
"2811-06912","2640-97370","Schaaps","Cooks",14316.31219,14,0,0,2021
"2811-06912","2640-97385","Schaaps","Make Believe",8944.936855,8,0,0,2021
"2811-06912","2640-97596","Schaaps","Make Believe",8944.936855,8,0,0,2021
"2811-06912","2850-57551","Schaaps","Struthers main",5896.626973,13,0,0,2021
"2811-06912","2850-57550","Schaaps","Mary Anns est",7017.188766,4,0,0,2021
"2811-06912","2850-57609","Schaaps","Cooks",14316.31219,13,0,0,2021
"2850-57505","2850-57553","Cooks","Schaaps",14316.31219,12,0,0,2021
"2850-57505","2850-57556","Cooks","Schaaps",14316.31219,12,0,0,2021
"2850-57505","2850-57555","Cooks","Reinarz shed est",1200.685865,5,0,0,2021
"2850-57505","2850-57608","Cooks","Urban Farm Girlz Sheep Shed",13112.56561,13,0,0,2021
"2850-57505","2850-57612","Cooks","Blue Cloud main",8135.083191,10,0,0,2021
"2850-57505","2850-57610","Cooks","Blue Cloud main",8135.083191,9,0,0,2021
"2850-57505","2850-57603","Cooks","Schaaps",14316.31219,7,0,0,2021
"2850-57505","2640-97347","Cooks","Make Believe",8134.783478,13,0,0,2021
"2850-57505","2640-97596","Cooks","Make Believe",8134.783478,8,0,0,2021
"2850-57505","2640-97385","Cooks","Make Believe",8134.783478,8,0,0,2021
"2850-57505","2850-57551","Cooks","Struthers main",9026.103113,13,0,0,2021
"2850-57505","2850-57550","Cooks","Mary Anns est",11115.95446,4,0,0,2021
"2850-57538","2850-57555","Schaaps","Reinarz shed est",14915.48545,5,0,0,2021
"2850-57538","2850-57558","Schaaps","Cooks",14316.31219,4,0,0,2021
"2850-57538","2850-57608","Schaaps","Urban Farm Girlz Sheep Shed",4582.444628,13,0,0,2021
"2850-57538","2850-57612","Schaaps","Blue Cloud main",6302.735018,10,0,0,2021
"2850-57538","2850-57610","Schaaps","Blue Cloud main",6302.735018,9,0,0,2021
"2850-57538","2850-57853","Schaaps","Cooks",14316.31219,8,0,0,2021
"2850-57538","2640-97370","Schaaps","Cooks",14316.31219,14,0,0,2021
"2850-57538","2640-97347","Schaaps","Make Believe",8944.936855,13,0,0,2021
"2850-57538","2640-97596","Schaaps","Make Believe",8944.936855,8,0,0,2021
"2850-57538","2640-97385","Schaaps","Make Believe",8944.936855,8,0,0,2021
"2850-57538","2850-57551","Schaaps","Struthers main",5896.626973,13,0,0,2021
"2850-57538","2850-57550","Schaaps","Mary Anns est",7017.188766,4,0,0,2021
"2850-57538","2850-57609","Schaaps","Cooks",14316.31219,13,0,0,2021
"2850-57549","2850-57556","Mary Anns est","Schaaps",7017.188766,12,0,0,2021
"2850-57549","2850-57553","Mary Anns est","Schaaps",7017.188766,12,0,0,2021
"2850-57549","2850-57558","Mary Anns est","Cooks",11115.95446,4,0,0,2021
"2850-57549","2850-57555","Mary Anns est","Reinarz shed est",11157.58843,5,0,0,2021
"2850-57549","2850-57608","Mary Anns est","Urban Farm Girlz Sheep Shed",2900.906662,13,0,0,2021
"2850-57549","2850-57603","Mary Anns est","Schaaps",7017.188766,7,0,0,2021
"2850-57549","2850-57612","Mary Anns est","Blue Cloud main",4649.013242,10,0,0,2021
"2850-57549","2850-57610","Mary Anns est","Blue Cloud main",4649.013242,9,0,0,2021
"2850-57549","2850-57853","Mary Anns est","Cooks",11115.95446,8,0,0,2021
"2850-57549","2640-97347","Mary Anns est","Make Believe",3139.663173,13,0,0,2021
"2850-57549","2640-97385","Mary Anns est","Make Believe",3139.663173,8,0,0,2021
"2850-57549","2640-97370","Mary Anns est","Cooks",11115.95446,14,0,0,2021
"2850-57549","2640-97596","Mary Anns est","Make Believe",3139.663173,8,0,0,2021
"2850-57549","2850-57609","Mary Anns est","Cooks",11115.95446,13,0,0,2021
"2850-57549","2850-57551","Mary Anns est","Struthers main",3395.167737,13,0,0,2021
"2850-57565","2850-57612","Blue Cloud Middle Shed","Blue Cloud main",60.81465473,10,0,0,2021
"2850-57565","2850-57603","Blue Cloud Middle Shed","Schaaps",6335.802989,7,0,0,2021
"2850-57565","2850-57608","Blue Cloud Middle Shed","Urban Farm Girlz Sheep Shed",5366.224006,13,0,0,2021
"2850-57565","2850-57610","Blue Cloud Middle Shed","Blue Cloud main",60.81465473,9,3,0.333333333333333,2021
"2850-57565","2850-57853","Blue Cloud Middle Shed","Cooks",8131.940467,8,0,0,2021
"2850-57565","2640-97347","Blue Cloud Middle Shed","Make Believe",3861.779098,13,0,0,2021
"2850-57565","2640-97370","Blue Cloud Middle Shed","Cooks",8131.940467,14,0,0,2021
"2850-57565","2640-97385","Blue Cloud Middle Shed","Make Believe",3861.779098,8,0,0,2021
"2850-57565","2640-97596","Blue Cloud Middle Shed","Make Believe",3861.779098,8,0,0,2021
"2850-57565","2850-57550","Blue Cloud Middle Shed","Mary Anns est",4597.928418,4,0,0,2021
"2850-57565","2850-57609","Blue Cloud Middle Shed","Cooks",8131.940467,13,0,0,2021
"2850-57565","2850-57551","Blue Cloud Middle Shed","Struthers main",1242.344394,13,0,0,2021
"2850-57599","2850-57603","Cathys est","Schaaps",6915.132474,7,0,0,2021
"2850-57599","2850-57608","Cathys est","Urban Farm Girlz Sheep Shed",2733.095014,13,0,0,2021
"2850-57599","2850-57612","Cathys est","Blue Cloud main",4754.681144,10,0,0,2021
"2850-57599","2850-57610","Cathys est","Blue Cloud main",4754.681144,9,0,0,2021
"2850-57599","2850-57853","Cathys est","Cooks",11307.353,8,0,0,2021
"2850-57599","2640-97385","Cathys est","Make Believe",3337.471654,8,0,0,2021
"2850-57599","2640-97596","Cathys est","Make Believe",3337.471654,8,0,0,2021
"2850-57599","2640-97370","Cathys est","Cooks",11307.353,14,0,0,2021
"2850-57599","2640-97347","Cathys est","Make Believe",3337.471654,13,0,0,2021
"2850-57599","2850-57551","Cathys est","Struthers main",3488.116073,13,0,0,2021
"2850-57599","2850-57609","Cathys est","Cooks",11307.353,13,0,0,2021
"2850-57599","2850-57550","Cathys est","Mary Anns est",185.3781345,4,0,0,2021
"2850-57602","2850-57608","Cooks","Urban Farm Girlz Sheep Shed",13112.56561,13,0,0,2021
"2850-57602","2850-57610","Cooks","Blue Cloud main",8135.083191,9,0,0,2021
"2850-57602","2850-57603","Cooks","Schaaps",14316.31219,7,0,0,2021
"2850-57602","2850-57612","Cooks","Blue Cloud main",8135.083191,10,0,0,2021
"2850-57602","2640-97596","Cooks","Make Believe",8134.783478,8,0,0,2021
"2850-57602","2640-97347","Cooks","Make Believe",8134.783478,13,0,0,2021
"2850-57602","2640-97385","Cooks","Make Believe",8134.783478,8,0,0,2021
"2850-57602","2850-57551","Cooks","Struthers main",9026.103113,13,0,0,2021
"2850-57602","2850-57550","Cooks","Mary Anns est",11115.95446,4,0,0,2021
"2850-57615","2850-57853","Urban Farm Girlz Sheep Shed","Cooks",13112.56561,8,0,0,2021
"2850-57615","2640-97370","Urban Farm Girlz Sheep Shed","Cooks",13112.56561,14,0,0,2021
"2850-57615","2640-97347","Urban Farm Girlz Sheep Shed","Make Believe",5761.465774,13,0,0,2021
"2850-57615","2640-97385","Urban Farm Girlz Sheep Shed","Make Believe",5761.465774,8,0,0,2021
"2850-57615","2640-97596","Urban Farm Girlz Sheep Shed","Make Believe",5761.465774,8,0,0,2021
"2850-57615","2850-57551","Urban Farm Girlz Sheep Shed","Struthers main",4200.884412,13,0,0,2021
"2850-57615","2850-57550","Urban Farm Girlz Sheep Shed","Mary Anns est",2900.906662,4,0,0,2021
"2850-57615","2850-57609","Urban Farm Girlz Sheep Shed","Cooks",13112.56561,13,0,0,2021
"2850-57619","2850-57853","Reinarz shed est","Cooks",1200.685865,8,0,0,2021
"2850-57619","2640-97385","Reinarz shed est","Make Believe",8068.720913,8,0,0,2021
"2850-57619","2640-97596","Reinarz shed est","Make Believe",8068.720913,8,0,0,2021
"2850-57619","2640-97347","Reinarz shed est","Make Believe",8068.720913,13,0,0,2021
"2850-57619","2640-97370","Reinarz shed est","Cooks",1200.685865,14,0,0,2021
"2850-57619","2850-57609","Reinarz shed est","Cooks",1200.685865,13,0,0,2021
"2850-57619","2850-57551","Reinarz shed est","Struthers main",9398.404037,13,0,0,2021
"2850-57619","2850-57550","Reinarz shed est","Mary Anns est",11157.58843,4,0,0,2021
"2850-57624","2850-57853","Urban Farm Girlz Red Barn","Cooks",13146.32277,8,0,0,2021
"2850-57624","2640-97370","Urban Farm Girlz Red Barn","Cooks",13146.32277,14,0,0,2021
"2850-57624","2640-97347","Urban Farm Girlz Red Barn","Make Believe",5781.976718,13,0,0,2021
"2850-57624","2640-97385","Urban Farm Girlz Red Barn","Make Believe",5781.976718,8,0,0,2021
"2850-57624","2640-97596","Urban Farm Girlz Red Barn","Make Believe",5781.976718,8,0,0,2021
"2850-57624","2850-57609","Urban Farm Girlz Red Barn","Cooks",13146.32277,13,0,0,2021
"2850-57624","2850-57551","Urban Farm Girlz Red Barn","Struthers main",4239.054456,13,0,0,2021
"2850-57624","2850-57550","Urban Farm Girlz Red Barn","Mary Anns est",2908.435718,4,0,0,2021
"2850-57625","2850-57853","Alishas est","Cooks",1546.300542,8,0,0,2021
"2850-57625","2640-97370","Alishas est","Cooks",1546.300542,14,0,0,2021
"2850-57625","2640-97347","Alishas est","Make Believe",8065.260889,13,0,0,2021
"2850-57625","2640-97596","Alishas est","Make Believe",8065.260889,8,0,0,2021
"2850-57625","2640-97385","Alishas est","Make Believe",8065.260889,8,0,0,2021
"2850-57625","2850-57609","Alishas est","Cooks",1546.300542,13,0,0,2021
"2850-57625","2850-57551","Alishas est","Struthers main",9514.577439,13,0,0,2021
"2850-57625","2850-57550","Alishas est","Mary Anns est",11176.59539,4,0,0,2021
"2850-57628","2850-57853","Alishas est","Cooks",1546.300542,8,0,0,2021
"2850-57628","2640-97370","Alishas est","Cooks",1546.300542,14,0,0,2021
"2850-57628","2640-97347","Alishas est","Make Believe",8065.260889,13,0,0,2021
"2850-57628","2640-97596","Alishas est","Make Believe",8065.260889,8,0,0,2021
"2850-57628","2640-97385","Alishas est","Make Believe",8065.260889,8,0,0,2021
"2850-57628","2850-57550","Alishas est","Mary Anns est",11176.59539,4,0,0,2021
"2850-57628","2850-57551","Alishas est","Struthers main",9514.577439,13,0,0,2021
"2850-57628","2850-57609","Alishas est","Cooks",1546.300542,13,0,0,2021
"2850-57630","2850-57853","Alishas est","Cooks",1546.300542,8,0,0,2021
"2850-57630","2640-97370","Alishas est","Cooks",1546.300542,14,0,0,2021
"2850-57630","2640-97596","Alishas est","Make Believe",8065.260889,8,0,0,2021
"2850-57630","2640-97347","Alishas est","Make Believe",8065.260889,13,0,0,2021
"2850-57630","2640-97385","Alishas est","Make Believe",8065.260889,8,0,0,2021
"2850-57630","2850-57609","Alishas est","Cooks",1546.300542,13,0,0,2021
"2850-57630","2850-57550","Alishas est","Mary Anns est",11176.59539,4,0,0,2021
"2850-57630","2850-57551","Alishas est","Struthers main",9514.577439,13,0,0,2021
"2850-57631","2850-57853","Alishas est","Cooks",1546.300542,8,0,0,2021
"2850-57631","2640-97385","Alishas est","Make Believe",8065.260889,8,0,0,2021
"2850-57631","2640-97596","Alishas est","Make Believe",8065.260889,8,0,0,2021
"2850-57631","2640-97370","Alishas est","Cooks",1546.300542,14,0,0,2021
"2850-57631","2640-97347","Alishas est","Make Believe",8065.260889,13,0,0,2021
"2850-57631","2850-57551","Alishas est","Struthers main",9514.577439,13,0,0,2021
"2850-57631","2850-57550","Alishas est","Mary Anns est",11176.59539,4,0,0,2021
"2850-57631","2850-57609","Alishas est","Cooks",1546.300542,13,0,0,2021
"2850-57836","2850-57853","Make Believe","Cooks",8134.783478,8,0,0,2021
"2850-57836","2640-97370","Make Believe","Cooks",8134.783478,14,0,0,2021
"2850-57836","2850-57550","Make Believe","Mary Anns est",3139.663173,4,0,0,2021
"2850-57836","2850-57551","Make Believe","Struthers main",3336.249381,13,0,0,2021
"2850-57836","2850-57609","Make Believe","Cooks",8134.783478,13,0,0,2021
"2850-57901","2640-97370","Blue Cloud main","Cooks",8135.083191,14,0,0,2021
"2850-57901","2640-97347","Blue Cloud main","Make Believe",3928.765414,13,0,0,2021
"2850-57901","2640-97385","Blue Cloud main","Make Believe",3928.765414,8,0,0,2021
"2850-57901","2640-97596","Blue Cloud main","Make Believe",3928.765414,8,0,0,2021
"2850-57901","2850-57609","Blue Cloud main","Cooks",8135.083191,13,0,0,2021
"2850-57901","2850-57550","Blue Cloud main","Mary Anns est",4649.013242,4,0,0,2021
"2850-57901","2850-57551","Blue Cloud main","Struthers main",1282.306886,13,0,0,2021
"2850-57912","2640-97347","Cooks","Make Believe",8134.783478,13,0,0,2021
"2850-57912","2640-97596","Cooks","Make Believe",8134.783478,8,0,0,2021
"2850-57912","2640-97385","Cooks","Make Believe",8134.783478,8,0,0,2021
"2850-57912","2850-57551","Cooks","Struthers main",9026.103113,13,0,0,2021
"2850-57912","2850-57550","Cooks","Mary Anns est",11115.95446,4,0,0,2021
"2850-57915","2640-97370","Alishas est","Cooks",1546.300542,14,0,0,2021
"2850-57915","2640-97385","Alishas est","Make Believe",8065.260889,8,0,0,2021
"2850-57915","2640-97596","Alishas est","Make Believe",8065.260889,8,0,0,2021
"2850-57915","2640-97347","Alishas est","Make Believe",8065.260889,13,0,0,2021
"2850-57915","2850-57550","Alishas est","Mary Anns est",11176.59539,4,0,0,2021
"2850-57915","2850-57609","Alishas est","Cooks",1546.300542,13,0,0,2021
"2850-57915","2850-57551","Alishas est","Struthers main",9514.577439,13,0,0,2021
"2850-57916","2640-97347","Alishas est","Make Believe",8065.260889,13,0,0,2021
"2850-57916","2640-97370","Alishas est","Cooks",1546.300542,14,0,0,2021
"2850-57916","2640-97385","Alishas est","Make Believe",8065.260889,8,0,0,2021
"2850-57916","2640-97596","Alishas est","Make Believe",8065.260889,8,0,0,2021
"2850-57916","2850-57551","Alishas est","Struthers main",9514.577439,13,0,0,2021
"2850-57916","2850-57550","Alishas est","Mary Anns est",11176.59539,4,0,0,2021
"2850-57916","2850-57609","Alishas est","Cooks",1546.300542,13,0,0,2021
"2850-57917","2640-97347","Alishas est","Make Believe",8065.260889,13,0,0,2021
"2850-57917","2640-97385","Alishas est","Make Believe",8065.260889,8,0,0,2021
"2850-57917","2640-97596","Alishas est","Make Believe",8065.260889,8,0,0,2021
"2850-57917","2640-97370","Alishas est","Cooks",1546.300542,14,0,0,2021
"2850-57917","2850-57550","Alishas est","Mary Anns est",11176.59539,4,0,0,2021
"2850-57917","2850-57551","Alishas est","Struthers main",9514.577439,13,0,0,2021
"2850-57917","2850-57609","Alishas est","Cooks",1546.300542,13,0,0,2021
"2510-63488","2640-97370","Make Believe","Cooks",8134.783478,14,0,0,2021
"2510-63488","2850-57551","Make Believe","Struthers main",3336.249381,13,0,0,2021
"2510-63488","2850-57550","Make Believe","Mary Anns est",3139.663173,4,0,0,2021
"2510-63488","2850-57609","Make Believe","Cooks",8134.783478,13,0,0,2021
"2811-82916","2640-97370","Make Believe Shed","Cooks",8148.946634,14,0,0,2021
"2811-82916","2640-97385","Make Believe Shed","Make Believe",16.34208163,8,0,0,2021
"2811-82916","2640-97596","Make Believe Shed","Make Believe",16.34208163,8,0,0,2021
"2811-82916","2640-97347","Make Believe Shed","Make Believe",16.34208163,13,0,0,2021
"2811-82916","2850-57550","Make Believe Shed","Mary Anns est",3153.762085,4,0,0,2021
"2811-82916","2850-57551","Make Believe Shed","Struthers main",3375.261894,13,0,0,2021
"2811-82916","2850-57609","Make Believe Shed","Cooks",8148.946634,13,0,0,2021
"2850-57565","2811-38691","Blue Cloud wash room","Cathys est",4671.073588,3,0,0,2021
"2850-57565","2850-57559","Blue Cloud wash room","Schaaps",6384.006083,5,0,0,2021
"2850-57565","2850-57561","Blue Cloud wash room","Schaaps",6384.006083,8,0,0,2021
"2850-57565","2850-57604","Blue Cloud wash room","Schaaps",6384.006083,7,0,0,2021
"2850-57565","2850-57611","Blue Cloud wash room","Schaaps",6384.006083,8,0,0,2021
"2850-57565","2850-57617","Blue Cloud wash room","Urban Farm Girlz Red Barn",5414.704137,3,0,0,2021
"2850-57565","2850-57635","Blue Cloud wash room","Make Believe",3784.462198,4,0,0,2021
"2850-57565","2850-57854","Blue Cloud wash room","Cooks",8079.165808,7,0,0,2021
"2850-57565","2850-57904","Blue Cloud wash room","Schaaps",6384.006083,9,0,0,2021
"2850-57565","2850-57905","Blue Cloud wash room","Schaaps",6384.006083,5,0,0,2021
"2850-57565","2850-57553","Blue Cloud wash room","Schaaps",6384.006083,12,0,0,2021
"2850-57565","2850-57555","Blue Cloud wash room","Reinarz shed est",8562.618015,5,0,0,2021
"2850-57565","2850-57556","Blue Cloud wash room","Schaaps",6384.006083,12,0,0,2021
"2850-57565","2850-57558","Blue Cloud wash room","Cooks",8079.165808,4,0,0,2021
"2850-57565","2850-57612","Blue Cloud wash room","Blue Cloud main",116.1169953,10,0,0,2021
"2850-57565","2850-57603","Blue Cloud wash room","Schaaps",6384.006083,7,0,0,2021
"2850-57565","2850-57608","Blue Cloud wash room","Urban Farm Girlz Sheep Shed",5375.311974,13,0,0,2021
"2850-57565","2850-57610","Blue Cloud wash room","Blue Cloud main",116.1169953,9,0,0,2021
"2850-57565","2850-57853","Blue Cloud wash room","Cooks",8079.165808,8,0,0,2021
"2850-57565","2640-97347","Blue Cloud wash room","Make Believe",3784.462198,13,0,0,2021
"2850-57565","2640-97370","Blue Cloud wash room","Cooks",8079.165808,14,0,0,2021
"2850-57565","2640-97385","Blue Cloud wash room","Make Believe",3784.462198,8,0,0,2021
"2850-57565","2640-97596","Blue Cloud wash room","Make Believe",3784.462198,8,0,0,2021
"2850-57565","2850-57550","Blue Cloud wash room","Mary Anns est",4561.010246,4,0,0,2021
"2850-57565","2850-57609","Blue Cloud wash room","Cooks",8079.165808,13,0,0,2021
"2850-57565","2850-57551","Blue Cloud wash room","Struthers main",1226.390882,13,0,0,2021
"2850-57633","2811-38691","Hepp awning","Cathys est",11501.69892,3,0,0,2021
"2850-57633","2850-57559","Hepp awning","Schaaps",14226.85057,5,0,0,2021
"2850-57633","2850-57561","Hepp awning","Schaaps",14226.85057,8,0,0,2021
"2850-57633","2850-57604","Hepp awning","Schaaps",14226.85057,7,0,0,2021
"2850-57633","2850-57611","Hepp awning","Schaaps",14226.85057,8,0,0,2021
"2850-57633","2850-57617","Hepp awning","Urban Farm Girlz Red Barn",13246.9714,3,0,0,2021
"2850-57633","2850-57635","Hepp awning","Make Believe",8391.08136,4,0,0,2021
"2850-57633","2850-57854","Hepp awning","Cooks",552.1242579,7,0,0,2021
"2850-57633","2850-57904","Hepp awning","Schaaps",14226.85057,9,0,0,2021
"2850-57633","2850-57905","Hepp awning","Schaaps",14226.85057,5,0,0,2021
"2850-57633","2850-57553","Hepp awning","Schaaps",14226.85057,12,0,0,2021
"2850-57633","2850-57555","Hepp awning","Reinarz shed est",1750.061847,5,0,0,2021
"2850-57633","2850-57556","Hepp awning","Schaaps",14226.85057,12,0,0,2021
"2850-57633","2850-57558","Hepp awning","Cooks",552.1242579,4,0,0,2021
"2850-57633","2850-57603","Hepp awning","Schaaps",14226.85057,7,0,0,2021
"2850-57633","2850-57608","Hepp awning","Urban Farm Girlz Sheep Shed",13212.09047,13,0,0,2021
"2850-57633","2850-57610","Hepp awning","Blue Cloud main",8125.005075,9,0,0,2021
"2850-57633","2850-57612","Hepp awning","Blue Cloud main",8125.005075,10,0,0,2021
"2850-57633","2850-57853","Hepp awning","Cooks",552.1242579,8,0,0,2021
"2850-57633","2640-97347","Hepp awning","Make Believe",8391.08136,13,0,0,2021
"2850-57633","2640-97370","Hepp awning","Cooks",552.1242579,14,0,0,2021
"2850-57633","2640-97385","Hepp awning","Make Believe",8391.08136,8,0,0,2021
"2850-57633","2640-97596","Hepp awning","Make Believe",8391.08136,8,0,0,2021
"2850-57633","2850-57550","Hepp awning","Mary Anns est",11313.23631,4,0,0,2021
"2850-57633","2850-57609","Hepp awning","Cooks",552.1242579,13,0,0,2021
"2850-57633","2850-57551","Hepp awning","Struthers main",9077.771685,13,0,0,2021
"2850-57549","2811-38691","Cathys trailer est","Cathys est",12.45093083,3,0,0,2021
"2850-57549","2850-57559","Cathys trailer est","Schaaps",6902.15976,5,0,0,2021
"2850-57549","2850-57561","Cathys trailer est","Schaaps",6902.15976,8,0,0,2021
"2850-57549","2850-57604","Cathys trailer est","Schaaps",6902.15976,7,0,0,2021
"2850-57549","2850-57611","Cathys trailer est","Schaaps",6902.15976,8,0,0,2021
"2850-57549","2850-57617","Cathys trailer est","Urban Farm Girlz Red Barn",2720.939974,3,0,0,2021
"2850-57549","2850-57635","Cathys trailer est","Make Believe",3365.623023,4,0,0,2021
"2850-57549","2850-57854","Cathys trailer est","Cooks",11328.65514,7,0,0,2021
"2850-57549","2850-57904","Cathys trailer est","Schaaps",6902.15976,9,0,0,2021
"2850-57549","2850-57905","Cathys trailer est","Schaaps",6902.15976,5,0,0,2021
"2850-57549","2850-57556","Cathys trailer est","Schaaps",6902.15976,12,0,0,2021
"2850-57549","2850-57553","Cathys trailer est","Schaaps",6902.15976,12,0,0,2021
"2850-57549","2850-57558","Cathys trailer est","Cooks",11328.65514,4,0,0,2021
"2850-57549","2850-57555","Cathys trailer est","Reinarz shed est",11377.42479,5,0,0,2021
"2850-57549","2850-57608","Cathys trailer est","Urban Farm Girlz Sheep Shed",2715.210023,13,0,0,2021
"2850-57549","2850-57603","Cathys trailer est","Schaaps",6902.15976,7,0,0,2021
"2850-57549","2850-57612","Cathys trailer est","Blue Cloud main",4764.859268,10,0,0,2021
"2850-57549","2850-57610","Cathys trailer est","Blue Cloud main",4764.859268,9,0,0,2021
"2850-57549","2850-57853","Cathys trailer est","Cooks",11328.65514,8,0,0,2021
"2850-57549","2640-97347","Cathys trailer est","Make Believe",3365.623023,13,0,0,2021
"2850-57549","2640-97385","Cathys trailer est","Make Believe",3365.623023,8,0,0,2021
"2850-57549","2640-97370","Cathys trailer est","Cooks",11328.65514,14,0,0,2021
"2850-57549","2640-97596","Cathys trailer est","Make Believe",3365.623023,8,0,0,2021
"2850-57549","2850-57609","Cathys trailer est","Cooks",11328.65514,13,0,0,2021
"2850-57549","2850-57551","Cathys trailer est","Struthers main",3496.957687,13,0,0,2021
"2850-57549","2850-57550","Cathys trailer est","Mary Anns est",213.978866,4,0,0,2021
"2811-06912","2850-57613","Schaaps","Blue Cloud wash room",6384.006083,4,0,0,2021
"2850-57549","2850-57613","Mary Anns est","Blue Cloud wash room",4561.010246,4,0,0,2021
"2850-57538","2850-57613","Schaaps","Blue Cloud wash room",6384.006083,4,0,0,2021
"2850-57505","2850-57613","Cooks","Blue Cloud wash room",8079.165808,4,0,0,2021
"2850-57565","2850-57613","Blue Cloud Middle Shed","Blue Cloud wash room",52.87267263,4,0,0,2021
"2850-57619","2850-57613","Reinarz shed est","Blue Cloud wash room",8562.618015,4,0,0,2021
"2850-57599","2850-57613","Cathys est","Blue Cloud wash room",4671.073588,4,0,0,2021
"2850-57624","2850-57613","Urban Farm Girlz Red Barn","Blue Cloud wash room",5414.704137,4,0,0,2021
"2850-57602","2850-57613","Cooks","Blue Cloud wash room",8079.165808,4,0,0,2021
"2850-57625","2850-57613","Alishas est","Blue Cloud wash room",8711.64143,4,0,0,2021
"2850-57628","2850-57613","Alishas est","Blue Cloud wash room",8711.64143,4,0,0,2021
"2850-57615","2850-57613","Urban Farm Girlz Sheep Shed","Blue Cloud wash room",5375.311974,4,0,0,2021
"2850-57836","2850-57613","Make Believe","Blue Cloud wash room",3784.462198,4,0,0,2021
"2850-57901","2850-57613","Blue Cloud main","Blue Cloud wash room",116.1169953,4,0,0,2021
"2850-57630","2850-57613","Alishas est","Blue Cloud wash room",8711.64143,4,0,0,2021
"2850-57631","2850-57613","Alishas est","Blue Cloud wash room",8711.64143,4,0,0,2021
"2811-82916","2850-57613","Make Believe Shed","Blue Cloud wash room",3824.134193,4,0,0,2021
"2850-57916","2850-57613","Alishas est","Blue Cloud wash room",8711.64143,4,0,0,2021
"2850-57917","2850-57613","Alishas est","Blue Cloud wash room",8711.64143,4,0,0,2021
"2510-63488","2850-57613","Make Believe","Blue Cloud wash room",3784.462198,4,0,0,2021
"2850-57915","2850-57613","Alishas est","Blue Cloud wash room",8711.64143,4,0,0,2021
"2850-57912","2850-57613","Cooks","Blue Cloud wash room",8079.165808,4,0,0,2021
"2640-97548","2850-57613","Blue Cloud main","Blue Cloud wash room",116.1169953,4,0,0,2021
"2850-57557","2850-57613","Cooks","Blue Cloud wash room",8079.165808,4,0,0,2021
"2850-57614","2850-57613","Blue Cloud main","Blue Cloud wash room",116.1169953,4,0,0,2021
"2850-57633","2850-57613","Cooks","Blue Cloud wash room",8079.165808,4,0,0,2021
"2850-57620","2850-57613","Jims Green Barn est","Blue Cloud wash room",2194.076336,4,0,0,2021
"2350-21085","2850-57613","Make Believe","Blue Cloud wash room",3784.462198,4,0,0,2021
"2850-57518","2850-57613","Make Believe","Blue Cloud wash room",3784.462198,4,0,0,2021
"2850-57701","2850-57613","Schaaps","Blue Cloud wash room",6384.006083,4,0,0,2021
"2850-57607","2850-57613","Schaaps","Blue Cloud wash room",6384.006083,4,0,0,2021
"2850-57636","2850-57613","Blue Cloud main","Blue Cloud wash room",116.1169953,4,0,0,2021
"2850-57552","2850-57613","Struthers main","Blue Cloud wash room",1226.390882,4,0,0,2021
"2850-57546","2850-57613","Schaaps","Blue Cloud wash room",6384.006083,4,0,0,2021
"2850-57554","2850-57613","Schaaps","Blue Cloud wash room",6384.006083,4,0,0,2021
"2850-57562","2850-57613","Schaaps","Blue Cloud wash room",6384.006083,4,0,0,2021
"2850-57563","2850-57613","Schaaps","Blue Cloud wash room",6384.006083,4,0,0,2021
"2850-57606","2850-57613","Schaaps","Blue Cloud wash room",6384.006083,4,0,0,2021
"2850-57633","2850-57613","Hepp awning","Blue Cloud wash room",8078.861616,4,0,0,2021
"2850-57549","2850-57613","Cathys trailer est","Blue Cloud wash room",4681.781374,4,0,0,2021
"2850-57565","2850-57558","Blue Cloud Middle Shed","Hepp awning",8126.824831,2,0,0,2021
"2850-57615","2850-57558","Urban Farm Girlz Sheep Shed","Hepp awning",13212.09047,2,0,0,2021
"2850-57599","2850-57558","Cathys est","Hepp awning",11501.69892,2,0,0,2021
"2850-57602","2850-57558","Cooks","Hepp awning",552.1242579,2,0,0,2021
"2850-57624","2850-57558","Urban Farm Girlz Red Barn","Hepp awning",13246.9714,2,0,0,2021
"2850-57836","2850-57558","Make Believe","Hepp awning",8391.08136,2,0,0,2021
"2850-57628","2850-57558","Alishas est","Hepp awning",2094.980717,2,0,0,2021
"2850-57619","2850-57558","Reinarz shed est","Hepp awning",1750.061847,2,0,0,2021
"2850-57625","2850-57558","Alishas est","Hepp awning",2094.980717,2,0,0,2021
"2850-57630","2850-57558","Alishas est","Hepp awning",2094.980717,2,0,0,2021
"2850-57901","2850-57558","Blue Cloud main","Hepp awning",8125.005075,2,0,0,2021
"2850-57631","2850-57558","Alishas est","Hepp awning",2094.980717,2,0,0,2021
"2811-82916","2850-57558","Make Believe Shed","Hepp awning",8407.452049,2,0,0,2021
"2850-57912","2850-57558","Cooks","Hepp awning",552.1242579,2,0,0,2021
"2510-63488","2850-57558","Make Believe","Hepp awning",8391.08136,2,0,0,2021
"2850-57916","2850-57558","Alishas est","Hepp awning",2094.980717,2,0,0,2021
"2850-57917","2850-57558","Alishas est","Hepp awning",2094.980717,2,0,0,2021
"2850-57915","2850-57558","Alishas est","Hepp awning",2094.980717,2,0,0,2021
"2850-57614","2850-57558","Blue Cloud main","Hepp awning",8125.005075,2,0,0,2021
"2850-57633","2850-57558","Cooks","Hepp awning",552.1242579,2,0,0,2021
"2850-57620","2850-57558","Jims Green Barn est","Hepp awning",5872.820528,2,0,0,2021
"2350-21085","2850-57558","Make Believe","Hepp awning",8391.08136,2,0,0,2021
"2850-57518","2850-57558","Make Believe","Hepp awning",8391.08136,2,0,0,2021
"2640-97548","2850-57558","Blue Cloud main","Hepp awning",8125.005075,2,0,0,2021
"2850-57557","2850-57558","Cooks","Hepp awning",552.1242579,2,0,0,2021
"2850-57552","2850-57558","Struthers main","Hepp awning",9077.771685,2,0,0,2021
"2850-57636","2850-57558","Blue Cloud main","Hepp awning",8125.005075,2,0,0,2021
"2850-57607","2850-57558","Schaaps","Hepp awning",14226.85057,2,0,0,2021
"2850-57701","2850-57558","Schaaps","Hepp awning",14226.85057,2,0,0,2021
"2850-57546","2850-57558","Schaaps","Hepp awning",14226.85057,2,0,0,2021
"2850-57554","2850-57558","Schaaps","Hepp awning",14226.85057,2,0,0,2021
"2850-57562","2850-57558","Schaaps","Hepp awning",14226.85057,2,0,0,2021
"2850-57563","2850-57558","Schaaps","Hepp awning",14226.85057,2,0,0,2021
"2850-57606","2850-57558","Schaaps","Hepp awning",14226.85057,2,0,0,2021
"2811-06912","2850-57558","Schaaps","Hepp awning",14226.85057,2,0,0,2021
"2850-57505","2850-57558","Cooks","Hepp awning",552.1242579,2,1,0.5,2021
"2850-57538","2850-57558","Schaaps","Hepp awning",14226.85057,2,0,0,2021
"2850-57549","2850-57558","Mary Anns est","Hepp awning",11313.23631,2,0,0,2021
"2850-57565","2850-57558","Blue Cloud wash room","Hepp awning",8078.861616,2,0,0,2021
"2850-57549","2850-57558","Cathys trailer est","Hepp awning",11522.14035,2,0,0,2021
"2640-97548","2850-57550","Blue Cloud main","Cathys trailer est",4764.859268,4,0,0,2021
"2850-57614","2850-57550","Blue Cloud main","Cathys trailer est",4764.859268,4,0,0,2021
"2850-57518","2850-57550","Make Believe","Cathys trailer est",3365.623023,4,0,0,2021
"2850-57620","2850-57550","Jims Green Barn est","Cathys trailer est",6184.363378,4,0,0,2021
"2850-57633","2850-57550","Cooks","Cathys trailer est",11328.65514,4,0,0,2021
"2850-57636","2850-57550","Blue Cloud main","Cathys trailer est",4764.859268,4,0,0,2021
"2850-57557","2850-57550","Cooks","Cathys trailer est",11328.65514,4,0,0,2021
"2850-57607","2850-57550","Schaaps","Cathys trailer est",6902.15976,4,0,0,2021
"2350-21085","2850-57550","Make Believe","Cathys trailer est",3365.623023,4,0,0,2021
"2850-57552","2850-57550","Struthers main","Cathys trailer est",3496.957687,4,0,0,2021
"2850-57701","2850-57550","Schaaps","Cathys trailer est",6902.15976,4,0,0,2021
"2850-57546","2850-57550","Schaaps","Cathys trailer est",6902.15976,4,0,0,2021
"2850-57554","2850-57550","Schaaps","Cathys trailer est",6902.15976,4,0,0,2021
"2850-57562","2850-57550","Schaaps","Cathys trailer est",6902.15976,4,0,0,2021
"2850-57563","2850-57550","Schaaps","Cathys trailer est",6902.15976,4,0,0,2021
"2850-57606","2850-57550","Schaaps","Cathys trailer est",6902.15976,4,0,0,2021
"2811-06912","2850-57550","Schaaps","Cathys trailer est",6902.15976,4,0,0,2021
"2850-57505","2850-57550","Cooks","Cathys trailer est",11328.65514,4,0,0,2021
"2850-57538","2850-57550","Schaaps","Cathys trailer est",6902.15976,4,0,0,2021
"2850-57549","2850-57550","Mary Anns est","Cathys trailer est",213.978866,4,0,0,2021
"2850-57565","2850-57550","Blue Cloud Middle Shed","Cathys trailer est",4715.612373,4,0,0,2021
"2850-57599","2850-57550","Cathys est","Cathys trailer est",12.45093083,4,0,0,2021
"2850-57602","2850-57550","Cooks","Cathys trailer est",11328.65514,4,0,0,2021
"2850-57615","2850-57550","Urban Farm Girlz Sheep Shed","Cathys trailer est",2715.210023,4,0,0,2021
"2850-57619","2850-57550","Reinarz shed est","Cathys trailer est",11377.42479,4,0,0,2021
"2850-57624","2850-57550","Urban Farm Girlz Red Barn","Cathys trailer est",2720.939974,4,0,0,2021
"2850-57625","2850-57550","Alishas est","Cathys trailer est",11397.99391,4,0,0,2021
"2850-57628","2850-57550","Alishas est","Cathys trailer est",11397.99391,4,0,0,2021
"2850-57630","2850-57550","Alishas est","Cathys trailer est",11397.99391,4,0,0,2021
"2850-57631","2850-57550","Alishas est","Cathys trailer est",11397.99391,4,0,0,2021
"2850-57836","2850-57550","Make Believe","Cathys trailer est",3365.623023,4,0,0,2021
"2850-57901","2850-57550","Blue Cloud main","Cathys trailer est",4764.859268,4,0,0,2021
"2850-57912","2850-57550","Cooks","Cathys trailer est",11328.65514,4,0,0,2021
"2850-57915","2850-57550","Alishas est","Cathys trailer est",11397.99391,4,0,0,2021
"2850-57916","2850-57550","Alishas est","Cathys trailer est",11397.99391,4,0,0,2021
"2850-57917","2850-57550","Alishas est","Cathys trailer est",11397.99391,4,0,0,2021
"2510-63488","2850-57550","Make Believe","Cathys trailer est",3365.623023,4,0,0,2021
"2811-82916","2850-57550","Make Believe Shed","Cathys trailer est",3379.875891,4,0,0,2021
"2850-57565","2850-57550","Blue Cloud wash room","Cathys trailer est",4681.781374,4,0,0,2021
"2850-57633","2850-57550","Hepp awning","Cathys trailer est",11522.14035,4,0,0,2021
"2850-57659","2850-57870","Blue Cloud main","Blue Cloud Middle Shed",60.81465473,1,0,0,2022
"2850-57659","2850-57685","Blue Cloud main","Boyer",4432.865572,2,0,0,2022
"2850-57659","2850-57688","Blue Cloud main","Boyer",4432.865572,5,0,0,2022
"2850-57659","2640-97331","Blue Cloud main","CHR",4098.901931,8,0,0,2022
"2850-57659","2850-57667","Blue Cloud main","Cathys est",4754.681144,1,0,0,2022
"2850-57659","2640-97358","Blue Cloud main","CHR",4098.901931,7,0,0,2022
"2850-57659","2850-57585","Blue Cloud main","CHR",4098.901931,5,0,0,2022
"2850-57659","2850-57650","Blue Cloud main","CHR",4098.901931,7,0,0,2022
"2850-57659","2850-57588","Blue Cloud main","CHR",4098.901931,4,0,0,2022
"2850-57659","2850-57571","Blue Cloud main","CHR",4098.901931,4,0,0,2022
"2850-57659","2850-57735","Blue Cloud main","CHR",4098.901931,5,0,0,2022
"2850-57659","2850-57736","Blue Cloud main","CHR",4098.901931,5,0,0,2022
"2850-57659","2850-57649","Blue Cloud main","CHR",4098.901931,8,0,0,2022
"2850-57659","2850-57746","Blue Cloud main","CHR",4098.901931,7,0,0,2022
"2850-57659","2850-57652","Blue Cloud main","CHR",4098.901931,6,0,0,2022
"2850-57659","2850-57670","Blue Cloud main","CHR",4098.901931,5,0,0,2022
"2850-57659","2850-57654","Blue Cloud main","CHR",4098.901931,4,0,0,2022
"2850-57659","2870-65003","Blue Cloud main","CHR",4098.901931,5,0,0,2022
"2850-57659","2850-57656","Blue Cloud main","CHR",4098.901931,5,0,0,2022
"2850-57659","2850-57730","Blue Cloud main","CHR",4098.901931,9,0,0,2022
"2850-57659","2850-57883","Blue Cloud main","CHR",4098.901931,8,0,0,2022
"2850-57659","2850-57583","Blue Cloud main","CHR",4098.901931,8,0,0,2022
"2850-57659","2811-38984","Blue Cloud main","CHR",4098.901931,7,0,0,2022
"2850-57659","2850-57846","Blue Cloud main","CHR",4098.901931,6,0,0,2022
"2850-57659","2850-57568","Blue Cloud main","CHR",4098.901931,7,0,0,2022
"2850-57659","2850-57879","Blue Cloud main","CHR",4098.901931,8,0,0,2022
"2850-57659","2850-57637","Blue Cloud main","Cooks",8135.083191,1,0,0,2022
"2850-57659","2850-57648","Blue Cloud main","CHR",4098.901931,4,0,0,2022
"2850-57659","2870-64909","Blue Cloud main","CHR",4098.901931,4,0,0,2022
"2850-57659","2850-57609","Blue Cloud main","Cooks",8135.083191,5,0,0,2022
"2850-57659","Cooks-13_UNS","Blue Cloud main","Cooks",8135.083191,4,0,0,2022
"2850-57659","2850-57672","Blue Cloud main","Cooks",8135.083191,4,0,0,2022
"2850-57659","2850-57575","Blue Cloud main","Cooks",8135.083191,4,0,0,2022
"2850-57659","2850-57853","Blue Cloud main","Cooks",8135.083191,10,0,0,2022
"2850-57659","2850-57664","Blue Cloud main","Cooks",8135.083191,3,0,0,2022
"2850-57659","2850-57663","Blue Cloud main","Cooks",8135.083191,7,0,0,2022
"2850-57659","2850-57874","Blue Cloud main","Make Believe",3928.765414,2,0,0,2022
"2850-57659","2850-57700","Blue Cloud main","Cooks",8135.083191,4,0,0,2022
"2850-57659","2811-83207","Blue Cloud main","Dome House est",5309.66736,4,0,0,2022
"2850-57659","2850-57661","Blue Cloud main","Karens est",3706.930068,3,0,0,2022
"2850-57659","2850-57640","Blue Cloud main","McCauley est",1356.267398,6,0,0,2022
"2850-57659","2850-57878","Blue Cloud main","Make Believe",3928.765414,3,0,0,2022
"2850-57659","2850-57692","Blue Cloud main","Martes est",4851.236295,6,0,0,2022
"2850-57659","2850-57635","Blue Cloud main","Make Believe",3928.765414,8,0,0,2022
"2850-57659","2850-57576","Blue Cloud main","Make Believe",3928.765414,6,0,0,2022
"2850-57659","2640-97596","Blue Cloud main","Make Believe",3928.765414,10,0,0,2022
"2850-57659","2850-57872","Blue Cloud main","Make Believe",3928.765414,8,0,0,2022
"2850-57659","2850-57698","Blue Cloud main","Speedwell est",2324.039286,4,0,0,2022
"2850-57659","2850-57550","Blue Cloud main","Mary Anns est",4649.013242,3,0,0,2022
"2850-57659","2850-57753","Blue Cloud main","McCauley est",1356.267398,4,0,0,2022
"2850-57659","2850-57645","Blue Cloud main","Struthers main",1282.306886,4,0,0,2022
"2850-57659","2850-57551","Blue Cloud main","Struthers main",1282.306886,10,0,0,2022
"2850-57659","2850-57629","Blue Cloud main","Urban Farm Girlz Sheep Shed",5385.601613,7,0,0,2022
"2850-57659","2850-57608","Blue Cloud main","Urban Farm Girlz Sheep Shed",5385.601613,3,0,0,2022
"2850-57901","2850-57685","Blue Cloud main","Boyer",4432.865572,2,0,0,2022
"2850-57901","2850-57585","Blue Cloud main","CHR",4098.901931,5,0,0,2022
"2850-57901","2850-57650","Blue Cloud main","CHR",4098.901931,7,0,0,2022
"2850-57901","2850-57870","Blue Cloud main","Blue Cloud Middle Shed",60.81465473,1,0,0,2022
"2850-57901","2850-57688","Blue Cloud main","Boyer",4432.865572,5,0,0,2022
"2850-57901","2850-57735","Blue Cloud main","CHR",4098.901931,5,0,0,2022
"2850-57901","2850-57667","Blue Cloud main","Cathys est",4754.681144,1,0,0,2022
"2850-57901","2640-97358","Blue Cloud main","CHR",4098.901931,7,0,0,2022
"2850-57901","2640-97331","Blue Cloud main","CHR",4098.901931,8,0,0,2022
"2850-57901","2850-57736","Blue Cloud main","CHR",4098.901931,5,0,0,2022
"2850-57901","2850-57746","Blue Cloud main","CHR",4098.901931,7,0,0,2022
"2850-57901","2850-57670","Blue Cloud main","CHR",4098.901931,5,0,0,2022
"2850-57901","2850-57649","Blue Cloud main","CHR",4098.901931,8,0,0,2022
"2850-57901","2850-57654","Blue Cloud main","CHR",4098.901931,4,0,0,2022
"2850-57901","2850-57571","Blue Cloud main","CHR",4098.901931,4,0,0,2022
"2850-57901","2850-57883","Blue Cloud main","CHR",4098.901931,8,0,0,2022
"2850-57901","2850-57588","Blue Cloud main","CHR",4098.901931,4,0,0,2022
"2850-57901","2850-57583","Blue Cloud main","CHR",4098.901931,8,0,0,2022
"2850-57901","2850-57730","Blue Cloud main","CHR",4098.901931,9,0,0,2022
"2850-57901","2850-57652","Blue Cloud main","CHR",4098.901931,6,0,0,2022
"2850-57901","2850-57656","Blue Cloud main","CHR",4098.901931,5,0,0,2022
"2850-57901","2811-38984","Blue Cloud main","CHR",4098.901931,7,0,0,2022
"2850-57901","2870-64909","Blue Cloud main","CHR",4098.901931,4,0,0,2022
"2850-57901","2850-57568","Blue Cloud main","CHR",4098.901931,7,0,0,2022
"2850-57901","2850-57648","Blue Cloud main","CHR",4098.901931,4,0,0,2022
"2850-57901","Cooks-13_UNS","Blue Cloud main","Cooks",8135.083191,4,0,0,2022
"2850-57901","2870-65003","Blue Cloud main","CHR",4098.901931,5,0,0,2022
"2850-57901","2850-57846","Blue Cloud main","CHR",4098.901931,6,0,0,2022
"2850-57901","2850-57637","Blue Cloud main","Cooks",8135.083191,1,0,0,2022
"2850-57901","2850-57879","Blue Cloud main","CHR",4098.901931,8,0,0,2022
"2850-57901","2850-57575","Blue Cloud main","Cooks",8135.083191,4,0,0,2022
"2850-57901","2850-57664","Blue Cloud main","Cooks",8135.083191,3,0,0,2022
"2850-57901","2850-57609","Blue Cloud main","Cooks",8135.083191,5,0,0,2022
"2850-57901","2850-57672","Blue Cloud main","Cooks",8135.083191,4,0,0,2022
"2850-57901","2850-57661","Blue Cloud main","Karens est",3706.930068,3,0,0,2022
"2850-57901","2850-57853","Blue Cloud main","Cooks",8135.083191,10,0,0,2022
"2850-57901","2850-57700","Blue Cloud main","Cooks",8135.083191,4,0,0,2022
"2850-57901","2850-57663","Blue Cloud main","Cooks",8135.083191,7,0,0,2022
"2850-57901","2850-57878","Blue Cloud main","Make Believe",3928.765414,3,0,0,2022
"2850-57901","2850-57872","Blue Cloud main","Make Believe",3928.765414,8,0,0,2022
"2850-57901","2850-57576","Blue Cloud main","Make Believe",3928.765414,6,0,0,2022
"2850-57901","2811-83207","Blue Cloud main","Dome House est",5309.66736,4,0,0,2022
"2850-57901","2850-57874","Blue Cloud main","Make Believe",3928.765414,2,0,0,2022
"2850-57901","2850-57635","Blue Cloud main","Make Believe",3928.765414,8,0,0,2022
"2850-57901","2850-57640","Blue Cloud main","McCauley est",1356.267398,6,0,0,2022
"2850-57901","2640-97596","Blue Cloud main","Make Believe",3928.765414,10,0,0,2022
"2850-57901","2850-57550","Blue Cloud main","Mary Anns est",4649.013242,3,0,0,2022
"2850-57901","2850-57692","Blue Cloud main","Martes est",4851.236295,6,0,0,2022
"2850-57901","2850-57753","Blue Cloud main","McCauley est",1356.267398,4,0,0,2022
"2850-57901","2850-57551","Blue Cloud main","Struthers main",1282.306886,10,0,0,2022
"2850-57901","2850-57698","Blue Cloud main","Speedwell est",2324.039286,4,0,0,2022
"2850-57901","2850-57645","Blue Cloud main","Struthers main",1282.306886,4,0,0,2022
"2850-57901","2850-57629","Blue Cloud main","Urban Farm Girlz Sheep Shed",5385.601613,7,0,0,2022
"2850-57901","2850-57608","Blue Cloud main","Urban Farm Girlz Sheep Shed",5385.601613,3,0,0,2022
"2640-97548","2850-57870","Blue Cloud main","Blue Cloud Middle Shed",60.81465473,1,0,0,2022
"2640-97548","2850-57667","Blue Cloud main","Cathys est",4754.681144,1,0,0,2022
"2640-97548","2850-57688","Blue Cloud main","Boyer",4432.865572,5,0,0,2022
"2640-97548","2850-57685","Blue Cloud main","Boyer",4432.865572,2,0,0,2022
"2640-97548","2850-57650","Blue Cloud main","CHR",4098.901931,7,0,0,2022
"2640-97548","2850-57585","Blue Cloud main","CHR",4098.901931,5,0,0,2022
"2640-97548","2850-57649","Blue Cloud main","CHR",4098.901931,8,0,0,2022
"2640-97548","2640-97331","Blue Cloud main","CHR",4098.901931,8,0,0,2022
"2640-97548","2850-57735","Blue Cloud main","CHR",4098.901931,5,0,0,2022
"2640-97548","2850-57588","Blue Cloud main","CHR",4098.901931,4,0,0,2022
"2640-97548","2640-97358","Blue Cloud main","CHR",4098.901931,7,0,0,2022
"2640-97548","2850-57736","Blue Cloud main","CHR",4098.901931,5,0,0,2022
"2640-97548","2850-57571","Blue Cloud main","CHR",4098.901931,4,0,0,2022
"2640-97548","2850-57670","Blue Cloud main","CHR",4098.901931,5,0,0,2022
"2640-97548","2850-57652","Blue Cloud main","CHR",4098.901931,6,0,0,2022
"2640-97548","2811-38984","Blue Cloud main","CHR",4098.901931,7,0,0,2022
"2640-97548","2850-57656","Blue Cloud main","CHR",4098.901931,5,0,0,2022
"2640-97548","2850-57746","Blue Cloud main","CHR",4098.901931,7,0,0,2022
"2640-97548","2850-57654","Blue Cloud main","CHR",4098.901931,4,0,0,2022
"2640-97548","2850-57730","Blue Cloud main","CHR",4098.901931,9,0,0,2022
"2640-97548","2850-57568","Blue Cloud main","CHR",4098.901931,7,0,0,2022
"2640-97548","2850-57583","Blue Cloud main","CHR",4098.901931,8,0,0,2022
"2640-97548","2850-57883","Blue Cloud main","CHR",4098.901931,8,0,0,2022
"2640-97548","2850-57879","Blue Cloud main","CHR",4098.901931,8,0,0,2022
"2640-97548","2850-57846","Blue Cloud main","CHR",4098.901931,6,0,0,2022
"2640-97548","2850-57648","Blue Cloud main","CHR",4098.901931,4,0,0,2022
"2640-97548","2870-65003","Blue Cloud main","CHR",4098.901931,5,0,0,2022
"2640-97548","2850-57609","Blue Cloud main","Cooks",8135.083191,5,0,0,2022
"2640-97548","2850-57637","Blue Cloud main","Cooks",8135.083191,1,0,0,2022
"2640-97548","2870-64909","Blue Cloud main","CHR",4098.901931,4,0,0,2022
"2640-97548","2850-57575","Blue Cloud main","Cooks",8135.083191,4,0,0,2022
"2640-97548","Cooks-13_UNS","Blue Cloud main","Cooks",8135.083191,4,0,0,2022
"2640-97548","2850-57853","Blue Cloud main","Cooks",8135.083191,10,0,0,2022
"2640-97548","2850-57664","Blue Cloud main","Cooks",8135.083191,3,0,0,2022
"2640-97548","2850-57700","Blue Cloud main","Cooks",8135.083191,4,0,0,2022
"2640-97548","2850-57672","Blue Cloud main","Cooks",8135.083191,4,0,0,2022
"2640-97548","2850-57663","Blue Cloud main","Cooks",8135.083191,7,0,0,2022
"2640-97548","2811-83207","Blue Cloud main","Dome House est",5309.66736,4,0,0,2022
"2640-97548","2850-57878","Blue Cloud main","Make Believe",3928.765414,3,0,0,2022
"2640-97548","2850-57661","Blue Cloud main","Karens est",3706.930068,3,0,0,2022
"2640-97548","2850-57874","Blue Cloud main","Make Believe",3928.765414,2,0,0,2022
"2640-97548","2850-57872","Blue Cloud main","Make Believe",3928.765414,8,0,0,2022
"2640-97548","2850-57576","Blue Cloud main","Make Believe",3928.765414,6,0,0,2022
"2640-97548","2850-57550","Blue Cloud main","Mary Anns est",4649.013242,3,0,0,2022
"2640-97548","2640-97596","Blue Cloud main","Make Believe",3928.765414,10,0,0,2022
"2640-97548","2850-57635","Blue Cloud main","Make Believe",3928.765414,8,0,0,2022
"2640-97548","2850-57698","Blue Cloud main","Speedwell est",2324.039286,4,0,0,2022
"2640-97548","2850-57640","Blue Cloud main","McCauley est",1356.267398,6,0,0,2022
"2640-97548","2850-57753","Blue Cloud main","McCauley est",1356.267398,4,0,0,2022
"2640-97548","2850-57692","Blue Cloud main","Martes est",4851.236295,6,0,0,2022
"2640-97548","2850-57645","Blue Cloud main","Struthers main",1282.306886,4,0,0,2022
"2640-97548","2850-57551","Blue Cloud main","Struthers main",1282.306886,10,0,0,2022
"2640-97548","2850-57608","Blue Cloud main","Urban Farm Girlz Sheep Shed",5385.601613,3,0,0,2022
"2640-97548","2850-57629","Blue Cloud main","Urban Farm Girlz Sheep Shed",5385.601613,7,0,0,2022
"2850-57565","2850-57869","Blue Cloud Middle Shed","Blue Cloud main",60.81465473,6,0,0,2022
"2850-57565","2850-57572","Blue Cloud Middle Shed","Blue Cloud main",60.81465473,5,0,0,2022
"2850-57565","2850-57612","Blue Cloud Middle Shed","Blue Cloud main",60.81465473,10,0,0,2022
"2850-57565","2850-57667","Blue Cloud Middle Shed","Cathys est",4705.235243,1,0,0,2022
"2850-57565","2640-97331","Blue Cloud Middle Shed","CHR",4095.447993,8,0,0,2022
"2850-57565","2850-57871","Blue Cloud Middle Shed","Blue Cloud main",60.81465473,6,0,0,2022
"2850-57565","2850-57685","Blue Cloud Middle Shed","Boyer",4398.19486,2,0,0,2022
"2850-57565","2850-57585","Blue Cloud Middle Shed","CHR",4095.447993,5,0,0,2022
"2850-57565","2850-57688","Blue Cloud Middle Shed","Boyer",4398.19486,5,0,0,2022
"2850-57565","2850-57649","Blue Cloud Middle Shed","CHR",4095.447993,8,0,0,2022
"2850-57565","2850-57650","Blue Cloud Middle Shed","CHR",4095.447993,7,0,0,2022
"2850-57565","2640-97358","Blue Cloud Middle Shed","CHR",4095.447993,7,0,0,2022
"2850-57565","2850-57736","Blue Cloud Middle Shed","CHR",4095.447993,5,0,0,2022
"2850-57565","2850-57735","Blue Cloud Middle Shed","CHR",4095.447993,5,0,0,2022
"2850-57565","2850-57652","Blue Cloud Middle Shed","CHR",4095.447993,6,0,0,2022
"2850-57565","2850-57571","Blue Cloud Middle Shed","CHR",4095.447993,4,0,0,2022
"2850-57565","2850-57730","Blue Cloud Middle Shed","CHR",4095.447993,9,0,0,2022
"2850-57565","2850-57588","Blue Cloud Middle Shed","CHR",4095.447993,4,0,0,2022
"2850-57565","2850-57746","Blue Cloud Middle Shed","CHR",4095.447993,7,0,0,2022
"2850-57565","2850-57656","Blue Cloud Middle Shed","CHR",4095.447993,5,0,0,2022
"2850-57565","2850-57670","Blue Cloud Middle Shed","CHR",4095.447993,5,0,0,2022
"2850-57565","2850-57846","Blue Cloud Middle Shed","CHR",4095.447993,6,0,0,2022
"2850-57565","2850-57583","Blue Cloud Middle Shed","CHR",4095.447993,8,0,0,2022
"2850-57565","2850-57883","Blue Cloud Middle Shed","CHR",4095.447993,8,0,0,2022
"2850-57565","2850-57654","Blue Cloud Middle Shed","CHR",4095.447993,4,0,0,2022
"2850-57565","2850-57568","Blue Cloud Middle Shed","CHR",4095.447993,7,0,0,2022
"2850-57565","2811-38984","Blue Cloud Middle Shed","CHR",4095.447993,7,0,0,2022
"2850-57565","2850-57648","Blue Cloud Middle Shed","CHR",4095.447993,4,0,0,2022
"2850-57565","2850-57879","Blue Cloud Middle Shed","CHR",4095.447993,8,0,0,2022
"2850-57565","2870-65003","Blue Cloud Middle Shed","CHR",4095.447993,5,0,0,2022
"2850-57565","2850-57575","Blue Cloud Middle Shed","Cooks",8131.940467,4,0,0,2022
"2850-57565","Cooks-13_UNS","Blue Cloud Middle Shed","Cooks",8131.940467,4,0,0,2022
"2850-57565","2870-64909","Blue Cloud Middle Shed","CHR",4095.447993,4,0,0,2022
"2850-57565","2850-57637","Blue Cloud Middle Shed","Cooks",8131.940467,1,0,0,2022
"2850-57565","2850-57609","Blue Cloud Middle Shed","Cooks",8131.940467,5,0,0,2022
"2850-57565","2850-57664","Blue Cloud Middle Shed","Cooks",8131.940467,3,0,0,2022
"2850-57565","2850-57672","Blue Cloud Middle Shed","Cooks",8131.940467,4,0,0,2022
"2850-57565","2850-57661","Blue Cloud Middle Shed","Karens est",3708.902809,3,0,0,2022
"2850-57565","2850-57663","Blue Cloud Middle Shed","Cooks",8131.940467,7,0,0,2022
"2850-57565","2850-57853","Blue Cloud Middle Shed","Cooks",8131.940467,10,0,0,2022
"2850-57565","2850-57700","Blue Cloud Middle Shed","Cooks",8131.940467,4,0,0,2022
"2850-57565","2850-57872","Blue Cloud Middle Shed","Make Believe",3861.779098,8,0,0,2022
"2850-57565","2811-83207","Blue Cloud Middle Shed","Dome House est",5288.067559,4,0,0,2022
"2850-57565","2850-57635","Blue Cloud Middle Shed","Make Believe",3861.779098,8,0,0,2022
"2850-57565","2850-57874","Blue Cloud Middle Shed","Make Believe",3861.779098,2,0,0,2022
"2850-57565","2850-57878","Blue Cloud Middle Shed","Make Believe",3861.779098,3,0,0,2022
"2850-57565","2850-57576","Blue Cloud Middle Shed","Make Believe",3861.779098,6,0,0,2022
"2850-57565","2850-57698","Blue Cloud Middle Shed","Speedwell est",2290.354762,4,0,0,2022
"2850-57565","2640-97596","Blue Cloud Middle Shed","Make Believe",3861.779098,10,0,0,2022
"2850-57565","2850-57640","Blue Cloud Middle Shed","McCauley est",1392.756566,6,0,0,2022
"2850-57565","2850-57753","Blue Cloud Middle Shed","McCauley est",1392.756566,4,0,0,2022
"2850-57565","2850-57550","Blue Cloud Middle Shed","Mary Anns est",4597.928418,3,0,0,2022
"2850-57565","2850-57645","Blue Cloud Middle Shed","Struthers main",1242.344394,4,0,0,2022
"2850-57565","2850-57692","Blue Cloud Middle Shed","Martes est",4822.171759,6,0,0,2022
"2850-57565","2850-57608","Blue Cloud Middle Shed","Urban Farm Girlz Sheep Shed",5366.224006,3,0,0,2022
"2850-57565","2850-57551","Blue Cloud Middle Shed","Struthers main",1242.344394,10,0,0,2022
"2850-57565","2850-57629","Blue Cloud Middle Shed","Urban Farm Girlz Sheep Shed",5366.224006,7,0,0,2022
"2850-57614","2850-57870","Blue Cloud main","Blue Cloud Middle Shed",60.81465473,1,0,0,2022
"2850-57614","2850-57650","Blue Cloud main","CHR",4098.901931,7,0,0,2022
"2850-57614","2850-57685","Blue Cloud main","Boyer",4432.865572,2,0,0,2022
"2850-57614","2850-57688","Blue Cloud main","Boyer",4432.865572,5,0,0,2022
"2850-57614","2850-57667","Blue Cloud main","Cathys est",4754.681144,1,0,0,2022
"2850-57614","2850-57585","Blue Cloud main","CHR",4098.901931,5,0,0,2022
"2850-57614","2640-97331","Blue Cloud main","CHR",4098.901931,8,0,0,2022
"2850-57614","2640-97358","Blue Cloud main","CHR",4098.901931,7,0,0,2022
"2850-57614","2850-57735","Blue Cloud main","CHR",4098.901931,5,0,0,2022
"2850-57614","2850-57571","Blue Cloud main","CHR",4098.901931,4,0,0,2022
"2850-57614","2850-57649","Blue Cloud main","CHR",4098.901931,8,0,0,2022
"2850-57614","2850-57736","Blue Cloud main","CHR",4098.901931,5,0,0,2022
"2850-57614","2850-57588","Blue Cloud main","CHR",4098.901931,4,0,0,2022
"2850-57614","2850-57656","Blue Cloud main","CHR",4098.901931,5,0,0,2022
"2850-57614","2850-57652","Blue Cloud main","CHR",4098.901931,6,0,0,2022
"2850-57614","2850-57654","Blue Cloud main","CHR",4098.901931,4,0,0,2022
"2850-57614","2850-57670","Blue Cloud main","CHR",4098.901931,5,0,0,2022
"2850-57614","2850-57583","Blue Cloud main","CHR",4098.901931,8,0,0,2022
"2850-57614","2850-57746","Blue Cloud main","CHR",4098.901931,7,0,0,2022
"2850-57614","2850-57568","Blue Cloud main","CHR",4098.901931,7,0,0,2022
"2850-57614","2811-38984","Blue Cloud main","CHR",4098.901931,7,0,0,2022
"2850-57614","2850-57730","Blue Cloud main","CHR",4098.901931,9,0,0,2022
"2850-57614","2850-57883","Blue Cloud main","CHR",4098.901931,8,0,0,2022
"2850-57614","2850-57846","Blue Cloud main","CHR",4098.901931,6,0,0,2022
"2850-57614","2850-57648","Blue Cloud main","CHR",4098.901931,4,0,0,2022
"2850-57614","2870-64909","Blue Cloud main","CHR",4098.901931,4,0,0,2022
"2850-57614","2870-65003","Blue Cloud main","CHR",4098.901931,5,0,0,2022
"2850-57614","2850-57609","Blue Cloud main","Cooks",8135.083191,5,0,0,2022
"2850-57614","2850-57879","Blue Cloud main","CHR",4098.901931,8,0,0,2022
"2850-57614","2850-57575","Blue Cloud main","Cooks",8135.083191,4,0,0,2022
"2850-57614","2850-57637","Blue Cloud main","Cooks",8135.083191,1,0,0,2022
"2850-57614","2850-57664","Blue Cloud main","Cooks",8135.083191,3,0,0,2022
"2850-57614","2850-57672","Blue Cloud main","Cooks",8135.083191,4,0,0,2022
"2850-57614","Cooks-13_UNS","Blue Cloud main","Cooks",8135.083191,4,0,0,2022
"2850-57614","2850-57853","Blue Cloud main","Cooks",8135.083191,10,0,0,2022
"2850-57614","2850-57663","Blue Cloud main","Cooks",8135.083191,7,0,0,2022
"2850-57614","2850-57661","Blue Cloud main","Karens est",3706.930068,3,0,0,2022
"2850-57614","2850-57700","Blue Cloud main","Cooks",8135.083191,4,0,0,2022
"2850-57614","2811-83207","Blue Cloud main","Dome House est",5309.66736,4,0,0,2022
"2850-57614","2850-57874","Blue Cloud main","Make Believe",3928.765414,2,0,0,2022
"2850-57614","2850-57576","Blue Cloud main","Make Believe",3928.765414,6,0,0,2022
"2850-57614","2850-57550","Blue Cloud main","Mary Anns est",4649.013242,3,0,0,2022
"2850-57614","2850-57872","Blue Cloud main","Make Believe",3928.765414,8,0,0,2022
"2850-57614","2640-97596","Blue Cloud main","Make Believe",3928.765414,10,0,0,2022
"2850-57614","2850-57878","Blue Cloud main","Make Believe",3928.765414,3,0,0,2022
"2850-57614","2850-57640","Blue Cloud main","McCauley est",1356.267398,6,0,0,2022
"2850-57614","2850-57753","Blue Cloud main","McCauley est",1356.267398,4,0,0,2022
"2850-57614","2850-57635","Blue Cloud main","Make Believe",3928.765414,8,0,0,2022
"2850-57614","2850-57692","Blue Cloud main","Martes est",4851.236295,6,0,0,2022
"2850-57614","2850-57698","Blue Cloud main","Speedwell est",2324.039286,4,0,0,2022
"2850-57614","2850-57551","Blue Cloud main","Struthers main",1282.306886,10,0,0,2022
"2850-57614","2850-57608","Blue Cloud main","Urban Farm Girlz Sheep Shed",5385.601613,3,0,0,2022
"2850-57614","2850-57645","Blue Cloud main","Struthers main",1282.306886,4,0,0,2022
"2850-57614","2850-57629","Blue Cloud main","Urban Farm Girlz Sheep Shed",5385.601613,7,0,0,2022
"2870-64905","2850-57869","Blue Cloud Gazebo","Blue Cloud main",33.6104056,6,0,0,2022
"2870-64905","2850-57572","Blue Cloud Gazebo","Blue Cloud main",33.6104056,5,0,0,2022
"2870-64905","2850-57612","Blue Cloud Gazebo","Blue Cloud main",33.6104056,10,0,0,2022
"2870-64905","2850-57871","Blue Cloud Gazebo","Blue Cloud main",33.6104056,6,0,0,2022
"2870-64905","2850-57870","Blue Cloud Gazebo","Blue Cloud Middle Shed",27.13005795,1,0,0,2022
"2870-64905","2850-57685","Blue Cloud Gazebo","Boyer",4400.928463,2,0,0,2022
"2870-64905","2850-57667","Blue Cloud Gazebo","Cathys est",4717.884404,1,0,0,2022
"2870-64905","2850-57585","Blue Cloud Gazebo","CHR",4114.983601,5,0,0,2022
"2870-64905","2850-57688","Blue Cloud Gazebo","Boyer",4400.928463,5,0,0,2022
"2870-64905","2640-97331","Blue Cloud Gazebo","CHR",4114.983601,8,0,0,2022
"2870-64905","2850-57650","Blue Cloud Gazebo","CHR",4114.983601,7,0,0,2022
"2870-64905","2640-97358","Blue Cloud Gazebo","CHR",4114.983601,7,0,0,2022
"2870-64905","2850-57735","Blue Cloud Gazebo","CHR",4114.983601,5,0,0,2022
"2870-64905","2850-57649","Blue Cloud Gazebo","CHR",4114.983601,8,0,0,2022
"2870-64905","2850-57736","Blue Cloud Gazebo","CHR",4114.983601,5,0,0,2022
"2870-64905","2850-57654","Blue Cloud Gazebo","CHR",4114.983601,4,0,0,2022
"2870-64905","2850-57571","Blue Cloud Gazebo","CHR",4114.983601,4,0,0,2022
"2870-64905","2850-57588","Blue Cloud Gazebo","CHR",4114.983601,4,0,0,2022
"2870-64905","2850-57652","Blue Cloud Gazebo","CHR",4114.983601,6,0,0,2022
"2870-64905","2850-57656","Blue Cloud Gazebo","CHR",4114.983601,5,0,0,2022
"2870-64905","2850-57730","Blue Cloud Gazebo","CHR",4114.983601,9,0,0,2022
"2870-64905","2850-57746","Blue Cloud Gazebo","CHR",4114.983601,7,0,0,2022
"2870-64905","2850-57670","Blue Cloud Gazebo","CHR",4114.983601,5,0,0,2022
"2870-64905","2850-57568","Blue Cloud Gazebo","CHR",4114.983601,7,0,0,2022
"2870-64905","2850-57583","Blue Cloud Gazebo","CHR",4114.983601,8,0,0,2022
"2870-64905","2850-57846","Blue Cloud Gazebo","CHR",4114.983601,6,0,0,2022
"2870-64905","2870-65003","Blue Cloud Gazebo","CHR",4114.983601,5,0,0,2022
"2870-64905","2850-57883","Blue Cloud Gazebo","CHR",4114.983601,8,0,0,2022
"2870-64905","2811-38984","Blue Cloud Gazebo","CHR",4114.983601,7,0,0,2022
"2870-64905","Cooks-13_UNS","Blue Cloud Gazebo","Cooks",8151.419445,4,0,0,2022
"2870-64905","2870-64909","Blue Cloud Gazebo","CHR",4114.983601,4,0,0,2022
"2870-64905","2850-57648","Blue Cloud Gazebo","CHR",4114.983601,4,0,0,2022
"2870-64905","2850-57575","Blue Cloud Gazebo","Cooks",8151.419445,4,0,0,2022
"2870-64905","2850-57879","Blue Cloud Gazebo","CHR",4114.983601,8,0,0,2022
"2870-64905","2850-57637","Blue Cloud Gazebo","Cooks",8151.419445,1,0,0,2022
"2870-64905","2850-57609","Blue Cloud Gazebo","Cooks",8151.419445,5,0,0,2022
"2870-64905","2850-57853","Blue Cloud Gazebo","Cooks",8151.419445,10,0,0,2022
"2870-64905","2850-57664","Blue Cloud Gazebo","Cooks",8151.419445,3,0,0,2022
"2870-64905","2850-57672","Blue Cloud Gazebo","Cooks",8151.419445,4,0,0,2022
"2870-64905","2850-57663","Blue Cloud Gazebo","Cooks",8151.419445,7,0,0,2022
"2870-64905","2850-57874","Blue Cloud Gazebo","Make Believe",3892.653379,2,0,0,2022
"2870-64905","2850-57700","Blue Cloud Gazebo","Cooks",8151.419445,4,0,0,2022
"2870-64905","2850-57635","Blue Cloud Gazebo","Make Believe",3892.653379,8,0,0,2022
"2870-64905","2850-57878","Blue Cloud Gazebo","Make Believe",3892.653379,3,0,0,2022
"2870-64905","2850-57661","Blue Cloud Gazebo","Karens est",3726.155519,3,0,0,2022
"2870-64905","2811-83207","Blue Cloud Gazebo","Dome House est",5283.160703,4,0,0,2022
"2870-64905","2850-57576","Blue Cloud Gazebo","Make Believe",3892.653379,6,0,0,2022
"2870-64905","2640-97596","Blue Cloud Gazebo","Make Believe",3892.653379,10,0,0,2022
"2870-64905","2850-57550","Blue Cloud Gazebo","Mary Anns est",4611.799012,3,0,0,2022
"2870-64905","2850-57872","Blue Cloud Gazebo","Make Believe",3892.653379,8,0,0,2022
"2870-64905","2850-57753","Blue Cloud Gazebo","McCauley est",1393.566216,4,0,0,2022
"2870-64905","2850-57645","Blue Cloud Gazebo","Struthers main",1248.255274,4,0,0,2022
"2870-64905","2850-57692","Blue Cloud Gazebo","Martes est",4821.527196,6,0,0,2022
"2870-64905","2850-57640","Blue Cloud Gazebo","McCauley est",1393.566216,6,0,0,2022
"2870-64905","2850-57698","Blue Cloud Gazebo","Speedwell est",2292.39805,4,0,0,2022
"2870-64905","2850-57629","Blue Cloud Gazebo","Urban Farm Girlz Sheep Shed",5360.094296,7,0,0,2022
"2870-64905","2850-57551","Blue Cloud Gazebo","Struthers main",1248.255274,10,0,0,2022
"2870-64905","2850-57608","Blue Cloud Gazebo","Urban Farm Girlz Sheep Shed",5360.094296,3,0,0,2022
"2850-57686","2850-57869","Boyer","Blue Cloud main",4432.865572,6,0,0,2022
"2850-57686","2850-57612","Boyer","Blue Cloud main",4432.865572,10,0,0,2022
"2850-57686","2850-57572","Boyer","Blue Cloud main",4432.865572,5,0,0,2022
"2850-57686","2850-57585","Boyer","CHR",7918.345849,5,0,0,2022
"2850-57686","2850-57871","Boyer","Blue Cloud main",4432.865572,6,0,0,2022
"2850-57686","2640-97358","Boyer","CHR",7918.345849,7,0,0,2022
"2850-57686","2850-57649","Boyer","CHR",7918.345849,8,0,0,2022
"2850-57686","2850-57870","Boyer","Blue Cloud Middle Shed",4398.19486,1,0,0,2022
"2850-57686","2850-57667","Boyer","Cathys est",1321.64081,1,0,0,2022
"2850-57686","2850-57650","Boyer","CHR",7918.345849,7,0,0,2022
"2850-57686","2640-97331","Boyer","CHR",7918.345849,8,0,0,2022
"2850-57686","2850-57735","Boyer","CHR",7918.345849,5,0,0,2022
"2850-57686","2850-57588","Boyer","CHR",7918.345849,4,0,0,2022
"2850-57686","2850-57736","Boyer","CHR",7918.345849,5,0,0,2022
"2850-57686","2850-57571","Boyer","CHR",7918.345849,4,0,0,2022
"2850-57686","2850-57654","Boyer","CHR",7918.345849,4,0,0,2022
"2850-57686","2850-57652","Boyer","CHR",7918.345849,6,0,0,2022
"2850-57686","2850-57568","Boyer","CHR",7918.345849,7,0,0,2022
"2850-57686","2850-57670","Boyer","CHR",7918.345849,5,0,0,2022
"2850-57686","2850-57656","Boyer","CHR",7918.345849,5,0,0,2022
"2850-57686","2850-57883","Boyer","CHR",7918.345849,8,0,0,2022
"2850-57686","2850-57746","Boyer","CHR",7918.345849,7,0,0,2022
"2850-57686","2850-57583","Boyer","CHR",7918.345849,8,0,0,2022
"2850-57686","2850-57730","Boyer","CHR",7918.345849,9,0,0,2022
"2850-57686","2811-38984","Boyer","CHR",7918.345849,7,0,0,2022
"2850-57686","2870-65003","Boyer","CHR",7918.345849,5,0,0,2022
"2850-57686","2850-57575","Boyer","Cooks",11757.49343,4,0,0,2022
"2850-57686","2850-57648","Boyer","CHR",7918.345849,4,0,0,2022
"2850-57686","2850-57846","Boyer","CHR",7918.345849,6,0,0,2022
"2850-57686","2850-57879","Boyer","CHR",7918.345849,8,0,0,2022
"2850-57686","2850-57637","Boyer","Cooks",11757.49343,1,0,0,2022
"2850-57686","2850-57609","Boyer","Cooks",11757.49343,5,0,0,2022
"2850-57686","2870-64909","Boyer","CHR",7918.345849,4,0,0,2022
"2850-57686","Cooks-13_UNS","Boyer","Cooks",11757.49343,4,0,0,2022
"2850-57686","2850-57672","Boyer","Cooks",11757.49343,4,0,0,2022
"2850-57686","2850-57663","Boyer","Cooks",11757.49343,7,0,0,2022
"2850-57686","2850-57664","Boyer","Cooks",11757.49343,3,0,0,2022
"2850-57686","2850-57853","Boyer","Cooks",11757.49343,10,0,0,2022
"2850-57686","2850-57661","Boyer","Karens est",7670.061205,3,0,0,2022
"2850-57686","2850-57700","Boyer","Cooks",11757.49343,4,0,0,2022
"2850-57686","2850-57878","Boyer","Make Believe",4212.841149,3,0,0,2022
"2850-57686","2850-57576","Boyer","Make Believe",4212.841149,6,0,0,2022
"2850-57686","2811-83207","Boyer","Dome House est",1354.445201,4,0,0,2022
"2850-57686","2850-57874","Boyer","Make Believe",4212.841149,2,0,0,2022
"2850-57686","2850-57635","Boyer","Make Believe",4212.841149,8,0,0,2022
"2850-57686","2850-57872","Boyer","Make Believe",4212.841149,8,0,0,2022
"2850-57686","2850-57550","Boyer","Mary Anns est",1447.564134,3,0,0,2022
"2850-57686","2640-97596","Boyer","Make Believe",4212.841149,10,0,0,2022
"2850-57686","2850-57692","Boyer","Martes est",598.0563279,6,0,0,2022
"2850-57686","2850-57645","Boyer","Struthers main",3150.777513,4,0,0,2022
"2850-57686","2850-57698","Boyer","Speedwell est",2103.892922,4,0,0,2022
"2850-57686","2850-57640","Boyer","McCauley est",5785.507539,6,0,0,2022
"2850-57686","2850-57753","Boyer","McCauley est",5785.507539,4,0,0,2022
"2850-57686","2850-57551","Boyer","Struthers main",3150.777513,10,0,0,2022
"2850-57686","2850-57608","Boyer","Urban Farm Girlz Sheep Shed",1535.559226,3,0,0,2022
"2850-57686","2850-57629","Boyer","Urban Farm Girlz Sheep Shed",1535.559226,7,0,0,2022
"2850-57689","2850-57612","Boyer","Blue Cloud main",4432.865572,10,0,0,2022
"2850-57689","2850-57869","Boyer","Blue Cloud main",4432.865572,6,0,0,2022
"2850-57689","2850-57572","Boyer","Blue Cloud main",4432.865572,5,0,0,2022
"2850-57689","2640-97358","Boyer","CHR",7918.345849,7,0,0,2022
"2850-57689","2850-57585","Boyer","CHR",7918.345849,5,0,0,2022
"2850-57689","2850-57870","Boyer","Blue Cloud Middle Shed",4398.19486,1,0,0,2022
"2850-57689","2850-57871","Boyer","Blue Cloud main",4432.865572,6,0,0,2022
"2850-57689","2850-57650","Boyer","CHR",7918.345849,7,0,0,2022
"2850-57689","2850-57667","Boyer","Cathys est",1321.64081,1,0,0,2022
"2850-57689","2640-97331","Boyer","CHR",7918.345849,8,0,0,2022
"2850-57689","2850-57571","Boyer","CHR",7918.345849,4,0,0,2022
"2850-57689","2850-57735","Boyer","CHR",7918.345849,5,0,0,2022
"2850-57689","2850-57736","Boyer","CHR",7918.345849,5,0,0,2022
"2850-57689","2850-57649","Boyer","CHR",7918.345849,8,0,0,2022
"2850-57689","2850-57588","Boyer","CHR",7918.345849,4,0,0,2022
"2850-57689","2850-57746","Boyer","CHR",7918.345849,7,0,0,2022
"2850-57689","2850-57652","Boyer","CHR",7918.345849,6,0,0,2022
"2850-57689","2850-57846","Boyer","CHR",7918.345849,6,0,0,2022
"2850-57689","2850-57656","Boyer","CHR",7918.345849,5,0,0,2022
"2850-57689","2850-57670","Boyer","CHR",7918.345849,5,0,0,2022
"2850-57689","2850-57654","Boyer","CHR",7918.345849,4,0,0,2022
"2850-57689","2811-38984","Boyer","CHR",7918.345849,7,0,0,2022
"2850-57689","2850-57568","Boyer","CHR",7918.345849,7,0,0,2022
"2850-57689","2850-57583","Boyer","CHR",7918.345849,8,0,0,2022
"2850-57689","2850-57730","Boyer","CHR",7918.345849,9,0,0,2022
"2850-57689","2850-57883","Boyer","CHR",7918.345849,8,0,0,2022
"2850-57689","2850-57879","Boyer","CHR",7918.345849,8,0,0,2022
"2850-57689","2850-57648","Boyer","CHR",7918.345849,4,0,0,2022
"2850-57689","2870-65003","Boyer","CHR",7918.345849,5,0,0,2022
"2850-57689","2850-57853","Boyer","Cooks",11757.49343,10,0,0,2022
"2850-57689","2850-57637","Boyer","Cooks",11757.49343,1,0,0,2022
"2850-57689","2850-57672","Boyer","Cooks",11757.49343,4,0,0,2022
"2850-57689","2870-64909","Boyer","CHR",7918.345849,4,0,0,2022
"2850-57689","2850-57575","Boyer","Cooks",11757.49343,4,0,0,2022
"2850-57689","2850-57609","Boyer","Cooks",11757.49343,5,0,0,2022
"2850-57689","Cooks-13_UNS","Boyer","Cooks",11757.49343,4,0,0,2022
"2850-57689","2850-57664","Boyer","Cooks",11757.49343,3,0,0,2022
"2850-57689","2850-57663","Boyer","Cooks",11757.49343,7,0,0,2022
"2850-57689","2850-57700","Boyer","Cooks",11757.49343,4,0,0,2022
"2850-57689","2850-57874","Boyer","Make Believe",4212.841149,2,0,0,2022
"2850-57689","2811-83207","Boyer","Dome House est",1354.445201,4,0,0,2022
"2850-57689","2850-57576","Boyer","Make Believe",4212.841149,6,0,0,2022
"2850-57689","2850-57661","Boyer","Karens est",7670.061205,3,0,0,2022
"2850-57689","2640-97596","Boyer","Make Believe",4212.841149,10,0,0,2022
"2850-57689","2850-57872","Boyer","Make Believe",4212.841149,8,0,0,2022
"2850-57689","2850-57698","Boyer","Speedwell est",2103.892922,4,0,0,2022
"2850-57689","2850-57753","Boyer","McCauley est",5785.507539,4,0,0,2022
"2850-57689","2850-57878","Boyer","Make Believe",4212.841149,3,0,0,2022
"2850-57689","2850-57550","Boyer","Mary Anns est",1447.564134,3,0,0,2022
"2850-57689","2850-57635","Boyer","Make Believe",4212.841149,8,0,0,2022
"2850-57689","2850-57692","Boyer","Martes est",598.0563279,6,0,0,2022
"2850-57689","2850-57640","Boyer","McCauley est",5785.507539,6,0,0,2022
"2850-57689","2850-57551","Boyer","Struthers main",3150.777513,10,0,0,2022
"2850-57689","2850-57645","Boyer","Struthers main",3150.777513,4,0,0,2022
"2850-57689","2850-57608","Boyer","Urban Farm Girlz Sheep Shed",1535.559226,3,0,0,2022
"2850-57689","2850-57629","Boyer","Urban Farm Girlz Sheep Shed",1535.559226,7,0,0,2022
"2870-64906","2850-57869","Boyer","Blue Cloud main",4432.865572,6,0,0,2022
"2870-64906","2850-57612","Boyer","Blue Cloud main",4432.865572,10,0,0,2022
"2870-64906","2850-57572","Boyer","Blue Cloud main",4432.865572,5,0,0,2022
"2870-64906","2850-57870","Boyer","Blue Cloud Middle Shed",4398.19486,1,0,0,2022
"2870-64906","2850-57667","Boyer","Cathys est",1321.64081,1,0,0,2022
"2870-64906","2850-57871","Boyer","Blue Cloud main",4432.865572,6,0,0,2022
"2870-64906","2850-57650","Boyer","CHR",7918.345849,7,0,0,2022
"2870-64906","2640-97331","Boyer","CHR",7918.345849,8,0,0,2022
"2870-64906","2850-57585","Boyer","CHR",7918.345849,5,0,0,2022
"2870-64906","2850-57735","Boyer","CHR",7918.345849,5,0,0,2022
"2870-64906","2640-97358","Boyer","CHR",7918.345849,7,0,0,2022
"2870-64906","2850-57649","Boyer","CHR",7918.345849,8,0,0,2022
"2870-64906","2850-57588","Boyer","CHR",7918.345849,4,0,0,2022
"2870-64906","2850-57736","Boyer","CHR",7918.345849,5,0,0,2022
"2870-64906","2850-57571","Boyer","CHR",7918.345849,4,0,0,2022
"2870-64906","2850-57746","Boyer","CHR",7918.345849,7,0,0,2022
"2870-64906","2850-57652","Boyer","CHR",7918.345849,6,0,0,2022
"2870-64906","2850-57656","Boyer","CHR",7918.345849,5,0,0,2022
"2870-64906","2850-57670","Boyer","CHR",7918.345849,5,0,0,2022
"2870-64906","2850-57654","Boyer","CHR",7918.345849,4,0,0,2022
"2870-64906","2850-57568","Boyer","CHR",7918.345849,7,0,0,2022
"2870-64906","2850-57730","Boyer","CHR",7918.345849,9,0,0,2022
"2870-64906","2850-57583","Boyer","CHR",7918.345849,8,0,0,2022
"2870-64906","2870-64909","Boyer","CHR",7918.345849,4,0,0,2022
"2870-64906","2850-57883","Boyer","CHR",7918.345849,8,0,0,2022
"2870-64906","2850-57846","Boyer","CHR",7918.345849,6,0,0,2022
"2870-64906","2811-38984","Boyer","CHR",7918.345849,7,0,0,2022
"2870-64906","2870-65003","Boyer","CHR",7918.345849,5,0,0,2022
"2870-64906","2850-57648","Boyer","CHR",7918.345849,4,0,0,2022
"2870-64906","2850-57879","Boyer","CHR",7918.345849,8,0,0,2022
"2870-64906","2850-57575","Boyer","Cooks",11757.49343,4,0,0,2022
"2870-64906","2850-57637","Boyer","Cooks",11757.49343,1,0,0,2022
"2870-64906","2850-57609","Boyer","Cooks",11757.49343,5,0,0,2022
"2870-64906","Cooks-13_UNS","Boyer","Cooks",11757.49343,4,0,0,2022
"2870-64906","2850-57664","Boyer","Cooks",11757.49343,3,0,0,2022
"2870-64906","2850-57672","Boyer","Cooks",11757.49343,4,0,0,2022
"2870-64906","2850-57700","Boyer","Cooks",11757.49343,4,0,0,2022
"2870-64906","2850-57853","Boyer","Cooks",11757.49343,10,0,0,2022
"2870-64906","2850-57874","Boyer","Make Believe",4212.841149,2,0,0,2022
"2870-64906","2850-57663","Boyer","Cooks",11757.49343,7,0,0,2022
"2870-64906","2811-83207","Boyer","Dome House est",1354.445201,4,0,0,2022
"2870-64906","2850-57635","Boyer","Make Believe",4212.841149,8,0,0,2022
"2870-64906","2850-57872","Boyer","Make Believe",4212.841149,8,0,0,2022
"2870-64906","2850-57661","Boyer","Karens est",7670.061205,3,0,0,2022
"2870-64906","2850-57878","Boyer","Make Believe",4212.841149,3,0,0,2022
"2870-64906","2850-57576","Boyer","Make Believe",4212.841149,6,0,0,2022
"2870-64906","2640-97596","Boyer","Make Believe",4212.841149,10,0,0,2022
"2870-64906","2850-57692","Boyer","Martes est",598.0563279,6,0,0,2022
"2870-64906","2850-57698","Boyer","Speedwell est",2103.892922,4,0,0,2022
"2870-64906","2850-57753","Boyer","McCauley est",5785.507539,4,0,0,2022
"2870-64906","2850-57550","Boyer","Mary Anns est",1447.564134,3,0,0,2022
"2870-64906","2850-57645","Boyer","Struthers main",3150.777513,4,0,0,2022
"2870-64906","2850-57608","Boyer","Urban Farm Girlz Sheep Shed",1535.559226,3,0,0,2022
"2870-64906","2850-57551","Boyer","Struthers main",3150.777513,10,0,0,2022
"2870-64906","2850-57640","Boyer","McCauley est",5785.507539,6,0,0,2022
"2870-64906","2850-57629","Boyer","Urban Farm Girlz Sheep Shed",1535.559226,7,0,0,2022
"2850-57666","2850-57612","Cathys est","Blue Cloud main",4754.681144,10,0,0,2022
"2850-57666","2850-57572","Cathys est","Blue Cloud main",4754.681144,5,0,0,2022
"2850-57666","2850-57869","Cathys est","Blue Cloud main",4754.681144,6,0,0,2022
"2850-57666","2850-57685","Cathys est","Boyer",1321.64081,2,0,0,2022
"2850-57666","2850-57870","Cathys est","Blue Cloud Middle Shed",4705.235243,1,0,0,2022
"2850-57666","2850-57871","Cathys est","Blue Cloud main",4754.681144,6,0,0,2022
"2850-57666","2850-57688","Cathys est","Boyer",1321.64081,5,0,0,2022
"2850-57666","2850-57650","Cathys est","CHR",7669.293552,7,0,0,2022
"2850-57666","2850-57585","Cathys est","CHR",7669.293552,5,0,0,2022
"2850-57666","2850-57736","Cathys est","CHR",7669.293552,5,0,0,2022
"2850-57666","2850-57571","Cathys est","CHR",7669.293552,4,0,0,2022
"2850-57666","2640-97358","Cathys est","CHR",7669.293552,7,0,0,2022
"2850-57666","2850-57735","Cathys est","CHR",7669.293552,5,0,0,2022
"2850-57666","2640-97331","Cathys est","CHR",7669.293552,8,0,0,2022
"2850-57666","2850-57649","Cathys est","CHR",7669.293552,8,0,0,2022
"2850-57666","2850-57588","Cathys est","CHR",7669.293552,4,0,0,2022
"2850-57666","2850-57652","Cathys est","CHR",7669.293552,6,0,0,2022
"2850-57666","2850-57746","Cathys est","CHR",7669.293552,7,0,0,2022
"2850-57666","2850-57670","Cathys est","CHR",7669.293552,5,0,0,2022
"2850-57666","2850-57654","Cathys est","CHR",7669.293552,4,0,0,2022
"2850-57666","2850-57730","Cathys est","CHR",7669.293552,9,0,0,2022
"2850-57666","2850-57883","Cathys est","CHR",7669.293552,8,0,0,2022
"2850-57666","2811-38984","Cathys est","CHR",7669.293552,7,0,0,2022
"2850-57666","2850-57583","Cathys est","CHR",7669.293552,8,0,0,2022
"2850-57666","2850-57656","Cathys est","CHR",7669.293552,5,0,0,2022
"2850-57666","2850-57568","Cathys est","CHR",7669.293552,7,0,0,2022
"2850-57666","2850-57846","Cathys est","CHR",7669.293552,6,0,0,2022
"2850-57666","2850-57648","Cathys est","CHR",7669.293552,4,0,0,2022
"2850-57666","2850-57879","Cathys est","CHR",7669.293552,8,0,0,2022
"2850-57666","2870-65003","Cathys est","CHR",7669.293552,5,0,0,2022
"2850-57666","2870-64909","Cathys est","CHR",7669.293552,4,0,0,2022
"2850-57666","2850-57664","Cathys est","Cooks",11307.353,3,0,0,2022
"2850-57666","2850-57637","Cathys est","Cooks",11307.353,1,0,0,2022
"2850-57666","2850-57609","Cathys est","Cooks",11307.353,5,0,0,2022
"2850-57666","Cooks-13_UNS","Cathys est","Cooks",11307.353,4,0,0,2022
"2850-57666","2850-57575","Cathys est","Cooks",11307.353,4,0,0,2022
"2850-57666","2850-57672","Cathys est","Cooks",11307.353,4,0,0,2022
"2850-57666","2850-57700","Cathys est","Cooks",11307.353,4,0,0,2022
"2850-57666","2850-57663","Cathys est","Cooks",11307.353,7,0,0,2022
"2850-57666","2850-57853","Cathys est","Cooks",11307.353,10,0,0,2022
"2850-57666","2850-57874","Cathys est","Make Believe",3337.471654,2,0,0,2022
"2850-57666","2811-83207","Cathys est","Dome House est",2538.343822,4,0,0,2022
"2850-57666","2850-57661","Cathys est","Karens est",7495.612267,3,0,0,2022
"2850-57666","2640-97596","Cathys est","Make Believe",3337.471654,10,0,0,2022
"2850-57666","2850-57878","Cathys est","Make Believe",3337.471654,3,0,0,2022
"2850-57666","2850-57576","Cathys est","Make Believe",3337.471654,6,0,0,2022
"2850-57666","2850-57692","Cathys est","Martes est",1805.528327,6,0,0,2022
"2850-57666","2850-57872","Cathys est","Make Believe",3337.471654,8,0,0,2022
"2850-57666","2850-57640","Cathys est","McCauley est",6007.252054,6,0,0,2022
"2850-57666","2850-57635","Cathys est","Make Believe",3337.471654,8,0,0,2022
"2850-57666","2850-57550","Cathys est","Mary Anns est",185.3781345,3,0,0,2022
"2850-57666","2850-57753","Cathys est","McCauley est",6007.252054,4,0,0,2022
"2850-57666","2850-57608","Cathys est","Urban Farm Girlz Sheep Shed",2733.095014,3,0,0,2022
"2850-57666","2850-57551","Cathys est","Struthers main",3488.116073,10,0,0,2022
"2850-57666","2850-57698","Cathys est","Speedwell est",2613.652419,4,0,0,2022
"2850-57666","2850-57629","Cathys est","Urban Farm Girlz Sheep Shed",2733.095014,7,0,0,2022
"2850-57666","2850-57645","Cathys est","Struthers main",3488.116073,4,0,0,2022
"2811-83208","2850-57869","CHR","Blue Cloud main",4098.901931,6,0,0,2022
"2811-83208","2850-57685","CHR","Boyer",7918.345849,2,0,0,2022
"2811-83208","2850-57572","CHR","Blue Cloud main",4098.901931,5,0,0,2022
"2811-83208","2850-57871","CHR","Blue Cloud main",4098.901931,6,0,0,2022
"2811-83208","2850-57612","CHR","Blue Cloud main",4098.901931,10,0,0,2022
"2811-83208","2850-57870","CHR","Blue Cloud Middle Shed",4095.447993,1,0,0,2022
"2811-83208","2850-57688","CHR","Boyer",7918.345849,5,0,0,2022
"2811-83208","2850-57667","CHR","Cathys est",7669.293552,1,0,0,2022
"2811-83208","2850-57575","CHR","Cooks",3998.148258,4,0,0,2022
"2811-83208","2850-57637","CHR","Cooks",3998.148258,1,0,0,2022
"2811-83208","Cooks-13_UNS","CHR","Cooks",3998.148258,4,0,0,2022
"2811-83208","2850-57672","CHR","Cooks",3998.148258,4,0,0,2022
"2811-83208","2850-57609","CHR","Cooks",3998.148258,5,0,0,2022
"2811-83208","2850-57663","CHR","Cooks",3998.148258,7,0,0,2022
"2811-83208","2850-57853","CHR","Cooks",3998.148258,10,0,0,2022
"2811-83208","2850-57872","CHR","Make Believe",4912.593342,8,0,0,2022
"2811-83208","2850-57700","CHR","Cooks",3998.148258,4,0,0,2022
"2811-83208","2850-57664","CHR","Cooks",3998.148258,3,0,0,2022
"2811-83208","2850-57661","CHR","Karens est",472.2447997,3,0,0,2022
"2811-83208","2850-57878","CHR","Make Believe",4912.593342,3,0,0,2022
"2811-83208","2850-57874","CHR","Make Believe",4912.593342,2,0,0,2022
"2811-83208","2850-57576","CHR","Make Believe",4912.593342,6,0,0,2022
"2811-83208","2850-57550","CHR","Mary Anns est",7493.669043,3,0,0,2022
"2811-83208","2850-57635","CHR","Make Believe",4912.593342,8,0,0,2022
"2811-83208","2640-97596","CHR","Make Believe",4912.593342,10,0,0,2022
"2811-83208","2850-57692","CHR","Martes est",8462.904111,6,0,0,2022
"2811-83208","2850-57640","CHR","McCauley est",3047.854589,6,0,0,2022
"2811-83208","2850-57551","CHR","Struthers main",5026.901367,10,0,0,2022
"2811-83208","2850-57645","CHR","Struthers main",5026.901367,4,0,0,2022
"2811-83208","2850-57698","CHR","Speedwell est",6015.097136,4,0,0,2022
"2811-83208","2850-57608","CHR","Urban Farm Girlz Sheep Shed",9185.52607,3,0,0,2022
"2811-83208","2850-57753","CHR","McCauley est",3047.854589,4,0,0,2022
"2811-83208","2850-57629","CHR","Urban Farm Girlz Sheep Shed",9185.52607,7,0,0,2022
"2811-83208","2811-83207","CHR","Dome House est",9069.221045,4,0,0,2022
"2850-57733","2850-57869","CHR","Blue Cloud main",4098.901931,6,0,0,2022
"2850-57733","2850-57572","CHR","Blue Cloud main",4098.901931,5,0,0,2022
"2850-57733","2850-57612","CHR","Blue Cloud main",4098.901931,10,0,0,2022
"2850-57733","2850-57870","CHR","Blue Cloud Middle Shed",4095.447993,1,0,0,2022
"2850-57733","2850-57685","CHR","Boyer",7918.345849,2,0,0,2022
"2850-57733","2850-57871","CHR","Blue Cloud main",4098.901931,6,0,0,2022
"2850-57733","2850-57688","CHR","Boyer",7918.345849,5,0,0,2022
"2850-57733","2850-57667","CHR","Cathys est",7669.293552,1,0,0,2022
"2850-57733","2850-57575","CHR","Cooks",3998.148258,4,0,0,2022
"2850-57733","2850-57637","CHR","Cooks",3998.148258,1,0,0,2022
"2850-57733","Cooks-13_UNS","CHR","Cooks",3998.148258,4,0,0,2022
"2850-57733","2850-57609","CHR","Cooks",3998.148258,5,0,0,2022
"2850-57733","2850-57664","CHR","Cooks",3998.148258,3,0,0,2022
"2850-57733","2850-57672","CHR","Cooks",3998.148258,4,0,0,2022
"2850-57733","2850-57853","CHR","Cooks",3998.148258,10,0,0,2022
"2850-57733","2850-57700","CHR","Cooks",3998.148258,4,0,0,2022
"2850-57733","2850-57661","CHR","Karens est",472.2447997,3,0,0,2022
"2850-57733","2850-57663","CHR","Cooks",3998.148258,7,0,0,2022
"2850-57733","2811-83207","CHR","Dome House est",9069.221045,4,0,0,2022
"2850-57733","2850-57874","CHR","Make Believe",4912.593342,2,0,0,2022
"2850-57733","2850-57878","CHR","Make Believe",4912.593342,3,0,0,2022
"2850-57733","2640-97596","CHR","Make Believe",4912.593342,10,0,0,2022
"2850-57733","2850-57576","CHR","Make Believe",4912.593342,6,0,0,2022
"2850-57733","2850-57550","CHR","Mary Anns est",7493.669043,3,0,0,2022
"2850-57733","2850-57872","CHR","Make Believe",4912.593342,8,0,0,2022
"2850-57733","2850-57635","CHR","Make Believe",4912.593342,8,0,0,2022
"2850-57733","2850-57692","CHR","Martes est",8462.904111,6,0,0,2022
"2850-57733","2850-57551","CHR","Struthers main",5026.901367,10,0,0,2022
"2850-57733","2850-57645","CHR","Struthers main",5026.901367,4,0,0,2022
"2850-57733","2850-57640","CHR","McCauley est",3047.854589,6,0,0,2022
"2850-57733","2850-57698","CHR","Speedwell est",6015.097136,4,0,0,2022
"2850-57733","2850-57753","CHR","McCauley est",3047.854589,4,0,0,2022
"2850-57733","2850-57608","CHR","Urban Farm Girlz Sheep Shed",9185.52607,3,0,0,2022
"2850-57733","2850-57629","CHR","Urban Farm Girlz Sheep Shed",9185.52607,7,0,0,2022
"2850-57881","2850-57869","CHR","Blue Cloud main",4098.901931,6,0,0,2022
"2850-57881","2850-57612","CHR","Blue Cloud main",4098.901931,10,0,0,2022
"2850-57881","2850-57572","CHR","Blue Cloud main",4098.901931,5,0,0,2022
"2850-57881","2850-57871","CHR","Blue Cloud main",4098.901931,6,0,0,2022
"2850-57881","2850-57685","CHR","Boyer",7918.345849,2,0,0,2022
"2850-57881","2850-57870","CHR","Blue Cloud Middle Shed",4095.447993,1,0,0,2022
"2850-57881","2850-57688","CHR","Boyer",7918.345849,5,0,0,2022
"2850-57881","2850-57667","CHR","Cathys est",7669.293552,1,0,0,2022
"2850-57881","2850-57637","CHR","Cooks",3998.148258,1,0,0,2022
"2850-57881","Cooks-13_UNS","CHR","Cooks",3998.148258,4,0,0,2022
"2850-57881","2850-57575","CHR","Cooks",3998.148258,4,0,0,2022
"2850-57881","2850-57609","CHR","Cooks",3998.148258,5,0,0,2022
"2850-57881","2850-57672","CHR","Cooks",3998.148258,4,0,0,2022
"2850-57881","2850-57853","CHR","Cooks",3998.148258,10,0,0,2022
"2850-57881","2850-57664","CHR","Cooks",3998.148258,3,0,0,2022
"2850-57881","2850-57700","CHR","Cooks",3998.148258,4,0,0,2022
"2850-57881","2811-83207","CHR","Dome House est",9069.221045,4,0,0,2022
"2850-57881","2850-57663","CHR","Cooks",3998.148258,7,0,0,2022
"2850-57881","2850-57874","CHR","Make Believe",4912.593342,2,0,0,2022
"2850-57881","2850-57872","CHR","Make Believe",4912.593342,8,0,0,2022
"2850-57881","2850-57635","CHR","Make Believe",4912.593342,8,0,0,2022
"2850-57881","2850-57576","CHR","Make Believe",4912.593342,6,0,0,2022
"2850-57881","2850-57692","CHR","Martes est",8462.904111,6,0,0,2022
"2850-57881","2640-97596","CHR","Make Believe",4912.593342,10,0,0,2022
"2850-57881","2850-57550","CHR","Mary Anns est",7493.669043,3,0,0,2022
"2850-57881","2850-57878","CHR","Make Believe",4912.593342,3,0,0,2022
"2850-57881","2850-57661","CHR","Karens est",472.2447997,3,0,0,2022
"2850-57881","2850-57753","CHR","McCauley est",3047.854589,4,0,0,2022
"2850-57881","2850-57640","CHR","McCauley est",3047.854589,6,0,0,2022
"2850-57881","2850-57608","CHR","Urban Farm Girlz Sheep Shed",9185.52607,3,0,0,2022
"2850-57881","2850-57645","CHR","Struthers main",5026.901367,4,0,0,2022
"2850-57881","2850-57698","CHR","Speedwell est",6015.097136,4,0,0,2022
"2850-57881","2850-57551","CHR","Struthers main",5026.901367,10,0,0,2022
"2850-57881","2850-57629","CHR","Urban Farm Girlz Sheep Shed",9185.52607,7,0,0,2022
"2850-57808","2850-57870","CHR","Blue Cloud Middle Shed",4095.447993,1,0,0,2022
"2850-57808","2850-57612","CHR","Blue Cloud main",4098.901931,10,0,0,2022
"2850-57808","2850-57871","CHR","Blue Cloud main",4098.901931,6,0,0,2022
"2850-57808","2850-57572","CHR","Blue Cloud main",4098.901931,5,0,0,2022
"2850-57808","2850-57685","CHR","Boyer",7918.345849,2,0,0,2022
"2850-57808","2850-57869","CHR","Blue Cloud main",4098.901931,6,0,0,2022
"2850-57808","2850-57688","CHR","Boyer",7918.345849,5,0,0,2022
"2850-57808","2850-57667","CHR","Cathys est",7669.293552,1,0,0,2022
"2850-57808","Cooks-13_UNS","CHR","Cooks",3998.148258,4,0,0,2022
"2850-57808","2850-57637","CHR","Cooks",3998.148258,1,0,0,2022
"2850-57808","2850-57575","CHR","Cooks",3998.148258,4,0,0,2022
"2850-57808","2850-57664","CHR","Cooks",3998.148258,3,0,0,2022
"2850-57808","2850-57609","CHR","Cooks",3998.148258,5,0,0,2022
"2850-57808","2850-57672","CHR","Cooks",3998.148258,4,0,0,2022
"2850-57808","2850-57663","CHR","Cooks",3998.148258,7,0,0,2022
"2850-57808","2811-83207","CHR","Dome House est",9069.221045,4,0,0,2022
"2850-57808","2850-57700","CHR","Cooks",3998.148258,4,0,0,2022
"2850-57808","2850-57661","CHR","Karens est",472.2447997,3,0,0,2022
"2850-57808","2850-57853","CHR","Cooks",3998.148258,10,0,0,2022
"2850-57808","2850-57872","CHR","Make Believe",4912.593342,8,0,0,2022
"2850-57808","2850-57874","CHR","Make Believe",4912.593342,2,0,0,2022
"2850-57808","2850-57576","CHR","Make Believe",4912.593342,6,0,0,2022
"2850-57808","2850-57878","CHR","Make Believe",4912.593342,3,0,0,2022
"2850-57808","2850-57692","CHR","Martes est",8462.904111,6,0,0,2022
"2850-57808","2850-57635","CHR","Make Believe",4912.593342,8,0,0,2022
"2850-57808","2640-97596","CHR","Make Believe",4912.593342,10,0,0,2022
"2850-57808","2850-57550","CHR","Mary Anns est",7493.669043,3,0,0,2022
"2850-57808","2850-57640","CHR","McCauley est",3047.854589,6,0,0,2022
"2850-57808","2850-57645","CHR","Struthers main",5026.901367,4,0,0,2022
"2850-57808","2850-57608","CHR","Urban Farm Girlz Sheep Shed",9185.52607,3,0,0,2022
"2850-57808","2850-57698","CHR","Speedwell est",6015.097136,4,0,0,2022
"2850-57808","2850-57551","CHR","Struthers main",5026.901367,10,0,0,2022
"2850-57808","2850-57753","CHR","McCauley est",3047.854589,4,0,0,2022
"2850-57808","2850-57629","CHR","Urban Farm Girlz Sheep Shed",9185.52607,7,0,0,2022
"2850-57731","2850-57869","CHR","Blue Cloud main",4098.901931,6,0,0,2022
"2850-57731","2850-57612","CHR","Blue Cloud main",4098.901931,10,0,0,2022
"2850-57731","2850-57871","CHR","Blue Cloud main",4098.901931,6,0,0,2022
"2850-57731","2850-57870","CHR","Blue Cloud Middle Shed",4095.447993,1,0,0,2022
"2850-57731","2850-57572","CHR","Blue Cloud main",4098.901931,5,0,0,2022
"2850-57731","2850-57685","CHR","Boyer",7918.345849,2,0,0,2022
"2850-57731","2850-57667","CHR","Cathys est",7669.293552,1,0,0,2022
"2850-57731","2850-57688","CHR","Boyer",7918.345849,5,0,0,2022
"2850-57731","2850-57575","CHR","Cooks",3998.148258,4,0,0,2022
"2850-57731","2850-57637","CHR","Cooks",3998.148258,1,0,0,2022
"2850-57731","2850-57663","CHR","Cooks",3998.148258,7,0,0,2022
"2850-57731","2850-57672","CHR","Cooks",3998.148258,4,0,0,2022
"2850-57731","2850-57609","CHR","Cooks",3998.148258,5,0,0,2022
"2850-57731","Cooks-13_UNS","CHR","Cooks",3998.148258,4,0,0,2022
"2850-57731","2850-57853","CHR","Cooks",3998.148258,10,0,0,2022
"2850-57731","2850-57700","CHR","Cooks",3998.148258,4,0,0,2022
"2850-57731","2850-57664","CHR","Cooks",3998.148258,3,0,0,2022
"2850-57731","2850-57576","CHR","Make Believe",4912.593342,6,0,0,2022
"2850-57731","2850-57661","CHR","Karens est",472.2447997,3,0,0,2022
"2850-57731","2811-83207","CHR","Dome House est",9069.221045,4,0,0,2022
"2850-57731","2850-57874","CHR","Make Believe",4912.593342,2,0,0,2022
"2850-57731","2850-57635","CHR","Make Believe",4912.593342,8,0,0,2022
"2850-57731","2850-57878","CHR","Make Believe",4912.593342,3,0,0,2022
"2850-57731","2850-57872","CHR","Make Believe",4912.593342,8,0,0,2022
"2850-57731","2850-57692","CHR","Martes est",8462.904111,6,0,0,2022
"2850-57731","2640-97596","CHR","Make Believe",4912.593342,10,0,0,2022
"2850-57731","2850-57550","CHR","Mary Anns est",7493.669043,3,0,0,2022
"2850-57731","2850-57640","CHR","McCauley est",3047.854589,6,0,0,2022
"2850-57731","2850-57753","CHR","McCauley est",3047.854589,4,0,0,2022
"2850-57731","2850-57698","CHR","Speedwell est",6015.097136,4,0,0,2022
"2850-57731","2850-57551","CHR","Struthers main",5026.901367,10,0,0,2022
"2850-57731","2850-57608","CHR","Urban Farm Girlz Sheep Shed",9185.52607,3,0,0,2022
"2850-57731","2850-57645","CHR","Struthers main",5026.901367,4,0,0,2022
"2850-57731","2850-57629","CHR","Urban Farm Girlz Sheep Shed",9185.52607,7,0,0,2022
"2850-57806","2850-57871","CHR","Blue Cloud main",4098.901931,6,0,0,2022
"2850-57806","2850-57871","CHR","Blue Cloud main",4098.901931,6,0,0,2022
"2850-57806","2850-57869","CHR","Blue Cloud main",4098.901931,6,0,0,2022
"2850-57806","2850-57869","CHR","Blue Cloud main",4098.901931,6,0,0,2022
"2850-57806","2850-57612","CHR","Blue Cloud main",4098.901931,10,0,0,2022
"2850-57806","2850-57612","CHR","Blue Cloud main",4098.901931,10,0,0,2022
"2850-57806","2850-57572","CHR","Blue Cloud main",4098.901931,5,0,0,2022
"2850-57806","2850-57572","CHR","Blue Cloud main",4098.901931,5,0,0,2022
"2850-57806","2850-57870","CHR","Blue Cloud Middle Shed",4095.447993,1,0,0,2022
"2850-57806","2850-57870","CHR","Blue Cloud Middle Shed",4095.447993,1,0,0,2022
"2850-57806","2850-57685","CHR","Boyer",7918.345849,2,0,0,2022
"2850-57806","2850-57685","CHR","Boyer",7918.345849,2,0,0,2022
"2850-57806","2850-57688","CHR","Boyer",7918.345849,5,0,0,2022
"2850-57806","2850-57688","CHR","Boyer",7918.345849,5,0,0,2022
"2850-57806","2850-57667","CHR","Cathys est",7669.293552,1,0,0,2022
"2850-57806","2850-57667","CHR","Cathys est",7669.293552,1,0,0,2022
"2850-57806","2850-57575","CHR","Cooks",3998.148258,4,0,0,2022
"2850-57806","2850-57575","CHR","Cooks",3998.148258,4,0,0,2022
"2850-57806","2850-57637","CHR","Cooks",3998.148258,1,0,0,2022
"2850-57806","2850-57637","CHR","Cooks",3998.148258,1,0,0,2022
"2850-57806","Cooks-13_UNS","CHR","Cooks",3998.148258,4,0,0,2022
"2850-57806","Cooks-13_UNS","CHR","Cooks",3998.148258,4,0,0,2022
"2850-57806","2850-57609","CHR","Cooks",3998.148258,5,0,0,2022
"2850-57806","2850-57609","CHR","Cooks",3998.148258,5,0,0,2022
"2850-57806","2850-57672","CHR","Cooks",3998.148258,4,0,0,2022
"2850-57806","2850-57672","CHR","Cooks",3998.148258,4,0,0,2022
"2850-57806","2850-57664","CHR","Cooks",3998.148258,3,0,0,2022
"2850-57806","2850-57664","CHR","Cooks",3998.148258,3,0,0,2022
"2850-57806","2850-57661","CHR","Karens est",472.2447997,3,0,0,2022
"2850-57806","2850-57661","CHR","Karens est",472.2447997,3,0,0,2022
"2850-57806","2850-57700","CHR","Cooks",3998.148258,4,0,0,2022
"2850-57806","2850-57700","CHR","Cooks",3998.148258,4,0,0,2022
"2850-57806","2850-57872","CHR","Make Believe",4912.593342,8,0,0,2022
"2850-57806","2850-57872","CHR","Make Believe",4912.593342,8,0,0,2022
"2850-57806","2850-57853","CHR","Cooks",3998.148258,10,0,0,2022
"2850-57806","2850-57853","CHR","Cooks",3998.148258,10,0,0,2022
"2850-57806","2850-57663","CHR","Cooks",3998.148258,7,0,0,2022
"2850-57806","2850-57663","CHR","Cooks",3998.148258,7,0,0,2022
"2850-57806","2850-57874","CHR","Make Believe",4912.593342,2,0,0,2022
"2850-57806","2850-57874","CHR","Make Believe",4912.593342,2,0,0,2022
"2850-57806","2811-83207","CHR","Dome House est",9069.221045,4,0,0,2022
"2850-57806","2811-83207","CHR","Dome House est",9069.221045,4,0,0,2022
"2850-57806","2850-57878","CHR","Make Believe",4912.593342,3,0,0,2022
"2850-57806","2850-57878","CHR","Make Believe",4912.593342,3,0,0,2022
"2850-57806","2850-57576","CHR","Make Believe",4912.593342,6,0,0,2022
"2850-57806","2850-57576","CHR","Make Believe",4912.593342,6,0,0,2022
"2850-57806","2850-57635","CHR","Make Believe",4912.593342,8,0,0,2022
"2850-57806","2850-57635","CHR","Make Believe",4912.593342,8,0,0,2022
"2850-57806","2640-97596","CHR","Make Believe",4912.593342,10,0,0,2022
"2850-57806","2640-97596","CHR","Make Believe",4912.593342,10,0,0,2022
"2850-57806","2850-57692","CHR","Martes est",8462.904111,6,0,0,2022
"2850-57806","2850-57692","CHR","Martes est",8462.904111,6,0,0,2022
"2850-57806","2850-57608","CHR","Urban Farm Girlz Sheep Shed",9185.52607,3,0,0,2022
"2850-57806","2850-57608","CHR","Urban Farm Girlz Sheep Shed",9185.52607,3,0,0,2022
"2850-57806","2850-57550","CHR","Mary Anns est",7493.669043,3,0,0,2022
"2850-57806","2850-57550","CHR","Mary Anns est",7493.669043,3,0,0,2022
"2850-57806","2850-57640","CHR","McCauley est",3047.854589,6,0,0,2022
"2850-57806","2850-57640","CHR","McCauley est",3047.854589,6,0,0,2022
"2850-57806","2850-57551","CHR","Struthers main",5026.901367,10,0,0,2022
"2850-57806","2850-57551","CHR","Struthers main",5026.901367,10,0,0,2022
"2850-57806","2850-57753","CHR","McCauley est",3047.854589,4,0,0,2022
"2850-57806","2850-57753","CHR","McCauley est",3047.854589,4,0,0,2022
"2850-57806","2850-57645","CHR","Struthers main",5026.901367,4,0,0,2022
"2850-57806","2850-57645","CHR","Struthers main",5026.901367,4,0,0,2022
"2850-57806","2850-57698","CHR","Speedwell est",6015.097136,4,0,0,2022
"2850-57806","2850-57698","CHR","Speedwell est",6015.097136,4,0,0,2022
"2850-57806","2850-57629","CHR","Urban Farm Girlz Sheep Shed",9185.52607,7,0,0,2022
"2850-57806","2850-57629","CHR","Urban Farm Girlz Sheep Shed",9185.52607,7,0,0,2022
"2850-57620","2850-57869","CHR","Blue Cloud main",4098.901931,6,0,0,2022
"2850-57620","2850-57572","CHR","Blue Cloud main",4098.901931,5,0,0,2022
"2850-57620","2850-57871","CHR","Blue Cloud main",4098.901931,6,0,0,2022
"2850-57620","2850-57688","CHR","Boyer",7918.345849,5,0,0,2022
"2850-57620","2850-57612","CHR","Blue Cloud main",4098.901931,10,0,0,2022
"2850-57620","2850-57685","CHR","Boyer",7918.345849,2,0,0,2022
"2850-57620","2850-57870","CHR","Blue Cloud Middle Shed",4095.447993,1,0,0,2022
"2850-57620","2850-57667","CHR","Cathys est",7669.293552,1,0,0,2022
"2850-57620","2850-57637","CHR","Cooks",3998.148258,1,0,0,2022
"2850-57620","2850-57575","CHR","Cooks",3998.148258,4,0,0,2022
"2850-57620","2850-57609","CHR","Cooks",3998.148258,5,0,0,2022
"2850-57620","Cooks-13_UNS","CHR","Cooks",3998.148258,4,0,0,2022
"2850-57620","2850-57700","CHR","Cooks",3998.148258,4,0,0,2022
"2850-57620","2850-57672","CHR","Cooks",3998.148258,4,0,0,2022
"2850-57620","2850-57664","CHR","Cooks",3998.148258,3,0,0,2022
"2850-57620","2850-57663","CHR","Cooks",3998.148258,7,0,0,2022
"2850-57620","2850-57853","CHR","Cooks",3998.148258,10,0,0,2022
"2850-57620","2850-57661","CHR","Karens est",472.2447997,3,0,0,2022
"2850-57620","2850-57576","CHR","Make Believe",4912.593342,6,0,0,2022
"2850-57620","2850-57878","CHR","Make Believe",4912.593342,3,0,0,2022
"2850-57620","2850-57874","CHR","Make Believe",4912.593342,2,0,0,2022
"2850-57620","2811-83207","CHR","Dome House est",9069.221045,4,0,0,2022
"2850-57620","2850-57872","CHR","Make Believe",4912.593342,8,0,0,2022
"2850-57620","2640-97596","CHR","Make Believe",4912.593342,10,0,0,2022
"2850-57620","2850-57692","CHR","Martes est",8462.904111,6,0,0,2022
"2850-57620","2850-57635","CHR","Make Believe",4912.593342,8,0,0,2022
"2850-57620","2850-57550","CHR","Mary Anns est",7493.669043,3,0,0,2022
"2850-57620","2850-57645","CHR","Struthers main",5026.901367,4,0,0,2022
"2850-57620","2850-57698","CHR","Speedwell est",6015.097136,4,0,0,2022
"2850-57620","2850-57551","CHR","Struthers main",5026.901367,10,0,0,2022
"2850-57620","2850-57608","CHR","Urban Farm Girlz Sheep Shed",9185.52607,3,0,0,2022
"2850-57620","2850-57640","CHR","McCauley est",3047.854589,6,0,0,2022
"2850-57620","2850-57753","CHR","McCauley est",3047.854589,4,0,0,2022
"2850-57620","2850-57629","CHR","Urban Farm Girlz Sheep Shed",9185.52607,7,0,0,2022
"2850-57567","2850-57869","CHR","Blue Cloud main",4098.901931,6,0,0,2022
"2850-57567","2850-57572","CHR","Blue Cloud main",4098.901931,5,0,0,2022
"2850-57567","2850-57871","CHR","Blue Cloud main",4098.901931,6,0,0,2022
"2850-57567","2850-57870","CHR","Blue Cloud Middle Shed",4095.447993,1,0,0,2022
"2850-57567","2850-57685","CHR","Boyer",7918.345849,2,0,0,2022
"2850-57567","2850-57612","CHR","Blue Cloud main",4098.901931,10,0,0,2022
"2850-57567","2850-57688","CHR","Boyer",7918.345849,5,0,0,2022
"2850-57567","2850-57667","CHR","Cathys est",7669.293552,1,0,0,2022
"2850-57567","2850-57575","CHR","Cooks",3998.148258,4,0,0,2022
"2850-57567","2850-57664","CHR","Cooks",3998.148258,3,0,0,2022
"2850-57567","2850-57609","CHR","Cooks",3998.148258,5,0,0,2022
"2850-57567","Cooks-13_UNS","CHR","Cooks",3998.148258,4,0,0,2022
"2850-57567","2850-57637","CHR","Cooks",3998.148258,1,0,0,2022
"2850-57567","2850-57853","CHR","Cooks",3998.148258,10,0,0,2022
"2850-57567","2850-57672","CHR","Cooks",3998.148258,4,0,0,2022
"2850-57567","2850-57663","CHR","Cooks",3998.148258,7,0,0,2022
"2850-57567","2850-57700","CHR","Cooks",3998.148258,4,0,0,2022
"2850-57567","2850-57661","CHR","Karens est",472.2447997,3,0,0,2022
"2850-57567","2850-57874","CHR","Make Believe",4912.593342,2,0,0,2022
"2850-57567","2811-83207","CHR","Dome House est",9069.221045,4,0,0,2022
"2850-57567","2850-57878","CHR","Make Believe",4912.593342,3,0,0,2022
"2850-57567","2640-97596","CHR","Make Believe",4912.593342,10,0,0,2022
"2850-57567","2850-57576","CHR","Make Believe",4912.593342,6,0,0,2022
"2850-57567","2850-57635","CHR","Make Believe",4912.593342,8,0,0,2022
"2850-57567","2850-57872","CHR","Make Believe",4912.593342,8,0,0,2022
"2850-57567","2850-57753","CHR","McCauley est",3047.854589,4,0,0,2022
"2850-57567","2850-57692","CHR","Martes est",8462.904111,6,0,0,2022
"2850-57567","2850-57550","CHR","Mary Anns est",7493.669043,3,0,0,2022
"2850-57567","2850-57640","CHR","McCauley est",3047.854589,6,0,0,2022
"2850-57567","2850-57551","CHR","Struthers main",5026.901367,10,0,0,2022
"2850-57567","2850-57645","CHR","Struthers main",5026.901367,4,0,0,2022
"2850-57567","2850-57698","CHR","Speedwell est",6015.097136,4,0,0,2022
"2850-57567","2850-57608","CHR","Urban Farm Girlz Sheep Shed",9185.52607,3,0,0,2022
"2850-57567","2850-57629","CHR","Urban Farm Girlz Sheep Shed",9185.52607,7,0,0,2022
"2850-57653","2850-57869","CHR","Blue Cloud main",4098.901931,6,0,0,2022
"2850-57653","2850-57612","CHR","Blue Cloud main",4098.901931,10,0,0,2022
"2850-57653","2850-57572","CHR","Blue Cloud main",4098.901931,5,0,0,2022
"2850-57653","2850-57871","CHR","Blue Cloud main",4098.901931,6,0,0,2022
"2850-57653","2850-57870","CHR","Blue Cloud Middle Shed",4095.447993,1,0,0,2022
"2850-57653","2850-57688","CHR","Boyer",7918.345849,5,0,0,2022
"2850-57653","2850-57685","CHR","Boyer",7918.345849,2,0,0,2022
"2850-57653","2850-57667","CHR","Cathys est",7669.293552,1,0,0,2022
"2850-57653","2850-57637","CHR","Cooks",3998.148258,1,0,0,2022
"2850-57653","2850-57575","CHR","Cooks",3998.148258,4,0,0,2022
"2850-57653","Cooks-13_UNS","CHR","Cooks",3998.148258,4,0,0,2022
"2850-57653","2850-57609","CHR","Cooks",3998.148258,5,0,0,2022
"2850-57653","2850-57664","CHR","Cooks",3998.148258,3,0,0,2022
"2850-57653","2850-57672","CHR","Cooks",3998.148258,4,0,0,2022
"2850-57653","2811-83207","CHR","Dome House est",9069.221045,4,0,0,2022
"2850-57653","2850-57853","CHR","Cooks",3998.148258,10,0,0,2022
"2850-57653","2850-57663","CHR","Cooks",3998.148258,7,0,0,2022
"2850-57653","2850-57661","CHR","Karens est",472.2447997,3,0,0,2022
"2850-57653","2850-57872","CHR","Make Believe",4912.593342,8,0,0,2022
"2850-57653","2850-57878","CHR","Make Believe",4912.593342,3,0,0,2022
"2850-57653","2850-57700","CHR","Cooks",3998.148258,4,0,0,2022
"2850-57653","2640-97596","CHR","Make Believe",4912.593342,10,0,0,2022
"2850-57653","2850-57874","CHR","Make Believe",4912.593342,2,0,0,2022
"2850-57653","2850-57576","CHR","Make Believe",4912.593342,6,0,0,2022
"2850-57653","2850-57635","CHR","Make Believe",4912.593342,8,0,0,2022
"2850-57653","2850-57692","CHR","Martes est",8462.904111,6,0,0,2022
"2850-57653","2850-57550","CHR","Mary Anns est",7493.669043,3,0,0,2022
"2850-57653","2850-57640","CHR","McCauley est",3047.854589,6,0,0,2022
"2850-57653","2850-57608","CHR","Urban Farm Girlz Sheep Shed",9185.52607,3,0,0,2022
"2850-57653","2850-57551","CHR","Struthers main",5026.901367,10,0,0,2022
"2850-57653","2850-57698","CHR","Speedwell est",6015.097136,4,0,0,2022
"2850-57653","2850-57645","CHR","Struthers main",5026.901367,4,0,0,2022
"2850-57653","2850-57629","CHR","Urban Farm Girlz Sheep Shed",9185.52607,7,0,0,2022
"2850-57653","2850-57753","CHR","McCauley est",3047.854589,4,0,0,2022
"2850-57646","2850-57572","CHR","Blue Cloud main",4098.901931,5,0,0,2022
"2850-57646","2850-57869","CHR","Blue Cloud main",4098.901931,6,0,0,2022
"2850-57646","2850-57870","CHR","Blue Cloud Middle Shed",4095.447993,1,0,0,2022
"2850-57646","2850-57612","CHR","Blue Cloud main",4098.901931,10,0,0,2022
"2850-57646","2850-57688","CHR","Boyer",7918.345849,5,0,0,2022
"2850-57646","2850-57685","CHR","Boyer",7918.345849,2,0,0,2022
"2850-57646","2850-57667","CHR","Cathys est",7669.293552,1,0,0,2022
"2850-57646","2850-57871","CHR","Blue Cloud main",4098.901931,6,0,0,2022
"2850-57646","2850-57637","CHR","Cooks",3998.148258,1,0,0,2022
"2850-57646","Cooks-13_UNS","CHR","Cooks",3998.148258,4,0,0,2022
"2850-57646","2850-57575","CHR","Cooks",3998.148258,4,0,0,2022
"2850-57646","2850-57609","CHR","Cooks",3998.148258,5,0,0,2022
"2850-57646","2850-57663","CHR","Cooks",3998.148258,7,0,0,2022
"2850-57646","2850-57664","CHR","Cooks",3998.148258,3,0,0,2022
"2850-57646","2850-57672","CHR","Cooks",3998.148258,4,0,0,2022
"2850-57646","2850-57853","CHR","Cooks",3998.148258,10,0,0,2022
"2850-57646","2850-57700","CHR","Cooks",3998.148258,4,0,0,2022
"2850-57646","2811-83207","CHR","Dome House est",9069.221045,4,0,0,2022
"2850-57646","2850-57661","CHR","Karens est",472.2447997,3,0,0,2022
"2850-57646","2850-57878","CHR","Make Believe",4912.593342,3,0,0,2022
"2850-57646","2850-57576","CHR","Make Believe",4912.593342,6,0,0,2022
"2850-57646","2850-57874","CHR","Make Believe",4912.593342,2,0,0,2022
"2850-57646","2850-57692","CHR","Martes est",8462.904111,6,0,0,2022
"2850-57646","2640-97596","CHR","Make Believe",4912.593342,10,0,0,2022
"2850-57646","2850-57753","CHR","McCauley est",3047.854589,4,0,0,2022
"2850-57646","2850-57872","CHR","Make Believe",4912.593342,8,0,0,2022
"2850-57646","2850-57635","CHR","Make Believe",4912.593342,8,0,0,2022
"2850-57646","2850-57640","CHR","McCauley est",3047.854589,6,0,0,2022
"2850-57646","2850-57608","CHR","Urban Farm Girlz Sheep Shed",9185.52607,3,0,0,2022
"2850-57646","2850-57550","CHR","Mary Anns est",7493.669043,3,0,0,2022
"2850-57646","2850-57698","CHR","Speedwell est",6015.097136,4,0,0,2022
"2850-57646","2850-57645","CHR","Struthers main",5026.901367,4,0,0,2022
"2850-57646","2850-57551","CHR","Struthers main",5026.901367,10,0,0,2022
"2850-57646","2850-57629","CHR","Urban Farm Girlz Sheep Shed",9185.52607,7,0,0,2022
"2850-57579","2850-57869","CHR","Blue Cloud main",4098.901931,6,0,0,2022
"2850-57579","2850-57870","CHR","Blue Cloud Middle Shed",4095.447993,1,0,0,2022
"2850-57579","2850-57871","CHR","Blue Cloud main",4098.901931,6,0,0,2022
"2850-57579","2850-57572","CHR","Blue Cloud main",4098.901931,5,0,0,2022
"2850-57579","2850-57612","CHR","Blue Cloud main",4098.901931,10,0,0,2022
"2850-57579","2850-57685","CHR","Boyer",7918.345849,2,0,0,2022
"2850-57579","2850-57667","CHR","Cathys est",7669.293552,1,0,0,2022
"2850-57579","2850-57688","CHR","Boyer",7918.345849,5,0,0,2022
"2850-57579","2850-57853","CHR","Cooks",3998.148258,10,0,0,2022
"2850-57579","2850-57663","CHR","Cooks",3998.148258,7,0,0,2022
"2850-57579","2850-57637","CHR","Cooks",3998.148258,1,0,0,2022
"2850-57579","2850-57672","CHR","Cooks",3998.148258,4,0,0,2022
"2850-57579","2850-57609","CHR","Cooks",3998.148258,5,0,0,2022
"2850-57579","Cooks-13_UNS","CHR","Cooks",3998.148258,4,0,0,2022
"2850-57579","2850-57575","CHR","Cooks",3998.148258,4,0,0,2022
"2850-57579","2850-57664","CHR","Cooks",3998.148258,3,0,0,2022
"2850-57579","2850-57872","CHR","Make Believe",4912.593342,8,0,0,2022
"2850-57579","2850-57576","CHR","Make Believe",4912.593342,6,0,0,2022
"2850-57579","2850-57874","CHR","Make Believe",4912.593342,2,0,0,2022
"2850-57579","2850-57698","CHR","Speedwell est",6015.097136,4,0,0,2022
"2850-57579","2850-57700","CHR","Cooks",3998.148258,4,0,0,2022
"2850-57579","2811-83207","CHR","Dome House est",9069.221045,4,0,0,2022
"2850-57579","2850-57661","CHR","Karens est",472.2447997,3,0,0,2022
"2850-57579","2850-57878","CHR","Make Believe",4912.593342,3,0,0,2022
"2850-57579","2850-57645","CHR","Struthers main",5026.901367,4,0,0,2022
"2850-57579","2850-57608","CHR","Urban Farm Girlz Sheep Shed",9185.52607,3,0,0,2022
"2850-57579","2850-57629","CHR","Urban Farm Girlz Sheep Shed",9185.52607,7,0,0,2022
"2850-57579","2850-57635","CHR","Make Believe",4912.593342,8,0,0,2022
"2850-57579","2640-97596","CHR","Make Believe",4912.593342,10,0,0,2022
"2850-57579","2850-57640","CHR","McCauley est",3047.854589,6,0,0,2022
"2850-57579","2850-57550","CHR","Mary Anns est",7493.669043,3,0,0,2022
"2850-57579","2850-57692","CHR","Martes est",8462.904111,6,0,0,2022
"2850-57579","2850-57753","CHR","McCauley est",3047.854589,4,0,0,2022
"2850-57579","2850-57551","CHR","Struthers main",5026.901367,10,0,0,2022
"2850-57581","2850-57869","CHR","Blue Cloud main",4098.901931,6,0,0,2022
"2850-57581","2850-57572","CHR","Blue Cloud main",4098.901931,5,0,0,2022
"2850-57581","2850-57870","CHR","Blue Cloud Middle Shed",4095.447993,1,0,0,2022
"2850-57581","2850-57612","CHR","Blue Cloud main",4098.901931,10,0,0,2022
"2850-57581","2850-57667","CHR","Cathys est",7669.293552,1,0,0,2022
"2850-57581","2850-57685","CHR","Boyer",7918.345849,2,0,0,2022
"2850-57581","2850-57871","CHR","Blue Cloud main",4098.901931,6,0,0,2022
"2850-57581","2850-57688","CHR","Boyer",7918.345849,5,0,0,2022
"2850-57581","2850-57637","CHR","Cooks",3998.148258,1,0,0,2022
"2850-57581","2850-57664","CHR","Cooks",3998.148258,3,0,0,2022
"2850-57581","2850-57672","CHR","Cooks",3998.148258,4,0,0,2022
"2850-57581","Cooks-13_UNS","CHR","Cooks",3998.148258,4,0,0,2022
"2850-57581","2850-57575","CHR","Cooks",3998.148258,4,0,0,2022
"2850-57581","2850-57609","CHR","Cooks",3998.148258,5,0,0,2022
"2850-57581","2850-57663","CHR","Cooks",3998.148258,7,0,0,2022
"2850-57581","2850-57853","CHR","Cooks",3998.148258,10,0,0,2022
"2850-57581","2850-57700","CHR","Cooks",3998.148258,4,0,0,2022
"2850-57581","2850-57878","CHR","Make Believe",4912.593342,3,0,0,2022
"2850-57581","2850-57576","CHR","Make Believe",4912.593342,6,0,0,2022
"2850-57581","2850-57872","CHR","Make Believe",4912.593342,8,0,0,2022
"2850-57581","2850-57661","CHR","Karens est",472.2447997,3,0,0,2022
"2850-57581","2811-83207","CHR","Dome House est",9069.221045,4,0,0,2022
"2850-57581","2850-57550","CHR","Mary Anns est",7493.669043,3,0,0,2022
"2850-57581","2850-57874","CHR","Make Believe",4912.593342,2,0,0,2022
"2850-57581","2850-57692","CHR","Martes est",8462.904111,6,0,0,2022
"2850-57581","2640-97596","CHR","Make Believe",4912.593342,10,0,0,2022
"2850-57581","2850-57645","CHR","Struthers main",5026.901367,4,0,0,2022
"2850-57581","2850-57635","CHR","Make Believe",4912.593342,8,0,0,2022
"2850-57581","2850-57640","CHR","McCauley est",3047.854589,6,0,0,2022
"2850-57581","2850-57698","CHR","Speedwell est",6015.097136,4,0,0,2022
"2850-57581","2850-57753","CHR","McCauley est",3047.854589,4,0,0,2022
"2850-57581","2850-57551","CHR","Struthers main",5026.901367,10,0,0,2022
"2850-57581","2850-57608","CHR","Urban Farm Girlz Sheep Shed",9185.52607,3,0,0,2022
"2850-57581","2850-57629","CHR","Urban Farm Girlz Sheep Shed",9185.52607,7,0,0,2022
"2850-57671","2850-57869","CHR","Blue Cloud main",4098.901931,6,0,0,2022
"2850-57671","2850-57612","CHR","Blue Cloud main",4098.901931,10,0,0,2022
"2850-57671","2850-57572","CHR","Blue Cloud main",4098.901931,5,0,0,2022
"2850-57671","2850-57870","CHR","Blue Cloud Middle Shed",4095.447993,1,0,0,2022
"2850-57671","2850-57685","CHR","Boyer",7918.345849,2,0,0,2022
"2850-57671","2850-57871","CHR","Blue Cloud main",4098.901931,6,0,0,2022
"2850-57671","2850-57688","CHR","Boyer",7918.345849,5,0,0,2022
"2850-57671","2850-57667","CHR","Cathys est",7669.293552,1,0,0,2022
"2850-57671","Cooks-13_UNS","CHR","Cooks",3998.148258,4,0,0,2022
"2850-57671","2850-57575","CHR","Cooks",3998.148258,4,0,0,2022
"2850-57671","2850-57637","CHR","Cooks",3998.148258,1,0,0,2022
"2850-57671","2850-57664","CHR","Cooks",3998.148258,3,0,0,2022
"2850-57671","2850-57672","CHR","Cooks",3998.148258,4,0,0,2022
"2850-57671","2850-57609","CHR","Cooks",3998.148258,5,0,0,2022
"2850-57671","2811-83207","CHR","Dome House est",9069.221045,4,0,0,2022
"2850-57671","2850-57853","CHR","Cooks",3998.148258,10,0,0,2022
"2850-57671","2850-57663","CHR","Cooks",3998.148258,7,0,0,2022
"2850-57671","2850-57700","CHR","Cooks",3998.148258,4,0,0,2022
"2850-57671","2850-57661","CHR","Karens est",472.2447997,3,0,0,2022
"2850-57671","2850-57576","CHR","Make Believe",4912.593342,6,0,0,2022
"2850-57671","2640-97596","CHR","Make Believe",4912.593342,10,0,0,2022
"2850-57671","2850-57874","CHR","Make Believe",4912.593342,2,0,0,2022
"2850-57671","2850-57878","CHR","Make Believe",4912.593342,3,0,0,2022
"2850-57671","2850-57635","CHR","Make Believe",4912.593342,8,0,0,2022
"2850-57671","2850-57872","CHR","Make Believe",4912.593342,8,0,0,2022
"2850-57671","2850-57692","CHR","Martes est",8462.904111,6,0,0,2022
"2850-57671","2850-57640","CHR","McCauley est",3047.854589,6,0,0,2022
"2850-57671","2850-57550","CHR","Mary Anns est",7493.669043,3,0,0,2022
"2850-57671","2850-57753","CHR","McCauley est",3047.854589,4,0,0,2022
"2850-57671","2850-57629","CHR","Urban Farm Girlz Sheep Shed",9185.52607,7,0,0,2022
"2850-57671","2850-57698","CHR","Speedwell est",6015.097136,4,0,0,2022
"2850-57671","2850-57551","CHR","Struthers main",5026.901367,10,0,0,2022
"2850-57671","2850-57645","CHR","Struthers main",5026.901367,4,0,0,2022
"2850-57671","2850-57608","CHR","Urban Farm Girlz Sheep Shed",9185.52607,3,0,0,2022
"2850-57582","2850-57572","CHR","Blue Cloud main",4098.901931,5,0,0,2022
"2850-57582","2850-57572","CHR","Blue Cloud main",4098.901931,5,0,0,2022
"2850-57582","2850-57869","CHR","Blue Cloud main",4098.901931,6,0,0,2022
"2850-57582","2850-57869","CHR","Blue Cloud main",4098.901931,6,0,0,2022
"2850-57582","2850-57612","CHR","Blue Cloud main",4098.901931,10,0,0,2022
"2850-57582","2850-57612","CHR","Blue Cloud main",4098.901931,10,0,0,2022
"2850-57582","2850-57870","CHR","Blue Cloud Middle Shed",4095.447993,1,0,0,2022
"2850-57582","2850-57870","CHR","Blue Cloud Middle Shed",4095.447993,1,0,0,2022
"2850-57582","2850-57871","CHR","Blue Cloud main",4098.901931,6,0,0,2022
"2850-57582","2850-57871","CHR","Blue Cloud main",4098.901931,6,0,0,2022
"2850-57582","2850-57688","CHR","Boyer",7918.345849,5,0,0,2022
"2850-57582","2850-57688","CHR","Boyer",7918.345849,5,0,0,2022
"2850-57582","2850-57667","CHR","Cathys est",7669.293552,1,0,0,2022
"2850-57582","2850-57667","CHR","Cathys est",7669.293552,1,0,0,2022
"2850-57582","2850-57685","CHR","Boyer",7918.345849,2,0,0,2022
"2850-57582","2850-57685","CHR","Boyer",7918.345849,2,0,0,2022
"2850-57582","2850-57637","CHR","Cooks",3998.148258,1,0,0,2022
"2850-57582","2850-57637","CHR","Cooks",3998.148258,1,0,0,2022
"2850-57582","2850-57575","CHR","Cooks",3998.148258,4,0,0,2022
"2850-57582","2850-57575","CHR","Cooks",3998.148258,4,0,0,2022
"2850-57582","Cooks-13_UNS","CHR","Cooks",3998.148258,4,0,0,2022
"2850-57582","Cooks-13_UNS","CHR","Cooks",3998.148258,4,0,0,2022
"2850-57582","2850-57853","CHR","Cooks",3998.148258,10,0,0,2022
"2850-57582","2850-57853","CHR","Cooks",3998.148258,10,0,0,2022
"2850-57582","2850-57609","CHR","Cooks",3998.148258,5,0,0,2022
"2850-57582","2850-57609","CHR","Cooks",3998.148258,5,0,0,2022
"2850-57582","2850-57700","CHR","Cooks",3998.148258,4,0,0,2022
"2850-57582","2850-57700","CHR","Cooks",3998.148258,4,0,0,2022
"2850-57582","2850-57664","CHR","Cooks",3998.148258,3,0,0,2022
"2850-57582","2850-57664","CHR","Cooks",3998.148258,3,0,0,2022
"2850-57582","2850-57672","CHR","Cooks",3998.148258,4,0,0,2022
"2850-57582","2850-57672","CHR","Cooks",3998.148258,4,0,0,2022
"2850-57582","2640-97596","CHR","Make Believe",4912.593342,10,0,0,2022
"2850-57582","2640-97596","CHR","Make Believe",4912.593342,10,0,0,2022
"2850-57582","2850-57663","CHR","Cooks",3998.148258,7,0,0,2022
"2850-57582","2850-57663","CHR","Cooks",3998.148258,7,0,0,2022
"2850-57582","2811-83207","CHR","Dome House est",9069.221045,4,0,0,2022
"2850-57582","2811-83207","CHR","Dome House est",9069.221045,4,0,0,2022
"2850-57582","2850-57661","CHR","Karens est",472.2447997,3,0,0,2022
"2850-57582","2850-57661","CHR","Karens est",472.2447997,3,0,0,2022
"2850-57582","2850-57874","CHR","Make Believe",4912.593342,2,0,0,2022
"2850-57582","2850-57874","CHR","Make Believe",4912.593342,2,0,0,2022
"2850-57582","2850-57576","CHR","Make Believe",4912.593342,6,0,0,2022
"2850-57582","2850-57576","CHR","Make Believe",4912.593342,6,0,0,2022
"2850-57582","2850-57878","CHR","Make Believe",4912.593342,3,0,0,2022
"2850-57582","2850-57878","CHR","Make Believe",4912.593342,3,0,0,2022
"2850-57582","2850-57550","CHR","Mary Anns est",7493.669043,3,0,0,2022
"2850-57582","2850-57550","CHR","Mary Anns est",7493.669043,3,0,0,2022
"2850-57582","2850-57635","CHR","Make Believe",4912.593342,8,0,0,2022
"2850-57582","2850-57635","CHR","Make Believe",4912.593342,8,0,0,2022
"2850-57582","2850-57872","CHR","Make Believe",4912.593342,8,0,0,2022
"2850-57582","2850-57872","CHR","Make Believe",4912.593342,8,0,0,2022
"2850-57582","2850-57692","CHR","Martes est",8462.904111,6,0,0,2022
"2850-57582","2850-57692","CHR","Martes est",8462.904111,6,0,0,2022
"2850-57582","2850-57640","CHR","McCauley est",3047.854589,6,0,0,2022
"2850-57582","2850-57640","CHR","McCauley est",3047.854589,6,0,0,2022
"2850-57582","2850-57698","CHR","Speedwell est",6015.097136,4,0,0,2022
"2850-57582","2850-57698","CHR","Speedwell est",6015.097136,4,0,0,2022
"2850-57582","2850-57753","CHR","McCauley est",3047.854589,4,0,0,2022
"2850-57582","2850-57753","CHR","McCauley est",3047.854589,4,0,0,2022
"2850-57582","2850-57551","CHR","Struthers main",5026.901367,10,0,0,2022
"2850-57582","2850-57551","CHR","Struthers main",5026.901367,10,0,0,2022
"2850-57582","2850-57645","CHR","Struthers main",5026.901367,4,0,0,2022
"2850-57582","2850-57645","CHR","Struthers main",5026.901367,4,0,0,2022
"2850-57582","2850-57608","CHR","Urban Farm Girlz Sheep Shed",9185.52607,3,0,0,2022
"2850-57582","2850-57608","CHR","Urban Farm Girlz Sheep Shed",9185.52607,3,0,0,2022
"2850-57582","2850-57629","CHR","Urban Farm Girlz Sheep Shed",9185.52607,7,0,0,2022
"2850-57582","2850-57629","CHR","Urban Farm Girlz Sheep Shed",9185.52607,7,0,0,2022
"2850-57744","2850-57869","CHR","Blue Cloud main",4098.901931,6,0,0,2022
"2850-57744","2850-57572","CHR","Blue Cloud main",4098.901931,5,0,0,2022
"2850-57744","2850-57612","CHR","Blue Cloud main",4098.901931,10,0,0,2022
"2850-57744","2850-57870","CHR","Blue Cloud Middle Shed",4095.447993,1,0,0,2022
"2850-57744","2850-57871","CHR","Blue Cloud main",4098.901931,6,0,0,2022
"2850-57744","2850-57667","CHR","Cathys est",7669.293552,1,0,0,2022
"2850-57744","2850-57688","CHR","Boyer",7918.345849,5,0,0,2022
"2850-57744","2850-57685","CHR","Boyer",7918.345849,2,0,0,2022
"2850-57744","2850-57609","CHR","Cooks",3998.148258,5,0,0,2022
"2850-57744","2850-57575","CHR","Cooks",3998.148258,4,0,0,2022
"2850-57744","2850-57637","CHR","Cooks",3998.148258,1,0,0,2022
"2850-57744","Cooks-13_UNS","CHR","Cooks",3998.148258,4,0,0,2022
"2850-57744","2850-57672","CHR","Cooks",3998.148258,4,0,0,2022
"2850-57744","2850-57874","CHR","Make Believe",4912.593342,2,0,0,2022
"2850-57744","2850-57664","CHR","Cooks",3998.148258,3,0,0,2022
"2850-57744","2850-57663","CHR","Cooks",3998.148258,7,0,0,2022
"2850-57744","2811-83207","CHR","Dome House est",9069.221045,4,0,0,2022
"2850-57744","2850-57853","CHR","Cooks",3998.148258,10,0,0,2022
"2850-57744","2850-57700","CHR","Cooks",3998.148258,4,0,0,2022
"2850-57744","2850-57661","CHR","Karens est",472.2447997,3,0,0,2022
"2850-57744","2850-57878","CHR","Make Believe",4912.593342,3,0,0,2022
"2850-57744","2640-97596","CHR","Make Believe",4912.593342,10,0,0,2022
"2850-57744","2850-57576","CHR","Make Believe",4912.593342,6,0,0,2022
"2850-57744","2850-57872","CHR","Make Believe",4912.593342,8,0,0,2022
"2850-57744","2850-57550","CHR","Mary Anns est",7493.669043,3,0,0,2022
"2850-57744","2850-57635","CHR","Make Believe",4912.593342,8,0,0,2022
"2850-57744","2850-57692","CHR","Martes est",8462.904111,6,0,0,2022
"2850-57744","2850-57640","CHR","McCauley est",3047.854589,6,0,0,2022
"2850-57744","2850-57698","CHR","Speedwell est",6015.097136,4,0,0,2022
"2850-57744","2850-57645","CHR","Struthers main",5026.901367,4,0,0,2022
"2850-57744","2850-57753","CHR","McCauley est",3047.854589,4,0,0,2022
"2850-57744","2850-57608","CHR","Urban Farm Girlz Sheep Shed",9185.52607,3,0,0,2022
"2850-57744","2850-57629","CHR","Urban Farm Girlz Sheep Shed",9185.52607,7,0,0,2022
"2850-57744","2850-57551","CHR","Struthers main",5026.901367,10,0,0,2022
"2850-57580","2850-57612","CHR","Blue Cloud main",4098.901931,10,0,0,2022
"2850-57580","2850-57870","CHR","Blue Cloud Middle Shed",4095.447993,1,0,0,2022
"2850-57580","2850-57869","CHR","Blue Cloud main",4098.901931,6,0,0,2022
"2850-57580","2850-57688","CHR","Boyer",7918.345849,5,0,0,2022
"2850-57580","2850-57685","CHR","Boyer",7918.345849,2,0,0,2022
"2850-57580","2850-57572","CHR","Blue Cloud main",4098.901931,5,0,0,2022
"2850-57580","2850-57871","CHR","Blue Cloud main",4098.901931,6,0,0,2022
"2850-57580","2850-57667","CHR","Cathys est",7669.293552,1,0,0,2022
"2850-57580","2850-57575","CHR","Cooks",3998.148258,4,0,0,2022
"2850-57580","Cooks-13_UNS","CHR","Cooks",3998.148258,4,0,0,2022
"2850-57580","2850-57637","CHR","Cooks",3998.148258,1,0,0,2022
"2850-57580","2850-57672","CHR","Cooks",3998.148258,4,0,0,2022
"2850-57580","2850-57664","CHR","Cooks",3998.148258,3,0,0,2022
"2850-57580","2850-57609","CHR","Cooks",3998.148258,5,0,0,2022
"2850-57580","2811-83207","CHR","Dome House est",9069.221045,4,0,0,2022
"2850-57580","2850-57663","CHR","Cooks",3998.148258,7,0,0,2022
"2850-57580","2850-57853","CHR","Cooks",3998.148258,10,0,0,2022
"2850-57580","2850-57661","CHR","Karens est",472.2447997,3,0,0,2022
"2850-57580","2640-97596","CHR","Make Believe",4912.593342,10,0,0,2022
"2850-57580","2850-57700","CHR","Cooks",3998.148258,4,0,0,2022
"2850-57580","2850-57874","CHR","Make Believe",4912.593342,2,0,0,2022
"2850-57580","2850-57635","CHR","Make Believe",4912.593342,8,0,0,2022
"2850-57580","2850-57576","CHR","Make Believe",4912.593342,6,0,0,2022
"2850-57580","2850-57878","CHR","Make Believe",4912.593342,3,0,0,2022
"2850-57580","2850-57872","CHR","Make Believe",4912.593342,8,0,0,2022
"2850-57580","2850-57698","CHR","Speedwell est",6015.097136,4,0,0,2022
"2850-57580","2850-57550","CHR","Mary Anns est",7493.669043,3,0,0,2022
"2850-57580","2850-57645","CHR","Struthers main",5026.901367,4,0,0,2022
"2850-57580","2850-57692","CHR","Martes est",8462.904111,6,0,0,2022
"2850-57580","2850-57640","CHR","McCauley est",3047.854589,6,0,0,2022
"2850-57580","2850-57753","CHR","McCauley est",3047.854589,4,0,0,2022
"2850-57580","2850-57608","CHR","Urban Farm Girlz Sheep Shed",9185.52607,3,0,0,2022
"2850-57580","2850-57629","CHR","Urban Farm Girlz Sheep Shed",9185.52607,7,0,0,2022
"2850-57580","2850-57551","CHR","Struthers main",5026.901367,10,0,0,2022
"2850-57745","2850-57869","CHR","Blue Cloud main",4098.901931,6,0,0,2022
"2850-57745","2850-57612","CHR","Blue Cloud main",4098.901931,10,0,0,2022
"2850-57745","2850-57572","CHR","Blue Cloud main",4098.901931,5,0,0,2022
"2850-57745","2850-57870","CHR","Blue Cloud Middle Shed",4095.447993,1,0,0,2022
"2850-57745","2850-57871","CHR","Blue Cloud main",4098.901931,6,0,0,2022
"2850-57745","2850-57667","CHR","Cathys est",7669.293552,1,0,0,2022
"2850-57745","2850-57688","CHR","Boyer",7918.345849,5,0,0,2022
"2850-57745","2850-57685","CHR","Boyer",7918.345849,2,0,0,2022
"2850-57745","2850-57637","CHR","Cooks",3998.148258,1,0,0,2022
"2850-57745","2850-57575","CHR","Cooks",3998.148258,4,0,0,2022
"2850-57745","2850-57664","CHR","Cooks",3998.148258,3,0,0,2022
"2850-57745","2850-57609","CHR","Cooks",3998.148258,5,0,0,2022
"2850-57745","2850-57672","CHR","Cooks",3998.148258,4,0,0,2022
"2850-57745","2850-57853","CHR","Cooks",3998.148258,10,0,0,2022
"2850-57745","Cooks-13_UNS","CHR","Cooks",3998.148258,4,0,0,2022
"2850-57745","2850-57663","CHR","Cooks",3998.148258,7,0,0,2022
"2850-57745","2640-97596","CHR","Make Believe",4912.593342,10,0,0,2022
"2850-57745","2850-57700","CHR","Cooks",3998.148258,4,0,0,2022
"2850-57745","2850-57635","CHR","Make Believe",4912.593342,8,0,0,2022
"2850-57745","2850-57576","CHR","Make Believe",4912.593342,6,0,0,2022
"2850-57745","2850-57872","CHR","Make Believe",4912.593342,8,0,0,2022
"2850-57745","2850-57878","CHR","Make Believe",4912.593342,3,0,0,2022
"2850-57745","2850-57661","CHR","Karens est",472.2447997,3,0,0,2022
"2850-57745","2850-57874","CHR","Make Believe",4912.593342,2,0,0,2022
"2850-57745","2811-83207","CHR","Dome House est",9069.221045,4,0,0,2022
"2850-57745","2850-57640","CHR","McCauley est",3047.854589,6,0,0,2022
"2850-57745","2850-57692","CHR","Martes est",8462.904111,6,0,0,2022
"2850-57745","2850-57550","CHR","Mary Anns est",7493.669043,3,0,0,2022
"2850-57745","2850-57645","CHR","Struthers main",5026.901367,4,0,0,2022
"2850-57745","2850-57698","CHR","Speedwell est",6015.097136,4,0,0,2022
"2850-57745","2850-57629","CHR","Urban Farm Girlz Sheep Shed",9185.52607,7,0,0,2022
"2850-57745","2850-57753","CHR","McCauley est",3047.854589,4,0,0,2022
"2850-57745","2850-57608","CHR","Urban Farm Girlz Sheep Shed",9185.52607,3,0,0,2022
"2850-57745","2850-57551","CHR","Struthers main",5026.901367,10,0,0,2022
"2811-82969","2850-57572","CHR","Blue Cloud main",4098.901931,5,0,0,2022
"2811-82969","2850-57612","CHR","Blue Cloud main",4098.901931,10,0,0,2022
"2811-82969","2850-57869","CHR","Blue Cloud main",4098.901931,6,0,0,2022
"2811-82969","2850-57871","CHR","Blue Cloud main",4098.901931,6,0,0,2022
"2811-82969","2850-57688","CHR","Boyer",7918.345849,5,0,0,2022
"2811-82969","2850-57870","CHR","Blue Cloud Middle Shed",4095.447993,1,0,0,2022
"2811-82969","2850-57685","CHR","Boyer",7918.345849,2,0,0,2022
"2811-82969","2850-57667","CHR","Cathys est",7669.293552,1,0,0,2022
"2811-82969","Cooks-13_UNS","CHR","Cooks",3998.148258,4,0,0,2022
"2811-82969","2850-57637","CHR","Cooks",3998.148258,1,0,0,2022
"2811-82969","2850-57575","CHR","Cooks",3998.148258,4,0,0,2022
"2811-82969","2850-57663","CHR","Cooks",3998.148258,7,0,0,2022
"2811-82969","2850-57664","CHR","Cooks",3998.148258,3,0,0,2022
"2811-82969","2850-57609","CHR","Cooks",3998.148258,5,0,0,2022
"2811-82969","2811-83207","CHR","Dome House est",9069.221045,4,0,0,2022
"2811-82969","2850-57672","CHR","Cooks",3998.148258,4,0,0,2022
"2811-82969","2850-57853","CHR","Cooks",3998.148258,10,0,0,2022
"2811-82969","2850-57661","CHR","Karens est",472.2447997,3,0,0,2022
"2811-82969","2850-57874","CHR","Make Believe",4912.593342,2,0,0,2022
"2811-82969","2850-57576","CHR","Make Believe",4912.593342,6,0,0,2022
"2811-82969","2850-57700","CHR","Cooks",3998.148258,4,0,0,2022
"2811-82969","2850-57550","CHR","Mary Anns est",7493.669043,3,0,0,2022
"2811-82969","2850-57878","CHR","Make Believe",4912.593342,3,0,0,2022
"2811-82969","2850-57635","CHR","Make Believe",4912.593342,8,0,0,2022
"2811-82969","2640-97596","CHR","Make Believe",4912.593342,10,0,0,2022
"2811-82969","2850-57872","CHR","Make Believe",4912.593342,8,0,0,2022
"2811-82969","2850-57753","CHR","McCauley est",3047.854589,4,0,0,2022
"2811-82969","2850-57698","CHR","Speedwell est",6015.097136,4,0,0,2022
"2811-82969","2850-57645","CHR","Struthers main",5026.901367,4,0,0,2022
"2811-82969","2850-57640","CHR","McCauley est",3047.854589,6,0,0,2022
"2811-82969","2850-57692","CHR","Martes est",8462.904111,6,0,0,2022
"2811-82969","2850-57629","CHR","Urban Farm Girlz Sheep Shed",9185.52607,7,0,0,2022
"2811-82969","2850-57551","CHR","Struthers main",5026.901367,10,0,0,2022
"2811-82969","2850-57608","CHR","Urban Farm Girlz Sheep Shed",9185.52607,3,0,0,2022
"2640-97588","2850-57869","CHR","Blue Cloud main",4098.901931,6,0,0,2022
"2640-97588","2850-57871","CHR","Blue Cloud main",4098.901931,6,0,0,2022
"2640-97588","2850-57685","CHR","Boyer",7918.345849,2,0,0,2022
"2640-97588","2850-57612","CHR","Blue Cloud main",4098.901931,10,0,0,2022
"2640-97588","2850-57572","CHR","Blue Cloud main",4098.901931,5,0,0,2022
"2640-97588","2850-57870","CHR","Blue Cloud Middle Shed",4095.447993,1,0,0,2022
"2640-97588","2850-57688","CHR","Boyer",7918.345849,5,0,0,2022
"2640-97588","2850-57667","CHR","Cathys est",7669.293552,1,0,0,2022
"2640-97588","2850-57575","CHR","Cooks",3998.148258,4,0,0,2022
"2640-97588","2850-57609","CHR","Cooks",3998.148258,5,0,0,2022
"2640-97588","Cooks-13_UNS","CHR","Cooks",3998.148258,4,0,0,2022
"2640-97588","2850-57637","CHR","Cooks",3998.148258,1,0,0,2022
"2640-97588","2850-57664","CHR","Cooks",3998.148258,3,0,0,2022
"2640-97588","2850-57700","CHR","Cooks",3998.148258,4,0,0,2022
"2640-97588","2850-57663","CHR","Cooks",3998.148258,7,0,0,2022
"2640-97588","2850-57672","CHR","Cooks",3998.148258,4,0,0,2022
"2640-97588","2850-57874","CHR","Make Believe",4912.593342,2,0,0,2022
"2640-97588","2850-57853","CHR","Cooks",3998.148258,10,0,0,2022
"2640-97588","2640-97596","CHR","Make Believe",4912.593342,10,0,0,2022
"2640-97588","2850-57661","CHR","Karens est",472.2447997,3,0,0,2022
"2640-97588","2850-57878","CHR","Make Believe",4912.593342,3,0,0,2022
"2640-97588","2850-57576","CHR","Make Believe",4912.593342,6,0,0,2022
"2640-97588","2850-57635","CHR","Make Believe",4912.593342,8,0,0,2022
"2640-97588","2811-83207","CHR","Dome House est",9069.221045,4,0,0,2022
"2640-97588","2850-57872","CHR","Make Believe",4912.593342,8,0,0,2022
"2640-97588","2850-57753","CHR","McCauley est",3047.854589,4,0,0,2022
"2640-97588","2850-57640","CHR","McCauley est",3047.854589,6,0,0,2022
"2640-97588","2850-57550","CHR","Mary Anns est",7493.669043,3,0,0,2022
"2640-97588","2850-57692","CHR","Martes est",8462.904111,6,0,0,2022
"2640-97588","2850-57551","CHR","Struthers main",5026.901367,10,0,0,2022
"2640-97588","2850-57698","CHR","Speedwell est",6015.097136,4,0,0,2022
"2640-97588","2850-57608","CHR","Urban Farm Girlz Sheep Shed",9185.52607,3,0,0,2022
"2640-97588","2850-57645","CHR","Struthers main",5026.901367,4,0,0,2022
"2640-97588","2850-57629","CHR","Urban Farm Girlz Sheep Shed",9185.52607,7,0,0,2022
"2850-57589","2850-57871","CHR","Blue Cloud main",4098.901931,6,0,0,2022
"2850-57589","2850-57612","CHR","Blue Cloud main",4098.901931,10,0,0,2022
"2850-57589","2850-57870","CHR","Blue Cloud Middle Shed",4095.447993,1,0,0,2022
"2850-57589","2850-57572","CHR","Blue Cloud main",4098.901931,5,0,0,2022
"2850-57589","2850-57869","CHR","Blue Cloud main",4098.901931,6,0,0,2022
"2850-57589","2850-57685","CHR","Boyer",7918.345849,2,0,0,2022
"2850-57589","2850-57667","CHR","Cathys est",7669.293552,1,0,0,2022
"2850-57589","2850-57688","CHR","Boyer",7918.345849,5,0,0,2022
"2850-57589","2850-57637","CHR","Cooks",3998.148258,1,0,0,2022
"2850-57589","2850-57663","CHR","Cooks",3998.148258,7,0,0,2022
"2850-57589","2850-57575","CHR","Cooks",3998.148258,4,0,0,2022
"2850-57589","Cooks-13_UNS","CHR","Cooks",3998.148258,4,0,0,2022
"2850-57589","2850-57672","CHR","Cooks",3998.148258,4,0,0,2022
"2850-57589","2850-57609","CHR","Cooks",3998.148258,5,0,0,2022
"2850-57589","2850-57700","CHR","Cooks",3998.148258,4,0,0,2022
"2850-57589","2850-57664","CHR","Cooks",3998.148258,3,0,0,2022
"2850-57589","2850-57878","CHR","Make Believe",4912.593342,3,0,0,2022
"2850-57589","2850-57853","CHR","Cooks",3998.148258,10,0,0,2022
"2850-57589","2850-57872","CHR","Make Believe",4912.593342,8,0,0,2022
"2850-57589","2811-83207","CHR","Dome House est",9069.221045,4,0,0,2022
"2850-57589","2850-57874","CHR","Make Believe",4912.593342,2,0,0,2022
"2850-57589","2850-57576","CHR","Make Believe",4912.593342,6,0,0,2022
"2850-57589","2640-97596","CHR","Make Believe",4912.593342,10,0,0,2022
"2850-57589","2850-57661","CHR","Karens est",472.2447997,3,0,0,2022
"2850-57589","2850-57753","CHR","McCauley est",3047.854589,4,0,0,2022
"2850-57589","2850-57635","CHR","Make Believe",4912.593342,8,0,0,2022
"2850-57589","2850-57550","CHR","Mary Anns est",7493.669043,3,0,0,2022
"2850-57589","2850-57608","CHR","Urban Farm Girlz Sheep Shed",9185.52607,3,0,0,2022
"2850-57589","2850-57645","CHR","Struthers main",5026.901367,4,0,0,2022
"2850-57589","2850-57692","CHR","Martes est",8462.904111,6,0,0,2022
"2850-57589","2850-57551","CHR","Struthers main",5026.901367,10,0,0,2022
"2850-57589","2850-57698","CHR","Speedwell est",6015.097136,4,0,0,2022
"2850-57589","2850-57629","CHR","Urban Farm Girlz Sheep Shed",9185.52607,7,0,0,2022
"2850-57589","2850-57640","CHR","McCauley est",3047.854589,6,0,0,2022
"2850-57578","2850-57572","CHR","Blue Cloud main",4098.901931,5,0,0,2022
"2850-57578","2850-57612","CHR","Blue Cloud main",4098.901931,10,0,0,2022
"2850-57578","2850-57688","CHR","Boyer",7918.345849,5,0,0,2022
"2850-57578","2850-57871","CHR","Blue Cloud main",4098.901931,6,0,0,2022
"2850-57578","2850-57870","CHR","Blue Cloud Middle Shed",4095.447993,1,0,0,2022
"2850-57578","2850-57869","CHR","Blue Cloud main",4098.901931,6,0,0,2022
"2850-57578","2850-57667","CHR","Cathys est",7669.293552,1,0,0,2022
"2850-57578","2850-57685","CHR","Boyer",7918.345849,2,0,0,2022
"2850-57578","2850-57664","CHR","Cooks",3998.148258,3,0,0,2022
"2850-57578","2850-57672","CHR","Cooks",3998.148258,4,0,0,2022
"2850-57578","2850-57637","CHR","Cooks",3998.148258,1,0,0,2022
"2850-57578","2850-57663","CHR","Cooks",3998.148258,7,0,0,2022
"2850-57578","Cooks-13_UNS","CHR","Cooks",3998.148258,4,0,0,2022
"2850-57578","2850-57609","CHR","Cooks",3998.148258,5,0,0,2022
"2850-57578","2850-57575","CHR","Cooks",3998.148258,4,0,0,2022
"2850-57578","2850-57853","CHR","Cooks",3998.148258,10,0,0,2022
"2850-57578","2850-57661","CHR","Karens est",472.2447997,3,0,0,2022
"2850-57578","2850-57700","CHR","Cooks",3998.148258,4,0,0,2022
"2850-57578","2811-83207","CHR","Dome House est",9069.221045,4,0,0,2022
"2850-57578","2640-97596","CHR","Make Believe",4912.593342,10,0,0,2022
"2850-57578","2850-57874","CHR","Make Believe",4912.593342,2,0,0,2022
"2850-57578","2850-57872","CHR","Make Believe",4912.593342,8,0,0,2022
"2850-57578","2850-57692","CHR","Martes est",8462.904111,6,0,0,2022
"2850-57578","2850-57878","CHR","Make Believe",4912.593342,3,0,0,2022
"2850-57578","2850-57635","CHR","Make Believe",4912.593342,8,0,0,2022
"2850-57578","2850-57550","CHR","Mary Anns est",7493.669043,3,0,0,2022
"2850-57578","2850-57576","CHR","Make Believe",4912.593342,6,0,0,2022
"2850-57578","2850-57698","CHR","Speedwell est",6015.097136,4,0,0,2022
"2850-57578","2850-57640","CHR","McCauley est",3047.854589,6,0,0,2022
"2850-57578","2850-57753","CHR","McCauley est",3047.854589,4,0,0,2022
"2850-57578","2850-57608","CHR","Urban Farm Girlz Sheep Shed",9185.52607,3,0,0,2022
"2850-57578","2850-57629","CHR","Urban Farm Girlz Sheep Shed",9185.52607,7,0,0,2022
"2850-57578","2850-57551","CHR","Struthers main",5026.901367,10,0,0,2022
"2850-57578","2850-57645","CHR","Struthers main",5026.901367,4,0,0,2022
"2640-97589","2850-57871","CHR","Blue Cloud main",4098.901931,6,0,0,2022
"2640-97589","2850-57572","CHR","Blue Cloud main",4098.901931,5,0,0,2022
"2640-97589","2850-57612","CHR","Blue Cloud main",4098.901931,10,0,0,2022
"2640-97589","2850-57869","CHR","Blue Cloud main",4098.901931,6,0,0,2022
"2640-97589","2850-57667","CHR","Cathys est",7669.293552,1,0,0,2022
"2640-97589","2850-57688","CHR","Boyer",7918.345849,5,0,0,2022
"2640-97589","2850-57870","CHR","Blue Cloud Middle Shed",4095.447993,1,0,0,2022
"2640-97589","2850-57685","CHR","Boyer",7918.345849,2,0,0,2022
"2640-97589","2850-57637","CHR","Cooks",3998.148258,1,0,0,2022
"2640-97589","2850-57575","CHR","Cooks",3998.148258,4,0,0,2022
"2640-97589","2850-57672","CHR","Cooks",3998.148258,4,0,0,2022
"2640-97589","2850-57609","CHR","Cooks",3998.148258,5,0,0,2022
"2640-97589","Cooks-13_UNS","CHR","Cooks",3998.148258,4,0,0,2022
"2640-97589","2850-57853","CHR","Cooks",3998.148258,10,0,0,2022
"2640-97589","2850-57664","CHR","Cooks",3998.148258,3,0,0,2022
"2640-97589","2850-57576","CHR","Make Believe",4912.593342,6,0,0,2022
"2640-97589","2850-57661","CHR","Karens est",472.2447997,3,0,0,2022
"2640-97589","2850-57700","CHR","Cooks",3998.148258,4,0,0,2022
"2640-97589","2850-57878","CHR","Make Believe",4912.593342,3,0,0,2022
"2640-97589","2850-57663","CHR","Cooks",3998.148258,7,0,0,2022
"2640-97589","2850-57874","CHR","Make Believe",4912.593342,2,0,0,2022
"2640-97589","2850-57640","CHR","McCauley est",3047.854589,6,0,0,2022
"2640-97589","2811-83207","CHR","Dome House est",9069.221045,4,0,0,2022
"2640-97589","2850-57872","CHR","Make Believe",4912.593342,8,0,0,2022
"2640-97589","2850-57635","CHR","Make Believe",4912.593342,8,0,0,2022
"2640-97589","2640-97596","CHR","Make Believe",4912.593342,10,0,0,2022
"2640-97589","2850-57550","CHR","Mary Anns est",7493.669043,3,0,0,2022
"2640-97589","2850-57692","CHR","Martes est",8462.904111,6,0,0,2022
"2640-97589","2850-57608","CHR","Urban Farm Girlz Sheep Shed",9185.52607,3,0,0,2022
"2640-97589","2850-57753","CHR","McCauley est",3047.854589,4,0,0,2022
"2640-97589","2850-57698","CHR","Speedwell est",6015.097136,4,0,0,2022
"2640-97589","2850-57551","CHR","Struthers main",5026.901367,10,0,0,2022
"2640-97589","2850-57645","CHR","Struthers main",5026.901367,4,0,0,2022
"2640-97589","2850-57629","CHR","Urban Farm Girlz Sheep Shed",9185.52607,7,0,0,2022
"2850-57742","2850-57869","CHR","Blue Cloud main",4098.901931,6,0,0,2022
"2850-57742","2850-57572","CHR","Blue Cloud main",4098.901931,5,0,0,2022
"2850-57742","2850-57870","CHR","Blue Cloud Middle Shed",4095.447993,1,0,0,2022
"2850-57742","2850-57688","CHR","Boyer",7918.345849,5,0,0,2022
"2850-57742","2850-57871","CHR","Blue Cloud main",4098.901931,6,0,0,2022
"2850-57742","2850-57612","CHR","Blue Cloud main",4098.901931,10,0,0,2022
"2850-57742","2850-57685","CHR","Boyer",7918.345849,2,0,0,2022
"2850-57742","2850-57667","CHR","Cathys est",7669.293552,1,0,0,2022
"2850-57742","Cooks-13_UNS","CHR","Cooks",3998.148258,4,0,0,2022
"2850-57742","2850-57575","CHR","Cooks",3998.148258,4,0,0,2022
"2850-57742","2850-57609","CHR","Cooks",3998.148258,5,0,0,2022
"2850-57742","2811-83207","CHR","Dome House est",9069.221045,4,0,0,2022
"2850-57742","2850-57637","CHR","Cooks",3998.148258,1,0,0,2022
"2850-57742","2850-57661","CHR","Karens est",472.2447997,3,0,0,2022
"2850-57742","2850-57672","CHR","Cooks",3998.148258,4,0,0,2022
"2850-57742","2850-57700","CHR","Cooks",3998.148258,4,0,0,2022
"2850-57742","2850-57853","CHR","Cooks",3998.148258,10,0,0,2022
"2850-57742","2850-57663","CHR","Cooks",3998.148258,7,0,0,2022
"2850-57742","2850-57664","CHR","Cooks",3998.148258,3,0,0,2022
"2850-57742","2850-57874","CHR","Make Believe",4912.593342,2,0,0,2022
"2850-57742","2850-57576","CHR","Make Believe",4912.593342,6,0,0,2022
"2850-57742","2850-57878","CHR","Make Believe",4912.593342,3,0,0,2022
"2850-57742","2850-57872","CHR","Make Believe",4912.593342,8,0,0,2022
"2850-57742","2640-97596","CHR","Make Believe",4912.593342,10,0,0,2022
"2850-57742","2850-57635","CHR","Make Believe",4912.593342,8,0,0,2022
"2850-57742","2850-57640","CHR","McCauley est",3047.854589,6,0,0,2022
"2850-57742","2850-57550","CHR","Mary Anns est",7493.669043,3,0,0,2022
"2850-57742","2850-57698","CHR","Speedwell est",6015.097136,4,0,0,2022
"2850-57742","2850-57692","CHR","Martes est",8462.904111,6,0,0,2022
"2850-57742","2850-57645","CHR","Struthers main",5026.901367,4,0,0,2022
"2850-57742","2850-57551","CHR","Struthers main",5026.901367,10,0,0,2022
"2850-57742","2850-57753","CHR","McCauley est",3047.854589,4,0,0,2022
"2850-57742","2850-57608","CHR","Urban Farm Girlz Sheep Shed",9185.52607,3,0,0,2022
"2850-57742","2850-57629","CHR","Urban Farm Girlz Sheep Shed",9185.52607,7,0,0,2022
"2850-57647","2850-57572","CHR","Blue Cloud main",4098.901931,5,0,0,2022
"2850-57647","2850-57612","CHR","Blue Cloud main",4098.901931,10,0,0,2022
"2850-57647","2850-57869","CHR","Blue Cloud main",4098.901931,6,0,0,2022
"2850-57647","2850-57667","CHR","Cathys est",7669.293552,1,0,0,2022
"2850-57647","2850-57871","CHR","Blue Cloud main",4098.901931,6,0,0,2022
"2850-57647","2850-57685","CHR","Boyer",7918.345849,2,0,0,2022
"2850-57647","2850-57688","CHR","Boyer",7918.345849,5,0,0,2022
"2850-57647","2850-57870","CHR","Blue Cloud Middle Shed",4095.447993,1,0,0,2022
"2850-57647","2850-57637","CHR","Cooks",3998.148258,1,0,0,2022
"2850-57647","Cooks-13_UNS","CHR","Cooks",3998.148258,4,0,0,2022
"2850-57647","2850-57609","CHR","Cooks",3998.148258,5,0,0,2022
"2850-57647","2850-57664","CHR","Cooks",3998.148258,3,0,0,2022
"2850-57647","2850-57700","CHR","Cooks",3998.148258,4,0,0,2022
"2850-57647","2850-57672","CHR","Cooks",3998.148258,4,0,0,2022
"2850-57647","2850-57575","CHR","Cooks",3998.148258,4,0,0,2022
"2850-57647","2850-57853","CHR","Cooks",3998.148258,10,0,0,2022
"2850-57647","2850-57663","CHR","Cooks",3998.148258,7,0,0,2022
"2850-57647","2850-57661","CHR","Karens est",472.2447997,3,0,0,2022
"2850-57647","2850-57635","CHR","Make Believe",4912.593342,8,0,0,2022
"2850-57647","2811-83207","CHR","Dome House est",9069.221045,4,0,0,2022
"2850-57647","2850-57874","CHR","Make Believe",4912.593342,2,0,0,2022
"2850-57647","2850-57878","CHR","Make Believe",4912.593342,3,0,0,2022
"2850-57647","2850-57872","CHR","Make Believe",4912.593342,8,0,0,2022
"2850-57647","2850-57550","CHR","Mary Anns est",7493.669043,3,0,0,2022
"2850-57647","2640-97596","CHR","Make Believe",4912.593342,10,0,0,2022
"2850-57647","2850-57576","CHR","Make Believe",4912.593342,6,0,0,2022
"2850-57647","2850-57640","CHR","McCauley est",3047.854589,6,0,0,2022
"2850-57647","2850-57692","CHR","Martes est",8462.904111,6,0,0,2022
"2850-57647","2850-57608","CHR","Urban Farm Girlz Sheep Shed",9185.52607,3,0,0,2022
"2850-57647","2850-57551","CHR","Struthers main",5026.901367,10,0,0,2022
"2850-57647","2850-57753","CHR","McCauley est",3047.854589,4,0,0,2022
"2850-57647","2850-57645","CHR","Struthers main",5026.901367,4,0,0,2022
"2850-57647","2850-57698","CHR","Speedwell est",6015.097136,4,0,0,2022
"2850-57647","2850-57629","CHR","Urban Farm Girlz Sheep Shed",9185.52607,7,0,0,2022
"2850-57577","2850-57869","CHR","Blue Cloud main",4098.901931,6,0,0,2022
"2850-57577","2850-57612","CHR","Blue Cloud main",4098.901931,10,0,0,2022
"2850-57577","2850-57870","CHR","Blue Cloud Middle Shed",4095.447993,1,0,0,2022
"2850-57577","2850-57572","CHR","Blue Cloud main",4098.901931,5,0,0,2022
"2850-57577","2850-57685","CHR","Boyer",7918.345849,2,0,0,2022
"2850-57577","2850-57688","CHR","Boyer",7918.345849,5,0,0,2022
"2850-57577","2850-57871","CHR","Blue Cloud main",4098.901931,6,0,0,2022
"2850-57577","2850-57667","CHR","Cathys est",7669.293552,1,0,0,2022
"2850-57577","2850-57664","CHR","Cooks",3998.148258,3,0,0,2022
"2850-57577","2850-57637","CHR","Cooks",3998.148258,1,0,0,2022
"2850-57577","2850-57853","CHR","Cooks",3998.148258,10,0,0,2022
"2850-57577","2850-57575","CHR","Cooks",3998.148258,4,0,0,2022
"2850-57577","Cooks-13_UNS","CHR","Cooks",3998.148258,4,0,0,2022
"2850-57577","2850-57700","CHR","Cooks",3998.148258,4,0,0,2022
"2850-57577","2850-57609","CHR","Cooks",3998.148258,5,0,0,2022
"2850-57577","2850-57672","CHR","Cooks",3998.148258,4,0,0,2022
"2850-57577","2850-57661","CHR","Karens est",472.2447997,3,0,0,2022
"2850-57577","2850-57663","CHR","Cooks",3998.148258,7,0,0,2022
"2850-57577","2811-83207","CHR","Dome House est",9069.221045,4,0,0,2022
"2850-57577","2850-57874","CHR","Make Believe",4912.593342,2,0,0,2022
"2850-57577","2850-57576","CHR","Make Believe",4912.593342,6,0,0,2022
"2850-57577","2850-57878","CHR","Make Believe",4912.593342,3,0,0,2022
"2850-57577","2850-57872","CHR","Make Believe",4912.593342,8,0,0,2022
"2850-57577","2850-57692","CHR","Martes est",8462.904111,6,0,0,2022
"2850-57577","2850-57645","CHR","Struthers main",5026.901367,4,0,0,2022
"2850-57577","2850-57635","CHR","Make Believe",4912.593342,8,0,0,2022
"2850-57577","2850-57753","CHR","McCauley est",3047.854589,4,0,0,2022
"2850-57577","2850-57551","CHR","Struthers main",5026.901367,10,0,0,2022
"2850-57577","2850-57698","CHR","Speedwell est",6015.097136,4,0,0,2022
"2850-57577","2850-57550","CHR","Mary Anns est",7493.669043,3,0,0,2022
"2850-57577","2640-97596","CHR","Make Believe",4912.593342,10,0,0,2022
"2850-57577","2850-57640","CHR","McCauley est",3047.854589,6,0,0,2022
"2850-57577","2850-57629","CHR","Urban Farm Girlz Sheep Shed",9185.52607,7,0,0,2022
"2850-57577","2850-57608","CHR","Urban Farm Girlz Sheep Shed",9185.52607,3,0,0,2022
"2850-57570","2850-57870","CHR","Blue Cloud Middle Shed",4095.447993,1,0,0,2022
"2850-57570","2850-57572","CHR","Blue Cloud main",4098.901931,5,0,0,2022
"2850-57570","2850-57869","CHR","Blue Cloud main",4098.901931,6,0,0,2022
"2850-57570","2850-57612","CHR","Blue Cloud main",4098.901931,10,0,0,2022
"2850-57570","2850-57871","CHR","Blue Cloud main",4098.901931,6,0,0,2022
"2850-57570","2850-57667","CHR","Cathys est",7669.293552,1,0,0,2022
"2850-57570","2850-57688","CHR","Boyer",7918.345849,5,0,0,2022
"2850-57570","2850-57685","CHR","Boyer",7918.345849,2,0,0,2022
"2850-57570","2850-57637","CHR","Cooks",3998.148258,1,0,0,2022
"2850-57570","2850-57575","CHR","Cooks",3998.148258,4,0,0,2022
"2850-57570","2850-57672","CHR","Cooks",3998.148258,4,0,0,2022
"2850-57570","2850-57609","CHR","Cooks",3998.148258,5,0,0,2022
"2850-57570","2850-57664","CHR","Cooks",3998.148258,3,0,0,2022
"2850-57570","2850-57663","CHR","Cooks",3998.148258,7,0,0,2022
"2850-57570","Cooks-13_UNS","CHR","Cooks",3998.148258,4,0,0,2022
"2850-57570","2811-83207","CHR","Dome House est",9069.221045,4,0,0,2022
"2850-57570","2850-57853","CHR","Cooks",3998.148258,10,0,0,2022
"2850-57570","2850-57700","CHR","Cooks",3998.148258,4,0,0,2022
"2850-57570","2850-57878","CHR","Make Believe",4912.593342,3,0,0,2022
"2850-57570","2850-57661","CHR","Karens est",472.2447997,3,0,0,2022
"2850-57570","2850-57576","CHR","Make Believe",4912.593342,6,0,0,2022
"2850-57570","2850-57872","CHR","Make Believe",4912.593342,8,0,0,2022
"2850-57570","2850-57874","CHR","Make Believe",4912.593342,2,0,0,2022
"2850-57570","2850-57635","CHR","Make Believe",4912.593342,8,0,0,2022
"2850-57570","2850-57640","CHR","McCauley est",3047.854589,6,0,0,2022
"2850-57570","2850-57551","CHR","Struthers main",5026.901367,10,0,0,2022
"2850-57570","2850-57692","CHR","Martes est",8462.904111,6,0,0,2022
"2850-57570","2640-97596","CHR","Make Believe",4912.593342,10,0,0,2022
"2850-57570","2850-57645","CHR","Struthers main",5026.901367,4,0,0,2022
"2850-57570","2850-57550","CHR","Mary Anns est",7493.669043,3,0,0,2022
"2850-57570","2850-57753","CHR","McCauley est",3047.854589,4,0,0,2022
"2850-57570","2850-57629","CHR","Urban Farm Girlz Sheep Shed",9185.52607,7,0,0,2022
"2850-57570","2850-57698","CHR","Speedwell est",6015.097136,4,0,0,2022
"2850-57570","2850-57608","CHR","Urban Farm Girlz Sheep Shed",9185.52607,3,0,0,2022
"2850-57880","2850-57869","CHR","Blue Cloud main",4098.901931,6,0,0,2022
"2850-57880","2850-57612","CHR","Blue Cloud main",4098.901931,10,0,0,2022
"2850-57880","2850-57688","CHR","Boyer",7918.345849,5,0,0,2022
"2850-57880","2850-57870","CHR","Blue Cloud Middle Shed",4095.447993,1,0,0,2022
"2850-57880","2850-57871","CHR","Blue Cloud main",4098.901931,6,0,0,2022
"2850-57880","2850-57667","CHR","Cathys est",7669.293552,1,0,0,2022
"2850-57880","2850-57572","CHR","Blue Cloud main",4098.901931,5,0,0,2022
"2850-57880","2850-57685","CHR","Boyer",7918.345849,2,0,0,2022
"2850-57880","2850-57575","CHR","Cooks",3998.148258,4,0,0,2022
"2850-57880","2850-57609","CHR","Cooks",3998.148258,5,0,0,2022
"2850-57880","2850-57637","CHR","Cooks",3998.148258,1,0,0,2022
"2850-57880","Cooks-13_UNS","CHR","Cooks",3998.148258,4,0,0,2022
"2850-57880","2850-57664","CHR","Cooks",3998.148258,3,0,0,2022
"2850-57880","2850-57853","CHR","Cooks",3998.148258,10,0,0,2022
"2850-57880","2850-57700","CHR","Cooks",3998.148258,4,0,0,2022
"2850-57880","2850-57878","CHR","Make Believe",4912.593342,3,0,0,2022
"2850-57880","2850-57672","CHR","Cooks",3998.148258,4,0,0,2022
"2850-57880","2850-57663","CHR","Cooks",3998.148258,7,0,0,2022
"2850-57880","2850-57874","CHR","Make Believe",4912.593342,2,0,0,2022
"2850-57880","2850-57661","CHR","Karens est",472.2447997,3,0,0,2022
"2850-57880","2850-57576","CHR","Make Believe",4912.593342,6,0,0,2022
"2850-57880","2811-83207","CHR","Dome House est",9069.221045,4,0,0,2022
"2850-57880","2850-57872","CHR","Make Believe",4912.593342,8,0,0,2022
"2850-57880","2850-57635","CHR","Make Believe",4912.593342,8,0,0,2022
"2850-57880","2850-57692","CHR","Martes est",8462.904111,6,0,0,2022
"2850-57880","2850-57551","CHR","Struthers main",5026.901367,10,0,0,2022
"2850-57880","2850-57640","CHR","McCauley est",3047.854589,6,0,0,2022
"2850-57880","2640-97596","CHR","Make Believe",4912.593342,10,0,0,2022
"2850-57880","2850-57550","CHR","Mary Anns est",7493.669043,3,0,0,2022
"2850-57880","2850-57608","CHR","Urban Farm Girlz Sheep Shed",9185.52607,3,0,0,2022
"2850-57880","2850-57645","CHR","Struthers main",5026.901367,4,0,0,2022
"2850-57880","2850-57629","CHR","Urban Farm Girlz Sheep Shed",9185.52607,7,0,0,2022
"2850-57880","2850-57698","CHR","Speedwell est",6015.097136,4,0,0,2022
"2850-57880","2850-57753","CHR","McCauley est",3047.854589,4,0,0,2022
"2850-57669","2850-57572","CHR","Blue Cloud main",4098.901931,5,0,0,2022
"2850-57669","2850-57869","CHR","Blue Cloud main",4098.901931,6,0,0,2022
"2850-57669","2850-57870","CHR","Blue Cloud Middle Shed",4095.447993,1,0,0,2022
"2850-57669","2850-57612","CHR","Blue Cloud main",4098.901931,10,0,0,2022
"2850-57669","2850-57685","CHR","Boyer",7918.345849,2,0,0,2022
"2850-57669","2850-57871","CHR","Blue Cloud main",4098.901931,6,0,0,2022
"2850-57669","2850-57667","CHR","Cathys est",7669.293552,1,0,0,2022
"2850-57669","2850-57688","CHR","Boyer",7918.345849,5,0,0,2022
"2850-57669","2850-57637","CHR","Cooks",3998.148258,1,0,0,2022
"2850-57669","2850-57575","CHR","Cooks",3998.148258,4,0,0,2022
"2850-57669","Cooks-13_UNS","CHR","Cooks",3998.148258,4,0,0,2022
"2850-57669","2850-57663","CHR","Cooks",3998.148258,7,0,0,2022
"2850-57669","2850-57700","CHR","Cooks",3998.148258,4,0,0,2022
"2850-57669","2850-57853","CHR","Cooks",3998.148258,10,0,0,2022
"2850-57669","2850-57664","CHR","Cooks",3998.148258,3,0,0,2022
"2850-57669","2850-57609","CHR","Cooks",3998.148258,5,0,0,2022
"2850-57669","2850-57672","CHR","Cooks",3998.148258,4,0,0,2022
"2850-57669","2811-83207","CHR","Dome House est",9069.221045,4,0,0,2022
"2850-57669","2850-57661","CHR","Karens est",472.2447997,3,0,0,2022
"2850-57669","2850-57576","CHR","Make Believe",4912.593342,6,0,0,2022
"2850-57669","2850-57878","CHR","Make Believe",4912.593342,3,0,0,2022
"2850-57669","2850-57874","CHR","Make Believe",4912.593342,2,0,0,2022
"2850-57669","2850-57872","CHR","Make Believe",4912.593342,8,0,0,2022
"2850-57669","2640-97596","CHR","Make Believe",4912.593342,10,0,0,2022
"2850-57669","2850-57635","CHR","Make Believe",4912.593342,8,0,0,2022
"2850-57669","2850-57640","CHR","McCauley est",3047.854589,6,0,0,2022
"2850-57669","2850-57698","CHR","Speedwell est",6015.097136,4,0,0,2022
"2850-57669","2850-57692","CHR","Martes est",8462.904111,6,0,0,2022
"2850-57669","2850-57645","CHR","Struthers main",5026.901367,4,0,0,2022
"2850-57669","2850-57753","CHR","McCauley est",3047.854589,4,0,0,2022
"2850-57669","2850-57551","CHR","Struthers main",5026.901367,10,0,0,2022
"2850-57669","2850-57608","CHR","Urban Farm Girlz Sheep Shed",9185.52607,3,0,0,2022
"2850-57669","2850-57629","CHR","Urban Farm Girlz Sheep Shed",9185.52607,7,0,0,2022
"2850-57669","2850-57550","CHR","Mary Anns est",7493.669043,3,0,0,2022
"2850-57633","2850-57869","Cooks","Blue Cloud main",8135.083191,6,0,0,2022
"2850-57633","2850-57612","Cooks","Blue Cloud main",8135.083191,10,0,0,2022
"2850-57633","2850-57870","Cooks","Blue Cloud Middle Shed",8131.940467,1,0,0,2022
"2850-57633","2850-57572","Cooks","Blue Cloud main",8135.083191,5,0,0,2022
"2850-57633","2850-57667","Cooks","Cathys est",11307.353,1,0,0,2022
"2850-57633","2850-57871","Cooks","Blue Cloud main",8135.083191,6,0,0,2022
"2850-57633","2850-57685","Cooks","Boyer",11757.49343,2,0,0,2022
"2850-57633","2850-57585","Cooks","CHR",3998.148258,5,0,0,2022
"2850-57633","2640-97331","Cooks","CHR",3998.148258,8,0,0,2022
"2850-57633","2640-97358","Cooks","CHR",3998.148258,7,0,0,2022
"2850-57633","2850-57688","Cooks","Boyer",11757.49343,5,0,0,2022
"2850-57633","2850-57650","Cooks","CHR",3998.148258,7,0,0,2022
"2850-57633","2850-57571","Cooks","CHR",3998.148258,4,0,0,2022
"2850-57633","2850-57736","Cooks","CHR",3998.148258,5,0,0,2022
"2850-57633","2850-57735","Cooks","CHR",3998.148258,5,0,0,2022
"2850-57633","2850-57649","Cooks","CHR",3998.148258,8,0,0,2022
"2850-57633","2850-57588","Cooks","CHR",3998.148258,4,0,0,2022
"2850-57633","2850-57652","Cooks","CHR",3998.148258,6,0,0,2022
"2850-57633","2850-57670","Cooks","CHR",3998.148258,5,0,0,2022
"2850-57633","2850-57656","Cooks","CHR",3998.148258,5,0,0,2022
"2850-57633","2850-57746","Cooks","CHR",3998.148258,7,0,0,2022
"2850-57633","2850-57654","Cooks","CHR",3998.148258,4,0,0,2022
"2850-57633","2850-57583","Cooks","CHR",3998.148258,8,0,0,2022
"2850-57633","2850-57883","Cooks","CHR",3998.148258,8,0,0,2022
"2850-57633","2850-57730","Cooks","CHR",3998.148258,9,0,0,2022
"2850-57633","2850-57846","Cooks","CHR",3998.148258,6,0,0,2022
"2850-57633","2850-57568","Cooks","CHR",3998.148258,7,0,0,2022
"2850-57633","2811-38984","Cooks","CHR",3998.148258,7,0,0,2022
"2850-57633","2850-57879","Cooks","CHR",3998.148258,8,0,0,2022
"2850-57633","2870-64909","Cooks","CHR",3998.148258,4,0,0,2022
"2850-57633","2870-65003","Cooks","CHR",3998.148258,5,0,0,2022
"2850-57633","2850-57648","Cooks","CHR",3998.148258,4,0,0,2022
"2850-57633","2811-83207","Cooks","Dome House est",12982.92152,4,0,0,2022
"2850-57633","2850-57874","Cooks","Make Believe",8134.783478,2,0,0,2022
"2850-57633","2850-57635","Cooks","Make Believe",8134.783478,8,0,0,2022
"2850-57633","2850-57576","Cooks","Make Believe",8134.783478,6,0,0,2022
"2850-57633","2640-97596","Cooks","Make Believe",8134.783478,10,0,0,2022
"2850-57633","2850-57661","Cooks","Karens est",4427.496664,3,0,0,2022
"2850-57633","2850-57878","Cooks","Make Believe",8134.783478,3,0,0,2022
"2850-57633","2850-57640","Cooks","McCauley est",7022.837808,6,0,0,2022
"2850-57633","2850-57692","Cooks","Martes est",12332.58471,6,0,0,2022
"2850-57633","2850-57698","Cooks","Speedwell est",9974.089273,4,0,0,2022
"2850-57633","2850-57872","Cooks","Make Believe",8134.783478,8,0,0,2022
"2850-57633","2850-57645","Cooks","Struthers main",9026.103113,4,0,0,2022
"2850-57633","2850-57608","Cooks","Urban Farm Girlz Sheep Shed",13112.56561,3,0,0,2022
"2850-57633","2850-57550","Cooks","Mary Anns est",11115.95446,3,0,0,2022
"2850-57633","2850-57753","Cooks","McCauley est",7022.837808,4,0,0,2022
"2850-57633","2850-57551","Cooks","Struthers main",9026.103113,10,0,0,2022
"2850-57633","2850-57629","Cooks","Urban Farm Girlz Sheep Shed",13112.56561,7,0,0,2022
"2850-57574","2850-57612","Cooks","Blue Cloud main",8135.083191,10,0,0,2022
"2850-57574","2850-57869","Cooks","Blue Cloud main",8135.083191,6,0,0,2022
"2850-57574","2850-57870","Cooks","Blue Cloud Middle Shed",8131.940467,1,0,0,2022
"2850-57574","2850-57572","Cooks","Blue Cloud main",8135.083191,5,0,0,2022
"2850-57574","2850-57685","Cooks","Boyer",11757.49343,2,0,0,2022
"2850-57574","2640-97358","Cooks","CHR",3998.148258,7,0,0,2022
"2850-57574","2850-57667","Cooks","Cathys est",11307.353,1,0,0,2022
"2850-57574","2850-57871","Cooks","Blue Cloud main",8135.083191,6,0,0,2022
"2850-57574","2850-57688","Cooks","Boyer",11757.49343,5,0,0,2022
"2850-57574","2850-57585","Cooks","CHR",3998.148258,5,0,0,2022
"2850-57574","2640-97331","Cooks","CHR",3998.148258,8,0,0,2022
"2850-57574","2850-57650","Cooks","CHR",3998.148258,7,0,0,2022
"2850-57574","2850-57735","Cooks","CHR",3998.148258,5,0,0,2022
"2850-57574","2850-57652","Cooks","CHR",3998.148258,6,0,0,2022
"2850-57574","2850-57649","Cooks","CHR",3998.148258,8,0,0,2022
"2850-57574","2850-57571","Cooks","CHR",3998.148258,4,0,0,2022
"2850-57574","2850-57588","Cooks","CHR",3998.148258,4,0,0,2022
"2850-57574","2850-57736","Cooks","CHR",3998.148258,5,0,0,2022
"2850-57574","2850-57656","Cooks","CHR",3998.148258,5,0,0,2022
"2850-57574","2850-57746","Cooks","CHR",3998.148258,7,0,0,2022
"2850-57574","2850-57583","Cooks","CHR",3998.148258,8,0,0,2022
"2850-57574","2850-57654","Cooks","CHR",3998.148258,4,0,0,2022
"2850-57574","2850-57730","Cooks","CHR",3998.148258,9,0,0,2022
"2850-57574","2850-57883","Cooks","CHR",3998.148258,8,0,0,2022
"2850-57574","2850-57568","Cooks","CHR",3998.148258,7,0,0,2022
"2850-57574","2811-38984","Cooks","CHR",3998.148258,7,0,0,2022
"2850-57574","2850-57670","Cooks","CHR",3998.148258,5,0,0,2022
"2850-57574","2850-57879","Cooks","CHR",3998.148258,8,0,0,2022
"2850-57574","2870-64909","Cooks","CHR",3998.148258,4,0,0,2022
"2850-57574","2850-57846","Cooks","CHR",3998.148258,6,0,0,2022
"2850-57574","2850-57648","Cooks","CHR",3998.148258,4,0,0,2022
"2850-57574","2870-65003","Cooks","CHR",3998.148258,5,0,0,2022
"2850-57574","2811-83207","Cooks","Dome House est",12982.92152,4,0,0,2022
"2850-57574","2850-57661","Cooks","Karens est",4427.496664,3,0,0,2022
"2850-57574","2640-97596","Cooks","Make Believe",8134.783478,10,0,0,2022
"2850-57574","2850-57872","Cooks","Make Believe",8134.783478,8,0,0,2022
"2850-57574","2850-57878","Cooks","Make Believe",8134.783478,3,0,0,2022
"2850-57574","2850-57874","Cooks","Make Believe",8134.783478,2,0,0,2022
"2850-57574","2850-57635","Cooks","Make Believe",8134.783478,8,0,0,2022
"2850-57574","2850-57576","Cooks","Make Believe",8134.783478,6,0,0,2022
"2850-57574","2850-57550","Cooks","Mary Anns est",11115.95446,3,0,0,2022
"2850-57574","2850-57692","Cooks","Martes est",12332.58471,6,0,0,2022
"2850-57574","2850-57640","Cooks","McCauley est",7022.837808,6,0,0,2022
"2850-57574","2850-57753","Cooks","McCauley est",7022.837808,4,0,0,2022
"2850-57574","2850-57629","Cooks","Urban Farm Girlz Sheep Shed",13112.56561,7,0,0,2022
"2850-57574","2850-57698","Cooks","Speedwell est",9974.089273,4,0,0,2022
"2850-57574","2850-57645","Cooks","Struthers main",9026.103113,4,0,0,2022
"2850-57574","2850-57608","Cooks","Urban Farm Girlz Sheep Shed",13112.56561,3,0,0,2022
"2850-57574","2850-57551","Cooks","Struthers main",9026.103113,10,0,0,2022
"2850-57557","2850-57685","Cooks","Boyer",11757.49343,2,0,0,2022
"2850-57557","2850-57870","Cooks","Blue Cloud Middle Shed",8131.940467,1,0,0,2022
"2850-57557","2850-57572","Cooks","Blue Cloud main",8135.083191,5,0,0,2022
"2850-57557","2850-57612","Cooks","Blue Cloud main",8135.083191,10,0,0,2022
"2850-57557","2850-57869","Cooks","Blue Cloud main",8135.083191,6,0,0,2022
"2850-57557","2850-57871","Cooks","Blue Cloud main",8135.083191,6,0,0,2022
"2850-57557","2850-57650","Cooks","CHR",3998.148258,7,0,0,2022
"2850-57557","2850-57688","Cooks","Boyer",11757.49343,5,0,0,2022
"2850-57557","2850-57667","Cooks","Cathys est",11307.353,1,0,0,2022
"2850-57557","2640-97331","Cooks","CHR",3998.148258,8,0,0,2022
"2850-57557","2850-57585","Cooks","CHR",3998.148258,5,0,0,2022
"2850-57557","2850-57735","Cooks","CHR",3998.148258,5,0,0,2022
"2850-57557","2850-57670","Cooks","CHR",3998.148258,5,0,0,2022
"2850-57557","2850-57736","Cooks","CHR",3998.148258,5,0,0,2022
"2850-57557","2640-97358","Cooks","CHR",3998.148258,7,0,0,2022
"2850-57557","2850-57746","Cooks","CHR",3998.148258,7,0,0,2022
"2850-57557","2850-57649","Cooks","CHR",3998.148258,8,0,0,2022
"2850-57557","2850-57588","Cooks","CHR",3998.148258,4,0,0,2022
"2850-57557","2850-57652","Cooks","CHR",3998.148258,6,0,0,2022
"2850-57557","2850-57571","Cooks","CHR",3998.148258,4,0,0,2022
"2850-57557","2850-57656","Cooks","CHR",3998.148258,5,0,0,2022
"2850-57557","2850-57654","Cooks","CHR",3998.148258,4,0,0,2022
"2850-57557","2850-57883","Cooks","CHR",3998.148258,8,0,0,2022
"2850-57557","2850-57730","Cooks","CHR",3998.148258,9,0,0,2022
"2850-57557","2850-57583","Cooks","CHR",3998.148258,8,0,0,2022
"2850-57557","2850-57568","Cooks","CHR",3998.148258,7,0,0,2022
"2850-57557","2850-57846","Cooks","CHR",3998.148258,6,0,0,2022
"2850-57557","2811-38984","Cooks","CHR",3998.148258,7,0,0,2022
"2850-57557","2870-64909","Cooks","CHR",3998.148258,4,0,0,2022
"2850-57557","2870-65003","Cooks","CHR",3998.148258,5,0,0,2022
"2850-57557","2850-57879","Cooks","CHR",3998.148258,8,0,0,2022
"2850-57557","2850-57648","Cooks","CHR",3998.148258,4,0,0,2022
"2850-57557","2811-83207","Cooks","Dome House est",12982.92152,4,0,0,2022
"2850-57557","2850-57661","Cooks","Karens est",4427.496664,3,0,0,2022
"2850-57557","2850-57874","Cooks","Make Believe",8134.783478,2,0,0,2022
"2850-57557","2850-57878","Cooks","Make Believe",8134.783478,3,0,0,2022
"2850-57557","2640-97596","Cooks","Make Believe",8134.783478,10,0,0,2022
"2850-57557","2850-57576","Cooks","Make Believe",8134.783478,6,0,0,2022
"2850-57557","2850-57692","Cooks","Martes est",12332.58471,6,0,0,2022
"2850-57557","2850-57872","Cooks","Make Believe",8134.783478,8,0,0,2022
"2850-57557","2850-57640","Cooks","McCauley est",7022.837808,6,0,0,2022
"2850-57557","2850-57635","Cooks","Make Believe",8134.783478,8,0,0,2022
"2850-57557","2850-57645","Cooks","Struthers main",9026.103113,4,0,0,2022
"2850-57557","2850-57550","Cooks","Mary Anns est",11115.95446,3,0,0,2022
"2850-57557","2850-57698","Cooks","Speedwell est",9974.089273,4,0,0,2022
"2850-57557","2850-57753","Cooks","McCauley est",7022.837808,4,0,0,2022
"2850-57557","2850-57608","Cooks","Urban Farm Girlz Sheep Shed",13112.56561,3,0,0,2022
"2850-57557","2850-57551","Cooks","Struthers main",9026.103113,10,0,0,2022
"2850-57557","2850-57629","Cooks","Urban Farm Girlz Sheep Shed",13112.56561,7,0,0,2022
"2850-57657","2850-57869","CHR","Blue Cloud main",4098.901931,6,0,0,2022
"2850-57657","2850-57572","CHR","Blue Cloud main",4098.901931,5,0,0,2022
"2850-57657","2850-57612","CHR","Blue Cloud main",4098.901931,10,0,0,2022
"2850-57657","2850-57870","CHR","Blue Cloud Middle Shed",4095.447993,1,0,0,2022
"2850-57657","2850-57685","CHR","Boyer",7918.345849,2,0,0,2022
"2850-57657","2850-57667","CHR","Cathys est",7669.293552,1,0,0,2022
"2850-57657","2850-57871","CHR","Blue Cloud main",4098.901931,6,0,0,2022
"2850-57657","2850-57688","CHR","Boyer",7918.345849,5,0,0,2022
"2850-57657","2850-57637","CHR","Cooks",3998.148258,1,0,0,2022
"2850-57657","2850-57672","CHR","Cooks",3998.148258,4,0,0,2022
"2850-57657","2850-57575","CHR","Cooks",3998.148258,4,0,0,2022
"2850-57657","Cooks-13_UNS","CHR","Cooks",3998.148258,4,0,0,2022
"2850-57657","2850-57664","CHR","Cooks",3998.148258,3,0,0,2022
"2850-57657","2850-57609","CHR","Cooks",3998.148258,5,0,0,2022
"2850-57657","2850-57853","CHR","Cooks",3998.148258,10,0,0,2022
"2850-57657","2850-57661","CHR","Karens est",472.2447997,3,0,0,2022
"2850-57657","2850-57663","CHR","Cooks",3998.148258,7,0,0,2022
"2850-57657","2850-57872","CHR","Make Believe",4912.593342,8,0,0,2022
"2850-57657","2850-57700","CHR","Cooks",3998.148258,4,0,0,2022
"2850-57657","2811-83207","CHR","Dome House est",9069.221045,4,0,0,2022
"2850-57657","2850-57635","CHR","Make Believe",4912.593342,8,0,0,2022
"2850-57657","2850-57576","CHR","Make Believe",4912.593342,6,0,0,2022
"2850-57657","2850-57878","CHR","Make Believe",4912.593342,3,0,0,2022
"2850-57657","2640-97596","CHR","Make Believe",4912.593342,10,0,0,2022
"2850-57657","2850-57692","CHR","Martes est",8462.904111,6,0,0,2022
"2850-57657","2850-57874","CHR","Make Believe",4912.593342,2,0,0,2022
"2850-57657","2850-57640","CHR","McCauley est",3047.854589,6,0,0,2022
"2850-57657","2850-57698","CHR","Speedwell est",6015.097136,4,0,0,2022
"2850-57657","2850-57551","CHR","Struthers main",5026.901367,10,0,0,2022
"2850-57657","2850-57645","CHR","Struthers main",5026.901367,4,0,0,2022
"2850-57657","2850-57753","CHR","McCauley est",3047.854589,4,0,0,2022
"2850-57657","2850-57608","CHR","Urban Farm Girlz Sheep Shed",9185.52607,3,0,0,2022
"2850-57657","2850-57550","CHR","Mary Anns est",7493.669043,3,0,0,2022
"2850-57657","2850-57629","CHR","Urban Farm Girlz Sheep Shed",9185.52607,7,0,0,2022
"2850-57675","2850-57612","Cooks","Blue Cloud main",8135.083191,10,0,0,2022
"2850-57675","2850-57572","Cooks","Blue Cloud main",8135.083191,5,0,0,2022
"2850-57675","2850-57870","Cooks","Blue Cloud Middle Shed",8131.940467,1,0,0,2022
"2850-57675","2850-57869","Cooks","Blue Cloud main",8135.083191,6,0,0,2022
"2850-57675","2850-57871","Cooks","Blue Cloud main",8135.083191,6,0,0,2022
"2850-57675","2850-57685","Cooks","Boyer",11757.49343,2,0,0,2022
"2850-57675","2850-57688","Cooks","Boyer",11757.49343,5,0,0,2022
"2850-57675","2850-57667","Cooks","Cathys est",11307.353,1,0,0,2022
"2850-57675","2850-57585","Cooks","CHR",3998.148258,5,0,0,2022
"2850-57675","2640-97358","Cooks","CHR",3998.148258,7,0,0,2022
"2850-57675","2640-97331","Cooks","CHR",3998.148258,8,0,0,2022
"2850-57675","2850-57735","Cooks","CHR",3998.148258,5,0,0,2022
"2850-57675","2850-57736","Cooks","CHR",3998.148258,5,0,0,2022
"2850-57675","2850-57649","Cooks","CHR",3998.148258,8,0,0,2022
"2850-57675","2850-57650","Cooks","CHR",3998.148258,7,0,0,2022
"2850-57675","2850-57670","Cooks","CHR",3998.148258,5,0,0,2022
"2850-57675","2850-57571","Cooks","CHR",3998.148258,4,0,0,2022
"2850-57675","2850-57652","Cooks","CHR",3998.148258,6,0,0,2022
"2850-57675","2850-57588","Cooks","CHR",3998.148258,4,0,0,2022
"2850-57675","2850-57656","Cooks","CHR",3998.148258,5,0,0,2022
"2850-57675","2850-57746","Cooks","CHR",3998.148258,7,0,0,2022
"2850-57675","2850-57654","Cooks","CHR",3998.148258,4,0,0,2022
"2850-57675","2850-57583","Cooks","CHR",3998.148258,8,0,0,2022
"2850-57675","2850-57568","Cooks","CHR",3998.148258,7,0,0,2022
"2850-57675","2811-38984","Cooks","CHR",3998.148258,7,0,0,2022
"2850-57675","2850-57883","Cooks","CHR",3998.148258,8,0,0,2022
"2850-57675","2850-57730","Cooks","CHR",3998.148258,9,0,0,2022
"2850-57675","2870-64909","Cooks","CHR",3998.148258,4,0,0,2022
"2850-57675","2870-65003","Cooks","CHR",3998.148258,5,0,0,2022
"2850-57675","2850-57648","Cooks","CHR",3998.148258,4,0,0,2022
"2850-57675","2850-57846","Cooks","CHR",3998.148258,6,0,0,2022
"2850-57675","2850-57879","Cooks","CHR",3998.148258,8,0,0,2022
"2850-57675","2850-57661","Cooks","Karens est",4427.496664,3,0,0,2022
"2850-57675","2811-83207","Cooks","Dome House est",12982.92152,4,0,0,2022
"2850-57675","2850-57874","Cooks","Make Believe",8134.783478,2,0,0,2022
"2850-57675","2850-57576","Cooks","Make Believe",8134.783478,6,0,0,2022
"2850-57675","2850-57640","Cooks","McCauley est",7022.837808,6,0,0,2022
"2850-57675","2850-57550","Cooks","Mary Anns est",11115.95446,3,0,0,2022
"2850-57675","2850-57878","Cooks","Make Believe",8134.783478,3,0,0,2022
"2850-57675","2850-57872","Cooks","Make Believe",8134.783478,8,0,0,2022
"2850-57675","2640-97596","Cooks","Make Believe",8134.783478,10,0,0,2022
"2850-57675","2850-57635","Cooks","Make Believe",8134.783478,8,0,0,2022
"2850-57675","2850-57753","Cooks","McCauley est",7022.837808,4,0,0,2022
"2850-57675","2850-57629","Cooks","Urban Farm Girlz Sheep Shed",13112.56561,7,0,0,2022
"2850-57675","2850-57692","Cooks","Martes est",12332.58471,6,0,0,2022
"2850-57675","2850-57645","Cooks","Struthers main",9026.103113,4,0,0,2022
"2850-57675","2850-57698","Cooks","Speedwell est",9974.089273,4,0,0,2022
"2850-57675","2850-57551","Cooks","Struthers main",9026.103113,10,0,0,2022
"2850-57675","2850-57608","Cooks","Urban Farm Girlz Sheep Shed",13112.56561,3,0,0,2022
"2850-57673","2850-57572","Cooks","Blue Cloud main",8135.083191,5,0,0,2022
"2850-57673","2850-57612","Cooks","Blue Cloud main",8135.083191,10,0,0,2022
"2850-57673","2850-57869","Cooks","Blue Cloud main",8135.083191,6,0,0,2022
"2850-57673","2850-57870","Cooks","Blue Cloud Middle Shed",8131.940467,1,0,0,2022
"2850-57673","2850-57685","Cooks","Boyer",11757.49343,2,0,0,2022
"2850-57673","2850-57688","Cooks","Boyer",11757.49343,5,0,0,2022
"2850-57673","2850-57871","Cooks","Blue Cloud main",8135.083191,6,0,0,2022
"2850-57673","2850-57585","Cooks","CHR",3998.148258,5,0,0,2022
"2850-57673","2850-57667","Cooks","Cathys est",11307.353,1,0,0,2022
"2850-57673","2640-97358","Cooks","CHR",3998.148258,7,0,0,2022
"2850-57673","2850-57650","Cooks","CHR",3998.148258,7,0,0,2022
"2850-57673","2640-97331","Cooks","CHR",3998.148258,8,0,0,2022
"2850-57673","2850-57735","Cooks","CHR",3998.148258,5,0,0,2022
"2850-57673","2850-57649","Cooks","CHR",3998.148258,8,0,0,2022
"2850-57673","2850-57736","Cooks","CHR",3998.148258,5,0,0,2022
"2850-57673","2850-57571","Cooks","CHR",3998.148258,4,0,0,2022
"2850-57673","2850-57652","Cooks","CHR",3998.148258,6,0,0,2022
"2850-57673","2850-57588","Cooks","CHR",3998.148258,4,0,0,2022
"2850-57673","2850-57670","Cooks","CHR",3998.148258,5,0,0,2022
"2850-57673","2850-57654","Cooks","CHR",3998.148258,4,0,0,2022
"2850-57673","2850-57730","Cooks","CHR",3998.148258,9,0,0,2022
"2850-57673","2850-57656","Cooks","CHR",3998.148258,5,0,0,2022
"2850-57673","2850-57746","Cooks","CHR",3998.148258,7,0,0,2022
"2850-57673","2850-57583","Cooks","CHR",3998.148258,8,0,0,2022
"2850-57673","2850-57883","Cooks","CHR",3998.148258,8,0,0,2022
"2850-57673","2811-38984","Cooks","CHR",3998.148258,7,0,0,2022
"2850-57673","2850-57568","Cooks","CHR",3998.148258,7,0,0,2022
"2850-57673","2850-57879","Cooks","CHR",3998.148258,8,0,0,2022
"2850-57673","2850-57648","Cooks","CHR",3998.148258,4,0,0,2022
"2850-57673","2850-57846","Cooks","CHR",3998.148258,6,0,0,2022
"2850-57673","2870-65003","Cooks","CHR",3998.148258,5,0,0,2022
"2850-57673","2870-64909","Cooks","CHR",3998.148258,4,0,0,2022
"2850-57673","2850-57874","Cooks","Make Believe",8134.783478,2,0,0,2022
"2850-57673","2811-83207","Cooks","Dome House est",12982.92152,4,0,0,2022
"2850-57673","2850-57878","Cooks","Make Believe",8134.783478,3,0,0,2022
"2850-57673","2640-97596","Cooks","Make Believe",8134.783478,10,0,0,2022
"2850-57673","2850-57872","Cooks","Make Believe",8134.783478,8,0,0,2022
"2850-57673","2850-57635","Cooks","Make Believe",8134.783478,8,0,0,2022
"2850-57673","2850-57576","Cooks","Make Believe",8134.783478,6,0,0,2022
"2850-57673","2850-57661","Cooks","Karens est",4427.496664,3,0,0,2022
"2850-57673","2850-57550","Cooks","Mary Anns est",11115.95446,3,0,0,2022
"2850-57673","2850-57645","Cooks","Struthers main",9026.103113,4,0,0,2022
"2850-57673","2850-57698","Cooks","Speedwell est",9974.089273,4,0,0,2022
"2850-57673","2850-57753","Cooks","McCauley est",7022.837808,4,0,0,2022
"2850-57673","2850-57551","Cooks","Struthers main",9026.103113,10,0,0,2022
"2850-57673","2850-57640","Cooks","McCauley est",7022.837808,6,0,0,2022
"2850-57673","2850-57692","Cooks","Martes est",12332.58471,6,0,0,2022
"2850-57673","2850-57629","Cooks","Urban Farm Girlz Sheep Shed",13112.56561,7,0,0,2022
"2850-57673","2850-57608","Cooks","Urban Farm Girlz Sheep Shed",13112.56561,3,0,0,2022
"2850-57676","2850-57612","Cooks","Blue Cloud main",8135.083191,10,0,0,2022
"2850-57676","2850-57870","Cooks","Blue Cloud Middle Shed",8131.940467,1,0,0,2022
"2850-57676","2850-57869","Cooks","Blue Cloud main",8135.083191,6,0,0,2022
"2850-57676","2850-57871","Cooks","Blue Cloud main",8135.083191,6,0,0,2022
"2850-57676","2850-57667","Cooks","Cathys est",11307.353,1,0,0,2022
"2850-57676","2850-57572","Cooks","Blue Cloud main",8135.083191,5,0,0,2022
"2850-57676","2850-57685","Cooks","Boyer",11757.49343,2,0,0,2022
"2850-57676","2850-57688","Cooks","Boyer",11757.49343,5,0,0,2022
"2850-57676","2850-57588","Cooks","CHR",3998.148258,4,0,0,2022
"2850-57676","2640-97331","Cooks","CHR",3998.148258,8,0,0,2022
"2850-57676","2850-57650","Cooks","CHR",3998.148258,7,0,0,2022
"2850-57676","2850-57652","Cooks","CHR",3998.148258,6,0,0,2022
"2850-57676","2640-97358","Cooks","CHR",3998.148258,7,0,0,2022
"2850-57676","2850-57649","Cooks","CHR",3998.148258,8,0,0,2022
"2850-57676","2850-57571","Cooks","CHR",3998.148258,4,0,0,2022
"2850-57676","2850-57735","Cooks","CHR",3998.148258,5,0,0,2022
"2850-57676","2850-57746","Cooks","CHR",3998.148258,7,0,0,2022
"2850-57676","2850-57736","Cooks","CHR",3998.148258,5,0,0,2022
"2850-57676","2850-57585","Cooks","CHR",3998.148258,5,0,0,2022
"2850-57676","2850-57670","Cooks","CHR",3998.148258,5,0,0,2022
"2850-57676","2850-57656","Cooks","CHR",3998.148258,5,0,0,2022
"2850-57676","2850-57654","Cooks","CHR",3998.148258,4,0,0,2022
"2850-57676","2850-57568","Cooks","CHR",3998.148258,7,0,0,2022
"2850-57676","2811-38984","Cooks","CHR",3998.148258,7,0,0,2022
"2850-57676","2850-57730","Cooks","CHR",3998.148258,9,0,0,2022
"2850-57676","2850-57583","Cooks","CHR",3998.148258,8,0,0,2022
"2850-57676","2850-57846","Cooks","CHR",3998.148258,6,0,0,2022
"2850-57676","2850-57648","Cooks","CHR",3998.148258,4,0,0,2022
"2850-57676","2850-57879","Cooks","CHR",3998.148258,8,0,0,2022
"2850-57676","2870-65003","Cooks","CHR",3998.148258,5,0,0,2022
"2850-57676","2850-57883","Cooks","CHR",3998.148258,8,0,0,2022
"2850-57676","2870-64909","Cooks","CHR",3998.148258,4,0,0,2022
"2850-57676","2811-83207","Cooks","Dome House est",12982.92152,4,0,0,2022
"2850-57676","2850-57872","Cooks","Make Believe",8134.783478,8,0,0,2022
"2850-57676","2850-57661","Cooks","Karens est",4427.496664,3,0,0,2022
"2850-57676","2850-57874","Cooks","Make Believe",8134.783478,2,0,0,2022
"2850-57676","2850-57878","Cooks","Make Believe",8134.783478,3,0,0,2022
"2850-57676","2850-57576","Cooks","Make Believe",8134.783478,6,0,0,2022
"2850-57676","2850-57635","Cooks","Make Believe",8134.783478,8,0,0,2022
"2850-57676","2640-97596","Cooks","Make Believe",8134.783478,10,0,0,2022
"2850-57676","2850-57753","Cooks","McCauley est",7022.837808,4,0,0,2022
"2850-57676","2850-57645","Cooks","Struthers main",9026.103113,4,0,0,2022
"2850-57676","2850-57640","Cooks","McCauley est",7022.837808,6,0,0,2022
"2850-57676","2850-57550","Cooks","Mary Anns est",11115.95446,3,0,0,2022
"2850-57676","2850-57692","Cooks","Martes est",12332.58471,6,0,0,2022
"2850-57676","2850-57698","Cooks","Speedwell est",9974.089273,4,0,0,2022
"2850-57676","2850-57608","Cooks","Urban Farm Girlz Sheep Shed",13112.56561,3,0,0,2022
"2850-57676","2850-57629","Cooks","Urban Farm Girlz Sheep Shed",13112.56561,7,0,0,2022
"2850-57676","2850-57551","Cooks","Struthers main",9026.103113,10,0,0,2022
"2850-57638","2850-57572","Cooks","Blue Cloud main",8135.083191,5,0,0,2022
"2850-57638","2850-57612","Cooks","Blue Cloud main",8135.083191,10,0,0,2022
"2850-57638","2850-57869","Cooks","Blue Cloud main",8135.083191,6,0,0,2022
"2850-57638","2850-57685","Cooks","Boyer",11757.49343,2,0,0,2022
"2850-57638","2850-57870","Cooks","Blue Cloud Middle Shed",8131.940467,1,0,0,2022
"2850-57638","2640-97331","Cooks","CHR",3998.148258,8,0,0,2022
"2850-57638","2850-57585","Cooks","CHR",3998.148258,5,0,0,2022
"2850-57638","2850-57667","Cooks","Cathys est",11307.353,1,0,0,2022
"2850-57638","2850-57871","Cooks","Blue Cloud main",8135.083191,6,0,0,2022
"2850-57638","2850-57650","Cooks","CHR",3998.148258,7,0,0,2022
"2850-57638","2850-57688","Cooks","Boyer",11757.49343,5,0,0,2022
"2850-57638","2640-97358","Cooks","CHR",3998.148258,7,0,0,2022
"2850-57638","2850-57670","Cooks","CHR",3998.148258,5,0,0,2022
"2850-57638","2850-57735","Cooks","CHR",3998.148258,5,0,0,2022
"2850-57638","2850-57736","Cooks","CHR",3998.148258,5,0,0,2022
"2850-57638","2850-57588","Cooks","CHR",3998.148258,4,0,0,2022
"2850-57638","2850-57652","Cooks","CHR",3998.148258,6,0,0,2022
"2850-57638","2850-57649","Cooks","CHR",3998.148258,8,0,0,2022
"2850-57638","2850-57656","Cooks","CHR",3998.148258,5,0,0,2022
"2850-57638","2850-57571","Cooks","CHR",3998.148258,4,0,0,2022
"2850-57638","2850-57746","Cooks","CHR",3998.148258,7,0,0,2022
"2850-57638","2811-38984","Cooks","CHR",3998.148258,7,0,0,2022
"2850-57638","2850-57730","Cooks","CHR",3998.148258,9,0,0,2022
"2850-57638","2850-57568","Cooks","CHR",3998.148258,7,0,0,2022
"2850-57638","2850-57583","Cooks","CHR",3998.148258,8,0,0,2022
"2850-57638","2850-57654","Cooks","CHR",3998.148258,4,0,0,2022
"2850-57638","2870-65003","Cooks","CHR",3998.148258,5,0,0,2022
"2850-57638","2850-57883","Cooks","CHR",3998.148258,8,0,0,2022
"2850-57638","2850-57846","Cooks","CHR",3998.148258,6,0,0,2022
"2850-57638","2850-57879","Cooks","CHR",3998.148258,8,0,0,2022
"2850-57638","2850-57648","Cooks","CHR",3998.148258,4,0,0,2022
"2850-57638","2870-64909","Cooks","CHR",3998.148258,4,0,0,2022
"2850-57638","2850-57878","Cooks","Make Believe",8134.783478,3,0,0,2022
"2850-57638","2811-83207","Cooks","Dome House est",12982.92152,4,0,0,2022
"2850-57638","2850-57661","Cooks","Karens est",4427.496664,3,0,0,2022
"2850-57638","2850-57576","Cooks","Make Believe",8134.783478,6,0,0,2022
"2850-57638","2850-57874","Cooks","Make Believe",8134.783478,2,0,0,2022
"2850-57638","2850-57872","Cooks","Make Believe",8134.783478,8,0,0,2022
"2850-57638","2640-97596","Cooks","Make Believe",8134.783478,10,0,0,2022
"2850-57638","2850-57635","Cooks","Make Believe",8134.783478,8,0,0,2022
"2850-57638","2850-57550","Cooks","Mary Anns est",11115.95446,3,0,0,2022
"2850-57638","2850-57698","Cooks","Speedwell est",9974.089273,4,0,0,2022
"2850-57638","2850-57692","Cooks","Martes est",12332.58471,6,0,0,2022
"2850-57638","2850-57640","Cooks","McCauley est",7022.837808,6,0,0,2022
"2850-57638","2850-57629","Cooks","Urban Farm Girlz Sheep Shed",13112.56561,7,0,0,2022
"2850-57638","2850-57753","Cooks","McCauley est",7022.837808,4,0,0,2022
"2850-57638","2850-57645","Cooks","Struthers main",9026.103113,4,0,0,2022
"2850-57638","2850-57608","Cooks","Urban Farm Girlz Sheep Shed",13112.56561,3,0,0,2022
"2850-57638","2850-57551","Cooks","Struthers main",9026.103113,10,0,0,2022
"2850-57573","2850-57869","Cooks","Blue Cloud main",8135.083191,6,0,0,2022
"2850-57573","2850-57612","Cooks","Blue Cloud main",8135.083191,10,0,0,2022
"2850-57573","2850-57572","Cooks","Blue Cloud main",8135.083191,5,0,0,2022
"2850-57573","2850-57688","Cooks","Boyer",11757.49343,5,0,0,2022
"2850-57573","2850-57870","Cooks","Blue Cloud Middle Shed",8131.940467,1,0,0,2022
"2850-57573","2850-57667","Cooks","Cathys est",11307.353,1,0,0,2022
"2850-57573","2850-57871","Cooks","Blue Cloud main",8135.083191,6,0,0,2022
"2850-57573","2850-57685","Cooks","Boyer",11757.49343,2,0,0,2022
"2850-57573","2850-57585","Cooks","CHR",3998.148258,5,0,0,2022
"2850-57573","2850-57650","Cooks","CHR",3998.148258,7,0,0,2022
"2850-57573","2640-97331","Cooks","CHR",3998.148258,8,0,0,2022
"2850-57573","2640-97358","Cooks","CHR",3998.148258,7,0,0,2022
"2850-57573","2850-57649","Cooks","CHR",3998.148258,8,0,0,2022
"2850-57573","2850-57735","Cooks","CHR",3998.148258,5,0,0,2022
"2850-57573","2850-57652","Cooks","CHR",3998.148258,6,0,0,2022
"2850-57573","2850-57571","Cooks","CHR",3998.148258,4,0,0,2022
"2850-57573","2850-57746","Cooks","CHR",3998.148258,7,0,0,2022
"2850-57573","2850-57736","Cooks","CHR",3998.148258,5,0,0,2022
"2850-57573","2850-57670","Cooks","CHR",3998.148258,5,0,0,2022
"2850-57573","2850-57588","Cooks","CHR",3998.148258,4,0,0,2022
"2850-57573","2850-57656","Cooks","CHR",3998.148258,5,0,0,2022
"2850-57573","2850-57883","Cooks","CHR",3998.148258,8,0,0,2022
"2850-57573","2850-57654","Cooks","CHR",3998.148258,4,0,0,2022
"2850-57573","2850-57730","Cooks","CHR",3998.148258,9,0,0,2022
"2850-57573","2850-57583","Cooks","CHR",3998.148258,8,0,0,2022
"2850-57573","2811-38984","Cooks","CHR",3998.148258,7,0,0,2022
"2850-57573","2850-57846","Cooks","CHR",3998.148258,6,0,0,2022
"2850-57573","2850-57568","Cooks","CHR",3998.148258,7,0,0,2022
"2850-57573","2850-57879","Cooks","CHR",3998.148258,8,0,0,2022
"2850-57573","2870-65003","Cooks","CHR",3998.148258,5,0,0,2022
"2850-57573","2850-57648","Cooks","CHR",3998.148258,4,0,0,2022
"2850-57573","2870-64909","Cooks","CHR",3998.148258,4,0,0,2022
"2850-57573","2811-83207","Cooks","Dome House est",12982.92152,4,0,0,2022
"2850-57573","2850-57872","Cooks","Make Believe",8134.783478,8,0,0,2022
"2850-57573","2850-57661","Cooks","Karens est",4427.496664,3,0,0,2022
"2850-57573","2640-97596","Cooks","Make Believe",8134.783478,10,0,0,2022
"2850-57573","2850-57874","Cooks","Make Believe",8134.783478,2,0,0,2022
"2850-57573","2850-57692","Cooks","Martes est",12332.58471,6,0,0,2022
"2850-57573","2850-57576","Cooks","Make Believe",8134.783478,6,0,0,2022
"2850-57573","2850-57640","Cooks","McCauley est",7022.837808,6,0,0,2022
"2850-57573","2850-57635","Cooks","Make Believe",8134.783478,8,0,0,2022
"2850-57573","2850-57878","Cooks","Make Believe",8134.783478,3,0,0,2022
"2850-57573","2850-57550","Cooks","Mary Anns est",11115.95446,3,0,0,2022
"2850-57573","2850-57698","Cooks","Speedwell est",9974.089273,4,0,0,2022
"2850-57573","2850-57629","Cooks","Urban Farm Girlz Sheep Shed",13112.56561,7,0,0,2022
"2850-57573","2850-57608","Cooks","Urban Farm Girlz Sheep Shed",13112.56561,3,0,0,2022
"2850-57573","2850-57551","Cooks","Struthers main",9026.103113,10,0,0,2022
"2850-57573","2850-57645","Cooks","Struthers main",9026.103113,4,0,0,2022
"2850-57573","2850-57753","Cooks","McCauley est",7022.837808,4,0,0,2022
"2870-64915","2850-57869","Cooks","Blue Cloud main",8135.083191,6,0,0,2022
"2870-64915","2850-57572","Cooks","Blue Cloud main",8135.083191,5,0,0,2022
"2870-64915","2850-57688","Cooks","Boyer",11757.49343,5,0,0,2022
"2870-64915","2850-57870","Cooks","Blue Cloud Middle Shed",8131.940467,1,0,0,2022
"2870-64915","2850-57871","Cooks","Blue Cloud main",8135.083191,6,0,0,2022
"2870-64915","2850-57585","Cooks","CHR",3998.148258,5,0,0,2022
"2870-64915","2850-57685","Cooks","Boyer",11757.49343,2,0,0,2022
"2870-64915","2850-57612","Cooks","Blue Cloud main",8135.083191,10,0,0,2022
"2870-64915","2850-57667","Cooks","Cathys est",11307.353,1,0,0,2022
"2870-64915","2850-57650","Cooks","CHR",3998.148258,7,0,0,2022
"2870-64915","2640-97331","Cooks","CHR",3998.148258,8,0,0,2022
"2870-64915","2850-57735","Cooks","CHR",3998.148258,5,0,0,2022
"2870-64915","2640-97358","Cooks","CHR",3998.148258,7,0,0,2022
"2870-64915","2850-57649","Cooks","CHR",3998.148258,8,0,0,2022
"2870-64915","2850-57654","Cooks","CHR",3998.148258,4,0,0,2022
"2870-64915","2850-57571","Cooks","CHR",3998.148258,4,0,0,2022
"2870-64915","2850-57588","Cooks","CHR",3998.148258,4,0,0,2022
"2870-64915","2850-57652","Cooks","CHR",3998.148258,6,0,0,2022
"2870-64915","2850-57670","Cooks","CHR",3998.148258,5,0,0,2022
"2870-64915","2850-57746","Cooks","CHR",3998.148258,7,0,0,2022
"2870-64915","2850-57736","Cooks","CHR",3998.148258,5,0,0,2022
"2870-64915","2850-57730","Cooks","CHR",3998.148258,9,0,0,2022
"2870-64915","2850-57656","Cooks","CHR",3998.148258,5,0,0,2022
"2870-64915","2850-57568","Cooks","CHR",3998.148258,7,0,0,2022
"2870-64915","2850-57583","Cooks","CHR",3998.148258,8,0,0,2022
"2870-64915","2850-57883","Cooks","CHR",3998.148258,8,0,0,2022
"2870-64915","2850-57648","Cooks","CHR",3998.148258,4,0,0,2022
"2870-64915","2850-57879","Cooks","CHR",3998.148258,8,0,0,2022
"2870-64915","2870-65003","Cooks","CHR",3998.148258,5,0,0,2022
"2870-64915","2850-57846","Cooks","CHR",3998.148258,6,0,0,2022
"2870-64915","2811-38984","Cooks","CHR",3998.148258,7,0,0,2022
"2870-64915","2870-64909","Cooks","CHR",3998.148258,4,0,0,2022
"2870-64915","2811-83207","Cooks","Dome House est",12982.92152,4,0,0,2022
"2870-64915","2850-57661","Cooks","Karens est",4427.496664,3,0,0,2022
"2870-64915","2850-57874","Cooks","Make Believe",8134.783478,2,0,0,2022
"2870-64915","2850-57576","Cooks","Make Believe",8134.783478,6,0,0,2022
"2870-64915","2850-57878","Cooks","Make Believe",8134.783478,3,0,0,2022
"2870-64915","2850-57635","Cooks","Make Believe",8134.783478,8,0,0,2022
"2870-64915","2850-57872","Cooks","Make Believe",8134.783478,8,0,0,2022
"2870-64915","2640-97596","Cooks","Make Believe",8134.783478,10,0,0,2022
"2870-64915","2850-57698","Cooks","Speedwell est",9974.089273,4,0,0,2022
"2870-64915","2850-57692","Cooks","Martes est",12332.58471,6,0,0,2022
"2870-64915","2850-57753","Cooks","McCauley est",7022.837808,4,0,0,2022
"2870-64915","2850-57640","Cooks","McCauley est",7022.837808,6,0,0,2022
"2870-64915","2850-57550","Cooks","Mary Anns est",11115.95446,3,0,0,2022
"2870-64915","2850-57645","Cooks","Struthers main",9026.103113,4,0,0,2022
"2870-64915","2850-57608","Cooks","Urban Farm Girlz Sheep Shed",13112.56561,3,0,0,2022
"2870-64915","2850-57551","Cooks","Struthers main",9026.103113,10,0,0,2022
"2870-64915","2850-57629","Cooks","Urban Farm Girlz Sheep Shed",13112.56561,7,0,0,2022
"2850-57643","2850-57572","Dome House est","Blue Cloud main",5309.66736,5,0,0,2022
"2850-57643","2850-57667","Dome House est","Cathys est",2538.343822,1,0,0,2022
"2850-57643","2850-57612","Dome House est","Blue Cloud main",5309.66736,10,0,0,2022
"2850-57643","2850-57869","Dome House est","Blue Cloud main",5309.66736,6,0,0,2022
"2850-57643","2850-57870","Dome House est","Blue Cloud Middle Shed",5288.067559,1,0,0,2022
"2850-57643","2850-57688","Dome House est","Boyer",1354.445201,5,0,0,2022
"2850-57643","2850-57871","Dome House est","Blue Cloud main",5309.66736,6,0,0,2022
"2850-57643","2850-57685","Dome House est","Boyer",1354.445201,2,0,0,2022
"2850-57643","2850-57650","Dome House est","CHR",9069.221045,7,0,0,2022
"2850-57643","2850-57585","Dome House est","CHR",9069.221045,5,0,0,2022
"2850-57643","2850-57735","Dome House est","CHR",9069.221045,5,0,0,2022
"2850-57643","2640-97358","Dome House est","CHR",9069.221045,7,0,0,2022
"2850-57643","2640-97331","Dome House est","CHR",9069.221045,8,0,0,2022
"2850-57643","2850-57588","Dome House est","CHR",9069.221045,4,0,0,2022
"2850-57643","2850-57649","Dome House est","CHR",9069.221045,8,0,0,2022
"2850-57643","2850-57736","Dome House est","CHR",9069.221045,5,0,0,2022
"2850-57643","2850-57571","Dome House est","CHR",9069.221045,4,0,0,2022
"2850-57643","2850-57746","Dome House est","CHR",9069.221045,7,0,0,2022
"2850-57643","2850-57652","Dome House est","CHR",9069.221045,6,0,0,2022
"2850-57643","2850-57654","Dome House est","CHR",9069.221045,4,0,0,2022
"2850-57643","2850-57670","Dome House est","CHR",9069.221045,5,0,0,2022
"2850-57643","2850-57656","Dome House est","CHR",9069.221045,5,0,0,2022
"2850-57643","2850-57883","Dome House est","CHR",9069.221045,8,0,0,2022
"2850-57643","2850-57568","Dome House est","CHR",9069.221045,7,0,0,2022
"2850-57643","2850-57730","Dome House est","CHR",9069.221045,9,0,0,2022
"2850-57643","2850-57583","Dome House est","CHR",9069.221045,8,0,0,2022
"2850-57643","2811-38984","Dome House est","CHR",9069.221045,7,0,0,2022
"2850-57643","2850-57879","Dome House est","CHR",9069.221045,8,0,0,2022
"2850-57643","2850-57846","Dome House est","CHR",9069.221045,6,0,0,2022
"2850-57643","2850-57648","Dome House est","CHR",9069.221045,4,0,0,2022
"2850-57643","2870-64909","Dome House est","CHR",9069.221045,4,0,0,2022
"2850-57643","2850-57609","Dome House est","Cooks",12982.92152,5,0,0,2022
"2850-57643","2870-65003","Dome House est","CHR",9069.221045,5,0,0,2022
"2850-57643","2850-57637","Dome House est","Cooks",12982.92152,1,0,0,2022
"2850-57643","2850-57853","Dome House est","Cooks",12982.92152,10,0,0,2022
"2850-57643","2850-57575","Dome House est","Cooks",12982.92152,4,0,0,2022
"2850-57643","2850-57663","Dome House est","Cooks",12982.92152,7,0,0,2022
"2850-57643","Cooks-13_UNS","Dome House est","Cooks",12982.92152,4,0,0,2022
"2850-57643","2850-57664","Dome House est","Cooks",12982.92152,3,0,0,2022
"2850-57643","2850-57700","Dome House est","Cooks",12982.92152,4,0,0,2022
"2850-57643","2850-57672","Dome House est","Cooks",12982.92152,4,0,0,2022
"2850-57643","2850-57874","Dome House est","Make Believe",5584.703476,2,0,0,2022
"2850-57643","2850-57576","Dome House est","Make Believe",5584.703476,6,0,0,2022
"2850-57643","2850-57550","Dome House est","Mary Anns est",2706.870892,3,0,0,2022
"2850-57643","2850-57635","Dome House est","Make Believe",5584.703476,8,0,0,2022
"2850-57643","2850-57661","Dome House est","Karens est",8783.389425,3,0,0,2022
"2850-57643","2850-57872","Dome House est","Make Believe",5584.703476,8,0,0,2022
"2850-57643","2850-57878","Dome House est","Make Believe",5584.703476,3,0,0,2022
"2850-57643","2850-57692","Dome House est","Martes est",754.3921767,6,0,0,2022
"2850-57643","2850-57640","Dome House est","McCauley est",6681.052678,6,0,0,2022
"2850-57643","2640-97596","Dome House est","Make Believe",5584.703476,10,0,0,2022
"2850-57643","2850-57753","Dome House est","McCauley est",6681.052678,4,0,0,2022
"2850-57643","2850-57551","Dome House est","Struthers main",4105.80886,10,0,0,2022
"2850-57643","2850-57645","Dome House est","Struthers main",4105.80886,4,0,0,2022
"2850-57643","2850-57629","Dome House est","Urban Farm Girlz Sheep Shed",183.2160072,7,0,0,2022
"2850-57643","2850-57698","Dome House est","Speedwell est",3067.485267,4,0,0,2022
"2850-57643","2850-57608","Dome House est","Urban Farm Girlz Sheep Shed",183.2160072,3,1,0.333333333333333,2022
"2811-00632","2850-57572","Ericas","Blue Cloud main",4881.656336,5,0,0,2022
"2811-00632","2850-57869","Ericas","Blue Cloud main",4881.656336,6,0,0,2022
"2811-00632","2850-57612","Ericas","Blue Cloud main",4881.656336,10,0,0,2022
"2811-00632","2850-57871","Ericas","Blue Cloud main",4881.656336,6,0,0,2022
"2811-00632","2850-57585","Ericas","CHR",1354.321728,5,0,0,2022
"2811-00632","2850-57870","Ericas","Blue Cloud Middle Shed",4895.888307,1,0,0,2022
"2811-00632","2850-57667","Ericas","Cathys est",8892.265055,1,0,0,2022
"2811-00632","2850-57688","Ericas","Boyer",9023.210323,5,0,0,2022
"2811-00632","2850-57685","Ericas","Boyer",9023.210323,2,0,0,2022
"2811-00632","2850-57735","Ericas","CHR",1354.321728,5,0,0,2022
"2811-00632","2640-97358","Ericas","CHR",1354.321728,7,0,0,2022
"2811-00632","2850-57649","Ericas","CHR",1354.321728,8,0,0,2022
"2811-00632","2850-57650","Ericas","CHR",1354.321728,7,0,0,2022
"2811-00632","2640-97331","Ericas","CHR",1354.321728,8,0,0,2022
"2811-00632","2850-57588","Ericas","CHR",1354.321728,4,0,0,2022
"2811-00632","2850-57736","Ericas","CHR",1354.321728,5,0,0,2022
"2811-00632","2850-57571","Ericas","CHR",1354.321728,4,0,0,2022
"2811-00632","2850-57652","Ericas","CHR",1354.321728,6,0,0,2022
"2811-00632","2850-57670","Ericas","CHR",1354.321728,5,0,0,2022
"2811-00632","2850-57746","Ericas","CHR",1354.321728,7,0,0,2022
"2811-00632","2850-57656","Ericas","CHR",1354.321728,5,0,0,2022
"2811-00632","2850-57730","Ericas","CHR",1354.321728,9,0,0,2022
"2811-00632","2850-57583","Ericas","CHR",1354.321728,8,0,0,2022
"2811-00632","2850-57654","Ericas","CHR",1354.321728,4,0,0,2022
"2811-00632","2850-57883","Ericas","CHR",1354.321728,8,0,0,2022
"2811-00632","2850-57879","Ericas","CHR",1354.321728,8,0,0,2022
"2811-00632","2811-38984","Ericas","CHR",1354.321728,7,0,0,2022
"2811-00632","2870-64909","Ericas","CHR",1354.321728,4,0,0,2022
"2811-00632","2850-57568","Ericas","CHR",1354.321728,7,0,0,2022
"2811-00632","2850-57846","Ericas","CHR",1354.321728,6,0,0,2022
"2811-00632","2870-65003","Ericas","CHR",1354.321728,5,0,0,2022
"2811-00632","Cooks-13_UNS","Ericas","Cooks",3587.486642,4,0,0,2022
"2811-00632","2850-57648","Ericas","CHR",1354.321728,4,0,0,2022
"2811-00632","2850-57637","Ericas","Cooks",3587.486642,1,0,0,2022
"2811-00632","2850-57609","Ericas","Cooks",3587.486642,5,0,0,2022
"2811-00632","2850-57575","Ericas","Cooks",3587.486642,4,0,0,2022
"2811-00632","2850-57853","Ericas","Cooks",3587.486642,10,0,0,2022
"2811-00632","2850-57661","Ericas","Karens est",1390.142869,3,0,0,2022
"2811-00632","2850-57664","Ericas","Cooks",3587.486642,3,0,0,2022
"2811-00632","2850-57663","Ericas","Cooks",3587.486642,7,0,0,2022
"2811-00632","2850-57872","Ericas","Make Believe",6275.257607,8,0,0,2022
"2811-00632","2850-57672","Ericas","Cooks",3587.486642,4,0,0,2022
"2811-00632","2850-57700","Ericas","Cooks",3587.486642,4,0,0,2022
"2811-00632","2811-83207","Ericas","Dome House est",10093.56871,4,0,0,2022
"2811-00632","2850-57576","Ericas","Make Believe",6275.257607,6,0,0,2022
"2811-00632","2850-57878","Ericas","Make Believe",6275.257607,3,0,0,2022
"2811-00632","2850-57874","Ericas","Make Believe",6275.257607,2,0,0,2022
"2811-00632","2850-57550","Ericas","Mary Anns est",8725.304623,3,0,0,2022
"2811-00632","2640-97596","Ericas","Make Believe",6275.257607,10,0,0,2022
"2811-00632","2850-57635","Ericas","Make Believe",6275.257607,8,0,0,2022
"2811-00632","2850-57753","Ericas","McCauley est",3609.451461,4,0,0,2022
"2811-00632","2850-57692","Ericas","Martes est",9535.672506,6,0,0,2022
"2811-00632","2850-57640","Ericas","McCauley est",3609.451461,6,0,0,2022
"2811-00632","2850-57645","Ericas","Struthers main",5984.428043,4,0,0,2022
"2811-00632","2850-57698","Ericas","Speedwell est",7022.996154,4,0,0,2022
"2811-00632","2850-57608","Ericas","Urban Farm Girlz Sheep Shed",10193.59018,3,0,0,2022
"2811-00632","2850-57551","Ericas","Struthers main",5984.428043,10,0,0,2022
"2811-00632","2850-57629","Ericas","Urban Farm Girlz Sheep Shed",10193.59018,7,0,0,2022
"2850-57751","2850-57869","Jays est","Blue Cloud main",1016.758014,6,2,0.333333333333333,2022
"2850-57751","2850-57572","Jays est","Blue Cloud main",1016.758014,5,0,0,2022
"2850-57751","2850-57685","Jays est","Boyer",3559.266481,2,0,0,2022
"2850-57751","2850-57612","Jays est","Blue Cloud main",1016.758014,10,0,0,2022
"2850-57751","2640-97331","Jays est","CHR",4525.471845,8,0,0,2022
"2850-57751","2850-57870","Jays est","Blue Cloud Middle Shed",959.5430682,1,0,0,2022
"2850-57751","2850-57871","Jays est","Blue Cloud main",1016.758014,6,0,0,2022
"2850-57751","2850-57667","Jays est","Cathys est",3752.774519,1,0,0,2022
"2850-57751","2850-57688","Jays est","Boyer",3559.266481,5,0,0,2022
"2850-57751","2850-57650","Jays est","CHR",4525.471845,7,0,0,2022
"2850-57751","2850-57585","Jays est","CHR",4525.471845,5,0,0,2022
"2850-57751","2850-57649","Jays est","CHR",4525.471845,8,0,0,2022
"2850-57751","2640-97358","Jays est","CHR",4525.471845,7,0,0,2022
"2850-57751","2850-57735","Jays est","CHR",4525.471845,5,0,0,2022
"2850-57751","2850-57736","Jays est","CHR",4525.471845,5,0,0,2022
"2850-57751","2850-57571","Jays est","CHR",4525.471845,4,0,0,2022
"2850-57751","2850-57588","Jays est","CHR",4525.471845,4,0,0,2022
"2850-57751","2850-57730","Jays est","CHR",4525.471845,9,0,0,2022
"2850-57751","2850-57656","Jays est","CHR",4525.471845,5,0,0,2022
"2850-57751","2850-57746","Jays est","CHR",4525.471845,7,0,0,2022
"2850-57751","2850-57670","Jays est","CHR",4525.471845,5,0,0,2022
"2850-57751","2850-57652","Jays est","CHR",4525.471845,6,0,0,2022
"2850-57751","2850-57654","Jays est","CHR",4525.471845,4,0,0,2022
"2850-57751","2850-57568","Jays est","CHR",4525.471845,7,0,0,2022
"2850-57751","2850-57583","Jays est","CHR",4525.471845,8,0,0,2022
"2850-57751","2850-57846","Jays est","CHR",4525.471845,6,0,0,2022
"2850-57751","2850-57648","Jays est","CHR",4525.471845,4,0,0,2022
"2850-57751","2811-38984","Jays est","CHR",4525.471845,7,0,0,2022
"2850-57751","2850-57879","Jays est","CHR",4525.471845,8,0,0,2022
"2850-57751","2850-57883","Jays est","CHR",4525.471845,8,0,0,2022
"2850-57751","2850-57637","Jays est","Cooks",8518.517871,1,0,0,2022
"2850-57751","2870-64909","Jays est","CHR",4525.471845,4,0,0,2022
"2850-57751","2870-65003","Jays est","CHR",4525.471845,5,0,0,2022
"2850-57751","2850-57575","Jays est","Cooks",8518.517871,4,0,0,2022
"2850-57751","2850-57609","Jays est","Cooks",8518.517871,5,0,0,2022
"2850-57751","2850-57664","Jays est","Cooks",8518.517871,3,0,0,2022
"2850-57751","2850-57672","Jays est","Cooks",8518.517871,4,0,0,2022
"2850-57751","Cooks-13_UNS","Jays est","Cooks",8518.517871,4,0,0,2022
"2850-57751","2850-57576","Jays est","Make Believe",3104.670145,6,0,0,2022
"2850-57751","2811-83207","Jays est","Dome House est",4577.827249,4,0,0,2022
"2850-57751","2850-57700","Jays est","Cooks",8518.517871,4,0,0,2022
"2850-57751","2850-57663","Jays est","Cooks",8518.517871,7,0,0,2022
"2850-57751","2850-57853","Jays est","Cooks",8518.517871,10,0,0,2022
"2850-57751","2850-57661","Jays est","Karens est",4210.393452,3,0,0,2022
"2850-57751","2850-57874","Jays est","Make Believe",3104.670145,2,0,0,2022
"2850-57751","2850-57878","Jays est","Make Believe",3104.670145,3,0,0,2022
"2850-57751","2640-97596","Jays est","Make Believe",3104.670145,10,0,0,2022
"2850-57751","2850-57635","Jays est","Make Believe",3104.670145,8,0,0,2022
"2850-57751","2850-57872","Jays est","Make Believe",3104.670145,8,0,0,2022
"2850-57751","2850-57692","Jays est","Martes est",4035.492836,6,0,0,2022
"2850-57751","2850-57640","Jays est","McCauley est",2254.426129,6,0,0,2022
"2850-57751","2850-57550","Jays est","Mary Anns est",3638.049199,3,0,0,2022
"2850-57751","2850-57753","Jays est","McCauley est",2254.426129,4,0,0,2022
"2850-57751","2850-57698","Jays est","Speedwell est",1507.159313,4,0,0,2022
"2850-57751","2850-57608","Jays est","Urban Farm Girlz Sheep Shed",4680.237414,3,0,0,2022
"2850-57751","2850-57629","Jays est","Urban Farm Girlz Sheep Shed",4680.237414,7,0,0,2022
"2850-57751","2850-57645","Jays est","Struthers main",499.3814932,4,0,0,2022
"2850-57751","2850-57551","Jays est","Struthers main",499.3814932,10,0,0,2022
"2850-57636","2850-57869","Jays est","Blue Cloud main",1016.758014,6,0,0,2022
"2850-57636","2850-57572","Jays est","Blue Cloud main",1016.758014,5,0,0,2022
"2850-57636","2850-57612","Jays est","Blue Cloud main",1016.758014,10,0,0,2022
"2850-57636","2850-57871","Jays est","Blue Cloud main",1016.758014,6,0,0,2022
"2850-57636","2850-57685","Jays est","Boyer",3559.266481,2,0,0,2022
"2850-57636","2850-57688","Jays est","Boyer",3559.266481,5,0,0,2022
"2850-57636","2850-57870","Jays est","Blue Cloud Middle Shed",959.5430682,1,0,0,2022
"2850-57636","2640-97358","Jays est","CHR",4525.471845,7,0,0,2022
"2850-57636","2850-57735","Jays est","CHR",4525.471845,5,0,0,2022
"2850-57636","2850-57650","Jays est","CHR",4525.471845,7,0,0,2022
"2850-57636","2850-57667","Jays est","Cathys est",3752.774519,1,0,0,2022
"2850-57636","2850-57585","Jays est","CHR",4525.471845,5,0,0,2022
"2850-57636","2850-57588","Jays est","CHR",4525.471845,4,0,0,2022
"2850-57636","2640-97331","Jays est","CHR",4525.471845,8,0,0,2022
"2850-57636","2850-57736","Jays est","CHR",4525.471845,5,0,0,2022
"2850-57636","2850-57571","Jays est","CHR",4525.471845,4,0,0,2022
"2850-57636","2850-57649","Jays est","CHR",4525.471845,8,0,0,2022
"2850-57636","2850-57652","Jays est","CHR",4525.471845,6,0,0,2022
"2850-57636","2850-57746","Jays est","CHR",4525.471845,7,0,0,2022
"2850-57636","2850-57670","Jays est","CHR",4525.471845,5,0,0,2022
"2850-57636","2850-57568","Jays est","CHR",4525.471845,7,0,0,2022
"2850-57636","2850-57654","Jays est","CHR",4525.471845,4,0,0,2022
"2850-57636","2811-38984","Jays est","CHR",4525.471845,7,0,0,2022
"2850-57636","2850-57730","Jays est","CHR",4525.471845,9,0,0,2022
"2850-57636","2850-57656","Jays est","CHR",4525.471845,5,0,0,2022
"2850-57636","2850-57883","Jays est","CHR",4525.471845,8,0,0,2022
"2850-57636","2850-57583","Jays est","CHR",4525.471845,8,0,0,2022
"2850-57636","2870-64909","Jays est","CHR",4525.471845,4,0,0,2022
"2850-57636","2850-57879","Jays est","CHR",4525.471845,8,0,0,2022
"2850-57636","2850-57846","Jays est","CHR",4525.471845,6,0,0,2022
"2850-57636","2870-65003","Jays est","CHR",4525.471845,5,0,0,2022
"2850-57636","2850-57575","Jays est","Cooks",8518.517871,4,0,0,2022
"2850-57636","2850-57648","Jays est","CHR",4525.471845,4,0,0,2022
"2850-57636","2850-57663","Jays est","Cooks",8518.517871,7,0,0,2022
"2850-57636","2850-57672","Jays est","Cooks",8518.517871,4,0,0,2022
"2850-57636","2850-57637","Jays est","Cooks",8518.517871,1,0,0,2022
"2850-57636","2850-57609","Jays est","Cooks",8518.517871,5,0,0,2022
"2850-57636","Cooks-13_UNS","Jays est","Cooks",8518.517871,4,0,0,2022
"2850-57636","2850-57664","Jays est","Cooks",8518.517871,3,0,0,2022
"2850-57636","2850-57853","Jays est","Cooks",8518.517871,10,0,0,2022
"2850-57636","2850-57874","Jays est","Make Believe",3104.670145,2,0,0,2022
"2850-57636","2850-57700","Jays est","Cooks",8518.517871,4,0,0,2022
"2850-57636","2850-57661","Jays est","Karens est",4210.393452,3,0,0,2022
"2850-57636","2811-83207","Jays est","Dome House est",4577.827249,4,0,0,2022
"2850-57636","2850-57878","Jays est","Make Believe",3104.670145,3,0,0,2022
"2850-57636","2850-57576","Jays est","Make Believe",3104.670145,6,0,0,2022
"2850-57636","2850-57635","Jays est","Make Believe",3104.670145,8,0,0,2022
"2850-57636","2850-57550","Jays est","Mary Anns est",3638.049199,3,0,0,2022
"2850-57636","2640-97596","Jays est","Make Believe",3104.670145,10,0,0,2022
"2850-57636","2850-57698","Jays est","Speedwell est",1507.159313,4,0,0,2022
"2850-57636","2850-57872","Jays est","Make Believe",3104.670145,8,0,0,2022
"2850-57636","2850-57753","Jays est","McCauley est",2254.426129,4,0,0,2022
"2850-57636","2850-57692","Jays est","Martes est",4035.492836,6,0,0,2022
"2850-57636","2850-57640","Jays est","McCauley est",2254.426129,6,0,0,2022
"2850-57636","2850-57645","Jays est","Struthers main",499.3814932,4,0,0,2022
"2850-57636","2850-57608","Jays est","Urban Farm Girlz Sheep Shed",4680.237414,3,0,0,2022
"2850-57636","2850-57629","Jays est","Urban Farm Girlz Sheep Shed",4680.237414,7,0,0,2022
"2850-57636","2850-57551","Jays est","Struthers main",499.3814932,10,0,0,2022
"2850-57662","2850-57612","Karens est","Blue Cloud main",3706.930068,10,0,0,2022
"2850-57662","2850-57869","Karens est","Blue Cloud main",3706.930068,6,0,0,2022
"2850-57662","2850-57572","Karens est","Blue Cloud main",3706.930068,5,0,0,2022
"2850-57662","2850-57870","Karens est","Blue Cloud Middle Shed",3708.902809,1,0,0,2022
"2850-57662","2850-57871","Karens est","Blue Cloud main",3706.930068,6,0,0,2022
"2850-57662","2640-97358","Karens est","CHR",472.2447997,7,0,0,2022
"2850-57662","2850-57688","Karens est","Boyer",7670.061205,5,0,0,2022
"2850-57662","2850-57685","Karens est","Boyer",7670.061205,2,0,0,2022
"2850-57662","2850-57667","Karens est","Cathys est",7495.612267,1,0,0,2022
"2850-57662","2850-57650","Karens est","CHR",472.2447997,7,0,0,2022
"2850-57662","2850-57585","Karens est","CHR",472.2447997,5,0,0,2022
"2850-57662","2640-97331","Karens est","CHR",472.2447997,8,0,0,2022
"2850-57662","2850-57649","Karens est","CHR",472.2447997,8,0,0,2022
"2850-57662","2850-57735","Karens est","CHR",472.2447997,5,0,0,2022
"2850-57662","2850-57736","Karens est","CHR",472.2447997,5,0,0,2022
"2850-57662","2850-57571","Karens est","CHR",472.2447997,4,0,0,2022
"2850-57662","2850-57588","Karens est","CHR",472.2447997,4,0,0,2022
"2850-57662","2850-57654","Karens est","CHR",472.2447997,4,0,0,2022
"2850-57662","2850-57652","Karens est","CHR",472.2447997,6,0,0,2022
"2850-57662","2850-57670","Karens est","CHR",472.2447997,5,0,0,2022
"2850-57662","2850-57746","Karens est","CHR",472.2447997,7,0,0,2022
"2850-57662","2850-57656","Karens est","CHR",472.2447997,5,0,0,2022
"2850-57662","2850-57730","Karens est","CHR",472.2447997,9,0,0,2022
"2850-57662","2850-57568","Karens est","CHR",472.2447997,7,0,0,2022
"2850-57662","2811-38984","Karens est","CHR",472.2447997,7,0,0,2022
"2850-57662","2850-57583","Karens est","CHR",472.2447997,8,0,0,2022
"2850-57662","2850-57648","Karens est","CHR",472.2447997,4,0,0,2022
"2850-57662","2870-65003","Karens est","CHR",472.2447997,5,0,0,2022
"2850-57662","2850-57879","Karens est","CHR",472.2447997,8,0,0,2022
"2850-57662","2850-57883","Karens est","CHR",472.2447997,8,0,0,2022
"2850-57662","2870-64909","Karens est","CHR",472.2447997,4,0,0,2022
"2850-57662","2850-57637","Karens est","Cooks",4427.496664,1,0,0,2022
"2850-57662","2850-57664","Karens est","Cooks",4427.496664,3,0,0,2022
"2850-57662","2850-57846","Karens est","CHR",472.2447997,6,0,0,2022
"2850-57662","Cooks-13_UNS","Karens est","Cooks",4427.496664,4,0,0,2022
"2850-57662","2850-57575","Karens est","Cooks",4427.496664,4,0,0,2022
"2850-57662","2850-57609","Karens est","Cooks",4427.496664,5,0,0,2022
"2850-57662","2811-83207","Karens est","Dome House est",8783.389425,4,0,0,2022
"2850-57662","2850-57672","Karens est","Cooks",4427.496664,4,0,0,2022
"2850-57662","2850-57853","Karens est","Cooks",4427.496664,10,0,0,2022
"2850-57662","2850-57663","Karens est","Cooks",4427.496664,7,0,0,2022
"2850-57662","2850-57700","Karens est","Cooks",4427.496664,4,0,0,2022
"2850-57662","2850-57874","Karens est","Make Believe",4897.580448,2,0,0,2022
"2850-57662","2850-57576","Karens est","Make Believe",4897.580448,6,0,0,2022
"2850-57662","2850-57878","Karens est","Make Believe",4897.580448,3,0,0,2022
"2850-57662","2850-57872","Karens est","Make Believe",4897.580448,8,0,0,2022
"2850-57662","2850-57635","Karens est","Make Believe",4897.580448,8,0,0,2022
"2850-57662","2640-97596","Karens est","Make Believe",4897.580448,10,0,0,2022
"2850-57662","2850-57550","Karens est","Mary Anns est",7326.512234,3,0,0,2022
"2850-57662","2850-57692","Karens est","Martes est",8198.82252,6,0,0,2022
"2850-57662","2850-57640","Karens est","McCauley est",2592.894837,6,0,0,2022
"2850-57662","2850-57753","Karens est","McCauley est",2592.894837,4,0,0,2022
"2850-57662","2850-57645","Karens est","Struthers main",4702.614612,4,0,0,2022
"2850-57662","2850-57698","Karens est","Speedwell est",5716.249019,4,0,0,2022
"2850-57662","2850-57608","Karens est","Urban Farm Girlz Sheep Shed",8892.586888,3,0,0,2022
"2850-57662","2850-57551","Karens est","Struthers main",4702.614612,10,0,0,2022
"2850-57662","2850-57629","Karens est","Urban Farm Girlz Sheep Shed",8892.586888,7,0,0,2022
"2850-57875","2850-57871","Make Believe","Blue Cloud main",3928.765414,6,0,0,2022
"2850-57875","2850-57612","Make Believe","Blue Cloud main",3928.765414,10,0,0,2022
"2850-57875","2850-57572","Make Believe","Blue Cloud main",3928.765414,5,0,0,2022
"2850-57875","2850-57870","Make Believe","Blue Cloud Middle Shed",3861.779098,1,0,0,2022
"2850-57875","2850-57869","Make Believe","Blue Cloud main",3928.765414,6,0,0,2022
"2850-57875","2850-57688","Make Believe","Boyer",4212.841149,5,0,0,2022
"2850-57875","2850-57650","Make Believe","CHR",4912.593342,7,0,0,2022
"2850-57875","2850-57667","Make Believe","Cathys est",3337.471654,1,0,0,2022
"2850-57875","2850-57735","Make Believe","CHR",4912.593342,5,0,0,2022
"2850-57875","2640-97331","Make Believe","CHR",4912.593342,8,0,0,2022
"2850-57875","2850-57588","Make Believe","CHR",4912.593342,4,0,0,2022
"2850-57875","2850-57685","Make Believe","Boyer",4212.841149,2,0,0,2022
"2850-57875","2850-57585","Make Believe","CHR",4912.593342,5,0,0,2022
"2850-57875","2640-97358","Make Believe","CHR",4912.593342,7,0,0,2022
"2850-57875","2850-57649","Make Believe","CHR",4912.593342,8,0,0,2022
"2850-57875","2850-57736","Make Believe","CHR",4912.593342,5,0,0,2022
"2850-57875","2850-57654","Make Believe","CHR",4912.593342,4,0,0,2022
"2850-57875","2850-57571","Make Believe","CHR",4912.593342,4,0,0,2022
"2850-57875","2850-57652","Make Believe","CHR",4912.593342,6,0,0,2022
"2850-57875","2850-57670","Make Believe","CHR",4912.593342,5,0,0,2022
"2850-57875","2850-57656","Make Believe","CHR",4912.593342,5,0,0,2022
"2850-57875","2850-57746","Make Believe","CHR",4912.593342,7,0,0,2022
"2850-57875","2850-57568","Make Believe","CHR",4912.593342,7,0,0,2022
"2850-57875","2850-57730","Make Believe","CHR",4912.593342,9,0,0,2022
"2850-57875","2850-57883","Make Believe","CHR",4912.593342,8,0,0,2022
"2850-57875","2811-38984","Make Believe","CHR",4912.593342,7,0,0,2022
"2850-57875","2850-57583","Make Believe","CHR",4912.593342,8,0,0,2022
"2850-57875","2850-57879","Make Believe","CHR",4912.593342,8,0,0,2022
"2850-57875","2850-57648","Make Believe","CHR",4912.593342,4,0,0,2022
"2850-57875","2850-57846","Make Believe","CHR",4912.593342,6,0,0,2022
"2850-57875","2870-65003","Make Believe","CHR",4912.593342,5,0,0,2022
"2850-57875","2850-57664","Make Believe","Cooks",8134.783478,3,0,0,2022
"2850-57875","2850-57575","Make Believe","Cooks",8134.783478,4,0,0,2022
"2850-57875","2870-64909","Make Believe","CHR",4912.593342,4,0,0,2022
"2850-57875","2850-57637","Make Believe","Cooks",8134.783478,1,0,0,2022
"2850-57875","2850-57672","Make Believe","Cooks",8134.783478,4,0,0,2022
"2850-57875","Cooks-13_UNS","Make Believe","Cooks",8134.783478,4,0,0,2022
"2850-57875","2850-57609","Make Believe","Cooks",8134.783478,5,0,0,2022
"2850-57875","2811-83207","Make Believe","Dome House est",5584.703476,4,0,0,2022
"2850-57875","2850-57700","Make Believe","Cooks",8134.783478,4,0,0,2022
"2850-57875","2850-57661","Make Believe","Karens est",4897.580448,3,0,0,2022
"2850-57875","2850-57853","Make Believe","Cooks",8134.783478,10,0,0,2022
"2850-57875","2850-57663","Make Believe","Cooks",8134.783478,7,0,0,2022
"2850-57875","2850-57692","Make Believe","Martes est",4828.138032,6,0,0,2022
"2850-57875","2850-57640","Make Believe","McCauley est",4554.003987,6,0,0,2022
"2850-57875","2850-57550","Make Believe","Mary Anns est",3139.663173,3,0,0,2022
"2850-57875","2850-57645","Make Believe","Struthers main",3336.249381,4,0,0,2022
"2850-57875","2850-57753","Make Believe","McCauley est",4554.003987,4,0,0,2022
"2850-57875","2850-57698","Make Believe","Speedwell est",3455.712605,4,0,0,2022
"2850-57875","2850-57608","Make Believe","Urban Farm Girlz Sheep Shed",5761.465774,3,0,0,2022
"2850-57875","2850-57551","Make Believe","Struthers main",3336.249381,10,0,0,2022
"2850-57875","2850-57629","Make Believe","Urban Farm Girlz Sheep Shed",5761.465774,7,0,0,2022
"2850-57877","2850-57869","Make Believe","Blue Cloud main",3928.765414,6,0,0,2022
"2850-57877","2850-57612","Make Believe","Blue Cloud main",3928.765414,10,0,0,2022
"2850-57877","2850-57667","Make Believe","Cathys est",3337.471654,1,0,0,2022
"2850-57877","2850-57572","Make Believe","Blue Cloud main",3928.765414,5,0,0,2022
"2850-57877","2850-57650","Make Believe","CHR",4912.593342,7,0,0,2022
"2850-57877","2640-97331","Make Believe","CHR",4912.593342,8,0,0,2022
"2850-57877","2850-57870","Make Believe","Blue Cloud Middle Shed",3861.779098,1,0,0,2022
"2850-57877","2850-57585","Make Believe","CHR",4912.593342,5,0,0,2022
"2850-57877","2850-57685","Make Believe","Boyer",4212.841149,2,0,0,2022
"2850-57877","2850-57688","Make Believe","Boyer",4212.841149,5,0,0,2022
"2850-57877","2850-57871","Make Believe","Blue Cloud main",3928.765414,6,0,0,2022
"2850-57877","2850-57736","Make Believe","CHR",4912.593342,5,0,0,2022
"2850-57877","2850-57735","Make Believe","CHR",4912.593342,5,0,0,2022
"2850-57877","2850-57649","Make Believe","CHR",4912.593342,8,0,0,2022
"2850-57877","2850-57571","Make Believe","CHR",4912.593342,4,0,0,2022
"2850-57877","2850-57588","Make Believe","CHR",4912.593342,4,0,0,2022
"2850-57877","2640-97358","Make Believe","CHR",4912.593342,7,0,0,2022
"2850-57877","2850-57652","Make Believe","CHR",4912.593342,6,0,0,2022
"2850-57877","2850-57670","Make Believe","CHR",4912.593342,5,0,0,2022
"2850-57877","2850-57746","Make Believe","CHR",4912.593342,7,0,0,2022
"2850-57877","2850-57656","Make Believe","CHR",4912.593342,5,0,0,2022
"2850-57877","2850-57568","Make Believe","CHR",4912.593342,7,0,0,2022
"2850-57877","2850-57654","Make Believe","CHR",4912.593342,4,0,0,2022
"2850-57877","2850-57583","Make Believe","CHR",4912.593342,8,0,0,2022
"2850-57877","2850-57730","Make Believe","CHR",4912.593342,9,0,0,2022
"2850-57877","2850-57883","Make Believe","CHR",4912.593342,8,0,0,2022
"2850-57877","2850-57846","Make Believe","CHR",4912.593342,6,0,0,2022
"2850-57877","2850-57879","Make Believe","CHR",4912.593342,8,0,0,2022
"2850-57877","2870-64909","Make Believe","CHR",4912.593342,4,0,0,2022
"2850-57877","2811-38984","Make Believe","CHR",4912.593342,7,0,0,2022
"2850-57877","2870-65003","Make Believe","CHR",4912.593342,5,0,0,2022
"2850-57877","2850-57648","Make Believe","CHR",4912.593342,4,0,0,2022
"2850-57877","2850-57609","Make Believe","Cooks",8134.783478,5,0,0,2022
"2850-57877","2850-57637","Make Believe","Cooks",8134.783478,1,0,0,2022
"2850-57877","2850-57575","Make Believe","Cooks",8134.783478,4,0,0,2022
"2850-57877","2850-57664","Make Believe","Cooks",8134.783478,3,0,0,2022
"2850-57877","2850-57700","Make Believe","Cooks",8134.783478,4,0,0,2022
"2850-57877","Cooks-13_UNS","Make Believe","Cooks",8134.783478,4,0,0,2022
"2850-57877","2850-57672","Make Believe","Cooks",8134.783478,4,0,0,2022
"2850-57877","2850-57663","Make Believe","Cooks",8134.783478,7,0,0,2022
"2850-57877","2850-57853","Make Believe","Cooks",8134.783478,10,0,0,2022
"2850-57877","2811-83207","Make Believe","Dome House est",5584.703476,4,0,0,2022
"2850-57877","2850-57661","Make Believe","Karens est",4897.580448,3,0,0,2022
"2850-57877","2850-57640","Make Believe","McCauley est",4554.003987,6,0,0,2022
"2850-57877","2850-57551","Make Believe","Struthers main",3336.249381,10,0,0,2022
"2850-57877","2850-57692","Make Believe","Martes est",4828.138032,6,0,0,2022
"2850-57877","2850-57550","Make Believe","Mary Anns est",3139.663173,3,0,0,2022
"2850-57877","2850-57753","Make Believe","McCauley est",4554.003987,4,0,0,2022
"2850-57877","2850-57645","Make Believe","Struthers main",3336.249381,4,0,0,2022
"2850-57877","2850-57698","Make Believe","Speedwell est",3455.712605,4,0,0,2022
"2850-57877","2850-57608","Make Believe","Urban Farm Girlz Sheep Shed",5761.465774,3,0,0,2022
"2850-57877","2850-57629","Make Believe","Urban Farm Girlz Sheep Shed",5761.465774,7,0,0,2022
"2850-57518","2850-57870","Make Believe","Blue Cloud Middle Shed",3861.779098,1,0,0,2022
"2850-57518","2850-57572","Make Believe","Blue Cloud main",3928.765414,5,0,0,2022
"2850-57518","2850-57869","Make Believe","Blue Cloud main",3928.765414,6,0,0,2022
"2850-57518","2850-57612","Make Believe","Blue Cloud main",3928.765414,10,0,0,2022
"2850-57518","2850-57871","Make Believe","Blue Cloud main",3928.765414,6,0,0,2022
"2850-57518","2850-57685","Make Believe","Boyer",4212.841149,2,0,0,2022
"2850-57518","2850-57736","Make Believe","CHR",4912.593342,5,0,0,2022
"2850-57518","2850-57688","Make Believe","Boyer",4212.841149,5,0,0,2022
"2850-57518","2850-57667","Make Believe","Cathys est",3337.471654,1,0,0,2022
"2850-57518","2850-57650","Make Believe","CHR",4912.593342,7,0,0,2022
"2850-57518","2850-57585","Make Believe","CHR",4912.593342,5,0,0,2022
"2850-57518","2640-97358","Make Believe","CHR",4912.593342,7,0,0,2022
"2850-57518","2850-57735","Make Believe","CHR",4912.593342,5,0,0,2022
"2850-57518","2850-57649","Make Believe","CHR",4912.593342,8,0,0,2022
"2850-57518","2640-97331","Make Believe","CHR",4912.593342,8,0,0,2022
"2850-57518","2850-57571","Make Believe","CHR",4912.593342,4,0,0,2022
"2850-57518","2850-57670","Make Believe","CHR",4912.593342,5,0,0,2022
"2850-57518","2850-57588","Make Believe","CHR",4912.593342,4,0,0,2022
"2850-57518","2850-57652","Make Believe","CHR",4912.593342,6,0,0,2022
"2850-57518","2850-57656","Make Believe","CHR",4912.593342,5,0,0,2022
"2850-57518","2850-57746","Make Believe","CHR",4912.593342,7,0,0,2022
"2850-57518","2850-57568","Make Believe","CHR",4912.593342,7,0,0,2022
"2850-57518","2850-57583","Make Believe","CHR",4912.593342,8,0,0,2022
"2850-57518","2850-57730","Make Believe","CHR",4912.593342,9,0,0,2022
"2850-57518","2850-57883","Make Believe","CHR",4912.593342,8,0,0,2022
"2850-57518","2850-57654","Make Believe","CHR",4912.593342,4,0,0,2022
"2850-57518","2811-38984","Make Believe","CHR",4912.593342,7,0,0,2022
"2850-57518","2850-57879","Make Believe","CHR",4912.593342,8,0,0,2022
"2850-57518","2850-57846","Make Believe","CHR",4912.593342,6,0,0,2022
"2850-57518","2870-65003","Make Believe","CHR",4912.593342,5,0,0,2022
"2850-57518","2850-57648","Make Believe","CHR",4912.593342,4,0,0,2022
"2850-57518","2850-57609","Make Believe","Cooks",8134.783478,5,0,0,2022
"2850-57518","2850-57575","Make Believe","Cooks",8134.783478,4,0,0,2022
"2850-57518","2870-64909","Make Believe","CHR",4912.593342,4,0,0,2022
"2850-57518","2850-57637","Make Believe","Cooks",8134.783478,1,0,0,2022
"2850-57518","Cooks-13_UNS","Make Believe","Cooks",8134.783478,4,0,0,2022
"2850-57518","2850-57672","Make Believe","Cooks",8134.783478,4,0,0,2022
"2850-57518","2850-57664","Make Believe","Cooks",8134.783478,3,0,0,2022
"2850-57518","2850-57700","Make Believe","Cooks",8134.783478,4,0,0,2022
"2850-57518","2850-57853","Make Believe","Cooks",8134.783478,10,0,0,2022
"2850-57518","2850-57663","Make Believe","Cooks",8134.783478,7,0,0,2022
"2850-57518","2850-57661","Make Believe","Karens est",4897.580448,3,0,0,2022
"2850-57518","2811-83207","Make Believe","Dome House est",5584.703476,4,0,0,2022
"2850-57518","2850-57550","Make Believe","Mary Anns est",3139.663173,3,0,0,2022
"2850-57518","2850-57692","Make Believe","Martes est",4828.138032,6,0,0,2022
"2850-57518","2850-57698","Make Believe","Speedwell est",3455.712605,4,0,0,2022
"2850-57518","2850-57753","Make Believe","McCauley est",4554.003987,4,0,0,2022
"2850-57518","2850-57640","Make Believe","McCauley est",4554.003987,6,0,0,2022
"2850-57518","2850-57645","Make Believe","Struthers main",3336.249381,4,0,0,2022
"2850-57518","2850-57551","Make Believe","Struthers main",3336.249381,10,0,0,2022
"2850-57518","2850-57629","Make Believe","Urban Farm Girlz Sheep Shed",5761.465774,7,0,0,2022
"2850-57518","2850-57608","Make Believe","Urban Farm Girlz Sheep Shed",5761.465774,3,0,0,2022
"2850-57873","2850-57869","Make Believe","Blue Cloud main",3928.765414,6,0,0,2022
"2850-57873","2850-57572","Make Believe","Blue Cloud main",3928.765414,5,0,0,2022
"2850-57873","2850-57612","Make Believe","Blue Cloud main",3928.765414,10,0,0,2022
"2850-57873","2850-57871","Make Believe","Blue Cloud main",3928.765414,6,0,0,2022
"2850-57873","2850-57870","Make Believe","Blue Cloud Middle Shed",3861.779098,1,0,0,2022
"2850-57873","2640-97358","Make Believe","CHR",4912.593342,7,0,0,2022
"2850-57873","2850-57685","Make Believe","Boyer",4212.841149,2,0,0,2022
"2850-57873","2850-57650","Make Believe","CHR",4912.593342,7,0,0,2022
"2850-57873","2850-57667","Make Believe","Cathys est",3337.471654,1,0,0,2022
"2850-57873","2850-57585","Make Believe","CHR",4912.593342,5,0,0,2022
"2850-57873","2850-57735","Make Believe","CHR",4912.593342,5,0,0,2022
"2850-57873","2850-57688","Make Believe","Boyer",4212.841149,5,0,0,2022
"2850-57873","2640-97331","Make Believe","CHR",4912.593342,8,0,0,2022
"2850-57873","2850-57649","Make Believe","CHR",4912.593342,8,0,0,2022
"2850-57873","2850-57736","Make Believe","CHR",4912.593342,5,0,0,2022
"2850-57873","2850-57746","Make Believe","CHR",4912.593342,7,0,0,2022
"2850-57873","2850-57588","Make Believe","CHR",4912.593342,4,0,0,2022
"2850-57873","2850-57571","Make Believe","CHR",4912.593342,4,0,0,2022
"2850-57873","2850-57652","Make Believe","CHR",4912.593342,6,0,0,2022
"2850-57873","2850-57670","Make Believe","CHR",4912.593342,5,0,0,2022
"2850-57873","2850-57654","Make Believe","CHR",4912.593342,4,0,0,2022
"2850-57873","2850-57656","Make Believe","CHR",4912.593342,5,0,0,2022
"2850-57873","2850-57730","Make Believe","CHR",4912.593342,9,0,0,2022
"2850-57873","2850-57568","Make Believe","CHR",4912.593342,7,0,0,2022
"2850-57873","2850-57583","Make Believe","CHR",4912.593342,8,0,0,2022
"2850-57873","2811-38984","Make Believe","CHR",4912.593342,7,0,0,2022
"2850-57873","2850-57846","Make Believe","CHR",4912.593342,6,0,0,2022
"2850-57873","2850-57883","Make Believe","CHR",4912.593342,8,0,0,2022
"2850-57873","2850-57879","Make Believe","CHR",4912.593342,8,0,0,2022
"2850-57873","2870-64909","Make Believe","CHR",4912.593342,4,0,0,2022
"2850-57873","2870-65003","Make Believe","CHR",4912.593342,5,0,0,2022
"2850-57873","2850-57637","Make Believe","Cooks",8134.783478,1,0,0,2022
"2850-57873","2850-57648","Make Believe","CHR",4912.593342,4,0,0,2022
"2850-57873","2850-57575","Make Believe","Cooks",8134.783478,4,0,0,2022
"2850-57873","Cooks-13_UNS","Make Believe","Cooks",8134.783478,4,0,0,2022
"2850-57873","2850-57853","Make Believe","Cooks",8134.783478,10,0,0,2022
"2850-57873","2850-57609","Make Believe","Cooks",8134.783478,5,0,0,2022
"2850-57873","2850-57672","Make Believe","Cooks",8134.783478,4,0,0,2022
"2850-57873","2850-57664","Make Believe","Cooks",8134.783478,3,0,0,2022
"2850-57873","2811-83207","Make Believe","Dome House est",5584.703476,4,0,0,2022
"2850-57873","2850-57663","Make Believe","Cooks",8134.783478,7,0,0,2022
"2850-57873","2850-57700","Make Believe","Cooks",8134.783478,4,0,0,2022
"2850-57873","2850-57661","Make Believe","Karens est",4897.580448,3,0,0,2022
"2850-57873","2850-57692","Make Believe","Martes est",4828.138032,6,0,0,2022
"2850-57873","2850-57753","Make Believe","McCauley est",4554.003987,4,0,0,2022
"2850-57873","2850-57640","Make Believe","McCauley est",4554.003987,6,0,0,2022
"2850-57873","2850-57550","Make Believe","Mary Anns est",3139.663173,3,0,0,2022
"2850-57873","2850-57645","Make Believe","Struthers main",3336.249381,4,0,0,2022
"2850-57873","2850-57698","Make Believe","Speedwell est",3455.712605,4,0,0,2022
"2850-57873","2850-57551","Make Believe","Struthers main",3336.249381,10,0,0,2022
"2850-57873","2850-57608","Make Believe","Urban Farm Girlz Sheep Shed",5761.465774,3,0,0,2022
"2850-57873","2850-57629","Make Believe","Urban Farm Girlz Sheep Shed",5761.465774,7,0,0,2022
"2850-57668","2850-57612","Make Believe","Blue Cloud main",3928.765414,10,0,0,2022
"2850-57668","2850-57572","Make Believe","Blue Cloud main",3928.765414,5,0,0,2022
"2850-57668","2850-57871","Make Believe","Blue Cloud main",3928.765414,6,0,0,2022
"2850-57668","2850-57688","Make Believe","Boyer",4212.841149,5,0,0,2022
"2850-57668","2850-57869","Make Believe","Blue Cloud main",3928.765414,6,0,0,2022
"2850-57668","2850-57685","Make Believe","Boyer",4212.841149,2,0,0,2022
"2850-57668","2850-57667","Make Believe","Cathys est",3337.471654,1,0,0,2022
"2850-57668","2850-57870","Make Believe","Blue Cloud Middle Shed",3861.779098,1,0,0,2022
"2850-57668","2850-57585","Make Believe","CHR",4912.593342,5,0,0,2022
"2850-57668","2850-57588","Make Believe","CHR",4912.593342,4,0,0,2022
"2850-57668","2640-97358","Make Believe","CHR",4912.593342,7,0,0,2022
"2850-57668","2850-57650","Make Believe","CHR",4912.593342,7,0,0,2022
"2850-57668","2640-97331","Make Believe","CHR",4912.593342,8,0,0,2022
"2850-57668","2850-57735","Make Believe","CHR",4912.593342,5,0,0,2022
"2850-57668","2850-57652","Make Believe","CHR",4912.593342,6,0,0,2022
"2850-57668","2850-57571","Make Believe","CHR",4912.593342,4,0,0,2022
"2850-57668","2850-57736","Make Believe","CHR",4912.593342,5,0,0,2022
"2850-57668","2850-57649","Make Believe","CHR",4912.593342,8,0,0,2022
"2850-57668","2850-57746","Make Believe","CHR",4912.593342,7,0,0,2022
"2850-57668","2850-57670","Make Believe","CHR",4912.593342,5,0,0,2022
"2850-57668","2850-57656","Make Believe","CHR",4912.593342,5,0,0,2022
"2850-57668","2850-57879","Make Believe","CHR",4912.593342,8,0,0,2022
"2850-57668","2850-57568","Make Believe","CHR",4912.593342,7,0,0,2022
"2850-57668","2850-57583","Make Believe","CHR",4912.593342,8,0,0,2022
"2850-57668","2850-57730","Make Believe","CHR",4912.593342,9,0,0,2022
"2850-57668","2811-38984","Make Believe","CHR",4912.593342,7,0,0,2022
"2850-57668","2850-57648","Make Believe","CHR",4912.593342,4,0,0,2022
"2850-57668","2850-57846","Make Believe","CHR",4912.593342,6,0,0,2022
"2850-57668","2850-57883","Make Believe","CHR",4912.593342,8,0,0,2022
"2850-57668","2870-65003","Make Believe","CHR",4912.593342,5,0,0,2022
"2850-57668","2850-57654","Make Believe","CHR",4912.593342,4,0,0,2022
"2850-57668","2870-64909","Make Believe","CHR",4912.593342,4,0,0,2022
"2850-57668","2850-57663","Make Believe","Cooks",8134.783478,7,0,0,2022
"2850-57668","2850-57637","Make Believe","Cooks",8134.783478,1,0,0,2022
"2850-57668","2850-57853","Make Believe","Cooks",8134.783478,10,0,0,2022
"2850-57668","2850-57664","Make Believe","Cooks",8134.783478,3,0,0,2022
"2850-57668","2850-57672","Make Believe","Cooks",8134.783478,4,0,0,2022
"2850-57668","2850-57575","Make Believe","Cooks",8134.783478,4,0,0,2022
"2850-57668","2850-57609","Make Believe","Cooks",8134.783478,5,0,0,2022
"2850-57668","Cooks-13_UNS","Make Believe","Cooks",8134.783478,4,0,0,2022
"2850-57668","2850-57700","Make Believe","Cooks",8134.783478,4,0,0,2022
"2850-57668","2811-83207","Make Believe","Dome House est",5584.703476,4,0,0,2022
"2850-57668","2850-57661","Make Believe","Karens est",4897.580448,3,0,0,2022
"2850-57668","2850-57692","Make Believe","Martes est",4828.138032,6,0,0,2022
"2850-57668","2850-57640","Make Believe","McCauley est",4554.003987,6,0,0,2022
"2850-57668","2850-57753","Make Believe","McCauley est",4554.003987,4,0,0,2022
"2850-57668","2850-57550","Make Believe","Mary Anns est",3139.663173,3,0,0,2022
"2850-57668","2850-57608","Make Believe","Urban Farm Girlz Sheep Shed",5761.465774,3,0,0,2022
"2850-57668","2850-57551","Make Believe","Struthers main",3336.249381,10,0,0,2022
"2850-57668","2850-57698","Make Believe","Speedwell est",3455.712605,4,0,0,2022
"2850-57668","2850-57629","Make Believe","Urban Farm Girlz Sheep Shed",5761.465774,7,0,0,2022
"2850-57668","2850-57645","Make Believe","Struthers main",3336.249381,4,0,0,2022
"2850-57680","2850-57869","Make Believe Shed","Blue Cloud main",3968.405502,6,0,0,2022
"2850-57680","2850-57612","Make Believe Shed","Blue Cloud main",3968.405502,10,0,0,2022
"2850-57680","2850-57572","Make Believe Shed","Blue Cloud main",3968.405502,5,0,0,2022
"2850-57680","2850-57667","Make Believe Shed","Cathys est",3351.501,1,0,0,2022
"2850-57680","2850-57871","Make Believe Shed","Blue Cloud main",3968.405502,6,0,0,2022
"2850-57680","2850-57685","Make Believe Shed","Boyer",4236.162737,2,0,0,2022
"2850-57680","2850-57870","Make Believe Shed","Blue Cloud Middle Shed",3901.416272,1,0,0,2022
"2850-57680","2850-57688","Make Believe Shed","Boyer",4236.162737,5,0,0,2022
"2850-57680","2640-97358","Make Believe Shed","CHR",4939.785049,7,0,0,2022
"2850-57680","2850-57585","Make Believe Shed","CHR",4939.785049,5,0,0,2022
"2850-57680","2850-57650","Make Believe Shed","CHR",4939.785049,7,0,0,2022
"2850-57680","2640-97331","Make Believe Shed","CHR",4939.785049,8,0,0,2022
"2850-57680","2850-57735","Make Believe Shed","CHR",4939.785049,5,0,0,2022
"2850-57680","2850-57649","Make Believe Shed","CHR",4939.785049,8,0,0,2022
"2850-57680","2850-57736","Make Believe Shed","CHR",4939.785049,5,0,0,2022
"2850-57680","2850-57571","Make Believe Shed","CHR",4939.785049,4,0,0,2022
"2850-57680","2850-57588","Make Believe Shed","CHR",4939.785049,4,0,0,2022
"2850-57680","2850-57746","Make Believe Shed","CHR",4939.785049,7,0,0,2022
"2850-57680","2850-57652","Make Believe Shed","CHR",4939.785049,6,0,0,2022
"2850-57680","2850-57654","Make Believe Shed","CHR",4939.785049,4,0,0,2022
"2850-57680","2850-57656","Make Believe Shed","CHR",4939.785049,5,0,0,2022
"2850-57680","2850-57670","Make Believe Shed","CHR",4939.785049,5,0,0,2022
"2850-57680","2850-57583","Make Believe Shed","CHR",4939.785049,8,0,0,2022
"2850-57680","2850-57730","Make Believe Shed","CHR",4939.785049,9,0,0,2022
"2850-57680","2850-57568","Make Believe Shed","CHR",4939.785049,7,0,0,2022
"2850-57680","2850-57883","Make Believe Shed","CHR",4939.785049,8,0,0,2022
"2850-57680","2811-38984","Make Believe Shed","CHR",4939.785049,7,0,0,2022
"2850-57680","2850-57879","Make Believe Shed","CHR",4939.785049,8,0,0,2022
"2850-57680","2850-57846","Make Believe Shed","CHR",4939.785049,6,0,0,2022
"2850-57680","2850-57648","Make Believe Shed","CHR",4939.785049,4,0,0,2022
"2850-57680","2870-65003","Make Believe Shed","CHR",4939.785049,5,0,0,2022
"2850-57680","2850-57637","Make Believe Shed","Cooks",8148.946634,1,0,0,2022
"2850-57680","2870-64909","Make Believe Shed","CHR",4939.785049,4,0,0,2022
"2850-57680","2850-57575","Make Believe Shed","Cooks",8148.946634,4,0,0,2022
"2850-57680","2850-57609","Make Believe Shed","Cooks",8148.946634,5,0,0,2022
"2850-57680","Cooks-13_UNS","Make Believe Shed","Cooks",8148.946634,4,0,0,2022
"2850-57680","2850-57672","Make Believe Shed","Cooks",8148.946634,4,0,0,2022
"2850-57680","2850-57664","Make Believe Shed","Cooks",8148.946634,3,0,0,2022
"2850-57680","2850-57853","Make Believe Shed","Cooks",8148.946634,10,0,0,2022
"2850-57680","2850-57700","Make Believe Shed","Cooks",8148.946634,4,0,0,2022
"2850-57680","2850-57576","Make Believe Shed","Make Believe",16.34208163,6,0,0,2022
"2850-57680","2850-57874","Make Believe Shed","Make Believe",16.34208163,2,0,0,2022
"2850-57680","2850-57663","Make Believe Shed","Cooks",8148.946634,7,0,0,2022
"2850-57680","2850-57661","Make Believe Shed","Karens est",4927.528666,3,0,0,2022
"2850-57680","2850-57550","Make Believe Shed","Mary Anns est",3153.762085,3,0,0,2022
"2850-57680","2811-83207","Make Believe Shed","Dome House est",5608.397375,4,0,0,2022
"2850-57680","2640-97596","Make Believe Shed","Make Believe",16.34208163,10,0,0,2022
"2850-57680","2850-57635","Make Believe Shed","Make Believe",16.34208163,8,0,0,2022
"2850-57680","2850-57878","Make Believe Shed","Make Believe",16.34208163,3,0,0,2022
"2850-57680","2850-57698","Make Believe Shed","Speedwell est",3491.628871,4,0,0,2022
"2850-57680","2850-57872","Make Believe Shed","Make Believe",16.34208163,8,0,0,2022
"2850-57680","2850-57640","Make Believe Shed","McCauley est",4593.359968,6,0,0,2022
"2850-57680","2850-57645","Make Believe Shed","Struthers main",3375.261894,4,0,0,2022
"2850-57680","2850-57692","Make Believe Shed","Martes est",4851.185476,6,0,0,2022
"2850-57680","2850-57753","Make Believe Shed","McCauley est",4593.359968,4,0,0,2022
"2850-57680","2850-57608","Make Believe Shed","Urban Farm Girlz Sheep Shed",5785.609859,3,0,0,2022
"2850-57680","2850-57551","Make Believe Shed","Struthers main",3375.261894,10,0,0,2022
"2850-57680","2850-57629","Make Believe Shed","Urban Farm Girlz Sheep Shed",5785.609859,7,0,0,2022
"2850-57750","2850-57870","Make Believe Shed","Blue Cloud Middle Shed",3901.416272,1,0,0,2022
"2850-57750","2850-57869","Make Believe Shed","Blue Cloud main",3968.405502,6,0,0,2022
"2850-57750","2850-57572","Make Believe Shed","Blue Cloud main",3968.405502,5,0,0,2022
"2850-57750","2850-57612","Make Believe Shed","Blue Cloud main",3968.405502,10,0,0,2022
"2850-57750","2850-57685","Make Believe Shed","Boyer",4236.162737,2,0,0,2022
"2850-57750","2850-57585","Make Believe Shed","CHR",4939.785049,5,0,0,2022
"2850-57750","2850-57688","Make Believe Shed","Boyer",4236.162737,5,0,0,2022
"2850-57750","2850-57871","Make Believe Shed","Blue Cloud main",3968.405502,6,0,0,2022
"2850-57750","2850-57667","Make Believe Shed","Cathys est",3351.501,1,0,0,2022
"2850-57750","2850-57650","Make Believe Shed","CHR",4939.785049,7,0,0,2022
"2850-57750","2640-97331","Make Believe Shed","CHR",4939.785049,8,0,0,2022
"2850-57750","2850-57736","Make Believe Shed","CHR",4939.785049,5,0,0,2022
"2850-57750","2640-97358","Make Believe Shed","CHR",4939.785049,7,0,0,2022
"2850-57750","2850-57735","Make Believe Shed","CHR",4939.785049,5,0,0,2022
"2850-57750","2850-57649","Make Believe Shed","CHR",4939.785049,8,0,0,2022
"2850-57750","2850-57571","Make Believe Shed","CHR",4939.785049,4,0,0,2022
"2850-57750","2850-57654","Make Believe Shed","CHR",4939.785049,4,0,0,2022
"2850-57750","2850-57588","Make Believe Shed","CHR",4939.785049,4,0,0,2022
"2850-57750","2850-57652","Make Believe Shed","CHR",4939.785049,6,0,0,2022
"2850-57750","2850-57670","Make Believe Shed","CHR",4939.785049,5,0,0,2022
"2850-57750","2850-57656","Make Believe Shed","CHR",4939.785049,5,0,0,2022
"2850-57750","2850-57746","Make Believe Shed","CHR",4939.785049,7,0,0,2022
"2850-57750","2850-57730","Make Believe Shed","CHR",4939.785049,9,0,0,2022
"2850-57750","2850-57568","Make Believe Shed","CHR",4939.785049,7,0,0,2022
"2850-57750","2850-57583","Make Believe Shed","CHR",4939.785049,8,0,0,2022
"2850-57750","2850-57883","Make Believe Shed","CHR",4939.785049,8,0,0,2022
"2850-57750","2850-57879","Make Believe Shed","CHR",4939.785049,8,0,0,2022
"2850-57750","2811-38984","Make Believe Shed","CHR",4939.785049,7,0,0,2022
"2850-57750","2870-65003","Make Believe Shed","CHR",4939.785049,5,0,0,2022
"2850-57750","2850-57846","Make Believe Shed","CHR",4939.785049,6,0,0,2022
"2850-57750","Cooks-13_UNS","Make Believe Shed","Cooks",8148.946634,4,0,0,2022
"2850-57750","2850-57648","Make Believe Shed","CHR",4939.785049,4,0,0,2022
"2850-57750","2870-64909","Make Believe Shed","CHR",4939.785049,4,0,0,2022
"2850-57750","2850-57637","Make Believe Shed","Cooks",8148.946634,1,0,0,2022
"2850-57750","2850-57575","Make Believe Shed","Cooks",8148.946634,4,0,0,2022
"2850-57750","2850-57609","Make Believe Shed","Cooks",8148.946634,5,0,0,2022
"2850-57750","2850-57672","Make Believe Shed","Cooks",8148.946634,4,0,0,2022
"2850-57750","2850-57664","Make Believe Shed","Cooks",8148.946634,3,0,0,2022
"2850-57750","2850-57853","Make Believe Shed","Cooks",8148.946634,10,0,0,2022
"2850-57750","2850-57661","Make Believe Shed","Karens est",4927.528666,3,0,0,2022
"2850-57750","2811-83207","Make Believe Shed","Dome House est",5608.397375,4,0,0,2022
"2850-57750","2850-57663","Make Believe Shed","Cooks",8148.946634,7,0,0,2022
"2850-57750","2850-57700","Make Believe Shed","Cooks",8148.946634,4,0,0,2022
"2850-57750","2850-57576","Make Believe Shed","Make Believe",16.34208163,6,0,0,2022
"2850-57750","2850-57874","Make Believe Shed","Make Believe",16.34208163,2,0,0,2022
"2850-57750","2850-57878","Make Believe Shed","Make Believe",16.34208163,3,0,0,2022
"2850-57750","2640-97596","Make Believe Shed","Make Believe",16.34208163,10,0,0,2022
"2850-57750","2850-57872","Make Believe Shed","Make Believe",16.34208163,8,0,0,2022
"2850-57750","2850-57753","Make Believe Shed","McCauley est",4593.359968,4,0,0,2022
"2850-57750","2850-57635","Make Believe Shed","Make Believe",16.34208163,8,0,0,2022
"2850-57750","2850-57550","Make Believe Shed","Mary Anns est",3153.762085,3,0,0,2022
"2850-57750","2850-57640","Make Believe Shed","McCauley est",4593.359968,6,0,0,2022
"2850-57750","2850-57692","Make Believe Shed","Martes est",4851.185476,6,0,0,2022
"2850-57750","2850-57608","Make Believe Shed","Urban Farm Girlz Sheep Shed",5785.609859,3,0,0,2022
"2850-57750","2850-57698","Make Believe Shed","Speedwell est",3491.628871,4,0,0,2022
"2850-57750","2850-57551","Make Believe Shed","Struthers main",3375.261894,10,0,0,2022
"2850-57750","2850-57645","Make Believe Shed","Struthers main",3375.261894,4,0,0,2022
"2850-57750","2850-57629","Make Believe Shed","Urban Farm Girlz Sheep Shed",5785.609859,7,0,0,2022
"2350-21085","2850-57572","Make Believe","Blue Cloud main",3928.765414,5,0,0,2022
"2350-21085","2850-57869","Make Believe","Blue Cloud main",3928.765414,6,0,0,2022
"2350-21085","2850-57612","Make Believe","Blue Cloud main",3928.765414,10,0,0,2022
"2350-21085","2850-57871","Make Believe","Blue Cloud main",3928.765414,6,0,0,2022
"2350-21085","2850-57870","Make Believe","Blue Cloud Middle Shed",3861.779098,1,0,0,2022
"2350-21085","2850-57688","Make Believe","Boyer",4212.841149,5,0,0,2022
"2350-21085","2850-57685","Make Believe","Boyer",4212.841149,2,0,0,2022
"2350-21085","2850-57585","Make Believe","CHR",4912.593342,5,0,0,2022
"2350-21085","2850-57650","Make Believe","CHR",4912.593342,7,0,0,2022
"2350-21085","2640-97358","Make Believe","CHR",4912.593342,7,0,0,2022
"2350-21085","2850-57735","Make Believe","CHR",4912.593342,5,0,0,2022
"2350-21085","2850-57588","Make Believe","CHR",4912.593342,4,0,0,2022
"2350-21085","2640-97331","Make Believe","CHR",4912.593342,8,0,0,2022
"2350-21085","2850-57667","Make Believe","Cathys est",3337.471654,1,0,0,2022
"2350-21085","2850-57736","Make Believe","CHR",4912.593342,5,0,0,2022
"2350-21085","2850-57670","Make Believe","CHR",4912.593342,5,0,0,2022
"2350-21085","2850-57649","Make Believe","CHR",4912.593342,8,0,0,2022
"2350-21085","2850-57746","Make Believe","CHR",4912.593342,7,0,0,2022
"2350-21085","2850-57571","Make Believe","CHR",4912.593342,4,0,0,2022
"2350-21085","2850-57652","Make Believe","CHR",4912.593342,6,0,0,2022
"2350-21085","2850-57656","Make Believe","CHR",4912.593342,5,0,0,2022
"2350-21085","2850-57730","Make Believe","CHR",4912.593342,9,0,0,2022
"2350-21085","2850-57846","Make Believe","CHR",4912.593342,6,0,0,2022
"2350-21085","2811-38984","Make Believe","CHR",4912.593342,7,0,0,2022
"2350-21085","2850-57654","Make Believe","CHR",4912.593342,4,0,0,2022
"2350-21085","2850-57583","Make Believe","CHR",4912.593342,8,0,0,2022
"2350-21085","2850-57568","Make Believe","CHR",4912.593342,7,0,0,2022
"2350-21085","2850-57648","Make Believe","CHR",4912.593342,4,0,0,2022
"2350-21085","2850-57883","Make Believe","CHR",4912.593342,8,0,0,2022
"2350-21085","2850-57879","Make Believe","CHR",4912.593342,8,0,0,2022
"2350-21085","2870-64909","Make Believe","CHR",4912.593342,4,0,0,2022
"2350-21085","2870-65003","Make Believe","CHR",4912.593342,5,0,0,2022
"2350-21085","Cooks-13_UNS","Make Believe","Cooks",8134.783478,4,0,0,2022
"2350-21085","2850-57637","Make Believe","Cooks",8134.783478,1,0,0,2022
"2350-21085","2850-57672","Make Believe","Cooks",8134.783478,4,0,0,2022
"2350-21085","2850-57853","Make Believe","Cooks",8134.783478,10,0,0,2022
"2350-21085","2850-57609","Make Believe","Cooks",8134.783478,5,0,0,2022
"2350-21085","2850-57575","Make Believe","Cooks",8134.783478,4,0,0,2022
"2350-21085","2850-57664","Make Believe","Cooks",8134.783478,3,0,0,2022
"2350-21085","2850-57663","Make Believe","Cooks",8134.783478,7,0,0,2022
"2350-21085","2850-57700","Make Believe","Cooks",8134.783478,4,0,0,2022
"2350-21085","2850-57661","Make Believe","Karens est",4897.580448,3,0,0,2022
"2350-21085","2811-83207","Make Believe","Dome House est",5584.703476,4,0,0,2022
"2350-21085","2850-57692","Make Believe","Martes est",4828.138032,6,0,0,2022
"2350-21085","2850-57550","Make Believe","Mary Anns est",3139.663173,3,0,0,2022
"2350-21085","2850-57640","Make Believe","McCauley est",4554.003987,6,0,0,2022
"2350-21085","2850-57753","Make Believe","McCauley est",4554.003987,4,0,0,2022
"2350-21085","2850-57698","Make Believe","Speedwell est",3455.712605,4,0,0,2022
"2350-21085","2850-57551","Make Believe","Struthers main",3336.249381,10,0,0,2022
"2350-21085","2850-57645","Make Believe","Struthers main",3336.249381,4,0,0,2022
"2350-21085","2850-57608","Make Believe","Urban Farm Girlz Sheep Shed",5761.465774,3,0,0,2022
"2350-21085","2850-57629","Make Believe","Urban Farm Girlz Sheep Shed",5761.465774,7,0,0,2022
"2850-57691","2850-57871","Martes est","Blue Cloud main",4851.236295,6,0,0,2022
"2850-57691","2850-57572","Martes est","Blue Cloud main",4851.236295,5,0,0,2022
"2850-57691","2850-57869","Martes est","Blue Cloud main",4851.236295,6,0,0,2022
"2850-57691","2850-57612","Martes est","Blue Cloud main",4851.236295,10,0,0,2022
"2850-57691","2850-57870","Martes est","Blue Cloud Middle Shed",4822.171759,1,0,0,2022
"2850-57691","2850-57685","Martes est","Boyer",598.0563279,2,0,0,2022
"2850-57691","2850-57650","Martes est","CHR",8462.904111,7,0,0,2022
"2850-57691","2850-57688","Martes est","Boyer",598.0563279,5,0,0,2022
"2850-57691","2850-57585","Martes est","CHR",8462.904111,5,0,0,2022
"2850-57691","2850-57667","Martes est","Cathys est",1805.528327,1,0,0,2022
"2850-57691","2640-97331","Martes est","CHR",8462.904111,8,0,0,2022
"2850-57691","2850-57649","Martes est","CHR",8462.904111,8,0,0,2022
"2850-57691","2640-97358","Martes est","CHR",8462.904111,7,0,0,2022
"2850-57691","2850-57736","Martes est","CHR",8462.904111,5,0,0,2022
"2850-57691","2850-57588","Martes est","CHR",8462.904111,4,0,0,2022
"2850-57691","2850-57670","Martes est","CHR",8462.904111,5,0,0,2022
"2850-57691","2850-57571","Martes est","CHR",8462.904111,4,0,0,2022
"2850-57691","2850-57735","Martes est","CHR",8462.904111,5,0,0,2022
"2850-57691","2850-57652","Martes est","CHR",8462.904111,6,0,0,2022
"2850-57691","2850-57654","Martes est","CHR",8462.904111,4,0,0,2022
"2850-57691","2850-57746","Martes est","CHR",8462.904111,7,0,0,2022
"2850-57691","2850-57730","Martes est","CHR",8462.904111,9,0,0,2022
"2850-57691","2850-57656","Martes est","CHR",8462.904111,5,0,0,2022
"2850-57691","2850-57583","Martes est","CHR",8462.904111,8,0,0,2022
"2850-57691","2850-57568","Martes est","CHR",8462.904111,7,0,0,2022
"2850-57691","2850-57883","Martes est","CHR",8462.904111,8,0,0,2022
"2850-57691","2811-38984","Martes est","CHR",8462.904111,7,0,0,2022
"2850-57691","2850-57879","Martes est","CHR",8462.904111,8,0,0,2022
"2850-57691","2850-57846","Martes est","CHR",8462.904111,6,0,0,2022
"2850-57691","2870-65003","Martes est","CHR",8462.904111,5,0,0,2022
"2850-57691","2870-64909","Martes est","CHR",8462.904111,4,0,0,2022
"2850-57691","2850-57648","Martes est","CHR",8462.904111,4,0,0,2022
"2850-57691","2850-57609","Martes est","Cooks",12332.58471,5,0,0,2022
"2850-57691","2850-57637","Martes est","Cooks",12332.58471,1,0,0,2022
"2850-57691","2850-57575","Martes est","Cooks",12332.58471,4,0,0,2022
"2850-57691","Cooks-13_UNS","Martes est","Cooks",12332.58471,4,0,0,2022
"2850-57691","2850-57853","Martes est","Cooks",12332.58471,10,0,0,2022
"2850-57691","2850-57672","Martes est","Cooks",12332.58471,4,0,0,2022
"2850-57691","2850-57664","Martes est","Cooks",12332.58471,3,0,0,2022
"2850-57691","2850-57874","Martes est","Make Believe",4828.138032,2,0,0,2022
"2850-57691","2850-57878","Martes est","Make Believe",4828.138032,3,0,0,2022
"2850-57691","2850-57661","Martes est","Karens est",8198.82252,3,0,0,2022
"2850-57691","2850-57700","Martes est","Cooks",12332.58471,4,0,0,2022
"2850-57691","2850-57663","Martes est","Cooks",12332.58471,7,0,0,2022
"2850-57691","2850-57576","Martes est","Make Believe",4828.138032,6,0,0,2022
"2850-57691","2811-83207","Martes est","Dome House est",754.3921767,4,0,0,2022
"2850-57691","2850-57635","Martes est","Make Believe",4828.138032,8,0,0,2022
"2850-57691","2640-97596","Martes est","Make Believe",4828.138032,10,0,0,2022
"2850-57691","2850-57872","Martes est","Make Believe",4828.138032,8,0,0,2022
"2850-57691","2850-57645","Martes est","Struthers main",3595.080553,4,0,0,2022
"2850-57691","2850-57640","Martes est","McCauley est",6218.074601,6,0,0,2022
"2850-57691","2850-57753","Martes est","McCauley est",6218.074601,4,0,0,2022
"2850-57691","2850-57550","Martes est","Mary Anns est",1963.432945,3,0,0,2022
"2850-57691","2850-57698","Martes est","Speedwell est",2538.549595,4,0,0,2022
"2850-57691","2850-57551","Martes est","Struthers main",3595.080553,10,0,0,2022
"2850-57691","2850-57608","Martes est","Urban Farm Girlz Sheep Shed",942.164708,3,0,0,2022
"2850-57691","2850-57629","Martes est","Urban Farm Girlz Sheep Shed",942.164708,7,0,0,2022
"2870-64916","2850-57572","Mary Anns est","Blue Cloud main",4649.013242,5,0,0,2022
"2870-64916","2850-57612","Mary Anns est","Blue Cloud main",4649.013242,10,0,0,2022
"2870-64916","2850-57869","Mary Anns est","Blue Cloud main",4649.013242,6,0,0,2022
"2870-64916","2850-57688","Mary Anns est","Boyer",1447.564134,5,0,0,2022
"2870-64916","2850-57871","Mary Anns est","Blue Cloud main",4649.013242,6,0,0,2022
"2870-64916","2850-57870","Mary Anns est","Blue Cloud Middle Shed",4597.928418,1,0,0,2022
"2870-64916","2850-57667","Mary Anns est","Cathys est",185.3781345,1,0,0,2022
"2870-64916","2850-57685","Mary Anns est","Boyer",1447.564134,2,0,0,2022
"2870-64916","2850-57585","Mary Anns est","CHR",7493.669043,5,0,0,2022
"2870-64916","2850-57650","Mary Anns est","CHR",7493.669043,7,0,0,2022
"2870-64916","2640-97331","Mary Anns est","CHR",7493.669043,8,0,0,2022
"2870-64916","2640-97358","Mary Anns est","CHR",7493.669043,7,0,0,2022
"2870-64916","2850-57735","Mary Anns est","CHR",7493.669043,5,0,0,2022
"2870-64916","2850-57736","Mary Anns est","CHR",7493.669043,5,0,0,2022
"2870-64916","2850-57652","Mary Anns est","CHR",7493.669043,6,0,0,2022
"2870-64916","2850-57649","Mary Anns est","CHR",7493.669043,8,0,0,2022
"2870-64916","2850-57746","Mary Anns est","CHR",7493.669043,7,0,0,2022
"2870-64916","2850-57670","Mary Anns est","CHR",7493.669043,5,0,0,2022
"2870-64916","2850-57588","Mary Anns est","CHR",7493.669043,4,0,0,2022
"2870-64916","2850-57571","Mary Anns est","CHR",7493.669043,4,0,0,2022
"2870-64916","2850-57568","Mary Anns est","CHR",7493.669043,7,0,0,2022
"2870-64916","2850-57654","Mary Anns est","CHR",7493.669043,4,0,0,2022
"2870-64916","2850-57656","Mary Anns est","CHR",7493.669043,5,0,0,2022
"2870-64916","2850-57583","Mary Anns est","CHR",7493.669043,8,0,0,2022
"2870-64916","2850-57730","Mary Anns est","CHR",7493.669043,9,0,0,2022
"2870-64916","2850-57883","Mary Anns est","CHR",7493.669043,8,0,0,2022
"2870-64916","2811-38984","Mary Anns est","CHR",7493.669043,7,0,0,2022
"2870-64916","2850-57575","Mary Anns est","Cooks",11115.95446,4,0,0,2022
"2870-64916","2850-57879","Mary Anns est","CHR",7493.669043,8,0,0,2022
"2870-64916","2850-57648","Mary Anns est","CHR",7493.669043,4,0,0,2022
"2870-64916","2850-57637","Mary Anns est","Cooks",11115.95446,1,0,0,2022
"2870-64916","2850-57846","Mary Anns est","CHR",7493.669043,6,0,0,2022
"2870-64916","2870-65003","Mary Anns est","CHR",7493.669043,5,0,0,2022
"2870-64916","2870-64909","Mary Anns est","CHR",7493.669043,4,0,0,2022
"2870-64916","2850-57609","Mary Anns est","Cooks",11115.95446,5,0,0,2022
"2870-64916","Cooks-13_UNS","Mary Anns est","Cooks",11115.95446,4,0,0,2022
"2870-64916","2850-57672","Mary Anns est","Cooks",11115.95446,4,0,0,2022
"2870-64916","2850-57853","Mary Anns est","Cooks",11115.95446,10,0,0,2022
"2870-64916","2850-57664","Mary Anns est","Cooks",11115.95446,3,0,0,2022
"2870-64916","2850-57576","Mary Anns est","Make Believe",3139.663173,6,0,0,2022
"2870-64916","2850-57663","Mary Anns est","Cooks",11115.95446,7,0,0,2022
"2870-64916","2850-57700","Mary Anns est","Cooks",11115.95446,4,0,0,2022
"2870-64916","2811-83207","Mary Anns est","Dome House est",2706.870892,4,0,0,2022
"2870-64916","2850-57661","Mary Anns est","Karens est",7326.512234,3,0,0,2022
"2870-64916","2850-57874","Mary Anns est","Make Believe",3139.663173,2,0,0,2022
"2870-64916","2850-57878","Mary Anns est","Make Believe",3139.663173,3,0,0,2022
"2870-64916","2850-57635","Mary Anns est","Make Believe",3139.663173,8,0,0,2022
"2870-64916","2850-57872","Mary Anns est","Make Believe",3139.663173,8,0,0,2022
"2870-64916","2640-97596","Mary Anns est","Make Believe",3139.663173,10,0,0,2022
"2870-64916","2850-57692","Mary Anns est","Martes est",1963.432945,6,0,0,2022
"2870-64916","2850-57608","Mary Anns est","Urban Farm Girlz Sheep Shed",2900.906662,3,0,0,2022
"2870-64916","2850-57753","Mary Anns est","McCauley est",5883.260673,4,0,0,2022
"2870-64916","2850-57551","Mary Anns est","Struthers main",3395.167737,10,0,0,2022
"2870-64916","2850-57645","Mary Anns est","Struthers main",3395.167737,4,0,0,2022
"2870-64916","2850-57698","Mary Anns est","Speedwell est",2560.057398,4,0,0,2022
"2870-64916","2850-57640","Mary Anns est","McCauley est",5883.260673,6,0,0,2022
"2870-64916","2850-57629","Mary Anns est","Urban Farm Girlz Sheep Shed",2900.906662,7,0,0,2022
"2850-57639","2850-57612","McCauley est","Blue Cloud main",1356.267398,10,0,0,2022
"2850-57639","2850-57572","McCauley est","Blue Cloud main",1356.267398,5,0,0,2022
"2850-57639","2850-57869","McCauley est","Blue Cloud main",1356.267398,6,0,0,2022
"2850-57639","2850-57870","McCauley est","Blue Cloud Middle Shed",1392.756566,1,0,0,2022
"2850-57639","2850-57688","McCauley est","Boyer",5785.507539,5,0,0,2022
"2850-57639","2850-57871","McCauley est","Blue Cloud main",1356.267398,6,0,0,2022
"2850-57639","2850-57685","McCauley est","Boyer",5785.507539,2,0,0,2022
"2850-57639","2850-57585","McCauley est","CHR",3047.854589,5,0,0,2022
"2850-57639","2850-57650","McCauley est","CHR",3047.854589,7,0,0,2022
"2850-57639","2850-57667","McCauley est","Cathys est",6007.252054,1,0,0,2022
"2850-57639","2640-97358","McCauley est","CHR",3047.854589,7,0,0,2022
"2850-57639","2850-57588","McCauley est","CHR",3047.854589,4,0,0,2022
"2850-57639","2850-57735","McCauley est","CHR",3047.854589,5,0,0,2022
"2850-57639","2850-57571","McCauley est","CHR",3047.854589,4,0,0,2022
"2850-57639","2640-97331","McCauley est","CHR",3047.854589,8,0,0,2022
"2850-57639","2850-57656","McCauley est","CHR",3047.854589,5,0,0,2022
"2850-57639","2850-57736","McCauley est","CHR",3047.854589,5,0,0,2022
"2850-57639","2850-57649","McCauley est","CHR",3047.854589,8,0,0,2022
"2850-57639","2850-57670","McCauley est","CHR",3047.854589,5,0,0,2022
"2850-57639","2850-57730","McCauley est","CHR",3047.854589,9,0,0,2022
"2850-57639","2850-57652","McCauley est","CHR",3047.854589,6,0,0,2022
"2850-57639","2850-57568","McCauley est","CHR",3047.854589,7,0,0,2022
"2850-57639","2850-57746","McCauley est","CHR",3047.854589,7,0,0,2022
"2850-57639","2850-57654","McCauley est","CHR",3047.854589,4,0,0,2022
"2850-57639","2850-57883","McCauley est","CHR",3047.854589,8,0,0,2022
"2850-57639","2850-57583","McCauley est","CHR",3047.854589,8,0,0,2022
"2850-57639","2811-38984","McCauley est","CHR",3047.854589,7,0,0,2022
"2850-57639","2870-64909","McCauley est","CHR",3047.854589,4,0,0,2022
"2850-57639","2850-57879","McCauley est","CHR",3047.854589,8,0,0,2022
"2850-57639","2850-57846","McCauley est","CHR",3047.854589,6,0,0,2022
"2850-57639","2870-65003","McCauley est","CHR",3047.854589,5,0,0,2022
"2850-57639","2850-57648","McCauley est","CHR",3047.854589,4,0,0,2022
"2850-57639","Cooks-13_UNS","McCauley est","Cooks",7022.837808,4,0,0,2022
"2850-57639","2850-57637","McCauley est","Cooks",7022.837808,1,0,0,2022
"2850-57639","2850-57575","McCauley est","Cooks",7022.837808,4,0,0,2022
"2850-57639","2850-57609","McCauley est","Cooks",7022.837808,5,0,0,2022
"2850-57639","2850-57663","McCauley est","Cooks",7022.837808,7,0,0,2022
"2850-57639","2850-57661","McCauley est","Karens est",2592.894837,3,0,0,2022
"2850-57639","2850-57664","McCauley est","Cooks",7022.837808,3,0,0,2022
"2850-57639","2811-83207","McCauley est","Dome House est",6681.052678,4,0,0,2022
"2850-57639","2850-57672","McCauley est","Cooks",7022.837808,4,0,0,2022
"2850-57639","2850-57874","McCauley est","Make Believe",4554.003987,2,0,0,2022
"2850-57639","2850-57700","McCauley est","Cooks",7022.837808,4,0,0,2022
"2850-57639","2850-57853","McCauley est","Cooks",7022.837808,10,0,0,2022
"2850-57639","2850-57878","McCauley est","Make Believe",4554.003987,3,0,0,2022
"2850-57639","2850-57576","McCauley est","Make Believe",4554.003987,6,0,0,2022
"2850-57639","2850-57692","McCauley est","Martes est",6218.074601,6,0,0,2022
"2850-57639","2850-57635","McCauley est","Make Believe",4554.003987,8,0,0,2022
"2850-57639","2850-57872","McCauley est","Make Believe",4554.003987,8,0,0,2022
"2850-57639","2850-57551","McCauley est","Struthers main",2624.106317,10,0,0,2022
"2850-57639","2640-97596","McCauley est","Make Believe",4554.003987,10,0,0,2022
"2850-57639","2850-57550","McCauley est","Mary Anns est",5883.260673,3,0,0,2022
"2850-57639","2850-57698","McCauley est","Speedwell est",3681.811911,4,0,0,2022
"2850-57639","2850-57645","McCauley est","Struthers main",2624.106317,4,0,0,2022
"2850-57639","2850-57608","McCauley est","Urban Farm Girlz Sheep Shed",6755.369969,3,0,0,2022
"2850-57639","2850-57629","McCauley est","Urban Farm Girlz Sheep Shed",6755.369969,7,0,0,2022
"2850-57752","2850-57869","McCauley est","Blue Cloud main",1356.267398,6,0,0,2022
"2850-57752","2850-57612","McCauley est","Blue Cloud main",1356.267398,10,0,0,2022
"2850-57752","2850-57688","McCauley est","Boyer",5785.507539,5,0,0,2022
"2850-57752","2850-57572","McCauley est","Blue Cloud main",1356.267398,5,0,0,2022
"2850-57752","2850-57870","McCauley est","Blue Cloud Middle Shed",1392.756566,1,0,0,2022
"2850-57752","2850-57685","McCauley est","Boyer",5785.507539,2,0,0,2022
"2850-57752","2850-57588","McCauley est","CHR",3047.854589,4,0,0,2022
"2850-57752","2850-57871","McCauley est","Blue Cloud main",1356.267398,6,0,0,2022
"2850-57752","2850-57667","McCauley est","Cathys est",6007.252054,1,0,0,2022
"2850-57752","2850-57585","McCauley est","CHR",3047.854589,5,0,0,2022
"2850-57752","2850-57650","McCauley est","CHR",3047.854589,7,0,0,2022
"2850-57752","2640-97358","McCauley est","CHR",3047.854589,7,0,0,2022
"2850-57752","2850-57649","McCauley est","CHR",3047.854589,8,0,0,2022
"2850-57752","2850-57736","McCauley est","CHR",3047.854589,5,0,0,2022
"2850-57752","2850-57735","McCauley est","CHR",3047.854589,5,0,0,2022
"2850-57752","2640-97331","McCauley est","CHR",3047.854589,8,0,0,2022
"2850-57752","2850-57571","McCauley est","CHR",3047.854589,4,0,0,2022
"2850-57752","2850-57652","McCauley est","CHR",3047.854589,6,0,0,2022
"2850-57752","2850-57670","McCauley est","CHR",3047.854589,5,0,0,2022
"2850-57752","2850-57746","McCauley est","CHR",3047.854589,7,0,0,2022
"2850-57752","2850-57654","McCauley est","CHR",3047.854589,4,0,0,2022
"2850-57752","2850-57656","McCauley est","CHR",3047.854589,5,0,0,2022
"2850-57752","2850-57583","McCauley est","CHR",3047.854589,8,0,0,2022
"2850-57752","2850-57568","McCauley est","CHR",3047.854589,7,0,0,2022
"2850-57752","2811-38984","McCauley est","CHR",3047.854589,7,0,0,2022
"2850-57752","2850-57730","McCauley est","CHR",3047.854589,9,0,0,2022
"2850-57752","2850-57879","McCauley est","CHR",3047.854589,8,0,0,2022
"2850-57752","2850-57883","McCauley est","CHR",3047.854589,8,0,0,2022
"2850-57752","2850-57846","McCauley est","CHR",3047.854589,6,0,0,2022
"2850-57752","2870-65003","McCauley est","CHR",3047.854589,5,0,0,2022
"2850-57752","2850-57648","McCauley est","CHR",3047.854589,4,0,0,2022
"2850-57752","2850-57575","McCauley est","Cooks",7022.837808,4,0,0,2022
"2850-57752","2850-57663","McCauley est","Cooks",7022.837808,7,0,0,2022
"2850-57752","2870-64909","McCauley est","CHR",3047.854589,4,0,0,2022
"2850-57752","2850-57637","McCauley est","Cooks",7022.837808,1,0,0,2022
"2850-57752","2850-57664","McCauley est","Cooks",7022.837808,3,0,0,2022
"2850-57752","Cooks-13_UNS","McCauley est","Cooks",7022.837808,4,0,0,2022
"2850-57752","2850-57609","McCauley est","Cooks",7022.837808,5,0,0,2022
"2850-57752","2850-57853","McCauley est","Cooks",7022.837808,10,0,0,2022
"2850-57752","2850-57672","McCauley est","Cooks",7022.837808,4,0,0,2022
"2850-57752","2811-83207","McCauley est","Dome House est",6681.052678,4,0,0,2022
"2850-57752","2850-57700","McCauley est","Cooks",7022.837808,4,0,0,2022
"2850-57752","2850-57661","McCauley est","Karens est",2592.894837,3,0,0,2022
"2850-57752","2850-57874","McCauley est","Make Believe",4554.003987,2,0,0,2022
"2850-57752","2850-57576","McCauley est","Make Believe",4554.003987,6,0,0,2022
"2850-57752","2850-57878","McCauley est","Make Believe",4554.003987,3,0,0,2022
"2850-57752","2850-57635","McCauley est","Make Believe",4554.003987,8,0,0,2022
"2850-57752","2850-57872","McCauley est","Make Believe",4554.003987,8,0,0,2022
"2850-57752","2850-57692","McCauley est","Martes est",6218.074601,6,0,0,2022
"2850-57752","2850-57550","McCauley est","Mary Anns est",5883.260673,3,0,0,2022
"2850-57752","2640-97596","McCauley est","Make Believe",4554.003987,10,0,0,2022
"2850-57752","2850-57645","McCauley est","Struthers main",2624.106317,4,0,0,2022
"2850-57752","2850-57608","McCauley est","Urban Farm Girlz Sheep Shed",6755.369969,3,0,0,2022
"2850-57752","2850-57698","McCauley est","Speedwell est",3681.811911,4,0,0,2022
"2850-57752","2850-57551","McCauley est","Struthers main",2624.106317,10,0,0,2022
"2850-57752","2850-57629","McCauley est","Urban Farm Girlz Sheep Shed",6755.369969,7,0,0,2022
"2811-39093","2850-57871","Schaaps","Blue Cloud main",6302.735018,6,0,0,2022
"2811-39093","2850-57612","Schaaps","Blue Cloud main",6302.735018,10,0,0,2022
"2811-39093","2850-57688","Schaaps","Boyer",5585.679033,5,0,0,2022
"2811-39093","2850-57869","Schaaps","Blue Cloud main",6302.735018,6,0,0,2022
"2811-39093","2850-57572","Schaaps","Blue Cloud main",6302.735018,5,0,0,2022
"2811-39093","2850-57870","Schaaps","Blue Cloud Middle Shed",6335.802989,1,0,0,2022
"2811-39093","2850-57685","Schaaps","Boyer",5585.679033,2,0,0,2022
"2811-39093","2640-97331","Schaaps","CHR",10327.46931,8,0,0,2022
"2811-39093","2850-57667","Schaaps","Cathys est",6915.132474,1,0,0,2022
"2811-39093","2850-57588","Schaaps","CHR",10327.46931,4,0,0,2022
"2811-39093","2640-97358","Schaaps","CHR",10327.46931,7,0,0,2022
"2811-39093","2850-57650","Schaaps","CHR",10327.46931,7,0,0,2022
"2811-39093","2850-57585","Schaaps","CHR",10327.46931,5,0,0,2022
"2811-39093","2850-57736","Schaaps","CHR",10327.46931,5,0,0,2022
"2811-39093","2850-57649","Schaaps","CHR",10327.46931,8,0,0,2022
"2811-39093","2850-57571","Schaaps","CHR",10327.46931,4,0,0,2022
"2811-39093","2850-57735","Schaaps","CHR",10327.46931,5,0,0,2022
"2811-39093","2850-57656","Schaaps","CHR",10327.46931,5,0,0,2022
"2811-39093","2850-57652","Schaaps","CHR",10327.46931,6,0,0,2022
"2811-39093","2850-57746","Schaaps","CHR",10327.46931,7,0,0,2022
"2811-39093","2850-57670","Schaaps","CHR",10327.46931,5,0,0,2022
"2811-39093","2850-57654","Schaaps","CHR",10327.46931,4,0,0,2022
"2811-39093","2850-57583","Schaaps","CHR",10327.46931,8,0,0,2022
"2811-39093","2850-57883","Schaaps","CHR",10327.46931,8,0,0,2022
"2811-39093","2850-57730","Schaaps","CHR",10327.46931,9,0,0,2022
"2811-39093","2850-57568","Schaaps","CHR",10327.46931,7,0,0,2022
"2811-39093","2850-57879","Schaaps","CHR",10327.46931,8,0,0,2022
"2811-39093","2811-38984","Schaaps","CHR",10327.46931,7,0,0,2022
"2811-39093","2850-57846","Schaaps","CHR",10327.46931,6,0,0,2022
"2811-39093","2850-57609","Schaaps","Cooks",14316.31219,5,0,0,2022
"2811-39093","2850-57648","Schaaps","CHR",10327.46931,4,0,0,2022
"2811-39093","2870-65003","Schaaps","CHR",10327.46931,5,0,0,2022
"2811-39093","2870-64909","Schaaps","CHR",10327.46931,4,0,0,2022
"2811-39093","Cooks-13_UNS","Schaaps","Cooks",14316.31219,4,0,0,2022
"2811-39093","2850-57575","Schaaps","Cooks",14316.31219,4,0,0,2022
"2811-39093","2850-57637","Schaaps","Cooks",14316.31219,1,0,0,2022
"2811-39093","2850-57672","Schaaps","Cooks",14316.31219,4,0,0,2022
"2811-39093","2850-57664","Schaaps","Cooks",14316.31219,3,0,0,2022
"2811-39093","2850-57663","Schaaps","Cooks",14316.31219,7,0,0,2022
"2811-39093","2850-57853","Schaaps","Cooks",14316.31219,10,0,0,2022
"2811-39093","2850-57700","Schaaps","Cooks",14316.31219,4,0,0,2022
"2811-39093","2811-83207","Schaaps","Dome House est",4748.689964,4,0,0,2022
"2811-39093","2850-57874","Schaaps","Make Believe",8944.936855,2,0,0,2022
"2811-39093","2850-57878","Schaaps","Make Believe",8944.936855,3,0,0,2022
"2811-39093","2850-57661","Schaaps","Karens est",9885.553335,3,0,0,2022
"2811-39093","2850-57872","Schaaps","Make Believe",8944.936855,8,0,0,2022
"2811-39093","2850-57635","Schaaps","Make Believe",8944.936855,8,0,0,2022
"2811-39093","2640-97596","Schaaps","Make Believe",8944.936855,10,0,0,2022
"2811-39093","2850-57576","Schaaps","Make Believe",8944.936855,6,0,0,2022
"2811-39093","2850-57692","Schaaps","Martes est",5245.804396,6,0,0,2022
"2811-39093","2850-57550","Schaaps","Mary Anns est",7017.188766,3,0,0,2022
"2811-39093","2850-57753","Schaaps","McCauley est",7275.84501,4,0,0,2022
"2811-39093","2850-57645","Schaaps","Struthers main",5896.626973,4,0,0,2022
"2811-39093","2850-57640","Schaaps","McCauley est",7275.84501,6,0,0,2022
"2811-39093","2850-57551","Schaaps","Struthers main",5896.626973,10,0,0,2022
"2811-39093","2850-57608","Schaaps","Urban Farm Girlz Sheep Shed",4582.444628,3,0,0,2022
"2811-39093","2850-57698","Schaaps","Speedwell est",5484.753839,4,0,0,2022
"2811-39093","2850-57629","Schaaps","Urban Farm Girlz Sheep Shed",4582.444628,7,0,0,2022
"2850-57560","2850-57612","Grizz est","Blue Cloud main",5800.507097,10,0,0,2022
"2850-57560","2850-57869","Grizz est","Blue Cloud main",5800.507097,6,0,0,2022
"2850-57560","2850-57572","Grizz est","Blue Cloud main",5800.507097,5,0,0,2022
"2850-57560","2850-57871","Grizz est","Blue Cloud main",5800.507097,6,0,0,2022
"2850-57560","2640-97331","Grizz est","CHR",9043.332152,8,0,0,2022
"2850-57560","2850-57685","Grizz est","Boyer",7507.429375,2,0,0,2022
"2850-57560","2850-57870","Grizz est","Blue Cloud Middle Shed",5861.833044,1,0,0,2022
"2850-57560","2850-57585","Grizz est","CHR",9043.332152,5,0,0,2022
"2850-57560","2850-57650","Grizz est","CHR",9043.332152,7,0,0,2022
"2850-57560","2850-57688","Grizz est","Boyer",7507.429375,5,0,0,2022
"2850-57560","2850-57736","Grizz est","CHR",9043.332152,5,0,0,2022
"2850-57560","2640-97358","Grizz est","CHR",9043.332152,7,0,0,2022
"2850-57560","2850-57649","Grizz est","CHR",9043.332152,8,0,0,2022
"2850-57560","2850-57735","Grizz est","CHR",9043.332152,5,0,0,2022
"2850-57560","2850-57667","Grizz est","Cathys est",8653.598166,1,0,0,2022
"2850-57560","2850-57746","Grizz est","CHR",9043.332152,7,0,0,2022
"2850-57560","2850-57588","Grizz est","CHR",9043.332152,4,0,0,2022
"2850-57560","2850-57571","Grizz est","CHR",9043.332152,4,0,0,2022
"2850-57560","2850-57656","Grizz est","CHR",9043.332152,5,0,0,2022
"2850-57560","2850-57652","Grizz est","CHR",9043.332152,6,0,0,2022
"2850-57560","2811-38984","Grizz est","CHR",9043.332152,7,0,0,2022
"2850-57560","2850-57654","Grizz est","CHR",9043.332152,4,0,0,2022
"2850-57560","2850-57670","Grizz est","CHR",9043.332152,5,0,0,2022
"2850-57560","2850-57730","Grizz est","CHR",9043.332152,9,0,0,2022
"2850-57560","2850-57568","Grizz est","CHR",9043.332152,7,0,0,2022
"2850-57560","2850-57583","Grizz est","CHR",9043.332152,8,0,0,2022
"2850-57560","2850-57846","Grizz est","CHR",9043.332152,6,0,0,2022
"2850-57560","2850-57879","Grizz est","CHR",9043.332152,8,0,0,2022
"2850-57560","2850-57648","Grizz est","CHR",9043.332152,4,0,0,2022
"2850-57560","2850-57883","Grizz est","CHR",9043.332152,8,0,0,2022
"2850-57560","2870-65003","Grizz est","CHR",9043.332152,5,0,0,2022
"2850-57560","Cooks-13_UNS","Grizz est","Cooks",12698.415,4,0,0,2022
"2850-57560","2870-64909","Grizz est","CHR",9043.332152,4,0,0,2022
"2850-57560","2850-57672","Grizz est","Cooks",12698.415,4,0,0,2022
"2850-57560","2850-57575","Grizz est","Cooks",12698.415,4,0,0,2022
"2850-57560","2850-57637","Grizz est","Cooks",12698.415,1,0,0,2022
"2850-57560","2850-57609","Grizz est","Cooks",12698.415,5,0,0,2022
"2850-57560","2850-57663","Grizz est","Cooks",12698.415,7,0,0,2022
"2850-57560","2850-57700","Grizz est","Cooks",12698.415,4,0,0,2022
"2850-57560","2850-57853","Grizz est","Cooks",12698.415,10,0,0,2022
"2850-57560","2850-57664","Grizz est","Cooks",12698.415,3,0,0,2022
"2850-57560","2850-57878","Grizz est","Make Believe",9492.861087,3,0,0,2022
"2850-57560","2850-57874","Grizz est","Make Believe",9492.861087,2,0,0,2022
"2850-57560","2811-83207","Grizz est","Dome House est",7223.958438,4,0,0,2022
"2850-57560","2850-57661","Grizz est","Karens est",8552.232388,3,0,0,2022
"2850-57560","2850-57576","Grizz est","Make Believe",9492.861087,6,0,0,2022
"2850-57560","2850-57635","Grizz est","Make Believe",9492.861087,8,0,0,2022
"2850-57560","2850-57872","Grizz est","Make Believe",9492.861087,8,0,0,2022
"2850-57560","2850-57550","Grizz est","Mary Anns est",8680.242731,3,0,0,2022
"2850-57560","2850-57640","Grizz est","McCauley est",6124.898915,6,0,0,2022
"2850-57560","2850-57753","Grizz est","McCauley est",6124.898915,4,0,0,2022
"2850-57560","2850-57692","Grizz est","Martes est",7425.779049,6,0,0,2022
"2850-57560","2640-97596","Grizz est","Make Believe",9492.861087,10,0,0,2022
"2850-57560","2850-57551","Grizz est","Struthers main",6153.837017,10,0,0,2022
"2850-57560","2850-57698","Grizz est","Speedwell est",6358.273376,4,0,0,2022
"2850-57560","2850-57608","Grizz est","Urban Farm Girlz Sheep Shed",7121.089275,3,0,0,2022
"2850-57560","2850-57645","Grizz est","Struthers main",6153.837017,4,0,0,2022
"2850-57560","2850-57629","Grizz est","Urban Farm Girlz Sheep Shed",7121.089275,7,0,0,2022
"2850-57587","2850-57870","CHR","Blue Cloud Middle Shed",4095.447993,1,0,0,2022
"2850-57587","2850-57869","CHR","Blue Cloud main",4098.901931,6,0,0,2022
"2850-57587","2850-57871","CHR","Blue Cloud main",4098.901931,6,0,0,2022
"2850-57587","2850-57612","CHR","Blue Cloud main",4098.901931,10,0,0,2022
"2850-57587","2850-57572","CHR","Blue Cloud main",4098.901931,5,0,0,2022
"2850-57587","2850-57685","CHR","Boyer",7918.345849,2,0,0,2022
"2850-57587","2850-57688","CHR","Boyer",7918.345849,5,0,0,2022
"2850-57587","2850-57667","CHR","Cathys est",7669.293552,1,0,0,2022
"2850-57587","2850-57637","CHR","Cooks",3998.148258,1,0,0,2022
"2850-57587","2850-57609","CHR","Cooks",3998.148258,5,0,0,2022
"2850-57587","2850-57664","CHR","Cooks",3998.148258,3,0,0,2022
"2850-57587","2811-83207","CHR","Dome House est",9069.221045,4,0,0,2022
"2850-57587","2850-57672","CHR","Cooks",3998.148258,4,0,0,2022
"2850-57587","Cooks-13_UNS","CHR","Cooks",3998.148258,4,0,0,2022
"2850-57587","2850-57575","CHR","Cooks",3998.148258,4,0,0,2022
"2850-57587","2850-57661","CHR","Karens est",472.2447997,3,0,0,2022
"2850-57587","2850-57853","CHR","Cooks",3998.148258,10,0,0,2022
"2850-57587","2850-57663","CHR","Cooks",3998.148258,7,0,0,2022
"2850-57587","2850-57874","CHR","Make Believe",4912.593342,2,0,0,2022
"2850-57587","2850-57700","CHR","Cooks",3998.148258,4,0,0,2022
"2850-57587","2850-57878","CHR","Make Believe",4912.593342,3,0,0,2022
"2850-57587","2850-57576","CHR","Make Believe",4912.593342,6,0,0,2022
"2850-57587","2850-57872","CHR","Make Believe",4912.593342,8,0,0,2022
"2850-57587","2850-57753","CHR","McCauley est",3047.854589,4,0,0,2022
"2850-57587","2850-57635","CHR","Make Believe",4912.593342,8,0,0,2022
"2850-57587","2640-97596","CHR","Make Believe",4912.593342,10,0,0,2022
"2850-57587","2850-57551","CHR","Struthers main",5026.901367,10,0,0,2022
"2850-57587","2850-57692","CHR","Martes est",8462.904111,6,0,0,2022
"2850-57587","2850-57640","CHR","McCauley est",3047.854589,6,0,0,2022
"2850-57587","2850-57645","CHR","Struthers main",5026.901367,4,0,0,2022
"2850-57587","2850-57550","CHR","Mary Anns est",7493.669043,3,0,0,2022
"2850-57587","2850-57698","CHR","Speedwell est",6015.097136,4,0,0,2022
"2850-57587","2850-57608","CHR","Urban Farm Girlz Sheep Shed",9185.52607,3,0,0,2022
"2850-57587","2850-57629","CHR","Urban Farm Girlz Sheep Shed",9185.52607,7,0,0,2022
"2850-57593","2850-57612","Mayas est","Blue Cloud main",3160.370672,10,0,0,2022
"2850-57593","2850-57869","Mayas est","Blue Cloud main",3160.370672,6,0,0,2022
"2850-57593","2850-57572","Mayas est","Blue Cloud main",3160.370672,5,0,0,2022
"2850-57593","2850-57871","Mayas est","Blue Cloud main",3160.370672,6,0,0,2022
"2850-57593","2850-57870","Mayas est","Blue Cloud Middle Shed",3160.454104,1,0,0,2022
"2850-57593","2850-57688","Mayas est","Boyer",7128.769935,5,0,0,2022
"2850-57593","2850-57685","Mayas est","Boyer",7128.769935,2,0,0,2022
"2850-57593","2850-57667","Mayas est","Cathys est",6984.468797,1,0,0,2022
"2850-57593","2850-57585","Mayas est","CHR",933.8742003,5,0,0,2022
"2850-57593","2640-97331","Mayas est","CHR",933.8742003,8,0,0,2022
"2850-57593","2850-57649","Mayas est","CHR",933.8742003,8,0,0,2022
"2850-57593","2850-57650","Mayas est","CHR",933.8742003,7,0,0,2022
"2850-57593","2640-97358","Mayas est","CHR",933.8742003,7,0,0,2022
"2850-57593","2850-57735","Mayas est","CHR",933.8742003,5,0,0,2022
"2850-57593","2850-57736","Mayas est","CHR",933.8742003,5,0,0,2022
"2850-57593","2850-57588","Mayas est","CHR",933.8742003,4,0,0,2022
"2850-57593","2850-57571","Mayas est","CHR",933.8742003,4,0,0,2022
"2850-57593","2850-57568","Mayas est","CHR",933.8742003,7,0,0,2022
"2850-57593","2850-57746","Mayas est","CHR",933.8742003,7,0,0,2022
"2850-57593","2850-57652","Mayas est","CHR",933.8742003,6,0,0,2022
"2850-57593","2850-57670","Mayas est","CHR",933.8742003,5,0,0,2022
"2850-57593","2850-57656","Mayas est","CHR",933.8742003,5,0,0,2022
"2850-57593","2850-57654","Mayas est","CHR",933.8742003,4,0,0,2022
"2850-57593","2850-57583","Mayas est","CHR",933.8742003,8,0,0,2022
"2850-57593","2850-57730","Mayas est","CHR",933.8742003,9,0,0,2022
"2850-57593","2850-57883","Mayas est","CHR",933.8742003,8,0,0,2022
"2850-57593","2850-57879","Mayas est","CHR",933.8742003,8,0,0,2022
"2850-57593","2811-38984","Mayas est","CHR",933.8742003,7,0,0,2022
"2850-57593","2850-57846","Mayas est","CHR",933.8742003,6,0,0,2022
"2850-57593","2870-65003","Mayas est","CHR",933.8742003,5,0,0,2022
"2850-57593","2850-57648","Mayas est","CHR",933.8742003,4,0,0,2022
"2850-57593","2850-57664","Mayas est","Cooks",4960.277792,3,0,0,2022
"2850-57593","2870-64909","Mayas est","CHR",933.8742003,4,0,0,2022
"2850-57593","2850-57672","Mayas est","Cooks",4960.277792,4,0,0,2022
"2850-57593","2850-57637","Mayas est","Cooks",4960.277792,1,0,0,2022
"2850-57593","2850-57609","Mayas est","Cooks",4960.277792,5,0,0,2022
"2850-57593","2850-57575","Mayas est","Cooks",4960.277792,4,0,0,2022
"2850-57593","Cooks-13_UNS","Mayas est","Cooks",4960.277792,4,0,0,2022
"2850-57593","2850-57853","Mayas est","Cooks",4960.277792,10,0,0,2022
"2850-57593","2850-57663","Mayas est","Cooks",4960.277792,7,0,0,2022
"2850-57593","2850-57700","Mayas est","Cooks",4960.277792,4,0,0,2022
"2850-57593","2811-83207","Mayas est","Dome House est",8232.085355,4,0,0,2022
"2850-57593","2850-57550","Mayas est","Mary Anns est",6818.882867,3,0,0,2022
"2850-57593","2850-57661","Mayas est","Karens est",542.253977,3,0,0,2022
"2850-57593","2850-57874","Mayas est","Make Believe",4502.170914,2,0,0,2022
"2850-57593","2850-57878","Mayas est","Make Believe",4502.170914,3,0,0,2022
"2850-57593","2850-57872","Mayas est","Make Believe",4502.170914,8,0,0,2022
"2850-57593","2850-57635","Mayas est","Make Believe",4502.170914,8,0,0,2022
"2850-57593","2850-57576","Mayas est","Make Believe",4502.170914,6,0,0,2022
"2850-57593","2850-57640","Mayas est","McCauley est",2098.640348,6,0,0,2022
"2850-57593","2850-57692","Mayas est","Martes est",7652.947606,6,0,0,2022
"2850-57593","2850-57753","Mayas est","McCauley est",2098.640348,4,0,0,2022
"2850-57593","2640-97596","Mayas est","Make Believe",4502.170914,10,0,0,2022
"2850-57593","2850-57608","Mayas est","Urban Farm Girlz Sheep Shed",8340.106515,3,0,0,2022
"2850-57593","2850-57645","Mayas est","Struthers main",4147.600318,4,0,0,2022
"2850-57593","2850-57698","Mayas est","Speedwell est",5163.692786,4,0,0,2022
"2850-57593","2850-57551","Mayas est","Struthers main",4147.600318,10,0,0,2022
"2850-57593","2850-57629","Mayas est","Urban Farm Girlz Sheep Shed",8340.106515,7,0,0,2022
"2850-57595","2850-57869","Mayas est","Blue Cloud main",3160.370672,6,0,0,2022
"2850-57595","2850-57572","Mayas est","Blue Cloud main",3160.370672,5,0,0,2022
"2850-57595","2850-57612","Mayas est","Blue Cloud main",3160.370672,10,0,0,2022
"2850-57595","2850-57688","Mayas est","Boyer",7128.769935,5,0,0,2022
"2850-57595","2850-57685","Mayas est","Boyer",7128.769935,2,0,0,2022
"2850-57595","2850-57871","Mayas est","Blue Cloud main",3160.370672,6,0,0,2022
"2850-57595","2850-57667","Mayas est","Cathys est",6984.468797,1,0,0,2022
"2850-57595","2850-57585","Mayas est","CHR",933.8742003,5,0,0,2022
"2850-57595","2850-57870","Mayas est","Blue Cloud Middle Shed",3160.454104,1,0,0,2022
"2850-57595","2850-57650","Mayas est","CHR",933.8742003,7,0,0,2022
"2850-57595","2640-97358","Mayas est","CHR",933.8742003,7,0,0,2022
"2850-57595","2640-97331","Mayas est","CHR",933.8742003,8,0,0,2022
"2850-57595","2850-57736","Mayas est","CHR",933.8742003,5,0,0,2022
"2850-57595","2850-57649","Mayas est","CHR",933.8742003,8,0,0,2022
"2850-57595","2850-57735","Mayas est","CHR",933.8742003,5,0,0,2022
"2850-57595","2850-57588","Mayas est","CHR",933.8742003,4,0,0,2022
"2850-57595","2850-57652","Mayas est","CHR",933.8742003,6,0,0,2022
"2850-57595","2850-57571","Mayas est","CHR",933.8742003,4,0,0,2022
"2850-57595","2850-57656","Mayas est","CHR",933.8742003,5,0,0,2022
"2850-57595","2850-57670","Mayas est","CHR",933.8742003,5,0,0,2022
"2850-57595","2850-57654","Mayas est","CHR",933.8742003,4,0,0,2022
"2850-57595","2850-57730","Mayas est","CHR",933.8742003,9,0,0,2022
"2850-57595","2850-57746","Mayas est","CHR",933.8742003,7,0,0,2022
"2850-57595","2850-57879","Mayas est","CHR",933.8742003,8,0,0,2022
"2850-57595","2850-57568","Mayas est","CHR",933.8742003,7,0,0,2022
"2850-57595","2811-38984","Mayas est","CHR",933.8742003,7,0,0,2022
"2850-57595","2850-57583","Mayas est","CHR",933.8742003,8,0,0,2022
"2850-57595","2850-57648","Mayas est","CHR",933.8742003,4,0,0,2022
"2850-57595","2850-57883","Mayas est","CHR",933.8742003,8,0,0,2022
"2850-57595","2850-57846","Mayas est","CHR",933.8742003,6,0,0,2022
"2850-57595","2870-65003","Mayas est","CHR",933.8742003,5,0,0,2022
"2850-57595","2870-64909","Mayas est","CHR",933.8742003,4,0,0,2022
"2850-57595","2850-57637","Mayas est","Cooks",4960.277792,1,0,0,2022
"2850-57595","2850-57664","Mayas est","Cooks",4960.277792,3,0,0,2022
"2850-57595","2850-57575","Mayas est","Cooks",4960.277792,4,0,0,2022
"2850-57595","2850-57609","Mayas est","Cooks",4960.277792,5,0,0,2022
"2850-57595","2850-57672","Mayas est","Cooks",4960.277792,4,0,0,2022
"2850-57595","Cooks-13_UNS","Mayas est","Cooks",4960.277792,4,0,0,2022
"2850-57595","2850-57663","Mayas est","Cooks",4960.277792,7,0,0,2022
"2850-57595","2850-57700","Mayas est","Cooks",4960.277792,4,0,0,2022
"2850-57595","2811-83207","Mayas est","Dome House est",8232.085355,4,0,0,2022
"2850-57595","2850-57878","Mayas est","Make Believe",4502.170914,3,0,0,2022
"2850-57595","2850-57853","Mayas est","Cooks",4960.277792,10,0,0,2022
"2850-57595","2850-57661","Mayas est","Karens est",542.253977,3,0,0,2022
"2850-57595","2850-57550","Mayas est","Mary Anns est",6818.882867,3,0,0,2022
"2850-57595","2850-57872","Mayas est","Make Believe",4502.170914,8,0,0,2022
"2850-57595","2640-97596","Mayas est","Make Believe",4502.170914,10,0,0,2022
"2850-57595","2850-57576","Mayas est","Make Believe",4502.170914,6,0,0,2022
"2850-57595","2850-57874","Mayas est","Make Believe",4502.170914,2,0,0,2022
"2850-57595","2850-57692","Mayas est","Martes est",7652.947606,6,0,0,2022
"2850-57595","2850-57640","Mayas est","McCauley est",2098.640348,6,0,0,2022
"2850-57595","2850-57635","Mayas est","Make Believe",4502.170914,8,0,0,2022
"2850-57595","2850-57629","Mayas est","Urban Farm Girlz Sheep Shed",8340.106515,7,0,0,2022
"2850-57595","2850-57608","Mayas est","Urban Farm Girlz Sheep Shed",8340.106515,3,0,0,2022
"2850-57595","2850-57753","Mayas est","McCauley est",2098.640348,4,0,0,2022
"2850-57595","2850-57645","Mayas est","Struthers main",4147.600318,4,0,0,2022
"2850-57595","2850-57551","Mayas est","Struthers main",4147.600318,10,0,0,2022
"2850-57595","2850-57698","Mayas est","Speedwell est",5163.692786,4,0,0,2022
"2850-57597","2850-57572","Mayas est","Blue Cloud main",3160.370672,5,0,0,2022
"2850-57597","2850-57869","Mayas est","Blue Cloud main",3160.370672,6,0,0,2022
"2850-57597","2850-57612","Mayas est","Blue Cloud main",3160.370672,10,0,0,2022
"2850-57597","2850-57685","Mayas est","Boyer",7128.769935,2,0,0,2022
"2850-57597","2850-57871","Mayas est","Blue Cloud main",3160.370672,6,0,0,2022
"2850-57597","2850-57588","Mayas est","CHR",933.8742003,4,0,0,2022
"2850-57597","2850-57688","Mayas est","Boyer",7128.769935,5,0,0,2022
"2850-57597","2850-57585","Mayas est","CHR",933.8742003,5,0,0,2022
"2850-57597","2850-57870","Mayas est","Blue Cloud Middle Shed",3160.454104,1,0,0,2022
"2850-57597","2850-57667","Mayas est","Cathys est",6984.468797,1,0,0,2022
"2850-57597","2640-97358","Mayas est","CHR",933.8742003,7,0,0,2022
"2850-57597","2640-97331","Mayas est","CHR",933.8742003,8,0,0,2022
"2850-57597","2850-57650","Mayas est","CHR",933.8742003,7,0,0,2022
"2850-57597","2850-57649","Mayas est","CHR",933.8742003,8,0,0,2022
"2850-57597","2850-57736","Mayas est","CHR",933.8742003,5,0,0,2022
"2850-57597","2850-57735","Mayas est","CHR",933.8742003,5,0,0,2022
"2850-57597","2850-57571","Mayas est","CHR",933.8742003,4,0,0,2022
"2850-57597","2850-57746","Mayas est","CHR",933.8742003,7,0,0,2022
"2850-57597","2850-57670","Mayas est","CHR",933.8742003,5,0,0,2022
"2850-57597","2850-57656","Mayas est","CHR",933.8742003,5,0,0,2022
"2850-57597","2850-57652","Mayas est","CHR",933.8742003,6,0,0,2022
"2850-57597","2850-57568","Mayas est","CHR",933.8742003,7,0,0,2022
"2850-57597","2850-57648","Mayas est","CHR",933.8742003,4,0,0,2022
"2850-57597","2850-57730","Mayas est","CHR",933.8742003,9,0,0,2022
"2850-57597","2850-57883","Mayas est","CHR",933.8742003,8,0,0,2022
"2850-57597","2811-38984","Mayas est","CHR",933.8742003,7,0,0,2022
"2850-57597","2850-57654","Mayas est","CHR",933.8742003,4,0,0,2022
"2850-57597","2850-57583","Mayas est","CHR",933.8742003,8,0,0,2022
"2850-57597","2850-57846","Mayas est","CHR",933.8742003,6,0,0,2022
"2850-57597","2870-65003","Mayas est","CHR",933.8742003,5,0,0,2022
"2850-57597","2850-57879","Mayas est","CHR",933.8742003,8,0,0,2022
"2850-57597","2870-64909","Mayas est","CHR",933.8742003,4,0,0,2022
"2850-57597","2850-57575","Mayas est","Cooks",4960.277792,4,0,0,2022
"2850-57597","2850-57637","Mayas est","Cooks",4960.277792,1,0,0,2022
"2850-57597","2850-57609","Mayas est","Cooks",4960.277792,5,0,0,2022
"2850-57597","Cooks-13_UNS","Mayas est","Cooks",4960.277792,4,0,0,2022
"2850-57597","2850-57663","Mayas est","Cooks",4960.277792,7,0,0,2022
"2850-57597","2850-57664","Mayas est","Cooks",4960.277792,3,0,0,2022
"2850-57597","2850-57672","Mayas est","Cooks",4960.277792,4,0,0,2022
"2850-57597","2850-57853","Mayas est","Cooks",4960.277792,10,0,0,2022
"2850-57597","2850-57872","Mayas est","Make Believe",4502.170914,8,0,0,2022
"2850-57597","2811-83207","Mayas est","Dome House est",8232.085355,4,0,0,2022
"2850-57597","2850-57700","Mayas est","Cooks",4960.277792,4,0,0,2022
"2850-57597","2850-57878","Mayas est","Make Believe",4502.170914,3,0,0,2022
"2850-57597","2850-57874","Mayas est","Make Believe",4502.170914,2,0,0,2022
"2850-57597","2850-57635","Mayas est","Make Believe",4502.170914,8,0,0,2022
"2850-57597","2850-57661","Mayas est","Karens est",542.253977,3,0,0,2022
"2850-57597","2850-57576","Mayas est","Make Believe",4502.170914,6,0,0,2022
"2850-57597","2850-57692","Mayas est","Martes est",7652.947606,6,0,0,2022
"2850-57597","2640-97596","Mayas est","Make Believe",4502.170914,10,0,0,2022
"2850-57597","2850-57645","Mayas est","Struthers main",4147.600318,4,0,0,2022
"2850-57597","2850-57753","Mayas est","McCauley est",2098.640348,4,0,0,2022
"2850-57597","2850-57550","Mayas est","Mary Anns est",6818.882867,3,0,0,2022
"2850-57597","2850-57640","Mayas est","McCauley est",2098.640348,6,0,0,2022
"2850-57597","2850-57608","Mayas est","Urban Farm Girlz Sheep Shed",8340.106515,3,0,0,2022
"2850-57597","2850-57551","Mayas est","Struthers main",4147.600318,10,0,0,2022
"2850-57597","2850-57698","Mayas est","Speedwell est",5163.692786,4,0,0,2022
"2850-57597","2850-57629","Mayas est","Urban Farm Girlz Sheep Shed",8340.106515,7,0,0,2022
"2850-57598","2850-57869","Schaaps","Blue Cloud main",6302.735018,6,0,0,2022
"2850-57598","2850-57685","Schaaps","Boyer",5585.679033,2,0,0,2022
"2850-57598","2850-57612","Schaaps","Blue Cloud main",6302.735018,10,0,0,2022
"2850-57598","2850-57870","Schaaps","Blue Cloud Middle Shed",6335.802989,1,0,0,2022
"2850-57598","2850-57572","Schaaps","Blue Cloud main",6302.735018,5,0,0,2022
"2850-57598","2640-97331","Schaaps","CHR",10327.46931,8,0,0,2022
"2850-57598","2850-57688","Schaaps","Boyer",5585.679033,5,0,0,2022
"2850-57598","2850-57871","Schaaps","Blue Cloud main",6302.735018,6,0,0,2022
"2850-57598","2850-57667","Schaaps","Cathys est",6915.132474,1,0,0,2022
"2850-57598","2850-57650","Schaaps","CHR",10327.46931,7,0,0,2022
"2850-57598","2850-57585","Schaaps","CHR",10327.46931,5,0,0,2022
"2850-57598","2640-97358","Schaaps","CHR",10327.46931,7,0,0,2022
"2850-57598","2850-57649","Schaaps","CHR",10327.46931,8,0,0,2022
"2850-57598","2850-57735","Schaaps","CHR",10327.46931,5,0,0,2022
"2850-57598","2850-57670","Schaaps","CHR",10327.46931,5,0,0,2022
"2850-57598","2850-57652","Schaaps","CHR",10327.46931,6,0,0,2022
"2850-57598","2850-57736","Schaaps","CHR",10327.46931,5,0,0,2022
"2850-57598","2850-57588","Schaaps","CHR",10327.46931,4,0,0,2022
"2850-57598","2850-57656","Schaaps","CHR",10327.46931,5,0,0,2022
"2850-57598","2850-57571","Schaaps","CHR",10327.46931,4,0,0,2022
"2850-57598","2850-57746","Schaaps","CHR",10327.46931,7,0,0,2022
"2850-57598","2850-57654","Schaaps","CHR",10327.46931,4,0,0,2022
"2850-57598","2850-57730","Schaaps","CHR",10327.46931,9,0,0,2022
"2850-57598","2850-57568","Schaaps","CHR",10327.46931,7,0,0,2022
"2850-57598","2850-57879","Schaaps","CHR",10327.46931,8,0,0,2022
"2850-57598","2850-57583","Schaaps","CHR",10327.46931,8,0,0,2022
"2850-57598","2811-38984","Schaaps","CHR",10327.46931,7,0,0,2022
"2850-57598","2870-65003","Schaaps","CHR",10327.46931,5,0,0,2022
"2850-57598","2850-57846","Schaaps","CHR",10327.46931,6,0,0,2022
"2850-57598","2850-57883","Schaaps","CHR",10327.46931,8,0,0,2022
"2850-57598","2850-57648","Schaaps","CHR",10327.46931,4,0,0,2022
"2850-57598","2870-64909","Schaaps","CHR",10327.46931,4,0,0,2022
"2850-57598","2850-57637","Schaaps","Cooks",14316.31219,1,0,0,2022
"2850-57598","2850-57575","Schaaps","Cooks",14316.31219,4,0,0,2022
"2850-57598","2850-57609","Schaaps","Cooks",14316.31219,5,0,0,2022
"2850-57598","Cooks-13_UNS","Schaaps","Cooks",14316.31219,4,0,0,2022
"2850-57598","2850-57663","Schaaps","Cooks",14316.31219,7,0,0,2022
"2850-57598","2811-83207","Schaaps","Dome House est",4748.689964,4,0,0,2022
"2850-57598","2850-57661","Schaaps","Karens est",9885.553335,3,0,0,2022
"2850-57598","2850-57672","Schaaps","Cooks",14316.31219,4,0,0,2022
"2850-57598","2850-57853","Schaaps","Cooks",14316.31219,10,0,0,2022
"2850-57598","2850-57664","Schaaps","Cooks",14316.31219,3,0,0,2022
"2850-57598","2850-57576","Schaaps","Make Believe",8944.936855,6,0,0,2022
"2850-57598","2850-57878","Schaaps","Make Believe",8944.936855,3,0,0,2022
"2850-57598","2850-57874","Schaaps","Make Believe",8944.936855,2,0,0,2022
"2850-57598","2850-57700","Schaaps","Cooks",14316.31219,4,0,0,2022
"2850-57598","2850-57872","Schaaps","Make Believe",8944.936855,8,0,0,2022
"2850-57598","2640-97596","Schaaps","Make Believe",8944.936855,10,0,0,2022
"2850-57598","2850-57692","Schaaps","Martes est",5245.804396,6,0,0,2022
"2850-57598","2850-57753","Schaaps","McCauley est",7275.84501,4,0,0,2022
"2850-57598","2850-57640","Schaaps","McCauley est",7275.84501,6,0,0,2022
"2850-57598","2850-57550","Schaaps","Mary Anns est",7017.188766,3,0,0,2022
"2850-57598","2850-57635","Schaaps","Make Believe",8944.936855,8,0,0,2022
"2850-57598","2850-57551","Schaaps","Struthers main",5896.626973,10,0,0,2022
"2850-57598","2850-57698","Schaaps","Speedwell est",5484.753839,4,0,0,2022
"2850-57598","2850-57645","Schaaps","Struthers main",5896.626973,4,0,0,2022
"2850-57598","2850-57629","Schaaps","Urban Farm Girlz Sheep Shed",4582.444628,7,0,0,2022
"2850-57598","2850-57608","Schaaps","Urban Farm Girlz Sheep Shed",4582.444628,3,0,0,2022
"2850-57600","2850-57612","Schaaps","Blue Cloud main",6302.735018,10,0,0,2022
"2850-57600","2850-57869","Schaaps","Blue Cloud main",6302.735018,6,0,0,2022
"2850-57600","2850-57688","Schaaps","Boyer",5585.679033,5,0,0,2022
"2850-57600","2850-57572","Schaaps","Blue Cloud main",6302.735018,5,0,0,2022
"2850-57600","2850-57685","Schaaps","Boyer",5585.679033,2,0,0,2022
"2850-57600","2850-57871","Schaaps","Blue Cloud main",6302.735018,6,0,0,2022
"2850-57600","2850-57650","Schaaps","CHR",10327.46931,7,0,0,2022
"2850-57600","2850-57870","Schaaps","Blue Cloud Middle Shed",6335.802989,1,0,0,2022
"2850-57600","2850-57585","Schaaps","CHR",10327.46931,5,0,0,2022
"2850-57600","2850-57667","Schaaps","Cathys est",6915.132474,1,0,0,2022
"2850-57600","2640-97331","Schaaps","CHR",10327.46931,8,0,0,2022
"2850-57600","2640-97358","Schaaps","CHR",10327.46931,7,0,0,2022
"2850-57600","2850-57571","Schaaps","CHR",10327.46931,4,0,0,2022
"2850-57600","2850-57735","Schaaps","CHR",10327.46931,5,0,0,2022
"2850-57600","2850-57649","Schaaps","CHR",10327.46931,8,0,0,2022
"2850-57600","2850-57588","Schaaps","CHR",10327.46931,4,0,0,2022
"2850-57600","2850-57736","Schaaps","CHR",10327.46931,5,0,0,2022
"2850-57600","2850-57670","Schaaps","CHR",10327.46931,5,0,0,2022
"2850-57600","2850-57652","Schaaps","CHR",10327.46931,6,0,0,2022
"2850-57600","2850-57746","Schaaps","CHR",10327.46931,7,0,0,2022
"2850-57600","2850-57654","Schaaps","CHR",10327.46931,4,0,0,2022
"2850-57600","2850-57656","Schaaps","CHR",10327.46931,5,0,0,2022
"2850-57600","2850-57730","Schaaps","CHR",10327.46931,9,0,0,2022
"2850-57600","2850-57568","Schaaps","CHR",10327.46931,7,0,0,2022
"2850-57600","2811-38984","Schaaps","CHR",10327.46931,7,0,0,2022
"2850-57600","2850-57583","Schaaps","CHR",10327.46931,8,0,0,2022
"2850-57600","2850-57883","Schaaps","CHR",10327.46931,8,0,0,2022
"2850-57600","2850-57879","Schaaps","CHR",10327.46931,8,0,0,2022
"2850-57600","2870-65003","Schaaps","CHR",10327.46931,5,0,0,2022
"2850-57600","2850-57846","Schaaps","CHR",10327.46931,6,0,0,2022
"2850-57600","2850-57648","Schaaps","CHR",10327.46931,4,0,0,2022
"2850-57600","2870-64909","Schaaps","CHR",10327.46931,4,0,0,2022
"2850-57600","2850-57637","Schaaps","Cooks",14316.31219,1,0,0,2022
"2850-57600","2850-57853","Schaaps","Cooks",14316.31219,10,0,0,2022
"2850-57600","2850-57575","Schaaps","Cooks",14316.31219,4,0,0,2022
"2850-57600","Cooks-13_UNS","Schaaps","Cooks",14316.31219,4,0,0,2022
"2850-57600","2850-57609","Schaaps","Cooks",14316.31219,5,0,0,2022
"2850-57600","2850-57664","Schaaps","Cooks",14316.31219,3,0,0,2022
"2850-57600","2850-57672","Schaaps","Cooks",14316.31219,4,0,0,2022
"2850-57600","2850-57663","Schaaps","Cooks",14316.31219,7,0,0,2022
"2850-57600","2850-57661","Schaaps","Karens est",9885.553335,3,0,0,2022
"2850-57600","2850-57700","Schaaps","Cooks",14316.31219,4,0,0,2022
"2850-57600","2811-83207","Schaaps","Dome House est",4748.689964,4,0,0,2022
"2850-57600","2850-57878","Schaaps","Make Believe",8944.936855,3,0,0,2022
"2850-57600","2850-57872","Schaaps","Make Believe",8944.936855,8,0,0,2022
"2850-57600","2850-57874","Schaaps","Make Believe",8944.936855,2,0,0,2022
"2850-57600","2850-57576","Schaaps","Make Believe",8944.936855,6,0,0,2022
"2850-57600","2850-57692","Schaaps","Martes est",5245.804396,6,0,0,2022
"2850-57600","2850-57550","Schaaps","Mary Anns est",7017.188766,3,0,0,2022
"2850-57600","2640-97596","Schaaps","Make Believe",8944.936855,10,0,0,2022
"2850-57600","2850-57635","Schaaps","Make Believe",8944.936855,8,0,0,2022
"2850-57600","2850-57753","Schaaps","McCauley est",7275.84501,4,0,0,2022
"2850-57600","2850-57645","Schaaps","Struthers main",5896.626973,4,0,0,2022
"2850-57600","2850-57640","Schaaps","McCauley est",7275.84501,6,0,0,2022
"2850-57600","2850-57551","Schaaps","Struthers main",5896.626973,10,0,0,2022
"2850-57600","2850-57698","Schaaps","Speedwell est",5484.753839,4,0,0,2022
"2850-57600","2850-57629","Schaaps","Urban Farm Girlz Sheep Shed",4582.444628,7,0,0,2022
"2850-57600","2850-57608","Schaaps","Urban Farm Girlz Sheep Shed",4582.444628,3,0,0,2022
"2850-57619","2850-57572","Reinarz Garage est","Blue Cloud main",8600.704332,5,0,0,2022
"2850-57619","2850-57869","Reinarz Garage est","Blue Cloud main",8600.704332,6,0,0,2022
"2850-57619","2850-57612","Reinarz Garage est","Blue Cloud main",8600.704332,10,0,0,2022
"2850-57619","2850-57871","Reinarz Garage est","Blue Cloud main",8600.704332,6,0,0,2022
"2850-57619","2850-57870","Reinarz Garage est","Blue Cloud Middle Shed",8588.558352,1,0,0,2022
"2850-57619","2850-57685","Reinarz Garage est","Boyer",11902.99117,2,0,0,2022
"2850-57619","2850-57735","Reinarz Garage est","CHR",4522.361866,5,0,0,2022
"2850-57619","2850-57688","Reinarz Garage est","Boyer",11902.99117,5,0,0,2022
"2850-57619","2640-97358","Reinarz Garage est","CHR",4522.361866,7,0,0,2022
"2850-57619","2850-57650","Reinarz Garage est","CHR",4522.361866,7,0,0,2022
"2850-57619","2850-57649","Reinarz Garage est","CHR",4522.361866,8,0,0,2022
"2850-57619","2640-97331","Reinarz Garage est","CHR",4522.361866,8,0,0,2022
"2850-57619","2850-57585","Reinarz Garage est","CHR",4522.361866,5,0,0,2022
"2850-57619","2850-57571","Reinarz Garage est","CHR",4522.361866,4,0,0,2022
"2850-57619","2850-57736","Reinarz Garage est","CHR",4522.361866,5,0,0,2022
"2850-57619","2850-57588","Reinarz Garage est","CHR",4522.361866,4,0,0,2022
"2850-57619","2850-57667","Reinarz Garage est","Cathys est",11326.12457,1,0,0,2022
"2850-57619","2850-57652","Reinarz Garage est","CHR",4522.361866,6,0,0,2022
"2850-57619","2850-57730","Reinarz Garage est","CHR",4522.361866,9,0,0,2022
"2850-57619","2850-57670","Reinarz Garage est","CHR",4522.361866,5,0,0,2022
"2850-57619","2850-57746","Reinarz Garage est","CHR",4522.361866,7,0,0,2022
"2850-57619","2850-57879","Reinarz Garage est","CHR",4522.361866,8,0,0,2022
"2850-57619","2850-57654","Reinarz Garage est","CHR",4522.361866,4,0,0,2022
"2850-57619","2850-57568","Reinarz Garage est","CHR",4522.361866,7,0,0,2022
"2850-57619","2850-57846","Reinarz Garage est","CHR",4522.361866,6,0,0,2022
"2850-57619","2850-57883","Reinarz Garage est","CHR",4522.361866,8,0,0,2022
"2850-57619","2850-57583","Reinarz Garage est","CHR",4522.361866,8,0,0,2022
"2850-57619","2811-38984","Reinarz Garage est","CHR",4522.361866,7,0,0,2022
"2850-57619","2850-57648","Reinarz Garage est","CHR",4522.361866,4,0,0,2022
"2850-57619","2850-57575","Reinarz Garage est","Cooks",1171.890026,4,0,0,2022
"2850-57619","2870-65003","Reinarz Garage est","CHR",4522.361866,5,0,0,2022
"2850-57619","2870-64909","Reinarz Garage est","CHR",4522.361866,4,0,0,2022
"2850-57619","2850-57637","Reinarz Garage est","Cooks",1171.890026,1,0,0,2022
"2850-57619","2850-57672","Reinarz Garage est","Cooks",1171.890026,4,0,0,2022
"2850-57619","2850-57609","Reinarz Garage est","Cooks",1171.890026,5,0,0,2022
"2850-57619","Cooks-13_UNS","Reinarz Garage est","Cooks",1171.890026,4,0,0,2022
"2850-57619","2850-57664","Reinarz Garage est","Cooks",1171.890026,3,0,0,2022
"2850-57619","2850-57853","Reinarz Garage est","Cooks",1171.890026,10,2,0.2,2022
"2850-57619","2811-83207","Reinarz Garage est","Dome House est",13181.28524,4,0,0,2022
"2850-57619","2850-57874","Reinarz Garage est","Make Believe",8043.565207,2,0,0,2022
"2850-57619","2850-57663","Reinarz Garage est","Cooks",1171.890026,7,0,0,2022
"2850-57619","2850-57635","Reinarz Garage est","Make Believe",8043.565207,8,0,0,2022
"2850-57619","2850-57700","Reinarz Garage est","Cooks",1171.890026,4,0,0,2022
"2850-57619","2850-57656","Reinarz Garage est","CHR",4522.361866,5,0,0,2022
"2850-57619","2640-97596","Reinarz Garage est","Make Believe",8043.565207,10,0,0,2022
"2850-57619","2850-57661","Reinarz Garage est","Karens est",5000.971703,3,0,0,2022
"2850-57619","2850-57550","Reinarz Garage est","Mary Anns est",11130.50184,3,0,0,2022
"2850-57619","2850-57576","Reinarz Garage est","Make Believe",8043.565207,6,0,0,2022
"2850-57619","2850-57878","Reinarz Garage est","Make Believe",8043.565207,3,0,0,2022
"2850-57619","2850-57692","Reinarz Garage est","Martes est",12496.85,6,0,0,2022
"2850-57619","2850-57698","Reinarz Garage est","Speedwell est",10249.6337,4,0,0,2022
"2850-57619","2850-57872","Reinarz Garage est","Make Believe",8043.565207,8,0,0,2022
"2850-57619","2850-57753","Reinarz Garage est","McCauley est",7606.759414,4,0,0,2022
"2850-57619","2850-57645","Reinarz Garage est","Struthers main",9365.066606,4,0,0,2022
"2850-57619","2850-57640","Reinarz Garage est","McCauley est",7606.759414,6,0,0,2022
"2850-57619","2850-57608","Reinarz Garage est","Urban Farm Girlz Sheep Shed",13323.34812,3,0,0,2022
"2850-57619","2850-57551","Reinarz Garage est","Struthers main",9365.066606,10,0,0,2022
"2850-57619","2850-57629","Reinarz Garage est","Urban Farm Girlz Sheep Shed",13323.34812,7,0,0,2022
"2850-57644","2850-57869","Urban Farm Girlz Sheep Shed","Blue Cloud main",5385.601613,6,0,0,2022
"2850-57644","2850-57612","Urban Farm Girlz Sheep Shed","Blue Cloud main",5385.601613,10,0,0,2022
"2850-57644","2850-57572","Urban Farm Girlz Sheep Shed","Blue Cloud main",5385.601613,5,0,0,2022
"2850-57644","2850-57650","Urban Farm Girlz Sheep Shed","CHR",9185.52607,7,0,0,2022
"2850-57644","2850-57688","Urban Farm Girlz Sheep Shed","Boyer",1535.559226,5,0,0,2022
"2850-57644","2850-57685","Urban Farm Girlz Sheep Shed","Boyer",1535.559226,2,0,0,2022
"2850-57644","2850-57871","Urban Farm Girlz Sheep Shed","Blue Cloud main",5385.601613,6,0,0,2022
"2850-57644","2850-57870","Urban Farm Girlz Sheep Shed","Blue Cloud Middle Shed",5366.224006,1,0,0,2022
"2850-57644","2850-57667","Urban Farm Girlz Sheep Shed","Cathys est",2733.095014,1,0,0,2022
"2850-57644","2850-57585","Urban Farm Girlz Sheep Shed","CHR",9185.52607,5,0,0,2022
"2850-57644","2850-57649","Urban Farm Girlz Sheep Shed","CHR",9185.52607,8,0,0,2022
"2850-57644","2640-97331","Urban Farm Girlz Sheep Shed","CHR",9185.52607,8,0,0,2022
"2850-57644","2850-57588","Urban Farm Girlz Sheep Shed","CHR",9185.52607,4,0,0,2022
"2850-57644","2640-97358","Urban Farm Girlz Sheep Shed","CHR",9185.52607,7,0,0,2022
"2850-57644","2850-57735","Urban Farm Girlz Sheep Shed","CHR",9185.52607,5,0,0,2022
"2850-57644","2850-57652","Urban Farm Girlz Sheep Shed","CHR",9185.52607,6,0,0,2022
"2850-57644","2850-57736","Urban Farm Girlz Sheep Shed","CHR",9185.52607,5,0,0,2022
"2850-57644","2850-57571","Urban Farm Girlz Sheep Shed","CHR",9185.52607,4,0,0,2022
"2850-57644","2850-57656","Urban Farm Girlz Sheep Shed","CHR",9185.52607,5,0,0,2022
"2850-57644","2850-57670","Urban Farm Girlz Sheep Shed","CHR",9185.52607,5,0,0,2022
"2850-57644","2850-57654","Urban Farm Girlz Sheep Shed","CHR",9185.52607,4,0,0,2022
"2850-57644","2850-57746","Urban Farm Girlz Sheep Shed","CHR",9185.52607,7,0,0,2022
"2850-57644","2850-57568","Urban Farm Girlz Sheep Shed","CHR",9185.52607,7,0,0,2022
"2850-57644","2850-57730","Urban Farm Girlz Sheep Shed","CHR",9185.52607,9,0,0,2022
"2850-57644","2850-57583","Urban Farm Girlz Sheep Shed","CHR",9185.52607,8,0,0,2022
"2850-57644","2870-65003","Urban Farm Girlz Sheep Shed","CHR",9185.52607,5,0,0,2022
"2850-57644","2850-57883","Urban Farm Girlz Sheep Shed","CHR",9185.52607,8,0,0,2022
"2850-57644","2850-57846","Urban Farm Girlz Sheep Shed","CHR",9185.52607,6,0,0,2022
"2850-57644","2811-38984","Urban Farm Girlz Sheep Shed","CHR",9185.52607,7,0,0,2022
"2850-57644","2850-57648","Urban Farm Girlz Sheep Shed","CHR",9185.52607,4,0,0,2022
"2850-57644","2850-57575","Urban Farm Girlz Sheep Shed","Cooks",13112.56561,4,0,0,2022
"2850-57644","2850-57879","Urban Farm Girlz Sheep Shed","CHR",9185.52607,8,0,0,2022
"2850-57644","2870-64909","Urban Farm Girlz Sheep Shed","CHR",9185.52607,4,0,0,2022
"2850-57644","Cooks-13_UNS","Urban Farm Girlz Sheep Shed","Cooks",13112.56561,4,0,0,2022
"2850-57644","2850-57672","Urban Farm Girlz Sheep Shed","Cooks",13112.56561,4,0,0,2022
"2850-57644","2850-57637","Urban Farm Girlz Sheep Shed","Cooks",13112.56561,1,0,0,2022
"2850-57644","2850-57609","Urban Farm Girlz Sheep Shed","Cooks",13112.56561,5,0,0,2022
"2850-57644","2850-57853","Urban Farm Girlz Sheep Shed","Cooks",13112.56561,10,0,0,2022
"2850-57644","2850-57664","Urban Farm Girlz Sheep Shed","Cooks",13112.56561,3,0,0,2022
"2850-57644","2850-57663","Urban Farm Girlz Sheep Shed","Cooks",13112.56561,7,0,0,2022
"2850-57644","2811-83207","Urban Farm Girlz Sheep Shed","Dome House est",183.2160072,4,0,0,2022
"2850-57644","2850-57700","Urban Farm Girlz Sheep Shed","Cooks",13112.56561,4,0,0,2022
"2850-57644","2850-57576","Urban Farm Girlz Sheep Shed","Make Believe",5761.465774,6,0,0,2022
"2850-57644","2850-57661","Urban Farm Girlz Sheep Shed","Karens est",8892.586888,3,0,0,2022
"2850-57644","2850-57874","Urban Farm Girlz Sheep Shed","Make Believe",5761.465774,2,0,0,2022
"2850-57644","2850-57872","Urban Farm Girlz Sheep Shed","Make Believe",5761.465774,8,0,0,2022
"2850-57644","2850-57878","Urban Farm Girlz Sheep Shed","Make Believe",5761.465774,3,0,0,2022
"2850-57644","2640-97596","Urban Farm Girlz Sheep Shed","Make Believe",5761.465774,10,0,0,2022
"2850-57644","2850-57692","Urban Farm Girlz Sheep Shed","Martes est",942.164708,6,0,0,2022
"2850-57644","2850-57635","Urban Farm Girlz Sheep Shed","Make Believe",5761.465774,8,0,0,2022
"2850-57644","2850-57550","Urban Farm Girlz Sheep Shed","Mary Anns est",2900.906662,3,0,0,2022
"2850-57644","2850-57753","Urban Farm Girlz Sheep Shed","McCauley est",6755.369969,4,0,0,2022
"2850-57644","2850-57640","Urban Farm Girlz Sheep Shed","McCauley est",6755.369969,6,0,0,2022
"2850-57644","2850-57551","Urban Farm Girlz Sheep Shed","Struthers main",4200.884412,10,0,0,2022
"2850-57644","2850-57645","Urban Farm Girlz Sheep Shed","Struthers main",4200.884412,4,0,0,2022
"2850-57644","2850-57698","Urban Farm Girlz Sheep Shed","Speedwell est",3172.886591,4,0,0,2022
"2850-57665","2850-57612","Cooks","Blue Cloud main",8135.083191,10,0,0,2022
"2850-57665","2850-57572","Cooks","Blue Cloud main",8135.083191,5,0,0,2022
"2850-57665","2850-57869","Cooks","Blue Cloud main",8135.083191,6,0,0,2022
"2850-57665","2850-57871","Cooks","Blue Cloud main",8135.083191,6,0,0,2022
"2850-57665","2850-57585","Cooks","CHR",3998.148258,5,0,0,2022
"2850-57665","2850-57688","Cooks","Boyer",11757.49343,5,0,0,2022
"2850-57665","2850-57685","Cooks","Boyer",11757.49343,2,0,0,2022
"2850-57665","2850-57870","Cooks","Blue Cloud Middle Shed",8131.940467,1,0,0,2022
"2850-57665","2640-97358","Cooks","CHR",3998.148258,7,0,0,2022
"2850-57665","2850-57667","Cooks","Cathys est",11307.353,1,0,0,2022
"2850-57665","2640-97331","Cooks","CHR",3998.148258,8,0,0,2022
"2850-57665","2850-57650","Cooks","CHR",3998.148258,7,0,0,2022
"2850-57665","2850-57571","Cooks","CHR",3998.148258,4,0,0,2022
"2850-57665","2850-57735","Cooks","CHR",3998.148258,5,0,0,2022
"2850-57665","2850-57736","Cooks","CHR",3998.148258,5,0,0,2022
"2850-57665","2850-57649","Cooks","CHR",3998.148258,8,0,0,2022
"2850-57665","2850-57588","Cooks","CHR",3998.148258,4,0,0,2022
"2850-57665","2850-57730","Cooks","CHR",3998.148258,9,0,0,2022
"2850-57665","2850-57746","Cooks","CHR",3998.148258,7,0,0,2022
"2850-57665","2850-57652","Cooks","CHR",3998.148258,6,0,0,2022
"2850-57665","2850-57656","Cooks","CHR",3998.148258,5,0,0,2022
"2850-57665","2850-57654","Cooks","CHR",3998.148258,4,0,0,2022
"2850-57665","2850-57670","Cooks","CHR",3998.148258,5,0,0,2022
"2850-57665","2850-57583","Cooks","CHR",3998.148258,8,0,0,2022
"2850-57665","2850-57883","Cooks","CHR",3998.148258,8,0,0,2022
"2850-57665","2811-38984","Cooks","CHR",3998.148258,7,0,0,2022
"2850-57665","2850-57846","Cooks","CHR",3998.148258,6,0,0,2022
"2850-57665","2870-65003","Cooks","CHR",3998.148258,5,0,0,2022
"2850-57665","2850-57879","Cooks","CHR",3998.148258,8,0,0,2022
"2850-57665","2850-57648","Cooks","CHR",3998.148258,4,0,0,2022
"2850-57665","2870-64909","Cooks","CHR",3998.148258,4,0,0,2022
"2850-57665","2850-57568","Cooks","CHR",3998.148258,7,0,0,2022
"2850-57665","2850-57661","Cooks","Karens est",4427.496664,3,0,0,2022
"2850-57665","2850-57872","Cooks","Make Believe",8134.783478,8,0,0,2022
"2850-57665","2850-57874","Cooks","Make Believe",8134.783478,2,0,0,2022
"2850-57665","2811-83207","Cooks","Dome House est",12982.92152,4,0,0,2022
"2850-57665","2850-57878","Cooks","Make Believe",8134.783478,3,0,0,2022
"2850-57665","2850-57640","Cooks","McCauley est",7022.837808,6,0,0,2022
"2850-57665","2850-57576","Cooks","Make Believe",8134.783478,6,0,0,2022
"2850-57665","2850-57635","Cooks","Make Believe",8134.783478,8,0,0,2022
"2850-57665","2640-97596","Cooks","Make Believe",8134.783478,10,0,0,2022
"2850-57665","2850-57692","Cooks","Martes est",12332.58471,6,0,0,2022
"2850-57665","2850-57753","Cooks","McCauley est",7022.837808,4,0,0,2022
"2850-57665","2850-57550","Cooks","Mary Anns est",11115.95446,3,0,0,2022
"2850-57665","2850-57698","Cooks","Speedwell est",9974.089273,4,0,0,2022
"2850-57665","2850-57551","Cooks","Struthers main",9026.103113,10,0,0,2022
"2850-57665","2850-57645","Cooks","Struthers main",9026.103113,4,0,0,2022
"2850-57665","2850-57629","Cooks","Urban Farm Girlz Sheep Shed",13112.56561,7,0,0,2022
"2850-57665","2850-57608","Cooks","Urban Farm Girlz Sheep Shed",13112.56561,3,0,0,2022
"2850-57677","2850-57685","Mayas est","Boyer",7128.769935,2,0,0,2022
"2850-57677","2850-57572","Mayas est","Blue Cloud main",3160.370672,5,0,0,2022
"2850-57677","2850-57871","Mayas est","Blue Cloud main",3160.370672,6,0,0,2022
"2850-57677","2850-57869","Mayas est","Blue Cloud main",3160.370672,6,0,0,2022
"2850-57677","2850-57612","Mayas est","Blue Cloud main",3160.370672,10,0,0,2022
"2850-57677","2850-57870","Mayas est","Blue Cloud Middle Shed",3160.454104,1,0,0,2022
"2850-57677","2850-57688","Mayas est","Boyer",7128.769935,5,0,0,2022
"2850-57677","2640-97331","Mayas est","CHR",933.8742003,8,0,0,2022
"2850-57677","2850-57585","Mayas est","CHR",933.8742003,5,0,0,2022
"2850-57677","2850-57667","Mayas est","Cathys est",6984.468797,1,0,0,2022
"2850-57677","2850-57650","Mayas est","CHR",933.8742003,7,0,0,2022
"2850-57677","2850-57571","Mayas est","CHR",933.8742003,4,0,0,2022
"2850-57677","2640-97358","Mayas est","CHR",933.8742003,7,0,0,2022
"2850-57677","2850-57735","Mayas est","CHR",933.8742003,5,0,0,2022
"2850-57677","2850-57588","Mayas est","CHR",933.8742003,4,0,0,2022
"2850-57677","2850-57649","Mayas est","CHR",933.8742003,8,0,0,2022
"2850-57677","2850-57654","Mayas est","CHR",933.8742003,4,0,0,2022
"2850-57677","2850-57670","Mayas est","CHR",933.8742003,5,0,0,2022
"2850-57677","2850-57652","Mayas est","CHR",933.8742003,6,0,0,2022
"2850-57677","2850-57656","Mayas est","CHR",933.8742003,5,0,0,2022
"2850-57677","2850-57746","Mayas est","CHR",933.8742003,7,0,0,2022
"2850-57677","2850-57568","Mayas est","CHR",933.8742003,7,0,0,2022
"2850-57677","2850-57736","Mayas est","CHR",933.8742003,5,0,0,2022
"2850-57677","2850-57583","Mayas est","CHR",933.8742003,8,0,0,2022
"2850-57677","2811-38984","Mayas est","CHR",933.8742003,7,0,0,2022
"2850-57677","2850-57883","Mayas est","CHR",933.8742003,8,0,0,2022
"2850-57677","2850-57730","Mayas est","CHR",933.8742003,9,0,0,2022
"2850-57677","2850-57648","Mayas est","CHR",933.8742003,4,0,0,2022
"2850-57677","2870-65003","Mayas est","CHR",933.8742003,5,0,0,2022
"2850-57677","2850-57637","Mayas est","Cooks",4960.277792,1,0,0,2022
"2850-57677","2850-57879","Mayas est","CHR",933.8742003,8,0,0,2022
"2850-57677","2870-64909","Mayas est","CHR",933.8742003,4,0,0,2022
"2850-57677","2850-57575","Mayas est","Cooks",4960.277792,4,0,0,2022
"2850-57677","2850-57846","Mayas est","CHR",933.8742003,6,0,0,2022
"2850-57677","Cooks-13_UNS","Mayas est","Cooks",4960.277792,4,0,0,2022
"2850-57677","2850-57609","Mayas est","Cooks",4960.277792,5,0,0,2022
"2850-57677","2850-57663","Mayas est","Cooks",4960.277792,7,0,0,2022
"2850-57677","2850-57661","Mayas est","Karens est",542.253977,3,0,0,2022
"2850-57677","2850-57853","Mayas est","Cooks",4960.277792,10,0,0,2022
"2850-57677","2850-57672","Mayas est","Cooks",4960.277792,4,0,0,2022
"2850-57677","2850-57664","Mayas est","Cooks",4960.277792,3,0,0,2022
"2850-57677","2850-57700","Mayas est","Cooks",4960.277792,4,0,0,2022
"2850-57677","2811-83207","Mayas est","Dome House est",8232.085355,4,0,0,2022
"2850-57677","2850-57874","Mayas est","Make Believe",4502.170914,2,0,0,2022
"2850-57677","2850-57576","Mayas est","Make Believe",4502.170914,6,0,0,2022
"2850-57677","2850-57635","Mayas est","Make Believe",4502.170914,8,0,0,2022
"2850-57677","2850-57872","Mayas est","Make Believe",4502.170914,8,0,0,2022
"2850-57677","2850-57878","Mayas est","Make Believe",4502.170914,3,0,0,2022
"2850-57677","2850-57692","Mayas est","Martes est",7652.947606,6,0,0,2022
"2850-57677","2850-57550","Mayas est","Mary Anns est",6818.882867,3,0,0,2022
"2850-57677","2640-97596","Mayas est","Make Believe",4502.170914,10,0,0,2022
"2850-57677","2850-57640","Mayas est","McCauley est",2098.640348,6,0,0,2022
"2850-57677","2850-57753","Mayas est","McCauley est",2098.640348,4,0,0,2022
"2850-57677","2850-57551","Mayas est","Struthers main",4147.600318,10,0,0,2022
"2850-57677","2850-57629","Mayas est","Urban Farm Girlz Sheep Shed",8340.106515,7,0,0,2022
"2850-57677","2850-57645","Mayas est","Struthers main",4147.600318,4,0,0,2022
"2850-57677","2850-57608","Mayas est","Urban Farm Girlz Sheep Shed",8340.106515,3,0,0,2022
"2850-57677","2850-57698","Mayas est","Speedwell est",5163.692786,4,0,0,2022
"2850-57678","2850-57688","Mayas est","Boyer",7128.769935,5,0,0,2022
"2850-57678","2850-57869","Mayas est","Blue Cloud main",3160.370672,6,0,0,2022
"2850-57678","2850-57870","Mayas est","Blue Cloud Middle Shed",3160.454104,1,0,0,2022
"2850-57678","2850-57572","Mayas est","Blue Cloud main",3160.370672,5,0,0,2022
"2850-57678","2850-57612","Mayas est","Blue Cloud main",3160.370672,10,0,0,2022
"2850-57678","2850-57685","Mayas est","Boyer",7128.769935,2,0,0,2022
"2850-57678","2850-57871","Mayas est","Blue Cloud main",3160.370672,6,0,0,2022
"2850-57678","2850-57667","Mayas est","Cathys est",6984.468797,1,0,0,2022
"2850-57678","2850-57649","Mayas est","CHR",933.8742003,8,0,0,2022
"2850-57678","2850-57735","Mayas est","CHR",933.8742003,5,0,0,2022
"2850-57678","2850-57585","Mayas est","CHR",933.8742003,5,0,0,2022
"2850-57678","2640-97358","Mayas est","CHR",933.8742003,7,0,0,2022
"2850-57678","2640-97331","Mayas est","CHR",933.8742003,8,0,0,2022
"2850-57678","2850-57588","Mayas est","CHR",933.8742003,4,0,0,2022
"2850-57678","2850-57650","Mayas est","CHR",933.8742003,7,0,0,2022
"2850-57678","2850-57736","Mayas est","CHR",933.8742003,5,0,0,2022
"2850-57678","2850-57670","Mayas est","CHR",933.8742003,5,0,0,2022
"2850-57678","2850-57652","Mayas est","CHR",933.8742003,6,0,0,2022
"2850-57678","2850-57571","Mayas est","CHR",933.8742003,4,0,0,2022
"2850-57678","2850-57746","Mayas est","CHR",933.8742003,7,0,0,2022
"2850-57678","2850-57654","Mayas est","CHR",933.8742003,4,0,0,2022
"2850-57678","2850-57656","Mayas est","CHR",933.8742003,5,0,0,2022
"2850-57678","2850-57730","Mayas est","CHR",933.8742003,9,0,0,2022
"2850-57678","2850-57568","Mayas est","CHR",933.8742003,7,0,0,2022
"2850-57678","2850-57846","Mayas est","CHR",933.8742003,6,0,0,2022
"2850-57678","2850-57583","Mayas est","CHR",933.8742003,8,0,0,2022
"2850-57678","2850-57883","Mayas est","CHR",933.8742003,8,0,0,2022
"2850-57678","2870-65003","Mayas est","CHR",933.8742003,5,0,0,2022
"2850-57678","2811-38984","Mayas est","CHR",933.8742003,7,0,0,2022
"2850-57678","2870-64909","Mayas est","CHR",933.8742003,4,0,0,2022
"2850-57678","2850-57648","Mayas est","CHR",933.8742003,4,0,0,2022
"2850-57678","2850-57879","Mayas est","CHR",933.8742003,8,0,0,2022
"2850-57678","2850-57637","Mayas est","Cooks",4960.277792,1,0,0,2022
"2850-57678","2850-57853","Mayas est","Cooks",4960.277792,10,0,0,2022
"2850-57678","2850-57672","Mayas est","Cooks",4960.277792,4,0,0,2022
"2850-57678","Cooks-13_UNS","Mayas est","Cooks",4960.277792,4,0,0,2022
"2850-57678","2850-57575","Mayas est","Cooks",4960.277792,4,0,0,2022
"2850-57678","2850-57609","Mayas est","Cooks",4960.277792,5,0,0,2022
"2850-57678","2850-57664","Mayas est","Cooks",4960.277792,3,0,0,2022
"2850-57678","2850-57663","Mayas est","Cooks",4960.277792,7,0,0,2022
"2850-57678","2811-83207","Mayas est","Dome House est",8232.085355,4,0,0,2022
"2850-57678","2850-57700","Mayas est","Cooks",4960.277792,4,0,0,2022
"2850-57678","2850-57878","Mayas est","Make Believe",4502.170914,3,0,0,2022
"2850-57678","2850-57874","Mayas est","Make Believe",4502.170914,2,0,0,2022
"2850-57678","2850-57661","Mayas est","Karens est",542.253977,3,0,0,2022
"2850-57678","2850-57576","Mayas est","Make Believe",4502.170914,6,0,0,2022
"2850-57678","2640-97596","Mayas est","Make Believe",4502.170914,10,0,0,2022
"2850-57678","2850-57872","Mayas est","Make Believe",4502.170914,8,0,0,2022
"2850-57678","2850-57635","Mayas est","Make Believe",4502.170914,8,0,0,2022
"2850-57678","2850-57753","Mayas est","McCauley est",2098.640348,4,0,0,2022
"2850-57678","2850-57692","Mayas est","Martes est",7652.947606,6,0,0,2022
"2850-57678","2850-57550","Mayas est","Mary Anns est",6818.882867,3,0,0,2022
"2850-57678","2850-57551","Mayas est","Struthers main",4147.600318,10,0,0,2022
"2850-57678","2850-57698","Mayas est","Speedwell est",5163.692786,4,0,0,2022
"2850-57678","2850-57640","Mayas est","McCauley est",2098.640348,6,0,0,2022
"2850-57678","2850-57608","Mayas est","Urban Farm Girlz Sheep Shed",8340.106515,3,0,0,2022
"2850-57678","2850-57645","Mayas est","Struthers main",4147.600318,4,0,0,2022
"2850-57678","2850-57629","Mayas est","Urban Farm Girlz Sheep Shed",8340.106515,7,0,0,2022
"2850-57679","2850-57572","Starlight est","Blue Cloud main",925.0130217,5,0,0,2022
"2850-57679","2850-57869","Starlight est","Blue Cloud main",925.0130217,6,1,0.166666666666667,2022
"2850-57679","2850-57870","Starlight est","Blue Cloud Middle Shed",996.6728216,1,0,0,2022
"2850-57679","2850-57612","Starlight est","Blue Cloud main",925.0130217,10,0,0,2022
"2850-57679","2850-57685","Starlight est","Boyer",5132.809823,2,0,0,2022
"2850-57679","2850-57871","Starlight est","Blue Cloud main",925.0130217,6,0,0,2022
"2850-57679","2850-57650","Starlight est","CHR",4201.340222,7,0,0,2022
"2850-57679","2850-57585","Starlight est","CHR",4201.340222,5,0,0,2022
"2850-57679","2850-57688","Starlight est","Boyer",5132.809823,5,0,0,2022
"2850-57679","2850-57667","Starlight est","Cathys est",5591.154366,1,0,0,2022
"2850-57679","2850-57571","Starlight est","CHR",4201.340222,4,0,0,2022
"2850-57679","2850-57735","Starlight est","CHR",4201.340222,5,0,0,2022
"2850-57679","2640-97358","Starlight est","CHR",4201.340222,7,0,0,2022
"2850-57679","2640-97331","Starlight est","CHR",4201.340222,8,0,0,2022
"2850-57679","2850-57746","Starlight est","CHR",4201.340222,7,0,0,2022
"2850-57679","2850-57670","Starlight est","CHR",4201.340222,5,0,0,2022
"2850-57679","2850-57588","Starlight est","CHR",4201.340222,4,0,0,2022
"2850-57679","2850-57736","Starlight est","CHR",4201.340222,5,0,0,2022
"2850-57679","2850-57649","Starlight est","CHR",4201.340222,8,0,0,2022
"2850-57679","2850-57656","Starlight est","CHR",4201.340222,5,0,0,2022
"2850-57679","2850-57652","Starlight est","CHR",4201.340222,6,0,0,2022
"2850-57679","2850-57654","Starlight est","CHR",4201.340222,4,0,0,2022
"2850-57679","2850-57730","Starlight est","CHR",4201.340222,9,0,0,2022
"2850-57679","2850-57568","Starlight est","CHR",4201.340222,7,0,0,2022
"2850-57679","2811-38984","Starlight est","CHR",4201.340222,7,0,0,2022
"2850-57679","2850-57583","Starlight est","CHR",4201.340222,8,0,0,2022
"2850-57679","2850-57648","Starlight est","CHR",4201.340222,4,0,0,2022
"2850-57679","2870-65003","Starlight est","CHR",4201.340222,5,0,0,2022
"2850-57679","2850-57637","Starlight est","Cooks",8176.916513,1,0,0,2022
"2850-57679","2850-57883","Starlight est","CHR",4201.340222,8,0,0,2022
"2850-57679","2870-64909","Starlight est","CHR",4201.340222,4,0,0,2022
"2850-57679","2850-57609","Starlight est","Cooks",8176.916513,5,0,0,2022
"2850-57679","2850-57846","Starlight est","CHR",4201.340222,6,0,0,2022
"2850-57679","2850-57879","Starlight est","CHR",4201.340222,8,0,0,2022
"2850-57679","2850-57575","Starlight est","Cooks",8176.916513,4,0,0,2022
"2850-57679","2850-57700","Starlight est","Cooks",8176.916513,4,0,0,2022
"2850-57679","2850-57664","Starlight est","Cooks",8176.916513,3,0,0,2022
"2850-57679","2850-57672","Starlight est","Cooks",8176.916513,4,0,0,2022
"2850-57679","2850-57663","Starlight est","Cooks",8176.916513,7,0,0,2022
"2850-57679","Cooks-13_UNS","Starlight est","Cooks",8176.916513,4,0,0,2022
"2850-57679","2850-57853","Starlight est","Cooks",8176.916513,10,0,0,2022
"2850-57679","2850-57874","Starlight est","Make Believe",4840.754384,2,0,0,2022
"2850-57679","2811-83207","Starlight est","Dome House est",5861.018122,4,0,0,2022
"2850-57679","2850-57878","Starlight est","Make Believe",4840.754384,3,0,0,2022
"2850-57679","2850-57661","Starlight est","Karens est",3749.211359,3,0,0,2022
"2850-57679","2850-57576","Starlight est","Make Believe",4840.754384,6,0,0,2022
"2850-57679","2850-57872","Starlight est","Make Believe",4840.754384,8,0,0,2022
"2850-57679","2850-57635","Starlight est","Make Believe",4840.754384,8,0,0,2022
"2850-57679","2640-97596","Starlight est","Make Believe",4840.754384,10,0,0,2022
"2850-57679","2850-57692","Starlight est","Martes est",5489.159886,6,0,0,2022
"2850-57679","2850-57640","Starlight est","McCauley est",1136.706631,6,0,0,2022
"2850-57679","2850-57550","Starlight est","Mary Anns est",5499.704838,3,0,0,2022
"2850-57679","2850-57698","Starlight est","Speedwell est",3048.770223,4,0,0,2022
"2850-57679","2850-57645","Starlight est","Struthers main",2093.826763,4,0,0,2022
"2850-57679","2850-57551","Starlight est","Struthers main",2093.826763,10,0,0,2022
"2850-57679","2850-57753","Starlight est","McCauley est",1136.706631,4,0,0,2022
"2850-57679","2850-57608","Starlight est","Urban Farm Girlz Sheep Shed",5910.808594,3,0,0,2022
"2850-57679","2850-57629","Starlight est","Urban Farm Girlz Sheep Shed",5910.808594,7,0,0,2022
"2850-57681","2850-57870","Schaaps","Blue Cloud Middle Shed",6335.802989,1,0,0,2022
"2850-57681","2850-57871","Schaaps","Blue Cloud main",6302.735018,6,0,0,2022
"2850-57681","2850-57612","Schaaps","Blue Cloud main",6302.735018,10,0,0,2022
"2850-57681","2850-57869","Schaaps","Blue Cloud main",6302.735018,6,0,0,2022
"2850-57681","2850-57572","Schaaps","Blue Cloud main",6302.735018,5,0,0,2022
"2850-57681","2850-57685","Schaaps","Boyer",5585.679033,2,0,0,2022
"2850-57681","2850-57585","Schaaps","CHR",10327.46931,5,0,0,2022
"2850-57681","2850-57667","Schaaps","Cathys est",6915.132474,1,0,0,2022
"2850-57681","2850-57688","Schaaps","Boyer",5585.679033,5,0,0,2022
"2850-57681","2640-97331","Schaaps","CHR",10327.46931,8,0,0,2022
"2850-57681","2850-57736","Schaaps","CHR",10327.46931,5,0,0,2022
"2850-57681","2850-57650","Schaaps","CHR",10327.46931,7,0,0,2022
"2850-57681","2850-57746","Schaaps","CHR",10327.46931,7,0,0,2022
"2850-57681","2850-57735","Schaaps","CHR",10327.46931,5,0,0,2022
"2850-57681","2850-57649","Schaaps","CHR",10327.46931,8,0,0,2022
"2850-57681","2850-57588","Schaaps","CHR",10327.46931,4,0,0,2022
"2850-57681","2640-97358","Schaaps","CHR",10327.46931,7,0,0,2022
"2850-57681","2850-57652","Schaaps","CHR",10327.46931,6,0,0,2022
"2850-57681","2850-57670","Schaaps","CHR",10327.46931,5,0,0,2022
"2850-57681","2850-57656","Schaaps","CHR",10327.46931,5,0,0,2022
"2850-57681","2850-57571","Schaaps","CHR",10327.46931,4,0,0,2022
"2850-57681","2850-57654","Schaaps","CHR",10327.46931,4,0,0,2022
"2850-57681","2850-57730","Schaaps","CHR",10327.46931,9,0,0,2022
"2850-57681","2850-57568","Schaaps","CHR",10327.46931,7,0,0,2022
"2850-57681","2850-57583","Schaaps","CHR",10327.46931,8,0,0,2022
"2850-57681","2850-57883","Schaaps","CHR",10327.46931,8,0,0,2022
"2850-57681","2811-38984","Schaaps","CHR",10327.46931,7,0,0,2022
"2850-57681","2850-57846","Schaaps","CHR",10327.46931,6,0,0,2022
"2850-57681","2850-57879","Schaaps","CHR",10327.46931,8,0,0,2022
"2850-57681","2850-57637","Schaaps","Cooks",14316.31219,1,0,0,2022
"2850-57681","2870-65003","Schaaps","CHR",10327.46931,5,0,0,2022
"2850-57681","2850-57648","Schaaps","CHR",10327.46931,4,0,0,2022
"2850-57681","2850-57672","Schaaps","Cooks",14316.31219,4,0,0,2022
"2850-57681","2850-57575","Schaaps","Cooks",14316.31219,4,0,0,2022
"2850-57681","2870-64909","Schaaps","CHR",10327.46931,4,0,0,2022
"2850-57681","Cooks-13_UNS","Schaaps","Cooks",14316.31219,4,0,0,2022
"2850-57681","2850-57853","Schaaps","Cooks",14316.31219,10,0,0,2022
"2850-57681","2850-57609","Schaaps","Cooks",14316.31219,5,0,0,2022
"2850-57681","2850-57664","Schaaps","Cooks",14316.31219,3,0,0,2022
"2850-57681","2850-57663","Schaaps","Cooks",14316.31219,7,0,0,2022
"2850-57681","2811-83207","Schaaps","Dome House est",4748.689964,4,0,0,2022
"2850-57681","2850-57874","Schaaps","Make Believe",8944.936855,2,0,0,2022
"2850-57681","2850-57661","Schaaps","Karens est",9885.553335,3,0,0,2022
"2850-57681","2850-57700","Schaaps","Cooks",14316.31219,4,0,0,2022
"2850-57681","2850-57878","Schaaps","Make Believe",8944.936855,3,0,0,2022
"2850-57681","2850-57550","Schaaps","Mary Anns est",7017.188766,3,0,0,2022
"2850-57681","2850-57692","Schaaps","Martes est",5245.804396,6,0,0,2022
"2850-57681","2850-57576","Schaaps","Make Believe",8944.936855,6,0,0,2022
"2850-57681","2850-57872","Schaaps","Make Believe",8944.936855,8,0,0,2022
"2850-57681","2850-57640","Schaaps","McCauley est",7275.84501,6,0,0,2022
"2850-57681","2640-97596","Schaaps","Make Believe",8944.936855,10,0,0,2022
"2850-57681","2850-57635","Schaaps","Make Believe",8944.936855,8,0,0,2022
"2850-57681","2850-57629","Schaaps","Urban Farm Girlz Sheep Shed",4582.444628,7,0,0,2022
"2850-57681","2850-57698","Schaaps","Speedwell est",5484.753839,4,0,0,2022
"2850-57681","2850-57551","Schaaps","Struthers main",5896.626973,10,0,0,2022
"2850-57681","2850-57753","Schaaps","McCauley est",7275.84501,4,0,0,2022
"2850-57681","2850-57645","Schaaps","Struthers main",5896.626973,4,0,0,2022
"2850-57681","2850-57608","Schaaps","Urban Farm Girlz Sheep Shed",4582.444628,3,0,0,2022
"2850-57684","2850-57572","Struthers round","Blue Cloud main",1317.240399,5,0,0,2022
"2850-57684","2850-57869","Struthers round","Blue Cloud main",1317.240399,6,0,0,2022
"2850-57684","2850-57612","Struthers round","Blue Cloud main",1317.240399,10,0,0,2022
"2850-57684","2850-57870","Struthers round","Blue Cloud Middle Shed",1279.160161,1,0,0,2022
"2850-57684","2850-57685","Struthers round","Boyer",3116.434557,2,0,0,2022
"2850-57684","2850-57667","Struthers round","Cathys est",3472.461076,1,0,0,2022
"2850-57684","2850-57871","Struthers round","Blue Cloud main",1317.240399,6,0,0,2022
"2850-57684","2850-57688","Struthers round","Boyer",3116.434557,5,0,0,2022
"2850-57684","2850-57585","Struthers round","CHR",5082.708126,5,0,0,2022
"2850-57684","2850-57649","Struthers round","CHR",5082.708126,8,0,0,2022
"2850-57684","2850-57650","Struthers round","CHR",5082.708126,7,0,0,2022
"2850-57684","2640-97358","Struthers round","CHR",5082.708126,7,0,0,2022
"2850-57684","2640-97331","Struthers round","CHR",5082.708126,8,0,0,2022
"2850-57684","2850-57652","Struthers round","CHR",5082.708126,6,0,0,2022
"2850-57684","2850-57736","Struthers round","CHR",5082.708126,5,0,0,2022
"2850-57684","2850-57735","Struthers round","CHR",5082.708126,5,0,0,2022
"2850-57684","2850-57588","Struthers round","CHR",5082.708126,4,0,0,2022
"2850-57684","2850-57571","Struthers round","CHR",5082.708126,4,0,0,2022
"2850-57684","2850-57746","Struthers round","CHR",5082.708126,7,0,0,2022
"2850-57684","2850-57670","Struthers round","CHR",5082.708126,5,0,0,2022
"2850-57684","2850-57656","Struthers round","CHR",5082.708126,5,0,0,2022
"2850-57684","2850-57846","Struthers round","CHR",5082.708126,6,0,0,2022
"2850-57684","2850-57730","Struthers round","CHR",5082.708126,9,0,0,2022
"2850-57684","2850-57583","Struthers round","CHR",5082.708126,8,0,0,2022
"2850-57684","2850-57654","Struthers round","CHR",5082.708126,4,0,0,2022
"2850-57684","2850-57883","Struthers round","CHR",5082.708126,8,0,0,2022
"2850-57684","2850-57568","Struthers round","CHR",5082.708126,7,0,0,2022
"2850-57684","2850-57879","Struthers round","CHR",5082.708126,8,0,0,2022
"2850-57684","2811-38984","Struthers round","CHR",5082.708126,7,0,0,2022
"2850-57684","2850-57648","Struthers round","CHR",5082.708126,4,0,0,2022
"2850-57684","2870-65003","Struthers round","CHR",5082.708126,5,0,0,2022
"2850-57684","2850-57575","Struthers round","Cooks",9083.204192,4,0,0,2022
"2850-57684","2870-64909","Struthers round","CHR",5082.708126,4,0,0,2022
"2850-57684","2850-57672","Struthers round","Cooks",9083.204192,4,0,0,2022
"2850-57684","2850-57637","Struthers round","Cooks",9083.204192,1,0,0,2022
"2850-57684","Cooks-13_UNS","Struthers round","Cooks",9083.204192,4,0,0,2022
"2850-57684","2850-57853","Struthers round","Cooks",9083.204192,10,0,0,2022
"2850-57684","2850-57609","Struthers round","Cooks",9083.204192,5,0,0,2022
"2850-57684","2850-57663","Struthers round","Cooks",9083.204192,7,0,0,2022
"2850-57684","2850-57874","Struthers round","Make Believe",3372.48869,2,0,0,2022
"2850-57684","2850-57664","Struthers round","Cooks",9083.204192,3,0,0,2022
"2850-57684","2850-57700","Struthers round","Cooks",9083.204192,4,0,0,2022
"2850-57684","2811-83207","Struthers round","Dome House est",4061.220749,4,0,0,2022
"2850-57684","2850-57635","Struthers round","Make Believe",3372.48869,8,0,0,2022
"2850-57684","2850-57640","Struthers round","McCauley est",2665.157382,6,0,0,2022
"2850-57684","2850-57576","Struthers round","Make Believe",3372.48869,6,0,0,2022
"2850-57684","2850-57872","Struthers round","Make Believe",3372.48869,8,0,0,2022
"2850-57684","2850-57878","Struthers round","Make Believe",3372.48869,3,0,0,2022
"2850-57684","2850-57550","Struthers round","Mary Anns est",3382.233613,3,0,0,2022
"2850-57684","2640-97596","Struthers round","Make Believe",3372.48869,10,0,0,2022
"2850-57684","2850-57753","Struthers round","McCauley est",2665.157382,4,0,0,2022
"2850-57684","2850-57692","Struthers round","Martes est",3555.724472,6,0,0,2022
"2850-57684","2850-57698","Struthers round","Speedwell est",1013.604361,4,0,0,2022
"2850-57684","2850-57608","Struthers round","Urban Farm Girlz Sheep Shed",4154.959669,3,0,0,2022
"2850-57684","2850-57661","Struthers round","Karens est",4756.860343,3,0,0,2022
"2850-57684","2850-57645","Struthers round","Struthers main",47.79605615,4,0,0,2022
"2850-57684","2850-57551","Struthers round","Struthers main",47.79605615,10,0,0,2022
"2850-57684","2850-57629","Struthers round","Urban Farm Girlz Sheep Shed",4154.959669,7,0,0,2022
"2850-57690","2850-57572","Plumbumpy est","Blue Cloud main",4322.122415,5,0,0,2022
"2850-57690","2850-57869","Plumbumpy est","Blue Cloud main",4322.122415,6,0,0,2022
"2850-57690","2850-57870","Plumbumpy est","Blue Cloud Middle Shed",4307.733004,1,0,0,2022
"2850-57690","2850-57871","Plumbumpy est","Blue Cloud main",4322.122415,6,0,0,2022
"2850-57690","2850-57612","Plumbumpy est","Blue Cloud main",4322.122415,10,0,0,2022
"2850-57690","2850-57688","Plumbumpy est","Boyer",1414.317561,5,0,0,2022
"2850-57690","2850-57685","Plumbumpy est","Boyer",1414.317561,2,0,0,2022
"2850-57690","2850-57571","Plumbumpy est","CHR",8226.205846,4,0,0,2022
"2850-57690","2850-57667","Plumbumpy est","Cathys est",2745.38158,1,0,0,2022
"2850-57690","2640-97358","Plumbumpy est","CHR",8226.205846,7,0,0,2022
"2850-57690","2850-57650","Plumbumpy est","CHR",8226.205846,7,0,0,2022
"2850-57690","2850-57585","Plumbumpy est","CHR",8226.205846,5,0,0,2022
"2850-57690","2850-57736","Plumbumpy est","CHR",8226.205846,5,0,0,2022
"2850-57690","2850-57735","Plumbumpy est","CHR",8226.205846,5,0,0,2022
"2850-57690","2850-57649","Plumbumpy est","CHR",8226.205846,8,0,0,2022
"2850-57690","2640-97331","Plumbumpy est","CHR",8226.205846,8,0,0,2022
"2850-57690","2850-57588","Plumbumpy est","CHR",8226.205846,4,0,0,2022
"2850-57690","2850-57652","Plumbumpy est","CHR",8226.205846,6,0,0,2022
"2850-57690","2850-57656","Plumbumpy est","CHR",8226.205846,5,0,0,2022
"2850-57690","2850-57654","Plumbumpy est","CHR",8226.205846,4,0,0,2022
"2850-57690","2850-57730","Plumbumpy est","CHR",8226.205846,9,0,0,2022
"2850-57690","2850-57670","Plumbumpy est","CHR",8226.205846,5,0,0,2022
"2850-57690","2850-57746","Plumbumpy est","CHR",8226.205846,7,0,0,2022
"2850-57690","2850-57883","Plumbumpy est","CHR",8226.205846,8,0,0,2022
"2850-57690","2850-57568","Plumbumpy est","CHR",8226.205846,7,0,0,2022
"2850-57690","2850-57648","Plumbumpy est","CHR",8226.205846,4,0,0,2022
"2850-57690","2870-65003","Plumbumpy est","CHR",8226.205846,5,0,0,2022
"2850-57690","2850-57583","Plumbumpy est","CHR",8226.205846,8,0,0,2022
"2850-57690","2850-57879","Plumbumpy est","CHR",8226.205846,8,0,0,2022
"2850-57690","2870-64909","Plumbumpy est","CHR",8226.205846,4,0,0,2022
"2850-57690","2811-38984","Plumbumpy est","CHR",8226.205846,7,0,0,2022
"2850-57690","2850-57575","Plumbumpy est","Cooks",12201.81193,4,0,0,2022
"2850-57690","2850-57846","Plumbumpy est","CHR",8226.205846,6,0,0,2022
"2850-57690","2850-57609","Plumbumpy est","Cooks",12201.81193,5,0,0,2022
"2850-57690","2850-57637","Plumbumpy est","Cooks",12201.81193,1,0,0,2022
"2850-57690","Cooks-13_UNS","Plumbumpy est","Cooks",12201.81193,4,0,0,2022
"2850-57690","2850-57878","Plumbumpy est","Make Believe",5249.655973,3,0,0,2022
"2850-57690","2850-57663","Plumbumpy est","Cooks",12201.81193,7,0,0,2022
"2850-57690","2850-57853","Plumbumpy est","Cooks",12201.81193,10,0,0,2022
"2850-57690","2850-57664","Plumbumpy est","Cooks",12201.81193,3,0,0,2022
"2850-57690","2850-57672","Plumbumpy est","Cooks",12201.81193,4,0,0,2022
"2850-57690","2850-57700","Plumbumpy est","Cooks",12201.81193,4,0,0,2022
"2850-57690","2850-57576","Plumbumpy est","Make Believe",5249.655973,6,0,0,2022
"2850-57690","2850-57874","Plumbumpy est","Make Believe",5249.655973,2,0,0,2022
"2850-57690","2811-83207","Plumbumpy est","Dome House est",1104.534871,4,0,0,2022
"2850-57690","2850-57661","Plumbumpy est","Karens est",7907.5806,3,0,0,2022
"2850-57690","2850-57872","Plumbumpy est","Make Believe",5249.655973,8,0,0,2022
"2850-57690","2850-57692","Plumbumpy est","Martes est",1165.857169,6,0,0,2022
"2850-57690","2850-57635","Plumbumpy est","Make Believe",5249.655973,8,0,0,2022
"2850-57690","2850-57550","Plumbumpy est","Mary Anns est",2855.369504,3,0,0,2022
"2850-57690","2640-97596","Plumbumpy est","Make Believe",5249.655973,10,0,0,2022
"2850-57690","2850-57753","Plumbumpy est","McCauley est",5684.344971,4,0,0,2022
"2850-57690","2850-57640","Plumbumpy est","McCauley est",5684.344971,6,0,0,2022
"2850-57690","2850-57551","Plumbumpy est","Struthers main",3195.317127,10,0,0,2022
"2850-57690","2850-57645","Plumbumpy est","Struthers main",3195.317127,4,0,0,2022
"2850-57690","2850-57698","Plumbumpy est","Speedwell est",2225.353422,4,0,0,2022
"2850-57690","2850-57608","Plumbumpy est","Urban Farm Girlz Sheep Shed",1109.676339,3,0,0,2022
"2850-57690","2850-57629","Plumbumpy est","Urban Farm Girlz Sheep Shed",1109.676339,7,0,0,2022
"2850-57694","2850-57572","Quick est","Blue Cloud main",5336.481456,5,0,0,2022
"2850-57694","2850-57870","Quick est","Blue Cloud Middle Shed",5299.365942,1,0,0,2022
"2850-57694","2850-57869","Quick est","Blue Cloud main",5336.481456,6,0,0,2022
"2850-57694","2850-57585","Quick est","CHR",8694.328548,5,0,0,2022
"2850-57694","2850-57612","Quick est","Blue Cloud main",5336.481456,10,0,0,2022
"2850-57694","2850-57871","Quick est","Blue Cloud main",5336.481456,6,0,0,2022
"2850-57694","2850-57685","Quick est","Boyer",909.9309874,2,0,0,2022
"2850-57694","2850-57667","Quick est","Cathys est",1329.5795,1,0,0,2022
"2850-57694","2850-57688","Quick est","Boyer",909.9309874,5,0,0,2022
"2850-57694","2640-97331","Quick est","CHR",8694.328548,8,0,0,2022
"2850-57694","2640-97358","Quick est","CHR",8694.328548,7,0,0,2022
"2850-57694","2850-57650","Quick est","CHR",8694.328548,7,0,0,2022
"2850-57694","2850-57735","Quick est","CHR",8694.328548,5,0,0,2022
"2850-57694","2850-57588","Quick est","CHR",8694.328548,4,0,0,2022
"2850-57694","2850-57649","Quick est","CHR",8694.328548,8,0,0,2022
"2850-57694","2850-57652","Quick est","CHR",8694.328548,6,0,0,2022
"2850-57694","2850-57736","Quick est","CHR",8694.328548,5,0,0,2022
"2850-57694","2850-57571","Quick est","CHR",8694.328548,4,0,0,2022
"2850-57694","2850-57670","Quick est","CHR",8694.328548,5,0,0,2022
"2850-57694","2850-57656","Quick est","CHR",8694.328548,5,0,0,2022
"2850-57694","2850-57746","Quick est","CHR",8694.328548,7,0,0,2022
"2850-57694","2850-57654","Quick est","CHR",8694.328548,4,0,0,2022
"2850-57694","2850-57730","Quick est","CHR",8694.328548,9,0,0,2022
"2850-57694","2850-57583","Quick est","CHR",8694.328548,8,0,0,2022
"2850-57694","2850-57883","Quick est","CHR",8694.328548,8,0,0,2022
"2850-57694","2850-57568","Quick est","CHR",8694.328548,7,0,0,2022
"2850-57694","2850-57648","Quick est","CHR",8694.328548,4,0,0,2022
"2850-57694","2850-57637","Quick est","Cooks",12459.24829,1,0,0,2022
"2850-57694","2811-38984","Quick est","CHR",8694.328548,7,0,0,2022
"2850-57694","2850-57846","Quick est","CHR",8694.328548,6,0,0,2022
"2850-57694","2850-57879","Quick est","CHR",8694.328548,8,0,0,2022
"2850-57694","2870-65003","Quick est","CHR",8694.328548,5,0,0,2022
"2850-57694","2850-57609","Quick est","Cooks",12459.24829,5,0,0,2022
"2850-57694","2850-57575","Quick est","Cooks",12459.24829,4,0,0,2022
"2850-57694","2850-57672","Quick est","Cooks",12459.24829,4,0,0,2022
"2850-57694","2870-64909","Quick est","CHR",8694.328548,4,0,0,2022
"2850-57694","Cooks-13_UNS","Quick est","Cooks",12459.24829,4,0,0,2022
"2850-57694","2850-57664","Quick est","Cooks",12459.24829,3,0,0,2022
"2850-57694","2850-57663","Quick est","Cooks",12459.24829,7,0,0,2022
"2850-57694","2850-57700","Quick est","Cooks",12459.24829,4,0,0,2022
"2850-57694","2811-83207","Quick est","Dome House est",1362.448912,4,0,0,2022
"2850-57694","2850-57853","Quick est","Cooks",12459.24829,10,0,0,2022
"2850-57694","2850-57878","Quick est","Make Believe",4644.456697,3,0,0,2022
"2850-57694","2850-57661","Quick est","Karens est",8470.731987,3,0,0,2022
"2850-57694","2850-57874","Quick est","Make Believe",4644.456697,2,0,0,2022
"2850-57694","2850-57692","Quick est","Martes est",843.7896312,6,0,0,2022
"2850-57694","2850-57576","Quick est","Make Believe",4644.456697,6,0,0,2022
"2850-57694","2850-57635","Quick est","Make Believe",4644.456697,8,0,0,2022
"2850-57694","2850-57640","Quick est","McCauley est",6678.664738,6,0,0,2022
"2850-57694","2850-57872","Quick est","Make Believe",4644.456697,8,0,0,2022
"2850-57694","2640-97596","Quick est","Make Believe",4644.456697,10,0,0,2022
"2850-57694","2850-57645","Quick est","Struthers main",4047.282377,4,0,0,2022
"2850-57694","2850-57698","Quick est","Speedwell est",3012.732809,4,0,0,2022
"2850-57694","2850-57753","Quick est","McCauley est",6678.664738,4,0,0,2022
"2850-57694","2850-57550","Quick est","Mary Anns est",1526.871795,3,0,0,2022
"2850-57694","2850-57608","Quick est","Urban Farm Girlz Sheep Shed",1550.740645,3,0,0,2022
"2850-57694","2850-57551","Quick est","Struthers main",4047.282377,10,0,0,2022
"2850-57694","2850-57629","Quick est","Urban Farm Girlz Sheep Shed",1550.740645,7,0,0,2022
"2850-57695","2850-57869","Quick est","Blue Cloud main",5336.481456,6,0,0,2022
"2850-57695","2850-57612","Quick est","Blue Cloud main",5336.481456,10,0,0,2022
"2850-57695","2850-57572","Quick est","Blue Cloud main",5336.481456,5,0,0,2022
"2850-57695","2850-57871","Quick est","Blue Cloud main",5336.481456,6,0,0,2022
"2850-57695","2850-57870","Quick est","Blue Cloud Middle Shed",5299.365942,1,0,0,2022
"2850-57695","2850-57685","Quick est","Boyer",909.9309874,2,0,0,2022
"2850-57695","2850-57650","Quick est","CHR",8694.328548,7,0,0,2022
"2850-57695","2850-57688","Quick est","Boyer",909.9309874,5,0,0,2022
"2850-57695","2850-57585","Quick est","CHR",8694.328548,5,0,0,2022
"2850-57695","2850-57736","Quick est","CHR",8694.328548,5,0,0,2022
"2850-57695","2850-57667","Quick est","Cathys est",1329.5795,1,0,0,2022
"2850-57695","2640-97331","Quick est","CHR",8694.328548,8,0,0,2022
"2850-57695","2640-97358","Quick est","CHR",8694.328548,7,0,0,2022
"2850-57695","2850-57649","Quick est","CHR",8694.328548,8,0,0,2022
"2850-57695","2850-57735","Quick est","CHR",8694.328548,5,0,0,2022
"2850-57695","2850-57571","Quick est","CHR",8694.328548,4,0,0,2022
"2850-57695","2850-57588","Quick est","CHR",8694.328548,4,0,0,2022
"2850-57695","2850-57670","Quick est","CHR",8694.328548,5,0,0,2022
"2850-57695","2850-57652","Quick est","CHR",8694.328548,6,0,0,2022
"2850-57695","2850-57654","Quick est","CHR",8694.328548,4,0,0,2022
"2850-57695","2850-57746","Quick est","CHR",8694.328548,7,0,0,2022
"2850-57695","2850-57656","Quick est","CHR",8694.328548,5,0,0,2022
"2850-57695","2811-38984","Quick est","CHR",8694.328548,7,0,0,2022
"2850-57695","2850-57730","Quick est","CHR",8694.328548,9,0,0,2022
"2850-57695","2870-65003","Quick est","CHR",8694.328548,5,0,0,2022
"2850-57695","2850-57568","Quick est","CHR",8694.328548,7,0,0,2022
"2850-57695","2850-57648","Quick est","CHR",8694.328548,4,0,0,2022
"2850-57695","2850-57879","Quick est","CHR",8694.328548,8,0,0,2022
"2850-57695","2850-57583","Quick est","CHR",8694.328548,8,0,0,2022
"2850-57695","2850-57846","Quick est","CHR",8694.328548,6,0,0,2022
"2850-57695","2870-64909","Quick est","CHR",8694.328548,4,0,0,2022
"2850-57695","2850-57883","Quick est","CHR",8694.328548,8,0,0,2022
"2850-57695","2850-57637","Quick est","Cooks",12459.24829,1,0,0,2022
"2850-57695","2850-57664","Quick est","Cooks",12459.24829,3,0,0,2022
"2850-57695","2850-57609","Quick est","Cooks",12459.24829,5,0,0,2022
"2850-57695","2850-57672","Quick est","Cooks",12459.24829,4,0,0,2022
"2850-57695","Cooks-13_UNS","Quick est","Cooks",12459.24829,4,0,0,2022
"2850-57695","2850-57575","Quick est","Cooks",12459.24829,4,0,0,2022
"2850-57695","2850-57853","Quick est","Cooks",12459.24829,10,0,0,2022
"2850-57695","2850-57663","Quick est","Cooks",12459.24829,7,0,0,2022
"2850-57695","2850-57700","Quick est","Cooks",12459.24829,4,0,0,2022
"2850-57695","2850-57874","Quick est","Make Believe",4644.456697,2,0,0,2022
"2850-57695","2811-83207","Quick est","Dome House est",1362.448912,4,0,0,2022
"2850-57695","2850-57872","Quick est","Make Believe",4644.456697,8,0,0,2022
"2850-57695","2850-57576","Quick est","Make Believe",4644.456697,6,0,0,2022
"2850-57695","2850-57878","Quick est","Make Believe",4644.456697,3,0,0,2022
"2850-57695","2850-57661","Quick est","Karens est",8470.731987,3,0,0,2022
"2850-57695","2850-57635","Quick est","Make Believe",4644.456697,8,0,0,2022
"2850-57695","2850-57692","Quick est","Martes est",843.7896312,6,0,0,2022
"2850-57695","2850-57753","Quick est","McCauley est",6678.664738,4,0,0,2022
"2850-57695","2640-97596","Quick est","Make Believe",4644.456697,10,0,0,2022
"2850-57695","2850-57550","Quick est","Mary Anns est",1526.871795,3,0,0,2022
"2850-57695","2850-57640","Quick est","McCauley est",6678.664738,6,0,0,2022
"2850-57695","2850-57698","Quick est","Speedwell est",3012.732809,4,0,0,2022
"2850-57695","2850-57608","Quick est","Urban Farm Girlz Sheep Shed",1550.740645,3,0,0,2022
"2850-57695","2850-57551","Quick est","Struthers main",4047.282377,10,0,0,2022
"2850-57695","2850-57645","Quick est","Struthers main",4047.282377,4,0,0,2022
"2850-57695","2850-57629","Quick est","Urban Farm Girlz Sheep Shed",1550.740645,7,0,0,2022
"2850-57697","2850-57612","Grizz est","Blue Cloud main",5800.507097,10,0,0,2022
"2850-57697","2850-57572","Grizz est","Blue Cloud main",5800.507097,5,0,0,2022
"2850-57697","2850-57869","Grizz est","Blue Cloud main",5800.507097,6,0,0,2022
"2850-57697","2850-57870","Grizz est","Blue Cloud Middle Shed",5861.833044,1,0,0,2022
"2850-57697","2850-57871","Grizz est","Blue Cloud main",5800.507097,6,0,0,2022
"2850-57697","2850-57688","Grizz est","Boyer",7507.429375,5,0,0,2022
"2850-57697","2850-57667","Grizz est","Cathys est",8653.598166,1,0,0,2022
"2850-57697","2850-57685","Grizz est","Boyer",7507.429375,2,0,0,2022
"2850-57697","2850-57650","Grizz est","CHR",9043.332152,7,0,0,2022
"2850-57697","2850-57585","Grizz est","CHR",9043.332152,5,0,0,2022
"2850-57697","2640-97358","Grizz est","CHR",9043.332152,7,0,0,2022
"2850-57697","2850-57649","Grizz est","CHR",9043.332152,8,0,0,2022
"2850-57697","2640-97331","Grizz est","CHR",9043.332152,8,0,0,2022
"2850-57697","2850-57735","Grizz est","CHR",9043.332152,5,0,0,2022
"2850-57697","2850-57736","Grizz est","CHR",9043.332152,5,0,0,2022
"2850-57697","2850-57588","Grizz est","CHR",9043.332152,4,0,0,2022
"2850-57697","2850-57571","Grizz est","CHR",9043.332152,4,0,0,2022
"2850-57697","2850-57652","Grizz est","CHR",9043.332152,6,0,0,2022
"2850-57697","2850-57656","Grizz est","CHR",9043.332152,5,0,0,2022
"2850-57697","2850-57730","Grizz est","CHR",9043.332152,9,0,0,2022
"2850-57697","2850-57670","Grizz est","CHR",9043.332152,5,0,0,2022
"2850-57697","2850-57746","Grizz est","CHR",9043.332152,7,0,0,2022
"2850-57697","2850-57654","Grizz est","CHR",9043.332152,4,0,0,2022
"2850-57697","2850-57583","Grizz est","CHR",9043.332152,8,0,0,2022
"2850-57697","2870-65003","Grizz est","CHR",9043.332152,5,0,0,2022
"2850-57697","2850-57568","Grizz est","CHR",9043.332152,7,0,0,2022
"2850-57697","2850-57883","Grizz est","CHR",9043.332152,8,0,0,2022
"2850-57697","2850-57846","Grizz est","CHR",9043.332152,6,0,0,2022
"2850-57697","2811-38984","Grizz est","CHR",9043.332152,7,0,0,2022
"2850-57697","2850-57879","Grizz est","CHR",9043.332152,8,0,0,2022
"2850-57697","2850-57648","Grizz est","CHR",9043.332152,4,0,0,2022
"2850-57697","2870-64909","Grizz est","CHR",9043.332152,4,0,0,2022
"2850-57697","2850-57637","Grizz est","Cooks",12698.415,1,0,0,2022
"2850-57697","2850-57661","Grizz est","Karens est",8552.232388,3,0,0,2022
"2850-57697","Cooks-13_UNS","Grizz est","Cooks",12698.415,4,0,0,2022
"2850-57697","2850-57672","Grizz est","Cooks",12698.415,4,0,0,2022
"2850-57697","2850-57575","Grizz est","Cooks",12698.415,4,0,0,2022
"2850-57697","2850-57664","Grizz est","Cooks",12698.415,3,0,0,2022
"2850-57697","2850-57663","Grizz est","Cooks",12698.415,7,0,0,2022
"2850-57697","2850-57853","Grizz est","Cooks",12698.415,10,0,0,2022
"2850-57697","2850-57609","Grizz est","Cooks",12698.415,5,0,0,2022
"2850-57697","2850-57874","Grizz est","Make Believe",9492.861087,2,0,0,2022
"2850-57697","2811-83207","Grizz est","Dome House est",7223.958438,4,0,0,2022
"2850-57697","2850-57700","Grizz est","Cooks",12698.415,4,0,0,2022
"2850-57697","2850-57635","Grizz est","Make Believe",9492.861087,8,0,0,2022
"2850-57697","2850-57878","Grizz est","Make Believe",9492.861087,3,0,0,2022
"2850-57697","2850-57576","Grizz est","Make Believe",9492.861087,6,0,0,2022
"2850-57697","2850-57640","Grizz est","McCauley est",6124.898915,6,0,0,2022
"2850-57697","2850-57692","Grizz est","Martes est",7425.779049,6,0,0,2022
"2850-57697","2850-57872","Grizz est","Make Believe",9492.861087,8,0,0,2022
"2850-57697","2850-57698","Grizz est","Speedwell est",6358.273376,4,0,0,2022
"2850-57697","2850-57753","Grizz est","McCauley est",6124.898915,4,0,0,2022
"2850-57697","2640-97596","Grizz est","Make Believe",9492.861087,10,0,0,2022
"2850-57697","2850-57645","Grizz est","Struthers main",6153.837017,4,0,0,2022
"2850-57697","2850-57550","Grizz est","Mary Anns est",8680.242731,3,0,0,2022
"2850-57697","2850-57551","Grizz est","Struthers main",6153.837017,10,0,0,2022
"2850-57697","2850-57608","Grizz est","Urban Farm Girlz Sheep Shed",7121.089275,3,0,0,2022
"2850-57697","2850-57629","Grizz est","Urban Farm Girlz Sheep Shed",7121.089275,7,0,0,2022
"2850-57701","2850-57572","Schaaps","Blue Cloud main",6302.735018,5,0,0,2022
"2850-57701","2850-57871","Schaaps","Blue Cloud main",6302.735018,6,0,0,2022
"2850-57701","2850-57869","Schaaps","Blue Cloud main",6302.735018,6,0,0,2022
"2850-57701","2850-57685","Schaaps","Boyer",5585.679033,2,0,0,2022
"2850-57701","2850-57612","Schaaps","Blue Cloud main",6302.735018,10,0,0,2022
"2850-57701","2850-57688","Schaaps","Boyer",5585.679033,5,0,0,2022
"2850-57701","2850-57870","Schaaps","Blue Cloud Middle Shed",6335.802989,1,0,0,2022
"2850-57701","2640-97331","Schaaps","CHR",10327.46931,8,0,0,2022
"2850-57701","2850-57735","Schaaps","CHR",10327.46931,5,0,0,2022
"2850-57701","2850-57667","Schaaps","Cathys est",6915.132474,1,0,0,2022
"2850-57701","2850-57650","Schaaps","CHR",10327.46931,7,0,0,2022
"2850-57701","2850-57588","Schaaps","CHR",10327.46931,4,0,0,2022
"2850-57701","2850-57585","Schaaps","CHR",10327.46931,5,0,0,2022
"2850-57701","2640-97358","Schaaps","CHR",10327.46931,7,0,0,2022
"2850-57701","2850-57649","Schaaps","CHR",10327.46931,8,0,0,2022
"2850-57701","2850-57652","Schaaps","CHR",10327.46931,6,0,0,2022
"2850-57701","2850-57670","Schaaps","CHR",10327.46931,5,0,0,2022
"2850-57701","2850-57736","Schaaps","CHR",10327.46931,5,0,0,2022
"2850-57701","2850-57730","Schaaps","CHR",10327.46931,9,0,0,2022
"2850-57701","2850-57571","Schaaps","CHR",10327.46931,4,0,0,2022
"2850-57701","2850-57656","Schaaps","CHR",10327.46931,5,0,0,2022
"2850-57701","2850-57654","Schaaps","CHR",10327.46931,4,0,0,2022
"2850-57701","2850-57583","Schaaps","CHR",10327.46931,8,0,0,2022
"2850-57701","2850-57746","Schaaps","CHR",10327.46931,7,0,0,2022
"2850-57701","2850-57568","Schaaps","CHR",10327.46931,7,0,0,2022
"2850-57701","2850-57883","Schaaps","CHR",10327.46931,8,0,0,2022
"2850-57701","2850-57879","Schaaps","CHR",10327.46931,8,0,0,2022
"2850-57701","2870-65003","Schaaps","CHR",10327.46931,5,0,0,2022
"2850-57701","2811-38984","Schaaps","CHR",10327.46931,7,0,0,2022
"2850-57701","2850-57846","Schaaps","CHR",10327.46931,6,0,0,2022
"2850-57701","2850-57648","Schaaps","CHR",10327.46931,4,0,0,2022
"2850-57701","2870-64909","Schaaps","CHR",10327.46931,4,0,0,2022
"2850-57701","2850-57575","Schaaps","Cooks",14316.31219,4,0,0,2022
"2850-57701","2850-57609","Schaaps","Cooks",14316.31219,5,0,0,2022
"2850-57701","Cooks-13_UNS","Schaaps","Cooks",14316.31219,4,0,0,2022
"2850-57701","2850-57637","Schaaps","Cooks",14316.31219,1,0,0,2022
"2850-57701","2850-57672","Schaaps","Cooks",14316.31219,4,0,0,2022
"2850-57701","2850-57663","Schaaps","Cooks",14316.31219,7,0,0,2022
"2850-57701","2850-57664","Schaaps","Cooks",14316.31219,3,0,0,2022
"2850-57701","2850-57853","Schaaps","Cooks",14316.31219,10,0,0,2022
"2850-57701","2850-57700","Schaaps","Cooks",14316.31219,4,0,0,2022
"2850-57701","2850-57661","Schaaps","Karens est",9885.553335,3,0,0,2022
"2850-57701","2850-57874","Schaaps","Make Believe",8944.936855,2,0,0,2022
"2850-57701","2850-57635","Schaaps","Make Believe",8944.936855,8,0,0,2022
"2850-57701","2850-57878","Schaaps","Make Believe",8944.936855,3,0,0,2022
"2850-57701","2811-83207","Schaaps","Dome House est",4748.689964,4,0,0,2022
"2850-57701","2850-57576","Schaaps","Make Believe",8944.936855,6,0,0,2022
"2850-57701","2850-57872","Schaaps","Make Believe",8944.936855,8,0,0,2022
"2850-57701","2850-57550","Schaaps","Mary Anns est",7017.188766,3,0,0,2022
"2850-57701","2640-97596","Schaaps","Make Believe",8944.936855,10,0,0,2022
"2850-57701","2850-57692","Schaaps","Martes est",5245.804396,6,0,0,2022
"2850-57701","2850-57629","Schaaps","Urban Farm Girlz Sheep Shed",4582.444628,7,0,0,2022
"2850-57701","2850-57753","Schaaps","McCauley est",7275.84501,4,0,0,2022
"2850-57701","2850-57640","Schaaps","McCauley est",7275.84501,6,0,0,2022
"2850-57701","2850-57551","Schaaps","Struthers main",5896.626973,10,0,0,2022
"2850-57701","2850-57698","Schaaps","Speedwell est",5484.753839,4,0,0,2022
"2850-57701","2850-57645","Schaaps","Struthers main",5896.626973,4,0,0,2022
"2850-57701","2850-57608","Schaaps","Urban Farm Girlz Sheep Shed",4582.444628,3,0,0,2022
"2850-57743","2850-57869","CHR","Blue Cloud main",4098.901931,6,0,0,2022
"2850-57743","2850-57871","CHR","Blue Cloud main",4098.901931,6,0,0,2022
"2850-57743","2850-57572","CHR","Blue Cloud main",4098.901931,5,0,0,2022
"2850-57743","2850-57612","CHR","Blue Cloud main",4098.901931,10,0,0,2022
"2850-57743","2850-57685","CHR","Boyer",7918.345849,2,0,0,2022
"2850-57743","2850-57688","CHR","Boyer",7918.345849,5,0,0,2022
"2850-57743","2850-57870","CHR","Blue Cloud Middle Shed",4095.447993,1,0,0,2022
"2850-57743","2850-57667","CHR","Cathys est",7669.293552,1,0,0,2022
"2850-57743","2850-57575","CHR","Cooks",3998.148258,4,0,0,2022
"2850-57743","2850-57663","CHR","Cooks",3998.148258,7,0,0,2022
"2850-57743","2850-57853","CHR","Cooks",3998.148258,10,0,0,2022
"2850-57743","2850-57637","CHR","Cooks",3998.148258,1,0,0,2022
"2850-57743","2850-57609","CHR","Cooks",3998.148258,5,0,0,2022
"2850-57743","Cooks-13_UNS","CHR","Cooks",3998.148258,4,0,0,2022
"2850-57743","2850-57664","CHR","Cooks",3998.148258,3,0,0,2022
"2850-57743","2850-57672","CHR","Cooks",3998.148258,4,0,0,2022
"2850-57743","2811-83207","CHR","Dome House est",9069.221045,4,0,0,2022
"2850-57743","2850-57700","CHR","Cooks",3998.148258,4,0,0,2022
"2850-57743","2850-57661","CHR","Karens est",472.2447997,3,0,0,2022
"2850-57743","2850-57878","CHR","Make Believe",4912.593342,3,0,0,2022
"2850-57743","2640-97596","CHR","Make Believe",4912.593342,10,0,0,2022
"2850-57743","2850-57576","CHR","Make Believe",4912.593342,6,0,0,2022
"2850-57743","2850-57874","CHR","Make Believe",4912.593342,2,0,0,2022
"2850-57743","2850-57872","CHR","Make Believe",4912.593342,8,0,0,2022
"2850-57743","2850-57635","CHR","Make Believe",4912.593342,8,0,0,2022
"2850-57743","2850-57692","CHR","Martes est",8462.904111,6,0,0,2022
"2850-57743","2850-57753","CHR","McCauley est",3047.854589,4,0,0,2022
"2850-57743","2850-57550","CHR","Mary Anns est",7493.669043,3,0,0,2022
"2850-57743","2850-57645","CHR","Struthers main",5026.901367,4,0,0,2022
"2850-57743","2850-57698","CHR","Speedwell est",6015.097136,4,0,0,2022
"2850-57743","2850-57640","CHR","McCauley est",3047.854589,6,0,0,2022
"2850-57743","2850-57608","CHR","Urban Farm Girlz Sheep Shed",9185.52607,3,0,0,2022
"2850-57743","2850-57551","CHR","Struthers main",5026.901367,10,0,0,2022
"2850-57743","2850-57629","CHR","Urban Farm Girlz Sheep Shed",9185.52607,7,0,0,2022
"2850-57889","2850-57612","Mayas est","Blue Cloud main",3160.370672,10,0,0,2022
"2850-57889","2850-57870","Mayas est","Blue Cloud Middle Shed",3160.454104,1,0,0,2022
"2850-57889","2850-57572","Mayas est","Blue Cloud main",3160.370672,5,0,0,2022
"2850-57889","2850-57869","Mayas est","Blue Cloud main",3160.370672,6,0,0,2022
"2850-57889","2850-57871","Mayas est","Blue Cloud main",3160.370672,6,0,0,2022
"2850-57889","2850-57688","Mayas est","Boyer",7128.769935,5,0,0,2022
"2850-57889","2850-57685","Mayas est","Boyer",7128.769935,2,0,0,2022
"2850-57889","2640-97331","Mayas est","CHR",933.8742003,8,0,0,2022
"2850-57889","2640-97358","Mayas est","CHR",933.8742003,7,0,0,2022
"2850-57889","2850-57650","Mayas est","CHR",933.8742003,7,0,0,2022
"2850-57889","2850-57667","Mayas est","Cathys est",6984.468797,1,0,0,2022
"2850-57889","2850-57735","Mayas est","CHR",933.8742003,5,0,0,2022
"2850-57889","2850-57649","Mayas est","CHR",933.8742003,8,0,0,2022
"2850-57889","2850-57585","Mayas est","CHR",933.8742003,5,0,0,2022
"2850-57889","2850-57670","Mayas est","CHR",933.8742003,5,0,0,2022
"2850-57889","2850-57736","Mayas est","CHR",933.8742003,5,0,0,2022
"2850-57889","2850-57571","Mayas est","CHR",933.8742003,4,0,0,2022
"2850-57889","2850-57652","Mayas est","CHR",933.8742003,6,0,0,2022
"2850-57889","2850-57654","Mayas est","CHR",933.8742003,4,0,0,2022
"2850-57889","2850-57588","Mayas est","CHR",933.8742003,4,2,0.5,2022
"2850-57889","2850-57746","Mayas est","CHR",933.8742003,7,0,0,2022
"2850-57889","2850-57730","Mayas est","CHR",933.8742003,9,0,0,2022
"2850-57889","2850-57583","Mayas est","CHR",933.8742003,8,0,0,2022
"2850-57889","2850-57656","Mayas est","CHR",933.8742003,5,0,0,2022
"2850-57889","2811-38984","Mayas est","CHR",933.8742003,7,0,0,2022
"2850-57889","2850-57568","Mayas est","CHR",933.8742003,7,0,0,2022
"2850-57889","2850-57883","Mayas est","CHR",933.8742003,8,0,0,2022
"2850-57889","2850-57846","Mayas est","CHR",933.8742003,6,0,0,2022
"2850-57889","2850-57648","Mayas est","CHR",933.8742003,4,0,0,2022
"2850-57889","2870-65003","Mayas est","CHR",933.8742003,5,0,0,2022
"2850-57889","2850-57879","Mayas est","CHR",933.8742003,8,0,0,2022
"2850-57889","2850-57575","Mayas est","Cooks",4960.277792,4,0,0,2022
"2850-57889","2870-64909","Mayas est","CHR",933.8742003,4,0,0,2022
"2850-57889","2850-57637","Mayas est","Cooks",4960.277792,1,0,0,2022
"2850-57889","2850-57609","Mayas est","Cooks",4960.277792,5,0,0,2022
"2850-57889","Cooks-13_UNS","Mayas est","Cooks",4960.277792,4,0,0,2022
"2850-57889","2850-57663","Mayas est","Cooks",4960.277792,7,0,0,2022
"2850-57889","2850-57672","Mayas est","Cooks",4960.277792,4,0,0,2022
"2850-57889","2850-57664","Mayas est","Cooks",4960.277792,3,0,0,2022
"2850-57889","2811-83207","Mayas est","Dome House est",8232.085355,4,0,0,2022
"2850-57889","2850-57700","Mayas est","Cooks",4960.277792,4,0,0,2022
"2850-57889","2850-57878","Mayas est","Make Believe",4502.170914,3,0,0,2022
"2850-57889","2850-57661","Mayas est","Karens est",542.253977,3,0,0,2022
"2850-57889","2850-57576","Mayas est","Make Believe",4502.170914,6,0,0,2022
"2850-57889","2850-57874","Mayas est","Make Believe",4502.170914,2,0,0,2022
"2850-57889","2850-57853","Mayas est","Cooks",4960.277792,10,0,0,2022
"2850-57889","2850-57635","Mayas est","Make Believe",4502.170914,8,0,0,2022
"2850-57889","2850-57692","Mayas est","Martes est",7652.947606,6,0,0,2022
"2850-57889","2850-57872","Mayas est","Make Believe",4502.170914,8,0,0,2022
"2850-57889","2640-97596","Mayas est","Make Believe",4502.170914,10,0,0,2022
"2850-57889","2850-57608","Mayas est","Urban Farm Girlz Sheep Shed",8340.106515,3,0,0,2022
"2850-57889","2850-57753","Mayas est","McCauley est",2098.640348,4,0,0,2022
"2850-57889","2850-57640","Mayas est","McCauley est",2098.640348,6,0,0,2022
"2850-57889","2850-57551","Mayas est","Struthers main",4147.600318,10,0,0,2022
"2850-57889","2850-57645","Mayas est","Struthers main",4147.600318,4,0,0,2022
"2850-57889","2850-57698","Mayas est","Speedwell est",5163.692786,4,0,0,2022
"2850-57889","2850-57550","Mayas est","Mary Anns est",6818.882867,3,0,0,2022
"2850-57889","2850-57629","Mayas est","Urban Farm Girlz Sheep Shed",8340.106515,7,0,0,2022
"2850-57890","2850-57869","Mayas est","Blue Cloud main",3160.370672,6,0,0,2022
"2850-57890","2850-57572","Mayas est","Blue Cloud main",3160.370672,5,0,0,2022
"2850-57890","2850-57612","Mayas est","Blue Cloud main",3160.370672,10,0,0,2022
"2850-57890","2850-57870","Mayas est","Blue Cloud Middle Shed",3160.454104,1,0,0,2022
"2850-57890","2850-57871","Mayas est","Blue Cloud main",3160.370672,6,0,0,2022
"2850-57890","2850-57685","Mayas est","Boyer",7128.769935,2,0,0,2022
"2850-57890","2850-57688","Mayas est","Boyer",7128.769935,5,0,0,2022
"2850-57890","2850-57667","Mayas est","Cathys est",6984.468797,1,0,0,2022
"2850-57890","2850-57585","Mayas est","CHR",933.8742003,5,0,0,2022
"2850-57890","2640-97358","Mayas est","CHR",933.8742003,7,0,0,2022
"2850-57890","2640-97331","Mayas est","CHR",933.8742003,8,0,0,2022
"2850-57890","2850-57650","Mayas est","CHR",933.8742003,7,0,0,2022
"2850-57890","2850-57588","Mayas est","CHR",933.8742003,4,0,0,2022
"2850-57890","2850-57736","Mayas est","CHR",933.8742003,5,0,0,2022
"2850-57890","2850-57735","Mayas est","CHR",933.8742003,5,0,0,2022
"2850-57890","2850-57649","Mayas est","CHR",933.8742003,8,0,0,2022
"2850-57890","2850-57656","Mayas est","CHR",933.8742003,5,0,0,2022
"2850-57890","2850-57571","Mayas est","CHR",933.8742003,4,0,0,2022
"2850-57890","2850-57670","Mayas est","CHR",933.8742003,5,0,0,2022
"2850-57890","2850-57652","Mayas est","CHR",933.8742003,6,0,0,2022
"2850-57890","2850-57746","Mayas est","CHR",933.8742003,7,0,0,2022
"2850-57890","2850-57654","Mayas est","CHR",933.8742003,4,0,0,2022
"2850-57890","2850-57583","Mayas est","CHR",933.8742003,8,0,0,2022
"2850-57890","2850-57568","Mayas est","CHR",933.8742003,7,0,0,2022
"2850-57890","2850-57730","Mayas est","CHR",933.8742003,9,0,0,2022
"2850-57890","2850-57883","Mayas est","CHR",933.8742003,8,0,0,2022
"2850-57890","2870-65003","Mayas est","CHR",933.8742003,5,0,0,2022
"2850-57890","2850-57879","Mayas est","CHR",933.8742003,8,0,0,2022
"2850-57890","2850-57846","Mayas est","CHR",933.8742003,6,0,0,2022
"2850-57890","2811-38984","Mayas est","CHR",933.8742003,7,0,0,2022
"2850-57890","2850-57637","Mayas est","Cooks",4960.277792,1,0,0,2022
"2850-57890","2850-57648","Mayas est","CHR",933.8742003,4,0,0,2022
"2850-57890","2870-64909","Mayas est","CHR",933.8742003,4,0,0,2022
"2850-57890","2850-57575","Mayas est","Cooks",4960.277792,4,0,0,2022
"2850-57890","2850-57853","Mayas est","Cooks",4960.277792,10,0,0,2022
"2850-57890","2811-83207","Mayas est","Dome House est",8232.085355,4,0,0,2022
"2850-57890","Cooks-13_UNS","Mayas est","Cooks",4960.277792,4,0,0,2022
"2850-57890","2850-57609","Mayas est","Cooks",4960.277792,5,0,0,2022
"2850-57890","2850-57672","Mayas est","Cooks",4960.277792,4,0,0,2022
"2850-57890","2850-57664","Mayas est","Cooks",4960.277792,3,0,0,2022
"2850-57890","2850-57700","Mayas est","Cooks",4960.277792,4,0,0,2022
"2850-57890","2850-57663","Mayas est","Cooks",4960.277792,7,0,0,2022
"2850-57890","2850-57661","Mayas est","Karens est",542.253977,3,0,0,2022
"2850-57890","2850-57874","Mayas est","Make Believe",4502.170914,2,0,0,2022
"2850-57890","2850-57872","Mayas est","Make Believe",4502.170914,8,0,0,2022
"2850-57890","2850-57878","Mayas est","Make Believe",4502.170914,3,0,0,2022
"2850-57890","2640-97596","Mayas est","Make Believe",4502.170914,10,0,0,2022
"2850-57890","2850-57698","Mayas est","Speedwell est",5163.692786,4,0,0,2022
"2850-57890","2850-57576","Mayas est","Make Believe",4502.170914,6,0,0,2022
"2850-57890","2850-57753","Mayas est","McCauley est",2098.640348,4,0,0,2022
"2850-57890","2850-57692","Mayas est","Martes est",7652.947606,6,0,0,2022
"2850-57890","2850-57635","Mayas est","Make Believe",4502.170914,8,0,0,2022
"2850-57890","2850-57550","Mayas est","Mary Anns est",6818.882867,3,0,0,2022
"2850-57890","2850-57640","Mayas est","McCauley est",2098.640348,6,0,0,2022
"2850-57890","2850-57551","Mayas est","Struthers main",4147.600318,10,0,0,2022
"2850-57890","2850-57645","Mayas est","Struthers main",4147.600318,4,0,0,2022
"2850-57890","2850-57629","Mayas est","Urban Farm Girlz Sheep Shed",8340.106515,7,0,0,2022
"2850-57890","2850-57608","Mayas est","Urban Farm Girlz Sheep Shed",8340.106515,3,0,0,2022
"2850-57895","2850-57572","Schaaps","Blue Cloud main",6302.735018,5,0,0,2022
"2850-57895","2850-57688","Schaaps","Boyer",5585.679033,5,0,0,2022
"2850-57895","2850-57869","Schaaps","Blue Cloud main",6302.735018,6,0,0,2022
"2850-57895","2850-57871","Schaaps","Blue Cloud main",6302.735018,6,0,0,2022
"2850-57895","2850-57870","Schaaps","Blue Cloud Middle Shed",6335.802989,1,0,0,2022
"2850-57895","2850-57685","Schaaps","Boyer",5585.679033,2,0,0,2022
"2850-57895","2850-57667","Schaaps","Cathys est",6915.132474,1,0,0,2022
"2850-57895","2850-57612","Schaaps","Blue Cloud main",6302.735018,10,0,0,2022
"2850-57895","2850-57585","Schaaps","CHR",10327.46931,5,0,0,2022
"2850-57895","2640-97358","Schaaps","CHR",10327.46931,7,0,0,2022
"2850-57895","2850-57735","Schaaps","CHR",10327.46931,5,0,0,2022
"2850-57895","2850-57650","Schaaps","CHR",10327.46931,7,0,0,2022
"2850-57895","2850-57649","Schaaps","CHR",10327.46931,8,0,0,2022
"2850-57895","2850-57652","Schaaps","CHR",10327.46931,6,0,0,2022
"2850-57895","2850-57571","Schaaps","CHR",10327.46931,4,0,0,2022
"2850-57895","2640-97331","Schaaps","CHR",10327.46931,8,0,0,2022
"2850-57895","2850-57736","Schaaps","CHR",10327.46931,5,0,0,2022
"2850-57895","2850-57588","Schaaps","CHR",10327.46931,4,0,0,2022
"2850-57895","2850-57670","Schaaps","CHR",10327.46931,5,0,0,2022
"2850-57895","2850-57656","Schaaps","CHR",10327.46931,5,0,0,2022
"2850-57895","2850-57746","Schaaps","CHR",10327.46931,7,0,0,2022
"2850-57895","2850-57654","Schaaps","CHR",10327.46931,4,0,0,2022
"2850-57895","2850-57730","Schaaps","CHR",10327.46931,9,0,0,2022
"2850-57895","2850-57568","Schaaps","CHR",10327.46931,7,0,0,2022
"2850-57895","2850-57883","Schaaps","CHR",10327.46931,8,0,0,2022
"2850-57895","2850-57846","Schaaps","CHR",10327.46931,6,0,0,2022
"2850-57895","2850-57583","Schaaps","CHR",10327.46931,8,0,0,2022
"2850-57895","2811-38984","Schaaps","CHR",10327.46931,7,0,0,2022
"2850-57895","2850-57648","Schaaps","CHR",10327.46931,4,0,0,2022
"2850-57895","2850-57879","Schaaps","CHR",10327.46931,8,0,0,2022
"2850-57895","2870-65003","Schaaps","CHR",10327.46931,5,0,0,2022
"2850-57895","2870-64909","Schaaps","CHR",10327.46931,4,0,0,2022
"2850-57895","2850-57637","Schaaps","Cooks",14316.31219,1,0,0,2022
"2850-57895","2850-57609","Schaaps","Cooks",14316.31219,5,0,0,2022
"2850-57895","2850-57661","Schaaps","Karens est",9885.553335,3,0,0,2022
"2850-57895","2850-57700","Schaaps","Cooks",14316.31219,4,0,0,2022
"2850-57895","Cooks-13_UNS","Schaaps","Cooks",14316.31219,4,0,0,2022
"2850-57895","2850-57575","Schaaps","Cooks",14316.31219,4,0,0,2022
"2850-57895","2850-57664","Schaaps","Cooks",14316.31219,3,0,0,2022
"2850-57895","2850-57663","Schaaps","Cooks",14316.31219,7,0,0,2022
"2850-57895","2850-57672","Schaaps","Cooks",14316.31219,4,0,0,2022
"2850-57895","2850-57874","Schaaps","Make Believe",8944.936855,2,0,0,2022
"2850-57895","2811-83207","Schaaps","Dome House est",4748.689964,4,0,0,2022
"2850-57895","2850-57635","Schaaps","Make Believe",8944.936855,8,0,0,2022
"2850-57895","2850-57853","Schaaps","Cooks",14316.31219,10,0,0,2022
"2850-57895","2850-57878","Schaaps","Make Believe",8944.936855,3,0,0,2022
"2850-57895","2850-57576","Schaaps","Make Believe",8944.936855,6,0,0,2022
"2850-57895","2850-57753","Schaaps","McCauley est",7275.84501,4,0,0,2022
"2850-57895","2850-57872","Schaaps","Make Believe",8944.936855,8,0,0,2022
"2850-57895","2640-97596","Schaaps","Make Believe",8944.936855,10,0,0,2022
"2850-57895","2850-57550","Schaaps","Mary Anns est",7017.188766,3,0,0,2022
"2850-57895","2850-57640","Schaaps","McCauley est",7275.84501,6,0,0,2022
"2850-57895","2850-57692","Schaaps","Martes est",5245.804396,6,0,0,2022
"2850-57895","2850-57698","Schaaps","Speedwell est",5484.753839,4,0,0,2022
"2850-57895","2850-57629","Schaaps","Urban Farm Girlz Sheep Shed",4582.444628,7,0,0,2022
"2850-57895","2850-57608","Schaaps","Urban Farm Girlz Sheep Shed",4582.444628,3,0,0,2022
"2850-57895","2850-57645","Schaaps","Struthers main",5896.626973,4,0,0,2022
"2850-57895","2850-57551","Schaaps","Struthers main",5896.626973,10,0,0,2022
"2850-57897","2850-57870","Cargill est","Blue Cloud Middle Shed",7534.498162,1,0,0,2022
"2850-57897","2850-57869","Cargill est","Blue Cloud main",7511.536869,6,0,0,2022
"2850-57897","2850-57572","Cargill est","Blue Cloud main",7511.536869,5,0,0,2022
"2850-57897","2850-57688","Cargill est","Boyer",11754.28006,5,0,0,2022
"2850-57897","2850-57612","Cargill est","Blue Cloud main",7511.536869,10,0,0,2022
"2850-57897","2850-57871","Cargill est","Blue Cloud main",7511.536869,6,0,0,2022
"2850-57897","2850-57685","Cargill est","Boyer",11754.28006,2,0,0,2022
"2850-57897","2850-57650","Cargill est","CHR",3994.085499,7,0,0,2022
"2850-57897","2850-57585","Cargill est","CHR",3994.085499,5,0,0,2022
"2850-57897","2640-97331","Cargill est","CHR",3994.085499,8,0,0,2022
"2850-57897","2850-57649","Cargill est","CHR",3994.085499,8,0,0,2022
"2850-57897","2640-97358","Cargill est","CHR",3994.085499,7,0,0,2022
"2850-57897","2850-57736","Cargill est","CHR",3994.085499,5,0,0,2022
"2850-57897","2850-57735","Cargill est","CHR",3994.085499,5,0,0,2022
"2850-57897","2850-57571","Cargill est","CHR",3994.085499,4,0,0,2022
"2850-57897","2850-57667","Cargill est","Cathys est",11639.39045,1,0,0,2022
"2850-57897","2850-57588","Cargill est","CHR",3994.085499,4,0,0,2022
"2850-57897","2850-57652","Cargill est","CHR",3994.085499,6,0,0,2022
"2850-57897","2850-57746","Cargill est","CHR",3994.085499,7,0,0,2022
"2850-57897","2850-57656","Cargill est","CHR",3994.085499,5,0,0,2022
"2850-57897","2850-57568","Cargill est","CHR",3994.085499,7,0,0,2022
"2850-57897","2850-57670","Cargill est","CHR",3994.085499,5,0,0,2022
"2850-57897","2850-57730","Cargill est","CHR",3994.085499,9,0,0,2022
"2850-57897","2850-57583","Cargill est","CHR",3994.085499,8,0,0,2022
"2850-57897","2850-57883","Cargill est","CHR",3994.085499,8,0,0,2022
"2850-57897","2850-57846","Cargill est","CHR",3994.085499,6,0,0,2022
"2850-57897","2850-57879","Cargill est","CHR",3994.085499,8,0,0,2022
"2850-57897","2850-57654","Cargill est","CHR",3994.085499,4,0,0,2022
"2850-57897","2811-38984","Cargill est","CHR",3994.085499,7,0,0,2022
"2850-57897","2870-65003","Cargill est","CHR",3994.085499,5,0,0,2022
"2850-57897","2870-64909","Cargill est","CHR",3994.085499,4,0,0,2022
"2850-57897","2850-57648","Cargill est","CHR",3994.085499,4,0,0,2022
"2850-57897","2850-57853","Cargill est","Cooks",3008.036321,10,0,0,2022
"2850-57897","Cooks-13_UNS","Cargill est","Cooks",3008.036321,4,0,0,2022
"2850-57897","2850-57575","Cargill est","Cooks",3008.036321,4,0,0,2022
"2850-57897","2850-57672","Cargill est","Cooks",3008.036321,4,0,0,2022
"2850-57897","2850-57637","Cargill est","Cooks",3008.036321,1,0,0,2022
"2850-57897","2850-57609","Cargill est","Cooks",3008.036321,5,0,0,2022
"2850-57897","2850-57663","Cargill est","Cooks",3008.036321,7,0,0,2022
"2850-57897","2850-57700","Cargill est","Cooks",3008.036321,4,0,0,2022
"2850-57897","2850-57664","Cargill est","Cooks",3008.036321,3,0,0,2022
"2850-57897","2850-57661","Cargill est","Karens est",4131.537425,3,0,0,2022
"2850-57897","2811-83207","Cargill est","Dome House est",12792.2481,4,0,0,2022
"2850-57897","2850-57874","Cargill est","Make Believe",8934.417156,2,0,0,2022
"2850-57897","2850-57878","Cargill est","Make Believe",8934.417156,3,0,0,2022
"2850-57897","2850-57872","Cargill est","Make Believe",8934.417156,8,0,0,2022
"2850-57897","2640-97596","Cargill est","Make Believe",8934.417156,10,0,0,2022
"2850-57897","2850-57550","Cargill est","Mary Anns est",11471.65385,3,0,0,2022
"2850-57897","2850-57576","Cargill est","Make Believe",8934.417156,6,0,0,2022
"2850-57897","2850-57635","Cargill est","Make Believe",8934.417156,8,0,0,2022
"2850-57897","2850-57692","Cargill est","Martes est",12255.53493,6,0,0,2022
"2850-57897","2850-57640","Cargill est","McCauley est",6173.497873,6,0,0,2022
"2850-57897","2850-57753","Cargill est","McCauley est",6173.497873,4,0,0,2022
"2850-57897","2850-57698","Cargill est","Speedwell est",9727.873731,4,0,0,2022
"2850-57897","2850-57608","Cargill est","Urban Farm Girlz Sheep Shed",12884.12248,3,0,0,2022
"2850-57897","2850-57645","Cargill est","Struthers main",8676.920696,4,0,0,2022
"2850-57897","2850-57551","Cargill est","Struthers main",8676.920696,10,0,0,2022
"2850-57897","2850-57629","Cargill est","Urban Farm Girlz Sheep Shed",12884.12248,7,0,0,2022
"2850-57898","2850-57612","Grizz est","Blue Cloud main",5800.507097,10,0,0,2022
"2850-57898","2850-57572","Grizz est","Blue Cloud main",5800.507097,5,0,0,2022
"2850-57898","2850-57870","Grizz est","Blue Cloud Middle Shed",5861.833044,1,0,0,2022
"2850-57898","2850-57869","Grizz est","Blue Cloud main",5800.507097,6,0,0,2022
"2850-57898","2850-57650","Grizz est","CHR",9043.332152,7,0,0,2022
"2850-57898","2850-57871","Grizz est","Blue Cloud main",5800.507097,6,0,0,2022
"2850-57898","2850-57685","Grizz est","Boyer",7507.429375,2,0,0,2022
"2850-57898","2850-57585","Grizz est","CHR",9043.332152,5,0,0,2022
"2850-57898","2850-57688","Grizz est","Boyer",7507.429375,5,0,0,2022
"2850-57898","2850-57667","Grizz est","Cathys est",8653.598166,1,0,0,2022
"2850-57898","2850-57588","Grizz est","CHR",9043.332152,4,0,0,2022
"2850-57898","2640-97358","Grizz est","CHR",9043.332152,7,0,0,2022
"2850-57898","2640-97331","Grizz est","CHR",9043.332152,8,0,0,2022
"2850-57898","2850-57649","Grizz est","CHR",9043.332152,8,0,0,2022
"2850-57898","2850-57736","Grizz est","CHR",9043.332152,5,0,0,2022
"2850-57898","2850-57571","Grizz est","CHR",9043.332152,4,0,0,2022
"2850-57898","2850-57735","Grizz est","CHR",9043.332152,5,0,0,2022
"2850-57898","2850-57652","Grizz est","CHR",9043.332152,6,0,0,2022
"2850-57898","2850-57670","Grizz est","CHR",9043.332152,5,0,0,2022
"2850-57898","2850-57656","Grizz est","CHR",9043.332152,5,0,0,2022
"2850-57898","2850-57746","Grizz est","CHR",9043.332152,7,0,0,2022
"2850-57898","2850-57583","Grizz est","CHR",9043.332152,8,0,0,2022
"2850-57898","2811-38984","Grizz est","CHR",9043.332152,7,0,0,2022
"2850-57898","2850-57568","Grizz est","CHR",9043.332152,7,0,0,2022
"2850-57898","2850-57654","Grizz est","CHR",9043.332152,4,0,0,2022
"2850-57898","2850-57883","Grizz est","CHR",9043.332152,8,0,0,2022
"2850-57898","2850-57730","Grizz est","CHR",9043.332152,9,0,0,2022
"2850-57898","2850-57575","Grizz est","Cooks",12698.415,4,0,0,2022
"2850-57898","2850-57846","Grizz est","CHR",9043.332152,6,0,0,2022
"2850-57898","2850-57879","Grizz est","CHR",9043.332152,8,0,0,2022
"2850-57898","2870-64909","Grizz est","CHR",9043.332152,4,0,0,2022
"2850-57898","2850-57648","Grizz est","CHR",9043.332152,4,0,0,2022
"2850-57898","2870-65003","Grizz est","CHR",9043.332152,5,0,0,2022
"2850-57898","2850-57637","Grizz est","Cooks",12698.415,1,0,0,2022
"2850-57898","Cooks-13_UNS","Grizz est","Cooks",12698.415,4,0,0,2022
"2850-57898","2850-57609","Grizz est","Cooks",12698.415,5,0,0,2022
"2850-57898","2850-57672","Grizz est","Cooks",12698.415,4,0,0,2022
"2850-57898","2850-57664","Grizz est","Cooks",12698.415,3,0,0,2022
"2850-57898","2811-83207","Grizz est","Dome House est",7223.958438,4,0,0,2022
"2850-57898","2850-57663","Grizz est","Cooks",12698.415,7,0,0,2022
"2850-57898","2850-57700","Grizz est","Cooks",12698.415,4,0,0,2022
"2850-57898","2850-57576","Grizz est","Make Believe",9492.861087,6,0,0,2022
"2850-57898","2850-57853","Grizz est","Cooks",12698.415,10,0,0,2022
"2850-57898","2850-57661","Grizz est","Karens est",8552.232388,3,0,0,2022
"2850-57898","2850-57878","Grizz est","Make Believe",9492.861087,3,0,0,2022
"2850-57898","2850-57872","Grizz est","Make Believe",9492.861087,8,0,0,2022
"2850-57898","2850-57874","Grizz est","Make Believe",9492.861087,2,0,0,2022
"2850-57898","2850-57635","Grizz est","Make Believe",9492.861087,8,0,0,2022
"2850-57898","2640-97596","Grizz est","Make Believe",9492.861087,10,0,0,2022
"2850-57898","2850-57692","Grizz est","Martes est",7425.779049,6,0,0,2022
"2850-57898","2850-57698","Grizz est","Speedwell est",6358.273376,4,0,0,2022
"2850-57898","2850-57550","Grizz est","Mary Anns est",8680.242731,3,0,0,2022
"2850-57898","2850-57753","Grizz est","McCauley est",6124.898915,4,0,0,2022
"2850-57898","2850-57645","Grizz est","Struthers main",6153.837017,4,0,0,2022
"2850-57898","2850-57640","Grizz est","McCauley est",6124.898915,6,0,0,2022
"2850-57898","2850-57608","Grizz est","Urban Farm Girlz Sheep Shed",7121.089275,3,0,0,2022
"2850-57898","2850-57551","Grizz est","Struthers main",6153.837017,10,0,0,2022
"2850-57898","2850-57629","Grizz est","Urban Farm Girlz Sheep Shed",7121.089275,7,0,0,2022
"2870-64907","2850-57869","CHR","Blue Cloud main",4098.901931,6,0,0,2022
"2870-64907","2850-57612","CHR","Blue Cloud main",4098.901931,10,0,0,2022
"2870-64907","2850-57688","CHR","Boyer",7918.345849,5,0,0,2022
"2870-64907","2850-57572","CHR","Blue Cloud main",4098.901931,5,0,0,2022
"2870-64907","2850-57667","CHR","Cathys est",7669.293552,1,0,0,2022
"2870-64907","2850-57685","CHR","Boyer",7918.345849,2,0,0,2022
"2870-64907","2850-57870","CHR","Blue Cloud Middle Shed",4095.447993,1,0,0,2022
"2870-64907","2850-57871","CHR","Blue Cloud main",4098.901931,6,0,0,2022
"2870-64907","Cooks-13_UNS","CHR","Cooks",3998.148258,4,0,0,2022
"2870-64907","2850-57637","CHR","Cooks",3998.148258,1,0,0,2022
"2870-64907","2850-57609","CHR","Cooks",3998.148258,5,0,0,2022
"2870-64907","2850-57575","CHR","Cooks",3998.148258,4,0,0,2022
"2870-64907","2850-57672","CHR","Cooks",3998.148258,4,0,0,2022
"2870-64907","2850-57664","CHR","Cooks",3998.148258,3,0,0,2022
"2870-64907","2850-57663","CHR","Cooks",3998.148258,7,0,0,2022
"2870-64907","2850-57700","CHR","Cooks",3998.148258,4,0,0,2022
"2870-64907","2850-57853","CHR","Cooks",3998.148258,10,0,0,2022
"2870-64907","2850-57576","CHR","Make Believe",4912.593342,6,0,0,2022
"2870-64907","2850-57661","CHR","Karens est",472.2447997,3,0,0,2022
"2870-64907","2850-57874","CHR","Make Believe",4912.593342,2,0,0,2022
"2870-64907","2811-83207","CHR","Dome House est",9069.221045,4,0,0,2022
"2870-64907","2850-57878","CHR","Make Believe",4912.593342,3,0,0,2022
"2870-64907","2850-57872","CHR","Make Believe",4912.593342,8,0,0,2022
"2870-64907","2850-57635","CHR","Make Believe",4912.593342,8,0,0,2022
"2870-64907","2850-57550","CHR","Mary Anns est",7493.669043,3,0,0,2022
"2870-64907","2640-97596","CHR","Make Believe",4912.593342,10,0,0,2022
"2870-64907","2850-57698","CHR","Speedwell est",6015.097136,4,0,0,2022
"2870-64907","2850-57645","CHR","Struthers main",5026.901367,4,0,0,2022
"2870-64907","2850-57640","CHR","McCauley est",3047.854589,6,0,0,2022
"2870-64907","2850-57692","CHR","Martes est",8462.904111,6,0,0,2022
"2870-64907","2850-57753","CHR","McCauley est",3047.854589,4,0,0,2022
"2870-64907","2850-57551","CHR","Struthers main",5026.901367,10,0,0,2022
"2870-64907","2850-57629","CHR","Urban Farm Girlz Sheep Shed",9185.52607,7,0,0,2022
"2870-64907","2850-57608","CHR","Urban Farm Girlz Sheep Shed",9185.52607,3,0,0,2022
"2870-64913","2850-57612","James Ditch est","Blue Cloud main",6228.244095,10,0,0,2022
"2870-64913","2850-57572","James Ditch est","Blue Cloud main",6228.244095,5,0,0,2022
"2870-64913","2850-57870","James Ditch est","Blue Cloud Middle Shed",6218.216346,1,0,0,2022
"2870-64913","2850-57585","James Ditch est","CHR",2143.236081,5,0,0,2022
"2870-64913","2850-57869","James Ditch est","Blue Cloud main",6228.244095,6,0,0,2022
"2870-64913","2850-57685","James Ditch est","Boyer",9722.906493,2,0,0,2022
"2870-64913","2850-57871","James Ditch est","Blue Cloud main",6228.244095,6,0,0,2022
"2870-64913","2850-57667","James Ditch est","Cathys est",9274.6531,1,0,0,2022
"2870-64913","2850-57688","James Ditch est","Boyer",9722.906493,5,0,0,2022
"2870-64913","2850-57736","James Ditch est","CHR",2143.236081,5,0,0,2022
"2870-64913","2640-97358","James Ditch est","CHR",2143.236081,7,0,0,2022
"2870-64913","2640-97331","James Ditch est","CHR",2143.236081,8,0,0,2022
"2870-64913","2850-57650","James Ditch est","CHR",2143.236081,7,0,0,2022
"2870-64913","2850-57652","James Ditch est","CHR",2143.236081,6,0,0,2022
"2870-64913","2850-57649","James Ditch est","CHR",2143.236081,8,0,0,2022
"2870-64913","2850-57588","James Ditch est","CHR",2143.236081,4,0,0,2022
"2870-64913","2850-57735","James Ditch est","CHR",2143.236081,5,0,0,2022
"2870-64913","2850-57670","James Ditch est","CHR",2143.236081,5,0,0,2022
"2870-64913","2850-57571","James Ditch est","CHR",2143.236081,4,0,0,2022
"2870-64913","2850-57730","James Ditch est","CHR",2143.236081,9,0,0,2022
"2870-64913","2850-57654","James Ditch est","CHR",2143.236081,4,0,0,2022
"2870-64913","2850-57746","James Ditch est","CHR",2143.236081,7,0,0,2022
"2870-64913","2850-57656","James Ditch est","CHR",2143.236081,5,0,0,2022
"2870-64913","2850-57883","James Ditch est","CHR",2143.236081,8,0,0,2022
"2870-64913","2811-38984","James Ditch est","CHR",2143.236081,7,0,0,2022
"2870-64913","2850-57583","James Ditch est","CHR",2143.236081,8,0,0,2022
"2870-64913","2850-57568","James Ditch est","CHR",2143.236081,7,0,0,2022
"2870-64913","2850-57879","James Ditch est","CHR",2143.236081,8,0,0,2022
"2870-64913","2850-57846","James Ditch est","CHR",2143.236081,6,0,0,2022
"2870-64913","2850-57648","James Ditch est","CHR",2143.236081,4,0,0,2022
"2870-64913","2870-65003","James Ditch est","CHR",2143.236081,5,0,0,2022
"2870-64913","2850-57575","James Ditch est","Cooks",2017.501613,4,0,0,2022
"2870-64913","2870-64909","James Ditch est","CHR",2143.236081,4,0,0,2022
"2870-64913","2850-57609","James Ditch est","Cooks",2017.501613,5,0,0,2022
"2870-64913","2850-57637","James Ditch est","Cooks",2017.501613,1,0,0,2022
"2870-64913","Cooks-13_UNS","James Ditch est","Cooks",2017.501613,4,0,0,2022
"2870-64913","2850-57664","James Ditch est","Cooks",2017.501613,3,0,0,2022
"2870-64913","2850-57700","James Ditch est","Cooks",2017.501613,4,0,0,2022
"2870-64913","2850-57853","James Ditch est","Cooks",2017.501613,10,0,0,2022
"2870-64913","2850-57672","James Ditch est","Cooks",2017.501613,4,0,0,2022
"2870-64913","2850-57874","James Ditch est","Make Believe",6138.261922,2,0,0,2022
"2870-64913","2850-57663","James Ditch est","Cooks",2017.501613,7,0,0,2022
"2870-64913","2850-57661","James Ditch est","Karens est",2629.104175,3,0,0,2022
"2870-64913","2850-57878","James Ditch est","Make Believe",6138.261922,3,0,0,2022
"2870-64913","2850-57692","James Ditch est","Martes est",10300.5454,6,0,0,2022
"2870-64913","2811-83207","James Ditch est","Dome House est",10957.13915,4,0,0,2022
"2870-64913","2850-57872","James Ditch est","Make Believe",6138.261922,8,0,0,2022
"2870-64913","2850-57576","James Ditch est","Make Believe",6138.261922,6,0,0,2022
"2870-64913","2640-97596","James Ditch est","Make Believe",6138.261922,10,0,0,2022
"2870-64913","2850-57635","James Ditch est","Make Believe",6138.261922,8,0,0,2022
"2870-64913","2850-57550","James Ditch est","Mary Anns est",9083.968334,3,0,0,2022
"2870-64913","2850-57640","James Ditch est","McCauley est",5227.320889,6,0,0,2022
"2870-64913","2850-57698","James Ditch est","Speedwell est",7966.221331,4,0,0,2022
"2870-64913","2850-57753","James Ditch est","McCauley est",5227.320889,4,0,0,2022
"2870-64913","2850-57608","James Ditch est","Urban Farm Girlz Sheep Shed",11089.55595,3,0,0,2022
"2870-64913","2850-57551","James Ditch est","Struthers main",7042.386822,10,0,0,2022
"2870-64913","2850-57645","James Ditch est","Struthers main",7042.386822,4,0,0,2022
"2870-64913","2850-57629","James Ditch est","Urban Farm Girlz Sheep Shed",11089.55595,7,0,0,2022
"2870-64918","2850-57572","Boyer","Blue Cloud main",4432.865572,5,0,0,2022
"2870-64918","2850-57612","Boyer","Blue Cloud main",4432.865572,10,0,0,2022
"2870-64918","2850-57869","Boyer","Blue Cloud main",4432.865572,6,0,0,2022
"2870-64918","2850-57870","Boyer","Blue Cloud Middle Shed",4398.19486,1,0,0,2022
"2870-64918","2850-57585","Boyer","CHR",7918.345849,5,0,0,2022
"2870-64918","2850-57871","Boyer","Blue Cloud main",4432.865572,6,0,0,2022
"2870-64918","2850-57667","Boyer","Cathys est",1321.64081,1,0,0,2022
"2870-64918","2850-57650","Boyer","CHR",7918.345849,7,0,0,2022
"2870-64918","2640-97358","Boyer","CHR",7918.345849,7,0,0,2022
"2870-64918","2640-97331","Boyer","CHR",7918.345849,8,0,0,2022
"2870-64918","2850-57735","Boyer","CHR",7918.345849,5,0,0,2022
"2870-64918","2850-57649","Boyer","CHR",7918.345849,8,0,0,2022
"2870-64918","2850-57746","Boyer","CHR",7918.345849,7,0,0,2022
"2870-64918","2850-57588","Boyer","CHR",7918.345849,4,0,0,2022
"2870-64918","2850-57736","Boyer","CHR",7918.345849,5,0,0,2022
"2870-64918","2850-57571","Boyer","CHR",7918.345849,4,0,0,2022
"2870-64918","2850-57652","Boyer","CHR",7918.345849,6,0,0,2022
"2870-64918","2850-57568","Boyer","CHR",7918.345849,7,0,0,2022
"2870-64918","2850-57670","Boyer","CHR",7918.345849,5,0,0,2022
"2870-64918","2850-57654","Boyer","CHR",7918.345849,4,0,0,2022
"2870-64918","2850-57656","Boyer","CHR",7918.345849,5,0,0,2022
"2870-64918","2850-57730","Boyer","CHR",7918.345849,9,0,0,2022
"2870-64918","2850-57883","Boyer","CHR",7918.345849,8,0,0,2022
"2870-64918","2850-57583","Boyer","CHR",7918.345849,8,0,0,2022
"2870-64918","2811-38984","Boyer","CHR",7918.345849,7,0,0,2022
"2870-64918","2850-57846","Boyer","CHR",7918.345849,6,0,0,2022
"2870-64918","2850-57879","Boyer","CHR",7918.345849,8,0,0,2022
"2870-64918","2870-65003","Boyer","CHR",7918.345849,5,0,0,2022
"2870-64918","2850-57648","Boyer","CHR",7918.345849,4,0,0,2022
"2870-64918","2870-64909","Boyer","CHR",7918.345849,4,0,0,2022
"2870-64918","2850-57637","Boyer","Cooks",11757.49343,1,0,0,2022
"2870-64918","Cooks-13_UNS","Boyer","Cooks",11757.49343,4,0,0,2022
"2870-64918","2850-57575","Boyer","Cooks",11757.49343,4,0,0,2022
"2870-64918","2850-57609","Boyer","Cooks",11757.49343,5,0,0,2022
"2870-64918","2850-57672","Boyer","Cooks",11757.49343,4,0,0,2022
"2870-64918","2850-57663","Boyer","Cooks",11757.49343,7,0,0,2022
"2870-64918","2811-83207","Boyer","Dome House est",1354.445201,4,0,0,2022
"2870-64918","2850-57661","Boyer","Karens est",7670.061205,3,0,0,2022
"2870-64918","2850-57664","Boyer","Cooks",11757.49343,3,0,0,2022
"2870-64918","2850-57853","Boyer","Cooks",11757.49343,10,0,0,2022
"2870-64918","2850-57700","Boyer","Cooks",11757.49343,4,0,0,2022
"2870-64918","2850-57874","Boyer","Make Believe",4212.841149,2,0,0,2022
"2870-64918","2850-57635","Boyer","Make Believe",4212.841149,8,0,0,2022
"2870-64918","2850-57878","Boyer","Make Believe",4212.841149,3,0,0,2022
"2870-64918","2640-97596","Boyer","Make Believe",4212.841149,10,0,0,2022
"2870-64918","2850-57576","Boyer","Make Believe",4212.841149,6,0,0,2022
"2870-64918","2850-57872","Boyer","Make Believe",4212.841149,8,0,0,2022
"2870-64918","2850-57753","Boyer","McCauley est",5785.507539,4,0,0,2022
"2870-64918","2850-57640","Boyer","McCauley est",5785.507539,6,0,0,2022
"2870-64918","2850-57692","Boyer","Martes est",598.0563279,6,0,0,2022
"2870-64918","2850-57550","Boyer","Mary Anns est",1447.564134,3,0,0,2022
"2870-64918","2850-57645","Boyer","Struthers main",3150.777513,4,0,0,2022
"2870-64918","2850-57698","Boyer","Speedwell est",2103.892922,4,0,0,2022
"2870-64918","2850-57629","Boyer","Urban Farm Girlz Sheep Shed",1535.559226,7,0,0,2022
"2870-64918","2850-57551","Boyer","Struthers main",3150.777513,10,0,0,2022
"2870-64918","2850-57608","Boyer","Urban Farm Girlz Sheep Shed",1535.559226,3,0,0,2022
"2870-65001","2850-57572","Schaaps","Blue Cloud main",6302.735018,5,0,0,2022
"2870-65001","2850-57869","Schaaps","Blue Cloud main",6302.735018,6,0,0,2022
"2870-65001","2850-57612","Schaaps","Blue Cloud main",6302.735018,10,0,0,2022
"2870-65001","2850-57870","Schaaps","Blue Cloud Middle Shed",6335.802989,1,0,0,2022
"2870-65001","2850-57871","Schaaps","Blue Cloud main",6302.735018,6,0,0,2022
"2870-65001","2850-57688","Schaaps","Boyer",5585.679033,5,0,0,2022
"2870-65001","2640-97331","Schaaps","CHR",10327.46931,8,0,0,2022
"2870-65001","2850-57585","Schaaps","CHR",10327.46931,5,0,0,2022
"2870-65001","2850-57685","Schaaps","Boyer",5585.679033,2,0,0,2022
"2870-65001","2850-57736","Schaaps","CHR",10327.46931,5,0,0,2022
"2870-65001","2850-57667","Schaaps","Cathys est",6915.132474,1,0,0,2022
"2870-65001","2640-97358","Schaaps","CHR",10327.46931,7,0,0,2022
"2870-65001","2850-57650","Schaaps","CHR",10327.46931,7,0,0,2022
"2870-65001","2850-57735","Schaaps","CHR",10327.46931,5,0,0,2022
"2870-65001","2850-57649","Schaaps","CHR",10327.46931,8,0,0,2022
"2870-65001","2850-57588","Schaaps","CHR",10327.46931,4,0,0,2022
"2870-65001","2850-57571","Schaaps","CHR",10327.46931,4,0,0,2022
"2870-65001","2850-57652","Schaaps","CHR",10327.46931,6,0,0,2022
"2870-65001","2850-57670","Schaaps","CHR",10327.46931,5,0,0,2022
"2870-65001","2850-57746","Schaaps","CHR",10327.46931,7,0,0,2022
"2870-65001","2850-57730","Schaaps","CHR",10327.46931,9,0,0,2022
"2870-65001","2850-57656","Schaaps","CHR",10327.46931,5,0,0,2022
"2870-65001","2811-38984","Schaaps","CHR",10327.46931,7,0,0,2022
"2870-65001","2850-57654","Schaaps","CHR",10327.46931,4,0,0,2022
"2870-65001","2850-57568","Schaaps","CHR",10327.46931,7,0,0,2022
"2870-65001","2850-57583","Schaaps","CHR",10327.46931,8,0,0,2022
"2870-65001","2850-57879","Schaaps","CHR",10327.46931,8,0,0,2022
"2870-65001","2850-57883","Schaaps","CHR",10327.46931,8,0,0,2022
"2870-65001","2870-65003","Schaaps","CHR",10327.46931,5,0,0,2022
"2870-65001","2850-57846","Schaaps","CHR",10327.46931,6,0,0,2022
"2870-65001","2870-64909","Schaaps","CHR",10327.46931,4,0,0,2022
"2870-65001","2850-57648","Schaaps","CHR",10327.46931,4,0,0,2022
"2870-65001","2850-57609","Schaaps","Cooks",14316.31219,5,0,0,2022
"2870-65001","2850-57637","Schaaps","Cooks",14316.31219,1,0,0,2022
"2870-65001","Cooks-13_UNS","Schaaps","Cooks",14316.31219,4,0,0,2022
"2870-65001","2850-57575","Schaaps","Cooks",14316.31219,4,0,0,2022
"2870-65001","2850-57672","Schaaps","Cooks",14316.31219,4,0,0,2022
"2870-65001","2850-57664","Schaaps","Cooks",14316.31219,3,0,0,2022
"2870-65001","2850-57700","Schaaps","Cooks",14316.31219,4,0,0,2022
"2870-65001","2850-57663","Schaaps","Cooks",14316.31219,7,0,0,2022
"2870-65001","2850-57853","Schaaps","Cooks",14316.31219,10,0,0,2022
"2870-65001","2850-57661","Schaaps","Karens est",9885.553335,3,0,0,2022
"2870-65001","2850-57874","Schaaps","Make Believe",8944.936855,2,0,0,2022
"2870-65001","2811-83207","Schaaps","Dome House est",4748.689964,4,0,0,2022
"2870-65001","2850-57878","Schaaps","Make Believe",8944.936855,3,0,0,2022
"2870-65001","2850-57576","Schaaps","Make Believe",8944.936855,6,0,0,2022
"2870-65001","2850-57550","Schaaps","Mary Anns est",7017.188766,3,0,0,2022
"2870-65001","2850-57872","Schaaps","Make Believe",8944.936855,8,0,0,2022
"2870-65001","2640-97596","Schaaps","Make Believe",8944.936855,10,0,0,2022
"2870-65001","2850-57692","Schaaps","Martes est",5245.804396,6,0,0,2022
"2870-65001","2850-57635","Schaaps","Make Believe",8944.936855,8,0,0,2022
"2870-65001","2850-57640","Schaaps","McCauley est",7275.84501,6,0,0,2022
"2870-65001","2850-57608","Schaaps","Urban Farm Girlz Sheep Shed",4582.444628,3,0,0,2022
"2870-65001","2850-57551","Schaaps","Struthers main",5896.626973,10,0,0,2022
"2870-65001","2850-57698","Schaaps","Speedwell est",5484.753839,4,0,0,2022
"2870-65001","2850-57645","Schaaps","Struthers main",5896.626973,4,0,0,2022
"2870-65001","2850-57753","Schaaps","McCauley est",7275.84501,4,0,0,2022
"2870-65001","2850-57629","Schaaps","Urban Farm Girlz Sheep Shed",4582.444628,7,0,0,2022
"2850-57607","2850-57667","Schaaps","Cathys est",6915.132474,1,0,0,2022
"2850-57607","2850-57869","Schaaps","Blue Cloud main",6302.735018,6,0,0,2022
"2850-57607","2850-57688","Schaaps","Boyer",5585.679033,5,0,0,2022
"2850-57607","2850-57870","Schaaps","Blue Cloud Middle Shed",6335.802989,1,0,0,2022
"2850-57607","2850-57612","Schaaps","Blue Cloud main",6302.735018,10,0,0,2022
"2850-57607","2850-57572","Schaaps","Blue Cloud main",6302.735018,5,0,0,2022
"2850-57607","2850-57685","Schaaps","Boyer",5585.679033,2,0,0,2022
"2850-57607","2850-57871","Schaaps","Blue Cloud main",6302.735018,6,0,0,2022
"2850-57607","2850-57585","Schaaps","CHR",10327.46931,5,0,0,2022
"2850-57607","2640-97358","Schaaps","CHR",10327.46931,7,0,0,2022
"2850-57607","2850-57650","Schaaps","CHR",10327.46931,7,0,0,2022
"2850-57607","2640-97331","Schaaps","CHR",10327.46931,8,0,0,2022
"2850-57607","2850-57735","Schaaps","CHR",10327.46931,5,0,0,2022
"2850-57607","2850-57736","Schaaps","CHR",10327.46931,5,0,0,2022
"2850-57607","2850-57588","Schaaps","CHR",10327.46931,4,0,0,2022
"2850-57607","2850-57649","Schaaps","CHR",10327.46931,8,0,0,2022
"2850-57607","2850-57571","Schaaps","CHR",10327.46931,4,0,0,2022
"2850-57607","2850-57652","Schaaps","CHR",10327.46931,6,0,0,2022
"2850-57607","2850-57654","Schaaps","CHR",10327.46931,4,0,0,2022
"2850-57607","2850-57670","Schaaps","CHR",10327.46931,5,0,0,2022
"2850-57607","2850-57746","Schaaps","CHR",10327.46931,7,0,0,2022
"2850-57607","2850-57730","Schaaps","CHR",10327.46931,9,0,0,2022
"2850-57607","2850-57583","Schaaps","CHR",10327.46931,8,0,0,2022
"2850-57607","2850-57883","Schaaps","CHR",10327.46931,8,0,0,2022
"2850-57607","2850-57568","Schaaps","CHR",10327.46931,7,0,0,2022
"2850-57607","2850-57656","Schaaps","CHR",10327.46931,5,0,0,2022
"2850-57607","2850-57879","Schaaps","CHR",10327.46931,8,0,0,2022
"2850-57607","2870-65003","Schaaps","CHR",10327.46931,5,0,0,2022
"2850-57607","2850-57846","Schaaps","CHR",10327.46931,6,0,0,2022
"2850-57607","2850-57648","Schaaps","CHR",10327.46931,4,0,0,2022
"2850-57607","2811-38984","Schaaps","CHR",10327.46931,7,0,0,2022
"2850-57607","2870-64909","Schaaps","CHR",10327.46931,4,0,0,2022
"2850-57607","2850-57637","Schaaps","Cooks",14316.31219,1,0,0,2022
"2850-57607","Cooks-13_UNS","Schaaps","Cooks",14316.31219,4,0,0,2022
"2850-57607","2850-57672","Schaaps","Cooks",14316.31219,4,0,0,2022
"2850-57607","2850-57664","Schaaps","Cooks",14316.31219,3,0,0,2022
"2850-57607","2850-57575","Schaaps","Cooks",14316.31219,4,0,0,2022
"2850-57607","2850-57609","Schaaps","Cooks",14316.31219,5,0,0,2022
"2850-57607","2850-57853","Schaaps","Cooks",14316.31219,10,0,0,2022
"2850-57607","2850-57663","Schaaps","Cooks",14316.31219,7,0,0,2022
"2850-57607","2850-57661","Schaaps","Karens est",9885.553335,3,0,0,2022
"2850-57607","2811-83207","Schaaps","Dome House est",4748.689964,4,0,0,2022
"2850-57607","2850-57872","Schaaps","Make Believe",8944.936855,8,0,0,2022
"2850-57607","2850-57874","Schaaps","Make Believe",8944.936855,2,0,0,2022
"2850-57607","2850-57700","Schaaps","Cooks",14316.31219,4,0,0,2022
"2850-57607","2850-57692","Schaaps","Martes est",5245.804396,6,0,0,2022
"2850-57607","2850-57576","Schaaps","Make Believe",8944.936855,6,0,0,2022
"2850-57607","2850-57878","Schaaps","Make Believe",8944.936855,3,0,0,2022
"2850-57607","2640-97596","Schaaps","Make Believe",8944.936855,10,0,0,2022
"2850-57607","2850-57635","Schaaps","Make Believe",8944.936855,8,0,0,2022
"2850-57607","2850-57698","Schaaps","Speedwell est",5484.753839,4,0,0,2022
"2850-57607","2850-57550","Schaaps","Mary Anns est",7017.188766,3,0,0,2022
"2850-57607","2850-57608","Schaaps","Urban Farm Girlz Sheep Shed",4582.444628,3,0,0,2022
"2850-57607","2850-57753","Schaaps","McCauley est",7275.84501,4,0,0,2022
"2850-57607","2850-57551","Schaaps","Struthers main",5896.626973,10,0,0,2022
"2850-57607","2850-57645","Schaaps","Struthers main",5896.626973,4,0,0,2022
"2850-57607","2850-57640","Schaaps","McCauley est",7275.84501,6,0,0,2022
"2850-57607","2850-57629","Schaaps","Urban Farm Girlz Sheep Shed",4582.444628,7,0,0,2022
"2850-57642","2850-57612","Sol y Sombra est","Blue Cloud main",9138.03965,10,0,0,2022
"2850-57642","2850-57869","Sol y Sombra est","Blue Cloud main",9138.03965,6,0,0,2022
"2850-57642","2850-57572","Sol y Sombra est","Blue Cloud main",9138.03965,5,0,0,2022
"2850-57642","2850-57688","Sol y Sombra est","Boyer",12579.88142,5,0,0,2022
"2850-57642","2850-57667","Sol y Sombra est","Cathys est",12041.43977,1,0,0,2022
"2850-57642","2850-57870","Sol y Sombra est","Blue Cloud Middle Shed",9130.390141,1,0,0,2022
"2850-57642","2850-57871","Sol y Sombra est","Blue Cloud main",9138.03965,6,0,0,2022
"2850-57642","2850-57650","Sol y Sombra est","CHR",5012.824714,7,0,0,2022
"2850-57642","2850-57685","Sol y Sombra est","Boyer",12579.88142,2,0,0,2022
"2850-57642","2850-57585","Sol y Sombra est","CHR",5012.824714,5,0,0,2022
"2850-57642","2640-97331","Sol y Sombra est","CHR",5012.824714,8,0,0,2022
"2850-57642","2640-97358","Sol y Sombra est","CHR",5012.824714,7,0,0,2022
"2850-57642","2850-57735","Sol y Sombra est","CHR",5012.824714,5,0,0,2022
"2850-57642","2850-57736","Sol y Sombra est","CHR",5012.824714,5,0,0,2022
"2850-57642","2850-57649","Sol y Sombra est","CHR",5012.824714,8,0,0,2022
"2850-57642","2850-57670","Sol y Sombra est","CHR",5012.824714,5,0,0,2022
"2850-57642","2850-57654","Sol y Sombra est","CHR",5012.824714,4,0,0,2022
"2850-57642","2850-57746","Sol y Sombra est","CHR",5012.824714,7,0,0,2022
"2850-57642","2850-57656","Sol y Sombra est","CHR",5012.824714,5,0,0,2022
"2850-57642","2850-57571","Sol y Sombra est","CHR",5012.824714,4,0,0,2022
"2850-57642","2850-57588","Sol y Sombra est","CHR",5012.824714,4,0,0,2022
"2850-57642","2850-57652","Sol y Sombra est","CHR",5012.824714,6,0,0,2022
"2850-57642","2850-57730","Sol y Sombra est","CHR",5012.824714,9,0,0,2022
"2850-57642","2850-57568","Sol y Sombra est","CHR",5012.824714,7,0,0,2022
"2850-57642","2850-57583","Sol y Sombra est","CHR",5012.824714,8,0,0,2022
"2850-57642","2850-57883","Sol y Sombra est","CHR",5012.824714,8,0,0,2022
"2850-57642","2850-57879","Sol y Sombra est","CHR",5012.824714,8,0,0,2022
"2850-57642","2850-57846","Sol y Sombra est","CHR",5012.824714,6,0,0,2022
"2850-57642","2850-57648","Sol y Sombra est","CHR",5012.824714,4,0,0,2022
"2850-57642","2870-65003","Sol y Sombra est","CHR",5012.824714,5,0,0,2022
"2850-57642","2811-38984","Sol y Sombra est","CHR",5012.824714,7,0,0,2022
"2850-57642","2870-64909","Sol y Sombra est","CHR",5012.824714,4,0,0,2022
"2850-57642","2850-57575","Sol y Sombra est","Cooks",1132.213772,4,0,0,2022
"2850-57642","2850-57637","Sol y Sombra est","Cooks",1132.213772,1,0,0,2022
"2850-57642","2850-57609","Sol y Sombra est","Cooks",1132.213772,5,0,0,2022
"2850-57642","Cooks-13_UNS","Sol y Sombra est","Cooks",1132.213772,4,0,0,2022
"2850-57642","2850-57672","Sol y Sombra est","Cooks",1132.213772,4,0,0,2022
"2850-57642","2850-57700","Sol y Sombra est","Cooks",1132.213772,4,0,0,2022
"2850-57642","2850-57663","Sol y Sombra est","Cooks",1132.213772,7,0,0,2022
"2850-57642","2811-83207","Sol y Sombra est","Dome House est",13840.90913,4,0,0,2022
"2850-57642","2850-57664","Sol y Sombra est","Cooks",1132.213772,3,0,0,2022
"2850-57642","2850-57576","Sol y Sombra est","Make Believe",8782.200062,6,0,0,2022
"2850-57642","2850-57661","Sol y Sombra est","Karens est",5468.059933,3,0,0,2022
"2850-57642","2850-57874","Sol y Sombra est","Make Believe",8782.200062,2,0,0,2022
"2850-57642","2850-57853","Sol y Sombra est","Cooks",1132.213772,10,0,0,2022
"2850-57642","2850-57878","Sol y Sombra est","Make Believe",8782.200062,3,0,0,2022
"2850-57642","2850-57640","Sol y Sombra est","McCauley est",8077.915163,6,0,0,2022
"2850-57642","2850-57550","Sol y Sombra est","Mary Anns est",11846.77056,3,0,0,2022
"2850-57642","2640-97596","Sol y Sombra est","Make Believe",8782.200062,10,0,0,2022
"2850-57642","2850-57692","Sol y Sombra est","Martes est",13167.93431,6,0,0,2022
"2850-57642","2850-57872","Sol y Sombra est","Make Believe",8782.200062,8,0,0,2022
"2850-57642","2850-57635","Sol y Sombra est","Make Believe",8782.200062,8,0,0,2022
"2850-57642","2850-57645","Sol y Sombra est","Struthers main",9963.437346,4,0,0,2022
"2850-57642","2850-57753","Sol y Sombra est","McCauley est",8077.915163,4,0,0,2022
"2850-57642","2850-57551","Sol y Sombra est","Struthers main",9963.437346,10,0,0,2022
"2850-57642","2850-57698","Sol y Sombra est","Speedwell est",10876.12541,4,0,0,2022
"2850-57642","2850-57608","Sol y Sombra est","Urban Farm Girlz Sheep Shed",13978.54564,3,0,0,2022
"2850-57642","2850-57629","Sol y Sombra est","Urban Farm Girlz Sheep Shed",13978.54564,7,0,0,2022
"2850-57699","2850-57612","Speedwell est","Blue Cloud main",2324.039286,10,0,0,2022
"2850-57699","2850-57572","Speedwell est","Blue Cloud main",2324.039286,5,0,0,2022
"2850-57699","2850-57869","Speedwell est","Blue Cloud main",2324.039286,6,0,0,2022
"2850-57699","2850-57870","Speedwell est","Blue Cloud Middle Shed",2290.354762,1,0,0,2022
"2850-57699","2640-97358","Speedwell est","CHR",6015.097136,7,0,0,2022
"2850-57699","2850-57685","Speedwell est","Boyer",2103.892922,2,0,0,2022
"2850-57699","2850-57688","Speedwell est","Boyer",2103.892922,5,0,0,2022
"2850-57699","2850-57650","Speedwell est","CHR",6015.097136,7,0,0,2022
"2850-57699","2850-57667","Speedwell est","Cathys est",2613.652419,1,0,0,2022
"2850-57699","2850-57871","Speedwell est","Blue Cloud main",2324.039286,6,0,0,2022
"2850-57699","2850-57735","Speedwell est","CHR",6015.097136,5,0,0,2022
"2850-57699","2850-57736","Speedwell est","CHR",6015.097136,5,0,0,2022
"2850-57699","2850-57585","Speedwell est","CHR",6015.097136,5,0,0,2022
"2850-57699","2640-97331","Speedwell est","CHR",6015.097136,8,0,0,2022
"2850-57699","2850-57649","Speedwell est","CHR",6015.097136,8,0,0,2022
"2850-57699","2850-57588","Speedwell est","CHR",6015.097136,4,0,0,2022
"2850-57699","2850-57656","Speedwell est","CHR",6015.097136,5,0,0,2022
"2850-57699","2850-57571","Speedwell est","CHR",6015.097136,4,0,0,2022
"2850-57699","2850-57652","Speedwell est","CHR",6015.097136,6,0,0,2022
"2850-57699","2850-57568","Speedwell est","CHR",6015.097136,7,0,0,2022
"2850-57699","2850-57654","Speedwell est","CHR",6015.097136,4,0,0,2022
"2850-57699","2850-57746","Speedwell est","CHR",6015.097136,7,0,0,2022
"2850-57699","2850-57730","Speedwell est","CHR",6015.097136,9,0,0,2022
"2850-57699","2850-57670","Speedwell est","CHR",6015.097136,5,0,0,2022
"2850-57699","2811-38984","Speedwell est","CHR",6015.097136,7,0,0,2022
"2850-57699","2850-57583","Speedwell est","CHR",6015.097136,8,0,0,2022
"2850-57699","2850-57883","Speedwell est","CHR",6015.097136,8,0,0,2022
"2850-57699","2850-57879","Speedwell est","CHR",6015.097136,8,0,0,2022
"2850-57699","2850-57846","Speedwell est","CHR",6015.097136,6,0,0,2022
"2850-57699","2850-57575","Speedwell est","Cooks",9974.089273,4,0,0,2022
"2850-57699","2850-57648","Speedwell est","CHR",6015.097136,4,0,0,2022
"2850-57699","2870-65003","Speedwell est","CHR",6015.097136,5,0,0,2022
"2850-57699","2870-64909","Speedwell est","CHR",6015.097136,4,0,0,2022
"2850-57699","2850-57637","Speedwell est","Cooks",9974.089273,1,0,0,2022
"2850-57699","2850-57878","Speedwell est","Make Believe",3455.712605,3,0,0,2022
"2850-57699","2850-57609","Speedwell est","Cooks",9974.089273,5,0,0,2022
"2850-57699","Cooks-13_UNS","Speedwell est","Cooks",9974.089273,4,0,0,2022
"2850-57699","2850-57663","Speedwell est","Cooks",9974.089273,7,0,0,2022
"2850-57699","2850-57661","Speedwell est","Karens est",5716.249019,3,0,0,2022
"2850-57699","2850-57853","Speedwell est","Cooks",9974.089273,10,0,0,2022
"2850-57699","2850-57672","Speedwell est","Cooks",9974.089273,4,0,0,2022
"2850-57699","2850-57664","Speedwell est","Cooks",9974.089273,3,0,0,2022
"2850-57699","2850-57874","Speedwell est","Make Believe",3455.712605,2,0,0,2022
"2850-57699","2850-57576","Speedwell est","Make Believe",3455.712605,6,0,0,2022
"2850-57699","2850-57700","Speedwell est","Cooks",9974.089273,4,0,0,2022
"2850-57699","2811-83207","Speedwell est","Dome House est",3067.485267,4,0,0,2022
"2850-57699","2850-57872","Speedwell est","Make Believe",3455.712605,8,0,0,2022
"2850-57699","2850-57640","Speedwell est","McCauley est",3681.811911,6,0,0,2022
"2850-57699","2640-97596","Speedwell est","Make Believe",3455.712605,10,0,0,2022
"2850-57699","2850-57635","Speedwell est","Make Believe",3455.712605,8,0,0,2022
"2850-57699","2850-57692","Speedwell est","Martes est",2538.549595,6,0,0,2022
"2850-57699","2850-57550","Speedwell est","Mary Anns est",2560.057398,3,0,0,2022
"2850-57699","2850-57645","Speedwell est","Struthers main",1052.137445,4,0,0,2022
"2850-57699","2850-57608","Speedwell est","Urban Farm Girlz Sheep Shed",3172.886591,3,0,0,2022
"2850-57699","2850-57753","Speedwell est","McCauley est",3681.811911,4,0,0,2022
"2850-57699","2850-57551","Speedwell est","Struthers main",1052.137445,10,0,0,2022
"2850-57699","2850-57629","Speedwell est","Urban Farm Girlz Sheep Shed",3172.886591,7,0,0,2022
"2850-57674","2850-57572","Struthers main","Blue Cloud main",1282.306886,5,0,0,2022
"2850-57674","2850-57869","Struthers main","Blue Cloud main",1282.306886,6,0,0,2022
"2850-57674","2850-57612","Struthers main","Blue Cloud main",1282.306886,10,0,0,2022
"2850-57674","2850-57870","Struthers main","Blue Cloud Middle Shed",1242.344394,1,0,0,2022
"2850-57674","2850-57871","Struthers main","Blue Cloud main",1282.306886,6,0,0,2022
"2850-57674","2850-57585","Struthers main","CHR",5026.901367,5,0,0,2022
"2850-57674","2850-57650","Struthers main","CHR",5026.901367,7,0,0,2022
"2850-57674","2850-57667","Struthers main","Cathys est",3488.116073,1,0,0,2022
"2850-57674","2640-97331","Struthers main","CHR",5026.901367,8,0,0,2022
"2850-57674","2850-57688","Struthers main","Boyer",3150.777513,5,0,0,2022
"2850-57674","2850-57685","Struthers main","Boyer",3150.777513,2,0,0,2022
"2850-57674","2640-97358","Struthers main","CHR",5026.901367,7,0,0,2022
"2850-57674","2850-57735","Struthers main","CHR",5026.901367,5,0,0,2022
"2850-57674","2850-57588","Struthers main","CHR",5026.901367,4,0,0,2022
"2850-57674","2850-57649","Struthers main","CHR",5026.901367,8,0,0,2022
"2850-57674","2850-57736","Struthers main","CHR",5026.901367,5,0,0,2022
"2850-57674","2850-57652","Struthers main","CHR",5026.901367,6,0,0,2022
"2850-57674","2850-57883","Struthers main","CHR",5026.901367,8,0,0,2022
"2850-57674","2850-57654","Struthers main","CHR",5026.901367,4,0,0,2022
"2850-57674","2850-57746","Struthers main","CHR",5026.901367,7,0,0,2022
"2850-57674","2850-57571","Struthers main","CHR",5026.901367,4,0,0,2022
"2850-57674","2850-57583","Struthers main","CHR",5026.901367,8,0,0,2022
"2850-57674","2850-57670","Struthers main","CHR",5026.901367,5,0,0,2022
"2850-57674","2850-57656","Struthers main","CHR",5026.901367,5,0,0,2022
"2850-57674","2850-57568","Struthers main","CHR",5026.901367,7,0,0,2022
"2850-57674","2850-57730","Struthers main","CHR",5026.901367,9,0,0,2022
"2850-57674","2850-57846","Struthers main","CHR",5026.901367,6,0,0,2022
"2850-57674","2850-57879","Struthers main","CHR",5026.901367,8,0,0,2022
"2850-57674","2811-38984","Struthers main","CHR",5026.901367,7,0,0,2022
"2850-57674","2870-64909","Struthers main","CHR",5026.901367,4,0,0,2022
"2850-57674","2850-57609","Struthers main","Cooks",9026.103113,5,0,0,2022
"2850-57674","2850-57648","Struthers main","CHR",5026.901367,4,0,0,2022
"2850-57674","2870-65003","Struthers main","CHR",5026.901367,5,0,0,2022
"2850-57674","2850-57575","Struthers main","Cooks",9026.103113,4,0,0,2022
"2850-57674","2850-57637","Struthers main","Cooks",9026.103113,1,0,0,2022
"2850-57674","Cooks-13_UNS","Struthers main","Cooks",9026.103113,4,0,0,2022
"2850-57674","2811-83207","Struthers main","Dome House est",4105.80886,4,0,0,2022
"2850-57674","2850-57663","Struthers main","Cooks",9026.103113,7,0,0,2022
"2850-57674","2850-57874","Struthers main","Make Believe",3336.249381,2,0,0,2022
"2850-57674","2850-57853","Struthers main","Cooks",9026.103113,10,0,0,2022
"2850-57674","2850-57664","Struthers main","Cooks",9026.103113,3,0,0,2022
"2850-57674","2850-57700","Struthers main","Cooks",9026.103113,4,0,0,2022
"2850-57674","2850-57672","Struthers main","Cooks",9026.103113,4,0,0,2022
"2850-57674","2850-57661","Struthers main","Karens est",4702.614612,3,0,0,2022
"2850-57674","2850-57576","Struthers main","Make Believe",3336.249381,6,0,0,2022
"2850-57674","2850-57878","Struthers main","Make Believe",3336.249381,3,0,0,2022
"2850-57674","2850-57872","Struthers main","Make Believe",3336.249381,8,0,0,2022
"2850-57674","2640-97596","Struthers main","Make Believe",3336.249381,10,0,0,2022
"2850-57674","2850-57635","Struthers main","Make Believe",3336.249381,8,0,0,2022
"2850-57674","2850-57550","Struthers main","Mary Anns est",3395.167737,3,0,0,2022
"2850-57674","2850-57640","Struthers main","McCauley est",2624.106317,6,0,0,2022
"2850-57674","2850-57692","Struthers main","Martes est",3595.080553,6,0,0,2022
"2850-57674","2850-57753","Struthers main","McCauley est",2624.106317,4,0,0,2022
"2850-57674","2850-57608","Struthers main","Urban Farm Girlz Sheep Shed",4200.884412,3,0,0,2022
"2850-57674","2850-57698","Struthers main","Speedwell est",1052.137445,4,0,0,2022
"2850-57674","2850-57629","Struthers main","Urban Farm Girlz Sheep Shed",4200.884412,7,0,0,2022
"2850-57552","2850-57572","Struthers main","Blue Cloud main",1282.306886,5,0,0,2022
"2850-57552","2850-57869","Struthers main","Blue Cloud main",1282.306886,6,0,0,2022
"2850-57552","2850-57612","Struthers main","Blue Cloud main",1282.306886,10,0,0,2022
"2850-57552","2850-57688","Struthers main","Boyer",3150.777513,5,0,0,2022
"2850-57552","2850-57870","Struthers main","Blue Cloud Middle Shed",1242.344394,1,0,0,2022
"2850-57552","2850-57685","Struthers main","Boyer",3150.777513,2,0,0,2022
"2850-57552","2850-57650","Struthers main","CHR",5026.901367,7,0,0,2022
"2850-57552","2850-57871","Struthers main","Blue Cloud main",1282.306886,6,0,0,2022
"2850-57552","2850-57667","Struthers main","Cathys est",3488.116073,1,0,0,2022
"2850-57552","2850-57736","Struthers main","CHR",5026.901367,5,0,0,2022
"2850-57552","2640-97358","Struthers main","CHR",5026.901367,7,0,0,2022
"2850-57552","2640-97331","Struthers main","CHR",5026.901367,8,0,0,2022
"2850-57552","2850-57585","Struthers main","CHR",5026.901367,5,0,0,2022
"2850-57552","2850-57735","Struthers main","CHR",5026.901367,5,0,0,2022
"2850-57552","2850-57649","Struthers main","CHR",5026.901367,8,0,0,2022
"2850-57552","2850-57588","Struthers main","CHR",5026.901367,4,0,0,2022
"2850-57552","2850-57746","Struthers main","CHR",5026.901367,7,0,0,2022
"2850-57552","2850-57656","Struthers main","CHR",5026.901367,5,0,0,2022
"2850-57552","2850-57652","Struthers main","CHR",5026.901367,6,0,0,2022
"2850-57552","2850-57571","Struthers main","CHR",5026.901367,4,0,0,2022
"2850-57552","2850-57583","Struthers main","CHR",5026.901367,8,0,0,2022
"2850-57552","2850-57670","Struthers main","CHR",5026.901367,5,0,0,2022
"2850-57552","2850-57568","Struthers main","CHR",5026.901367,7,0,0,2022
"2850-57552","2850-57730","Struthers main","CHR",5026.901367,9,0,0,2022
"2850-57552","2811-38984","Struthers main","CHR",5026.901367,7,0,0,2022
"2850-57552","2850-57654","Struthers main","CHR",5026.901367,4,0,0,2022
"2850-57552","2850-57883","Struthers main","CHR",5026.901367,8,0,0,2022
"2850-57552","2850-57846","Struthers main","CHR",5026.901367,6,0,0,2022
"2850-57552","2850-57648","Struthers main","CHR",5026.901367,4,0,0,2022
"2850-57552","2870-64909","Struthers main","CHR",5026.901367,4,0,0,2022
"2850-57552","2850-57879","Struthers main","CHR",5026.901367,8,0,0,2022
"2850-57552","2850-57637","Struthers main","Cooks",9026.103113,1,0,0,2022
"2850-57552","2870-65003","Struthers main","CHR",5026.901367,5,0,0,2022
"2850-57552","2850-57575","Struthers main","Cooks",9026.103113,4,0,0,2022
"2850-57552","2850-57609","Struthers main","Cooks",9026.103113,5,0,0,2022
"2850-57552","2850-57672","Struthers main","Cooks",9026.103113,4,0,0,2022
"2850-57552","Cooks-13_UNS","Struthers main","Cooks",9026.103113,4,0,0,2022
"2850-57552","2850-57663","Struthers main","Cooks",9026.103113,7,0,0,2022
"2850-57552","2850-57664","Struthers main","Cooks",9026.103113,3,0,0,2022
"2850-57552","2850-57853","Struthers main","Cooks",9026.103113,10,0,0,2022
"2850-57552","2850-57661","Struthers main","Karens est",4702.614612,3,0,0,2022
"2850-57552","2850-57700","Struthers main","Cooks",9026.103113,4,0,0,2022
"2850-57552","2850-57576","Struthers main","Make Believe",3336.249381,6,0,0,2022
"2850-57552","2850-57874","Struthers main","Make Believe",3336.249381,2,0,0,2022
"2850-57552","2850-57878","Struthers main","Make Believe",3336.249381,3,0,0,2022
"2850-57552","2850-57640","Struthers main","McCauley est",2624.106317,6,0,0,2022
"2850-57552","2811-83207","Struthers main","Dome House est",4105.80886,4,0,0,2022
"2850-57552","2850-57635","Struthers main","Make Believe",3336.249381,8,0,0,2022
"2850-57552","2640-97596","Struthers main","Make Believe",3336.249381,10,0,0,2022
"2850-57552","2850-57872","Struthers main","Make Believe",3336.249381,8,0,0,2022
"2850-57552","2850-57550","Struthers main","Mary Anns est",3395.167737,3,0,0,2022
"2850-57552","2850-57753","Struthers main","McCauley est",2624.106317,4,0,0,2022
"2850-57552","2850-57692","Struthers main","Martes est",3595.080553,6,0,0,2022
"2850-57552","2850-57698","Struthers main","Speedwell est",1052.137445,4,0,0,2022
"2850-57552","2850-57608","Struthers main","Urban Farm Girlz Sheep Shed",4200.884412,3,0,0,2022
"2850-57552","2850-57629","Struthers main","Urban Farm Girlz Sheep Shed",4200.884412,7,0,0,2022
"2850-57899","2850-57869","Urban Farm Girlz Sheep Shed","Blue Cloud main",5385.601613,6,0,0,2022
"2850-57899","2850-57612","Urban Farm Girlz Sheep Shed","Blue Cloud main",5385.601613,10,0,0,2022
"2850-57899","2850-57572","Urban Farm Girlz Sheep Shed","Blue Cloud main",5385.601613,5,0,0,2022
"2850-57899","2850-57685","Urban Farm Girlz Sheep Shed","Boyer",1535.559226,2,0,0,2022
"2850-57899","2850-57871","Urban Farm Girlz Sheep Shed","Blue Cloud main",5385.601613,6,0,0,2022
"2850-57899","2850-57688","Urban Farm Girlz Sheep Shed","Boyer",1535.559226,5,0,0,2022
"2850-57899","2850-57649","Urban Farm Girlz Sheep Shed","CHR",9185.52607,8,0,0,2022
"2850-57899","2850-57667","Urban Farm Girlz Sheep Shed","Cathys est",2733.095014,1,0,0,2022
"2850-57899","2850-57650","Urban Farm Girlz Sheep Shed","CHR",9185.52607,7,0,0,2022
"2850-57899","2850-57870","Urban Farm Girlz Sheep Shed","Blue Cloud Middle Shed",5366.224006,1,0,0,2022
"2850-57899","2850-57585","Urban Farm Girlz Sheep Shed","CHR",9185.52607,5,0,0,2022
"2850-57899","2850-57735","Urban Farm Girlz Sheep Shed","CHR",9185.52607,5,0,0,2022
"2850-57899","2640-97358","Urban Farm Girlz Sheep Shed","CHR",9185.52607,7,0,0,2022
"2850-57899","2850-57571","Urban Farm Girlz Sheep Shed","CHR",9185.52607,4,0,0,2022
"2850-57899","2640-97331","Urban Farm Girlz Sheep Shed","CHR",9185.52607,8,0,0,2022
"2850-57899","2850-57652","Urban Farm Girlz Sheep Shed","CHR",9185.52607,6,0,0,2022
"2850-57899","2850-57670","Urban Farm Girlz Sheep Shed","CHR",9185.52607,5,0,0,2022
"2850-57899","2850-57736","Urban Farm Girlz Sheep Shed","CHR",9185.52607,5,0,0,2022
"2850-57899","2850-57656","Urban Farm Girlz Sheep Shed","CHR",9185.52607,5,0,0,2022
"2850-57899","2850-57588","Urban Farm Girlz Sheep Shed","CHR",9185.52607,4,0,0,2022
"2850-57899","2850-57654","Urban Farm Girlz Sheep Shed","CHR",9185.52607,4,0,0,2022
"2850-57899","2850-57730","Urban Farm Girlz Sheep Shed","CHR",9185.52607,9,0,0,2022
"2850-57899","2850-57568","Urban Farm Girlz Sheep Shed","CHR",9185.52607,7,0,0,2022
"2850-57899","2850-57583","Urban Farm Girlz Sheep Shed","CHR",9185.52607,8,0,0,2022
"2850-57899","2850-57746","Urban Farm Girlz Sheep Shed","CHR",9185.52607,7,0,0,2022
"2850-57899","2850-57883","Urban Farm Girlz Sheep Shed","CHR",9185.52607,8,0,0,2022
"2850-57899","2811-38984","Urban Farm Girlz Sheep Shed","CHR",9185.52607,7,0,0,2022
"2850-57899","2870-65003","Urban Farm Girlz Sheep Shed","CHR",9185.52607,5,0,0,2022
"2850-57899","2850-57846","Urban Farm Girlz Sheep Shed","CHR",9185.52607,6,0,0,2022
"2850-57899","2850-57879","Urban Farm Girlz Sheep Shed","CHR",9185.52607,8,0,0,2022
"2850-57899","2850-57672","Urban Farm Girlz Sheep Shed","Cooks",13112.56561,4,0,0,2022
"2850-57899","2850-57648","Urban Farm Girlz Sheep Shed","CHR",9185.52607,4,0,0,2022
"2850-57899","2850-57575","Urban Farm Girlz Sheep Shed","Cooks",13112.56561,4,0,0,2022
"2850-57899","2850-57637","Urban Farm Girlz Sheep Shed","Cooks",13112.56561,1,0,0,2022
"2850-57899","2850-57663","Urban Farm Girlz Sheep Shed","Cooks",13112.56561,7,0,0,2022
"2850-57899","2870-64909","Urban Farm Girlz Sheep Shed","CHR",9185.52607,4,0,0,2022
"2850-57899","Cooks-13_UNS","Urban Farm Girlz Sheep Shed","Cooks",13112.56561,4,0,0,2022
"2850-57899","2850-57609","Urban Farm Girlz Sheep Shed","Cooks",13112.56561,5,0,0,2022
"2850-57899","2850-57664","Urban Farm Girlz Sheep Shed","Cooks",13112.56561,3,0,0,2022
"2850-57899","2850-57853","Urban Farm Girlz Sheep Shed","Cooks",13112.56561,10,0,0,2022
"2850-57899","2811-83207","Urban Farm Girlz Sheep Shed","Dome House est",183.2160072,4,0,0,2022
"2850-57899","2850-57700","Urban Farm Girlz Sheep Shed","Cooks",13112.56561,4,0,0,2022
"2850-57899","2640-97596","Urban Farm Girlz Sheep Shed","Make Believe",5761.465774,10,0,0,2022
"2850-57899","2850-57661","Urban Farm Girlz Sheep Shed","Karens est",8892.586888,3,0,0,2022
"2850-57899","2850-57874","Urban Farm Girlz Sheep Shed","Make Believe",5761.465774,2,0,0,2022
"2850-57899","2850-57635","Urban Farm Girlz Sheep Shed","Make Believe",5761.465774,8,0,0,2022
"2850-57899","2850-57692","Urban Farm Girlz Sheep Shed","Martes est",942.164708,6,0,0,2022
"2850-57899","2850-57872","Urban Farm Girlz Sheep Shed","Make Believe",5761.465774,8,0,0,2022
"2850-57899","2850-57878","Urban Farm Girlz Sheep Shed","Make Believe",5761.465774,3,0,0,2022
"2850-57899","2850-57576","Urban Farm Girlz Sheep Shed","Make Believe",5761.465774,6,0,0,2022
"2850-57899","2850-57640","Urban Farm Girlz Sheep Shed","McCauley est",6755.369969,6,0,0,2022
"2850-57899","2850-57550","Urban Farm Girlz Sheep Shed","Mary Anns est",2900.906662,3,0,0,2022
"2850-57899","2850-57753","Urban Farm Girlz Sheep Shed","McCauley est",6755.369969,4,0,0,2022
"2850-57899","2850-57698","Urban Farm Girlz Sheep Shed","Speedwell est",3172.886591,4,0,0,2022
"2850-57899","2850-57551","Urban Farm Girlz Sheep Shed","Struthers main",4200.884412,10,0,0,2022
"2850-57899","2850-57645","Urban Farm Girlz Sheep Shed","Struthers main",4200.884412,4,0,0,2022
"2850-57868","2850-57869","Urban Farm Girlz Sheep Shed","Blue Cloud main",5385.601613,6,0,0,2022
"2850-57868","2850-57572","Urban Farm Girlz Sheep Shed","Blue Cloud main",5385.601613,5,0,0,2022
"2850-57868","2850-57612","Urban Farm Girlz Sheep Shed","Blue Cloud main",5385.601613,10,0,0,2022
"2850-57868","2850-57871","Urban Farm Girlz Sheep Shed","Blue Cloud main",5385.601613,6,0,0,2022
"2850-57868","2850-57685","Urban Farm Girlz Sheep Shed","Boyer",1535.559226,2,0,0,2022
"2850-57868","2850-57870","Urban Farm Girlz Sheep Shed","Blue Cloud Middle Shed",5366.224006,1,0,0,2022
"2850-57868","2850-57650","Urban Farm Girlz Sheep Shed","CHR",9185.52607,7,0,0,2022
"2850-57868","2850-57688","Urban Farm Girlz Sheep Shed","Boyer",1535.559226,5,0,0,2022
"2850-57868","2850-57585","Urban Farm Girlz Sheep Shed","CHR",9185.52607,5,0,0,2022
"2850-57868","2640-97331","Urban Farm Girlz Sheep Shed","CHR",9185.52607,8,0,0,2022
"2850-57868","2850-57667","Urban Farm Girlz Sheep Shed","Cathys est",2733.095014,1,0,0,2022
"2850-57868","2640-97358","Urban Farm Girlz Sheep Shed","CHR",9185.52607,7,0,0,2022
"2850-57868","2850-57735","Urban Farm Girlz Sheep Shed","CHR",9185.52607,5,0,0,2022
"2850-57868","2850-57649","Urban Farm Girlz Sheep Shed","CHR",9185.52607,8,0,0,2022
"2850-57868","2850-57736","Urban Farm Girlz Sheep Shed","CHR",9185.52607,5,0,0,2022
"2850-57868","2850-57652","Urban Farm Girlz Sheep Shed","CHR",9185.52607,6,0,0,2022
"2850-57868","2850-57571","Urban Farm Girlz Sheep Shed","CHR",9185.52607,4,0,0,2022
"2850-57868","2850-57588","Urban Farm Girlz Sheep Shed","CHR",9185.52607,4,0,0,2022
"2850-57868","2850-57746","Urban Farm Girlz Sheep Shed","CHR",9185.52607,7,0,0,2022
"2850-57868","2850-57670","Urban Farm Girlz Sheep Shed","CHR",9185.52607,5,0,0,2022
"2850-57868","2850-57656","Urban Farm Girlz Sheep Shed","CHR",9185.52607,5,0,0,2022
"2850-57868","2850-57583","Urban Farm Girlz Sheep Shed","CHR",9185.52607,8,0,0,2022
"2850-57868","2850-57654","Urban Farm Girlz Sheep Shed","CHR",9185.52607,4,0,0,2022
"2850-57868","2850-57730","Urban Farm Girlz Sheep Shed","CHR",9185.52607,9,0,0,2022
"2850-57868","2850-57568","Urban Farm Girlz Sheep Shed","CHR",9185.52607,7,0,0,2022
"2850-57868","2850-57879","Urban Farm Girlz Sheep Shed","CHR",9185.52607,8,0,0,2022
"2850-57868","2850-57883","Urban Farm Girlz Sheep Shed","CHR",9185.52607,8,0,0,2022
"2850-57868","2850-57846","Urban Farm Girlz Sheep Shed","CHR",9185.52607,6,0,0,2022
"2850-57868","2811-38984","Urban Farm Girlz Sheep Shed","CHR",9185.52607,7,0,0,2022
"2850-57868","2850-57637","Urban Farm Girlz Sheep Shed","Cooks",13112.56561,1,0,0,2022
"2850-57868","2870-65003","Urban Farm Girlz Sheep Shed","CHR",9185.52607,5,0,0,2022
"2850-57868","2850-57648","Urban Farm Girlz Sheep Shed","CHR",9185.52607,4,0,0,2022
"2850-57868","2850-57609","Urban Farm Girlz Sheep Shed","Cooks",13112.56561,5,0,0,2022
"2850-57868","2870-64909","Urban Farm Girlz Sheep Shed","CHR",9185.52607,4,0,0,2022
"2850-57868","2850-57672","Urban Farm Girlz Sheep Shed","Cooks",13112.56561,4,0,0,2022
"2850-57868","2850-57575","Urban Farm Girlz Sheep Shed","Cooks",13112.56561,4,0,0,2022
"2850-57868","Cooks-13_UNS","Urban Farm Girlz Sheep Shed","Cooks",13112.56561,4,0,0,2022
"2850-57868","2850-57664","Urban Farm Girlz Sheep Shed","Cooks",13112.56561,3,0,0,2022
"2850-57868","2850-57853","Urban Farm Girlz Sheep Shed","Cooks",13112.56561,10,0,0,2022
"2850-57868","2850-57663","Urban Farm Girlz Sheep Shed","Cooks",13112.56561,7,0,0,2022
"2850-57868","2850-57874","Urban Farm Girlz Sheep Shed","Make Believe",5761.465774,2,0,0,2022
"2850-57868","2850-57700","Urban Farm Girlz Sheep Shed","Cooks",13112.56561,4,0,0,2022
"2850-57868","2811-83207","Urban Farm Girlz Sheep Shed","Dome House est",183.2160072,4,0,0,2022
"2850-57868","2850-57661","Urban Farm Girlz Sheep Shed","Karens est",8892.586888,3,0,0,2022
"2850-57868","2850-57878","Urban Farm Girlz Sheep Shed","Make Believe",5761.465774,3,0,0,2022
"2850-57868","2640-97596","Urban Farm Girlz Sheep Shed","Make Believe",5761.465774,10,0,0,2022
"2850-57868","2850-57576","Urban Farm Girlz Sheep Shed","Make Believe",5761.465774,6,0,0,2022
"2850-57868","2850-57692","Urban Farm Girlz Sheep Shed","Martes est",942.164708,6,0,0,2022
"2850-57868","2850-57635","Urban Farm Girlz Sheep Shed","Make Believe",5761.465774,8,0,0,2022
"2850-57868","2850-57872","Urban Farm Girlz Sheep Shed","Make Believe",5761.465774,8,0,0,2022
"2850-57868","2850-57640","Urban Farm Girlz Sheep Shed","McCauley est",6755.369969,6,0,0,2022
"2850-57868","2850-57753","Urban Farm Girlz Sheep Shed","McCauley est",6755.369969,4,0,0,2022
"2850-57868","2850-57550","Urban Farm Girlz Sheep Shed","Mary Anns est",2900.906662,3,0,0,2022
"2850-57868","2850-57698","Urban Farm Girlz Sheep Shed","Speedwell est",3172.886591,4,0,0,2022
"2850-57868","2850-57551","Urban Farm Girlz Sheep Shed","Struthers main",4200.884412,10,0,0,2022
"2850-57868","2850-57645","Urban Farm Girlz Sheep Shed","Struthers main",4200.884412,4,0,0,2022
"2850-57565","2850-57870","Blue Cloud wash room","Blue Cloud Middle Shed",52.87267263,1,0,0,2022
"2850-57565","2850-57869","Blue Cloud wash room","Blue Cloud main",116.1169953,6,0,0,2022
"2850-57565","2850-57572","Blue Cloud wash room","Blue Cloud main",116.1169953,5,0,0,2022
"2850-57565","2850-57612","Blue Cloud wash room","Blue Cloud main",116.1169953,10,1,0.1,2022
"2850-57565","2850-57667","Blue Cloud wash room","Cathys est",4671.073588,1,0,0,2022
"2850-57565","2640-97331","Blue Cloud wash room","CHR",4042.916177,8,0,0,2022
"2850-57565","2850-57871","Blue Cloud wash room","Blue Cloud main",116.1169953,6,0,0,2022
"2850-57565","2850-57685","Blue Cloud wash room","Boyer",4386.85864,2,0,0,2022
"2850-57565","2850-57585","Blue Cloud wash room","CHR",4042.916177,5,0,0,2022
"2850-57565","2850-57688","Blue Cloud wash room","Boyer",4386.85864,5,0,0,2022
"2850-57565","2850-57649","Blue Cloud wash room","CHR",4042.916177,8,0,0,2022
"2850-57565","2850-57650","Blue Cloud wash room","CHR",4042.916177,7,0,0,2022
"2850-57565","2640-97358","Blue Cloud wash room","CHR",4042.916177,7,0,0,2022
"2850-57565","2850-57736","Blue Cloud wash room","CHR",4042.916177,5,0,0,2022
"2850-57565","2850-57735","Blue Cloud wash room","CHR",4042.916177,5,0,0,2022
"2850-57565","2850-57652","Blue Cloud wash room","CHR",4042.916177,6,0,0,2022
"2850-57565","2850-57571","Blue Cloud wash room","CHR",4042.916177,4,0,0,2022
"2850-57565","2850-57730","Blue Cloud wash room","CHR",4042.916177,9,0,0,2022
"2850-57565","2850-57588","Blue Cloud wash room","CHR",4042.916177,4,0,0,2022
"2850-57565","2850-57746","Blue Cloud wash room","CHR",4042.916177,7,0,0,2022
"2850-57565","2850-57656","Blue Cloud wash room","CHR",4042.916177,5,0,0,2022
"2850-57565","2850-57670","Blue Cloud wash room","CHR",4042.916177,5,0,0,2022
"2850-57565","2850-57846","Blue Cloud wash room","CHR",4042.916177,6,0,0,2022
"2850-57565","2850-57583","Blue Cloud wash room","CHR",4042.916177,8,0,0,2022
"2850-57565","2850-57883","Blue Cloud wash room","CHR",4042.916177,8,0,0,2022
"2850-57565","2850-57654","Blue Cloud wash room","CHR",4042.916177,4,0,0,2022
"2850-57565","2850-57568","Blue Cloud wash room","CHR",4042.916177,7,0,0,2022
"2850-57565","2811-38984","Blue Cloud wash room","CHR",4042.916177,7,0,0,2022
"2850-57565","2850-57648","Blue Cloud wash room","CHR",4042.916177,4,0,0,2022
"2850-57565","2850-57879","Blue Cloud wash room","CHR",4042.916177,8,0,0,2022
"2850-57565","2870-65003","Blue Cloud wash room","CHR",4042.916177,5,0,0,2022
"2850-57565","2850-57575","Blue Cloud wash room","Cooks",8079.165808,4,0,0,2022
"2850-57565","Cooks-13_UNS","Blue Cloud wash room","Cooks",8079.165808,4,0,0,2022
"2850-57565","2870-64909","Blue Cloud wash room","CHR",4042.916177,4,0,0,2022
"2850-57565","2850-57637","Blue Cloud wash room","Cooks",8079.165808,1,0,0,2022
"2850-57565","2850-57609","Blue Cloud wash room","Cooks",8079.165808,5,0,0,2022
"2850-57565","2850-57664","Blue Cloud wash room","Cooks",8079.165808,3,0,0,2022
"2850-57565","2850-57672","Blue Cloud wash room","Cooks",8079.165808,4,0,0,2022
"2850-57565","2850-57661","Blue Cloud wash room","Karens est",3661.800532,3,0,0,2022
"2850-57565","2850-57663","Blue Cloud wash room","Cooks",8079.165808,7,0,0,2022
"2850-57565","2850-57853","Blue Cloud wash room","Cooks",8079.165808,10,0,0,2022
"2850-57565","2850-57700","Blue Cloud wash room","Cooks",8079.165808,4,0,0,2022
"2850-57565","2850-57872","Blue Cloud wash room","Make Believe",3784.462198,8,0,0,2022
"2850-57565","2811-83207","Blue Cloud wash room","Dome House est",5294.307626,4,0,0,2022
"2850-57565","2850-57635","Blue Cloud wash room","Make Believe",3784.462198,8,0,0,2022
"2850-57565","2850-57874","Blue Cloud wash room","Make Believe",3784.462198,2,0,0,2022
"2850-57565","2850-57878","Blue Cloud wash room","Make Believe",3784.462198,3,0,0,2022
"2850-57565","2850-57576","Blue Cloud wash room","Make Believe",3784.462198,6,0,0,2022
"2850-57565","2850-57698","Blue Cloud wash room","Speedwell est",2281.62597,4,0,0,2022
"2850-57565","2640-97596","Blue Cloud wash room","Make Believe",3784.462198,10,0,0,2022
"2850-57565","2850-57640","Blue Cloud wash room","McCauley est",1383.613594,6,0,0,2022
"2850-57565","2850-57753","Blue Cloud wash room","McCauley est",1383.613594,4,0,0,2022
"2850-57565","2850-57550","Blue Cloud wash room","Mary Anns est",4561.010246,3,0,0,2022
"2850-57565","2850-57645","Blue Cloud wash room","Struthers main",1226.390882,4,0,0,2022
"2850-57565","2850-57692","Blue Cloud wash room","Martes est",4818.568768,6,0,0,2022
"2850-57565","2850-57608","Blue Cloud wash room","Urban Farm Girlz Sheep Shed",5375.311974,3,0,0,2022
"2850-57565","2850-57551","Blue Cloud wash room","Struthers main",1226.390882,10,0,0,2022
"2850-57565","2850-57629","Blue Cloud wash room","Urban Farm Girlz Sheep Shed",5375.311974,7,0,0,2022
"2850-57674","2850-57572","Struthers back shed","Blue Cloud main",1248.311777,5,0,0,2022
"2850-57674","2850-57869","Struthers back shed","Blue Cloud main",1248.311777,6,0,0,2022
"2850-57674","2850-57612","Struthers back shed","Blue Cloud main",1248.311777,10,0,0,2022
"2850-57674","2850-57870","Struthers back shed","Blue Cloud Middle Shed",1208.80991,1,0,0,2022
"2850-57674","2850-57871","Struthers back shed","Blue Cloud main",1248.311777,6,0,0,2022
"2850-57674","2850-57585","Struthers back shed","CHR",5004.588626,5,0,0,2022
"2850-57674","2850-57650","Struthers back shed","CHR",5004.588626,7,0,0,2022
"2850-57674","2850-57667","Struthers back shed","Cathys est",3519.36266,1,0,0,2022
"2850-57674","2640-97331","Struthers back shed","CHR",5004.588626,8,0,0,2022
"2850-57674","2850-57688","Struthers back shed","Boyer",3183.906215,5,0,0,2022
"2850-57674","2850-57685","Struthers back shed","Boyer",3183.906215,2,0,0,2022
"2850-57674","2640-97358","Struthers back shed","CHR",5004.588626,7,0,0,2022
"2850-57674","2850-57735","Struthers back shed","CHR",5004.588626,5,0,0,2022
"2850-57674","2850-57588","Struthers back shed","CHR",5004.588626,4,0,0,2022
"2850-57674","2850-57649","Struthers back shed","CHR",5004.588626,8,0,0,2022
"2850-57674","2850-57736","Struthers back shed","CHR",5004.588626,5,0,0,2022
"2850-57674","2850-57652","Struthers back shed","CHR",5004.588626,6,0,0,2022
"2850-57674","2850-57883","Struthers back shed","CHR",5004.588626,8,0,0,2022
"2850-57674","2850-57654","Struthers back shed","CHR",5004.588626,4,0,0,2022
"2850-57674","2850-57746","Struthers back shed","CHR",5004.588626,7,0,0,2022
"2850-57674","2850-57571","Struthers back shed","CHR",5004.588626,4,0,0,2022
"2850-57674","2850-57583","Struthers back shed","CHR",5004.588626,8,0,0,2022
"2850-57674","2850-57670","Struthers back shed","CHR",5004.588626,5,0,0,2022
"2850-57674","2850-57656","Struthers back shed","CHR",5004.588626,5,0,0,2022
"2850-57674","2850-57568","Struthers back shed","CHR",5004.588626,7,0,0,2022
"2850-57674","2850-57730","Struthers back shed","CHR",5004.588626,9,0,0,2022
"2850-57674","2850-57846","Struthers back shed","CHR",5004.588626,6,0,0,2022
"2850-57674","2850-57879","Struthers back shed","CHR",5004.588626,8,0,0,2022
"2850-57674","2811-38984","Struthers back shed","CHR",5004.588626,7,0,0,2022
"2850-57674","2870-64909","Struthers back shed","CHR",5004.588626,4,0,0,2022
"2850-57674","2850-57609","Struthers back shed","Cooks",9005.239589,5,0,0,2022
"2850-57674","2850-57648","Struthers back shed","CHR",5004.588626,4,0,0,2022
"2850-57674","2870-65003","Struthers back shed","CHR",5004.588626,5,0,0,2022
"2850-57674","2850-57575","Struthers back shed","Cooks",9005.239589,4,0,0,2022
"2850-57674","2850-57637","Struthers back shed","Cooks",9005.239589,1,0,0,2022
"2850-57674","Cooks-13_UNS","Struthers back shed","Cooks",9005.239589,4,0,0,2022
"2850-57674","2811-83207","Struthers back shed","Dome House est",4137.288335,4,0,0,2022
"2850-57674","2850-57663","Struthers back shed","Cooks",9005.239589,7,0,0,2022
"2850-57674","2850-57874","Struthers back shed","Make Believe",3344.231333,2,0,0,2022
"2850-57674","2850-57853","Struthers back shed","Cooks",9005.239589,10,0,0,2022
"2850-57674","2850-57664","Struthers back shed","Cooks",9005.239589,3,0,0,2022
"2850-57674","2850-57700","Struthers back shed","Cooks",9005.239589,4,0,0,2022
"2850-57674","2850-57672","Struthers back shed","Cooks",9005.239589,4,0,0,2022
"2850-57674","2850-57661","Struthers back shed","Karens est",4679.056156,3,0,0,2022
"2850-57674","2850-57576","Struthers back shed","Make Believe",3344.231333,6,0,0,2022
"2850-57674","2850-57878","Struthers back shed","Make Believe",3344.231333,3,0,0,2022
"2850-57674","2850-57872","Struthers back shed","Make Believe",3344.231333,8,0,0,2022
"2850-57674","2640-97596","Struthers back shed","Make Believe",3344.231333,10,0,0,2022
"2850-57674","2850-57635","Struthers back shed","Make Believe",3344.231333,8,0,0,2022
"2850-57674","2850-57550","Struthers back shed","Mary Anns est",3425.791319,3,0,0,2022
"2850-57674","2850-57645","Struthers back shed","Struthers main",22.52520255,4,0,0,2022
"2850-57674","2850-57640","Struthers back shed","McCauley est",2592.037902,6,0,0,2022
"2850-57674","2850-57692","Struthers back shed","Martes est",3627.755946,6,0,0,2022
"2850-57674","2850-57753","Struthers back shed","McCauley est",2592.037902,4,0,0,2022
"2850-57674","2850-57551","Struthers back shed","Struthers main",22.52520255,10,0,0,2022
"2850-57674","2850-57608","Struthers back shed","Urban Farm Girlz Sheep Shed",4231.890601,3,0,0,2022
"2850-57674","2850-57698","Struthers back shed","Speedwell est",1084.868369,4,0,0,2022
"2850-57674","2850-57629","Struthers back shed","Urban Farm Girlz Sheep Shed",4231.890601,7,0,0,2022
"2850-57659","2850-57870","Blue Cloud main","Blue Cloud wash room",116.1169953,5,0,0,2022
"2850-57901","2850-57870","Blue Cloud main","Blue Cloud wash room",116.1169953,5,0,0,2022
"2640-97548","2850-57870","Blue Cloud main","Blue Cloud wash room",116.1169953,5,0,0,2022
"2850-57565","2850-57870","Blue Cloud Middle Shed","Blue Cloud wash room",52.87267263,5,0,0,2022
"2850-57614","2850-57870","Blue Cloud main","Blue Cloud wash room",116.1169953,5,0,0,2022
"2870-64905","2850-57870","Blue Cloud Gazebo","Blue Cloud wash room",86.33132477,5,0,0,2022
"2850-57686","2850-57870","Boyer","Blue Cloud wash room",4386.85864,5,0,0,2022
"2850-57689","2850-57870","Boyer","Blue Cloud wash room",4386.85864,5,0,0,2022
"2870-64906","2850-57870","Boyer","Blue Cloud wash room",4386.85864,5,0,0,2022
"2850-57666","2850-57870","Cathys est","Blue Cloud wash room",4671.073588,5,0,0,2022
"2811-83208","2850-57870","CHR","Blue Cloud wash room",4042.916177,5,0,0,2022
"2850-57733","2850-57870","CHR","Blue Cloud wash room",4042.916177,5,0,0,2022
"2850-57881","2850-57870","CHR","Blue Cloud wash room",4042.916177,5,0,0,2022
"2850-57808","2850-57870","CHR","Blue Cloud wash room",4042.916177,5,0,0,2022
"2850-57731","2850-57870","CHR","Blue Cloud wash room",4042.916177,5,0,0,2022
"2850-57806","2850-57870","CHR","Blue Cloud wash room",4042.916177,5,0,0,2022
"2850-57806","2850-57870","CHR","Blue Cloud wash room",4042.916177,5,0,0,2022
"2850-57620","2850-57870","CHR","Blue Cloud wash room",4042.916177,5,0,0,2022
"2850-57567","2850-57870","CHR","Blue Cloud wash room",4042.916177,5,0,0,2022
"2850-57653","2850-57870","CHR","Blue Cloud wash room",4042.916177,5,0,0,2022
"2850-57646","2850-57870","CHR","Blue Cloud wash room",4042.916177,5,0,0,2022
"2850-57579","2850-57870","CHR","Blue Cloud wash room",4042.916177,5,0,0,2022
"2850-57581","2850-57870","CHR","Blue Cloud wash room",4042.916177,5,0,0,2022
"2850-57671","2850-57870","CHR","Blue Cloud wash room",4042.916177,5,0,0,2022
"2850-57582","2850-57870","CHR","Blue Cloud wash room",4042.916177,5,0,0,2022
"2850-57582","2850-57870","CHR","Blue Cloud wash room",4042.916177,5,0,0,2022
"2850-57744","2850-57870","CHR","Blue Cloud wash room",4042.916177,5,0,0,2022
"2850-57580","2850-57870","CHR","Blue Cloud wash room",4042.916177,5,0,0,2022
"2850-57745","2850-57870","CHR","Blue Cloud wash room",4042.916177,5,0,0,2022
"2811-82969","2850-57870","CHR","Blue Cloud wash room",4042.916177,5,0,0,2022
"2640-97588","2850-57870","CHR","Blue Cloud wash room",4042.916177,5,0,0,2022
"2850-57589","2850-57870","CHR","Blue Cloud wash room",4042.916177,5,0,0,2022
"2850-57578","2850-57870","CHR","Blue Cloud wash room",4042.916177,5,0,0,2022
"2640-97589","2850-57870","CHR","Blue Cloud wash room",4042.916177,5,0,0,2022
"2850-57742","2850-57870","CHR","Blue Cloud wash room",4042.916177,5,0,0,2022
"2850-57647","2850-57870","CHR","Blue Cloud wash room",4042.916177,5,0,0,2022
"2850-57577","2850-57870","CHR","Blue Cloud wash room",4042.916177,5,0,0,2022
"2850-57570","2850-57870","CHR","Blue Cloud wash room",4042.916177,5,0,0,2022
"2850-57880","2850-57870","CHR","Blue Cloud wash room",4042.916177,5,0,0,2022
"2850-57669","2850-57870","CHR","Blue Cloud wash room",4042.916177,5,0,0,2022
"2850-57633","2850-57870","Cooks","Blue Cloud wash room",8079.165808,5,0,0,2022
"2850-57574","2850-57870","Cooks","Blue Cloud wash room",8079.165808,5,0,0,2022
"2850-57557","2850-57870","Cooks","Blue Cloud wash room",8079.165808,5,0,0,2022
"2850-57657","2850-57870","CHR","Blue Cloud wash room",4042.916177,5,0,0,2022
"2850-57675","2850-57870","Cooks","Blue Cloud wash room",8079.165808,5,0,0,2022
"2850-57673","2850-57870","Cooks","Blue Cloud wash room",8079.165808,5,0,0,2022
"2850-57676","2850-57870","Cooks","Blue Cloud wash room",8079.165808,5,0,0,2022
"2850-57638","2850-57870","Cooks","Blue Cloud wash room",8079.165808,5,0,0,2022
"2850-57573","2850-57870","Cooks","Blue Cloud wash room",8079.165808,5,0,0,2022
"2870-64915","2850-57870","Cooks","Blue Cloud wash room",8079.165808,5,0,0,2022
"2850-57643","2850-57870","Dome House est","Blue Cloud wash room",5294.307626,5,0,0,2022
"2811-00632","2850-57870","Ericas","Blue Cloud wash room",4861.524344,5,0,0,2022
"2850-57751","2850-57870","Jays est","Blue Cloud wash room",914.42837,5,0,0,2022
"2850-57636","2850-57870","Jays est","Blue Cloud wash room",914.42837,5,0,0,2022
"2850-57662","2850-57870","Karens est","Blue Cloud wash room",3661.800532,5,0,0,2022
"2850-57875","2850-57870","Make Believe","Blue Cloud wash room",3784.462198,5,0,0,2022
"2850-57877","2850-57870","Make Believe","Blue Cloud wash room",3784.462198,5,0,0,2022
"2850-57518","2850-57870","Make Believe","Blue Cloud wash room",3784.462198,5,0,0,2022
"2850-57873","2850-57870","Make Believe","Blue Cloud wash room",3784.462198,5,0,0,2022
"2850-57668","2850-57870","Make Believe","Blue Cloud wash room",3784.462198,5,0,0,2022
"2850-57680","2850-57870","Make Believe Shed","Blue Cloud wash room",3824.134193,5,0,0,2022
"2850-57750","2850-57870","Make Believe Shed","Blue Cloud wash room",3824.134193,5,0,0,2022
"2350-21085","2850-57870","Make Believe","Blue Cloud wash room",3784.462198,5,0,0,2022
"2850-57691","2850-57870","Martes est","Blue Cloud wash room",4818.568768,5,0,0,2022
"2870-64916","2850-57870","Mary Anns est","Blue Cloud wash room",4561.010246,5,0,0,2022
"2850-57639","2850-57870","McCauley est","Blue Cloud wash room",1383.613594,5,0,0,2022
"2850-57752","2850-57870","McCauley est","Blue Cloud wash room",1383.613594,5,0,0,2022
"2811-39093","2850-57870","Schaaps","Blue Cloud wash room",6384.006083,5,0,0,2022
"2850-57560","2850-57870","Grizz est","Blue Cloud wash room",5921.003268,5,0,0,2022
"2850-57587","2850-57870","CHR","Blue Cloud wash room",4042.916177,5,0,0,2022
"2850-57593","2850-57870","Mayas est","Blue Cloud wash room",3111.68969,5,0,0,2022
"2850-57595","2850-57870","Mayas est","Blue Cloud wash room",3111.68969,5,0,0,2022
"2850-57597","2850-57870","Mayas est","Blue Cloud wash room",3111.68969,5,0,0,2022
"2850-57598","2850-57870","Schaaps","Blue Cloud wash room",6384.006083,5,0,0,2022
"2850-57600","2850-57870","Schaaps","Blue Cloud wash room",6384.006083,5,0,0,2022
"2850-57619","2850-57870","Reinarz Garage est","Blue Cloud wash room",8527.683609,5,0,0,2022
"2850-57644","2850-57870","Urban Farm Girlz Sheep Shed","Blue Cloud wash room",5375.311974,5,0,0,2022
"2850-57665","2850-57870","Cooks","Blue Cloud wash room",8079.165808,5,0,0,2022
"2850-57677","2850-57870","Mayas est","Blue Cloud wash room",3111.68969,5,0,0,2022
"2850-57678","2850-57870","Mayas est","Blue Cloud wash room",3111.68969,5,0,0,2022
"2850-57679","2850-57870","Starlight est","Blue Cloud wash room",1040.971462,5,0,0,2022
"2850-57681","2850-57870","Schaaps","Blue Cloud wash room",6384.006083,5,0,0,2022
"2850-57684","2850-57870","Struthers round","Blue Cloud wash room",1265.919094,5,0,0,2022
"2850-57690","2850-57870","Plumbumpy est","Blue Cloud wash room",4322.250592,5,0,0,2022
"2850-57694","2850-57870","Quick est","Blue Cloud wash room",5284.276128,5,0,0,2022
"2850-57695","2850-57870","Quick est","Blue Cloud wash room",5284.276128,5,0,0,2022
"2850-57697","2850-57870","Grizz est","Blue Cloud wash room",5921.003268,5,0,0,2022
"2850-57701","2850-57870","Schaaps","Blue Cloud wash room",6384.006083,5,0,0,2022
"2850-57743","2850-57870","CHR","Blue Cloud wash room",4042.916177,5,0,0,2022
"2850-57889","2850-57870","Mayas est","Blue Cloud wash room",3111.68969,5,0,0,2022
"2850-57890","2850-57870","Mayas est","Blue Cloud wash room",3111.68969,5,0,0,2022
"2850-57895","2850-57870","Schaaps","Blue Cloud wash room",6384.006083,5,0,0,2022
"2850-57897","2850-57870","Cargill est","Blue Cloud wash room",7509.74856,5,0,0,2022
"2850-57898","2850-57870","Grizz est","Blue Cloud wash room",5921.003268,5,0,0,2022
"2870-64907","2850-57870","CHR","Blue Cloud wash room",4042.916177,5,0,0,2022
"2870-64913","2850-57870","James Ditch est","Blue Cloud wash room",6159.334805,5,0,0,2022
"2870-64918","2850-57870","Boyer","Blue Cloud wash room",4386.85864,5,0,0,2022
"2870-65001","2850-57870","Schaaps","Blue Cloud wash room",6384.006083,5,0,0,2022
"2850-57607","2850-57870","Schaaps","Blue Cloud wash room",6384.006083,5,0,0,2022
"2850-57642","2850-57870","Sol y Sombra est","Blue Cloud wash room",9073.411897,5,0,0,2022
"2850-57699","2850-57870","Speedwell est","Blue Cloud wash room",2281.62597,5,0,0,2022
"2850-57674","2850-57870","Struthers main","Blue Cloud wash room",1226.390882,5,0,0,2022
"2850-57552","2850-57870","Struthers main","Blue Cloud wash room",1226.390882,5,0,0,2022
"2850-57899","2850-57870","Urban Farm Girlz Sheep Shed","Blue Cloud wash room",5375.311974,5,0,0,2022
"2850-57868","2850-57870","Urban Farm Girlz Sheep Shed","Blue Cloud wash room",5375.311974,5,0,0,2022
"2850-57674","2850-57870","Struthers back shed","Blue Cloud wash room",1193.685977,5,0,0,2022
"2850-57677","2850-57572","Karens est","Blue Cloud main",3706.930068,8,0,0,2023
"2850-57577","2850-57572","CHR","Blue Cloud main",4098.901931,8,0,0,2023
"2350-21085","2850-57572","Make Believe","Blue Cloud main",3928.765414,8,0,0,2023
"2850-57686","2850-57572","Boyer","Blue Cloud main",4432.865572,8,0,0,2023
"2870-64906","2850-57572","Boyer","Blue Cloud main",4432.865572,8,0,0,2023
"2811-83229","2850-57572","Jays est","Blue Cloud main",1016.758014,8,0,0,2023
"2850-57880","2850-57572","CHR","Blue Cloud main",4098.901931,8,0,0,2023
"2881-34050","2850-57572","CHR","Blue Cloud main",4098.901931,8,0,0,2023
"2850-57881","2850-57572","CHR","Blue Cloud main",4098.901931,8,0,0,2023
"2850-57684","2850-57572","Struthers round","Blue Cloud main",1317.240399,8,0,0,2023
"2850-57552","2850-57572","Struthers main","Blue Cloud main",1282.306886,8,0,0,2023
"2870-64907","2850-57572","CHR","Blue Cloud main",4098.901931,8,0,0,2023
"2850-57518","2850-57572","Make Believe","Blue Cloud main",3928.765414,8,0,0,2023
"2850-57567","2850-57572","CHR","Blue Cloud main",4098.901931,8,0,0,2023
"2850-57574","2850-57572","Cooks","Blue Cloud main",8135.083191,8,0,0,2023
"2850-57638","2850-57572","Cooks","Blue Cloud main",8135.083191,8,0,0,2023
"2850-57582","2850-57572","CHR","Blue Cloud main",4098.901931,8,0,0,2023
"2850-57578","2850-57572","CHR","Blue Cloud main",4098.901931,8,0,0,2023
"2850-57642","2850-57572","Cooks","Blue Cloud main",8135.083191,8,0,0,2023
"2850-57579","2850-57572","CHR","Blue Cloud main",4098.901931,8,0,0,2023
"2850-57674","2850-57572","Struthers main","Blue Cloud main",1282.306886,8,0,0,2023
"2850-57695","2850-57572","Quick est","Blue Cloud main",5336.481456,8,0,0,2023
"2850-57757","2850-57572","CHR","Blue Cloud main",4098.901931,8,0,0,2023
"2850-57745","2850-57572","CHR","Blue Cloud main",4098.901931,8,0,0,2023
"2850-57763","2850-57572","CHR","Blue Cloud main",4098.901931,8,0,0,2023
"2850-57758","2850-57572","CHR","Blue Cloud main",4098.901931,8,0,0,2023
"2850-57759","2850-57572","CHR","Blue Cloud main",4098.901931,8,0,0,2023
"2850-57756","2850-57572","CHR","Blue Cloud main",4098.901931,8,0,0,2023
"2850-57762","2850-57572","CHR","Blue Cloud main",4098.901931,8,0,0,2023
"2850-57772","2850-57572","Cooks","Blue Cloud main",8135.083191,8,0,0,2023
"2850-57808","2850-57572","CHR","Blue Cloud main",4098.901931,8,0,0,2023
"2850-57877","2850-57572","Make Believe","Blue Cloud main",3928.765414,8,0,0,2023
"2850-57933","2850-57572","Cooks","Blue Cloud main",8135.083191,8,0,0,2023
"2850-57935","2850-57572","Boyer","Blue Cloud main",4432.865572,8,0,0,2023
"2850-57937","2850-57572","Make Believe","Blue Cloud main",3928.765414,8,0,0,2023
"2850-57947","2850-57572","Blue Cloud pony shed","Blue Cloud main",41.49721875,8,0,0,2023
"2850-57944","2850-57572","Plumbumpy est","Blue Cloud main",4322.122415,8,0,0,2023
"2850-57949","2850-57572","Speedwell est","Blue Cloud main",2324.039286,8,0,0,2023
"2850-57955","2850-57572","CHR","Blue Cloud main",4098.901931,8,0,0,2023
"2850-57970","2850-57572","CHR","Blue Cloud main",4098.901931,8,0,0,2023
"2850-57963","2850-57572","CHR","Blue Cloud main",4098.901931,8,0,0,2023
"2850-57962","2850-57572","CHR","Blue Cloud main",4098.901931,8,0,0,2023
"2850-57977","2850-57572","Red Wagon porch est","Blue Cloud main",3154.328285,8,0,0,2023
"2850-57972","2850-57572","CHR","Blue Cloud main",4098.901931,8,0,0,2023
"2870-64928","2850-57572","CHR","Blue Cloud main",4098.901931,8,0,0,2023
"2870-64920","2850-57572","CHR","Blue Cloud main",4098.901931,8,0,0,2023
"2870-64924","2850-57572","CHR","Blue Cloud main",4098.901931,8,0,0,2023
"2870-65014","2850-57572","Boyer","Blue Cloud main",4432.865572,8,0,0,2023
"2870-65018","2850-57572","Make Believe","Blue Cloud main",3928.765414,8,0,0,2023
"2870-65016","2850-57572","Boyer","Blue Cloud main",4432.865572,8,0,0,2023
"2870-65020","2850-57572","CHR","Blue Cloud main",4098.901931,8,0,0,2023
"2870-65017","2850-57572","Make Believe","Blue Cloud main",3928.765414,8,0,0,2023
"2870-65023","2850-57572","CHR","Blue Cloud main",4098.901931,8,0,0,2023
"2811-83123","2850-57572","CHR","Blue Cloud main",4098.901931,8,0,0,2023
"2811-83118","2850-57572","Cooks","Blue Cloud main",8135.083191,8,0,0,2023
"2811-83258","2850-57572","CHR","Blue Cloud main",4098.901931,8,0,0,2023
"2850-57953","2850-57572","Cathys est","Blue Cloud main",4754.681144,8,0,0,2023
"2850-57958","2850-57572","CHR","Blue Cloud main",4098.901931,8,0,0,2023
"2850-57967","2850-57572","Green Mill est","Blue Cloud main",951.230431,8,0,0,2023
"2870-65021","2850-57572","CHR","Blue Cloud main",4098.901931,8,0,0,2023
"2870-64921","2850-57572","CHR","Blue Cloud main",4098.901931,8,0,0,2023
"2850-57980","2850-57572","Cooks","Blue Cloud main",8135.083191,8,0,0,2023
"2811-83229","2850-57688","Jays est","Boyer",3559.266481,8,0,0,2023
"2850-57677","2850-57688","Karens est","Boyer",7670.061205,8,0,0,2023
"2881-34050","2850-57688","CHR","Boyer",7918.345849,8,0,0,2023
"2350-21085","2850-57688","Make Believe","Boyer",4212.841149,8,0,0,2023
"2850-57880","2850-57688","CHR","Boyer",7918.345849,8,0,0,2023
"2850-57881","2850-57688","CHR","Boyer",7918.345849,8,0,0,2023
"2850-57577","2850-57688","CHR","Boyer",7918.345849,8,0,0,2023
"2850-57684","2850-57688","Struthers round","Boyer",3116.434557,8,0,0,2023
"2870-64907","2850-57688","CHR","Boyer",7918.345849,8,0,0,2023
"2850-57552","2850-57688","Struthers main","Boyer",3150.777513,8,0,0,2023
"2850-57518","2850-57688","Make Believe","Boyer",4212.841149,8,0,0,2023
"2850-57567","2850-57688","CHR","Boyer",7918.345849,8,0,0,2023
"2850-57574","2850-57688","Cooks","Boyer",11757.49343,8,0,0,2023
"2850-57579","2850-57688","CHR","Boyer",7918.345849,8,0,0,2023
"2850-57578","2850-57688","CHR","Boyer",7918.345849,8,0,0,2023
"2850-57582","2850-57688","CHR","Boyer",7918.345849,8,0,0,2023
"2850-57614","2850-57688","Blue Cloud main","Boyer",4432.865572,8,0,0,2023
"2850-57638","2850-57688","Cooks","Boyer",11757.49343,8,0,0,2023
"2850-57642","2850-57688","Cooks","Boyer",11757.49343,8,0,0,2023
"2850-57674","2850-57688","Struthers main","Boyer",3150.777513,8,0,0,2023
"2850-57659","2850-57688","Blue Cloud main","Boyer",4432.865572,8,0,0,2023
"2850-57756","2850-57688","CHR","Boyer",7918.345849,8,0,0,2023
"2850-57695","2850-57688","Quick est","Boyer",909.9309874,8,0,0,2023
"2850-57758","2850-57688","CHR","Boyer",7918.345849,8,0,0,2023
"2850-57745","2850-57688","CHR","Boyer",7918.345849,8,0,0,2023
"2850-57759","2850-57688","CHR","Boyer",7918.345849,8,0,0,2023
"2850-57757","2850-57688","CHR","Boyer",7918.345849,8,0,0,2023
"2850-57763","2850-57688","CHR","Boyer",7918.345849,8,0,0,2023
"2850-57762","2850-57688","CHR","Boyer",7918.345849,8,0,0,2023
"2850-57772","2850-57688","Cooks","Boyer",11757.49343,8,0,0,2023
"2850-57808","2850-57688","CHR","Boyer",7918.345849,8,0,0,2023
"2850-57926","2850-57688","Blue Cloud main","Boyer",4432.865572,8,0,0,2023
"2850-57877","2850-57688","Make Believe","Boyer",4212.841149,8,0,0,2023
"2850-57927","2850-57688","Blue Cloud main","Boyer",4432.865572,8,0,0,2023
"2850-57930","2850-57688","Blue Cloud main","Boyer",4432.865572,8,0,0,2023
"2850-57933","2850-57688","Cooks","Boyer",11757.49343,8,0,0,2023
"2850-57937","2850-57688","Make Believe","Boyer",4212.841149,8,0,0,2023
"2850-57944","2850-57688","Plumbumpy est","Boyer",1414.317561,8,0,0,2023
"2850-57949","2850-57688","Speedwell est","Boyer",2103.892922,8,0,0,2023
"2850-57947","2850-57688","Blue Cloud pony shed","Boyer",4420.238605,8,0,0,2023
"2850-57955","2850-57688","CHR","Boyer",7918.345849,8,0,0,2023
"2850-57962","2850-57688","CHR","Boyer",7918.345849,8,0,0,2023
"2850-57963","2850-57688","CHR","Boyer",7918.345849,8,0,0,2023
"2850-57970","2850-57688","CHR","Boyer",7918.345849,8,0,0,2023
"2850-57977","2850-57688","Red Wagon porch est","Boyer",1405.996859,8,0,0,2023
"2870-64920","2850-57688","CHR","Boyer",7918.345849,8,0,0,2023
"2850-57972","2850-57688","CHR","Boyer",7918.345849,8,0,0,2023
"2870-64924","2850-57688","CHR","Boyer",7918.345849,8,0,0,2023
"2870-64928","2850-57688","CHR","Boyer",7918.345849,8,0,0,2023
"2870-65023","2850-57688","CHR","Boyer",7918.345849,8,0,0,2023
"2870-65018","2850-57688","Make Believe","Boyer",4212.841149,8,0,0,2023
"2870-65020","2850-57688","CHR","Boyer",7918.345849,8,0,0,2023
"2870-65017","2850-57688","Make Believe","Boyer",4212.841149,8,0,0,2023
"2811-83123","2850-57688","CHR","Boyer",7918.345849,8,0,0,2023
"2811-83118","2850-57688","Cooks","Boyer",11757.49343,8,0,0,2023
"2811-83258","2850-57688","CHR","Boyer",7918.345849,8,0,0,2023
"2850-57953","2850-57688","Cathys est","Boyer",1321.64081,8,0,0,2023
"2850-57967","2850-57688","Green Mill est","Boyer",3477.104084,8,0,0,2023
"2850-57958","2850-57688","CHR","Boyer",7918.345849,8,0,0,2023
"2870-64921","2850-57688","CHR","Boyer",7918.345849,8,0,0,2023
"2870-65021","2850-57688","CHR","Boyer",7918.345849,8,0,0,2023
"2850-57980","2850-57688","Cooks","Boyer",11757.49343,8,0,0,2023
"2350-21085","2850-57853","Make Believe","Cooks",8134.783478,4,0,0,2023
"2850-57677","2850-57853","Karens est","Cooks",4427.496664,4,0,0,2023
"2870-64907","2850-57853","CHR","Cooks",3998.148258,4,0,0,2023
"2811-83229","2850-57853","Jays est","Cooks",8518.517871,4,0,0,2023
"2850-57577","2850-57853","CHR","Cooks",3998.148258,4,0,0,2023
"2850-57552","2850-57853","Struthers main","Cooks",9026.103113,4,0,0,2023
"2850-57881","2850-57853","CHR","Cooks",3998.148258,4,0,0,2023
"2881-34050","2850-57853","CHR","Cooks",3998.148258,4,0,0,2023
"2850-57684","2850-57853","Struthers round","Cooks",9083.204192,4,0,0,2023
"2850-57880","2850-57853","CHR","Cooks",3998.148258,4,0,0,2023
"2850-57518","2850-57853","Make Believe","Cooks",8134.783478,4,0,0,2023
"2850-57567","2850-57853","CHR","Cooks",3998.148258,4,0,0,2023
"2850-57614","2850-57853","Blue Cloud main","Cooks",8135.083191,4,0,0,2023
"2850-57579","2850-57853","CHR","Cooks",3998.148258,4,0,0,2023
"2850-57578","2850-57853","CHR","Cooks",3998.148258,4,0,0,2023
"2850-57659","2850-57853","Blue Cloud main","Cooks",8135.083191,4,0,0,2023
"2850-57582","2850-57853","CHR","Cooks",3998.148258,4,0,0,2023
"2850-57695","2850-57853","Quick est","Cooks",12459.24829,4,0,0,2023
"2850-57674","2850-57853","Struthers main","Cooks",9026.103113,4,0,0,2023
"2850-57757","2850-57853","CHR","Cooks",3998.148258,4,0,0,2023
"2850-57756","2850-57853","CHR","Cooks",3998.148258,4,0,0,2023
"2850-57759","2850-57853","CHR","Cooks",3998.148258,4,0,0,2023
"2850-57745","2850-57853","CHR","Cooks",3998.148258,4,0,0,2023
"2850-57758","2850-57853","CHR","Cooks",3998.148258,4,0,0,2023
"2850-57762","2850-57853","CHR","Cooks",3998.148258,4,0,0,2023
"2850-57763","2850-57853","CHR","Cooks",3998.148258,4,0,0,2023
"2850-57808","2850-57853","CHR","Cooks",3998.148258,4,0,0,2023
"2850-57877","2850-57853","Make Believe","Cooks",8134.783478,4,0,0,2023
"2850-57930","2850-57853","Blue Cloud main","Cooks",8135.083191,4,0,0,2023
"2850-57927","2850-57853","Blue Cloud main","Cooks",8135.083191,4,0,0,2023
"2850-57926","2850-57853","Blue Cloud main","Cooks",8135.083191,4,0,0,2023
"2850-57935","2850-57853","Boyer","Cooks",11757.49343,4,0,0,2023
"2850-57937","2850-57853","Make Believe","Cooks",8134.783478,4,0,0,2023
"2850-57944","2850-57853","Plumbumpy est","Cooks",12201.81193,4,0,0,2023
"2850-57947","2850-57853","Blue Cloud pony shed","Cooks",8116.117913,4,0,0,2023
"2850-57955","2850-57853","CHR","Cooks",3998.148258,4,0,0,2023
"2850-57949","2850-57853","Speedwell est","Cooks",9974.089273,4,0,0,2023
"2850-57963","2850-57853","CHR","Cooks",3998.148258,4,0,0,2023
"2850-57972","2850-57853","CHR","Cooks",3998.148258,4,0,0,2023
"2850-57970","2850-57853","CHR","Cooks",3998.148258,4,0,0,2023
"2850-57962","2850-57853","CHR","Cooks",3998.148258,4,0,0,2023
"2870-64920","2850-57853","CHR","Cooks",3998.148258,4,0,0,2023
"2870-64924","2850-57853","CHR","Cooks",3998.148258,4,0,0,2023
"2850-57977","2850-57853","Red Wagon porch est","Cooks",10895.89421,4,0,0,2023
"2870-64928","2850-57853","CHR","Cooks",3998.148258,4,0,0,2023
"2870-65014","2850-57853","Boyer","Cooks",11757.49343,4,0,0,2023
"2870-65020","2850-57853","CHR","Cooks",3998.148258,4,0,0,2023
"2870-65023","2850-57853","CHR","Cooks",3998.148258,4,0,0,2023
"2870-65018","2850-57853","Make Believe","Cooks",8134.783478,4,0,0,2023
"2870-65017","2850-57853","Make Believe","Cooks",8134.783478,4,0,0,2023
"2870-65016","2850-57853","Boyer","Cooks",11757.49343,4,0,0,2023
"2811-83123","2850-57853","CHR","Cooks",3998.148258,4,0,0,2023
"2811-83258","2850-57853","CHR","Cooks",3998.148258,4,0,0,2023
"2850-57953","2850-57853","Cathys est","Cooks",11307.353,4,0,0,2023
"2850-57967","2850-57853","Green Mill est","Cooks",8793.220725,4,0,0,2023
"2850-57958","2850-57853","CHR","Cooks",3998.148258,4,0,0,2023
"2870-64921","2850-57853","CHR","Cooks",3998.148258,4,0,0,2023
"2870-65021","2850-57853","CHR","Cooks",3998.148258,4,0,0,2023
"2850-57577","2850-57878","CHR","Make Believe",4912.593342,6,0,0,2023
"2850-57880","2850-57878","CHR","Make Believe",4912.593342,6,0,0,2023
"2850-57881","2850-57878","CHR","Make Believe",4912.593342,6,0,0,2023
"2881-34050","2850-57878","CHR","Make Believe",4912.593342,6,0,0,2023
"2870-64907","2850-57878","CHR","Make Believe",4912.593342,6,0,0,2023
"2850-57552","2850-57878","Struthers main","Make Believe",3336.249381,6,0,0,2023
"2850-57684","2850-57878","Struthers round","Make Believe",3372.48869,6,0,0,2023
"2850-57567","2850-57878","CHR","Make Believe",4912.593342,6,0,0,2023
"2850-57574","2850-57878","Cooks","Make Believe",8134.783478,6,0,0,2023
"2850-57578","2850-57878","CHR","Make Believe",4912.593342,6,0,0,2023
"2850-57579","2850-57878","CHR","Make Believe",4912.593342,6,0,0,2023
"2850-57614","2850-57878","Blue Cloud main","Make Believe",3928.765414,6,0,0,2023
"2850-57582","2850-57878","CHR","Make Believe",4912.593342,6,0,0,2023
"2850-57642","2850-57878","Cooks","Make Believe",8134.783478,6,0,0,2023
"2850-57674","2850-57878","Struthers main","Make Believe",3336.249381,6,0,0,2023
"2850-57638","2850-57878","Cooks","Make Believe",8134.783478,6,0,0,2023
"2850-57659","2850-57878","Blue Cloud main","Make Believe",3928.765414,6,0,0,2023
"2850-57745","2850-57878","CHR","Make Believe",4912.593342,6,0,0,2023
"2850-57695","2850-57878","Quick est","Make Believe",4644.456697,6,0,0,2023
"2850-57759","2850-57878","CHR","Make Believe",4912.593342,6,0,0,2023
"2850-57756","2850-57878","CHR","Make Believe",4912.593342,6,0,0,2023
"2850-57757","2850-57878","CHR","Make Believe",4912.593342,6,0,0,2023
"2850-57758","2850-57878","CHR","Make Believe",4912.593342,6,0,0,2023
"2850-57762","2850-57878","CHR","Make Believe",4912.593342,6,0,0,2023
"2850-57763","2850-57878","CHR","Make Believe",4912.593342,6,0,0,2023
"2850-57772","2850-57878","Cooks","Make Believe",8134.783478,6,0,0,2023
"2850-57927","2850-57878","Blue Cloud main","Make Believe",3928.765414,6,0,0,2023
"2850-57808","2850-57878","CHR","Make Believe",4912.593342,6,0,0,2023
"2850-57926","2850-57878","Blue Cloud main","Make Believe",3928.765414,6,0,0,2023
"2850-57930","2850-57878","Blue Cloud main","Make Believe",3928.765414,6,0,0,2023
"2850-57935","2850-57878","Boyer","Make Believe",4212.841149,6,0,0,2023
"2850-57933","2850-57878","Cooks","Make Believe",8134.783478,6,0,0,2023
"2850-57944","2850-57878","Plumbumpy est","Make Believe",5249.655973,6,0,0,2023
"2850-57949","2850-57878","Speedwell est","Make Believe",3455.712605,6,0,0,2023
"2850-57947","2850-57878","Blue Cloud pony shed","Make Believe",3876.36582,6,0,0,2023
"2850-57955","2850-57878","CHR","Make Believe",4912.593342,6,0,0,2023
"2850-57963","2850-57878","CHR","Make Believe",4912.593342,6,0,0,2023
"2850-57977","2850-57878","Red Wagon porch est","Make Believe",4083.407908,6,0,0,2023
"2850-57970","2850-57878","CHR","Make Believe",4912.593342,6,0,0,2023
"2850-57962","2850-57878","CHR","Make Believe",4912.593342,6,0,0,2023
"2870-64928","2850-57878","CHR","Make Believe",4912.593342,6,0,0,2023
"2850-57972","2850-57878","CHR","Make Believe",4912.593342,6,0,0,2023
"2870-65014","2850-57878","Boyer","Make Believe",4212.841149,6,0,0,2023
"2870-64924","2850-57878","CHR","Make Believe",4912.593342,6,0,0,2023
"2870-64920","2850-57878","CHR","Make Believe",4912.593342,6,0,0,2023
"2870-65016","2850-57878","Boyer","Make Believe",4212.841149,6,0,0,2023
"2870-65020","2850-57878","CHR","Make Believe",4912.593342,6,0,0,2023
"2870-65023","2850-57878","CHR","Make Believe",4912.593342,6,0,0,2023
"2811-83118","2850-57878","Cooks","Make Believe",8134.783478,6,0,0,2023
"2811-83123","2850-57878","CHR","Make Believe",4912.593342,6,0,0,2023
"2811-83258","2850-57878","CHR","Make Believe",4912.593342,6,0,0,2023
"2850-57958","2850-57878","CHR","Make Believe",4912.593342,6,0,0,2023
"2850-57953","2850-57878","Cathys est","Make Believe",3337.471654,6,0,0,2023
"2850-57967","2850-57878","Green Mill est","Make Believe",3456.574291,6,0,0,2023
"2870-65021","2850-57878","CHR","Make Believe",4912.593342,6,0,0,2023
"2870-64921","2850-57878","CHR","Make Believe",4912.593342,6,0,0,2023
"2850-57980","2850-57878","Cooks","Make Believe",8134.783478,6,0,0,2023
"2850-57577","2640-97596","CHR","Make Believe",4912.593342,5,0,0,2023
"2850-57880","2640-97596","CHR","Make Believe",4912.593342,5,0,0,2023
"2850-57881","2640-97596","CHR","Make Believe",4912.593342,5,0,0,2023
"2850-57552","2640-97596","Struthers main","Make Believe",3336.249381,5,0,0,2023
"2881-34050","2640-97596","CHR","Make Believe",4912.593342,5,0,0,2023
"2870-64907","2640-97596","CHR","Make Believe",4912.593342,5,0,0,2023
"2850-57684","2640-97596","Struthers round","Make Believe",3372.48869,5,0,0,2023
"2850-57567","2640-97596","CHR","Make Believe",4912.593342,5,0,0,2023
"2850-57574","2640-97596","Cooks","Make Believe",8134.783478,5,0,0,2023
"2850-57578","2640-97596","CHR","Make Believe",4912.593342,5,0,0,2023
"2850-57674","2640-97596","Struthers main","Make Believe",3336.249381,5,0,0,2023
"2850-57579","2640-97596","CHR","Make Believe",4912.593342,5,0,0,2023
"2850-57659","2640-97596","Blue Cloud main","Make Believe",3928.765414,5,0,0,2023
"2850-57642","2640-97596","Cooks","Make Believe",8134.783478,5,0,0,2023
"2850-57582","2640-97596","CHR","Make Believe",4912.593342,5,0,0,2023
"2850-57638","2640-97596","Cooks","Make Believe",8134.783478,5,0,0,2023
"2850-57614","2640-97596","Blue Cloud main","Make Believe",3928.765414,5,0,0,2023
"2850-57695","2640-97596","Quick est","Make Believe",4644.456697,5,0,0,2023
"2850-57745","2640-97596","CHR","Make Believe",4912.593342,5,0,0,2023
"2850-57763","2640-97596","CHR","Make Believe",4912.593342,5,0,0,2023
"2850-57757","2640-97596","CHR","Make Believe",4912.593342,5,0,0,2023
"2850-57758","2640-97596","CHR","Make Believe",4912.593342,5,0,0,2023
"2850-57759","2640-97596","CHR","Make Believe",4912.593342,5,0,0,2023
"2850-57756","2640-97596","CHR","Make Believe",4912.593342,5,0,0,2023
"2850-57762","2640-97596","CHR","Make Believe",4912.593342,5,0,0,2023
"2850-57772","2640-97596","Cooks","Make Believe",8134.783478,5,0,0,2023
"2850-57808","2640-97596","CHR","Make Believe",4912.593342,5,0,0,2023
"2850-57926","2640-97596","Blue Cloud main","Make Believe",3928.765414,5,0,0,2023
"2850-57930","2640-97596","Blue Cloud main","Make Believe",3928.765414,5,0,0,2023
"2850-57927","2640-97596","Blue Cloud main","Make Believe",3928.765414,5,0,0,2023
"2850-57933","2640-97596","Cooks","Make Believe",8134.783478,5,0,0,2023
"2850-57935","2640-97596","Boyer","Make Believe",4212.841149,5,0,0,2023
"2850-57944","2640-97596","Plumbumpy est","Make Believe",5249.655973,5,0,0,2023
"2850-57947","2640-97596","Blue Cloud pony shed","Make Believe",3876.36582,5,0,0,2023
"2850-57949","2640-97596","Speedwell est","Make Believe",3455.712605,5,0,0,2023
"2850-57955","2640-97596","CHR","Make Believe",4912.593342,5,0,0,2023
"2850-57962","2640-97596","CHR","Make Believe",4912.593342,5,0,0,2023
"2850-57963","2640-97596","CHR","Make Believe",4912.593342,5,0,0,2023
"2850-57970","2640-97596","CHR","Make Believe",4912.593342,5,0,0,2023
"2850-57977","2640-97596","Red Wagon porch est","Make Believe",4083.407908,5,0,0,2023
"2870-64920","2640-97596","CHR","Make Believe",4912.593342,5,0,0,2023
"2850-57972","2640-97596","CHR","Make Believe",4912.593342,5,0,0,2023
"2870-65014","2640-97596","Boyer","Make Believe",4212.841149,5,0,0,2023
"2870-64924","2640-97596","CHR","Make Believe",4912.593342,5,0,0,2023
"2870-64928","2640-97596","CHR","Make Believe",4912.593342,5,0,0,2023
"2870-65016","2640-97596","Boyer","Make Believe",4212.841149,5,0,0,2023
"2870-65020","2640-97596","CHR","Make Believe",4912.593342,5,0,0,2023
"2870-65023","2640-97596","CHR","Make Believe",4912.593342,5,0,0,2023
"2811-83123","2640-97596","CHR","Make Believe",4912.593342,5,0,0,2023
"2811-83118","2640-97596","Cooks","Make Believe",8134.783478,5,0,0,2023
"2811-83258","2640-97596","CHR","Make Believe",4912.593342,5,0,0,2023
"2850-57953","2640-97596","Cathys est","Make Believe",3337.471654,5,0,0,2023
"2850-57958","2640-97596","CHR","Make Believe",4912.593342,5,0,0,2023
"2870-64921","2640-97596","CHR","Make Believe",4912.593342,5,0,0,2023
"2850-57967","2640-97596","Green Mill est","Make Believe",3456.574291,5,0,0,2023
"2870-65021","2640-97596","CHR","Make Believe",4912.593342,5,0,0,2023
"2850-57980","2640-97596","Cooks","Make Believe",8134.783478,5,0,0,2023
"2850-57518","2850-57551","Make Believe","Struthers main",3336.249381,7,0,0,2023
"2850-57574","2850-57551","Cooks","Struthers main",9026.103113,7,0,0,2023
"2850-57579","2850-57551","CHR","Struthers main",5026.901367,7,0,0,2023
"2850-57567","2850-57551","CHR","Struthers main",5026.901367,7,0,0,2023
"2850-57578","2850-57551","CHR","Struthers main",5026.901367,7,0,0,2023
"2850-57638","2850-57551","Cooks","Struthers main",9026.103113,7,0,0,2023
"2850-57582","2850-57551","CHR","Struthers main",5026.901367,7,0,0,2023
"2850-57614","2850-57551","Blue Cloud main","Struthers main",1282.306886,7,0,0,2023
"2850-57642","2850-57551","Cooks","Struthers main",9026.103113,7,0,0,2023
"2850-57659","2850-57551","Blue Cloud main","Struthers main",1282.306886,7,1,0.142857142857143,2023
"2850-57745","2850-57551","CHR","Struthers main",5026.901367,7,0,0,2023
"2850-57695","2850-57551","Quick est","Struthers main",4047.282377,7,0,0,2023
"2850-57757","2850-57551","CHR","Struthers main",5026.901367,7,0,0,2023
"2850-57756","2850-57551","CHR","Struthers main",5026.901367,7,0,0,2023
"2850-57758","2850-57551","CHR","Struthers main",5026.901367,7,0,0,2023
"2850-57762","2850-57551","CHR","Struthers main",5026.901367,7,0,0,2023
"2850-57759","2850-57551","CHR","Struthers main",5026.901367,7,0,0,2023
"2850-57763","2850-57551","CHR","Struthers main",5026.901367,7,0,0,2023
"2850-57772","2850-57551","Cooks","Struthers main",9026.103113,7,0,0,2023
"2850-57808","2850-57551","CHR","Struthers main",5026.901367,7,0,0,2023
"2850-57927","2850-57551","Blue Cloud main","Struthers main",1282.306886,7,0,0,2023
"2850-57926","2850-57551","Blue Cloud main","Struthers main",1282.306886,7,0,0,2023
"2850-57930","2850-57551","Blue Cloud main","Struthers main",1282.306886,7,0,0,2023
"2850-57937","2850-57551","Make Believe","Struthers main",3336.249381,7,0,0,2023
"2850-57877","2850-57551","Make Believe","Struthers main",3336.249381,7,0,0,2023
"2850-57933","2850-57551","Cooks","Struthers main",9026.103113,7,0,0,2023
"2850-57935","2850-57551","Boyer","Struthers main",3150.777513,7,0,0,2023
"2850-57947","2850-57551","Blue Cloud pony shed","Struthers main",1264.680494,7,0,0,2023
"2850-57944","2850-57551","Plumbumpy est","Struthers main",3195.317127,7,0,0,2023
"2850-57949","2850-57551","Speedwell est","Struthers main",1052.137445,7,0,0,2023
"2850-57955","2850-57551","CHR","Struthers main",5026.901367,7,0,0,2023
"2850-57962","2850-57551","CHR","Struthers main",5026.901367,7,0,0,2023
"2850-57970","2850-57551","CHR","Struthers main",5026.901367,7,0,0,2023
"2850-57972","2850-57551","CHR","Struthers main",5026.901367,7,0,0,2023
"2850-57977","2850-57551","Red Wagon porch est","Struthers main",1939.365424,7,0,0,2023
"2850-57963","2850-57551","CHR","Struthers main",5026.901367,7,0,0,2023
"2870-64920","2850-57551","CHR","Struthers main",5026.901367,7,0,0,2023
"2870-64924","2850-57551","CHR","Struthers main",5026.901367,7,0,0,2023
"2870-65016","2850-57551","Boyer","Struthers main",3150.777513,7,0,0,2023
"2870-65014","2850-57551","Boyer","Struthers main",3150.777513,7,0,0,2023
"2870-64928","2850-57551","CHR","Struthers main",5026.901367,7,0,0,2023
"2870-65018","2850-57551","Make Believe","Struthers main",3336.249381,7,0,0,2023
"2811-83118","2850-57551","Cooks","Struthers main",9026.103113,7,0,0,2023
"2870-65020","2850-57551","CHR","Struthers main",5026.901367,7,0,0,2023
"2870-65017","2850-57551","Make Believe","Struthers main",3336.249381,7,0,0,2023
"2870-65023","2850-57551","CHR","Struthers main",5026.901367,7,0,0,2023
"2811-83123","2850-57551","CHR","Struthers main",5026.901367,7,0,0,2023
"2811-83258","2850-57551","CHR","Struthers main",5026.901367,7,0,0,2023
"2850-57953","2850-57551","Cathys est","Struthers main",3488.116073,7,0,0,2023
"2850-57967","2850-57551","Green Mill est","Struthers main",319.575851,7,0,0,2023
"2850-57958","2850-57551","CHR","Struthers main",5026.901367,7,0,0,2023
"2870-65021","2850-57551","CHR","Struthers main",5026.901367,7,0,0,2023
"2870-64921","2850-57551","CHR","Struthers main",5026.901367,7,0,0,2023
"2850-57980","2850-57551","Cooks","Struthers main",9026.103113,7,0,0,2023
"2850-57518","2850-57629","Make Believe","Urban Farm Girlz Sheep Shed",5761.465774,5,0,0,2023
"2850-57578","2850-57629","CHR","Urban Farm Girlz Sheep Shed",9185.52607,5,0,0,2023
"2850-57567","2850-57629","CHR","Urban Farm Girlz Sheep Shed",9185.52607,5,0,0,2023
"2850-57574","2850-57629","Cooks","Urban Farm Girlz Sheep Shed",13112.56561,5,0,0,2023
"2850-57582","2850-57629","CHR","Urban Farm Girlz Sheep Shed",9185.52607,5,0,0,2023
"2850-57579","2850-57629","CHR","Urban Farm Girlz Sheep Shed",9185.52607,5,0,0,2023
"2850-57614","2850-57629","Blue Cloud main","Urban Farm Girlz Sheep Shed",5385.601613,5,0,0,2023
"2850-57638","2850-57629","Cooks","Urban Farm Girlz Sheep Shed",13112.56561,5,0,0,2023
"2850-57642","2850-57629","Cooks","Urban Farm Girlz Sheep Shed",13112.56561,5,0,0,2023
"2850-57674","2850-57629","Struthers main","Urban Farm Girlz Sheep Shed",4200.884412,5,0,0,2023
"2850-57695","2850-57629","Quick est","Urban Farm Girlz Sheep Shed",1550.740645,5,0,0,2023
"2850-57659","2850-57629","Blue Cloud main","Urban Farm Girlz Sheep Shed",5385.601613,5,0,0,2023
"2850-57745","2850-57629","CHR","Urban Farm Girlz Sheep Shed",9185.52607,5,0,0,2023
"2850-57757","2850-57629","CHR","Urban Farm Girlz Sheep Shed",9185.52607,5,0,0,2023
"2850-57759","2850-57629","CHR","Urban Farm Girlz Sheep Shed",9185.52607,5,0,0,2023
"2850-57756","2850-57629","CHR","Urban Farm Girlz Sheep Shed",9185.52607,5,0,0,2023
"2850-57758","2850-57629","CHR","Urban Farm Girlz Sheep Shed",9185.52607,5,0,0,2023
"2850-57762","2850-57629","CHR","Urban Farm Girlz Sheep Shed",9185.52607,5,0,0,2023
"2850-57763","2850-57629","CHR","Urban Farm Girlz Sheep Shed",9185.52607,5,0,0,2023
"2850-57772","2850-57629","Cooks","Urban Farm Girlz Sheep Shed",13112.56561,5,0,0,2023
"2850-57877","2850-57629","Make Believe","Urban Farm Girlz Sheep Shed",5761.465774,5,0,0,2023
"2850-57926","2850-57629","Blue Cloud main","Urban Farm Girlz Sheep Shed",5385.601613,5,0,0,2023
"2850-57808","2850-57629","CHR","Urban Farm Girlz Sheep Shed",9185.52607,5,0,0,2023
"2850-57933","2850-57629","Cooks","Urban Farm Girlz Sheep Shed",13112.56561,5,0,0,2023
"2850-57927","2850-57629","Blue Cloud main","Urban Farm Girlz Sheep Shed",5385.601613,5,0,0,2023
"2850-57930","2850-57629","Blue Cloud main","Urban Farm Girlz Sheep Shed",5385.601613,5,0,0,2023
"2850-57935","2850-57629","Boyer","Urban Farm Girlz Sheep Shed",1535.559226,5,0,0,2023
"2850-57937","2850-57629","Make Believe","Urban Farm Girlz Sheep Shed",5761.465774,5,0,0,2023
"2850-57944","2850-57629","Plumbumpy est","Urban Farm Girlz Sheep Shed",1109.676339,5,0,0,2023
"2850-57947","2850-57629","Blue Cloud pony shed","Urban Farm Girlz Sheep Shed",5386.47096,5,0,0,2023
"2850-57963","2850-57629","CHR","Urban Farm Girlz Sheep Shed",9185.52607,5,0,0,2023
"2850-57949","2850-57629","Speedwell est","Urban Farm Girlz Sheep Shed",3172.886591,5,0,0,2023
"2850-57970","2850-57629","CHR","Urban Farm Girlz Sheep Shed",9185.52607,5,0,0,2023
"2850-57977","2850-57629","Red Wagon porch est","Urban Farm Girlz Sheep Shed",2259.514836,5,0,0,2023
"2850-57962","2850-57629","CHR","Urban Farm Girlz Sheep Shed",9185.52607,5,0,0,2023
"2850-57955","2850-57629","CHR","Urban Farm Girlz Sheep Shed",9185.52607,5,0,0,2023
"2850-57972","2850-57629","CHR","Urban Farm Girlz Sheep Shed",9185.52607,5,0,0,2023
"2870-64920","2850-57629","CHR","Urban Farm Girlz Sheep Shed",9185.52607,5,0,0,2023
"2870-65014","2850-57629","Boyer","Urban Farm Girlz Sheep Shed",1535.559226,5,0,0,2023
"2870-64924","2850-57629","CHR","Urban Farm Girlz Sheep Shed",9185.52607,5,0,0,2023
"2870-65017","2850-57629","Make Believe","Urban Farm Girlz Sheep Shed",5761.465774,5,0,0,2023
"2870-65016","2850-57629","Boyer","Urban Farm Girlz Sheep Shed",1535.559226,5,0,0,2023
"2870-64928","2850-57629","CHR","Urban Farm Girlz Sheep Shed",9185.52607,5,0,0,2023
"2870-65018","2850-57629","Make Believe","Urban Farm Girlz Sheep Shed",5761.465774,5,0,0,2023
"2811-83118","2850-57629","Cooks","Urban Farm Girlz Sheep Shed",13112.56561,5,0,0,2023
"2870-65020","2850-57629","CHR","Urban Farm Girlz Sheep Shed",9185.52607,5,0,0,2023
"2811-83123","2850-57629","CHR","Urban Farm Girlz Sheep Shed",9185.52607,5,0,0,2023
"2870-65023","2850-57629","CHR","Urban Farm Girlz Sheep Shed",9185.52607,5,0,0,2023
"2811-83258","2850-57629","CHR","Urban Farm Girlz Sheep Shed",9185.52607,5,0,0,2023
"2850-57980","2850-57629","Cooks","Urban Farm Girlz Sheep Shed",13112.56561,5,0,0,2023
"2870-65021","2850-57629","CHR","Urban Farm Girlz Sheep Shed",9185.52607,5,0,0,2023
"2850-57953","2850-57629","Cathys est","Urban Farm Girlz Sheep Shed",2733.095014,5,0,0,2023
"2850-57958","2850-57629","CHR","Urban Farm Girlz Sheep Shed",9185.52607,5,0,0,2023
"2850-57967","2850-57629","Green Mill est","Urban Farm Girlz Sheep Shed",4494.093688,5,0,0,2023
"2870-64921","2850-57629","CHR","Urban Farm Girlz Sheep Shed",9185.52607,5,0,0,2023
"2850-57567","2811-06861","CHR","Boyer",7918.345849,10,0,0,2023
"2850-57518","2811-06861","Make Believe","Boyer",4212.841149,10,0,0,2023
"2850-57574","2811-06861","Cooks","Boyer",11757.49343,10,0,0,2023
"2850-57579","2811-06861","CHR","Boyer",7918.345849,10,0,0,2023
"2850-57578","2811-06861","CHR","Boyer",7918.345849,10,0,0,2023
"2850-57582","2811-06861","CHR","Boyer",7918.345849,10,0,0,2023
"2850-57614","2811-06861","Blue Cloud main","Boyer",4432.865572,10,0,0,2023
"2850-57642","2811-06861","Cooks","Boyer",11757.49343,10,0,0,2023
"2850-57695","2811-06861","Quick est","Boyer",909.9309874,10,0,0,2023
"2850-57638","2811-06861","Cooks","Boyer",11757.49343,10,0,0,2023
"2850-57659","2811-06861","Blue Cloud main","Boyer",4432.865572,10,0,0,2023
"2850-57674","2811-06861","Struthers main","Boyer",3150.777513,10,0,0,2023
"2850-57745","2811-06861","CHR","Boyer",7918.345849,10,0,0,2023
"2850-57758","2811-06861","CHR","Boyer",7918.345849,10,0,0,2023
"2850-57756","2811-06861","CHR","Boyer",7918.345849,10,0,0,2023
"2850-57757","2811-06861","CHR","Boyer",7918.345849,10,0,0,2023
"2850-57762","2811-06861","CHR","Boyer",7918.345849,10,0,0,2023
"2850-57759","2811-06861","CHR","Boyer",7918.345849,10,0,0,2023
"2850-57763","2811-06861","CHR","Boyer",7918.345849,10,0,0,2023
"2850-57808","2811-06861","CHR","Boyer",7918.345849,10,0,0,2023
"2850-57772","2811-06861","Cooks","Boyer",11757.49343,10,0,0,2023
"2850-57926","2811-06861","Blue Cloud main","Boyer",4432.865572,10,0,0,2023
"2850-57877","2811-06861","Make Believe","Boyer",4212.841149,10,0,0,2023
"2850-57927","2811-06861","Blue Cloud main","Boyer",4432.865572,10,0,0,2023
"2850-57937","2811-06861","Make Believe","Boyer",4212.841149,10,0,0,2023
"2850-57933","2811-06861","Cooks","Boyer",11757.49343,10,0,0,2023
"2850-57930","2811-06861","Blue Cloud main","Boyer",4432.865572,10,0,0,2023
"2850-57944","2811-06861","Plumbumpy est","Boyer",1414.317561,10,0,0,2023
"2850-57947","2811-06861","Blue Cloud pony shed","Boyer",4420.238605,10,0,0,2023
"2850-57949","2811-06861","Speedwell est","Boyer",2103.892922,10,0,0,2023
"2850-57955","2811-06861","CHR","Boyer",7918.345849,10,0,0,2023
"2850-57970","2811-06861","CHR","Boyer",7918.345849,10,0,0,2023
"2850-57962","2811-06861","CHR","Boyer",7918.345849,10,0,0,2023
"2850-57963","2811-06861","CHR","Boyer",7918.345849,10,0,0,2023
"2850-57977","2811-06861","Red Wagon porch est","Boyer",1405.996859,10,0,0,2023
"2850-57972","2811-06861","CHR","Boyer",7918.345849,10,0,0,2023
"2870-64928","2811-06861","CHR","Boyer",7918.345849,10,0,0,2023
"2870-64920","2811-06861","CHR","Boyer",7918.345849,10,0,0,2023
"2870-65017","2811-06861","Make Believe","Boyer",4212.841149,10,0,0,2023
"2870-64924","2811-06861","CHR","Boyer",7918.345849,10,0,0,2023
"2870-65018","2811-06861","Make Believe","Boyer",4212.841149,10,0,0,2023
"2811-83118","2811-06861","Cooks","Boyer",11757.49343,10,0,0,2023
"2870-65020","2811-06861","CHR","Boyer",7918.345849,10,0,0,2023
"2870-65023","2811-06861","CHR","Boyer",7918.345849,10,0,0,2023
"2811-83123","2811-06861","CHR","Boyer",7918.345849,10,0,0,2023
"2811-83258","2811-06861","CHR","Boyer",7918.345849,10,0,0,2023
"2850-57953","2811-06861","Cathys est","Boyer",1321.64081,10,0,0,2023
"2850-57967","2811-06861","Green Mill est","Boyer",3477.104084,10,0,0,2023
"2850-57958","2811-06861","CHR","Boyer",7918.345849,10,0,0,2023
"2870-64921","2811-06861","CHR","Boyer",7918.345849,10,0,0,2023
"2870-65021","2811-06861","CHR","Boyer",7918.345849,10,0,0,2023
"2850-57980","2811-06861","Cooks","Boyer",11757.49343,10,0,0,2023
"2850-57578","2850-57575","CHR","Cooks",3998.148258,14,0,0,2023
"2850-57579","2850-57575","CHR","Cooks",3998.148258,14,0,0,2023
"2850-57614","2850-57575","Blue Cloud main","Cooks",8135.083191,14,0,0,2023
"2850-57582","2850-57575","CHR","Cooks",3998.148258,14,0,0,2023
"2850-57674","2850-57575","Struthers main","Cooks",9026.103113,14,0,0,2023
"2850-57695","2850-57575","Quick est","Cooks",12459.24829,14,0,0,2023
"2850-57659","2850-57575","Blue Cloud main","Cooks",8135.083191,14,0,0,2023
"2850-57758","2850-57575","CHR","Cooks",3998.148258,14,0,0,2023
"2850-57745","2850-57575","CHR","Cooks",3998.148258,14,0,0,2023
"2850-57762","2850-57575","CHR","Cooks",3998.148258,14,0,0,2023
"2850-57756","2850-57575","CHR","Cooks",3998.148258,14,0,0,2023
"2850-57757","2850-57575","CHR","Cooks",3998.148258,14,0,0,2023
"2850-57808","2850-57575","CHR","Cooks",3998.148258,14,0,0,2023
"2850-57759","2850-57575","CHR","Cooks",3998.148258,14,0,0,2023
"2850-57763","2850-57575","CHR","Cooks",3998.148258,14,0,0,2023
"2850-57877","2850-57575","Make Believe","Cooks",8134.783478,14,0,0,2023
"2850-57926","2850-57575","Blue Cloud main","Cooks",8135.083191,14,0,0,2023
"2850-57927","2850-57575","Blue Cloud main","Cooks",8135.083191,14,0,0,2023
"2850-57930","2850-57575","Blue Cloud main","Cooks",8135.083191,14,0,0,2023
"2850-57937","2850-57575","Make Believe","Cooks",8134.783478,14,0,0,2023
"2850-57935","2850-57575","Boyer","Cooks",11757.49343,14,0,0,2023
"2850-57944","2850-57575","Plumbumpy est","Cooks",12201.81193,14,0,0,2023
"2850-57949","2850-57575","Speedwell est","Cooks",9974.089273,14,0,0,2023
"2850-57947","2850-57575","Blue Cloud pony shed","Cooks",8116.117913,14,0,0,2023
"2850-57955","2850-57575","CHR","Cooks",3998.148258,14,0,0,2023
"2850-57962","2850-57575","CHR","Cooks",3998.148258,14,0,0,2023
"2850-57963","2850-57575","CHR","Cooks",3998.148258,14,0,0,2023
"2850-57977","2850-57575","Red Wagon porch est","Cooks",10895.89421,14,0,0,2023
"2850-57970","2850-57575","CHR","Cooks",3998.148258,14,0,0,2023
"2870-65016","2850-57575","Boyer","Cooks",11757.49343,14,0,0,2023
"2850-57972","2850-57575","CHR","Cooks",3998.148258,14,0,0,2023
"2870-65014","2850-57575","Boyer","Cooks",11757.49343,14,0,0,2023
"2870-64920","2850-57575","CHR","Cooks",3998.148258,14,0,0,2023
"2870-64928","2850-57575","CHR","Cooks",3998.148258,14,0,0,2023
"2870-64924","2850-57575","CHR","Cooks",3998.148258,14,0,0,2023
"2870-65018","2850-57575","Make Believe","Cooks",8134.783478,14,0,0,2023
"2870-65020","2850-57575","CHR","Cooks",3998.148258,14,0,0,2023
"2870-65023","2850-57575","CHR","Cooks",3998.148258,14,0,0,2023
"2870-65017","2850-57575","Make Believe","Cooks",8134.783478,14,0,0,2023
"2811-83123","2850-57575","CHR","Cooks",3998.148258,14,0,0,2023
"2811-83258","2850-57575","CHR","Cooks",3998.148258,14,0,0,2023
"2850-57953","2850-57575","Cathys est","Cooks",11307.353,14,0,0,2023
"2850-57958","2850-57575","CHR","Cooks",3998.148258,14,0,0,2023
"2850-57967","2850-57575","Green Mill est","Cooks",8793.220725,14,0,0,2023
"2870-64921","2850-57575","CHR","Cooks",3998.148258,14,0,0,2023
"2870-65021","2850-57575","CHR","Cooks",3998.148258,14,0,0,2023
"2850-57614","2850-57608","Blue Cloud main","Urban Farm Girlz Red Barn",5425.344701,4,0,0,2023
"2850-57659","2850-57608","Blue Cloud main","Urban Farm Girlz Red Barn",5425.344701,4,0,0,2023
"2850-57638","2850-57608","Cooks","Urban Farm Girlz Red Barn",13146.32277,4,0,0,2023
"2850-57674","2850-57608","Struthers main","Urban Farm Girlz Red Barn",4239.054456,4,0,0,2023
"2850-57642","2850-57608","Cooks","Urban Farm Girlz Red Barn",13146.32277,4,0,0,2023
"2850-57756","2850-57608","CHR","Urban Farm Girlz Red Barn",9221.430103,4,0,0,2023
"2850-57695","2850-57608","Quick est","Urban Farm Girlz Red Barn",1543.345486,4,0,0,2023
"2850-57745","2850-57608","CHR","Urban Farm Girlz Red Barn",9221.430103,4,0,0,2023
"2850-57757","2850-57608","CHR","Urban Farm Girlz Red Barn",9221.430103,4,0,0,2023
"2850-57758","2850-57608","CHR","Urban Farm Girlz Red Barn",9221.430103,4,0,0,2023
"2850-57759","2850-57608","CHR","Urban Farm Girlz Red Barn",9221.430103,4,0,0,2023
"2850-57762","2850-57608","CHR","Urban Farm Girlz Red Barn",9221.430103,4,0,0,2023
"2850-57763","2850-57608","CHR","Urban Farm Girlz Red Barn",9221.430103,4,0,0,2023
"2850-57772","2850-57608","Cooks","Urban Farm Girlz Red Barn",13146.32277,4,0,0,2023
"2850-57877","2850-57608","Make Believe","Urban Farm Girlz Red Barn",5781.976718,4,0,0,2023
"2850-57927","2850-57608","Blue Cloud main","Urban Farm Girlz Red Barn",5425.344701,4,0,0,2023
"2850-57808","2850-57608","CHR","Urban Farm Girlz Red Barn",9221.430103,4,0,0,2023
"2850-57926","2850-57608","Blue Cloud main","Urban Farm Girlz Red Barn",5425.344701,4,0,0,2023
"2850-57930","2850-57608","Blue Cloud main","Urban Farm Girlz Red Barn",5425.344701,4,0,0,2023
"2850-57933","2850-57608","Cooks","Urban Farm Girlz Red Barn",13146.32277,4,0,0,2023
"2850-57935","2850-57608","Boyer","Urban Farm Girlz Red Barn",1553.622187,4,0,0,2023
"2850-57937","2850-57608","Make Believe","Urban Farm Girlz Red Barn",5781.976718,4,0,0,2023
"2850-57944","2850-57608","Plumbumpy est","Urban Farm Girlz Red Barn",1151.306602,4,0,0,2023
"2850-57947","2850-57608","Blue Cloud pony shed","Urban Farm Girlz Red Barn",5426.087032,4,0,0,2023
"2850-57949","2850-57608","Speedwell est","Urban Farm Girlz Red Barn",3210.005678,4,0,0,2023
"2850-57955","2850-57608","CHR","Urban Farm Girlz Red Barn",9221.430103,4,0,0,2023
"2850-57963","2850-57608","CHR","Urban Farm Girlz Red Barn",9221.430103,4,0,0,2023
"2850-57970","2850-57608","CHR","Urban Farm Girlz Red Barn",9221.430103,4,0,0,2023
"2850-57962","2850-57608","CHR","Urban Farm Girlz Red Barn",9221.430103,4,0,0,2023
"2850-57972","2850-57608","CHR","Urban Farm Girlz Red Barn",9221.430103,4,0,0,2023
"2850-57977","2850-57608","Red Wagon porch est","Urban Farm Girlz Red Barn",2297.37905,4,0,0,2023
"2870-64920","2850-57608","CHR","Urban Farm Girlz Red Barn",9221.430103,4,0,0,2023
"2870-64924","2850-57608","CHR","Urban Farm Girlz Red Barn",9221.430103,4,0,0,2023
"2870-65014","2850-57608","Boyer","Urban Farm Girlz Red Barn",1553.622187,4,0,0,2023
"2870-64928","2850-57608","CHR","Urban Farm Girlz Red Barn",9221.430103,4,0,0,2023
"2870-65016","2850-57608","Boyer","Urban Farm Girlz Red Barn",1553.622187,4,0,0,2023
"2870-65017","2850-57608","Make Believe","Urban Farm Girlz Red Barn",5781.976718,4,0,0,2023
"2870-65023","2850-57608","CHR","Urban Farm Girlz Red Barn",9221.430103,4,0,0,2023
"2811-83123","2850-57608","CHR","Urban Farm Girlz Red Barn",9221.430103,4,0,0,2023
"2870-65018","2850-57608","Make Believe","Urban Farm Girlz Red Barn",5781.976718,4,0,0,2023
"2870-65020","2850-57608","CHR","Urban Farm Girlz Red Barn",9221.430103,4,0,0,2023
"2811-83118","2850-57608","Cooks","Urban Farm Girlz Red Barn",13146.32277,4,0,0,2023
"2811-83258","2850-57608","CHR","Urban Farm Girlz Red Barn",9221.430103,4,0,0,2023
"2850-57953","2850-57608","Cathys est","Urban Farm Girlz Red Barn",2738.939865,4,0,0,2023
"2850-57967","2850-57608","Green Mill est","Urban Farm Girlz Red Barn",4532.830932,4,0,0,2023
"2850-57958","2850-57608","CHR","Urban Farm Girlz Red Barn",9221.430103,4,0,0,2023
"2870-64921","2850-57608","CHR","Urban Farm Girlz Red Barn",9221.430103,4,0,0,2023
"2850-57980","2850-57608","Cooks","Urban Farm Girlz Red Barn",13146.32277,4,0,0,2023
"2870-65021","2850-57608","CHR","Urban Farm Girlz Red Barn",9221.430103,4,0,0,2023
"2850-57695","2850-57683","Quick est","Struthers main",4047.282377,6,0,0,2023
"2850-57756","2850-57683","CHR","Struthers main",5026.901367,6,0,0,2023
"2850-57745","2850-57683","CHR","Struthers main",5026.901367,6,0,0,2023
"2850-57759","2850-57683","CHR","Struthers main",5026.901367,6,0,0,2023
"2850-57757","2850-57683","CHR","Struthers main",5026.901367,6,0,0,2023
"2850-57758","2850-57683","CHR","Struthers main",5026.901367,6,0,0,2023
"2850-57762","2850-57683","CHR","Struthers main",5026.901367,6,0,0,2023
"2850-57763","2850-57683","CHR","Struthers main",5026.901367,6,0,0,2023
"2850-57808","2850-57683","CHR","Struthers main",5026.901367,6,0,0,2023
"2850-57772","2850-57683","Cooks","Struthers main",9026.103113,6,0,0,2023
"2850-57877","2850-57683","Make Believe","Struthers main",3336.249381,6,0,0,2023
"2850-57926","2850-57683","Blue Cloud main","Struthers main",1282.306886,6,0,0,2023
"2850-57927","2850-57683","Blue Cloud main","Struthers main",1282.306886,6,0,0,2023
"2850-57930","2850-57683","Blue Cloud main","Struthers main",1282.306886,6,0,0,2023
"2850-57933","2850-57683","Cooks","Struthers main",9026.103113,6,0,0,2023
"2850-57935","2850-57683","Boyer","Struthers main",3150.777513,6,0,0,2023
"2850-57937","2850-57683","Make Believe","Struthers main",3336.249381,6,0,0,2023
"2850-57944","2850-57683","Plumbumpy est","Struthers main",3195.317127,6,0,0,2023
"2850-57947","2850-57683","Blue Cloud pony shed","Struthers main",1264.680494,6,0,0,2023
"2850-57949","2850-57683","Speedwell est","Struthers main",1052.137445,6,0,0,2023
"2850-57970","2850-57683","CHR","Struthers main",5026.901367,6,0,0,2023
"2850-57955","2850-57683","CHR","Struthers main",5026.901367,6,0,0,2023
"2850-57962","2850-57683","CHR","Struthers main",5026.901367,6,0,0,2023
"2870-65014","2850-57683","Boyer","Struthers main",3150.777513,6,0,0,2023
"2850-57963","2850-57683","CHR","Struthers main",5026.901367,6,0,0,2023
"2870-64920","2850-57683","CHR","Struthers main",5026.901367,6,0,0,2023
"2870-64924","2850-57683","CHR","Struthers main",5026.901367,6,0,0,2023
"2850-57972","2850-57683","CHR","Struthers main",5026.901367,6,0,0,2023
"2870-64928","2850-57683","CHR","Struthers main",5026.901367,6,0,0,2023
"2850-57977","2850-57683","Red Wagon porch est","Struthers main",1939.365424,6,0,0,2023
"2870-65018","2850-57683","Make Believe","Struthers main",3336.249381,6,0,0,2023
"2870-65016","2850-57683","Boyer","Struthers main",3150.777513,6,0,0,2023
"2870-65017","2850-57683","Make Believe","Struthers main",3336.249381,6,0,0,2023
"2811-83123","2850-57683","CHR","Struthers main",5026.901367,6,0,0,2023
"2870-65020","2850-57683","CHR","Struthers main",5026.901367,6,0,0,2023
"2870-65023","2850-57683","CHR","Struthers main",5026.901367,6,0,0,2023
"2811-83118","2850-57683","Cooks","Struthers main",9026.103113,6,0,0,2023
"2811-83258","2850-57683","CHR","Struthers main",5026.901367,6,0,0,2023
"2850-57967","2850-57683","Green Mill est","Struthers main",319.575851,6,0,0,2023
"2850-57953","2850-57683","Cathys est","Struthers main",3488.116073,6,0,0,2023
"2850-57958","2850-57683","CHR","Struthers main",5026.901367,6,0,0,2023
"2870-64921","2850-57683","CHR","Struthers main",5026.901367,6,0,0,2023
"2850-57980","2850-57683","Cooks","Struthers main",9026.103113,6,0,0,2023
"2870-65021","2850-57683","CHR","Struthers main",5026.901367,6,0,0,2023
"2850-57745","2850-57685","CHR","Boyer",7918.345849,11,0,0,2023
"2850-57756","2850-57685","CHR","Boyer",7918.345849,11,0,0,2023
"2850-57695","2850-57685","Quick est","Boyer",909.9309874,11,0,0,2023
"2850-57757","2850-57685","CHR","Boyer",7918.345849,11,0,0,2023
"2850-57759","2850-57685","CHR","Boyer",7918.345849,11,0,0,2023
"2850-57762","2850-57685","CHR","Boyer",7918.345849,11,0,0,2023
"2850-57758","2850-57685","CHR","Boyer",7918.345849,11,0,0,2023
"2850-57772","2850-57685","Cooks","Boyer",11757.49343,11,0,0,2023
"2850-57763","2850-57685","CHR","Boyer",7918.345849,11,0,0,2023
"2850-57808","2850-57685","CHR","Boyer",7918.345849,11,0,0,2023
"2850-57877","2850-57685","Make Believe","Boyer",4212.841149,11,0,0,2023
"2850-57927","2850-57685","Blue Cloud main","Boyer",4432.865572,11,0,0,2023
"2850-57926","2850-57685","Blue Cloud main","Boyer",4432.865572,11,0,0,2023
"2850-57930","2850-57685","Blue Cloud main","Boyer",4432.865572,11,0,0,2023
"2850-57933","2850-57685","Cooks","Boyer",11757.49343,11,0,0,2023
"2850-57937","2850-57685","Make Believe","Boyer",4212.841149,11,0,0,2023
"2850-57949","2850-57685","Speedwell est","Boyer",2103.892922,11,0,0,2023
"2850-57947","2850-57685","Blue Cloud pony shed","Boyer",4420.238605,11,0,0,2023
"2850-57944","2850-57685","Plumbumpy est","Boyer",1414.317561,11,0,0,2023
"2850-57955","2850-57685","CHR","Boyer",7918.345849,11,0,0,2023
"2850-57963","2850-57685","CHR","Boyer",7918.345849,11,0,0,2023
"2850-57962","2850-57685","CHR","Boyer",7918.345849,11,0,0,2023
"2850-57970","2850-57685","CHR","Boyer",7918.345849,11,0,0,2023
"2850-57977","2850-57685","Red Wagon porch est","Boyer",1405.996859,11,0,0,2023
"2850-57972","2850-57685","CHR","Boyer",7918.345849,11,0,0,2023
"2870-64928","2850-57685","CHR","Boyer",7918.345849,11,0,0,2023
"2870-64920","2850-57685","CHR","Boyer",7918.345849,11,0,0,2023
"2870-64924","2850-57685","CHR","Boyer",7918.345849,11,0,0,2023
"2870-65017","2850-57685","Make Believe","Boyer",4212.841149,11,0,0,2023
"2870-65018","2850-57685","Make Believe","Boyer",4212.841149,11,0,0,2023
"2870-65023","2850-57685","CHR","Boyer",7918.345849,11,0,0,2023
"2870-65020","2850-57685","CHR","Boyer",7918.345849,11,0,0,2023
"2811-83118","2850-57685","Cooks","Boyer",11757.49343,11,0,0,2023
"2811-83123","2850-57685","CHR","Boyer",7918.345849,11,0,0,2023
"2811-83258","2850-57685","CHR","Boyer",7918.345849,11,0,0,2023
"2850-57953","2850-57685","Cathys est","Boyer",1321.64081,11,0,0,2023
"2850-57980","2850-57685","Cooks","Boyer",11757.49343,11,0,0,2023
"2850-57967","2850-57685","Green Mill est","Boyer",3477.104084,11,0,0,2023
"2870-64921","2850-57685","CHR","Boyer",7918.345849,11,0,0,2023
"2850-57958","2850-57685","CHR","Boyer",7918.345849,11,0,0,2023
"2870-65021","2850-57685","CHR","Boyer",7918.345849,11,0,0,2023
"2850-57877","2850-57764","Make Believe","Urban Farm Girlz Sheep Shed",5761.465774,3,0,0,2023
"2850-57772","2850-57764","Cooks","Urban Farm Girlz Sheep Shed",13112.56561,3,0,0,2023
"2850-57808","2850-57764","CHR","Urban Farm Girlz Sheep Shed",9185.52607,3,0,0,2023
"2850-57926","2850-57764","Blue Cloud main","Urban Farm Girlz Sheep Shed",5385.601613,3,0,0,2023
"2850-57927","2850-57764","Blue Cloud main","Urban Farm Girlz Sheep Shed",5385.601613,3,0,0,2023
"2850-57930","2850-57764","Blue Cloud main","Urban Farm Girlz Sheep Shed",5385.601613,3,0,0,2023
"2850-57937","2850-57764","Make Believe","Urban Farm Girlz Sheep Shed",5761.465774,3,0,0,2023
"2850-57935","2850-57764","Boyer","Urban Farm Girlz Sheep Shed",1535.559226,3,0,0,2023
"2850-57933","2850-57764","Cooks","Urban Farm Girlz Sheep Shed",13112.56561,3,0,0,2023
"2850-57944","2850-57764","Plumbumpy est","Urban Farm Girlz Sheep Shed",1109.676339,3,0,0,2023
"2850-57949","2850-57764","Speedwell est","Urban Farm Girlz Sheep Shed",3172.886591,3,0,0,2023
"2850-57970","2850-57764","CHR","Urban Farm Girlz Sheep Shed",9185.52607,3,0,0,2023
"2850-57947","2850-57764","Blue Cloud pony shed","Urban Farm Girlz Sheep Shed",5386.47096,3,0,0,2023
"2850-57962","2850-57764","CHR","Urban Farm Girlz Sheep Shed",9185.52607,3,0,0,2023
"2850-57955","2850-57764","CHR","Urban Farm Girlz Sheep Shed",9185.52607,3,0,0,2023
"2850-57972","2850-57764","CHR","Urban Farm Girlz Sheep Shed",9185.52607,3,0,0,2023
"2870-64920","2850-57764","CHR","Urban Farm Girlz Sheep Shed",9185.52607,3,0,0,2023
"2850-57963","2850-57764","CHR","Urban Farm Girlz Sheep Shed",9185.52607,3,0,0,2023
"2850-57977","2850-57764","Red Wagon porch est","Urban Farm Girlz Sheep Shed",2259.514836,3,0,0,2023
"2870-64924","2850-57764","CHR","Urban Farm Girlz Sheep Shed",9185.52607,3,0,0,2023
"2870-64928","2850-57764","CHR","Urban Farm Girlz Sheep Shed",9185.52607,3,0,0,2023
"2870-65014","2850-57764","Boyer","Urban Farm Girlz Sheep Shed",1535.559226,3,0,0,2023
"2870-65016","2850-57764","Boyer","Urban Farm Girlz Sheep Shed",1535.559226,3,0,0,2023
"2870-65017","2850-57764","Make Believe","Urban Farm Girlz Sheep Shed",5761.465774,3,0,0,2023
"2870-65018","2850-57764","Make Believe","Urban Farm Girlz Sheep Shed",5761.465774,3,0,0,2023
"2870-65023","2850-57764","CHR","Urban Farm Girlz Sheep Shed",9185.52607,3,0,0,2023
"2870-65020","2850-57764","CHR","Urban Farm Girlz Sheep Shed",9185.52607,3,0,0,2023
"2811-83123","2850-57764","CHR","Urban Farm Girlz Sheep Shed",9185.52607,3,0,0,2023
"2811-83118","2850-57764","Cooks","Urban Farm Girlz Sheep Shed",13112.56561,3,0,0,2023
"2811-83258","2850-57764","CHR","Urban Farm Girlz Sheep Shed",9185.52607,3,0,0,2023
"2870-64921","2850-57764","CHR","Urban Farm Girlz Sheep Shed",9185.52607,3,0,0,2023
"2850-57953","2850-57764","Cathys est","Urban Farm Girlz Sheep Shed",2733.095014,3,0,0,2023
"2850-57958","2850-57764","CHR","Urban Farm Girlz Sheep Shed",9185.52607,3,0,0,2023
"2850-57967","2850-57764","Green Mill est","Urban Farm Girlz Sheep Shed",4494.093688,3,0,0,2023
"2870-65021","2850-57764","CHR","Urban Farm Girlz Sheep Shed",9185.52607,3,0,0,2023
"2850-57980","2850-57764","Cooks","Urban Farm Girlz Sheep Shed",13112.56561,3,0,0,2023
"2850-57808","2850-57771","CHR","Cooks",3998.148258,3,0,0,2023
"2850-57926","2850-57771","Blue Cloud main","Cooks",8135.083191,3,0,0,2023
"2850-57930","2850-57771","Blue Cloud main","Cooks",8135.083191,3,0,0,2023
"2850-57927","2850-57771","Blue Cloud main","Cooks",8135.083191,3,0,0,2023
"2850-57877","2850-57771","Make Believe","Cooks",8134.783478,3,0,0,2023
"2850-57937","2850-57771","Make Believe","Cooks",8134.783478,3,0,0,2023
"2850-57935","2850-57771","Boyer","Cooks",11757.49343,3,0,0,2023
"2850-57944","2850-57771","Plumbumpy est","Cooks",12201.81193,3,0,0,2023
"2850-57947","2850-57771","Blue Cloud pony shed","Cooks",8116.117913,3,0,0,2023
"2850-57949","2850-57771","Speedwell est","Cooks",9974.089273,3,0,0,2023
"2850-57955","2850-57771","CHR","Cooks",3998.148258,3,0,0,2023
"2850-57963","2850-57771","CHR","Cooks",3998.148258,3,0,0,2023
"2850-57962","2850-57771","CHR","Cooks",3998.148258,3,0,0,2023
"2850-57970","2850-57771","CHR","Cooks",3998.148258,3,0,0,2023
"2850-57972","2850-57771","CHR","Cooks",3998.148258,3,0,0,2023
"2850-57977","2850-57771","Red Wagon porch est","Cooks",10895.89421,3,0,0,2023
"2870-65014","2850-57771","Boyer","Cooks",11757.49343,3,0,0,2023
"2870-64928","2850-57771","CHR","Cooks",3998.148258,3,0,0,2023
"2870-64920","2850-57771","CHR","Cooks",3998.148258,3,0,0,2023
"2870-64924","2850-57771","CHR","Cooks",3998.148258,3,0,0,2023
"2870-65023","2850-57771","CHR","Cooks",3998.148258,3,0,0,2023
"2870-65016","2850-57771","Boyer","Cooks",11757.49343,3,0,0,2023
"2870-65017","2850-57771","Make Believe","Cooks",8134.783478,3,0,0,2023
"2870-65018","2850-57771","Make Believe","Cooks",8134.783478,3,0,0,2023
"2811-83123","2850-57771","CHR","Cooks",3998.148258,3,0,0,2023
"2870-65020","2850-57771","CHR","Cooks",3998.148258,3,0,0,2023
"2811-83258","2850-57771","CHR","Cooks",3998.148258,3,0,0,2023
"2850-57953","2850-57771","Cathys est","Cooks",11307.353,3,0,0,2023
"2850-57967","2850-57771","Green Mill est","Cooks",8793.220725,3,0,0,2023
"2850-57958","2850-57771","CHR","Cooks",3998.148258,3,0,0,2023
"2870-64921","2850-57771","CHR","Cooks",3998.148258,3,0,0,2023
"2870-65021","2850-57771","CHR","Cooks",3998.148258,3,0,0,2023
"2850-57877","2850-57869","Make Believe","Blue Cloud main",3928.765414,8,0,0,2023
"2850-57935","2850-57869","Boyer","Blue Cloud main",4432.865572,8,0,0,2023
"2850-57933","2850-57869","Cooks","Blue Cloud main",8135.083191,8,0,0,2023
"2850-57937","2850-57869","Make Believe","Blue Cloud main",3928.765414,8,0,0,2023
"2850-57944","2850-57869","Plumbumpy est","Blue Cloud main",4322.122415,8,0,0,2023
"2850-57955","2850-57869","CHR","Blue Cloud main",4098.901931,8,0,0,2023
"2850-57949","2850-57869","Speedwell est","Blue Cloud main",2324.039286,8,0,0,2023
"2850-57947","2850-57869","Blue Cloud pony shed","Blue Cloud main",41.49721875,8,0,0,2023
"2850-57962","2850-57869","CHR","Blue Cloud main",4098.901931,8,0,0,2023
"2850-57963","2850-57869","CHR","Blue Cloud main",4098.901931,8,0,0,2023
"2850-57970","2850-57869","CHR","Blue Cloud main",4098.901931,8,0,0,2023
"2870-64920","2850-57869","CHR","Blue Cloud main",4098.901931,8,0,0,2023
"2850-57977","2850-57869","Red Wagon porch est","Blue Cloud main",3154.328285,8,0,0,2023
"2850-57972","2850-57869","CHR","Blue Cloud main",4098.901931,8,0,0,2023
"2870-64924","2850-57869","CHR","Blue Cloud main",4098.901931,8,0,0,2023
"2870-64928","2850-57869","CHR","Blue Cloud main",4098.901931,8,0,0,2023
"2870-65014","2850-57869","Boyer","Blue Cloud main",4432.865572,8,0,0,2023
"2870-65016","2850-57869","Boyer","Blue Cloud main",4432.865572,8,0,0,2023
"2870-65017","2850-57869","Make Believe","Blue Cloud main",3928.765414,8,0,0,2023
"2870-65018","2850-57869","Make Believe","Blue Cloud main",3928.765414,8,0,0,2023
"2870-65020","2850-57869","CHR","Blue Cloud main",4098.901931,8,0,0,2023
"2870-65023","2850-57869","CHR","Blue Cloud main",4098.901931,8,0,0,2023
"2811-83118","2850-57869","Cooks","Blue Cloud main",8135.083191,8,0,0,2023
"2811-83123","2850-57869","CHR","Blue Cloud main",4098.901931,8,0,0,2023
"2811-83258","2850-57869","CHR","Blue Cloud main",4098.901931,8,0,0,2023
"2850-57958","2850-57869","CHR","Blue Cloud main",4098.901931,8,0,0,2023
"2850-57967","2850-57869","Green Mill est","Blue Cloud main",951.230431,8,0,0,2023
"2850-57953","2850-57869","Cathys est","Blue Cloud main",4754.681144,8,0,0,2023
"2850-57980","2850-57869","Cooks","Blue Cloud main",8135.083191,8,0,0,2023
"2850-57877","2850-57871","Make Believe","Blue Cloud main",3928.765414,5,0,0,2023
"2870-64921","2850-57869","CHR","Blue Cloud main",4098.901931,8,0,0,2023
"2870-65021","2850-57869","CHR","Blue Cloud main",4098.901931,8,0,0,2023
"2850-57937","2850-57871","Make Believe","Blue Cloud main",3928.765414,5,0,0,2023
"2850-57933","2850-57871","Cooks","Blue Cloud main",8135.083191,5,0,0,2023
"2850-57935","2850-57871","Boyer","Blue Cloud main",4432.865572,5,0,0,2023
"2850-57944","2850-57871","Plumbumpy est","Blue Cloud main",4322.122415,5,0,0,2023
"2850-57947","2850-57871","Blue Cloud pony shed","Blue Cloud main",41.49721875,5,0,0,2023
"2850-57949","2850-57871","Speedwell est","Blue Cloud main",2324.039286,5,0,0,2023
"2850-57955","2850-57871","CHR","Blue Cloud main",4098.901931,5,0,0,2023
"2850-57962","2850-57871","CHR","Blue Cloud main",4098.901931,5,0,0,2023
"2870-64924","2850-57871","CHR","Blue Cloud main",4098.901931,5,0,0,2023
"2850-57963","2850-57871","CHR","Blue Cloud main",4098.901931,5,0,0,2023
"2850-57970","2850-57871","CHR","Blue Cloud main",4098.901931,5,0,0,2023
"2850-57977","2850-57871","Red Wagon porch est","Blue Cloud main",3154.328285,5,0,0,2023
"2850-57972","2850-57871","CHR","Blue Cloud main",4098.901931,5,0,0,2023
"2870-64920","2850-57871","CHR","Blue Cloud main",4098.901931,5,0,0,2023
"2870-65017","2850-57871","Make Believe","Blue Cloud main",3928.765414,5,0,0,2023
"2870-65014","2850-57871","Boyer","Blue Cloud main",4432.865572,5,0,0,2023
"2870-65016","2850-57871","Boyer","Blue Cloud main",4432.865572,5,0,0,2023
"2870-64928","2850-57871","CHR","Blue Cloud main",4098.901931,5,0,0,2023
"2870-65020","2850-57871","CHR","Blue Cloud main",4098.901931,5,0,0,2023
"2870-65018","2850-57871","Make Believe","Blue Cloud main",3928.765414,5,0,0,2023
"2870-65023","2850-57871","CHR","Blue Cloud main",4098.901931,5,0,0,2023
"2811-83123","2850-57871","CHR","Blue Cloud main",4098.901931,5,0,0,2023
"2811-83118","2850-57871","Cooks","Blue Cloud main",8135.083191,5,0,0,2023
"2811-83258","2850-57871","CHR","Blue Cloud main",4098.901931,5,0,0,2023
"2850-57953","2850-57871","Cathys est","Blue Cloud main",4754.681144,5,0,0,2023
"2850-57967","2850-57871","Green Mill est","Blue Cloud main",951.230431,5,0,0,2023
"2850-57958","2850-57871","CHR","Blue Cloud main",4098.901931,5,0,0,2023
"2870-64921","2850-57871","CHR","Blue Cloud main",4098.901931,5,0,0,2023
"2850-57980","2850-57871","Cooks","Blue Cloud main",8135.083191,5,0,0,2023
"2870-65021","2850-57871","CHR","Blue Cloud main",4098.901931,5,0,0,2023
"2850-57935","2850-57928","Boyer","Blue Cloud main",4432.865572,4,0,0,2023
"2850-57933","2850-57928","Cooks","Blue Cloud main",8135.083191,4,0,0,2023
"2850-57937","2850-57928","Make Believe","Blue Cloud main",3928.765414,4,0,0,2023
"2850-57949","2850-57928","Speedwell est","Blue Cloud main",2324.039286,4,0,0,2023
"2850-57944","2850-57928","Plumbumpy est","Blue Cloud main",4322.122415,4,0,0,2023
"2850-57947","2850-57928","Blue Cloud pony shed","Blue Cloud main",41.49721875,4,0,0,2023
"2850-57955","2850-57928","CHR","Blue Cloud main",4098.901931,4,0,0,2023
"2850-57970","2850-57928","CHR","Blue Cloud main",4098.901931,4,0,0,2023
"2850-57963","2850-57928","CHR","Blue Cloud main",4098.901931,4,0,0,2023
"2850-57962","2850-57928","CHR","Blue Cloud main",4098.901931,4,0,0,2023
"2850-57977","2850-57928","Red Wagon porch est","Blue Cloud main",3154.328285,4,0,0,2023
"2850-57972","2850-57928","CHR","Blue Cloud main",4098.901931,4,0,0,2023
"2870-64924","2850-57928","CHR","Blue Cloud main",4098.901931,4,0,0,2023
"2870-64920","2850-57928","CHR","Blue Cloud main",4098.901931,4,0,0,2023
"2870-65014","2850-57928","Boyer","Blue Cloud main",4432.865572,4,0,0,2023
"2870-64928","2850-57928","CHR","Blue Cloud main",4098.901931,4,0,0,2023
"2870-65017","2850-57928","Make Believe","Blue Cloud main",3928.765414,4,0,0,2023
"2870-65016","2850-57928","Boyer","Blue Cloud main",4432.865572,4,0,0,2023
"2870-65018","2850-57928","Make Believe","Blue Cloud main",3928.765414,4,0,0,2023
"2811-83118","2850-57928","Cooks","Blue Cloud main",8135.083191,4,0,0,2023
"2870-65020","2850-57928","CHR","Blue Cloud main",4098.901931,4,0,0,2023
"2870-65023","2850-57928","CHR","Blue Cloud main",4098.901931,4,0,0,2023
"2811-83123","2850-57928","CHR","Blue Cloud main",4098.901931,4,0,0,2023
"2811-83258","2850-57928","CHR","Blue Cloud main",4098.901931,4,0,0,2023
"2870-64921","2850-57928","CHR","Blue Cloud main",4098.901931,4,0,0,2023
"2850-57967","2850-57928","Green Mill est","Blue Cloud main",951.230431,4,0,0,2023
"2850-57958","2850-57928","CHR","Blue Cloud main",4098.901931,4,0,0,2023
"2850-57953","2850-57928","Cathys est","Blue Cloud main",4754.681144,4,0,0,2023
"2850-57980","2850-57928","Cooks","Blue Cloud main",8135.083191,4,0,0,2023
"2870-65021","2850-57928","CHR","Blue Cloud main",4098.901931,4,0,0,2023
"2850-57944","2850-57932","Plumbumpy est","Cooks",12201.81193,4,0,0,2023
"2850-57935","2850-57932","Boyer","Cooks",11757.49343,4,0,0,2023
"2850-57937","2850-57932","Make Believe","Cooks",8134.783478,4,0,0,2023
"2850-57949","2850-57932","Speedwell est","Cooks",9974.089273,4,0,0,2023
"2850-57947","2850-57932","Blue Cloud pony shed","Cooks",8116.117913,4,0,0,2023
"2850-57962","2850-57932","CHR","Cooks",3998.148258,4,0,0,2023
"2850-57955","2850-57932","CHR","Cooks",3998.148258,4,0,0,2023
"2850-57963","2850-57932","CHR","Cooks",3998.148258,4,0,0,2023
"2850-57970","2850-57932","CHR","Cooks",3998.148258,4,0,0,2023
"2850-57977","2850-57932","Red Wagon porch est","Cooks",10895.89421,4,0,0,2023
"2870-64924","2850-57932","CHR","Cooks",3998.148258,4,0,0,2023
"2850-57972","2850-57932","CHR","Cooks",3998.148258,4,0,0,2023
"2870-65014","2850-57932","Boyer","Cooks",11757.49343,4,0,0,2023
"2870-64920","2850-57932","CHR","Cooks",3998.148258,4,0,0,2023
"2870-64928","2850-57932","CHR","Cooks",3998.148258,4,0,0,2023
"2870-65016","2850-57932","Boyer","Cooks",11757.49343,4,0,0,2023
"2870-65017","2850-57932","Make Believe","Cooks",8134.783478,4,0,0,2023
"2870-65018","2850-57932","Make Believe","Cooks",8134.783478,4,0,0,2023
"2870-65023","2850-57932","CHR","Cooks",3998.148258,4,0,0,2023
"2870-65020","2850-57932","CHR","Cooks",3998.148258,4,0,0,2023
"2811-83123","2850-57932","CHR","Cooks",3998.148258,4,0,0,2023
"2811-83258","2850-57932","CHR","Cooks",3998.148258,4,0,0,2023
"2850-57953","2850-57932","Cathys est","Cooks",11307.353,4,0,0,2023
"2850-57958","2850-57932","CHR","Cooks",3998.148258,4,0,0,2023
"2850-57967","2850-57932","Green Mill est","Cooks",8793.220725,4,0,0,2023
"2870-65021","2850-57932","CHR","Cooks",3998.148258,4,0,0,2023
"2870-64921","2850-57932","CHR","Cooks",3998.148258,4,0,0,2023
"2850-57937","2850-57934","Make Believe","Boyer",4212.841149,10,0,0,2023
"2850-57944","2850-57934","Plumbumpy est","Boyer",1414.317561,10,0,0,2023
"2850-57947","2850-57934","Blue Cloud pony shed","Boyer",4420.238605,10,0,0,2023
"2850-57949","2850-57934","Speedwell est","Boyer",2103.892922,10,0,0,2023
"2850-57955","2850-57934","CHR","Boyer",7918.345849,10,0,0,2023
"2850-57962","2850-57934","CHR","Boyer",7918.345849,10,0,0,2023
"2850-57963","2850-57934","CHR","Boyer",7918.345849,10,0,0,2023
"2850-57970","2850-57934","CHR","Boyer",7918.345849,10,0,0,2023
"2850-57977","2850-57934","Red Wagon porch est","Boyer",1405.996859,10,0,0,2023
"2870-64920","2850-57934","CHR","Boyer",7918.345849,10,0,0,2023
"2850-57972","2850-57934","CHR","Boyer",7918.345849,10,0,0,2023
"2870-64924","2850-57934","CHR","Boyer",7918.345849,10,0,0,2023
"2870-64928","2850-57934","CHR","Boyer",7918.345849,10,0,0,2023
"2870-65018","2850-57934","Make Believe","Boyer",4212.841149,10,0,0,2023
"2870-65017","2850-57934","Make Believe","Boyer",4212.841149,10,0,0,2023
"2870-65023","2850-57934","CHR","Boyer",7918.345849,10,0,0,2023
"2870-65020","2850-57934","CHR","Boyer",7918.345849,10,0,0,2023
"2811-83123","2850-57934","CHR","Boyer",7918.345849,10,0,0,2023
"2811-83118","2850-57934","Cooks","Boyer",11757.49343,10,0,0,2023
"2811-83258","2850-57934","CHR","Boyer",7918.345849,10,0,0,2023
"2850-57958","2850-57934","CHR","Boyer",7918.345849,10,0,0,2023
"2850-57953","2850-57934","Cathys est","Boyer",1321.64081,10,3,0.3,2023
"2850-57967","2850-57934","Green Mill est","Boyer",3477.104084,10,0,0,2023
"2870-65021","2850-57934","CHR","Boyer",7918.345849,10,0,0,2023
"2850-57980","2850-57934","Cooks","Boyer",11757.49343,10,0,0,2023
"2870-64921","2850-57934","CHR","Boyer",7918.345849,10,0,0,2023
"2850-57944","2850-57938","Plumbumpy est","Make Believe",5249.655973,3,0,0,2023
"2850-57947","2850-57938","Blue Cloud pony shed","Make Believe",3876.36582,3,0,0,2023
"2850-57949","2850-57938","Speedwell est","Make Believe",3455.712605,3,0,0,2023
"2850-57955","2850-57938","CHR","Make Believe",4912.593342,3,0,0,2023
"2850-57970","2850-57938","CHR","Make Believe",4912.593342,3,0,0,2023
"2850-57963","2850-57938","CHR","Make Believe",4912.593342,3,0,0,2023
"2850-57962","2850-57938","CHR","Make Believe",4912.593342,3,0,0,2023
"2850-57972","2850-57938","CHR","Make Believe",4912.593342,3,0,0,2023
"2850-57977","2850-57938","Red Wagon porch est","Make Believe",4083.407908,3,0,0,2023
"2870-65014","2850-57938","Boyer","Make Believe",4212.841149,3,0,0,2023
"2870-65016","2850-57938","Boyer","Make Believe",4212.841149,3,0,0,2023
"2870-64924","2850-57938","CHR","Make Believe",4912.593342,3,0,0,2023
"2870-64920","2850-57938","CHR","Make Believe",4912.593342,3,0,0,2023
"2870-64928","2850-57938","CHR","Make Believe",4912.593342,3,0,0,2023
"2870-65023","2850-57938","CHR","Make Believe",4912.593342,3,0,0,2023
"2870-65020","2850-57938","CHR","Make Believe",4912.593342,3,0,0,2023
"2811-83118","2850-57938","Cooks","Make Believe",8134.783478,3,0,0,2023
"2811-83123","2850-57938","CHR","Make Believe",4912.593342,3,0,0,2023
"2811-83258","2850-57938","CHR","Make Believe",4912.593342,3,0,0,2023
"2850-57967","2850-57938","Green Mill est","Make Believe",3456.574291,3,0,0,2023
"2850-57958","2850-57938","CHR","Make Believe",4912.593342,3,0,0,2023
"2850-57953","2850-57938","Cathys est","Make Believe",3337.471654,3,0,0,2023
"2870-65021","2850-57938","CHR","Make Believe",4912.593342,3,0,0,2023
"2870-64921","2850-57938","CHR","Make Believe",4912.593342,3,0,0,2023
"2850-57980","2850-57938","Cooks","Make Believe",8134.783478,3,0,0,2023
"2850-57944","2850-57939","Plumbumpy est","Make Believe",5249.655973,13,0,0,2023
"2850-57947","2850-57939","Blue Cloud pony shed","Make Believe",3876.36582,13,0,0,2023
"2850-57955","2850-57939","CHR","Make Believe",4912.593342,13,0,0,2023
"2850-57949","2850-57939","Speedwell est","Make Believe",3455.712605,13,0,0,2023
"2850-57970","2850-57939","CHR","Make Believe",4912.593342,13,0,0,2023
"2850-57962","2850-57939","CHR","Make Believe",4912.593342,13,0,0,2023
"2850-57972","2850-57939","CHR","Make Believe",4912.593342,13,0,0,2023
"2850-57963","2850-57939","CHR","Make Believe",4912.593342,13,0,0,2023
"2870-65014","2850-57939","Boyer","Make Believe",4212.841149,13,0,0,2023
"2870-64924","2850-57939","CHR","Make Believe",4912.593342,13,0,0,2023
"2850-57977","2850-57939","Red Wagon porch est","Make Believe",4083.407908,13,0,0,2023
"2870-64920","2850-57939","CHR","Make Believe",4912.593342,13,0,0,2023
"2870-65016","2850-57939","Boyer","Make Believe",4212.841149,13,0,0,2023
"2870-64928","2850-57939","CHR","Make Believe",4912.593342,13,0,0,2023
"2811-83118","2850-57939","Cooks","Make Believe",8134.783478,13,0,0,2023
"2870-65020","2850-57939","CHR","Make Believe",4912.593342,13,0,0,2023
"2870-65023","2850-57939","CHR","Make Believe",4912.593342,13,0,0,2023
"2811-83123","2850-57939","CHR","Make Believe",4912.593342,13,0,0,2023
"2811-83258","2850-57939","CHR","Make Believe",4912.593342,13,0,0,2023
"2850-57967","2850-57939","Green Mill est","Make Believe",3456.574291,13,0,0,2023
"2850-57953","2850-57939","Cathys est","Make Believe",3337.471654,13,0,0,2023
"2850-57958","2850-57939","CHR","Make Believe",4912.593342,13,0,0,2023
"2850-57980","2850-57939","Cooks","Make Believe",8134.783478,13,0,0,2023
"2870-65021","2850-57939","CHR","Make Believe",4912.593342,13,0,0,2023
"2870-64921","2850-57939","CHR","Make Believe",4912.593342,13,0,0,2023
"2850-57944","2850-57941","Plumbumpy est","Make Believe",5249.655973,8,0,0,2023
"2850-57947","2850-57941","Blue Cloud pony shed","Make Believe",3876.36582,8,0,0,2023
"2850-57955","2850-57941","CHR","Make Believe",4912.593342,8,0,0,2023
"2850-57949","2850-57941","Speedwell est","Make Believe",3455.712605,8,0,0,2023
"2850-57962","2850-57941","CHR","Make Believe",4912.593342,8,0,0,2023
"2850-57970","2850-57941","CHR","Make Believe",4912.593342,8,0,0,2023
"2850-57963","2850-57941","CHR","Make Believe",4912.593342,8,0,0,2023
"2850-57977","2850-57941","Red Wagon porch est","Make Believe",4083.407908,8,0,0,2023
"2850-57972","2850-57941","CHR","Make Believe",4912.593342,8,0,0,2023
"2870-64920","2850-57941","CHR","Make Believe",4912.593342,8,0,0,2023
"2870-65014","2850-57941","Boyer","Make Believe",4212.841149,8,0,0,2023
"2870-65016","2850-57941","Boyer","Make Believe",4212.841149,8,0,0,2023
"2870-64924","2850-57941","CHR","Make Believe",4912.593342,8,0,0,2023
"2870-64928","2850-57941","CHR","Make Believe",4912.593342,8,0,0,2023
"2870-65020","2850-57941","CHR","Make Believe",4912.593342,8,0,0,2023
"2870-65023","2850-57941","CHR","Make Believe",4912.593342,8,0,0,2023
"2811-83118","2850-57941","Cooks","Make Believe",8134.783478,8,0,0,2023
"2811-83123","2850-57941","CHR","Make Believe",4912.593342,8,0,0,2023
"2811-83258","2850-57941","CHR","Make Believe",4912.593342,8,0,0,2023
"2850-57953","2850-57941","Cathys est","Make Believe",3337.471654,8,0,0,2023
"2850-57967","2850-57941","Green Mill est","Make Believe",3456.574291,8,0,0,2023
"2850-57958","2850-57941","CHR","Make Believe",4912.593342,8,0,0,2023
"2870-64921","2850-57941","CHR","Make Believe",4912.593342,8,0,0,2023
"2870-65021","2850-57941","CHR","Make Believe",4912.593342,8,0,0,2023
"2850-57980","2850-57941","Cooks","Make Believe",8134.783478,8,0,0,2023
"2850-57944","2850-57943","Plumbumpy est","Struthers round",3146.352001,2,0,0,2023
"2850-57947","2850-57943","Blue Cloud pony shed","Struthers round",1301.390088,2,0,0,2023
"2850-57955","2850-57943","CHR","Struthers round",5082.708126,2,0,0,2023
"2850-57963","2850-57943","CHR","Struthers round",5082.708126,2,0,0,2023
"2850-57949","2850-57943","Speedwell est","Struthers round",1013.604361,2,0,0,2023
"2850-57962","2850-57943","CHR","Struthers round",5082.708126,2,0,0,2023
"2850-57970","2850-57943","CHR","Struthers round",5082.708126,2,0,0,2023
"2850-57977","2850-57943","Red Wagon porch est","Struthers round",1894.203232,2,0,0,2023
"2870-64920","2850-57943","CHR","Struthers round",5082.708126,2,0,0,2023
"2850-57972","2850-57943","CHR","Struthers round",5082.708126,2,0,0,2023
"2870-65016","2850-57943","Boyer","Struthers round",3116.434557,2,0,0,2023
"2870-65014","2850-57943","Boyer","Struthers round",3116.434557,2,0,0,2023
"2870-64928","2850-57943","CHR","Struthers round",5082.708126,2,0,0,2023
"2870-64924","2850-57943","CHR","Struthers round",5082.708126,2,0,0,2023
"2870-65017","2850-57943","Make Believe","Struthers round",3372.48869,2,0,0,2023
"2870-65018","2850-57943","Make Believe","Struthers round",3372.48869,2,0,0,2023
"2870-65020","2850-57943","CHR","Struthers round",5082.708126,2,0,0,2023
"2811-83123","2850-57943","CHR","Struthers round",5082.708126,2,0,0,2023
"2870-65023","2850-57943","CHR","Struthers round",5082.708126,2,0,0,2023
"2811-83118","2850-57943","Cooks","Struthers round",9083.204192,2,0,0,2023
"2811-83258","2850-57943","CHR","Struthers round",5082.708126,2,0,0,2023
"2850-57953","2850-57943","Cathys est","Struthers round",3472.461076,2,0,0,2023
"2850-57958","2850-57943","CHR","Struthers round",5082.708126,2,0,0,2023
"2850-57967","2850-57943","Green Mill est","Struthers round",356.2478644,2,0,0,2023
"2850-57980","2850-57943","Cooks","Struthers round",9083.204192,2,0,0,2023
"2870-64921","2850-57943","CHR","Struthers round",5082.708126,2,0,0,2023
"2870-65021","2850-57943","CHR","Struthers round",5082.708126,2,0,0,2023
"2850-57949","2850-57945","Speedwell est","Plumbumpy est",2225.353422,5,0,0,2023
"2850-57955","2850-57945","CHR","Plumbumpy est",8226.205846,5,0,0,2023
"2850-57947","2850-57945","Blue Cloud pony shed","Plumbumpy est",4327.151894,5,0,0,2023
"2850-57972","2850-57945","CHR","Plumbumpy est",8226.205846,5,0,0,2023
"2850-57962","2850-57945","CHR","Plumbumpy est",8226.205846,5,0,0,2023
"2850-57970","2850-57945","CHR","Plumbumpy est",8226.205846,5,0,0,2023
"2850-57977","2850-57945","Red Wagon porch est","Plumbumpy est",1312.013059,5,0,0,2023
"2850-57963","2850-57945","CHR","Plumbumpy est",8226.205846,5,0,0,2023
"2870-64920","2850-57945","CHR","Plumbumpy est",8226.205846,5,0,0,2023
"2870-64924","2850-57945","CHR","Plumbumpy est",8226.205846,5,0,0,2023
"2870-65014","2850-57945","Boyer","Plumbumpy est",1414.317561,5,0,0,2023
"2870-64928","2850-57945","CHR","Plumbumpy est",8226.205846,5,0,0,2023
"2811-83118","2850-57945","Cooks","Plumbumpy est",12201.81193,5,0,0,2023
"2870-65016","2850-57945","Boyer","Plumbumpy est",1414.317561,5,0,0,2023
"2870-65017","2850-57945","Make Believe","Plumbumpy est",5249.655973,5,0,0,2023
"2870-65020","2850-57945","CHR","Plumbumpy est",8226.205846,5,0,0,2023
"2870-65023","2850-57945","CHR","Plumbumpy est",8226.205846,5,0,0,2023
"2870-65018","2850-57945","Make Believe","Plumbumpy est",5249.655973,5,0,0,2023
"2811-83123","2850-57945","CHR","Plumbumpy est",8226.205846,5,0,0,2023
"2811-83258","2850-57945","CHR","Plumbumpy est",8226.205846,5,0,0,2023
"2850-57953","2850-57945","Cathys est","Plumbumpy est",2745.38158,5,0,0,2023
"2870-64921","2850-57945","CHR","Plumbumpy est",8226.205846,5,0,0,2023
"2850-57967","2850-57945","Green Mill est","Plumbumpy est",3467.682599,5,0,0,2023
"2850-57958","2850-57945","CHR","Plumbumpy est",8226.205846,5,0,0,2023
"2870-65021","2850-57945","CHR","Plumbumpy est",8226.205846,5,0,0,2023
"2850-57980","2850-57945","Cooks","Plumbumpy est",12201.81193,5,0,0,2023
"2850-57949","2850-57946","Speedwell est","Nixon est",2112.75944,4,0,0,2023
"2850-57947","2850-57946","Blue Cloud pony shed","Nixon est",400.0257544,4,0,0,2023
"2850-57955","2850-57946","CHR","Nixon est",4043.444267,4,0,0,2023
"2850-57962","2850-57946","CHR","Nixon est",4043.444267,4,0,0,2023
"2850-57963","2850-57946","CHR","Nixon est",4043.444267,4,0,0,2023
"2850-57977","2850-57946","Red Wagon porch est","Nixon est",2997.159322,4,0,0,2023
"2850-57970","2850-57946","CHR","Nixon est",4043.444267,4,0,0,2023
"2850-57972","2850-57946","CHR","Nixon est",4043.444267,4,0,0,2023
"2870-65014","2850-57946","Boyer","Nixon est",4199.10799,4,0,0,2023
"2870-64924","2850-57946","CHR","Nixon est",4043.444267,4,0,0,2023
"2870-64920","2850-57946","CHR","Nixon est",4043.444267,4,0,0,2023
"2870-64928","2850-57946","CHR","Nixon est",4043.444267,4,0,0,2023
"2870-65020","2850-57946","CHR","Nixon est",4043.444267,4,0,0,2023
"2870-65016","2850-57946","Boyer","Nixon est",4199.10799,4,0,0,2023
"2870-65017","2850-57946","Make Believe","Nixon est",3470.02738,4,0,0,2023
"2870-65018","2850-57946","Make Believe","Nixon est",3470.02738,4,0,0,2023
"2811-83123","2850-57946","CHR","Nixon est",4043.444267,4,0,0,2023
"2870-65023","2850-57946","CHR","Nixon est",4043.444267,4,0,0,2023
"2811-83118","2850-57946","Cooks","Nixon est",8070.854802,4,0,0,2023
"2811-83258","2850-57946","CHR","Nixon est",4043.444267,4,0,0,2023
"2850-57953","2850-57946","Cathys est","Nixon est",4415.49507,4,0,0,2023
"2850-57958","2850-57946","CHR","Nixon est",4043.444267,4,0,0,2023
"2850-57967","2850-57946","Green Mill est","Nixon est",750.4600389,4,0,0,2023
"2870-64921","2850-57946","CHR","Nixon est",4043.444267,4,0,0,2023
"2850-57980","2850-57946","Cooks","Nixon est",8070.854802,4,0,0,2023
"2870-65021","2850-57946","CHR","Nixon est",4043.444267,4,0,0,2023
"2850-57949","2850-57948","Speedwell est","Cooks",9974.089273,8,0,0,2023
"2850-57955","2850-57948","CHR","Cooks",3998.148258,8,0,0,2023
"2850-57962","2850-57948","CHR","Cooks",3998.148258,8,0,0,2023
"2850-57970","2850-57948","CHR","Cooks",3998.148258,8,0,0,2023
"2850-57963","2850-57948","CHR","Cooks",3998.148258,8,0,0,2023
"2850-57972","2850-57948","CHR","Cooks",3998.148258,8,0,0,2023
"2850-57977","2850-57948","Red Wagon porch est","Cooks",10895.89421,8,0,0,2023
"2870-64920","2850-57948","CHR","Cooks",3998.148258,8,0,0,2023
"2870-64924","2850-57948","CHR","Cooks",3998.148258,8,0,0,2023
"2870-64928","2850-57948","CHR","Cooks",3998.148258,8,0,0,2023
"2870-65014","2850-57948","Boyer","Cooks",11757.49343,8,0,0,2023
"2870-65016","2850-57948","Boyer","Cooks",11757.49343,8,0,0,2023
"2811-83123","2850-57948","CHR","Cooks",3998.148258,8,0,0,2023
"2870-65017","2850-57948","Make Believe","Cooks",8134.783478,8,0,0,2023
"2870-65018","2850-57948","Make Believe","Cooks",8134.783478,8,0,0,2023
"2870-65020","2850-57948","CHR","Cooks",3998.148258,8,0,0,2023
"2870-65023","2850-57948","CHR","Cooks",3998.148258,8,0,0,2023
"2811-83258","2850-57948","CHR","Cooks",3998.148258,8,0,0,2023
"2850-57953","2850-57948","Cathys est","Cooks",11307.353,8,0,0,2023
"2850-57967","2850-57948","Green Mill est","Cooks",8793.220725,8,0,0,2023
"2850-57958","2850-57948","CHR","Cooks",3998.148258,8,0,0,2023
"2870-64921","2850-57948","CHR","Cooks",3998.148258,8,0,0,2023
"2870-65021","2850-57948","CHR","Cooks",3998.148258,8,0,0,2023
"2850-57955","2850-57950","CHR","Speedwell est",6015.097136,7,0,0,2023
"2850-57963","2850-57950","CHR","Speedwell est",6015.097136,7,0,0,2023
"2850-57962","2850-57950","CHR","Speedwell est",6015.097136,7,0,0,2023
"2850-57970","2850-57950","CHR","Speedwell est",6015.097136,7,0,0,2023
"2850-57972","2850-57950","CHR","Speedwell est",6015.097136,7,0,0,2023
"2850-57977","2850-57950","Red Wagon porch est","Speedwell est",918.9994827,7,0,0,2023
"2870-64920","2850-57950","CHR","Speedwell est",6015.097136,7,0,0,2023
"2870-64928","2850-57950","CHR","Speedwell est",6015.097136,7,0,0,2023
"2870-64924","2850-57950","CHR","Speedwell est",6015.097136,7,0,0,2023
"2870-65016","2850-57950","Boyer","Speedwell est",2103.892922,7,0,0,2023
"2870-65014","2850-57950","Boyer","Speedwell est",2103.892922,7,0,0,2023
"2870-65017","2850-57950","Make Believe","Speedwell est",3455.712605,7,0,0,2023
"2870-65018","2850-57950","Make Believe","Speedwell est",3455.712605,7,0,0,2023
"2870-65020","2850-57950","CHR","Speedwell est",6015.097136,7,0,0,2023
"2870-65023","2850-57950","CHR","Speedwell est",6015.097136,7,0,0,2023
"2811-83123","2850-57950","CHR","Speedwell est",6015.097136,7,0,0,2023
"2811-83118","2850-57950","Cooks","Speedwell est",9974.089273,7,0,0,2023
"2811-83258","2850-57950","CHR","Speedwell est",6015.097136,7,0,0,2023
"2870-64921","2850-57950","CHR","Speedwell est",6015.097136,7,0,0,2023
"2850-57953","2850-57950","Cathys est","Speedwell est",2613.652419,7,0,0,2023
"2850-57980","2850-57950","Cooks","Speedwell est",9974.089273,7,0,0,2023
"2850-57967","2850-57950","Green Mill est","Speedwell est",1372.272488,7,0,0,2023
"2850-57958","2850-57950","CHR","Speedwell est",6015.097136,7,0,0,2023
"2870-65021","2850-57950","CHR","Speedwell est",6015.097136,7,0,0,2023
"2850-57955","2850-57954","CHR","Cathys est",7669.293552,6,0,0,2023
"2850-57962","2850-57954","CHR","Cathys est",7669.293552,6,0,0,2023
"2850-57970","2850-57954","CHR","Cathys est",7669.293552,6,0,0,2023
"2850-57972","2850-57954","CHR","Cathys est",7669.293552,6,0,0,2023
"2850-57963","2850-57954","CHR","Cathys est",7669.293552,6,0,0,2023
"2850-57977","2850-57954","Red Wagon porch est","Cathys est",2334.117655,6,0,0,2023
"2870-64920","2850-57954","CHR","Cathys est",7669.293552,6,0,0,2023
"2870-64924","2850-57954","CHR","Cathys est",7669.293552,6,0,0,2023
"2870-65014","2850-57954","Boyer","Cathys est",1321.64081,6,0,0,2023
"2870-65017","2850-57954","Make Believe","Cathys est",3337.471654,6,0,0,2023
"2870-64928","2850-57954","CHR","Cathys est",7669.293552,6,0,0,2023
"2870-65018","2850-57954","Make Believe","Cathys est",3337.471654,6,0,0,2023
"2870-65023","2850-57954","CHR","Cathys est",7669.293552,6,0,0,2023
"2870-65016","2850-57954","Boyer","Cathys est",1321.64081,6,0,0,2023
"2870-65020","2850-57954","CHR","Cathys est",7669.293552,6,0,0,2023
"2811-83118","2850-57954","Cooks","Cathys est",11307.353,6,0,0,2023
"2811-83123","2850-57954","CHR","Cathys est",7669.293552,6,0,0,2023
"2811-83258","2850-57954","CHR","Cathys est",7669.293552,6,0,0,2023
"2850-57958","2850-57954","CHR","Cathys est",7669.293552,6,0,0,2023
"2850-57967","2850-57954","Green Mill est","Cathys est",3810.865348,6,0,0,2023
"2870-64921","2850-57954","CHR","Cathys est",7669.293552,6,0,0,2023
"2850-57980","2850-57954","Cooks","Cathys est",11307.353,6,0,0,2023
"2870-65021","2850-57954","CHR","Cathys est",7669.293552,6,0,0,2023
"2850-57962","2850-57956","CHR","Karens est",472.2447997,5,0,0,2023
"2850-57977","2850-57956","Red Wagon porch est","Karens est",6634.506817,5,0,0,2023
"2850-57963","2850-57956","CHR","Karens est",472.2447997,5,0,0,2023
"2870-64920","2850-57956","CHR","Karens est",472.2447997,5,0,0,2023
"2850-57972","2850-57956","CHR","Karens est",472.2447997,5,0,0,2023
"2850-57970","2850-57956","CHR","Karens est",472.2447997,5,0,0,2023
"2870-64924","2850-57956","CHR","Karens est",472.2447997,5,0,0,2023
"2870-64928","2850-57956","CHR","Karens est",472.2447997,5,0,0,2023
"2870-65014","2850-57956","Boyer","Karens est",7670.061205,5,0,0,2023
"2870-65017","2850-57956","Make Believe","Karens est",4897.580448,5,0,0,2023
"2870-65016","2850-57956","Boyer","Karens est",7670.061205,5,0,0,2023
"2870-65018","2850-57956","Make Believe","Karens est",4897.580448,5,0,0,2023
"2870-65020","2850-57956","CHR","Karens est",472.2447997,5,0,0,2023
"2870-65023","2850-57956","CHR","Karens est",472.2447997,5,0,0,2023
"2811-83118","2850-57956","Cooks","Karens est",4427.496664,5,0,0,2023
"2811-83123","2850-57956","CHR","Karens est",472.2447997,5,0,0,2023
"2811-83258","2850-57956","CHR","Karens est",472.2447997,5,0,0,2023
"2850-57958","2850-57956","CHR","Karens est",472.2447997,5,0,0,2023
"2850-57953","2850-57956","Cathys est","Karens est",7495.612267,5,0,0,2023
"2870-64921","2850-57956","CHR","Karens est",472.2447997,5,0,0,2023
"2850-57967","2850-57956","Green Mill est","Karens est",4436.810386,5,0,0,2023
"2850-57980","2850-57956","Cooks","Karens est",4427.496664,5,0,0,2023
"2870-65021","2850-57956","CHR","Karens est",472.2447997,5,0,0,2023
"2870-64928","2850-57978","CHR","Red Wagon porch est",6937.504321,1,0,0,2023
"2870-65014","2850-57978","Boyer","Red Wagon porch est",1405.996859,1,0,0,2023
"2870-64920","2850-57978","CHR","Red Wagon porch est",6937.504321,1,0,0,2023
"2870-64924","2850-57978","CHR","Red Wagon porch est",6937.504321,1,0,0,2023
"2870-65017","2850-57978","Make Believe","Red Wagon porch est",4083.407908,1,0,0,2023
"2870-65016","2850-57978","Boyer","Red Wagon porch est",1405.996859,1,0,0,2023
"2870-65018","2850-57978","Make Believe","Red Wagon porch est",4083.407908,1,0,0,2023
"2870-65020","2850-57978","CHR","Red Wagon porch est",6937.504321,1,0,0,2023
"2870-65023","2850-57978","CHR","Red Wagon porch est",6937.504321,1,0,0,2023
"2811-83123","2850-57978","CHR","Red Wagon porch est",6937.504321,1,0,0,2023
"2811-83118","2850-57978","Cooks","Red Wagon porch est",10895.89421,1,0,0,2023
"2811-83258","2850-57978","CHR","Red Wagon porch est",6937.504321,1,0,0,2023
"2850-57953","2850-57978","Cathys est","Red Wagon porch est",2334.117655,1,0,0,2023
"2850-57958","2850-57978","CHR","Red Wagon porch est",6937.504321,1,0,0,2023
"2850-57967","2850-57978","Green Mill est","Red Wagon porch est",2238.276421,1,0,0,2023
"2850-57980","2850-57978","Cooks","Red Wagon porch est",10895.89421,1,0,0,2023
"2870-65021","2850-57978","CHR","Red Wagon porch est",6937.504321,1,0,0,2023
"2870-64921","2850-57978","CHR","Red Wagon porch est",6937.504321,1,0,0,2023
"2870-65018","2870-65015","Make Believe","Boyer",4212.841149,6,0,0,2023
"2870-65017","2870-65015","Make Believe","Boyer",4212.841149,6,0,0,2023
"2870-65020","2870-65015","CHR","Boyer",7918.345849,6,0,0,2023
"2870-65023","2870-65015","CHR","Boyer",7918.345849,6,0,0,2023
"2811-83118","2870-65015","Cooks","Boyer",11757.49343,6,0,0,2023
"2811-83123","2870-65015","CHR","Boyer",7918.345849,6,0,0,2023
"2811-83258","2870-65015","CHR","Boyer",7918.345849,6,0,0,2023
"2850-57953","2870-65015","Cathys est","Boyer",1321.64081,6,0,0,2023
"2850-57958","2870-65015","CHR","Boyer",7918.345849,6,0,0,2023
"2850-57980","2870-65015","Cooks","Boyer",11757.49343,6,0,0,2023
"2870-64921","2870-65015","CHR","Boyer",7918.345849,6,0,0,2023
"2850-57967","2870-65015","Green Mill est","Boyer",3477.104084,6,0,0,2023
"2870-65021","2870-65015","CHR","Boyer",7918.345849,6,0,0,2023
"2870-65020","2870-65019","CHR","Make Believe",4912.593342,1,0,0,2023
"2870-65023","2870-65019","CHR","Make Believe",4912.593342,1,0,0,2023
"2811-83123","2870-65019","CHR","Make Believe",4912.593342,1,0,0,2023
"2811-83118","2870-65019","Cooks","Make Believe",8134.783478,1,0,0,2023
"2811-83258","2870-65019","CHR","Make Believe",4912.593342,1,0,0,2023
"2850-57953","2870-65019","Cathys est","Make Believe",3337.471654,1,0,0,2023
"2850-57967","2870-65019","Green Mill est","Make Believe",3456.574291,1,0,0,2023
"2870-65021","2870-65019","CHR","Make Believe",4912.593342,1,0,0,2023
"2850-57980","2870-65019","Cooks","Make Believe",8134.783478,1,0,0,2023
"2850-57958","2870-65019","CHR","Make Believe",4912.593342,1,0,0,2023
"2870-64921","2870-65019","CHR","Make Believe",4912.593342,1,0,0,2023
"2850-57958","2850-57687","CHR","Boyer",7918.345849,8,0,0,2023
"2850-57953","2850-57687","Cathys est","Boyer",1321.64081,8,0,0,2023
"2870-65021","2850-57687","CHR","Boyer",7918.345849,8,0,0,2023
"2850-57967","2850-57687","Green Mill est","Boyer",3477.104084,8,0,0,2023
"2870-64921","2850-57687","CHR","Boyer",7918.345849,8,0,0,2023
"2850-57980","2850-57687","Cooks","Boyer",11757.49343,8,0,0,2023
"2850-57967","2850-57931","Green Mill est","Cooks",8793.220725,6,0,0,2023
"2850-57953","2850-57931","Cathys est","Cooks",11307.353,6,0,0,2023
"2850-57958","2850-57931","CHR","Cooks",3998.148258,6,0,0,2023
"2870-64921","2850-57931","CHR","Cooks",3998.148258,6,0,0,2023
"2870-65021","2850-57931","CHR","Cooks",3998.148258,6,0,0,2023
"2850-57953","2850-57952","Cathys est","Jays est",3752.774519,8,0,0,2023
"2850-57967","2850-57952","Green Mill est","Jays est",376.7434962,8,3,0.375,2023
"2850-57958","2850-57952","CHR","Jays est",4525.471845,8,0,0,2023
"2850-57980","2850-57952","Cooks","Jays est",8518.517871,8,0,0,2023
"2870-64921","2850-57952","CHR","Jays est",4525.471845,8,0,0,2023
"2870-65021","2850-57952","CHR","Jays est",4525.471845,8,0,0,2023
"2850-57901","2850-57688","Blue Cloud main","Boyer",4432.865572,8,0,0,2023
"2850-57901","2850-57853","Blue Cloud main","Cooks",8135.083191,4,0,0,2023
"2850-57901","2850-57878","Blue Cloud main","Make Believe",3928.765414,6,0,0,2023
"2850-57901","2640-97596","Blue Cloud main","Make Believe",3928.765414,5,0,0,2023
"2850-57901","2850-57551","Blue Cloud main","Struthers main",1282.306886,7,0,0,2023
"2850-57901","2811-06861","Blue Cloud main","Boyer",4432.865572,10,0,0,2023
"2850-57901","2850-57629","Blue Cloud main","Urban Farm Girlz Sheep Shed",5385.601613,5,0,0,2023
"2850-57901","2850-57575","Blue Cloud main","Cooks",8135.083191,14,0,0,2023
"2850-57901","2850-57608","Blue Cloud main","Urban Farm Girlz Red Barn",5425.344701,4,0,0,2023
"2850-57901","2850-57685","Blue Cloud main","Boyer",4432.865572,11,0,0,2023
"2850-57901","2850-57683","Blue Cloud main","Struthers main",1282.306886,6,0,0,2023
"2850-57901","2850-57764","Blue Cloud main","Urban Farm Girlz Sheep Shed",5385.601613,3,0,0,2023
"2850-57901","2850-57771","Blue Cloud main","Cooks",8135.083191,3,0,0,2023
"2850-57901","2850-57938","Blue Cloud main","Make Believe",3928.765414,3,0,0,2023
"2850-57901","2850-57939","Blue Cloud main","Make Believe",3928.765414,13,0,0,2023
"2850-57901","2850-57932","Blue Cloud main","Cooks",8135.083191,4,0,0,2023
"2850-57901","2850-57934","Blue Cloud main","Boyer",4432.865572,10,0,0,2023
"2850-57901","2850-57941","Blue Cloud main","Make Believe",3928.765414,8,0,0,2023
"2850-57901","2850-57943","Blue Cloud main","Struthers round",1317.240399,2,0,0,2023
"2850-57901","2850-57946","Blue Cloud main","Nixon est",451.2314297,4,0,0,2023
"2850-57901","2850-57945","Blue Cloud main","Plumbumpy est",4322.122415,5,0,0,2023
"2850-57901","2850-57950","Blue Cloud main","Speedwell est",2324.039286,7,0,0,2023
"2850-57901","2850-57948","Blue Cloud main","Cooks",8135.083191,8,0,0,2023
"2850-57901","2850-57954","Blue Cloud main","Cathys est",4754.681144,6,0,0,2023
"2850-57901","2850-57956","Blue Cloud main","Karens est",3706.930068,5,0,0,2023
"2850-57901","2850-57978","Blue Cloud main","Red Wagon porch est",3154.328285,1,0,0,2023
"2850-57901","2870-65015","Blue Cloud main","Boyer",4432.865572,6,0,0,2023
"2850-57901","2870-65019","Blue Cloud main","Make Believe",3928.765414,1,0,0,2023
"2850-57901","2850-57931","Blue Cloud main","Cooks",8135.083191,6,0,0,2023
"2850-57901","2850-57952","Blue Cloud main","Jays est",1016.758014,8,0,0,2023
"2850-57901","2850-57687","Blue Cloud main","Boyer",4432.865572,8,0,0,2023
"2640-97548","2850-57688","Blue Cloud main","Boyer",4432.865572,8,0,0,2023
"2640-97548","2850-57853","Blue Cloud main","Cooks",8135.083191,4,0,0,2023
"2640-97548","2850-57878","Blue Cloud main","Make Believe",3928.765414,6,0,0,2023
"2640-97548","2640-97596","Blue Cloud main","Make Believe",3928.765414,5,0,0,2023
"2640-97548","2850-57551","Blue Cloud main","Struthers main",1282.306886,7,0,0,2023
"2640-97548","2850-57629","Blue Cloud main","Urban Farm Girlz Sheep Shed",5385.601613,5,0,0,2023
"2640-97548","2811-06861","Blue Cloud main","Boyer",4432.865572,10,0,0,2023
"2640-97548","2850-57575","Blue Cloud main","Cooks",8135.083191,14,0,0,2023
"2640-97548","2850-57608","Blue Cloud main","Urban Farm Girlz Red Barn",5425.344701,4,0,0,2023
"2640-97548","2850-57685","Blue Cloud main","Boyer",4432.865572,11,0,0,2023
"2640-97548","2850-57683","Blue Cloud main","Struthers main",1282.306886,6,0,0,2023
"2640-97548","2850-57771","Blue Cloud main","Cooks",8135.083191,3,0,0,2023
"2640-97548","2850-57764","Blue Cloud main","Urban Farm Girlz Sheep Shed",5385.601613,3,0,0,2023
"2640-97548","2850-57932","Blue Cloud main","Cooks",8135.083191,4,0,0,2023
"2640-97548","2850-57938","Blue Cloud main","Make Believe",3928.765414,3,0,0,2023
"2640-97548","2850-57934","Blue Cloud main","Boyer",4432.865572,10,0,0,2023
"2640-97548","2850-57943","Blue Cloud main","Struthers round",1317.240399,2,0,0,2023
"2640-97548","2850-57941","Blue Cloud main","Make Believe",3928.765414,8,0,0,2023
"2640-97548","2850-57948","Blue Cloud main","Cooks",8135.083191,8,0,0,2023
"2640-97548","2850-57945","Blue Cloud main","Plumbumpy est",4322.122415,5,0,0,2023
"2640-97548","2850-57939","Blue Cloud main","Make Believe",3928.765414,13,0,0,2023
"2640-97548","2850-57946","Blue Cloud main","Nixon est",451.2314297,4,0,0,2023
"2640-97548","2850-57950","Blue Cloud main","Speedwell est",2324.039286,7,0,0,2023
"2640-97548","2850-57954","Blue Cloud main","Cathys est",4754.681144,6,0,0,2023
"2640-97548","2850-57956","Blue Cloud main","Karens est",3706.930068,5,0,0,2023
"2640-97548","2850-57978","Blue Cloud main","Red Wagon porch est",3154.328285,1,0,0,2023
"2640-97548","2870-65015","Blue Cloud main","Boyer",4432.865572,6,0,0,2023
"2640-97548","2870-65019","Blue Cloud main","Make Believe",3928.765414,1,0,0,2023
"2640-97548","2850-57687","Blue Cloud main","Boyer",4432.865572,8,0,0,2023
"2640-97548","2850-57931","Blue Cloud main","Cooks",8135.083191,6,0,0,2023
"2640-97548","2850-57952","Blue Cloud main","Jays est",1016.758014,8,0,0,2023
"2870-64906","2850-57853","Boyer","Cooks",11757.49343,4,0,0,2023
"2870-64906","2850-57878","Boyer","Make Believe",4212.841149,6,0,0,2023
"2870-64906","2640-97596","Boyer","Make Believe",4212.841149,5,0,0,2023
"2870-64906","2850-57551","Boyer","Struthers main",3150.777513,7,0,0,2023
"2870-64906","2850-57629","Boyer","Urban Farm Girlz Sheep Shed",1535.559226,5,0,0,2023
"2870-64906","2850-57575","Boyer","Cooks",11757.49343,14,0,0,2023
"2870-64906","2850-57608","Boyer","Urban Farm Girlz Red Barn",1553.622187,4,0,0,2023
"2870-64906","2850-57683","Boyer","Struthers main",3150.777513,6,0,0,2023
"2870-64906","2850-57764","Boyer","Urban Farm Girlz Sheep Shed",1535.559226,3,0,0,2023
"2870-64906","2850-57771","Boyer","Cooks",11757.49343,3,0,0,2023
"2870-64906","2850-57869","Boyer","Blue Cloud main",4432.865572,8,0,0,2023
"2870-64906","2850-57871","Boyer","Blue Cloud main",4432.865572,5,0,0,2023
"2870-64906","2850-57928","Boyer","Blue Cloud main",4432.865572,4,0,0,2023
"2870-64906","2850-57932","Boyer","Cooks",11757.49343,4,0,0,2023
"2870-64906","2850-57943","Boyer","Struthers round",3116.434557,2,0,0,2023
"2870-64906","2850-57939","Boyer","Make Believe",4212.841149,13,0,0,2023
"2870-64906","2850-57938","Boyer","Make Believe",4212.841149,3,0,0,2023
"2870-64906","2850-57941","Boyer","Make Believe",4212.841149,8,0,0,2023
"2870-64906","2850-57945","Boyer","Plumbumpy est",1414.317561,5,0,0,2023
"2870-64906","2850-57956","Boyer","Karens est",7670.061205,5,0,0,2023
"2870-64906","2850-57948","Boyer","Cooks",11757.49343,8,0,0,2023
"2870-64906","2850-57950","Boyer","Speedwell est",2103.892922,7,0,0,2023
"2870-64906","2850-57954","Boyer","Cathys est",1321.64081,6,0,0,2023
"2870-64906","2850-57946","Boyer","Nixon est",4199.10799,4,0,0,2023
"2870-64906","2850-57978","Boyer","Red Wagon porch est",1405.996859,1,0,0,2023
"2870-64906","2870-65019","Boyer","Make Believe",4212.841149,1,0,0,2023
"2870-64906","2850-57931","Boyer","Cooks",11757.49343,6,0,0,2023
"2870-64906","2850-57952","Boyer","Jays est",3559.266481,8,0,0,2023
"2850-57686","2850-57853","Boyer","Cooks",11757.49343,4,0,0,2023
"2850-57686","2640-97596","Boyer","Make Believe",4212.841149,5,0,0,2023
"2850-57686","2850-57878","Boyer","Make Believe",4212.841149,6,0,0,2023
"2850-57686","2850-57551","Boyer","Struthers main",3150.777513,7,0,0,2023
"2850-57686","2850-57629","Boyer","Urban Farm Girlz Sheep Shed",1535.559226,5,0,0,2023
"2850-57686","2850-57575","Boyer","Cooks",11757.49343,14,0,0,2023
"2850-57686","2850-57608","Boyer","Urban Farm Girlz Red Barn",1553.622187,4,0,0,2023
"2850-57686","2850-57683","Boyer","Struthers main",3150.777513,6,0,0,2023
"2850-57686","2850-57771","Boyer","Cooks",11757.49343,3,0,0,2023
"2850-57686","2850-57764","Boyer","Urban Farm Girlz Sheep Shed",1535.559226,3,0,0,2023
"2850-57686","2850-57869","Boyer","Blue Cloud main",4432.865572,8,0,0,2023
"2850-57686","2850-57871","Boyer","Blue Cloud main",4432.865572,5,0,0,2023
"2850-57686","2850-57928","Boyer","Blue Cloud main",4432.865572,4,0,0,2023
"2850-57686","2850-57941","Boyer","Make Believe",4212.841149,8,0,0,2023
"2850-57686","2850-57932","Boyer","Cooks",11757.49343,4,0,0,2023
"2850-57686","2850-57939","Boyer","Make Believe",4212.841149,13,0,0,2023
"2850-57686","2850-57948","Boyer","Cooks",11757.49343,8,0,0,2023
"2850-57686","2850-57938","Boyer","Make Believe",4212.841149,3,0,0,2023
"2850-57686","2850-57943","Boyer","Struthers round",3116.434557,2,0,0,2023
"2850-57686","2850-57946","Boyer","Nixon est",4199.10799,4,0,0,2023
"2850-57686","2850-57945","Boyer","Plumbumpy est",1414.317561,5,0,0,2023
"2850-57686","2850-57950","Boyer","Speedwell est",2103.892922,7,0,0,2023
"2850-57686","2850-57954","Boyer","Cathys est",1321.64081,6,0,0,2023
"2850-57686","2850-57956","Boyer","Karens est",7670.061205,5,0,0,2023
"2850-57686","2850-57978","Boyer","Red Wagon porch est",1405.996859,1,0,0,2023
"2850-57686","2870-65019","Boyer","Make Believe",4212.841149,1,0,0,2023
"2850-57686","2850-57952","Boyer","Jays est",3559.266481,8,0,0,2023
"2850-57686","2850-57931","Boyer","Cooks",11757.49343,6,0,0,2023
"2811-83229","2640-97596","Jays est","Make Believe",3104.670145,5,0,0,2023
"2811-83229","2850-57878","Jays est","Make Believe",3104.670145,6,0,0,2023
"2811-83229","2850-57551","Jays est","Struthers main",499.3814932,7,0,0,2023
"2811-83229","2850-57629","Jays est","Urban Farm Girlz Sheep Shed",4680.237414,5,0,0,2023
"2811-83229","2811-06861","Jays est","Boyer",3559.266481,10,0,0,2023
"2811-83229","2850-57575","Jays est","Cooks",8518.517871,14,0,0,2023
"2811-83229","2850-57608","Jays est","Urban Farm Girlz Red Barn",4717.748442,4,0,0,2023
"2811-83229","2850-57683","Jays est","Struthers main",499.3814932,6,0,0,2023
"2811-83229","2850-57685","Jays est","Boyer",3559.266481,11,0,0,2023
"2811-83229","2850-57764","Jays est","Urban Farm Girlz Sheep Shed",4680.237414,3,0,0,2023
"2811-83229","2850-57771","Jays est","Cooks",8518.517871,3,0,0,2023
"2811-83229","2850-57869","Jays est","Blue Cloud main",1016.758014,8,0,0,2023
"2811-83229","2850-57871","Jays est","Blue Cloud main",1016.758014,5,0,0,2023
"2811-83229","2850-57928","Jays est","Blue Cloud main",1016.758014,4,0,0,2023
"2811-83229","2850-57932","Jays est","Cooks",8518.517871,4,0,0,2023
"2811-83229","2850-57934","Jays est","Boyer",3559.266481,10,0,0,2023
"2811-83229","2850-57939","Jays est","Make Believe",3104.670145,13,0,0,2023
"2811-83229","2850-57938","Jays est","Make Believe",3104.670145,3,0,0,2023
"2811-83229","2850-57941","Jays est","Make Believe",3104.670145,8,0,0,2023
"2811-83229","2850-57943","Jays est","Struthers round",557.3733658,2,0,0,2023
"2811-83229","2850-57948","Jays est","Cooks",8518.517871,8,0,0,2023
"2811-83229","2850-57945","Jays est","Plumbumpy est",3693.10852,5,0,0,2023
"2811-83229","2850-57950","Jays est","Speedwell est",1507.159313,7,0,0,2023
"2811-83229","2850-57954","Jays est","Cathys est",3752.774519,6,0,0,2023
"2811-83229","2850-57946","Jays est","Nixon est",652.377305,4,0,0,2023
"2811-83229","2850-57978","Jays est","Red Wagon porch est",2418.784012,1,0,0,2023
"2811-83229","2850-57956","Jays est","Karens est",4210.393452,5,0,0,2023
"2811-83229","2870-65015","Jays est","Boyer",3559.266481,6,0,0,2023
"2811-83229","2870-65019","Jays est","Make Believe",3104.670145,1,0,0,2023
"2811-83229","2850-57687","Jays est","Boyer",3559.266481,8,0,0,2023
"2811-83229","2850-57931","Jays est","Cooks",8518.517871,6,0,0,2023
"2850-57677","2850-57878","Karens est","Make Believe",4897.580448,6,0,0,2023
"2850-57677","2640-97596","Karens est","Make Believe",4897.580448,5,0,0,2023
"2850-57677","2850-57551","Karens est","Struthers main",4702.614612,7,0,0,2023
"2850-57677","2811-06861","Karens est","Boyer",7670.061205,10,0,0,2023
"2850-57677","2850-57629","Karens est","Urban Farm Girlz Sheep Shed",8892.586888,5,0,0,2023
"2850-57677","2850-57575","Karens est","Cooks",4427.496664,14,0,0,2023
"2850-57677","2850-57608","Karens est","Urban Farm Girlz Red Barn",8929.496306,4,0,0,2023
"2850-57677","2850-57685","Karens est","Boyer",7670.061205,11,0,0,2023
"2850-57677","2850-57683","Karens est","Struthers main",4702.614612,6,0,0,2023
"2850-57677","2850-57869","Karens est","Blue Cloud main",3706.930068,8,0,0,2023
"2850-57677","2850-57771","Karens est","Cooks",4427.496664,3,0,0,2023
"2850-57677","2850-57764","Karens est","Urban Farm Girlz Sheep Shed",8892.586888,3,0,0,2023
"2850-57677","2850-57871","Karens est","Blue Cloud main",3706.930068,5,0,0,2023
"2850-57677","2850-57934","Karens est","Boyer",7670.061205,10,0,0,2023
"2850-57677","2850-57939","Karens est","Make Believe",4897.580448,13,0,0,2023
"2850-57677","2850-57928","Karens est","Blue Cloud main",3706.930068,4,0,0,2023
"2850-57677","2850-57932","Karens est","Cooks",4427.496664,4,0,0,2023
"2850-57677","2850-57946","Karens est","Nixon est",3689.768224,4,0,0,2023
"2850-57677","2850-57941","Karens est","Make Believe",4897.580448,8,0,0,2023
"2850-57677","2850-57945","Karens est","Plumbumpy est",7907.5806,5,0,0,2023
"2850-57677","2850-57938","Karens est","Make Believe",4897.580448,3,0,0,2023
"2850-57677","2850-57943","Karens est","Struthers round",4756.860343,2,0,0,2023
"2850-57677","2850-57950","Karens est","Speedwell est",5716.249019,7,0,0,2023
"2850-57677","2850-57954","Karens est","Cathys est",7495.612267,6,0,0,2023
"2850-57677","2850-57948","Karens est","Cooks",4427.496664,8,0,0,2023
"2850-57677","2850-57978","Karens est","Red Wagon porch est",6634.506817,1,0,0,2023
"2850-57677","2870-65015","Karens est","Boyer",7670.061205,6,0,0,2023
"2850-57677","2870-65019","Karens est","Make Believe",4897.580448,1,0,0,2023
"2850-57677","2850-57687","Karens est","Boyer",7670.061205,8,0,0,2023
"2850-57677","2850-57952","Karens est","Jays est",4210.393452,8,0,0,2023
"2850-57677","2850-57931","Karens est","Cooks",4427.496664,6,0,0,2023
"2350-21085","2850-57551","Make Believe","Struthers main",3336.249381,7,0,0,2023
"2350-21085","2850-57629","Make Believe","Urban Farm Girlz Sheep Shed",5761.465774,5,0,0,2023
"2350-21085","2811-06861","Make Believe","Boyer",4212.841149,10,0,0,2023
"2350-21085","2850-57575","Make Believe","Cooks",8134.783478,14,0,0,2023
"2350-21085","2850-57608","Make Believe","Urban Farm Girlz Red Barn",5781.976718,4,0,0,2023
"2350-21085","2850-57685","Make Believe","Boyer",4212.841149,11,0,0,2023
"2350-21085","2850-57683","Make Believe","Struthers main",3336.249381,6,0,0,2023
"2350-21085","2850-57764","Make Believe","Urban Farm Girlz Sheep Shed",5761.465774,3,0,0,2023
"2350-21085","2850-57869","Make Believe","Blue Cloud main",3928.765414,8,0,0,2023
"2350-21085","2850-57871","Make Believe","Blue Cloud main",3928.765414,5,0,0,2023
"2350-21085","2850-57771","Make Believe","Cooks",8134.783478,3,0,0,2023
"2350-21085","2850-57928","Make Believe","Blue Cloud main",3928.765414,4,0,0,2023
"2350-21085","2850-57934","Make Believe","Boyer",4212.841149,10,0,0,2023
"2350-21085","2850-57932","Make Believe","Cooks",8134.783478,4,0,0,2023
"2350-21085","2850-57946","Make Believe","Nixon est",3470.02738,4,0,0,2023
"2350-21085","2850-57943","Make Believe","Struthers round",3372.48869,2,0,0,2023
"2350-21085","2850-57945","Make Believe","Plumbumpy est",5249.655973,5,0,0,2023
"2350-21085","2850-57948","Make Believe","Cooks",8134.783478,8,0,0,2023
"2350-21085","2850-57956","Make Believe","Karens est",4897.580448,5,0,0,2023
"2350-21085","2850-57954","Make Believe","Cathys est",3337.471654,6,0,0,2023
"2350-21085","2850-57950","Make Believe","Speedwell est",3455.712605,7,0,0,2023
"2350-21085","2850-57978","Make Believe","Red Wagon porch est",4083.407908,1,0,0,2023
"2350-21085","2870-65015","Make Believe","Boyer",4212.841149,6,0,0,2023
"2350-21085","2850-57687","Make Believe","Boyer",4212.841149,8,0,0,2023
"2350-21085","2850-57931","Make Believe","Cooks",8134.783478,6,0,0,2023
"2350-21085","2850-57952","Make Believe","Jays est",3104.670145,8,0,0,2023
"2850-57577","2850-57551","CHR","Struthers main",5026.901367,7,0,0,2023
"2850-57577","2850-57629","CHR","Urban Farm Girlz Sheep Shed",9185.52607,5,0,0,2023
"2850-57577","2811-06861","CHR","Boyer",7918.345849,10,0,0,2023
"2850-57577","2850-57575","CHR","Cooks",3998.148258,14,0,0,2023
"2850-57577","2850-57608","CHR","Urban Farm Girlz Red Barn",9221.430103,4,0,0,2023
"2850-57577","2850-57685","CHR","Boyer",7918.345849,11,0,0,2023
"2850-57577","2850-57683","CHR","Struthers main",5026.901367,6,0,0,2023
"2850-57577","2850-57764","CHR","Urban Farm Girlz Sheep Shed",9185.52607,3,0,0,2023
"2850-57577","2850-57771","CHR","Cooks",3998.148258,3,0,0,2023
"2850-57577","2850-57869","CHR","Blue Cloud main",4098.901931,8,0,0,2023
"2850-57577","2850-57871","CHR","Blue Cloud main",4098.901931,5,0,0,2023
"2850-57577","2850-57932","CHR","Cooks",3998.148258,4,0,0,2023
"2850-57577","2850-57928","CHR","Blue Cloud main",4098.901931,4,0,0,2023
"2850-57577","2850-57938","CHR","Make Believe",4912.593342,3,0,0,2023
"2850-57577","2850-57934","CHR","Boyer",7918.345849,10,0,0,2023
"2850-57577","2850-57939","CHR","Make Believe",4912.593342,13,0,0,2023
"2850-57577","2850-57943","CHR","Struthers round",5082.708126,2,0,0,2023
"2850-57577","2850-57941","CHR","Make Believe",4912.593342,8,0,0,2023
"2850-57577","2850-57945","CHR","Plumbumpy est",8226.205846,5,0,0,2023
"2850-57577","2850-57946","CHR","Nixon est",4043.444267,4,0,0,2023
"2850-57577","2850-57948","CHR","Cooks",3998.148258,8,0,0,2023
"2850-57577","2850-57954","CHR","Cathys est",7669.293552,6,0,0,2023
"2850-57577","2850-57950","CHR","Speedwell est",6015.097136,7,0,0,2023
"2850-57577","2850-57956","CHR","Karens est",472.2447997,5,0,0,2023
"2850-57577","2850-57978","CHR","Red Wagon porch est",6937.504321,1,0,0,2023
"2850-57577","2870-65015","CHR","Boyer",7918.345849,6,0,0,2023
"2850-57577","2870-65019","CHR","Make Believe",4912.593342,1,0,0,2023
"2850-57577","2850-57687","CHR","Boyer",7918.345849,8,0,0,2023
"2850-57577","2850-57931","CHR","Cooks",3998.148258,6,0,0,2023
"2850-57577","2850-57952","CHR","Jays est",4525.471845,8,0,0,2023
"2850-57880","2850-57551","CHR","Struthers main",5026.901367,7,0,0,2023
"2850-57880","2850-57629","CHR","Urban Farm Girlz Sheep Shed",9185.52607,5,0,0,2023
"2850-57880","2811-06861","CHR","Boyer",7918.345849,10,0,0,2023
"2850-57880","2850-57575","CHR","Cooks",3998.148258,14,0,0,2023
"2850-57880","2850-57608","CHR","Urban Farm Girlz Red Barn",9221.430103,4,0,0,2023
"2850-57880","2850-57683","CHR","Struthers main",5026.901367,6,0,0,2023
"2850-57880","2850-57685","CHR","Boyer",7918.345849,11,0,0,2023
"2850-57880","2850-57771","CHR","Cooks",3998.148258,3,0,0,2023
"2850-57880","2850-57764","CHR","Urban Farm Girlz Sheep Shed",9185.52607,3,0,0,2023
"2850-57880","2850-57869","CHR","Blue Cloud main",4098.901931,8,0,0,2023
"2850-57880","2850-57871","CHR","Blue Cloud main",4098.901931,5,0,0,2023
"2850-57880","2850-57932","CHR","Cooks",3998.148258,4,0,0,2023
"2850-57880","2850-57928","CHR","Blue Cloud main",4098.901931,4,0,0,2023
"2850-57880","2850-57934","CHR","Boyer",7918.345849,10,0,0,2023
"2850-57880","2850-57938","CHR","Make Believe",4912.593342,3,0,0,2023
"2850-57880","2850-57939","CHR","Make Believe",4912.593342,13,0,0,2023
"2850-57880","2850-57941","CHR","Make Believe",4912.593342,8,0,0,2023
"2850-57880","2850-57943","CHR","Struthers round",5082.708126,2,0,0,2023
"2850-57880","2850-57948","CHR","Cooks",3998.148258,8,0,0,2023
"2850-57880","2850-57946","CHR","Nixon est",4043.444267,4,0,0,2023
"2850-57880","2850-57945","CHR","Plumbumpy est",8226.205846,5,0,0,2023
"2850-57880","2850-57954","CHR","Cathys est",7669.293552,6,0,0,2023
"2850-57880","2850-57950","CHR","Speedwell est",6015.097136,7,0,0,2023
"2850-57880","2850-57956","CHR","Karens est",472.2447997,5,0,0,2023
"2850-57880","2850-57978","CHR","Red Wagon porch est",6937.504321,1,0,0,2023
"2850-57880","2870-65015","CHR","Boyer",7918.345849,6,0,0,2023
"2850-57880","2870-65019","CHR","Make Believe",4912.593342,1,0,0,2023
"2850-57880","2850-57931","CHR","Cooks",3998.148258,6,0,0,2023
"2850-57880","2850-57952","CHR","Jays est",4525.471845,8,0,0,2023
"2850-57880","2850-57687","CHR","Boyer",7918.345849,8,0,0,2023
"2850-57881","2850-57551","CHR","Struthers main",5026.901367,7,0,0,2023
"2850-57881","2811-06861","CHR","Boyer",7918.345849,10,0,0,2023
"2850-57881","2850-57629","CHR","Urban Farm Girlz Sheep Shed",9185.52607,5,0,0,2023
"2850-57881","2850-57575","CHR","Cooks",3998.148258,14,0,0,2023
"2850-57881","2850-57608","CHR","Urban Farm Girlz Red Barn",9221.430103,4,0,0,2023
"2850-57881","2850-57685","CHR","Boyer",7918.345849,11,0,0,2023
"2850-57881","2850-57683","CHR","Struthers main",5026.901367,6,0,0,2023
"2850-57881","2850-57764","CHR","Urban Farm Girlz Sheep Shed",9185.52607,3,0,0,2023
"2850-57881","2850-57771","CHR","Cooks",3998.148258,3,0,0,2023
"2850-57881","2850-57869","CHR","Blue Cloud main",4098.901931,8,0,0,2023
"2850-57881","2850-57871","CHR","Blue Cloud main",4098.901931,5,0,0,2023
"2850-57881","2850-57928","CHR","Blue Cloud main",4098.901931,4,0,0,2023
"2850-57881","2850-57932","CHR","Cooks",3998.148258,4,0,0,2023
"2850-57881","2850-57938","CHR","Make Believe",4912.593342,3,0,0,2023
"2850-57881","2850-57934","CHR","Boyer",7918.345849,10,0,0,2023
"2850-57881","2850-57939","CHR","Make Believe",4912.593342,13,0,0,2023
"2850-57881","2850-57941","CHR","Make Believe",4912.593342,8,0,0,2023
"2850-57881","2850-57946","CHR","Nixon est",4043.444267,4,0,0,2023
"2850-57881","2850-57943","CHR","Struthers round",5082.708126,2,0,0,2023
"2850-57881","2850-57948","CHR","Cooks",3998.148258,8,0,0,2023
"2850-57881","2850-57954","CHR","Cathys est",7669.293552,6,0,0,2023
"2850-57881","2850-57950","CHR","Speedwell est",6015.097136,7,0,0,2023
"2850-57881","2850-57956","CHR","Karens est",472.2447997,5,0,0,2023
"2850-57881","2850-57978","CHR","Red Wagon porch est",6937.504321,1,0,0,2023
"2850-57881","2850-57945","CHR","Plumbumpy est",8226.205846,5,0,0,2023
"2850-57881","2870-65015","CHR","Boyer",7918.345849,6,0,0,2023
"2850-57881","2870-65019","CHR","Make Believe",4912.593342,1,0,0,2023
"2850-57881","2850-57687","CHR","Boyer",7918.345849,8,0,0,2023
"2850-57881","2850-57931","CHR","Cooks",3998.148258,6,0,0,2023
"2850-57881","2850-57952","CHR","Jays est",4525.471845,8,0,0,2023
"2870-64907","2850-57629","CHR","Urban Farm Girlz Sheep Shed",9185.52607,5,0,0,2023
"2870-64907","2850-57551","CHR","Struthers main",5026.901367,7,0,0,2023
"2870-64907","2811-06861","CHR","Boyer",7918.345849,10,0,0,2023
"2870-64907","2850-57575","CHR","Cooks",3998.148258,14,0,0,2023
"2870-64907","2850-57683","CHR","Struthers main",5026.901367,6,0,0,2023
"2870-64907","2850-57608","CHR","Urban Farm Girlz Red Barn",9221.430103,4,0,0,2023
"2870-64907","2850-57685","CHR","Boyer",7918.345849,11,0,0,2023
"2870-64907","2850-57764","CHR","Urban Farm Girlz Sheep Shed",9185.52607,3,0,0,2023
"2870-64907","2850-57771","CHR","Cooks",3998.148258,3,0,0,2023
"2870-64907","2850-57869","CHR","Blue Cloud main",4098.901931,8,0,0,2023
"2870-64907","2850-57932","CHR","Cooks",3998.148258,4,0,0,2023
"2870-64907","2850-57871","CHR","Blue Cloud main",4098.901931,5,0,0,2023
"2870-64907","2850-57928","CHR","Blue Cloud main",4098.901931,4,0,0,2023
"2870-64907","2850-57934","CHR","Boyer",7918.345849,10,0,0,2023
"2870-64907","2850-57938","CHR","Make Believe",4912.593342,3,0,0,2023
"2870-64907","2850-57941","CHR","Make Believe",4912.593342,8,0,0,2023
"2870-64907","2850-57939","CHR","Make Believe",4912.593342,13,0,0,2023
"2870-64907","2850-57946","CHR","Nixon est",4043.444267,4,0,0,2023
"2870-64907","2850-57943","CHR","Struthers round",5082.708126,2,0,0,2023
"2870-64907","2850-57945","CHR","Plumbumpy est",8226.205846,5,0,0,2023
"2870-64907","2850-57950","CHR","Speedwell est",6015.097136,7,0,0,2023
"2870-64907","2850-57948","CHR","Cooks",3998.148258,8,0,0,2023
"2870-64907","2850-57954","CHR","Cathys est",7669.293552,6,0,0,2023
"2870-64907","2850-57956","CHR","Karens est",472.2447997,5,0,0,2023
"2870-64907","2850-57978","CHR","Red Wagon porch est",6937.504321,1,0,0,2023
"2870-64907","2870-65015","CHR","Boyer",7918.345849,6,0,0,2023
"2870-64907","2870-65019","CHR","Make Believe",4912.593342,1,0,0,2023
"2870-64907","2850-57687","CHR","Boyer",7918.345849,8,0,0,2023
"2870-64907","2850-57931","CHR","Cooks",3998.148258,6,0,0,2023
"2870-64907","2850-57952","CHR","Jays est",4525.471845,8,0,0,2023
"2881-34050","2850-57629","CHR","Urban Farm Girlz Sheep Shed",9185.52607,5,0,0,2023
"2881-34050","2811-06861","CHR","Boyer",7918.345849,10,0,0,2023
"2881-34050","2850-57551","CHR","Struthers main",5026.901367,7,0,0,2023
"2881-34050","2850-57575","CHR","Cooks",3998.148258,14,0,0,2023
"2881-34050","2850-57608","CHR","Urban Farm Girlz Red Barn",9221.430103,4,0,0,2023
"2881-34050","2850-57683","CHR","Struthers main",5026.901367,6,0,0,2023
"2881-34050","2850-57685","CHR","Boyer",7918.345849,11,0,0,2023
"2881-34050","2850-57764","CHR","Urban Farm Girlz Sheep Shed",9185.52607,3,0,0,2023
"2881-34050","2850-57771","CHR","Cooks",3998.148258,3,0,0,2023
"2881-34050","2850-57869","CHR","Blue Cloud main",4098.901931,8,0,0,2023
"2881-34050","2850-57871","CHR","Blue Cloud main",4098.901931,5,0,0,2023
"2881-34050","2850-57928","CHR","Blue Cloud main",4098.901931,4,0,0,2023
"2881-34050","2850-57934","CHR","Boyer",7918.345849,10,0,0,2023
"2881-34050","2850-57932","CHR","Cooks",3998.148258,4,0,0,2023
"2881-34050","2850-57939","CHR","Make Believe",4912.593342,13,0,0,2023
"2881-34050","2850-57938","CHR","Make Believe",4912.593342,3,0,0,2023
"2881-34050","2850-57941","CHR","Make Believe",4912.593342,8,0,0,2023
"2881-34050","2850-57945","CHR","Plumbumpy est",8226.205846,5,0,0,2023
"2881-34050","2850-57943","CHR","Struthers round",5082.708126,2,0,0,2023
"2881-34050","2850-57946","CHR","Nixon est",4043.444267,4,0,0,2023
"2881-34050","2850-57948","CHR","Cooks",3998.148258,8,0,0,2023
"2881-34050","2850-57950","CHR","Speedwell est",6015.097136,7,0,0,2023
"2881-34050","2850-57954","CHR","Cathys est",7669.293552,6,0,0,2023
"2881-34050","2850-57956","CHR","Karens est",472.2447997,5,0,0,2023
"2881-34050","2850-57978","CHR","Red Wagon porch est",6937.504321,1,0,0,2023
"2881-34050","2870-65015","CHR","Boyer",7918.345849,6,0,0,2023
"2881-34050","2870-65019","CHR","Make Believe",4912.593342,1,0,0,2023
"2881-34050","2850-57687","CHR","Boyer",7918.345849,8,0,0,2023
"2881-34050","2850-57952","CHR","Jays est",4525.471845,8,0,0,2023
"2881-34050","2850-57931","CHR","Cooks",3998.148258,6,0,0,2023
"2850-57684","2850-57629","Struthers round","Urban Farm Girlz Sheep Shed",4154.959669,5,0,0,2023
"2850-57684","2850-57551","Struthers round","Struthers main",47.79605615,7,0,0,2023
"2850-57684","2811-06861","Struthers round","Boyer",3116.434557,10,0,0,2023
"2850-57684","2850-57575","Struthers round","Cooks",9083.204192,14,0,0,2023
"2850-57684","2850-57608","Struthers round","Urban Farm Girlz Red Barn",4193.248708,4,0,0,2023
"2850-57684","2850-57685","Struthers round","Boyer",3116.434557,11,0,0,2023
"2850-57684","2850-57683","Struthers round","Struthers main",47.79605615,6,0,0,2023
"2850-57684","2850-57771","Struthers round","Cooks",9083.204192,3,0,0,2023
"2850-57684","2850-57871","Struthers round","Blue Cloud main",1317.240399,5,0,0,2023
"2850-57684","2850-57764","Struthers round","Urban Farm Girlz Sheep Shed",4154.959669,3,0,0,2023
"2850-57684","2850-57869","Struthers round","Blue Cloud main",1317.240399,8,0,0,2023
"2850-57684","2850-57928","Struthers round","Blue Cloud main",1317.240399,4,0,0,2023
"2850-57684","2850-57932","Struthers round","Cooks",9083.204192,4,0,0,2023
"2850-57684","2850-57934","Struthers round","Boyer",3116.434557,10,0,0,2023
"2850-57684","2850-57939","Struthers round","Make Believe",3372.48869,13,0,0,2023
"2850-57684","2850-57941","Struthers round","Make Believe",3372.48869,8,0,0,2023
"2850-57684","2850-57938","Struthers round","Make Believe",3372.48869,3,0,0,2023
"2850-57684","2850-57948","Struthers round","Cooks",9083.204192,8,0,0,2023
"2850-57684","2850-57946","Struthers round","Nixon est",1099.759049,4,0,0,2023
"2850-57684","2850-57945","Struthers round","Plumbumpy est",3146.352001,5,0,0,2023
"2850-57684","2850-57950","Struthers round","Speedwell est",1013.604361,7,0,0,2023
"2850-57684","2850-57956","Struthers round","Karens est",4756.860343,5,0,0,2023
"2850-57684","2850-57954","Struthers round","Cathys est",3472.461076,6,0,0,2023
"2850-57684","2850-57978","Struthers round","Red Wagon porch est",1894.203232,1,0,0,2023
"2850-57684","2870-65015","Struthers round","Boyer",3116.434557,6,0,0,2023
"2850-57684","2870-65019","Struthers round","Make Believe",3372.48869,1,0,0,2023
"2850-57684","2850-57687","Struthers round","Boyer",3116.434557,8,0,0,2023
"2850-57684","2850-57931","Struthers round","Cooks",9083.204192,6,0,0,2023
"2850-57684","2850-57952","Struthers round","Jays est",557.3733658,8,0,0,2023
"2850-57552","2850-57629","Struthers main","Urban Farm Girlz Sheep Shed",4200.884412,5,0,0,2023
"2850-57552","2811-06861","Struthers main","Boyer",3150.777513,10,0,0,2023
"2850-57552","2850-57575","Struthers main","Cooks",9026.103113,14,0,0,2023
"2850-57552","2850-57608","Struthers main","Urban Farm Girlz Red Barn",4239.054456,4,0,0,2023
"2850-57552","2850-57685","Struthers main","Boyer",3150.777513,11,0,0,2023
"2850-57552","2850-57764","Struthers main","Urban Farm Girlz Sheep Shed",4200.884412,3,0,0,2023
"2850-57552","2850-57869","Struthers main","Blue Cloud main",1282.306886,8,0,0,2023
"2850-57552","2850-57771","Struthers main","Cooks",9026.103113,3,0,0,2023
"2850-57552","2850-57871","Struthers main","Blue Cloud main",1282.306886,5,0,0,2023
"2850-57552","2850-57932","Struthers main","Cooks",9026.103113,4,0,0,2023
"2850-57552","2850-57928","Struthers main","Blue Cloud main",1282.306886,4,0,0,2023
"2850-57552","2850-57934","Struthers main","Boyer",3150.777513,10,0,0,2023
"2850-57552","2850-57939","Struthers main","Make Believe",3336.249381,13,0,0,2023
"2850-57552","2850-57938","Struthers main","Make Believe",3336.249381,3,0,0,2023
"2850-57552","2850-57941","Struthers main","Make Believe",3336.249381,8,0,0,2023
"2850-57552","2850-57943","Struthers main","Struthers round",47.79605615,2,0,0,2023
"2850-57552","2850-57945","Struthers main","Plumbumpy est",3195.317127,5,0,0,2023
"2850-57552","2850-57946","Struthers main","Nixon est",1051.948626,4,0,0,2023
"2850-57552","2850-57948","Struthers main","Cooks",9026.103113,8,0,0,2023
"2850-57552","2850-57954","Struthers main","Cathys est",3488.116073,6,0,0,2023
"2850-57552","2850-57950","Struthers main","Speedwell est",1052.137445,7,0,0,2023
"2850-57552","2850-57956","Struthers main","Karens est",4702.614612,5,0,0,2023
"2850-57552","2850-57978","Struthers main","Red Wagon porch est",1939.365424,1,0,0,2023
"2850-57552","2870-65019","Struthers main","Make Believe",3336.249381,1,0,0,2023
"2850-57552","2870-65015","Struthers main","Boyer",3150.777513,6,0,0,2023
"2850-57552","2850-57687","Struthers main","Boyer",3150.777513,8,0,0,2023
"2850-57552","2850-57952","Struthers main","Jays est",499.3814932,8,0,0,2023
"2850-57552","2850-57931","Struthers main","Cooks",9026.103113,6,0,0,2023
"2850-57518","2850-57575","Make Believe","Cooks",8134.783478,14,0,0,2023
"2850-57518","2850-57685","Make Believe","Boyer",4212.841149,11,0,0,2023
"2850-57518","2850-57608","Make Believe","Urban Farm Girlz Red Barn",5781.976718,4,0,0,2023
"2850-57518","2850-57683","Make Believe","Struthers main",3336.249381,6,0,0,2023
"2850-57518","2850-57764","Make Believe","Urban Farm Girlz Sheep Shed",5761.465774,3,0,0,2023
"2850-57518","2850-57771","Make Believe","Cooks",8134.783478,3,0,0,2023
"2850-57518","2850-57869","Make Believe","Blue Cloud main",3928.765414,8,0,0,2023
"2850-57518","2850-57871","Make Believe","Blue Cloud main",3928.765414,5,0,0,2023
"2850-57518","2850-57928","Make Believe","Blue Cloud main",3928.765414,4,0,0,2023
"2850-57518","2850-57934","Make Believe","Boyer",4212.841149,10,0,0,2023
"2850-57518","2850-57932","Make Believe","Cooks",8134.783478,4,0,0,2023
"2850-57518","2850-57943","Make Believe","Struthers round",3372.48869,2,0,0,2023
"2850-57518","2850-57945","Make Believe","Plumbumpy est",5249.655973,5,0,0,2023
"2850-57518","2850-57948","Make Believe","Cooks",8134.783478,8,0,0,2023
"2850-57518","2850-57946","Make Believe","Nixon est",3470.02738,4,0,0,2023
"2850-57518","2850-57950","Make Believe","Speedwell est",3455.712605,7,0,0,2023
"2850-57518","2850-57954","Make Believe","Cathys est",3337.471654,6,0,0,2023
"2850-57518","2850-57956","Make Believe","Karens est",4897.580448,5,0,0,2023
"2850-57518","2850-57978","Make Believe","Red Wagon porch est",4083.407908,1,0,0,2023
"2850-57518","2870-65015","Make Believe","Boyer",4212.841149,6,0,0,2023
"2850-57518","2850-57687","Make Believe","Boyer",4212.841149,8,0,0,2023
"2850-57518","2850-57931","Make Believe","Cooks",8134.783478,6,0,0,2023
"2850-57518","2850-57952","Make Believe","Jays est",3104.670145,8,0,0,2023
"2850-57567","2850-57575","CHR","Cooks",3998.148258,14,0,0,2023
"2850-57567","2850-57608","CHR","Urban Farm Girlz Red Barn",9221.430103,4,0,0,2023
"2850-57567","2850-57683","CHR","Struthers main",5026.901367,6,0,0,2023
"2850-57567","2850-57685","CHR","Boyer",7918.345849,11,0,0,2023
"2850-57567","2850-57764","CHR","Urban Farm Girlz Sheep Shed",9185.52607,3,0,0,2023
"2850-57567","2850-57771","CHR","Cooks",3998.148258,3,0,0,2023
"2850-57567","2850-57869","CHR","Blue Cloud main",4098.901931,8,0,0,2023
"2850-57567","2850-57928","CHR","Blue Cloud main",4098.901931,4,0,0,2023
"2850-57567","2850-57932","CHR","Cooks",3998.148258,4,0,0,2023
"2850-57567","2850-57871","CHR","Blue Cloud main",4098.901931,5,0,0,2023
"2850-57567","2850-57934","CHR","Boyer",7918.345849,10,0,0,2023
"2850-57567","2850-57943","CHR","Struthers round",5082.708126,2,0,0,2023
"2850-57567","2850-57945","CHR","Plumbumpy est",8226.205846,5,0,0,2023
"2850-57567","2850-57938","CHR","Make Believe",4912.593342,3,0,0,2023
"2850-57567","2850-57939","CHR","Make Believe",4912.593342,13,0,0,2023
"2850-57567","2850-57941","CHR","Make Believe",4912.593342,8,0,0,2023
"2850-57567","2850-57946","CHR","Nixon est",4043.444267,4,0,0,2023
"2850-57567","2850-57950","CHR","Speedwell est",6015.097136,7,0,0,2023
"2850-57567","2850-57948","CHR","Cooks",3998.148258,8,0,0,2023
"2850-57567","2850-57954","CHR","Cathys est",7669.293552,6,0,0,2023
"2850-57567","2850-57956","CHR","Karens est",472.2447997,5,0,0,2023
"2850-57567","2850-57978","CHR","Red Wagon porch est",6937.504321,1,0,0,2023
"2850-57567","2870-65015","CHR","Boyer",7918.345849,6,0,0,2023
"2850-57567","2870-65019","CHR","Make Believe",4912.593342,1,0,0,2023
"2850-57567","2850-57687","CHR","Boyer",7918.345849,8,0,0,2023
"2850-57567","2850-57952","CHR","Jays est",4525.471845,8,0,0,2023
"2850-57567","2850-57931","CHR","Cooks",3998.148258,6,0,0,2023
"2850-57574","2850-57608","Cooks","Urban Farm Girlz Red Barn",13146.32277,4,0,0,2023
"2850-57574","2850-57683","Cooks","Struthers main",9026.103113,6,0,0,2023
"2850-57574","2850-57685","Cooks","Boyer",11757.49343,11,0,0,2023
"2850-57574","2850-57764","Cooks","Urban Farm Girlz Sheep Shed",13112.56561,3,0,0,2023
"2850-57574","2850-57869","Cooks","Blue Cloud main",8135.083191,8,0,0,2023
"2850-57574","2850-57871","Cooks","Blue Cloud main",8135.083191,5,0,0,2023
"2850-57574","2850-57928","Cooks","Blue Cloud main",8135.083191,4,0,0,2023
"2850-57574","2850-57934","Cooks","Boyer",11757.49343,10,0,0,2023
"2850-57574","2850-57938","Cooks","Make Believe",8134.783478,3,0,0,2023
"2850-57574","2850-57941","Cooks","Make Believe",8134.783478,8,0,0,2023
"2850-57574","2850-57939","Cooks","Make Believe",8134.783478,13,0,0,2023
"2850-57574","2850-57943","Cooks","Struthers round",9083.204192,2,0,0,2023
"2850-57574","2850-57945","Cooks","Plumbumpy est",12201.81193,5,0,0,2023
"2850-57574","2850-57946","Cooks","Nixon est",8070.854802,4,0,0,2023
"2850-57574","2850-57950","Cooks","Speedwell est",9974.089273,7,0,0,2023
"2850-57574","2850-57956","Cooks","Karens est",4427.496664,5,0,0,2023
"2850-57574","2850-57954","Cooks","Cathys est",11307.353,6,0,0,2023
"2850-57574","2850-57978","Cooks","Red Wagon porch est",10895.89421,1,0,0,2023
"2850-57574","2870-65015","Cooks","Boyer",11757.49343,6,0,0,2023
"2850-57574","2870-65019","Cooks","Make Believe",8134.783478,1,0,0,2023
"2850-57574","2850-57952","Cooks","Jays est",8518.517871,8,0,0,2023
"2850-57574","2850-57687","Cooks","Boyer",11757.49343,8,0,0,2023
"2850-57578","2850-57685","CHR","Boyer",7918.345849,11,0,0,2023
"2850-57578","2850-57608","CHR","Urban Farm Girlz Red Barn",9221.430103,4,0,0,2023
"2850-57578","2850-57683","CHR","Struthers main",5026.901367,6,0,0,2023
"2850-57578","2850-57764","CHR","Urban Farm Girlz Sheep Shed",9185.52607,3,0,0,2023
"2850-57578","2850-57771","CHR","Cooks",3998.148258,3,0,0,2023
"2850-57578","2850-57869","CHR","Blue Cloud main",4098.901931,8,0,0,2023
"2850-57578","2850-57871","CHR","Blue Cloud main",4098.901931,5,0,0,2023
"2850-57578","2850-57932","CHR","Cooks",3998.148258,4,0,0,2023
"2850-57578","2850-57928","CHR","Blue Cloud main",4098.901931,4,0,0,2023
"2850-57578","2850-57934","CHR","Boyer",7918.345849,10,0,0,2023
"2850-57578","2850-57941","CHR","Make Believe",4912.593342,8,0,0,2023
"2850-57578","2850-57938","CHR","Make Believe",4912.593342,3,0,0,2023
"2850-57578","2850-57939","CHR","Make Believe",4912.593342,13,0,0,2023
"2850-57578","2850-57943","CHR","Struthers round",5082.708126,2,0,0,2023
"2850-57578","2850-57945","CHR","Plumbumpy est",8226.205846,5,0,0,2023
"2850-57578","2850-57946","CHR","Nixon est",4043.444267,4,0,0,2023
"2850-57578","2850-57948","CHR","Cooks",3998.148258,8,0,0,2023
"2850-57578","2850-57950","CHR","Speedwell est",6015.097136,7,0,0,2023
"2850-57578","2850-57954","CHR","Cathys est",7669.293552,6,0,0,2023
"2850-57578","2850-57956","CHR","Karens est",472.2447997,5,0,0,2023
"2850-57578","2870-65019","CHR","Make Believe",4912.593342,1,0,0,2023
"2850-57578","2850-57978","CHR","Red Wagon porch est",6937.504321,1,0,0,2023
"2850-57578","2870-65015","CHR","Boyer",7918.345849,6,0,0,2023
"2850-57578","2850-57687","CHR","Boyer",7918.345849,8,0,0,2023
"2850-57578","2850-57931","CHR","Cooks",3998.148258,6,0,0,2023
"2850-57578","2850-57952","CHR","Jays est",4525.471845,8,0,0,2023
"2850-57579","2850-57608","CHR","Urban Farm Girlz Red Barn",9221.430103,4,0,0,2023
"2850-57579","2850-57685","CHR","Boyer",7918.345849,11,0,0,2023
"2850-57579","2850-57683","CHR","Struthers main",5026.901367,6,0,0,2023
"2850-57579","2850-57764","CHR","Urban Farm Girlz Sheep Shed",9185.52607,3,0,0,2023
"2850-57579","2850-57771","CHR","Cooks",3998.148258,3,0,0,2023
"2850-57579","2850-57869","CHR","Blue Cloud main",4098.901931,8,0,0,2023
"2850-57579","2850-57932","CHR","Cooks",3998.148258,4,0,0,2023
"2850-57579","2850-57871","CHR","Blue Cloud main",4098.901931,5,0,0,2023
"2850-57579","2850-57934","CHR","Boyer",7918.345849,10,0,0,2023
"2850-57579","2850-57938","CHR","Make Believe",4912.593342,3,0,0,2023
"2850-57579","2850-57928","CHR","Blue Cloud main",4098.901931,4,0,0,2023
"2850-57579","2850-57943","CHR","Struthers round",5082.708126,2,0,0,2023
"2850-57579","2850-57939","CHR","Make Believe",4912.593342,13,0,0,2023
"2850-57579","2850-57941","CHR","Make Believe",4912.593342,8,0,0,2023
"2850-57579","2850-57945","CHR","Plumbumpy est",8226.205846,5,0,0,2023
"2850-57579","2850-57950","CHR","Speedwell est",6015.097136,7,0,0,2023
"2850-57579","2850-57946","CHR","Nixon est",4043.444267,4,0,0,2023
"2850-57579","2850-57948","CHR","Cooks",3998.148258,8,0,0,2023
"2850-57579","2850-57954","CHR","Cathys est",7669.293552,6,0,0,2023
"2850-57579","2850-57956","CHR","Karens est",472.2447997,5,0,0,2023
"2850-57579","2850-57978","CHR","Red Wagon porch est",6937.504321,1,0,0,2023
"2850-57579","2870-65015","CHR","Boyer",7918.345849,6,0,0,2023
"2850-57579","2870-65019","CHR","Make Believe",4912.593342,1,0,0,2023
"2850-57579","2850-57687","CHR","Boyer",7918.345849,8,0,0,2023
"2850-57579","2850-57931","CHR","Cooks",3998.148258,6,0,0,2023
"2850-57579","2850-57952","CHR","Jays est",4525.471845,8,0,0,2023
"2850-57582","2850-57608","CHR","Urban Farm Girlz Red Barn",9221.430103,4,0,0,2023
"2850-57582","2850-57683","CHR","Struthers main",5026.901367,6,0,0,2023
"2850-57582","2850-57685","CHR","Boyer",7918.345849,11,0,0,2023
"2850-57582","2850-57764","CHR","Urban Farm Girlz Sheep Shed",9185.52607,3,0,0,2023
"2850-57582","2850-57932","CHR","Cooks",3998.148258,4,0,0,2023
"2850-57582","2850-57871","CHR","Blue Cloud main",4098.901931,5,0,0,2023
"2850-57582","2850-57928","CHR","Blue Cloud main",4098.901931,4,0,0,2023
"2850-57582","2850-57869","CHR","Blue Cloud main",4098.901931,8,0,0,2023
"2850-57582","2850-57771","CHR","Cooks",3998.148258,3,0,0,2023
"2850-57582","2850-57934","CHR","Boyer",7918.345849,10,0,0,2023
"2850-57582","2850-57946","CHR","Nixon est",4043.444267,4,0,0,2023
"2850-57582","2850-57939","CHR","Make Believe",4912.593342,13,0,0,2023
"2850-57582","2850-57938","CHR","Make Believe",4912.593342,3,0,0,2023
"2850-57582","2850-57948","CHR","Cooks",3998.148258,8,0,0,2023
"2850-57582","2850-57943","CHR","Struthers round",5082.708126,2,0,0,2023
"2850-57582","2850-57941","CHR","Make Believe",4912.593342,8,0,0,2023
"2850-57582","2850-57945","CHR","Plumbumpy est",8226.205846,5,0,0,2023
"2850-57582","2850-57954","CHR","Cathys est",7669.293552,6,0,0,2023
"2850-57582","2850-57950","CHR","Speedwell est",6015.097136,7,0,0,2023
"2850-57582","2850-57956","CHR","Karens est",472.2447997,5,0,0,2023
"2850-57582","2850-57978","CHR","Red Wagon porch est",6937.504321,1,0,0,2023
"2850-57582","2870-65015","CHR","Boyer",7918.345849,6,0,0,2023
"2850-57582","2870-65019","CHR","Make Believe",4912.593342,1,0,0,2023
"2850-57582","2850-57931","CHR","Cooks",3998.148258,6,0,0,2023
"2850-57582","2850-57687","CHR","Boyer",7918.345849,8,0,0,2023
"2850-57582","2850-57952","CHR","Jays est",4525.471845,8,0,0,2023
"2850-57614","2850-57685","Blue Cloud main","Boyer",4432.865572,11,0,0,2023
"2850-57614","2850-57683","Blue Cloud main","Struthers main",1282.306886,6,0,0,2023
"2850-57614","2850-57771","Blue Cloud main","Cooks",8135.083191,3,0,0,2023
"2850-57614","2850-57764","Blue Cloud main","Urban Farm Girlz Sheep Shed",5385.601613,3,0,0,2023
"2850-57614","2850-57932","Blue Cloud main","Cooks",8135.083191,4,0,0,2023
"2850-57614","2850-57938","Blue Cloud main","Make Believe",3928.765414,3,0,0,2023
"2850-57614","2850-57934","Blue Cloud main","Boyer",4432.865572,10,0,0,2023
"2850-57614","2850-57939","Blue Cloud main","Make Believe",3928.765414,13,0,0,2023
"2850-57614","2850-57943","Blue Cloud main","Struthers round",1317.240399,2,0,0,2023
"2850-57614","2850-57941","Blue Cloud main","Make Believe",3928.765414,8,0,0,2023
"2850-57614","2850-57950","Blue Cloud main","Speedwell est",2324.039286,7,0,0,2023
"2850-57614","2850-57945","Blue Cloud main","Plumbumpy est",4322.122415,5,0,0,2023
"2850-57614","2850-57946","Blue Cloud main","Nixon est",451.2314297,4,0,0,2023
"2850-57614","2850-57948","Blue Cloud main","Cooks",8135.083191,8,0,0,2023
"2850-57614","2850-57954","Blue Cloud main","Cathys est",4754.681144,6,0,0,2023
"2850-57614","2850-57956","Blue Cloud main","Karens est",3706.930068,5,0,0,2023
"2850-57614","2850-57978","Blue Cloud main","Red Wagon porch est",3154.328285,1,0,0,2023
"2850-57614","2870-65015","Blue Cloud main","Boyer",4432.865572,6,0,0,2023
"2850-57614","2870-65019","Blue Cloud main","Make Believe",3928.765414,1,0,0,2023
"2850-57614","2850-57687","Blue Cloud main","Boyer",4432.865572,8,0,0,2023
"2850-57614","2850-57931","Blue Cloud main","Cooks",8135.083191,6,0,0,2023
"2850-57614","2850-57952","Blue Cloud main","Jays est",1016.758014,8,0,0,2023
"2850-57638","2850-57683","Cooks","Struthers main",9026.103113,6,0,0,2023
"2850-57638","2850-57685","Cooks","Boyer",11757.49343,11,0,0,2023
"2850-57638","2850-57764","Cooks","Urban Farm Girlz Sheep Shed",13112.56561,3,0,0,2023
"2850-57638","2850-57928","Cooks","Blue Cloud main",8135.083191,4,0,0,2023
"2850-57638","2850-57869","Cooks","Blue Cloud main",8135.083191,8,0,0,2023
"2850-57638","2850-57871","Cooks","Blue Cloud main",8135.083191,5,0,0,2023
"2850-57638","2850-57939","Cooks","Make Believe",8134.783478,13,0,0,2023
"2850-57638","2850-57934","Cooks","Boyer",11757.49343,10,0,0,2023
"2850-57638","2850-57938","Cooks","Make Believe",8134.783478,3,0,0,2023
"2850-57638","2850-57941","Cooks","Make Believe",8134.783478,8,0,0,2023
"2850-57638","2850-57943","Cooks","Struthers round",9083.204192,2,0,0,2023
"2850-57638","2850-57946","Cooks","Nixon est",8070.854802,4,0,0,2023
"2850-57638","2850-57945","Cooks","Plumbumpy est",12201.81193,5,0,0,2023
"2850-57638","2850-57950","Cooks","Speedwell est",9974.089273,7,0,0,2023
"2850-57638","2850-57954","Cooks","Cathys est",11307.353,6,0,0,2023
"2850-57638","2850-57956","Cooks","Karens est",4427.496664,5,0,0,2023
"2850-57638","2850-57978","Cooks","Red Wagon porch est",10895.89421,1,0,0,2023
"2850-57638","2870-65015","Cooks","Boyer",11757.49343,6,0,0,2023
"2850-57638","2870-65019","Cooks","Make Believe",8134.783478,1,0,0,2023
"2850-57638","2850-57952","Cooks","Jays est",8518.517871,8,0,0,2023
"2850-57638","2850-57687","Cooks","Boyer",11757.49343,8,0,0,2023
"2850-57642","2850-57685","Cooks","Boyer",11757.49343,11,0,0,2023
"2850-57642","2850-57683","Cooks","Struthers main",9026.103113,6,0,0,2023
"2850-57642","2850-57764","Cooks","Urban Farm Girlz Sheep Shed",13112.56561,3,0,0,2023
"2850-57642","2850-57869","Cooks","Blue Cloud main",8135.083191,8,0,0,2023
"2850-57642","2850-57871","Cooks","Blue Cloud main",8135.083191,5,0,0,2023
"2850-57642","2850-57928","Cooks","Blue Cloud main",8135.083191,4,0,0,2023
"2850-57642","2850-57934","Cooks","Boyer",11757.49343,10,0,0,2023
"2850-57642","2850-57939","Cooks","Make Believe",8134.783478,13,0,0,2023
"2850-57642","2850-57938","Cooks","Make Believe",8134.783478,3,0,0,2023
"2850-57642","2850-57943","Cooks","Struthers round",9083.204192,2,0,0,2023
"2850-57642","2850-57945","Cooks","Plumbumpy est",12201.81193,5,0,0,2023
"2850-57642","2850-57941","Cooks","Make Believe",8134.783478,8,0,0,2023
"2850-57642","2850-57946","Cooks","Nixon est",8070.854802,4,0,0,2023
"2850-57642","2850-57950","Cooks","Speedwell est",9974.089273,7,0,0,2023
"2850-57642","2850-57954","Cooks","Cathys est",11307.353,6,0,0,2023
"2850-57642","2850-57956","Cooks","Karens est",4427.496664,5,0,0,2023
"2850-57642","2850-57978","Cooks","Red Wagon porch est",10895.89421,1,0,0,2023
"2850-57642","2870-65015","Cooks","Boyer",11757.49343,6,0,0,2023
"2850-57642","2870-65019","Cooks","Make Believe",8134.783478,1,0,0,2023
"2850-57642","2850-57687","Cooks","Boyer",11757.49343,8,0,0,2023
"2850-57642","2850-57952","Cooks","Jays est",8518.517871,8,0,0,2023
"2850-57659","2850-57685","Blue Cloud main","Boyer",4432.865572,11,0,0,2023
"2850-57659","2850-57683","Blue Cloud main","Struthers main",1282.306886,6,0,0,2023
"2850-57659","2850-57764","Blue Cloud main","Urban Farm Girlz Sheep Shed",5385.601613,3,0,0,2023
"2850-57659","2850-57771","Blue Cloud main","Cooks",8135.083191,3,0,0,2023
"2850-57659","2850-57934","Blue Cloud main","Boyer",4432.865572,10,0,0,2023
"2850-57659","2850-57932","Blue Cloud main","Cooks",8135.083191,4,0,0,2023
"2850-57659","2850-57938","Blue Cloud main","Make Believe",3928.765414,3,0,0,2023
"2850-57659","2850-57939","Blue Cloud main","Make Believe",3928.765414,13,0,0,2023
"2850-57659","2850-57943","Blue Cloud main","Struthers round",1317.240399,2,0,0,2023
"2850-57659","2850-57941","Blue Cloud main","Make Believe",3928.765414,8,0,0,2023
"2850-57659","2850-57945","Blue Cloud main","Plumbumpy est",4322.122415,5,0,0,2023
"2850-57659","2850-57946","Blue Cloud main","Nixon est",451.2314297,4,0,0,2023
"2850-57659","2850-57948","Blue Cloud main","Cooks",8135.083191,8,0,0,2023
"2850-57659","2850-57950","Blue Cloud main","Speedwell est",2324.039286,7,0,0,2023
"2850-57659","2850-57954","Blue Cloud main","Cathys est",4754.681144,6,0,0,2023
"2850-57659","2850-57956","Blue Cloud main","Karens est",3706.930068,5,0,0,2023
"2850-57659","2850-57978","Blue Cloud main","Red Wagon porch est",3154.328285,1,0,0,2023
"2850-57659","2870-65015","Blue Cloud main","Boyer",4432.865572,6,0,0,2023
"2850-57659","2870-65019","Blue Cloud main","Make Believe",3928.765414,1,0,0,2023
"2850-57659","2850-57687","Blue Cloud main","Boyer",4432.865572,8,0,0,2023
"2850-57659","2850-57952","Blue Cloud main","Jays est",1016.758014,8,0,0,2023
"2850-57659","2850-57931","Blue Cloud main","Cooks",8135.083191,6,0,0,2023
"2850-57674","2850-57685","Struthers main","Boyer",3150.777513,11,0,0,2023
"2850-57674","2850-57764","Struthers main","Urban Farm Girlz Sheep Shed",4200.884412,3,0,0,2023
"2850-57674","2850-57869","Struthers main","Blue Cloud main",1282.306886,8,0,0,2023
"2850-57674","2850-57871","Struthers main","Blue Cloud main",1282.306886,5,0,0,2023
"2850-57674","2850-57771","Struthers main","Cooks",9026.103113,3,0,0,2023
"2850-57674","2850-57928","Struthers main","Blue Cloud main",1282.306886,4,0,0,2023
"2850-57674","2850-57939","Struthers main","Make Believe",3336.249381,13,0,0,2023
"2850-57674","2850-57932","Struthers main","Cooks",9026.103113,4,0,0,2023
"2850-57674","2850-57934","Struthers main","Boyer",3150.777513,10,0,0,2023
"2850-57674","2850-57938","Struthers main","Make Believe",3336.249381,3,0,0,2023
"2850-57674","2850-57941","Struthers main","Make Believe",3336.249381,8,0,0,2023
"2850-57674","2850-57943","Struthers main","Struthers round",47.79605615,2,0,0,2023
"2850-57674","2850-57946","Struthers main","Nixon est",1051.948626,4,0,0,2023
"2850-57674","2850-57945","Struthers main","Plumbumpy est",3195.317127,5,0,0,2023
"2850-57674","2850-57954","Struthers main","Cathys est",3488.116073,6,0,0,2023
"2850-57674","2850-57948","Struthers main","Cooks",9026.103113,8,0,0,2023
"2850-57674","2850-57950","Struthers main","Speedwell est",1052.137445,7,0,0,2023
"2850-57674","2850-57956","Struthers main","Karens est",4702.614612,5,0,0,2023
"2850-57674","2870-65015","Struthers main","Boyer",3150.777513,6,0,0,2023
"2850-57674","2850-57978","Struthers main","Red Wagon porch est",1939.365424,1,0,0,2023
"2850-57674","2870-65019","Struthers main","Make Believe",3336.249381,1,0,0,2023
"2850-57674","2850-57931","Struthers main","Cooks",9026.103113,6,0,0,2023
"2850-57674","2850-57687","Struthers main","Boyer",3150.777513,8,0,0,2023
"2850-57674","2850-57952","Struthers main","Jays est",499.3814932,8,0,0,2023
"2850-57695","2850-57771","Quick est","Cooks",12459.24829,3,0,0,2023
"2850-57695","2850-57764","Quick est","Urban Farm Girlz Sheep Shed",1550.740645,3,0,0,2023
"2850-57695","2850-57871","Quick est","Blue Cloud main",5336.481456,5,0,0,2023
"2850-57695","2850-57869","Quick est","Blue Cloud main",5336.481456,8,0,0,2023
"2850-57695","2850-57928","Quick est","Blue Cloud main",5336.481456,4,0,0,2023
"2850-57695","2850-57932","Quick est","Cooks",12459.24829,4,0,0,2023
"2850-57695","2850-57934","Quick est","Boyer",909.9309874,10,0,0,2023
"2850-57695","2850-57945","Quick est","Plumbumpy est",2015.835502,5,0,0,2023
"2850-57695","2850-57939","Quick est","Make Believe",4644.456697,13,0,0,2023
"2850-57695","2850-57943","Quick est","Struthers round",4015.7167,2,0,0,2023
"2850-57695","2850-57941","Quick est","Make Believe",4644.456697,8,0,0,2023
"2850-57695","2850-57938","Quick est","Make Believe",4644.456697,3,0,0,2023
"2850-57695","2850-57946","Quick est","Nixon est",5082.900453,4,0,0,2023
"2850-57695","2850-57950","Quick est","Speedwell est",3012.732809,7,0,0,2023
"2850-57695","2850-57948","Quick est","Cooks",12459.24829,8,0,0,2023
"2850-57695","2850-57954","Quick est","Cathys est",1329.5795,6,0,0,2023
"2850-57695","2850-57956","Quick est","Karens est",8470.731987,5,0,0,2023
"2850-57695","2850-57978","Quick est","Red Wagon porch est",2328.401872,1,0,0,2023
"2850-57695","2870-65015","Quick est","Boyer",909.9309874,6,0,0,2023
"2850-57695","2870-65019","Quick est","Make Believe",4644.456697,1,0,0,2023
"2850-57695","2850-57952","Quick est","Jays est",4432.380564,8,0,0,2023
"2850-57695","2850-57687","Quick est","Boyer",909.9309874,8,0,0,2023
"2850-57695","2850-57931","Quick est","Cooks",12459.24829,6,0,0,2023
"2850-57745","2850-57764","CHR","Urban Farm Girlz Sheep Shed",9185.52607,3,0,0,2023
"2850-57745","2850-57771","CHR","Cooks",3998.148258,3,0,0,2023
"2850-57745","2850-57928","CHR","Blue Cloud main",4098.901931,4,0,0,2023
"2850-57745","2850-57871","CHR","Blue Cloud main",4098.901931,5,0,0,2023
"2850-57745","2850-57869","CHR","Blue Cloud main",4098.901931,8,0,0,2023
"2850-57745","2850-57932","CHR","Cooks",3998.148258,4,0,0,2023
"2850-57745","2850-57934","CHR","Boyer",7918.345849,10,0,0,2023
"2850-57745","2850-57939","CHR","Make Believe",4912.593342,13,0,0,2023
"2850-57745","2850-57938","CHR","Make Believe",4912.593342,3,0,0,2023
"2850-57745","2850-57943","CHR","Struthers round",5082.708126,2,0,0,2023
"2850-57745","2850-57941","CHR","Make Believe",4912.593342,8,0,0,2023
"2850-57745","2850-57945","CHR","Plumbumpy est",8226.205846,5,0,0,2023
"2850-57745","2850-57948","CHR","Cooks",3998.148258,8,0,0,2023
"2850-57745","2850-57946","CHR","Nixon est",4043.444267,4,0,0,2023
"2850-57745","2850-57950","CHR","Speedwell est",6015.097136,7,0,0,2023
"2850-57745","2850-57956","CHR","Karens est",472.2447997,5,0,0,2023
"2850-57745","2850-57954","CHR","Cathys est",7669.293552,6,0,0,2023
"2850-57745","2850-57978","CHR","Red Wagon porch est",6937.504321,1,0,0,2023
"2850-57745","2870-65015","CHR","Boyer",7918.345849,6,0,0,2023
"2850-57745","2870-65019","CHR","Make Believe",4912.593342,1,0,0,2023
"2850-57745","2850-57931","CHR","Cooks",3998.148258,6,0,0,2023
"2850-57745","2850-57687","CHR","Boyer",7918.345849,8,0,0,2023
"2850-57745","2850-57952","CHR","Jays est",4525.471845,8,0,0,2023
"2850-57756","2850-57771","CHR","Cooks",3998.148258,3,0,0,2023
"2850-57756","2850-57764","CHR","Urban Farm Girlz Sheep Shed",9185.52607,3,0,0,2023
"2850-57756","2850-57871","CHR","Blue Cloud main",4098.901931,5,0,0,2023
"2850-57756","2850-57869","CHR","Blue Cloud main",4098.901931,8,0,0,2023
"2850-57756","2850-57928","CHR","Blue Cloud main",4098.901931,4,0,0,2023
"2850-57756","2850-57932","CHR","Cooks",3998.148258,4,0,0,2023
"2850-57756","2850-57938","CHR","Make Believe",4912.593342,3,0,0,2023
"2850-57756","2850-57941","CHR","Make Believe",4912.593342,8,0,0,2023
"2850-57756","2850-57934","CHR","Boyer",7918.345849,10,0,0,2023
"2850-57756","2850-57939","CHR","Make Believe",4912.593342,13,0,0,2023
"2850-57756","2850-57943","CHR","Struthers round",5082.708126,2,0,0,2023
"2850-57756","2850-57954","CHR","Cathys est",7669.293552,6,0,0,2023
"2850-57756","2850-57945","CHR","Plumbumpy est",8226.205846,5,0,0,2023
"2850-57756","2850-57946","CHR","Nixon est",4043.444267,4,0,0,2023
"2850-57756","2850-57950","CHR","Speedwell est",6015.097136,7,0,0,2023
"2850-57756","2850-57948","CHR","Cooks",3998.148258,8,0,0,2023
"2850-57756","2850-57956","CHR","Karens est",472.2447997,5,0,0,2023
"2850-57756","2850-57978","CHR","Red Wagon porch est",6937.504321,1,0,0,2023
"2850-57756","2870-65015","CHR","Boyer",7918.345849,6,0,0,2023
"2850-57756","2870-65019","CHR","Make Believe",4912.593342,1,0,0,2023
"2850-57756","2850-57952","CHR","Jays est",4525.471845,8,0,0,2023
"2850-57756","2850-57931","CHR","Cooks",3998.148258,6,0,0,2023
"2850-57756","2850-57687","CHR","Boyer",7918.345849,8,0,0,2023
"2850-57757","2850-57771","CHR","Cooks",3998.148258,3,0,0,2023
"2850-57757","2850-57869","CHR","Blue Cloud main",4098.901931,8,0,0,2023
"2850-57757","2850-57764","CHR","Urban Farm Girlz Sheep Shed",9185.52607,3,0,0,2023
"2850-57757","2850-57871","CHR","Blue Cloud main",4098.901931,5,0,0,2023
"2850-57757","2850-57928","CHR","Blue Cloud main",4098.901931,4,0,0,2023
"2850-57757","2850-57932","CHR","Cooks",3998.148258,4,0,0,2023
"2850-57757","2850-57934","CHR","Boyer",7918.345849,10,0,0,2023
"2850-57757","2850-57938","CHR","Make Believe",4912.593342,3,0,0,2023
"2850-57757","2850-57939","CHR","Make Believe",4912.593342,13,0,0,2023
"2850-57757","2850-57941","CHR","Make Believe",4912.593342,8,0,0,2023
"2850-57757","2850-57945","CHR","Plumbumpy est",8226.205846,5,0,0,2023
"2850-57757","2850-57943","CHR","Struthers round",5082.708126,2,0,0,2023
"2850-57757","2850-57946","CHR","Nixon est",4043.444267,4,0,0,2023
"2850-57757","2850-57948","CHR","Cooks",3998.148258,8,0,0,2023
"2850-57757","2850-57950","CHR","Speedwell est",6015.097136,7,0,0,2023
"2850-57757","2850-57954","CHR","Cathys est",7669.293552,6,0,0,2023
"2850-57757","2850-57956","CHR","Karens est",472.2447997,5,0,0,2023
"2850-57757","2850-57978","CHR","Red Wagon porch est",6937.504321,1,0,0,2023
"2850-57757","2870-65015","CHR","Boyer",7918.345849,6,0,0,2023
"2850-57757","2870-65019","CHR","Make Believe",4912.593342,1,0,0,2023
"2850-57757","2850-57952","CHR","Jays est",4525.471845,8,0,0,2023
"2850-57757","2850-57687","CHR","Boyer",7918.345849,8,0,0,2023
"2850-57757","2850-57931","CHR","Cooks",3998.148258,6,0,0,2023
"2850-57758","2850-57764","CHR","Urban Farm Girlz Sheep Shed",9185.52607,3,0,0,2023
"2850-57758","2850-57771","CHR","Cooks",3998.148258,3,0,0,2023
"2850-57758","2850-57869","CHR","Blue Cloud main",4098.901931,8,0,0,2023
"2850-57758","2850-57871","CHR","Blue Cloud main",4098.901931,5,0,0,2023
"2850-57758","2850-57928","CHR","Blue Cloud main",4098.901931,4,0,0,2023
"2850-57758","2850-57932","CHR","Cooks",3998.148258,4,0,0,2023
"2850-57758","2850-57943","CHR","Struthers round",5082.708126,2,0,0,2023
"2850-57758","2850-57934","CHR","Boyer",7918.345849,10,0,0,2023
"2850-57758","2850-57938","CHR","Make Believe",4912.593342,3,0,0,2023
"2850-57758","2850-57939","CHR","Make Believe",4912.593342,13,0,0,2023
"2850-57758","2850-57941","CHR","Make Believe",4912.593342,8,0,0,2023
"2850-57758","2850-57945","CHR","Plumbumpy est",8226.205846,5,0,0,2023
"2850-57758","2850-57946","CHR","Nixon est",4043.444267,4,0,0,2023
"2850-57758","2850-57948","CHR","Cooks",3998.148258,8,0,0,2023
"2850-57758","2850-57954","CHR","Cathys est",7669.293552,6,0,0,2023
"2850-57758","2850-57950","CHR","Speedwell est",6015.097136,7,0,0,2023
"2850-57758","2850-57956","CHR","Karens est",472.2447997,5,0,0,2023
"2850-57758","2850-57978","CHR","Red Wagon porch est",6937.504321,1,0,0,2023
"2850-57758","2870-65019","CHR","Make Believe",4912.593342,1,0,0,2023
"2850-57758","2870-65015","CHR","Boyer",7918.345849,6,0,0,2023
"2850-57758","2850-57687","CHR","Boyer",7918.345849,8,0,0,2023
"2850-57758","2850-57931","CHR","Cooks",3998.148258,6,0,0,2023
"2850-57758","2850-57952","CHR","Jays est",4525.471845,8,0,0,2023
"2850-57759","2850-57764","CHR","Urban Farm Girlz Sheep Shed",9185.52607,3,0,0,2023
"2850-57759","2850-57771","CHR","Cooks",3998.148258,3,0,0,2023
"2850-57759","2850-57871","CHR","Blue Cloud main",4098.901931,5,0,0,2023
"2850-57759","2850-57869","CHR","Blue Cloud main",4098.901931,8,0,0,2023
"2850-57759","2850-57932","CHR","Cooks",3998.148258,4,0,0,2023
"2850-57759","2850-57928","CHR","Blue Cloud main",4098.901931,4,0,0,2023
"2850-57759","2850-57941","CHR","Make Believe",4912.593342,8,0,0,2023
"2850-57759","2850-57934","CHR","Boyer",7918.345849,10,0,0,2023
"2850-57759","2850-57938","CHR","Make Believe",4912.593342,3,0,0,2023
"2850-57759","2850-57939","CHR","Make Believe",4912.593342,13,0,0,2023
"2850-57759","2850-57943","CHR","Struthers round",5082.708126,2,0,0,2023
"2850-57759","2850-57945","CHR","Plumbumpy est",8226.205846,5,0,0,2023
"2850-57759","2850-57950","CHR","Speedwell est",6015.097136,7,0,0,2023
"2850-57759","2850-57946","CHR","Nixon est",4043.444267,4,0,0,2023
"2850-57759","2850-57954","CHR","Cathys est",7669.293552,6,0,0,2023
"2850-57759","2850-57948","CHR","Cooks",3998.148258,8,0,0,2023
"2850-57759","2850-57956","CHR","Karens est",472.2447997,5,0,0,2023
"2850-57759","2850-57978","CHR","Red Wagon porch est",6937.504321,1,0,0,2023
"2850-57759","2870-65015","CHR","Boyer",7918.345849,6,0,0,2023
"2850-57759","2870-65019","CHR","Make Believe",4912.593342,1,0,0,2023
"2850-57759","2850-57687","CHR","Boyer",7918.345849,8,0,0,2023
"2850-57759","2850-57952","CHR","Jays est",4525.471845,8,0,0,2023
"2850-57759","2850-57931","CHR","Cooks",3998.148258,6,0,0,2023
"2850-57762","2850-57771","CHR","Cooks",3998.148258,3,0,0,2023
"2850-57762","2850-57764","CHR","Urban Farm Girlz Sheep Shed",9185.52607,3,0,0,2023
"2850-57762","2850-57871","CHR","Blue Cloud main",4098.901931,5,0,0,2023
"2850-57762","2850-57869","CHR","Blue Cloud main",4098.901931,8,0,0,2023
"2850-57762","2850-57932","CHR","Cooks",3998.148258,4,0,0,2023
"2850-57762","2850-57928","CHR","Blue Cloud main",4098.901931,4,0,0,2023
"2850-57762","2850-57934","CHR","Boyer",7918.345849,10,0,0,2023
"2850-57762","2850-57941","CHR","Make Believe",4912.593342,8,0,0,2023
"2850-57762","2850-57938","CHR","Make Believe",4912.593342,3,0,0,2023
"2850-57762","2850-57939","CHR","Make Believe",4912.593342,13,0,0,2023
"2850-57762","2850-57943","CHR","Struthers round",5082.708126,2,0,0,2023
"2850-57762","2850-57950","CHR","Speedwell est",6015.097136,7,0,0,2023
"2850-57762","2850-57945","CHR","Plumbumpy est",8226.205846,5,0,0,2023
"2850-57762","2850-57946","CHR","Nixon est",4043.444267,4,0,0,2023
"2850-57762","2850-57948","CHR","Cooks",3998.148258,8,0,0,2023
"2850-57762","2850-57954","CHR","Cathys est",7669.293552,6,0,0,2023
"2850-57762","2850-57956","CHR","Karens est",472.2447997,5,0,0,2023
"2850-57762","2850-57978","CHR","Red Wagon porch est",6937.504321,1,0,0,2023
"2850-57762","2870-65015","CHR","Boyer",7918.345849,6,0,0,2023
"2850-57762","2870-65019","CHR","Make Believe",4912.593342,1,0,0,2023
"2850-57762","2850-57952","CHR","Jays est",4525.471845,8,0,0,2023
"2850-57762","2850-57687","CHR","Boyer",7918.345849,8,0,0,2023
"2850-57762","2850-57931","CHR","Cooks",3998.148258,6,0,0,2023
"2850-57763","2850-57764","CHR","Urban Farm Girlz Sheep Shed",9185.52607,3,0,0,2023
"2850-57763","2850-57869","CHR","Blue Cloud main",4098.901931,8,0,0,2023
"2850-57763","2850-57771","CHR","Cooks",3998.148258,3,0,0,2023
"2850-57763","2850-57871","CHR","Blue Cloud main",4098.901931,5,0,0,2023
"2850-57763","2850-57928","CHR","Blue Cloud main",4098.901931,4,0,0,2023
"2850-57763","2850-57934","CHR","Boyer",7918.345849,10,0,0,2023
"2850-57763","2850-57932","CHR","Cooks",3998.148258,4,0,0,2023
"2850-57763","2850-57945","CHR","Plumbumpy est",8226.205846,5,0,0,2023
"2850-57763","2850-57938","CHR","Make Believe",4912.593342,3,0,0,2023
"2850-57763","2850-57939","CHR","Make Believe",4912.593342,13,0,0,2023
"2850-57763","2850-57943","CHR","Struthers round",5082.708126,2,0,0,2023
"2850-57763","2850-57941","CHR","Make Believe",4912.593342,8,0,0,2023
"2850-57763","2850-57950","CHR","Speedwell est",6015.097136,7,0,0,2023
"2850-57763","2850-57946","CHR","Nixon est",4043.444267,4,0,0,2023
"2850-57763","2850-57954","CHR","Cathys est",7669.293552,6,0,0,2023
"2850-57763","2850-57948","CHR","Cooks",3998.148258,8,0,0,2023
"2850-57763","2850-57956","CHR","Karens est",472.2447997,5,0,0,2023
"2850-57763","2870-65015","CHR","Boyer",7918.345849,6,0,0,2023
"2850-57763","2850-57978","CHR","Red Wagon porch est",6937.504321,1,0,0,2023
"2850-57763","2870-65019","CHR","Make Believe",4912.593342,1,0,0,2023
"2850-57763","2850-57931","CHR","Cooks",3998.148258,6,0,0,2023
"2850-57763","2850-57687","CHR","Boyer",7918.345849,8,0,0,2023
"2850-57763","2850-57952","CHR","Jays est",4525.471845,8,0,0,2023
"2850-57772","2850-57869","Cooks","Blue Cloud main",8135.083191,8,0,0,2023
"2850-57772","2850-57871","Cooks","Blue Cloud main",8135.083191,5,0,0,2023
"2850-57772","2850-57928","Cooks","Blue Cloud main",8135.083191,4,0,0,2023
"2850-57772","2850-57934","Cooks","Boyer",11757.49343,10,0,0,2023
"2850-57772","2850-57939","Cooks","Make Believe",8134.783478,13,0,0,2023
"2850-57772","2850-57945","Cooks","Plumbumpy est",12201.81193,5,0,0,2023
"2850-57772","2850-57943","Cooks","Struthers round",9083.204192,2,0,0,2023
"2850-57772","2850-57938","Cooks","Make Believe",8134.783478,3,0,0,2023
"2850-57772","2850-57941","Cooks","Make Believe",8134.783478,8,0,0,2023
"2850-57772","2850-57946","Cooks","Nixon est",8070.854802,4,0,0,2023
"2850-57772","2850-57950","Cooks","Speedwell est",9974.089273,7,0,0,2023
"2850-57772","2850-57954","Cooks","Cathys est",11307.353,6,0,0,2023
"2850-57772","2850-57956","Cooks","Karens est",4427.496664,5,0,0,2023
"2850-57772","2850-57978","Cooks","Red Wagon porch est",10895.89421,1,0,0,2023
"2850-57772","2870-65015","Cooks","Boyer",11757.49343,6,0,0,2023
"2850-57772","2870-65019","Cooks","Make Believe",8134.783478,1,0,0,2023
"2850-57772","2850-57952","Cooks","Jays est",8518.517871,8,0,0,2023
"2850-57772","2850-57687","Cooks","Boyer",11757.49343,8,0,0,2023
"2850-57808","2850-57871","CHR","Blue Cloud main",4098.901931,5,0,0,2023
"2850-57808","2850-57869","CHR","Blue Cloud main",4098.901931,8,0,0,2023
"2850-57808","2850-57928","CHR","Blue Cloud main",4098.901931,4,0,0,2023
"2850-57808","2850-57932","CHR","Cooks",3998.148258,4,0,0,2023
"2850-57808","2850-57934","CHR","Boyer",7918.345849,10,0,0,2023
"2850-57808","2850-57938","CHR","Make Believe",4912.593342,3,0,0,2023
"2850-57808","2850-57939","CHR","Make Believe",4912.593342,13,0,0,2023
"2850-57808","2850-57943","CHR","Struthers round",5082.708126,2,0,0,2023
"2850-57808","2850-57941","CHR","Make Believe",4912.593342,8,0,0,2023
"2850-57808","2850-57945","CHR","Plumbumpy est",8226.205846,5,0,0,2023
"2850-57808","2850-57946","CHR","Nixon est",4043.444267,4,0,0,2023
"2850-57808","2850-57954","CHR","Cathys est",7669.293552,6,0,0,2023
"2850-57808","2850-57950","CHR","Speedwell est",6015.097136,7,0,0,2023
"2850-57808","2850-57948","CHR","Cooks",3998.148258,8,0,0,2023
"2850-57808","2850-57956","CHR","Karens est",472.2447997,5,0,0,2023
"2850-57808","2850-57978","CHR","Red Wagon porch est",6937.504321,1,0,0,2023
"2850-57808","2870-65015","CHR","Boyer",7918.345849,6,0,0,2023
"2850-57808","2870-65019","CHR","Make Believe",4912.593342,1,0,0,2023
"2850-57808","2850-57687","CHR","Boyer",7918.345849,8,0,0,2023
"2850-57808","2850-57931","CHR","Cooks",3998.148258,6,0,0,2023
"2850-57808","2850-57952","CHR","Jays est",4525.471845,8,0,0,2023
"2850-57877","2850-57928","Make Believe","Blue Cloud main",3928.765414,4,0,0,2023
"2850-57877","2850-57934","Make Believe","Boyer",4212.841149,10,0,0,2023
"2850-57877","2850-57932","Make Believe","Cooks",8134.783478,4,0,0,2023
"2850-57877","2850-57943","Make Believe","Struthers round",3372.48869,2,0,0,2023
"2850-57877","2850-57945","Make Believe","Plumbumpy est",5249.655973,5,0,0,2023
"2850-57877","2850-57950","Make Believe","Speedwell est",3455.712605,7,0,0,2023
"2850-57877","2850-57946","Make Believe","Nixon est",3470.02738,4,0,0,2023
"2850-57877","2850-57948","Make Believe","Cooks",8134.783478,8,0,0,2023
"2850-57877","2850-57954","Make Believe","Cathys est",3337.471654,6,0,0,2023
"2850-57877","2850-57956","Make Believe","Karens est",4897.580448,5,0,0,2023
"2850-57877","2850-57978","Make Believe","Red Wagon porch est",4083.407908,1,0,0,2023
"2850-57877","2870-65015","Make Believe","Boyer",4212.841149,6,0,0,2023
"2850-57877","2850-57687","Make Believe","Boyer",4212.841149,8,0,0,2023
"2850-57877","2850-57931","Make Believe","Cooks",8134.783478,6,0,0,2023
"2850-57877","2850-57952","Make Believe","Jays est",3104.670145,8,0,0,2023
"2850-57926","2850-57932","Blue Cloud main","Cooks",8135.083191,4,0,0,2023
"2850-57926","2850-57943","Blue Cloud main","Struthers round",1317.240399,2,0,0,2023
"2850-57926","2850-57934","Blue Cloud main","Boyer",4432.865572,10,0,0,2023
"2850-57926","2850-57938","Blue Cloud main","Make Believe",3928.765414,3,0,0,2023
"2850-57926","2850-57941","Blue Cloud main","Make Believe",3928.765414,8,0,0,2023
"2850-57926","2850-57945","Blue Cloud main","Plumbumpy est",4322.122415,5,0,0,2023
"2850-57926","2850-57939","Blue Cloud main","Make Believe",3928.765414,13,0,0,2023
"2850-57926","2850-57946","Blue Cloud main","Nixon est",451.2314297,4,0,0,2023
"2850-57926","2850-57948","Blue Cloud main","Cooks",8135.083191,8,0,0,2023
"2850-57926","2850-57954","Blue Cloud main","Cathys est",4754.681144,6,0,0,2023
"2850-57926","2850-57950","Blue Cloud main","Speedwell est",2324.039286,7,0,0,2023
"2850-57926","2850-57956","Blue Cloud main","Karens est",3706.930068,5,0,0,2023
"2850-57926","2850-57978","Blue Cloud main","Red Wagon porch est",3154.328285,1,0,0,2023
"2850-57926","2870-65015","Blue Cloud main","Boyer",4432.865572,6,0,0,2023
"2850-57926","2870-65019","Blue Cloud main","Make Believe",3928.765414,1,0,0,2023
"2850-57926","2850-57687","Blue Cloud main","Boyer",4432.865572,8,0,0,2023
"2850-57926","2850-57931","Blue Cloud main","Cooks",8135.083191,6,0,0,2023
"2850-57926","2850-57952","Blue Cloud main","Jays est",1016.758014,8,0,0,2023
"2850-57927","2850-57934","Blue Cloud main","Boyer",4432.865572,10,0,0,2023
"2850-57927","2850-57932","Blue Cloud main","Cooks",8135.083191,4,0,0,2023
"2850-57927","2850-57939","Blue Cloud main","Make Believe",3928.765414,13,0,0,2023
"2850-57927","2850-57938","Blue Cloud main","Make Believe",3928.765414,3,0,0,2023
"2850-57927","2850-57941","Blue Cloud main","Make Believe",3928.765414,8,0,0,2023
"2850-57927","2850-57943","Blue Cloud main","Struthers round",1317.240399,2,0,0,2023
"2850-57927","2850-57946","Blue Cloud main","Nixon est",451.2314297,4,0,0,2023
"2850-57927","2850-57948","Blue Cloud main","Cooks",8135.083191,8,0,0,2023
"2850-57927","2850-57945","Blue Cloud main","Plumbumpy est",4322.122415,5,0,0,2023
"2850-57927","2850-57950","Blue Cloud main","Speedwell est",2324.039286,7,0,0,2023
"2850-57927","2850-57954","Blue Cloud main","Cathys est",4754.681144,6,0,0,2023
"2850-57927","2850-57978","Blue Cloud main","Red Wagon porch est",3154.328285,1,0,0,2023
"2850-57927","2850-57956","Blue Cloud main","Karens est",3706.930068,5,0,0,2023
"2850-57927","2870-65015","Blue Cloud main","Boyer",4432.865572,6,0,0,2023
"2850-57927","2870-65019","Blue Cloud main","Make Believe",3928.765414,1,0,0,2023
"2850-57927","2850-57687","Blue Cloud main","Boyer",4432.865572,8,0,0,2023
"2850-57927","2850-57952","Blue Cloud main","Jays est",1016.758014,8,0,0,2023
"2850-57927","2850-57931","Blue Cloud main","Cooks",8135.083191,6,0,0,2023
"2850-57930","2850-57934","Blue Cloud main","Boyer",4432.865572,10,0,0,2023
"2850-57930","2850-57932","Blue Cloud main","Cooks",8135.083191,4,0,0,2023
"2850-57930","2850-57939","Blue Cloud main","Make Believe",3928.765414,13,0,0,2023
"2850-57930","2850-57943","Blue Cloud main","Struthers round",1317.240399,2,0,0,2023
"2850-57930","2850-57938","Blue Cloud main","Make Believe",3928.765414,3,0,0,2023
"2850-57930","2850-57941","Blue Cloud main","Make Believe",3928.765414,8,0,0,2023
"2850-57930","2850-57945","Blue Cloud main","Plumbumpy est",4322.122415,5,0,0,2023
"2850-57930","2850-57946","Blue Cloud main","Nixon est",451.2314297,4,0,0,2023
"2850-57930","2850-57948","Blue Cloud main","Cooks",8135.083191,8,0,0,2023
"2850-57930","2850-57950","Blue Cloud main","Speedwell est",2324.039286,7,0,0,2023
"2850-57930","2850-57954","Blue Cloud main","Cathys est",4754.681144,6,0,0,2023
"2850-57930","2850-57956","Blue Cloud main","Karens est",3706.930068,5,0,0,2023
"2850-57930","2870-65015","Blue Cloud main","Boyer",4432.865572,6,0,0,2023
"2850-57930","2850-57978","Blue Cloud main","Red Wagon porch est",3154.328285,1,0,0,2023
"2850-57930","2870-65019","Blue Cloud main","Make Believe",3928.765414,1,0,0,2023
"2850-57930","2850-57687","Blue Cloud main","Boyer",4432.865572,8,0,0,2023
"2850-57930","2850-57952","Blue Cloud main","Jays est",1016.758014,8,0,0,2023
"2850-57930","2850-57931","Blue Cloud main","Cooks",8135.083191,6,0,0,2023
"2850-57933","2850-57934","Cooks","Boyer",11757.49343,10,0,0,2023
"2850-57933","2850-57939","Cooks","Make Believe",8134.783478,13,0,0,2023
"2850-57933","2850-57941","Cooks","Make Believe",8134.783478,8,0,0,2023
"2850-57933","2850-57938","Cooks","Make Believe",8134.783478,3,0,0,2023
"2850-57933","2850-57945","Cooks","Plumbumpy est",12201.81193,5,0,0,2023
"2850-57933","2850-57943","Cooks","Struthers round",9083.204192,2,0,0,2023
"2850-57933","2850-57946","Cooks","Nixon est",8070.854802,4,0,0,2023
"2850-57933","2850-57954","Cooks","Cathys est",11307.353,6,0,0,2023
"2850-57933","2850-57950","Cooks","Speedwell est",9974.089273,7,0,0,2023
"2850-57933","2850-57956","Cooks","Karens est",4427.496664,5,0,0,2023
"2850-57933","2850-57978","Cooks","Red Wagon porch est",10895.89421,1,0,0,2023
"2850-57933","2870-65015","Cooks","Boyer",11757.49343,6,0,0,2023
"2850-57933","2870-65019","Cooks","Make Believe",8134.783478,1,0,0,2023
"2850-57933","2850-57952","Cooks","Jays est",8518.517871,8,0,0,2023
"2850-57933","2850-57687","Cooks","Boyer",11757.49343,8,0,0,2023
"2850-57935","2850-57943","Boyer","Struthers round",3116.434557,2,0,0,2023
"2850-57935","2850-57939","Boyer","Make Believe",4212.841149,13,0,0,2023
"2850-57935","2850-57938","Boyer","Make Believe",4212.841149,3,0,0,2023
"2850-57935","2850-57945","Boyer","Plumbumpy est",1414.317561,5,0,0,2023
"2850-57935","2850-57941","Boyer","Make Believe",4212.841149,8,0,0,2023
"2850-57935","2850-57946","Boyer","Nixon est",4199.10799,4,0,0,2023
"2850-57935","2850-57950","Boyer","Speedwell est",2103.892922,7,0,0,2023
"2850-57935","2850-57954","Boyer","Cathys est",1321.64081,6,0,0,2023
"2850-57935","2850-57948","Boyer","Cooks",11757.49343,8,0,0,2023
"2850-57935","2850-57956","Boyer","Karens est",7670.061205,5,0,0,2023
"2850-57935","2850-57978","Boyer","Red Wagon porch est",1405.996859,1,0,0,2023
"2850-57935","2870-65019","Boyer","Make Believe",4212.841149,1,0,0,2023
"2850-57935","2850-57931","Boyer","Cooks",11757.49343,6,0,0,2023
"2850-57935","2850-57952","Boyer","Jays est",3559.266481,8,0,0,2023
"2850-57937","2850-57943","Make Believe","Struthers round",3372.48869,2,0,0,2023
"2850-57937","2850-57946","Make Believe","Nixon est",3470.02738,4,0,0,2023
"2850-57937","2850-57945","Make Believe","Plumbumpy est",5249.655973,5,0,0,2023
"2850-57937","2850-57950","Make Believe","Speedwell est",3455.712605,7,0,0,2023
"2850-57937","2850-57948","Make Believe","Cooks",8134.783478,8,0,0,2023
"2850-57937","2850-57954","Make Believe","Cathys est",3337.471654,6,0,0,2023
"2850-57937","2850-57956","Make Believe","Karens est",4897.580448,5,0,0,2023
"2850-57937","2870-65015","Make Believe","Boyer",4212.841149,6,0,0,2023
"2850-57937","2850-57978","Make Believe","Red Wagon porch est",4083.407908,1,0,0,2023
"2850-57937","2850-57687","Make Believe","Boyer",4212.841149,8,0,0,2023
"2850-57937","2850-57931","Make Believe","Cooks",8134.783478,6,0,0,2023
"2850-57937","2850-57952","Make Believe","Jays est",3104.670145,8,0,0,2023
"2850-57944","2850-57954","Plumbumpy est","Cathys est",2745.38158,6,0,0,2023
"2850-57944","2850-57946","Plumbumpy est","Nixon est",4229.89867,4,0,0,2023
"2850-57944","2850-57950","Plumbumpy est","Speedwell est",2225.353422,7,0,0,2023
"2850-57944","2850-57948","Plumbumpy est","Cooks",12201.81193,8,0,0,2023
"2850-57944","2850-57956","Plumbumpy est","Karens est",7907.5806,5,0,0,2023
"2850-57944","2850-57978","Plumbumpy est","Red Wagon porch est",1312.013059,1,0,0,2023
"2850-57944","2870-65015","Plumbumpy est","Boyer",1414.317561,6,0,0,2023
"2850-57944","2870-65019","Plumbumpy est","Make Believe",5249.655973,1,0,0,2023
"2850-57944","2850-57687","Plumbumpy est","Boyer",1414.317561,8,0,0,2023
"2850-57944","2850-57931","Plumbumpy est","Cooks",12201.81193,6,0,0,2023
"2850-57944","2850-57952","Plumbumpy est","Jays est",3693.10852,8,0,0,2023
"2850-57947","2850-57950","Blue Cloud pony shed","Speedwell est",2312.29072,7,0,0,2023
"2850-57947","2850-57948","Blue Cloud pony shed","Cooks",8116.117913,8,0,0,2023
"2850-57947","2850-57954","Blue Cloud pony shed","Cathys est",4727.655764,6,0,0,2023
"2850-57947","2850-57956","Blue Cloud pony shed","Karens est",3691.650043,5,0,0,2023
"2850-57947","2850-57978","Blue Cloud pony shed","Red Wagon porch est",3150.462511,1,0,0,2023
"2850-57947","2870-65015","Blue Cloud pony shed","Boyer",4420.238605,6,0,0,2023
"2850-57947","2870-65019","Blue Cloud pony shed","Make Believe",3876.36582,1,0,0,2023
"2850-57947","2850-57931","Blue Cloud pony shed","Cooks",8116.117913,6,0,0,2023
"2850-57947","2850-57952","Blue Cloud pony shed","Jays est",981.275939,8,0,0,2023
"2850-57947","2850-57687","Blue Cloud pony shed","Boyer",4420.238605,8,0,0,2023
"2850-57949","2850-57956","Speedwell est","Karens est",5716.249019,5,0,0,2023
"2850-57949","2850-57954","Speedwell est","Cathys est",2613.652419,6,0,0,2023
"2850-57949","2850-57978","Speedwell est","Red Wagon porch est",918.9994827,1,0,0,2023
"2850-57949","2870-65015","Speedwell est","Boyer",2103.892922,6,0,0,2023
"2850-57949","2870-65019","Speedwell est","Make Believe",3455.712605,1,0,0,2023
"2850-57949","2850-57687","Speedwell est","Boyer",2103.892922,8,0,0,2023
"2850-57949","2850-57931","Speedwell est","Cooks",9974.089273,6,0,0,2023
"2850-57949","2850-57952","Speedwell est","Jays est",1507.159313,8,0,0,2023
"2850-57955","2850-57956","CHR","Karens est",472.2447997,5,0,0,2023
"2850-57955","2850-57978","CHR","Red Wagon porch est",6937.504321,1,0,0,2023
"2850-57955","2870-65015","CHR","Boyer",7918.345849,6,0,0,2023
"2850-57955","2870-65019","CHR","Make Believe",4912.593342,1,0,0,2023
"2850-57955","2850-57952","CHR","Jays est",4525.471845,8,0,0,2023
"2850-57955","2850-57931","CHR","Cooks",3998.148258,6,0,0,2023
"2850-57955","2850-57687","CHR","Boyer",7918.345849,8,0,0,2023
"2850-57962","2850-57978","CHR","Red Wagon porch est",6937.504321,1,0,0,2023
"2850-57962","2870-65015","CHR","Boyer",7918.345849,6,0,0,2023
"2850-57962","2870-65019","CHR","Make Believe",4912.593342,1,0,0,2023
"2850-57962","2850-57687","CHR","Boyer",7918.345849,8,0,0,2023
"2850-57962","2850-57931","CHR","Cooks",3998.148258,6,0,0,2023
"2850-57962","2850-57952","CHR","Jays est",4525.471845,8,0,0,2023
"2850-57963","2850-57978","CHR","Red Wagon porch est",6937.504321,1,0,0,2023
"2850-57963","2870-65015","CHR","Boyer",7918.345849,6,0,0,2023
"2850-57963","2870-65019","CHR","Make Believe",4912.593342,1,0,0,2023
"2850-57963","2850-57687","CHR","Boyer",7918.345849,8,0,0,2023
"2850-57963","2850-57931","CHR","Cooks",3998.148258,6,0,0,2023
"2850-57963","2850-57952","CHR","Jays est",4525.471845,8,0,0,2023
"2850-57970","2850-57978","CHR","Red Wagon porch est",6937.504321,1,0,0,2023
"2850-57970","2870-65015","CHR","Boyer",7918.345849,6,0,0,2023
"2850-57970","2870-65019","CHR","Make Believe",4912.593342,1,0,0,2023
"2850-57970","2850-57687","CHR","Boyer",7918.345849,8,0,0,2023
"2850-57970","2850-57952","CHR","Jays est",4525.471845,8,0,0,2023
"2850-57970","2850-57931","CHR","Cooks",3998.148258,6,0,0,2023
"2850-57972","2850-57978","CHR","Red Wagon porch est",6937.504321,1,0,0,2023
"2850-57972","2870-65015","CHR","Boyer",7918.345849,6,0,0,2023
"2850-57972","2870-65019","CHR","Make Believe",4912.593342,1,0,0,2023
"2850-57972","2850-57952","CHR","Jays est",4525.471845,8,0,0,2023
"2850-57972","2850-57687","CHR","Boyer",7918.345849,8,0,0,2023
"2850-57972","2850-57931","CHR","Cooks",3998.148258,6,0,0,2023
"2850-57977","2870-65015","Red Wagon porch est","Boyer",1405.996859,6,0,0,2023
"2850-57977","2870-65019","Red Wagon porch est","Make Believe",4083.407908,1,0,0,2023
"2850-57977","2850-57687","Red Wagon porch est","Boyer",1405.996859,8,0,0,2023
"2850-57977","2850-57952","Red Wagon porch est","Jays est",2418.784012,8,0,0,2023
"2850-57977","2850-57931","Red Wagon porch est","Cooks",10895.89421,6,0,0,2023
"2870-64920","2870-65019","CHR","Make Believe",4912.593342,1,0,0,2023
"2870-64920","2870-65015","CHR","Boyer",7918.345849,6,0,0,2023
"2870-64920","2850-57952","CHR","Jays est",4525.471845,8,0,0,2023
"2870-64920","2850-57687","CHR","Boyer",7918.345849,8,0,0,2023
"2870-64920","2850-57931","CHR","Cooks",3998.148258,6,0,0,2023
"2870-64924","2870-65015","CHR","Boyer",7918.345849,6,0,0,2023
"2870-64924","2870-65019","CHR","Make Believe",4912.593342,1,0,0,2023
"2870-64924","2850-57931","CHR","Cooks",3998.148258,6,0,0,2023
"2870-64924","2850-57687","CHR","Boyer",7918.345849,8,0,0,2023
"2870-64924","2850-57952","CHR","Jays est",4525.471845,8,0,0,2023
"2870-64928","2870-65019","CHR","Make Believe",4912.593342,1,0,0,2023
"2870-64928","2870-65015","CHR","Boyer",7918.345849,6,0,0,2023
"2870-64928","2850-57687","CHR","Boyer",7918.345849,8,0,0,2023
"2870-64928","2850-57952","CHR","Jays est",4525.471845,8,0,0,2023
"2870-64928","2850-57931","CHR","Cooks",3998.148258,6,0,0,2023
"2870-65014","2870-65019","Boyer","Make Believe",4212.841149,1,0,0,2023
"2870-65014","2850-57931","Boyer","Cooks",11757.49343,6,0,0,2023
"2870-65014","2850-57952","Boyer","Jays est",3559.266481,8,0,0,2023
"2870-65016","2870-65019","Boyer","Make Believe",4212.841149,1,0,0,2023
"2870-65016","2850-57931","Boyer","Cooks",11757.49343,6,0,0,2023
"2870-65016","2850-57952","Boyer","Jays est",3559.266481,8,0,0,2023
"2870-65017","2850-57952","Make Believe","Jays est",3104.670145,8,0,0,2023
"2870-65017","2850-57687","Make Believe","Boyer",4212.841149,8,0,0,2023
"2870-65017","2850-57931","Make Believe","Cooks",8134.783478,6,0,0,2023
"2870-65018","2850-57687","Make Believe","Boyer",4212.841149,8,0,0,2023
"2870-65018","2850-57952","Make Believe","Jays est",3104.670145,8,0,0,2023
"2870-65018","2850-57931","Make Believe","Cooks",8134.783478,6,0,0,2023
"2870-65020","2850-57931","CHR","Cooks",3998.148258,6,0,0,2023
"2870-65020","2850-57952","CHR","Jays est",4525.471845,8,0,0,2023
"2870-65020","2850-57687","CHR","Boyer",7918.345849,8,0,0,2023
"2870-65023","2850-57931","CHR","Cooks",3998.148258,6,0,0,2023
"2870-65023","2850-57952","CHR","Jays est",4525.471845,8,0,0,2023
"2870-65023","2850-57687","CHR","Boyer",7918.345849,8,0,0,2023
"2811-83118","2850-57687","Cooks","Boyer",11757.49343,8,0,0,2023
"2811-83118","2850-57952","Cooks","Jays est",8518.517871,8,0,0,2023
"2811-83123","2850-57931","CHR","Cooks",3998.148258,6,0,0,2023
"2811-83123","2850-57952","CHR","Jays est",4525.471845,8,0,0,2023
"2811-83123","2850-57687","CHR","Boyer",7918.345849,8,0,0,2023
"2811-83258","2850-57931","CHR","Cooks",3998.148258,6,0,0,2023
"2811-83258","2850-57687","CHR","Boyer",7918.345849,8,0,0,2023
"2811-83258","2850-57952","CHR","Jays est",4525.471845,8,0,0,2023
"2850-57947","2850-57572","Nixon est","Blue Cloud main",451.2314297,8,0,0,2023
"2850-57947","2850-57688","Nixon est","Boyer",4199.10799,8,0,0,2023
"2850-57947","2850-57853","Nixon est","Cooks",8070.854802,4,0,0,2023
"2850-57947","2850-57878","Nixon est","Make Believe",3470.02738,6,0,0,2023
"2850-57947","2640-97596","Nixon est","Make Believe",3470.02738,5,0,0,2023
"2850-57947","2850-57551","Nixon est","Struthers main",1051.948626,7,0,0,2023
"2850-57947","2850-57629","Nixon est","Urban Farm Girlz Sheep Shed",5255.661713,5,0,0,2023
"2850-57947","2811-06861","Nixon est","Boyer",4199.10799,10,0,0,2023
"2850-57947","2850-57575","Nixon est","Cooks",8070.854802,14,0,0,2023
"2850-57947","2850-57608","Nixon est","Urban Farm Girlz Red Barn",5294.245582,4,0,0,2023
"2850-57947","2850-57683","Nixon est","Struthers main",1051.948626,6,0,0,2023
"2850-57947","2850-57685","Nixon est","Boyer",4199.10799,11,0,0,2023
"2850-57947","2850-57764","Nixon est","Urban Farm Girlz Sheep Shed",5255.661713,3,0,0,2023
"2850-57947","2850-57771","Nixon est","Cooks",8070.854802,3,0,0,2023
"2850-57947","2850-57869","Nixon est","Blue Cloud main",451.2314297,8,0,0,2023
"2850-57947","2850-57871","Nixon est","Blue Cloud main",451.2314297,5,0,0,2023
"2850-57947","2850-57928","Nixon est","Blue Cloud main",451.2314297,4,0,0,2023
"2850-57947","2850-57932","Nixon est","Cooks",8070.854802,4,0,0,2023
"2850-57947","2850-57934","Nixon est","Boyer",4199.10799,10,0,0,2023
"2850-57947","2850-57938","Nixon est","Make Believe",3470.02738,3,0,0,2023
"2850-57947","2850-57939","Nixon est","Make Believe",3470.02738,13,0,0,2023
"2850-57947","2850-57941","Nixon est","Make Believe",3470.02738,8,0,0,2023
"2850-57947","2850-57943","Nixon est","Struthers round",1099.759049,2,0,0,2023
"2850-57947","2850-57945","Nixon est","Plumbumpy est",4229.89867,5,0,0,2023
"2850-57947","2850-57950","Nixon est","Speedwell est",2112.75944,7,0,0,2023
"2850-57947","2850-57948","Nixon est","Cooks",8070.854802,8,0,0,2023
"2850-57947","2850-57954","Nixon est","Cathys est",4415.49507,6,0,0,2023
"2850-57947","2850-57956","Nixon est","Karens est",3689.768224,5,0,0,2023
"2850-57947","2850-57978","Nixon est","Red Wagon porch est",2997.159322,1,0,0,2023
"2850-57947","2870-65015","Nixon est","Boyer",4199.10799,6,0,0,2023
"2850-57947","2870-65019","Nixon est","Make Believe",3470.02738,1,0,0,2023
"2850-57947","2850-57931","Nixon est","Cooks",8070.854802,6,0,0,2023
"2850-57947","2850-57952","Nixon est","Jays est",652.377305,8,0,0,2023
"2850-57947","2850-57687","Nixon est","Boyer",4199.10799,8,0,0,2023
