"barn","nest1","nest2","distance.m","dist.rank","BarnNest_1","BarnNest_2","active_1","active_2"
"BlueCloudNixon",132,148,33.4934156,1,"Blue Cloud-26","Blue Cloud-19",TRUE,TRUE
"BlueCloudNixon",132,138,41.0685776,4,"Blue Cloud-26","Blue Cloud-22",TRUE,TRUE
"BlueCloudNixon",132,135,42.09126938,5,"Blue Cloud-26","Blue Cloud-16",TRUE,TRUE
"BlueCloudNixon",132,139,42.15571266,6,"Blue Cloud-26","Blue Cloud-14",TRUE,TRUE
"BlueCloudNixon",132,142,43.68534888,9,"Blue Cloud-26","Blue Cloud-17",TRUE,TRUE
"BlueCloudNixon",132,140,43.82352787,10,"Blue Cloud-26","Blue Cloud-5",TRUE,TRUE
"BlueCloudNixon",132,143,44.68747054,11,"Blue Cloud-26","Blue Cloud-4",TRUE,TRUE
"BlueCloudNixon",132,136,44.70993633,12,"Blue Cloud-26","Blue Cloud-21",TRUE,TRUE
"BlueCloudNixon",132,144,44.8192937,13,"Blue Cloud-26","Blue Cloud-27",TRUE,TRUE
"BlueCloudNixon",132,141,46.06084718,15,"Blue Cloud-26","Blue Cloud-18",TRUE,TRUE
"BlueCloudNixon",132,149,117.8473997,17,"Blue Cloud-26","Blue Cloud-24",TRUE,TRUE
"BlueCloudNixon",132,313,423.1452007,18,"Blue Cloud-26","Nixon-1",TRUE,TRUE
"BlueCloudNixon",135,136,2.778457294,2,"Blue Cloud-16","Blue Cloud-21",TRUE,TRUE
"BlueCloudNixon",135,140,3.11731408,4,"Blue Cloud-16","Blue Cloud-5",TRUE,TRUE
"BlueCloudNixon",135,138,3.227086251,5,"Blue Cloud-16","Blue Cloud-22",TRUE,TRUE
"BlueCloudNixon",135,141,4.079337593,6,"Blue Cloud-16","Blue Cloud-18",TRUE,TRUE
"BlueCloudNixon",135,139,4.43482758,8,"Blue Cloud-16","Blue Cloud-14",TRUE,TRUE
"BlueCloudNixon",135,144,5.975374061,9,"Blue Cloud-16","Blue Cloud-27",TRUE,TRUE
"BlueCloudNixon",135,142,6.490332208,10,"Blue Cloud-16","Blue Cloud-17",TRUE,TRUE
"BlueCloudNixon",135,143,6.785570602,11,"Blue Cloud-16","Blue Cloud-4",TRUE,TRUE
"BlueCloudNixon",135,132,42.09126938,13,"Blue Cloud-16","Blue Cloud-26",TRUE,TRUE
"BlueCloudNixon",135,148,67.50037557,15,"Blue Cloud-16","Blue Cloud-19",TRUE,TRUE
"BlueCloudNixon",135,149,148.3512882,17,"Blue Cloud-16","Blue Cloud-24",TRUE,TRUE
"BlueCloudNixon",135,313,460.793171,18,"Blue Cloud-16","Nixon-1",TRUE,TRUE
"BlueCloudNixon",136,141,2.364069565,3,"Blue Cloud-21","Blue Cloud-18",TRUE,TRUE
"BlueCloudNixon",136,135,2.778457294,5,"Blue Cloud-21","Blue Cloud-16",TRUE,TRUE
"BlueCloudNixon",136,140,3.725098831,6,"Blue Cloud-21","Blue Cloud-5",TRUE,TRUE
"BlueCloudNixon",136,138,5.461938808,7,"Blue Cloud-21","Blue Cloud-22",TRUE,TRUE
"BlueCloudNixon",136,139,6.062382204,9,"Blue Cloud-21","Blue Cloud-14",TRUE,TRUE
"BlueCloudNixon",136,144,6.436272726,10,"Blue Cloud-21","Blue Cloud-27",TRUE,TRUE
"BlueCloudNixon",136,143,7.415374936,11,"Blue Cloud-21","Blue Cloud-4",TRUE,TRUE
"BlueCloudNixon",136,142,7.497781978,12,"Blue Cloud-21","Blue Cloud-17",TRUE,TRUE
"BlueCloudNixon",136,132,44.70993633,13,"Blue Cloud-21","Blue Cloud-26",TRUE,TRUE
"BlueCloudNixon",136,148,70.27392657,15,"Blue Cloud-21","Blue Cloud-19",TRUE,TRUE
"BlueCloudNixon",136,149,151.0038549,17,"Blue Cloud-21","Blue Cloud-24",TRUE,TRUE
"BlueCloudNixon",136,313,463.5601742,18,"Blue Cloud-21","Nixon-1",TRUE,TRUE
"BlueCloudNixon",138,139,1.708769163,1,"Blue Cloud-22","Blue Cloud-14",TRUE,TRUE
"BlueCloudNixon",138,140,2.811966159,2,"Blue Cloud-22","Blue Cloud-5",TRUE,TRUE
"BlueCloudNixon",138,135,3.227086251,3,"Blue Cloud-22","Blue Cloud-16",TRUE,TRUE
"BlueCloudNixon",138,142,4.057277568,5,"Blue Cloud-22","Blue Cloud-17",TRUE,TRUE
"BlueCloudNixon",138,144,4.296292386,6,"Blue Cloud-22","Blue Cloud-27",TRUE,TRUE
"BlueCloudNixon",138,143,4.72821041,7,"Blue Cloud-22","Blue Cloud-4",TRUE,TRUE
"BlueCloudNixon",138,136,5.461938808,8,"Blue Cloud-22","Blue Cloud-21",TRUE,TRUE
"BlueCloudNixon",138,141,5.485719357,9,"Blue Cloud-22","Blue Cloud-18",TRUE,TRUE
"BlueCloudNixon",138,132,41.0685776,13,"Blue Cloud-22","Blue Cloud-26",TRUE,TRUE
"BlueCloudNixon",138,148,65.29173409,15,"Blue Cloud-22","Blue Cloud-19",TRUE,TRUE
"BlueCloudNixon",138,149,145.6187325,17,"Blue Cloud-22","Blue Cloud-24",TRUE,TRUE
"BlueCloudNixon",138,313,458.4795958,18,"Blue Cloud-22","Nixon-1",TRUE,TRUE
"BlueCloudNixon",139,138,1.708769163,1,"Blue Cloud-14","Blue Cloud-22",TRUE,TRUE
"BlueCloudNixon",139,142,2.348651211,2,"Blue Cloud-14","Blue Cloud-17",TRUE,TRUE
"BlueCloudNixon",139,140,2.552704637,3,"Blue Cloud-14","Blue Cloud-5",TRUE,TRUE
"BlueCloudNixon",139,144,2.766012022,4,"Blue Cloud-14","Blue Cloud-27",TRUE,TRUE
"BlueCloudNixon",139,143,3.054162408,5,"Blue Cloud-14","Blue Cloud-4",TRUE,TRUE
"BlueCloudNixon",139,135,4.43482758,6,"Blue Cloud-14","Blue Cloud-16",TRUE,TRUE
"BlueCloudNixon",139,141,5.379013654,8,"Blue Cloud-14","Blue Cloud-18",TRUE,TRUE
"BlueCloudNixon",139,136,6.062382204,10,"Blue Cloud-14","Blue Cloud-21",TRUE,TRUE
"BlueCloudNixon",139,132,42.15571266,13,"Blue Cloud-14","Blue Cloud-26",TRUE,TRUE
"BlueCloudNixon",139,148,65.69100003,15,"Blue Cloud-14","Blue Cloud-19",TRUE,TRUE
"BlueCloudNixon",139,149,145.5519824,17,"Blue Cloud-14","Blue Cloud-24",TRUE,TRUE
"BlueCloudNixon",139,313,458.7585169,18,"Blue Cloud-14","Nixon-1",TRUE,TRUE
"BlueCloudNixon",140,139,2.552704637,1,"Blue Cloud-5","Blue Cloud-14",TRUE,TRUE
"BlueCloudNixon",140,138,2.811966159,2,"Blue Cloud-5","Blue Cloud-22",TRUE,TRUE
"BlueCloudNixon",140,141,2.84190552,3,"Blue Cloud-5","Blue Cloud-18",TRUE,TRUE
"BlueCloudNixon",140,144,2.927323619,4,"Blue Cloud-5","Blue Cloud-27",TRUE,TRUE
"BlueCloudNixon",140,135,3.11731408,5,"Blue Cloud-5","Blue Cloud-16",TRUE,TRUE
"BlueCloudNixon",140,136,3.725098831,7,"Blue Cloud-5","Blue Cloud-21",TRUE,TRUE
"BlueCloudNixon",140,142,3.78607588,8,"Blue Cloud-5","Blue Cloud-17",TRUE,TRUE
"BlueCloudNixon",140,143,3.829337574,9,"Blue Cloud-5","Blue Cloud-4",TRUE,TRUE
"BlueCloudNixon",140,132,43.82352787,13,"Blue Cloud-5","Blue Cloud-26",TRUE,TRUE
"BlueCloudNixon",140,148,68.02507958,15,"Blue Cloud-5","Blue Cloud-19",TRUE,TRUE
"BlueCloudNixon",140,149,148.0790888,17,"Blue Cloud-5","Blue Cloud-24",TRUE,TRUE
"BlueCloudNixon",140,313,461.1641959,18,"Blue Cloud-5","Nixon-1",TRUE,TRUE
"BlueCloudNixon",141,136,2.364069565,1,"Blue Cloud-18","Blue Cloud-21",TRUE,TRUE
"BlueCloudNixon",141,140,2.84190552,3,"Blue Cloud-18","Blue Cloud-5",TRUE,TRUE
"BlueCloudNixon",141,135,4.079337593,6,"Blue Cloud-18","Blue Cloud-16",TRUE,TRUE
"BlueCloudNixon",141,144,4.757783582,8,"Blue Cloud-18","Blue Cloud-27",TRUE,TRUE
"BlueCloudNixon",141,139,5.379013654,9,"Blue Cloud-18","Blue Cloud-14",TRUE,TRUE
"BlueCloudNixon",141,138,5.485719357,10,"Blue Cloud-18","Blue Cloud-22",TRUE,TRUE
"BlueCloudNixon",141,143,5.758099624,11,"Blue Cloud-18","Blue Cloud-4",TRUE,TRUE
"BlueCloudNixon",141,142,6.107110496,12,"Blue Cloud-18","Blue Cloud-17",TRUE,TRUE
"BlueCloudNixon",141,132,46.06084718,13,"Blue Cloud-18","Blue Cloud-26",TRUE,TRUE
"BlueCloudNixon",141,148,70.77741705,15,"Blue Cloud-18","Blue Cloud-19",TRUE,TRUE
"BlueCloudNixon",141,149,150.9207994,17,"Blue Cloud-18","Blue Cloud-24",TRUE,TRUE
"BlueCloudNixon",141,313,463.9564446,18,"Blue Cloud-18","Nixon-1",TRUE,TRUE
"BlueCloudNixon",142,143,1.006712521,1,"Blue Cloud-17","Blue Cloud-4",TRUE,TRUE
"BlueCloudNixon",142,144,1.564999999,2,"Blue Cloud-17","Blue Cloud-27",TRUE,TRUE
"BlueCloudNixon",142,139,2.348651211,3,"Blue Cloud-17","Blue Cloud-14",TRUE,TRUE
"BlueCloudNixon",142,140,3.78607588,4,"Blue Cloud-17","Blue Cloud-5",TRUE,TRUE
"BlueCloudNixon",142,138,4.057277568,5,"Blue Cloud-17","Blue Cloud-22",TRUE,TRUE
"BlueCloudNixon",142,141,6.107110496,7,"Blue Cloud-17","Blue Cloud-18",TRUE,TRUE
"BlueCloudNixon",142,135,6.490332208,8,"Blue Cloud-17","Blue Cloud-16",TRUE,TRUE
"BlueCloudNixon",142,136,7.497781978,10,"Blue Cloud-17","Blue Cloud-21",TRUE,TRUE
"BlueCloudNixon",142,132,43.68534888,13,"Blue Cloud-17","Blue Cloud-26",TRUE,TRUE
"BlueCloudNixon",142,148,66.26933249,15,"Blue Cloud-17","Blue Cloud-19",TRUE,TRUE
"BlueCloudNixon",142,149,145.4530428,17,"Blue Cloud-17","Blue Cloud-24",TRUE,TRUE
"BlueCloudNixon",142,313,459.1126017,18,"Blue Cloud-17","Nixon-1",TRUE,TRUE
"BlueCloudNixon",143,144,1.002350289,1,"Blue Cloud-4","Blue Cloud-27",TRUE,TRUE
"BlueCloudNixon",143,142,1.006712521,2,"Blue Cloud-4","Blue Cloud-17",TRUE,TRUE
"BlueCloudNixon",143,139,3.054162408,3,"Blue Cloud-4","Blue Cloud-14",TRUE,TRUE
"BlueCloudNixon",143,140,3.829337574,4,"Blue Cloud-4","Blue Cloud-5",TRUE,TRUE
"BlueCloudNixon",143,138,4.72821041,6,"Blue Cloud-4","Blue Cloud-22",TRUE,TRUE
"BlueCloudNixon",143,141,5.758099624,7,"Blue Cloud-4","Blue Cloud-18",TRUE,TRUE
"BlueCloudNixon",143,135,6.785570602,8,"Blue Cloud-4","Blue Cloud-16",TRUE,TRUE
"BlueCloudNixon",143,136,7.415374936,10,"Blue Cloud-4","Blue Cloud-21",TRUE,TRUE
"BlueCloudNixon",143,132,44.68747054,13,"Blue Cloud-4","Blue Cloud-26",TRUE,TRUE
"BlueCloudNixon",143,148,67.20990104,15,"Blue Cloud-4","Blue Cloud-19",TRUE,TRUE
"BlueCloudNixon",143,149,146.2451389,17,"Blue Cloud-4","Blue Cloud-24",TRUE,TRUE
"BlueCloudNixon",143,313,460.0060832,18,"Blue Cloud-4","Nixon-1",TRUE,TRUE
"BlueCloudNixon",144,143,1.002350289,1,"Blue Cloud-27","Blue Cloud-4",TRUE,TRUE
"BlueCloudNixon",144,142,1.564999999,2,"Blue Cloud-27","Blue Cloud-17",TRUE,TRUE
"BlueCloudNixon",144,139,2.766012022,3,"Blue Cloud-27","Blue Cloud-14",TRUE,TRUE
"BlueCloudNixon",144,140,2.927323619,4,"Blue Cloud-27","Blue Cloud-5",TRUE,TRUE
"BlueCloudNixon",144,138,4.296292386,6,"Blue Cloud-27","Blue Cloud-22",TRUE,TRUE
"BlueCloudNixon",144,141,4.757783582,7,"Blue Cloud-27","Blue Cloud-18",TRUE,TRUE
"BlueCloudNixon",144,135,5.975374061,8,"Blue Cloud-27","Blue Cloud-16",TRUE,TRUE
"BlueCloudNixon",144,136,6.436272726,10,"Blue Cloud-27","Blue Cloud-21",TRUE,TRUE
"BlueCloudNixon",144,132,44.8192937,13,"Blue Cloud-27","Blue Cloud-26",TRUE,TRUE
"BlueCloudNixon",144,148,67.76196814,15,"Blue Cloud-27","Blue Cloud-19",TRUE,TRUE
"BlueCloudNixon",144,149,147.0179838,17,"Blue Cloud-27","Blue Cloud-24",TRUE,TRUE
"BlueCloudNixon",144,313,460.6475341,18,"Blue Cloud-27","Nixon-1",TRUE,TRUE
"BlueCloudNixon",148,132,33.4934156,3,"Blue Cloud-19","Blue Cloud-26",TRUE,TRUE
"BlueCloudNixon",148,138,65.29173409,4,"Blue Cloud-19","Blue Cloud-22",TRUE,TRUE
"BlueCloudNixon",148,139,65.69100003,5,"Blue Cloud-19","Blue Cloud-14",TRUE,TRUE
"BlueCloudNixon",148,142,66.26933249,6,"Blue Cloud-19","Blue Cloud-17",TRUE,TRUE
"BlueCloudNixon",148,143,67.20990104,7,"Blue Cloud-19","Blue Cloud-4",TRUE,TRUE
"BlueCloudNixon",148,135,67.50037557,8,"Blue Cloud-19","Blue Cloud-16",TRUE,TRUE
"BlueCloudNixon",148,144,67.76196814,9,"Blue Cloud-19","Blue Cloud-27",TRUE,TRUE
"BlueCloudNixon",148,140,68.02507958,11,"Blue Cloud-19","Blue Cloud-5",TRUE,TRUE
"BlueCloudNixon",148,136,70.27392657,13,"Blue Cloud-19","Blue Cloud-21",TRUE,TRUE
"BlueCloudNixon",148,141,70.77741705,14,"Blue Cloud-19","Blue Cloud-18",TRUE,TRUE
"BlueCloudNixon",148,149,84.44868231,17,"Blue Cloud-19","Blue Cloud-24",TRUE,TRUE
"BlueCloudNixon",148,313,393.3294771,18,"Blue Cloud-19","Nixon-1",TRUE,TRUE
"BlueCloudNixon",149,148,84.44868231,2,"Blue Cloud-24","Blue Cloud-19",TRUE,TRUE
"BlueCloudNixon",149,132,117.8473997,4,"Blue Cloud-24","Blue Cloud-26",TRUE,TRUE
"BlueCloudNixon",149,142,145.4530428,5,"Blue Cloud-24","Blue Cloud-17",TRUE,TRUE
"BlueCloudNixon",149,139,145.5519824,6,"Blue Cloud-24","Blue Cloud-14",TRUE,TRUE
"BlueCloudNixon",149,138,145.6187325,7,"Blue Cloud-24","Blue Cloud-22",TRUE,TRUE
"BlueCloudNixon",149,143,146.2451389,8,"Blue Cloud-24","Blue Cloud-4",TRUE,TRUE
"BlueCloudNixon",149,144,147.0179838,9,"Blue Cloud-24","Blue Cloud-27",TRUE,TRUE
"BlueCloudNixon",149,140,148.0790888,10,"Blue Cloud-24","Blue Cloud-5",TRUE,TRUE
"BlueCloudNixon",149,135,148.3512882,11,"Blue Cloud-24","Blue Cloud-16",TRUE,TRUE
"BlueCloudNixon",149,141,150.9207994,14,"Blue Cloud-24","Blue Cloud-18",TRUE,TRUE
"BlueCloudNixon",149,136,151.0038549,15,"Blue Cloud-24","Blue Cloud-21",TRUE,TRUE
"BlueCloudNixon",149,313,317.3864206,18,"Blue Cloud-24","Nixon-1",TRUE,TRUE
"BlueCloudNixon",313,149,317.3864206,1,"Nixon-1","Blue Cloud-24",TRUE,TRUE
"BlueCloudNixon",313,148,393.3294771,3,"Nixon-1","Blue Cloud-19",TRUE,TRUE
"BlueCloudNixon",313,132,423.1452007,5,"Nixon-1","Blue Cloud-26",TRUE,TRUE
"BlueCloudNixon",313,138,458.4795958,6,"Nixon-1","Blue Cloud-22",TRUE,TRUE
"BlueCloudNixon",313,139,458.7585169,7,"Nixon-1","Blue Cloud-14",TRUE,TRUE
"BlueCloudNixon",313,142,459.1126017,8,"Nixon-1","Blue Cloud-17",TRUE,TRUE
"BlueCloudNixon",313,143,460.0060832,9,"Nixon-1","Blue Cloud-4",TRUE,TRUE
"BlueCloudNixon",313,144,460.6475341,10,"Nixon-1","Blue Cloud-27",TRUE,TRUE
"BlueCloudNixon",313,135,460.793171,11,"Nixon-1","Blue Cloud-16",TRUE,TRUE
"BlueCloudNixon",313,140,461.1641959,13,"Nixon-1","Blue Cloud-5",TRUE,TRUE
"BlueCloudNixon",313,136,463.5601742,15,"Nixon-1","Blue Cloud-21",TRUE,TRUE
"BlueCloudNixon",313,141,463.9564446,16,"Nixon-1","Blue Cloud-18",TRUE,TRUE
"CHR",174,184,2.942554498,5,"CHR-73","CHR-74",TRUE,TRUE
"CHR",174,185,3.487733105,10,"CHR-73","CHR-6",TRUE,TRUE
"CHR",174,180,4.473367138,12,"CHR-73","CHR-4",TRUE,TRUE
"CHR",174,189,5.806701872,15,"CHR-73","CHR-7",TRUE,TRUE
"CHR",174,192,5.852811652,16,"CHR-73","CHR-80",TRUE,TRUE
"CHR",174,188,6.474092626,19,"CHR-73","CHR-148",TRUE,TRUE
"CHR",174,183,6.528819196,20,"CHR-73","CHR-78",TRUE,TRUE
"CHR",174,190,7.175701786,22,"CHR-73","CHR-9",TRUE,TRUE
"CHR",174,197,7.924328091,23,"CHR-73","CHR-12",TRUE,TRUE
"CHR",174,194,7.926572026,24,"CHR-73","CHR-11",TRUE,TRUE
"CHR",174,196,8.397474954,26,"CHR-73","CHR-101",TRUE,TRUE
"CHR",174,198,9.177226029,31,"CHR-73","CHR-76",TRUE,TRUE
"CHR",174,213,9.212382003,32,"CHR-73","CHR-19",TRUE,TRUE
"CHR",174,212,9.351817437,34,"CHR-73","CHR-139",TRUE,TRUE
"CHR",174,204,9.796910184,39,"CHR-73","CHR-16",TRUE,TRUE
"CHR",174,205,10.62077385,40,"CHR-73","CHR-66",TRUE,TRUE
"CHR",174,215,10.8143011,41,"CHR-73","CHR-58",TRUE,TRUE
"CHR",174,220,11.61683212,44,"CHR-73","CHR-97",TRUE,TRUE
"CHR",174,222,13.80890721,52,"CHR-73","CHR-52",TRUE,TRUE
"CHR",174,233,14.97887567,58,"CHR-73","CHR-27",TRUE,TRUE
"CHR",174,244,15.5412171,60,"CHR-73","CHR-32",TRUE,TRUE
"CHR",174,227,15.88814409,61,"CHR-73","CHR-95",TRUE,TRUE
"CHR",174,234,16.04915093,62,"CHR-73","CHR-29",TRUE,TRUE
"CHR",174,250,16.60764839,65,"CHR-73","CHR-102",TRUE,TRUE
"CHR",174,256,16.6309399,66,"CHR-73","CHR-110",TRUE,TRUE
"CHR",174,228,16.66597055,67,"CHR-73","CHR-25",TRUE,TRUE
"CHR",174,249,16.72153987,68,"CHR-73","CHR-112",TRUE,TRUE
"CHR",174,252,17.07595798,72,"CHR-73","CHR-149",TRUE,TRUE
"CHR",174,240,18.36382867,79,"CHR-73","CHR-99",TRUE,TRUE
"CHR",174,246,18.43761329,80,"CHR-73","CHR-33",TRUE,TRUE
"CHR",174,251,19.00827232,84,"CHR-73","CHR-54",TRUE,TRUE
"CHR",174,238,19.0115092,85,"CHR-73","CHR-109",TRUE,TRUE
"CHR",174,260,20.48299973,90,"CHR-73","CHR-85",TRUE,TRUE
"CHR",174,277,21.04846256,92,"CHR-73","CHR-39",TRUE,TRUE
"CHR",174,324,22.16538088,96,"CHR-73","CHR-133",TRUE,TRUE
"CHR",174,271,22.64758752,99,"CHR-73","CHR-96",TRUE,TRUE
"CHR",174,270,23.14825038,102,"CHR-73","CHR-37",TRUE,TRUE
"CHR",174,269,24.52654894,108,"CHR-73","CHR-119",TRUE,TRUE
"CHR",174,278,24.88427199,110,"CHR-73","CHR-151",TRUE,TRUE
"CHR",174,284,24.92060744,111,"CHR-73","CHR-43",TRUE,TRUE
"CHR",174,285,25.6132416,116,"CHR-73","CHR-77",TRUE,TRUE
"CHR",174,295,27.56509071,120,"CHR-73","CHR-115",TRUE,TRUE
"CHR",174,294,28.03015619,121,"CHR-73","CHR-82",TRUE,TRUE
"CHR",174,303,28.19081952,122,"CHR-73","CHR-93",TRUE,TRUE
"CHR",174,292,28.42927924,124,"CHR-73","CHR-128",TRUE,TRUE
"CHR",174,291,28.57936034,127,"CHR-73","CHR-150",TRUE,TRUE
"CHR",174,300,29.12985901,130,"CHR-73","CHR-86",TRUE,TRUE
"CHR",174,287,30.00699229,133,"CHR-73","CHR-145",TRUE,TRUE
"CHR",174,301,31.3259709,134,"CHR-73","CHR-45",TRUE,TRUE
"CHR",180,183,3.556109437,5,"CHR-4","CHR-78",TRUE,TRUE
"CHR",180,174,4.473367138,6,"CHR-4","CHR-73",TRUE,TRUE
"CHR",180,192,5.173148491,14,"CHR-4","CHR-80",TRUE,TRUE
"CHR",180,184,5.933724475,20,"CHR-4","CHR-74",TRUE,TRUE
"CHR",180,197,6.12892889,22,"CHR-4","CHR-12",TRUE,TRUE
"CHR",180,189,6.413410243,23,"CHR-4","CHR-7",TRUE,TRUE
"CHR",180,185,6.433003403,24,"CHR-4","CHR-6",TRUE,TRUE
"CHR",180,204,6.511773364,25,"CHR-4","CHR-16",TRUE,TRUE
"CHR",180,194,7.718197398,28,"CHR-4","CHR-11",TRUE,TRUE
"CHR",180,190,7.796138153,29,"CHR-4","CHR-9",TRUE,TRUE
"CHR",180,196,7.888844382,30,"CHR-4","CHR-101",TRUE,TRUE
"CHR",180,198,7.938632096,31,"CHR-4","CHR-76",TRUE,TRUE
"CHR",180,188,7.9486736,32,"CHR-4","CHR-148",TRUE,TRUE
"CHR",180,205,7.971151755,33,"CHR-4","CHR-66",TRUE,TRUE
"CHR",180,213,9.219050593,38,"CHR-4","CHR-19",TRUE,TRUE
"CHR",180,212,10.1681123,40,"CHR-4","CHR-139",TRUE,TRUE
"CHR",180,220,10.9861078,43,"CHR-4","CHR-97",TRUE,TRUE
"CHR",180,215,11.06999379,45,"CHR-4","CHR-58",TRUE,TRUE
"CHR",180,222,12.94374732,49,"CHR-4","CHR-52",TRUE,TRUE
"CHR",180,256,15.7455459,58,"CHR-4","CHR-110",TRUE,TRUE
"CHR",180,244,15.89371749,59,"CHR-4","CHR-32",TRUE,TRUE
"CHR",180,233,15.90725563,60,"CHR-4","CHR-27",TRUE,TRUE
"CHR",180,250,16.60092687,63,"CHR-4","CHR-102",TRUE,TRUE
"CHR",180,249,16.66361176,64,"CHR-4","CHR-112",TRUE,TRUE
"CHR",180,252,16.68928526,65,"CHR-4","CHR-149",TRUE,TRUE
"CHR",180,234,16.94168974,66,"CHR-4","CHR-29",TRUE,TRUE
"CHR",180,227,17.57294798,72,"CHR-4","CHR-95",TRUE,TRUE
"CHR",180,228,18.2811172,75,"CHR-4","CHR-25",TRUE,TRUE
"CHR",180,246,18.49401987,76,"CHR-4","CHR-33",TRUE,TRUE
"CHR",180,251,18.73625526,78,"CHR-4","CHR-54",TRUE,TRUE
"CHR",180,240,18.78723311,79,"CHR-4","CHR-99",TRUE,TRUE
"CHR",180,238,19.59842008,83,"CHR-4","CHR-109",TRUE,TRUE
"CHR",180,277,21.28259696,89,"CHR-4","CHR-39",TRUE,TRUE
"CHR",180,260,22.00724027,91,"CHR-4","CHR-85",TRUE,TRUE
"CHR",180,324,22.14425318,93,"CHR-4","CHR-133",TRUE,TRUE
"CHR",180,271,23.35798423,99,"CHR-4","CHR-96",TRUE,TRUE
"CHR",180,270,23.82884944,102,"CHR-4","CHR-37",TRUE,TRUE
"CHR",180,284,24.71865145,108,"CHR-4","CHR-43",TRUE,TRUE
"CHR",180,278,24.98854943,109,"CHR-4","CHR-151",TRUE,TRUE
"CHR",180,269,25.1203531,110,"CHR-4","CHR-119",TRUE,TRUE
"CHR",180,285,25.48412697,111,"CHR-4","CHR-77",TRUE,TRUE
"CHR",180,303,28.17761148,119,"CHR-4","CHR-93",TRUE,TRUE
"CHR",180,295,28.24518316,120,"CHR-4","CHR-115",TRUE,TRUE
"CHR",180,294,28.78449961,123,"CHR-4","CHR-82",TRUE,TRUE
"CHR",180,300,29.35647712,125,"CHR-4","CHR-86",TRUE,TRUE
"CHR",180,292,29.43897383,126,"CHR-4","CHR-128",TRUE,TRUE
"CHR",180,291,29.77877437,130,"CHR-4","CHR-150",TRUE,TRUE
"CHR",180,301,31.40355192,133,"CHR-4","CHR-45",TRUE,TRUE
"CHR",180,287,31.42802513,134,"CHR-4","CHR-145",TRUE,TRUE
"CHR",183,197,2.775266287,4,"CHR-78","CHR-12",TRUE,TRUE
"CHR",183,192,2.981141773,7,"CHR-78","CHR-80",TRUE,TRUE
"CHR",183,204,3.277297878,10,"CHR-78","CHR-16",TRUE,TRUE
"CHR",183,180,3.556109437,12,"CHR-78","CHR-4",TRUE,TRUE
"CHR",183,205,4.449553837,17,"CHR-78","CHR-66",TRUE,TRUE
"CHR",183,198,4.664866954,18,"CHR-78","CHR-76",TRUE,TRUE
"CHR",183,189,4.749746238,19,"CHR-78","CHR-7",TRUE,TRUE
"CHR",183,196,5.025876694,21,"CHR-78","CHR-101",TRUE,TRUE
"CHR",183,194,5.08098656,22,"CHR-78","CHR-11",TRUE,TRUE
"CHR",183,190,5.739248874,27,"CHR-78","CHR-9",TRUE,TRUE
"CHR",183,184,6.340425465,29,"CHR-78","CHR-74",TRUE,TRUE
"CHR",183,213,6.501461487,30,"CHR-78","CHR-19",TRUE,TRUE
"CHR",183,188,6.510952843,31,"CHR-78","CHR-148",TRUE,TRUE
"CHR",183,174,6.528819196,32,"CHR-78","CHR-73",TRUE,TRUE
"CHR",183,185,6.616957808,33,"CHR-78","CHR-6",TRUE,TRUE
"CHR",183,220,7.791016926,39,"CHR-78","CHR-97",TRUE,TRUE
"CHR",183,212,7.867748436,40,"CHR-78","CHR-139",TRUE,TRUE
"CHR",183,215,8.327252868,44,"CHR-78","CHR-58",TRUE,TRUE
"CHR",183,222,9.59242211,48,"CHR-78","CHR-52",TRUE,TRUE
"CHR",183,256,12.33962681,57,"CHR-78","CHR-110",TRUE,TRUE
"CHR",183,244,12.97113301,59,"CHR-78","CHR-32",TRUE,TRUE
"CHR",183,233,13.29871713,61,"CHR-78","CHR-27",TRUE,TRUE
"CHR",183,252,13.42802304,62,"CHR-78","CHR-149",TRUE,TRUE
"CHR",183,250,13.49224612,63,"CHR-78","CHR-102",TRUE,TRUE
"CHR",183,249,13.53171341,64,"CHR-78","CHR-112",TRUE,TRUE
"CHR",183,234,14.27662498,67,"CHR-78","CHR-29",TRUE,TRUE
"CHR",183,246,15.37485282,74,"CHR-78","CHR-33",TRUE,TRUE
"CHR",183,227,15.38640057,75,"CHR-78","CHR-95",TRUE,TRUE
"CHR",183,251,15.48507921,76,"CHR-78","CHR-54",TRUE,TRUE
"CHR",183,240,15.82780332,78,"CHR-78","CHR-99",TRUE,TRUE
"CHR",183,228,16.02301471,80,"CHR-78","CHR-25",TRUE,TRUE
"CHR",183,238,16.70277033,82,"CHR-78","CHR-109",TRUE,TRUE
"CHR",183,277,18.19585314,88,"CHR-78","CHR-39",TRUE,TRUE
"CHR",183,324,18.94453536,91,"CHR-78","CHR-133",TRUE,TRUE
"CHR",183,260,19.59401017,97,"CHR-78","CHR-85",TRUE,TRUE
"CHR",183,271,20.46219552,101,"CHR-78","CHR-96",TRUE,TRUE
"CHR",183,270,20.91227874,102,"CHR-78","CHR-37",TRUE,TRUE
"CHR",183,284,21.43275829,106,"CHR-78","CHR-43",TRUE,TRUE
"CHR",183,278,21.80951002,109,"CHR-78","CHR-151",TRUE,TRUE
"CHR",183,269,22.14734614,110,"CHR-78","CHR-119",TRUE,TRUE
"CHR",183,285,22.21719126,111,"CHR-78","CHR-77",TRUE,TRUE
"CHR",183,303,24.93320866,119,"CHR-78","CHR-93",TRUE,TRUE
"CHR",183,295,25.28222426,121,"CHR-78","CHR-115",TRUE,TRUE
"CHR",183,294,25.85191382,123,"CHR-78","CHR-82",TRUE,TRUE
"CHR",183,300,26.19264283,125,"CHR-78","CHR-86",TRUE,TRUE
"CHR",183,292,26.62753665,128,"CHR-78","CHR-128",TRUE,TRUE
"CHR",183,291,27.06540954,130,"CHR-78","CHR-150",TRUE,TRUE
"CHR",183,301,28.17367532,133,"CHR-78","CHR-45",TRUE,TRUE
"CHR",183,287,28.82525223,134,"CHR-78","CHR-145",TRUE,TRUE
"CHR",184,185,0.566910162,1,"CHR-74","CHR-6",TRUE,TRUE
"CHR",184,174,2.942554498,4,"CHR-74","CHR-73",TRUE,TRUE
"CHR",184,189,3.510067055,8,"CHR-74","CHR-7",TRUE,TRUE
"CHR",184,188,3.670055587,9,"CHR-74","CHR-148",TRUE,TRUE
"CHR",184,192,4.360833357,12,"CHR-74","CHR-80",TRUE,TRUE
"CHR",184,190,4.644305249,15,"CHR-74","CHR-9",TRUE,TRUE
"CHR",184,194,5.710254056,19,"CHR-74","CHR-11",TRUE,TRUE
"CHR",184,180,5.933724475,22,"CHR-74","CHR-4",TRUE,TRUE
"CHR",184,196,6.281164133,25,"CHR-74","CHR-101",TRUE,TRUE
"CHR",184,183,6.340425465,26,"CHR-74","CHR-78",TRUE,TRUE
"CHR",184,212,6.597963838,27,"CHR-74","CHR-139",TRUE,TRUE
"CHR",184,197,6.638206519,28,"CHR-74","CHR-12",TRUE,TRUE
"CHR",184,213,6.768417081,29,"CHR-74","CHR-19",TRUE,TRUE
"CHR",184,198,7.373241828,32,"CHR-74","CHR-76",TRUE,TRUE
"CHR",184,215,8.185514377,35,"CHR-74","CHR-58",TRUE,TRUE
"CHR",184,204,9.290892858,40,"CHR-74","CHR-16",TRUE,TRUE
"CHR",184,220,9.310637846,41,"CHR-74","CHR-97",TRUE,TRUE
"CHR",184,205,9.556967883,43,"CHR-74","CHR-66",TRUE,TRUE
"CHR",184,222,11.5167408,54,"CHR-74","CHR-52",TRUE,TRUE
"CHR",184,233,12.09954678,56,"CHR-74","CHR-27",TRUE,TRUE
"CHR",184,244,12.77634584,60,"CHR-74","CHR-32",TRUE,TRUE
"CHR",184,227,12.94569582,61,"CHR-74","CHR-95",TRUE,TRUE
"CHR",184,234,13.16811811,62,"CHR-74","CHR-29",TRUE,TRUE
"CHR",184,228,13.7234473,65,"CHR-74","CHR-25",TRUE,TRUE
"CHR",184,250,13.92789691,66,"CHR-74","CHR-102",TRUE,TRUE
"CHR",184,249,14.05566239,67,"CHR-74","CHR-112",TRUE,TRUE
"CHR",184,256,14.26919975,71,"CHR-74","CHR-110",TRUE,TRUE
"CHR",184,252,14.51252609,72,"CHR-74","CHR-149",TRUE,TRUE
"CHR",184,240,15.55435752,80,"CHR-74","CHR-99",TRUE,TRUE
"CHR",184,246,15.71781378,81,"CHR-74","CHR-33",TRUE,TRUE
"CHR",184,238,16.16472314,84,"CHR-74","CHR-109",TRUE,TRUE
"CHR",184,251,16.37962303,85,"CHR-74","CHR-54",TRUE,TRUE
"CHR",184,260,17.54047723,89,"CHR-74","CHR-85",TRUE,TRUE
"CHR",184,277,18.26278611,92,"CHR-74","CHR-39",TRUE,TRUE
"CHR",184,324,19.43540932,96,"CHR-74","CHR-133",TRUE,TRUE
"CHR",184,271,19.76481823,98,"CHR-74","CHR-96",TRUE,TRUE
"CHR",184,270,20.26834346,102,"CHR-74","CHR-37",TRUE,TRUE
"CHR",184,269,21.65584922,108,"CHR-74","CHR-119",TRUE,TRUE
"CHR",184,278,22.10798881,112,"CHR-74","CHR-151",TRUE,TRUE
"CHR",184,284,22.22238264,113,"CHR-74","CHR-43",TRUE,TRUE
"CHR",184,285,22.891481,116,"CHR-74","CHR-77",TRUE,TRUE
"CHR",184,295,24.67464637,120,"CHR-74","CHR-115",TRUE,TRUE
"CHR",184,294,25.12945402,121,"CHR-74","CHR-82",TRUE,TRUE
"CHR",184,303,25.42855193,123,"CHR-74","CHR-93",TRUE,TRUE
"CHR",184,292,25.50292221,124,"CHR-74","CHR-128",TRUE,TRUE
"CHR",184,291,25.64163551,125,"CHR-74","CHR-150",TRUE,TRUE
"CHR",184,300,26.31174488,130,"CHR-74","CHR-86",TRUE,TRUE
"CHR",184,287,27.06444658,133,"CHR-74","CHR-145",TRUE,TRUE
"CHR",184,301,28.53299789,134,"CHR-74","CHR-45",TRUE,TRUE
"CHR",185,184,0.566910162,1,"CHR-6","CHR-74",TRUE,TRUE
"CHR",185,188,3.263513906,5,"CHR-6","CHR-148",TRUE,TRUE
"CHR",185,189,3.351815663,6,"CHR-6","CHR-7",TRUE,TRUE
"CHR",185,174,3.487733105,7,"CHR-6","CHR-73",TRUE,TRUE
"CHR",185,190,4.355316185,11,"CHR-6","CHR-9",TRUE,TRUE
"CHR",185,192,4.422071783,13,"CHR-6","CHR-80",TRUE,TRUE
"CHR",185,194,5.517704929,19,"CHR-6","CHR-11",TRUE,TRUE
"CHR",185,196,6.111056292,21,"CHR-6","CHR-101",TRUE,TRUE
"CHR",185,212,6.189073104,22,"CHR-6","CHR-139",TRUE,TRUE
"CHR",185,180,6.433003403,24,"CHR-6","CHR-4",TRUE,TRUE
"CHR",185,213,6.48255322,27,"CHR-6","CHR-19",TRUE,TRUE
"CHR",185,183,6.616957808,28,"CHR-6","CHR-78",TRUE,TRUE
"CHR",185,197,6.686243038,29,"CHR-6","CHR-12",TRUE,TRUE
"CHR",185,198,7.277725459,32,"CHR-6","CHR-76",TRUE,TRUE
"CHR",185,215,7.82043,33,"CHR-6","CHR-58",TRUE,TRUE
"CHR",185,220,9.050103957,39,"CHR-6","CHR-97",TRUE,TRUE
"CHR",185,204,9.465815319,42,"CHR-6","CHR-16",TRUE,TRUE
"CHR",185,205,9.615158245,43,"CHR-6","CHR-66",TRUE,TRUE
"CHR",185,222,11.24915023,54,"CHR-6","CHR-52",TRUE,TRUE
"CHR",185,233,11.61529363,56,"CHR-6","CHR-27",TRUE,TRUE
"CHR",185,244,12.34434022,59,"CHR-6","CHR-32",TRUE,TRUE
"CHR",185,227,12.40414054,60,"CHR-6","CHR-95",TRUE,TRUE
"CHR",185,234,12.68208206,62,"CHR-6","CHR-29",TRUE,TRUE
"CHR",185,228,13.18436271,65,"CHR-6","CHR-25",TRUE,TRUE
"CHR",185,250,13.52693008,66,"CHR-6","CHR-102",TRUE,TRUE
"CHR",185,249,13.65952644,67,"CHR-6","CHR-112",TRUE,TRUE
"CHR",185,256,13.97171985,71,"CHR-6","CHR-110",TRUE,TRUE
"CHR",185,252,14.15098075,72,"CHR-6","CHR-149",TRUE,TRUE
"CHR",185,240,15.10064052,79,"CHR-6","CHR-99",TRUE,TRUE
"CHR",185,246,15.29964479,82,"CHR-6","CHR-33",TRUE,TRUE
"CHR",185,238,15.69392115,84,"CHR-6","CHR-109",TRUE,TRUE
"CHR",185,251,15.9931977,85,"CHR-6","CHR-54",TRUE,TRUE
"CHR",185,260,17.001134,88,"CHR-6","CHR-85",TRUE,TRUE
"CHR",185,277,17.81694227,92,"CHR-6","CHR-39",TRUE,TRUE
"CHR",185,324,19.01015508,97,"CHR-6","CHR-133",TRUE,TRUE
"CHR",185,271,19.27473412,98,"CHR-6","CHR-96",TRUE,TRUE
"CHR",185,270,19.77959042,101,"CHR-6","CHR-37",TRUE,TRUE
"CHR",185,269,21.17130823,108,"CHR-6","CHR-119",TRUE,TRUE
"CHR",185,278,21.66372377,112,"CHR-6","CHR-151",TRUE,TRUE
"CHR",185,284,21.80674629,113,"CHR-6","CHR-43",TRUE,TRUE
"CHR",185,285,22.46711907,116,"CHR-6","CHR-77",TRUE,TRUE
"CHR",185,295,24.17933489,120,"CHR-6","CHR-115",TRUE,TRUE
"CHR",185,294,24.6284023,121,"CHR-6","CHR-82",TRUE,TRUE
"CHR",185,292,24.9849295,123,"CHR-6","CHR-128",TRUE,TRUE
"CHR",185,303,24.98824572,124,"CHR-6","CHR-93",TRUE,TRUE
"CHR",185,291,25.11259272,125,"CHR-6","CHR-150",TRUE,TRUE
"CHR",185,300,25.84932258,130,"CHR-6","CHR-86",TRUE,TRUE
"CHR",185,287,26.52347164,133,"CHR-6","CHR-145",TRUE,TRUE
"CHR",185,301,28.08003011,134,"CHR-6","CHR-45",TRUE,TRUE
"CHR",188,190,1.468122478,1,"CHR-148","CHR-9",TRUE,TRUE
"CHR",188,189,1.761208273,3,"CHR-148","CHR-7",TRUE,TRUE
"CHR",188,194,2.923397422,6,"CHR-148","CHR-11",TRUE,TRUE
"CHR",188,212,2.929437939,7,"CHR-148","CHR-139",TRUE,TRUE
"CHR",188,185,3.263513906,9,"CHR-148","CHR-6",TRUE,TRUE
"CHR",188,213,3.416815522,11,"CHR-148","CHR-19",TRUE,TRUE
"CHR",188,192,3.544185385,12,"CHR-148","CHR-80",TRUE,TRUE
"CHR",188,196,3.552068783,13,"CHR-148","CHR-101",TRUE,TRUE
"CHR",188,184,3.670055587,14,"CHR-148","CHR-74",TRUE,TRUE
"CHR",188,215,4.570063601,18,"CHR-148","CHR-58",TRUE,TRUE
"CHR",188,198,4.967584349,22,"CHR-148","CHR-76",TRUE,TRUE
"CHR",188,197,5.210545466,23,"CHR-148","CHR-12",TRUE,TRUE
"CHR",188,220,5.997315786,28,"CHR-148","CHR-97",TRUE,TRUE
"CHR",188,174,6.474092626,31,"CHR-148","CHR-73",TRUE,TRUE
"CHR",188,183,6.510952843,33,"CHR-148","CHR-78",TRUE,TRUE
"CHR",188,205,7.923435278,42,"CHR-148","CHR-66",TRUE,TRUE
"CHR",188,180,7.9486736,43,"CHR-148","CHR-4",TRUE,TRUE
"CHR",188,222,8.152147368,45,"CHR-148","CHR-52",TRUE,TRUE
"CHR",188,204,8.444183217,49,"CHR-148","CHR-16",TRUE,TRUE
"CHR",188,233,8.515313388,53,"CHR-148","CHR-27",TRUE,TRUE
"CHR",188,244,9.108009616,54,"CHR-148","CHR-32",TRUE,TRUE
"CHR",188,234,9.585583028,59,"CHR-148","CHR-29",TRUE,TRUE
"CHR",188,227,9.714686708,61,"CHR-148","CHR-95",TRUE,TRUE
"CHR",188,250,10.26536114,64,"CHR-148","CHR-102",TRUE,TRUE
"CHR",188,249,10.39671176,65,"CHR-148","CHR-112",TRUE,TRUE
"CHR",188,228,10.45566616,66,"CHR-148","CHR-25",TRUE,TRUE
"CHR",188,256,10.79754978,71,"CHR-148","CHR-110",TRUE,TRUE
"CHR",188,252,10.89631925,72,"CHR-148","CHR-149",TRUE,TRUE
"CHR",188,240,11.90113039,78,"CHR-148","CHR-99",TRUE,TRUE
"CHR",188,246,12.0481808,80,"CHR-148","CHR-33",TRUE,TRUE
"CHR",188,238,12.53760024,84,"CHR-148","CHR-109",TRUE,TRUE
"CHR",188,251,12.72971287,85,"CHR-148","CHR-54",TRUE,TRUE
"CHR",188,260,14.24554581,90,"CHR-148","CHR-85",TRUE,TRUE
"CHR",188,277,14.60087856,91,"CHR-148","CHR-39",TRUE,TRUE
"CHR",188,324,15.76537217,96,"CHR-148","CHR-133",TRUE,TRUE
"CHR",188,271,16.18106788,98,"CHR-148","CHR-96",TRUE,TRUE
"CHR",188,270,16.68001068,102,"CHR-148","CHR-37",TRUE,TRUE
"CHR",188,269,18.05448395,107,"CHR-148","CHR-119",TRUE,TRUE
"CHR",188,278,18.44421548,110,"CHR-148","CHR-151",TRUE,TRUE
"CHR",188,284,18.55353287,112,"CHR-148","CHR-43",TRUE,TRUE
"CHR",188,285,19.22142747,116,"CHR-148","CHR-77",TRUE,TRUE
"CHR",188,295,21.10205484,120,"CHR-148","CHR-115",TRUE,TRUE
"CHR",188,294,21.57639787,121,"CHR-148","CHR-82",TRUE,TRUE
"CHR",188,303,21.76215859,122,"CHR-148","CHR-93",TRUE,TRUE
"CHR",188,292,22.02573576,124,"CHR-148","CHR-128",TRUE,TRUE
"CHR",188,291,22.23282802,127,"CHR-148","CHR-150",TRUE,TRUE
"CHR",188,300,22.66520267,130,"CHR-148","CHR-86",TRUE,TRUE
"CHR",188,287,23.75238954,133,"CHR-148","CHR-145",TRUE,TRUE
"CHR",188,301,24.87527375,134,"CHR-148","CHR-45",TRUE,TRUE
"CHR",189,190,1.456662655,1,"CHR-7","CHR-9",TRUE,TRUE
"CHR",189,188,1.761208273,3,"CHR-7","CHR-148",TRUE,TRUE
"CHR",189,192,1.789702637,4,"CHR-7","CHR-80",TRUE,TRUE
"CHR",189,194,2.204910379,6,"CHR-7","CHR-11",TRUE,TRUE
"CHR",189,196,2.771801988,9,"CHR-7","CHR-101",TRUE,TRUE
"CHR",189,185,3.351815663,12,"CHR-7","CHR-6",TRUE,TRUE
"CHR",189,213,3.405691708,13,"CHR-7","CHR-19",TRUE,TRUE
"CHR",189,184,3.510067055,14,"CHR-7","CHR-74",TRUE,TRUE
"CHR",189,197,3.67869512,16,"CHR-7","CHR-12",TRUE,TRUE
"CHR",189,212,3.827651883,19,"CHR-7","CHR-139",TRUE,TRUE
"CHR",189,198,3.941768458,20,"CHR-7","CHR-76",TRUE,TRUE
"CHR",189,183,4.749746238,24,"CHR-7","CHR-78",TRUE,TRUE
"CHR",189,215,5.064264415,27,"CHR-7","CHR-58",TRUE,TRUE
"CHR",189,174,5.806701872,30,"CHR-7","CHR-73",TRUE,TRUE
"CHR",189,220,5.858047721,31,"CHR-7","CHR-97",TRUE,TRUE
"CHR",189,180,6.413410243,33,"CHR-7","CHR-4",TRUE,TRUE
"CHR",189,205,6.542728005,36,"CHR-7","CHR-66",TRUE,TRUE
"CHR",189,204,6.82413637,40,"CHR-7","CHR-16",TRUE,TRUE
"CHR",189,222,8.064657837,49,"CHR-7","CHR-52",TRUE,TRUE
"CHR",189,233,9.612483155,58,"CHR-7","CHR-27",TRUE,TRUE
"CHR",189,244,9.884218893,59,"CHR-7","CHR-32",TRUE,TRUE
"CHR",189,234,10.66913165,61,"CHR-7","CHR-29",TRUE,TRUE
"CHR",189,250,10.85314354,63,"CHR-7","CHR-102",TRUE,TRUE
"CHR",189,256,10.85899021,64,"CHR-7","CHR-110",TRUE,TRUE
"CHR",189,249,10.95717904,66,"CHR-7","CHR-112",TRUE,TRUE
"CHR",189,227,11.15994742,68,"CHR-7","CHR-95",TRUE,TRUE
"CHR",189,252,11.27240299,69,"CHR-7","CHR-149",TRUE,TRUE
"CHR",189,228,11.86840889,72,"CHR-7","CHR-25",TRUE,TRUE
"CHR",189,246,12.70896215,77,"CHR-7","CHR-33",TRUE,TRUE
"CHR",189,240,12.75808501,78,"CHR-7","CHR-99",TRUE,TRUE
"CHR",189,251,13.21971858,81,"CHR-7","CHR-54",TRUE,TRUE
"CHR",189,238,13.48391186,84,"CHR-7","CHR-109",TRUE,TRUE
"CHR",189,277,15.38728746,90,"CHR-7","CHR-39",TRUE,TRUE
"CHR",189,260,15.60663433,91,"CHR-7","CHR-85",TRUE,TRUE
"CHR",189,324,16.43448885,95,"CHR-7","CHR-133",TRUE,TRUE
"CHR",189,271,17.20326488,99,"CHR-7","CHR-96",TRUE,TRUE
"CHR",189,270,17.69045774,102,"CHR-7","CHR-37",TRUE,TRUE
"CHR",189,269,19.030792,108,"CHR-7","CHR-119",TRUE,TRUE
"CHR",189,284,19.15943589,109,"CHR-7","CHR-43",TRUE,TRUE
"CHR",189,278,19.19733126,110,"CHR-7","CHR-151",TRUE,TRUE
"CHR",189,285,19.86839311,115,"CHR-7","CHR-77",TRUE,TRUE
"CHR",189,295,22.12357368,119,"CHR-7","CHR-115",TRUE,TRUE
"CHR",189,303,22.4802928,121,"CHR-7","CHR-93",TRUE,TRUE
"CHR",189,294,22.62964754,122,"CHR-7","CHR-82",TRUE,TRUE
"CHR",189,292,23.18191378,125,"CHR-7","CHR-128",TRUE,TRUE
"CHR",189,291,23.46154824,128,"CHR-7","CHR-150",TRUE,TRUE
"CHR",189,300,23.4957238,129,"CHR-7","CHR-86",TRUE,TRUE
"CHR",189,287,25.06044135,133,"CHR-7","CHR-145",TRUE,TRUE
"CHR",189,301,25.64837169,134,"CHR-7","CHR-45",TRUE,TRUE
"CHR",190,189,1.456662655,1,"CHR-9","CHR-7",TRUE,TRUE
"CHR",190,194,1.46210551,2,"CHR-9","CHR-11",TRUE,TRUE
"CHR",190,188,1.468122478,3,"CHR-9","CHR-148",TRUE,TRUE
"CHR",190,196,2.086600489,4,"CHR-9","CHR-101",TRUE,TRUE
"CHR",190,213,2.128093686,5,"CHR-9","CHR-19",TRUE,TRUE
"CHR",190,212,2.384415113,6,"CHR-9","CHR-139",TRUE,TRUE
"CHR",190,192,2.811773814,9,"CHR-9","CHR-80",TRUE,TRUE
"CHR",190,198,3.515277244,16,"CHR-9","CHR-76",TRUE,TRUE
"CHR",190,215,3.642148469,17,"CHR-9","CHR-58",TRUE,TRUE
"CHR",190,197,3.979417477,19,"CHR-9","CHR-12",TRUE,TRUE
"CHR",190,185,4.355316185,20,"CHR-9","CHR-6",TRUE,TRUE
"CHR",190,184,4.644305249,21,"CHR-9","CHR-74",TRUE,TRUE
"CHR",190,220,4.698539543,22,"CHR-9","CHR-97",TRUE,TRUE
"CHR",190,183,5.739248874,31,"CHR-9","CHR-78",TRUE,TRUE
"CHR",190,205,6.547261509,38,"CHR-9","CHR-66",TRUE,TRUE
"CHR",190,222,6.89421084,41,"CHR-9","CHR-52",TRUE,TRUE
"CHR",190,174,7.175701786,43,"CHR-9","CHR-73",TRUE,TRUE
"CHR",190,204,7.241871225,44,"CHR-9","CHR-16",TRUE,TRUE
"CHR",190,180,7.796138153,50,"CHR-9","CHR-4",TRUE,TRUE
"CHR",190,233,8.165346447,51,"CHR-9","CHR-27",TRUE,TRUE
"CHR",190,244,8.436588118,53,"CHR-9","CHR-32",TRUE,TRUE
"CHR",190,234,9.219073642,58,"CHR-9","CHR-29",TRUE,TRUE
"CHR",190,250,9.438090763,60,"CHR-9","CHR-102",TRUE,TRUE
"CHR",190,249,9.548498998,61,"CHR-9","CHR-112",TRUE,TRUE
"CHR",190,256,9.626120996,63,"CHR-9","CHR-110",TRUE,TRUE
"CHR",190,227,9.814894433,66,"CHR-9","CHR-95",TRUE,TRUE
"CHR",190,252,9.915943656,67,"CHR-9","CHR-149",TRUE,TRUE
"CHR",190,228,10.50396753,72,"CHR-9","CHR-25",TRUE,TRUE
"CHR",190,246,11.28226487,77,"CHR-9","CHR-33",TRUE,TRUE
"CHR",190,240,11.305618,78,"CHR-9","CHR-99",TRUE,TRUE
"CHR",190,251,11.83329339,81,"CHR-9","CHR-54",TRUE,TRUE
"CHR",190,238,12.02750366,84,"CHR-9","CHR-109",TRUE,TRUE
"CHR",190,277,13.94342186,90,"CHR-9","CHR-39",TRUE,TRUE
"CHR",190,260,14.21191427,91,"CHR-9","CHR-85",TRUE,TRUE
"CHR",190,324,15.01003296,95,"CHR-9","CHR-133",TRUE,TRUE
"CHR",190,271,15.74693799,99,"CHR-9","CHR-96",TRUE,TRUE
"CHR",190,270,16.2338986,101,"CHR-9","CHR-37",TRUE,TRUE
"CHR",190,269,17.57429308,108,"CHR-9","CHR-119",TRUE,TRUE
"CHR",190,284,17.75028247,109,"CHR-9","CHR-43",TRUE,TRUE
"CHR",190,278,17.76010977,110,"CHR-9","CHR-151",TRUE,TRUE
"CHR",190,285,18.45071003,115,"CHR-9","CHR-77",TRUE,TRUE
"CHR",190,295,20.66699776,119,"CHR-9","CHR-115",TRUE,TRUE
"CHR",190,303,21.05017783,121,"CHR-9","CHR-93",TRUE,TRUE
"CHR",190,294,21.17376188,122,"CHR-9","CHR-82",TRUE,TRUE
"CHR",190,292,21.73367143,125,"CHR-9","CHR-128",TRUE,TRUE
"CHR",190,291,22.02431314,128,"CHR-9","CHR-150",TRUE,TRUE
"CHR",190,300,22.04960148,129,"CHR-9","CHR-86",TRUE,TRUE
"CHR",190,287,23.64100373,133,"CHR-9","CHR-145",TRUE,TRUE
"CHR",190,301,24.21033054,134,"CHR-9","CHR-45",TRUE,TRUE
"CHR",192,189,1.789702637,4,"CHR-80","CHR-7",TRUE,TRUE
"CHR",192,197,2.27738636,6,"CHR-80","CHR-12",TRUE,TRUE
"CHR",192,194,2.551559921,7,"CHR-80","CHR-11",TRUE,TRUE
"CHR",192,196,2.800205834,9,"CHR-80","CHR-101",TRUE,TRUE
"CHR",192,190,2.811773814,10,"CHR-80","CHR-9",TRUE,TRUE
"CHR",192,183,2.981141773,12,"CHR-80","CHR-78",TRUE,TRUE
"CHR",192,198,3.330392431,14,"CHR-80","CHR-76",TRUE,TRUE
"CHR",192,188,3.544185385,15,"CHR-80","CHR-148",TRUE,TRUE
"CHR",192,213,4.050279453,19,"CHR-80","CHR-19",TRUE,TRUE
"CHR",192,184,4.360833357,21,"CHR-80","CHR-74",TRUE,TRUE
"CHR",192,185,4.422071783,22,"CHR-80","CHR-6",TRUE,TRUE
"CHR",192,212,5.086220984,26,"CHR-80","CHR-139",TRUE,TRUE
"CHR",192,204,5.162086535,28,"CHR-80","CHR-16",TRUE,TRUE
"CHR",192,180,5.173148491,29,"CHR-80","CHR-4",TRUE,TRUE
"CHR",192,205,5.199639626,30,"CHR-80","CHR-66",TRUE,TRUE
"CHR",192,174,5.852811652,34,"CHR-80","CHR-73",TRUE,TRUE
"CHR",192,215,5.897584565,35,"CHR-80","CHR-58",TRUE,TRUE
"CHR",192,220,6.034415307,37,"CHR-80","CHR-97",TRUE,TRUE
"CHR",192,222,8.14863654,48,"CHR-80","CHR-52",TRUE,TRUE
"CHR",192,244,10.73150544,58,"CHR-80","CHR-32",TRUE,TRUE
"CHR",192,233,10.75579679,59,"CHR-80","CHR-27",TRUE,TRUE
"CHR",192,256,10.99316016,60,"CHR-80","CHR-110",TRUE,TRUE
"CHR",192,250,11.50131062,63,"CHR-80","CHR-102",TRUE,TRUE
"CHR",192,249,11.57698308,64,"CHR-80","CHR-112",TRUE,TRUE
"CHR",192,252,11.70732032,65,"CHR-80","CHR-149",TRUE,TRUE
"CHR",192,234,11.78128134,66,"CHR-80","CHR-29",TRUE,TRUE
"CHR",192,227,12.59715536,72,"CHR-80","CHR-95",TRUE,TRUE
"CHR",192,228,13.26934274,75,"CHR-80","CHR-25",TRUE,TRUE
"CHR",192,246,13.39088423,77,"CHR-80","CHR-33",TRUE,TRUE
"CHR",192,240,13.62674793,78,"CHR-80","CHR-99",TRUE,TRUE
"CHR",192,251,13.72770574,79,"CHR-80","CHR-54",TRUE,TRUE
"CHR",192,238,14.4280316,82,"CHR-80","CHR-109",TRUE,TRUE
"CHR",192,277,16.1553589,89,"CHR-80","CHR-39",TRUE,TRUE
"CHR",192,260,16.93274613,91,"CHR-80","CHR-85",TRUE,TRUE
"CHR",192,324,17.07674627,93,"CHR-80","CHR-133",TRUE,TRUE
"CHR",192,271,18.18602989,99,"CHR-80","CHR-96",TRUE,TRUE
"CHR",192,270,18.65820611,102,"CHR-80","CHR-37",TRUE,TRUE
"CHR",192,284,19.71509877,108,"CHR-80","CHR-43",TRUE,TRUE
"CHR",192,278,19.89943086,109,"CHR-80","CHR-151",TRUE,TRUE
"CHR",192,269,19.95594998,110,"CHR-80","CHR-119",TRUE,TRUE
"CHR",192,285,20.45986246,111,"CHR-80","CHR-77",TRUE,TRUE
"CHR",192,295,23.07772789,119,"CHR-80","CHR-115",TRUE,TRUE
"CHR",192,303,23.12713998,120,"CHR-80","CHR-93",TRUE,TRUE
"CHR",192,294,23.61369084,123,"CHR-80","CHR-82",TRUE,TRUE
"CHR",192,300,24.25083568,125,"CHR-80","CHR-86",TRUE,TRUE
"CHR",192,292,24.26838259,126,"CHR-80","CHR-128",TRUE,TRUE
"CHR",192,291,24.62128642,129,"CHR-80","CHR-150",TRUE,TRUE
"CHR",192,287,26.29770307,133,"CHR-80","CHR-145",TRUE,TRUE
"CHR",192,301,26.33609713,134,"CHR-80","CHR-45",TRUE,TRUE
"CHR",194,196,0.632683459,1,"CHR-11","CHR-101",TRUE,TRUE
"CHR",194,190,1.46210551,2,"CHR-11","CHR-9",TRUE,TRUE
"CHR",194,213,1.500911563,3,"CHR-11","CHR-19",TRUE,TRUE
"CHR",194,198,2.055003207,6,"CHR-11","CHR-76",TRUE,TRUE
"CHR",194,189,2.204910379,8,"CHR-11","CHR-7",TRUE,TRUE
"CHR",194,192,2.551559921,10,"CHR-11","CHR-80",TRUE,TRUE
"CHR",194,197,2.820183409,11,"CHR-11","CHR-12",TRUE,TRUE
"CHR",194,212,2.834849882,12,"CHR-11","CHR-139",TRUE,TRUE
"CHR",194,188,2.923397422,13,"CHR-11","CHR-148",TRUE,TRUE
"CHR",194,215,3.355260563,15,"CHR-11","CHR-58",TRUE,TRUE
"CHR",194,220,3.690294212,17,"CHR-11","CHR-97",TRUE,TRUE
"CHR",194,183,5.08098656,29,"CHR-11","CHR-78",TRUE,TRUE
"CHR",194,205,5.146332892,30,"CHR-11","CHR-66",TRUE,TRUE
"CHR",194,185,5.517704929,33,"CHR-11","CHR-6",TRUE,TRUE
"CHR",194,184,5.710254056,35,"CHR-11","CHR-74",TRUE,TRUE
"CHR",194,222,5.887045096,36,"CHR-11","CHR-52",TRUE,TRUE
"CHR",194,204,6.026396885,38,"CHR-11","CHR-16",TRUE,TRUE
"CHR",194,180,7.718197398,49,"CHR-11","CHR-4",TRUE,TRUE
"CHR",194,174,7.926572026,51,"CHR-11","CHR-73",TRUE,TRUE
"CHR",194,244,8.180056395,53,"CHR-11","CHR-32",TRUE,TRUE
"CHR",194,233,8.269835775,54,"CHR-11","CHR-27",TRUE,TRUE
"CHR",194,256,8.704376326,55,"CHR-11","CHR-110",TRUE,TRUE
"CHR",194,250,8.971697229,60,"CHR-11","CHR-102",TRUE,TRUE
"CHR",194,249,9.054214797,61,"CHR-11","CHR-112",TRUE,TRUE
"CHR",194,252,9.248555847,62,"CHR-11","CHR-149",TRUE,TRUE
"CHR",194,234,9.277382025,63,"CHR-11","CHR-29",TRUE,TRUE
"CHR",194,227,10.31480885,71,"CHR-11","CHR-95",TRUE,TRUE
"CHR",194,246,10.85717815,76,"CHR-11","CHR-33",TRUE,TRUE
"CHR",194,228,10.94334048,77,"CHR-11","CHR-25",TRUE,TRUE
"CHR",194,240,11.07522903,78,"CHR-11","CHR-99",TRUE,TRUE
"CHR",194,251,11.24422655,79,"CHR-11","CHR-54",TRUE,TRUE
"CHR",194,238,11.88022679,81,"CHR-11","CHR-109",TRUE,TRUE
"CHR",194,277,13.61036262,89,"CHR-11","CHR-39",TRUE,TRUE
"CHR",194,260,14.5242877,92,"CHR-11","CHR-85",TRUE,TRUE
"CHR",194,324,14.55603638,93,"CHR-11","CHR-133",TRUE,TRUE
"CHR",194,271,15.64034838,99,"CHR-11","CHR-96",TRUE,TRUE
"CHR",194,270,16.11066156,102,"CHR-11","CHR-37",TRUE,TRUE
"CHR",194,284,17.22238643,108,"CHR-11","CHR-43",TRUE,TRUE
"CHR",194,278,17.36725555,109,"CHR-11","CHR-151",TRUE,TRUE
"CHR",194,269,17.40510129,110,"CHR-11","CHR-119",TRUE,TRUE
"CHR",194,285,17.95620286,111,"CHR-11","CHR-77",TRUE,TRUE
"CHR",194,295,20.5279647,119,"CHR-11","CHR-115",TRUE,TRUE
"CHR",194,303,20.60946097,120,"CHR-11","CHR-93",TRUE,TRUE
"CHR",194,294,21.06631553,122,"CHR-11","CHR-82",TRUE,TRUE
"CHR",194,300,21.7110138,125,"CHR-11","CHR-86",TRUE,TRUE
"CHR",194,292,21.73798496,126,"CHR-11","CHR-128",TRUE,TRUE
"CHR",194,291,22.11213637,130,"CHR-11","CHR-150",TRUE,TRUE
"CHR",194,301,23.80987697,133,"CHR-11","CHR-45",TRUE,TRUE
"CHR",194,287,23.81924752,134,"CHR-11","CHR-145",TRUE,TRUE
"CHR",196,194,0.632683459,1,"CHR-101","CHR-11",TRUE,TRUE
"CHR",196,198,1.452298793,3,"CHR-101","CHR-76",TRUE,TRUE
"CHR",196,213,1.493579003,4,"CHR-101","CHR-19",TRUE,TRUE
"CHR",196,190,2.086600489,6,"CHR-101","CHR-9",TRUE,TRUE
"CHR",196,197,2.530658038,9,"CHR-101","CHR-12",TRUE,TRUE
"CHR",196,189,2.771801988,10,"CHR-101","CHR-7",TRUE,TRUE
"CHR",196,192,2.800205834,11,"CHR-101","CHR-80",TRUE,TRUE
"CHR",196,212,3.124989672,13,"CHR-101","CHR-139",TRUE,TRUE
"CHR",196,220,3.257219827,15,"CHR-101","CHR-97",TRUE,TRUE
"CHR",196,215,3.301581621,16,"CHR-101","CHR-58",TRUE,TRUE
"CHR",196,188,3.552068783,18,"CHR-101","CHR-148",TRUE,TRUE
"CHR",196,205,4.608439424,23,"CHR-101","CHR-66",TRUE,TRUE
"CHR",196,183,5.025876694,28,"CHR-101","CHR-78",TRUE,TRUE
"CHR",196,222,5.420616721,34,"CHR-101","CHR-52",TRUE,TRUE
"CHR",196,204,5.627100609,35,"CHR-101","CHR-16",TRUE,TRUE
"CHR",196,185,6.111056292,39,"CHR-101","CHR-6",TRUE,TRUE
"CHR",196,184,6.281164133,41,"CHR-101","CHR-74",TRUE,TRUE
"CHR",196,180,7.888844382,50,"CHR-101","CHR-4",TRUE,TRUE
"CHR",196,244,8.027254901,51,"CHR-101","CHR-32",TRUE,TRUE
"CHR",196,256,8.257116403,52,"CHR-101","CHR-110",TRUE,TRUE
"CHR",196,233,8.273421124,53,"CHR-101","CHR-27",TRUE,TRUE
"CHR",196,174,8.397474954,54,"CHR-101","CHR-73",TRUE,TRUE
"CHR",196,250,8.720414678,58,"CHR-101","CHR-102",TRUE,TRUE
"CHR",196,249,8.790176277,60,"CHR-101","CHR-112",TRUE,TRUE
"CHR",196,252,8.907972863,61,"CHR-101","CHR-149",TRUE,TRUE
"CHR",196,234,9.25223807,63,"CHR-101","CHR-29",TRUE,TRUE
"CHR",196,227,10.47337724,72,"CHR-101","CHR-95",TRUE,TRUE
"CHR",196,246,10.61266315,73,"CHR-101","CHR-33",TRUE,TRUE
"CHR",196,240,10.91361437,75,"CHR-101","CHR-99",TRUE,TRUE
"CHR",196,251,10.92764074,77,"CHR-101","CHR-54",TRUE,TRUE
"CHR",196,228,11.0722413,79,"CHR-101","CHR-25",TRUE,TRUE
"CHR",196,238,11.75057945,82,"CHR-101","CHR-109",TRUE,TRUE
"CHR",196,277,13.39427517,89,"CHR-101","CHR-39",TRUE,TRUE
"CHR",196,324,14.28581974,91,"CHR-101","CHR-133",TRUE,TRUE
"CHR",196,260,14.58350997,96,"CHR-101","CHR-85",TRUE,TRUE
"CHR",196,271,15.51513048,99,"CHR-101","CHR-96",TRUE,TRUE
"CHR",196,270,15.97710515,102,"CHR-101","CHR-37",TRUE,TRUE
"CHR",196,284,16.91537459,108,"CHR-101","CHR-43",TRUE,TRUE
"CHR",196,278,17.11645183,109,"CHR-101","CHR-151",TRUE,TRUE
"CHR",196,269,17.24895326,110,"CHR-101","CHR-119",TRUE,TRUE
"CHR",196,285,17.66180877,111,"CHR-101","CHR-77",TRUE,TRUE
"CHR",196,303,20.33348743,119,"CHR-101","CHR-93",TRUE,TRUE
"CHR",196,295,20.37910039,120,"CHR-101","CHR-115",TRUE,TRUE
"CHR",196,294,20.93011046,123,"CHR-101","CHR-82",TRUE,TRUE
"CHR",196,300,21.47623264,125,"CHR-101","CHR-86",TRUE,TRUE
"CHR",196,292,21.6486483,127,"CHR-101","CHR-128",TRUE,TRUE
"CHR",196,291,22.05824628,130,"CHR-101","CHR-150",TRUE,TRUE
"CHR",196,301,23.54694022,133,"CHR-101","CHR-45",TRUE,TRUE
"CHR",196,287,23.80237591,134,"CHR-101","CHR-145",TRUE,TRUE
"CHR",197,198,1.890907151,4,"CHR-12","CHR-76",TRUE,TRUE
"CHR",197,192,2.27738636,8,"CHR-12","CHR-80",TRUE,TRUE
"CHR",197,196,2.530658038,9,"CHR-12","CHR-101",TRUE,TRUE
"CHR",197,183,2.775266287,11,"CHR-12","CHR-78",TRUE,TRUE
"CHR",197,194,2.820183409,12,"CHR-12","CHR-11",TRUE,TRUE
"CHR",197,205,2.929193216,13,"CHR-12","CHR-66",TRUE,TRUE
"CHR",197,204,3.262488488,16,"CHR-12","CHR-16",TRUE,TRUE
"CHR",197,189,3.67869512,19,"CHR-12","CHR-7",TRUE,TRUE
"CHR",197,190,3.979417477,20,"CHR-12","CHR-9",TRUE,TRUE
"CHR",197,213,4.011394472,21,"CHR-12","CHR-19",TRUE,TRUE
"CHR",197,220,5.018406273,25,"CHR-12","CHR-97",TRUE,TRUE
"CHR",197,188,5.210545466,27,"CHR-12","CHR-148",TRUE,TRUE
"CHR",197,212,5.627224008,30,"CHR-12","CHR-139",TRUE,TRUE
"CHR",197,215,5.741362989,32,"CHR-12","CHR-58",TRUE,TRUE
"CHR",197,180,6.12892889,33,"CHR-12","CHR-4",TRUE,TRUE
"CHR",197,184,6.638206519,37,"CHR-12","CHR-74",TRUE,TRUE
"CHR",197,185,6.686243038,39,"CHR-12","CHR-6",TRUE,TRUE
"CHR",197,222,6.841886742,40,"CHR-12","CHR-52",TRUE,TRUE
"CHR",197,174,7.924328091,47,"CHR-12","CHR-73",TRUE,TRUE
"CHR",197,256,9.622369767,54,"CHR-12","CHR-110",TRUE,TRUE
"CHR",197,244,10.24617765,59,"CHR-12","CHR-32",TRUE,TRUE
"CHR",197,252,10.6573195,61,"CHR-12","CHR-149",TRUE,TRUE
"CHR",197,233,10.70336299,62,"CHR-12","CHR-27",TRUE,TRUE
"CHR",197,250,10.72258369,63,"CHR-12","CHR-102",TRUE,TRUE
"CHR",197,249,10.75943229,64,"CHR-12","CHR-112",TRUE,TRUE
"CHR",197,234,11.64576711,67,"CHR-12","CHR-29",TRUE,TRUE
"CHR",197,246,12.60269207,73,"CHR-12","CHR-33",TRUE,TRUE
"CHR",197,251,12.7139795,75,"CHR-12","CHR-54",TRUE,TRUE
"CHR",197,227,12.99679812,77,"CHR-12","CHR-95",TRUE,TRUE
"CHR",197,240,13.08369038,78,"CHR-12","CHR-99",TRUE,TRUE
"CHR",197,228,13.58449279,80,"CHR-12","CHR-25",TRUE,TRUE
"CHR",197,238,13.97404123,82,"CHR-12","CHR-109",TRUE,TRUE
"CHR",197,277,15.42556242,87,"CHR-12","CHR-39",TRUE,TRUE
"CHR",197,324,16.16993359,91,"CHR-12","CHR-133",TRUE,TRUE
"CHR",197,260,17.04613375,97,"CHR-12","CHR-85",TRUE,TRUE
"CHR",197,271,17.72633604,101,"CHR-12","CHR-96",TRUE,TRUE
"CHR",197,270,18.17059452,102,"CHR-12","CHR-37",TRUE,TRUE
"CHR",197,284,18.66987201,105,"CHR-12","CHR-43",TRUE,TRUE
"CHR",197,278,19.03444088,108,"CHR-12","CHR-151",TRUE,TRUE
"CHR",197,269,19.39207493,110,"CHR-12","CHR-119",TRUE,TRUE
"CHR",197,285,19.45072401,111,"CHR-12","CHR-77",TRUE,TRUE
"CHR",197,303,22.16374761,119,"CHR-12","CHR-93",TRUE,TRUE
"CHR",197,295,22.52670163,121,"CHR-12","CHR-115",TRUE,TRUE
"CHR",197,294,23.10204667,123,"CHR-12","CHR-82",TRUE,TRUE
"CHR",197,300,23.41744976,124,"CHR-12","CHR-86",TRUE,TRUE
"CHR",197,292,23.90666996,128,"CHR-12","CHR-128",TRUE,TRUE
"CHR",197,291,24.37368881,130,"CHR-12","CHR-150",TRUE,TRUE
"CHR",197,301,25.40285209,133,"CHR-12","CHR-45",TRUE,TRUE
"CHR",197,287,26.1690448,134,"CHR-12","CHR-145",TRUE,TRUE
"CHR",198,196,1.452298793,2,"CHR-76","CHR-101",TRUE,TRUE
"CHR",198,197,1.890907151,4,"CHR-76","CHR-12",TRUE,TRUE
"CHR",198,194,2.055003207,6,"CHR-76","CHR-11",TRUE,TRUE
"CHR",198,213,2.585590841,7,"CHR-76","CHR-19",TRUE,TRUE
"CHR",198,220,3.127559654,13,"CHR-76","CHR-97",TRUE,TRUE
"CHR",198,205,3.206843743,14,"CHR-76","CHR-66",TRUE,TRUE
"CHR",198,192,3.330392431,15,"CHR-76","CHR-80",TRUE,TRUE
"CHR",198,190,3.515277244,16,"CHR-76","CHR-9",TRUE,TRUE
"CHR",198,189,3.941768458,20,"CHR-76","CHR-7",TRUE,TRUE
"CHR",198,215,4.070114872,22,"CHR-76","CHR-58",TRUE,TRUE
"CHR",198,212,4.381297513,23,"CHR-76","CHR-139",TRUE,TRUE
"CHR",198,204,4.464824086,24,"CHR-76","CHR-16",TRUE,TRUE
"CHR",198,183,4.664866954,25,"CHR-76","CHR-78",TRUE,TRUE
"CHR",198,188,4.967584349,28,"CHR-76","CHR-148",TRUE,TRUE
"CHR",198,222,5.006211179,29,"CHR-76","CHR-52",TRUE,TRUE
"CHR",198,185,7.277725459,43,"CHR-76","CHR-6",TRUE,TRUE
"CHR",198,184,7.373241828,44,"CHR-76","CHR-74",TRUE,TRUE
"CHR",198,256,7.822920552,47,"CHR-76","CHR-110",TRUE,TRUE
"CHR",198,180,7.938632096,48,"CHR-76","CHR-4",TRUE,TRUE
"CHR",198,244,8.387337554,52,"CHR-76","CHR-32",TRUE,TRUE
"CHR",198,252,8.78095396,55,"CHR-76","CHR-149",TRUE,TRUE
"CHR",198,250,8.832289265,56,"CHR-76","CHR-102",TRUE,TRUE
"CHR",198,249,8.868541882,57,"CHR-76","CHR-112",TRUE,TRUE
"CHR",198,233,8.956317485,58,"CHR-76","CHR-27",TRUE,TRUE
"CHR",198,174,9.177226029,60,"CHR-76","CHR-73",TRUE,TRUE
"CHR",198,234,9.863121172,64,"CHR-76","CHR-29",TRUE,TRUE
"CHR",198,246,10.71180324,71,"CHR-76","CHR-33",TRUE,TRUE
"CHR",198,251,10.83617199,72,"CHR-76","CHR-54",TRUE,TRUE
"CHR",198,240,11.20785028,75,"CHR-76","CHR-99",TRUE,TRUE
"CHR",198,227,11.41345979,76,"CHR-76","CHR-95",TRUE,TRUE
"CHR",198,228,11.95569153,81,"CHR-76","CHR-25",TRUE,TRUE
"CHR",198,238,12.10848286,82,"CHR-76","CHR-109",TRUE,TRUE
"CHR",198,277,13.53496115,86,"CHR-76","CHR-39",TRUE,TRUE
"CHR",198,324,14.28455633,91,"CHR-76","CHR-133",TRUE,TRUE
"CHR",198,260,15.31455881,97,"CHR-76","CHR-85",TRUE,TRUE
"CHR",198,271,15.85416469,101,"CHR-76","CHR-96",TRUE,TRUE
"CHR",198,270,16.29459397,102,"CHR-76","CHR-37",TRUE,TRUE
"CHR",198,284,16.80240569,105,"CHR-76","CHR-43",TRUE,TRUE
"CHR",198,278,17.14743323,107,"CHR-76","CHR-151",TRUE,TRUE
"CHR",198,269,17.50790086,110,"CHR-76","CHR-119",TRUE,TRUE
"CHR",198,285,17.57839997,111,"CHR-76","CHR-77",TRUE,TRUE
"CHR",198,303,20.28692618,119,"CHR-76","CHR-93",TRUE,TRUE
"CHR",198,295,20.64211365,121,"CHR-76","CHR-115",TRUE,TRUE
"CHR",198,294,21.22043806,123,"CHR-76","CHR-82",TRUE,TRUE
"CHR",198,300,21.52975368,124,"CHR-76","CHR-86",TRUE,TRUE
"CHR",198,292,22.04238302,128,"CHR-76","CHR-128",TRUE,TRUE
"CHR",198,291,22.52832376,130,"CHR-76","CHR-150",TRUE,TRUE
"CHR",198,301,23.52380221,133,"CHR-76","CHR-45",TRUE,TRUE
"CHR",198,287,24.34694479,134,"CHR-76","CHR-145",TRUE,TRUE
"CHR",204,205,2.006223936,3,"CHR-16","CHR-66",TRUE,TRUE
"CHR",204,197,3.262488488,9,"CHR-16","CHR-12",TRUE,TRUE
"CHR",204,183,3.277297878,10,"CHR-16","CHR-78",TRUE,TRUE
"CHR",204,198,4.464824086,12,"CHR-16","CHR-76",TRUE,TRUE
"CHR",204,192,5.162086535,18,"CHR-16","CHR-80",TRUE,TRUE
"CHR",204,196,5.627100609,19,"CHR-16","CHR-101",TRUE,TRUE
"CHR",204,194,6.026396885,21,"CHR-16","CHR-11",TRUE,TRUE
"CHR",204,180,6.511773364,23,"CHR-16","CHR-4",TRUE,TRUE
"CHR",204,189,6.82413637,25,"CHR-16","CHR-7",TRUE,TRUE
"CHR",204,213,7.008084499,26,"CHR-16","CHR-19",TRUE,TRUE
"CHR",204,220,7.153980936,28,"CHR-16","CHR-97",TRUE,TRUE
"CHR",204,190,7.241871225,29,"CHR-16","CHR-9",TRUE,TRUE
"CHR",204,222,8.341556782,33,"CHR-16","CHR-52",TRUE,TRUE
"CHR",204,188,8.444183217,34,"CHR-16","CHR-148",TRUE,TRUE
"CHR",204,215,8.520089092,36,"CHR-16","CHR-58",TRUE,TRUE
"CHR",204,212,8.746965331,37,"CHR-16","CHR-139",TRUE,TRUE
"CHR",204,184,9.290892858,39,"CHR-16","CHR-74",TRUE,TRUE
"CHR",204,185,9.465815319,41,"CHR-16","CHR-6",TRUE,TRUE
"CHR",204,174,9.796910184,45,"CHR-16","CHR-73",TRUE,TRUE
"CHR",204,256,10.75986489,50,"CHR-16","CHR-110",TRUE,TRUE
"CHR",204,252,12.21910219,59,"CHR-16","CHR-149",TRUE,TRUE
"CHR",204,244,12.48987977,60,"CHR-16","CHR-32",TRUE,TRUE
"CHR",204,249,12.61615031,62,"CHR-16","CHR-112",TRUE,TRUE
"CHR",204,250,12.62737671,63,"CHR-16","CHR-102",TRUE,TRUE
"CHR",204,233,13.31016548,66,"CHR-16","CHR-27",TRUE,TRUE
"CHR",204,234,14.15734521,70,"CHR-16","CHR-29",TRUE,TRUE
"CHR",204,251,14.23078449,71,"CHR-16","CHR-54",TRUE,TRUE
"CHR",204,246,14.41731328,73,"CHR-16","CHR-33",TRUE,TRUE
"CHR",204,240,15.1632651,76,"CHR-16","CHR-99",TRUE,TRUE
"CHR",204,227,15.86744581,79,"CHR-16","CHR-95",TRUE,TRUE
"CHR",204,238,16.12261808,81,"CHR-16","CHR-109",TRUE,TRUE
"CHR",204,228,16.39190542,82,"CHR-16","CHR-25",TRUE,TRUE
"CHR",204,277,17.22533064,84,"CHR-16","CHR-39",TRUE,TRUE
"CHR",204,324,17.72404648,90,"CHR-16","CHR-133",TRUE,TRUE
"CHR",204,260,19.65668087,100,"CHR-16","CHR-85",TRUE,TRUE
"CHR",204,271,19.78845254,101,"CHR-16","CHR-96",TRUE,TRUE
"CHR",204,284,19.97329149,102,"CHR-16","CHR-43",TRUE,TRUE
"CHR",204,270,20.19446316,104,"CHR-16","CHR-37",TRUE,TRUE
"CHR",204,278,20.5833144,106,"CHR-16","CHR-151",TRUE,TRUE
"CHR",204,285,20.79156207,107,"CHR-16","CHR-77",TRUE,TRUE
"CHR",204,269,21.30972896,110,"CHR-16","CHR-119",TRUE,TRUE
"CHR",204,303,23.52595236,118,"CHR-16","CHR-93",TRUE,TRUE
"CHR",204,295,24.41640549,121,"CHR-16","CHR-115",TRUE,TRUE
"CHR",204,300,24.94245486,123,"CHR-16","CHR-86",TRUE,TRUE
"CHR",204,294,25.0308044,124,"CHR-16","CHR-82",TRUE,TRUE
"CHR",204,292,25.99401697,129,"CHR-16","CHR-128",TRUE,TRUE
"CHR",204,291,26.57651967,130,"CHR-16","CHR-150",TRUE,TRUE
"CHR",204,301,26.76710283,131,"CHR-16","CHR-45",TRUE,TRUE
"CHR",204,287,28.47631231,134,"CHR-16","CHR-145",TRUE,TRUE
"CHR",205,204,2.006223936,5,"CHR-66","CHR-16",TRUE,TRUE
"CHR",205,197,2.929193216,8,"CHR-66","CHR-12",TRUE,TRUE
"CHR",205,198,3.206843743,9,"CHR-66","CHR-76",TRUE,TRUE
"CHR",205,183,4.449553837,14,"CHR-66","CHR-78",TRUE,TRUE
"CHR",205,196,4.608439424,15,"CHR-66","CHR-101",TRUE,TRUE
"CHR",205,194,5.146332892,18,"CHR-66","CHR-11",TRUE,TRUE
"CHR",205,192,5.199639626,19,"CHR-66","CHR-80",TRUE,TRUE
"CHR",205,220,5.383295227,20,"CHR-66","CHR-97",TRUE,TRUE
"CHR",205,213,5.767029442,22,"CHR-66","CHR-19",TRUE,TRUE
"CHR",205,222,6.376579625,26,"CHR-66","CHR-52",TRUE,TRUE
"CHR",205,189,6.542728005,28,"CHR-66","CHR-7",TRUE,TRUE
"CHR",205,190,6.547261509,29,"CHR-66","CHR-9",TRUE,TRUE
"CHR",205,215,7.022679488,30,"CHR-66","CHR-58",TRUE,TRUE
"CHR",205,212,7.575630619,33,"CHR-66","CHR-139",TRUE,TRUE
"CHR",205,188,7.923435278,34,"CHR-66","CHR-148",TRUE,TRUE
"CHR",205,180,7.971151755,36,"CHR-66","CHR-4",TRUE,TRUE
"CHR",205,256,8.754085291,42,"CHR-66","CHR-110",TRUE,TRUE
"CHR",205,184,9.556967883,44,"CHR-66","CHR-74",TRUE,TRUE
"CHR",205,185,9.615158245,45,"CHR-66","CHR-6",TRUE,TRUE
"CHR",205,252,10.23532815,53,"CHR-66","CHR-149",TRUE,TRUE
"CHR",205,174,10.62077385,55,"CHR-66","CHR-73",TRUE,TRUE
"CHR",205,244,10.64783291,56,"CHR-66","CHR-32",TRUE,TRUE
"CHR",205,249,10.67389294,57,"CHR-66","CHR-112",TRUE,TRUE
"CHR",205,250,10.69451428,58,"CHR-66","CHR-102",TRUE,TRUE
"CHR",205,233,11.6116461,62,"CHR-66","CHR-27",TRUE,TRUE
"CHR",205,251,12.23725254,68,"CHR-66","CHR-54",TRUE,TRUE
"CHR",205,234,12.40409686,71,"CHR-66","CHR-29",TRUE,TRUE
"CHR",205,246,12.4590414,72,"CHR-66","CHR-33",TRUE,TRUE
"CHR",205,240,13.25550717,76,"CHR-66","CHR-99",TRUE,TRUE
"CHR",205,238,14.22805725,80,"CHR-66","CHR-109",TRUE,TRUE
"CHR",205,227,14.31275552,81,"CHR-66","CHR-95",TRUE,TRUE
"CHR",205,228,14.78665518,82,"CHR-66","CHR-25",TRUE,TRUE
"CHR",205,277,15.25649999,84,"CHR-66","CHR-39",TRUE,TRUE
"CHR",205,324,15.72815413,89,"CHR-66","CHR-133",TRUE,TRUE
"CHR",205,271,17.86065878,100,"CHR-66","CHR-96",TRUE,TRUE
"CHR",205,260,17.91703558,101,"CHR-66","CHR-85",TRUE,TRUE
"CHR",205,284,17.96708073,102,"CHR-66","CHR-43",TRUE,TRUE
"CHR",205,270,18.25762852,103,"CHR-66","CHR-37",TRUE,TRUE
"CHR",205,278,18.58457563,106,"CHR-66","CHR-151",TRUE,TRUE
"CHR",205,285,18.78551316,107,"CHR-66","CHR-77",TRUE,TRUE
"CHR",205,269,19.35117991,110,"CHR-66","CHR-119",TRUE,TRUE
"CHR",205,303,21.5198601,118,"CHR-66","CHR-93",TRUE,TRUE
"CHR",205,295,22.44931735,122,"CHR-66","CHR-115",TRUE,TRUE
"CHR",205,300,22.94034015,123,"CHR-66","CHR-86",TRUE,TRUE
"CHR",205,294,23.06906568,124,"CHR-66","CHR-82",TRUE,TRUE
"CHR",205,292,24.06060461,129,"CHR-66","CHR-128",TRUE,TRUE
"CHR",205,291,24.6694331,130,"CHR-66","CHR-150",TRUE,TRUE
"CHR",205,301,24.76089432,131,"CHR-66","CHR-45",TRUE,TRUE
"CHR",205,287,26.59562009,134,"CHR-66","CHR-145",TRUE,TRUE
"CHR",212,215,1.779211478,3,"CHR-139","CHR-58",TRUE,TRUE
"CHR",212,213,1.812072325,4,"CHR-139","CHR-19",TRUE,TRUE
"CHR",212,190,2.384415113,5,"CHR-139","CHR-9",TRUE,TRUE
"CHR",212,194,2.834849882,7,"CHR-139","CHR-11",TRUE,TRUE
"CHR",212,188,2.929437939,8,"CHR-139","CHR-148",TRUE,TRUE
"CHR",212,196,3.124989672,10,"CHR-139","CHR-101",TRUE,TRUE
"CHR",212,220,3.746003024,13,"CHR-139","CHR-97",TRUE,TRUE
"CHR",212,189,3.827651883,14,"CHR-139","CHR-7",TRUE,TRUE
"CHR",212,198,4.381297513,19,"CHR-139","CHR-76",TRUE,TRUE
"CHR",212,192,5.086220984,24,"CHR-139","CHR-80",TRUE,TRUE
"CHR",212,197,5.627224008,28,"CHR-139","CHR-12",TRUE,TRUE
"CHR",212,222,5.659255577,29,"CHR-139","CHR-52",TRUE,TRUE
"CHR",212,233,5.784839798,31,"CHR-139","CHR-27",TRUE,TRUE
"CHR",212,185,6.189073104,33,"CHR-139","CHR-6",TRUE,TRUE
"CHR",212,244,6.192228038,34,"CHR-139","CHR-32",TRUE,TRUE
"CHR",212,184,6.597963838,38,"CHR-139","CHR-74",TRUE,TRUE
"CHR",212,234,6.842504142,39,"CHR-139","CHR-29",TRUE,TRUE
"CHR",212,250,7.337925181,48,"CHR-139","CHR-102",TRUE,TRUE
"CHR",212,249,7.47180793,49,"CHR-139","CHR-112",TRUE,TRUE
"CHR",212,227,7.527135405,50,"CHR-139","CHR-95",TRUE,TRUE
"CHR",212,205,7.575630619,51,"CHR-139","CHR-66",TRUE,TRUE
"CHR",212,183,7.867748436,57,"CHR-139","CHR-78",TRUE,TRUE
"CHR",212,252,8.014688842,58,"CHR-139","CHR-149",TRUE,TRUE
"CHR",212,256,8.092748383,59,"CHR-139","CHR-110",TRUE,TRUE
"CHR",212,228,8.1863367,60,"CHR-139","CHR-25",TRUE,TRUE
"CHR",212,204,8.746965331,64,"CHR-139","CHR-16",TRUE,TRUE
"CHR",212,240,9.016913962,67,"CHR-139","CHR-99",TRUE,TRUE
"CHR",212,246,9.120051197,68,"CHR-139","CHR-33",TRUE,TRUE
"CHR",212,174,9.351817437,72,"CHR-139","CHR-73",TRUE,TRUE
"CHR",212,238,9.697682883,76,"CHR-139","CHR-109",TRUE,TRUE
"CHR",212,251,9.81114411,77,"CHR-139","CHR-54",TRUE,TRUE
"CHR",212,180,10.1681123,79,"CHR-139","CHR-4",TRUE,TRUE
"CHR",212,277,11.69684807,87,"CHR-139","CHR-39",TRUE,TRUE
"CHR",212,260,11.85343417,89,"CHR-139","CHR-85",TRUE,TRUE
"CHR",212,324,12.83988247,96,"CHR-139","CHR-133",TRUE,TRUE
"CHR",212,271,13.39401385,98,"CHR-139","CHR-96",TRUE,TRUE
"CHR",212,270,13.88510995,102,"CHR-139","CHR-37",TRUE,TRUE
"CHR",212,269,15.23840261,107,"CHR-139","CHR-119",TRUE,TRUE
"CHR",212,278,15.53483464,109,"CHR-139","CHR-151",TRUE,TRUE
"CHR",212,284,15.62450105,111,"CHR-139","CHR-43",TRUE,TRUE
"CHR",212,285,16.29506323,116,"CHR-139","CHR-77",TRUE,TRUE
"CHR",212,295,18.31744832,119,"CHR-139","CHR-115",TRUE,TRUE
"CHR",212,294,18.81510283,121,"CHR-139","CHR-82",TRUE,TRUE
"CHR",212,303,18.84691719,122,"CHR-139","CHR-93",TRUE,TRUE
"CHR",212,292,19.35428136,125,"CHR-139","CHR-128",TRUE,TRUE
"CHR",212,291,19.6399152,128,"CHR-139","CHR-150",TRUE,TRUE
"CHR",212,300,19.78162675,129,"CHR-139","CHR-86",TRUE,TRUE
"CHR",212,287,21.2615193,133,"CHR-139","CHR-145",TRUE,TRUE
"CHR",212,301,21.97434176,134,"CHR-139","CHR-45",TRUE,TRUE
"CHR",213,196,1.493579003,2,"CHR-19","CHR-101",TRUE,TRUE
"CHR",213,194,1.500911563,3,"CHR-19","CHR-11",TRUE,TRUE
"CHR",213,212,1.812072325,4,"CHR-19","CHR-139",TRUE,TRUE
"CHR",213,215,1.857071063,5,"CHR-19","CHR-58",TRUE,TRUE
"CHR",213,190,2.128093686,6,"CHR-19","CHR-9",TRUE,TRUE
"CHR",213,198,2.585590841,8,"CHR-19","CHR-76",TRUE,TRUE
"CHR",213,220,2.586929427,9,"CHR-19","CHR-97",TRUE,TRUE
"CHR",213,189,3.405691708,12,"CHR-19","CHR-7",TRUE,TRUE
"CHR",213,188,3.416815522,13,"CHR-19","CHR-148",TRUE,TRUE
"CHR",213,197,4.011394472,17,"CHR-19","CHR-12",TRUE,TRUE
"CHR",213,192,4.050279453,18,"CHR-19","CHR-80",TRUE,TRUE
"CHR",213,222,4.770184441,25,"CHR-19","CHR-52",TRUE,TRUE
"CHR",213,205,5.767029442,33,"CHR-19","CHR-66",TRUE,TRUE
"CHR",213,185,6.48255322,42,"CHR-19","CHR-6",TRUE,TRUE
"CHR",213,183,6.501461487,43,"CHR-19","CHR-78",TRUE,TRUE
"CHR",213,244,6.682175434,44,"CHR-19","CHR-32",TRUE,TRUE
"CHR",213,184,6.768417081,45,"CHR-19","CHR-74",TRUE,TRUE
"CHR",213,233,6.802400876,46,"CHR-19","CHR-27",TRUE,TRUE
"CHR",213,204,7.008084499,47,"CHR-19","CHR-16",TRUE,TRUE
"CHR",213,256,7.500903546,50,"CHR-19","CHR-110",TRUE,TRUE
"CHR",213,250,7.512870616,51,"CHR-19","CHR-102",TRUE,TRUE
"CHR",213,249,7.603974661,53,"CHR-19","CHR-112",TRUE,TRUE
"CHR",213,234,7.796644028,55,"CHR-19","CHR-29",TRUE,TRUE
"CHR",213,252,7.870094243,56,"CHR-19","CHR-149",TRUE,TRUE
"CHR",213,227,8.985527746,64,"CHR-19","CHR-95",TRUE,TRUE
"CHR",213,174,9.212382003,67,"CHR-19","CHR-73",TRUE,TRUE
"CHR",213,180,9.219050593,68,"CHR-19","CHR-4",TRUE,TRUE
"CHR",213,246,9.390793408,71,"CHR-19","CHR-33",TRUE,TRUE
"CHR",213,240,9.577634021,72,"CHR-19","CHR-99",TRUE,TRUE
"CHR",213,228,9.579528842,73,"CHR-19","CHR-25",TRUE,TRUE
"CHR",213,251,9.833231408,74,"CHR-19","CHR-54",TRUE,TRUE
"CHR",213,238,10.3793746,78,"CHR-19","CHR-109",TRUE,TRUE
"CHR",213,277,12.12745622,89,"CHR-19","CHR-39",TRUE,TRUE
"CHR",213,260,13.09610529,93,"CHR-19","CHR-85",TRUE,TRUE
"CHR",213,324,13.10175043,94,"CHR-19","CHR-133",TRUE,TRUE
"CHR",213,271,14.13945843,99,"CHR-19","CHR-96",TRUE,TRUE
"CHR",213,270,14.60979942,102,"CHR-19","CHR-37",TRUE,TRUE
"CHR",213,284,15.79405727,108,"CHR-19","CHR-43",TRUE,TRUE
"CHR",213,278,15.8991203,109,"CHR-19","CHR-151",TRUE,TRUE
"CHR",213,269,15.90569611,110,"CHR-19","CHR-119",TRUE,TRUE
"CHR",213,285,16.5169135,112,"CHR-19","CHR-77",TRUE,TRUE
"CHR",213,295,19.02770251,119,"CHR-19","CHR-115",TRUE,TRUE
"CHR",213,303,19.15528529,120,"CHR-19","CHR-93",TRUE,TRUE
"CHR",213,294,19.56544902,122,"CHR-19","CHR-82",TRUE,TRUE
"CHR",213,300,20.23320824,125,"CHR-19","CHR-86",TRUE,TRUE
"CHR",213,292,20.24081039,126,"CHR-19","CHR-128",TRUE,TRUE
"CHR",213,291,20.62371574,129,"CHR-19","CHR-150",TRUE,TRUE
"CHR",213,287,22.34543321,133,"CHR-19","CHR-145",TRUE,TRUE
"CHR",213,301,22.34633259,134,"CHR-19","CHR-45",TRUE,TRUE
"CHR",215,212,1.779211478,3,"CHR-58","CHR-139",TRUE,TRUE
"CHR",215,213,1.857071063,4,"CHR-58","CHR-19",TRUE,TRUE
"CHR",215,220,2.235708931,6,"CHR-58","CHR-97",TRUE,TRUE
"CHR",215,196,3.301581621,9,"CHR-58","CHR-101",TRUE,TRUE
"CHR",215,194,3.355260563,11,"CHR-58","CHR-11",TRUE,TRUE
"CHR",215,190,3.642148469,13,"CHR-58","CHR-9",TRUE,TRUE
"CHR",215,222,3.919403814,15,"CHR-58","CHR-52",TRUE,TRUE
"CHR",215,198,4.070114872,17,"CHR-58","CHR-76",TRUE,TRUE
"CHR",215,188,4.570063601,21,"CHR-58","CHR-148",TRUE,TRUE
"CHR",215,244,4.854405069,23,"CHR-58","CHR-32",TRUE,TRUE
"CHR",215,233,4.974945652,24,"CHR-58","CHR-27",TRUE,TRUE
"CHR",215,189,5.064264415,26,"CHR-58","CHR-7",TRUE,TRUE
"CHR",215,197,5.741362989,33,"CHR-58","CHR-12",TRUE,TRUE
"CHR",215,250,5.795943745,34,"CHR-58","CHR-102",TRUE,TRUE
"CHR",215,192,5.897584565,36,"CHR-58","CHR-80",TRUE,TRUE
"CHR",215,249,5.907321837,37,"CHR-58","CHR-112",TRUE,TRUE
"CHR",215,234,5.951304253,39,"CHR-58","CHR-29",TRUE,TRUE
"CHR",215,256,6.315668815,42,"CHR-58","CHR-110",TRUE,TRUE
"CHR",215,252,6.330687262,43,"CHR-58","CHR-149",TRUE,TRUE
"CHR",215,205,7.022679488,51,"CHR-58","CHR-66",TRUE,TRUE
"CHR",215,227,7.347426887,54,"CHR-58","CHR-95",TRUE,TRUE
"CHR",215,246,7.644889909,57,"CHR-58","CHR-33",TRUE,TRUE
"CHR",215,240,7.747253326,58,"CHR-58","CHR-99",TRUE,TRUE
"CHR",215,185,7.82043,59,"CHR-58","CHR-6",TRUE,TRUE
"CHR",215,228,7.88623328,60,"CHR-58","CHR-25",TRUE,TRUE
"CHR",215,184,8.185514377,63,"CHR-58","CHR-74",TRUE,TRUE
"CHR",215,251,8.204840426,65,"CHR-58","CHR-54",TRUE,TRUE
"CHR",215,183,8.327252868,67,"CHR-58","CHR-78",TRUE,TRUE
"CHR",215,204,8.520089092,68,"CHR-58","CHR-16",TRUE,TRUE
"CHR",215,238,8.531556041,69,"CHR-58","CHR-109",TRUE,TRUE
"CHR",215,277,10.33583306,80,"CHR-58","CHR-39",TRUE,TRUE
"CHR",215,174,10.8143011,83,"CHR-58","CHR-73",TRUE,TRUE
"CHR",215,180,11.06999379,85,"CHR-58","CHR-4",TRUE,TRUE
"CHR",215,260,11.30544406,88,"CHR-58","CHR-85",TRUE,TRUE
"CHR",215,324,11.37124227,89,"CHR-58","CHR-133",TRUE,TRUE
"CHR",215,271,12.2884515,96,"CHR-58","CHR-96",TRUE,TRUE
"CHR",215,270,12.76124342,99,"CHR-58","CHR-37",TRUE,TRUE
"CHR",215,269,14.06577884,108,"CHR-58","CHR-119",TRUE,TRUE
"CHR",215,284,14.10829303,109,"CHR-58","CHR-43",TRUE,TRUE
"CHR",215,278,14.1356217,110,"CHR-58","CHR-151",TRUE,TRUE
"CHR",215,285,14.80923295,112,"CHR-58","CHR-77",TRUE,TRUE
"CHR",215,295,17.18341653,119,"CHR-58","CHR-115",TRUE,TRUE
"CHR",215,303,17.416029,120,"CHR-58","CHR-93",TRUE,TRUE
"CHR",215,294,17.71650288,121,"CHR-58","CHR-82",TRUE,TRUE
"CHR",215,292,18.38380221,125,"CHR-58","CHR-128",TRUE,TRUE
"CHR",215,300,18.44634242,127,"CHR-58","CHR-86",TRUE,TRUE
"CHR",215,291,18.76947933,128,"CHR-58","CHR-150",TRUE,TRUE
"CHR",215,287,20.50186793,133,"CHR-58","CHR-145",TRUE,TRUE
"CHR",215,301,20.58676816,134,"CHR-58","CHR-45",TRUE,TRUE
"CHR",220,222,2.207924918,2,"CHR-97","CHR-52",TRUE,TRUE
"CHR",220,215,2.235708931,3,"CHR-97","CHR-58",TRUE,TRUE
"CHR",220,213,2.586929427,6,"CHR-97","CHR-19",TRUE,TRUE
"CHR",220,198,3.127559654,11,"CHR-97","CHR-76",TRUE,TRUE
"CHR",220,196,3.257219827,12,"CHR-97","CHR-101",TRUE,TRUE
"CHR",220,194,3.690294212,15,"CHR-97","CHR-11",TRUE,TRUE
"CHR",220,212,3.746003024,16,"CHR-97","CHR-139",TRUE,TRUE
"CHR",220,190,4.698539543,22,"CHR-97","CHR-9",TRUE,TRUE
"CHR",220,256,5.014249266,25,"CHR-97","CHR-110",TRUE,TRUE
"CHR",220,197,5.018406273,26,"CHR-97","CHR-12",TRUE,TRUE
"CHR",220,244,5.352451183,28,"CHR-97","CHR-32",TRUE,TRUE
"CHR",220,205,5.383295227,29,"CHR-97","CHR-66",TRUE,TRUE
"CHR",220,252,5.705486633,34,"CHR-97","CHR-149",TRUE,TRUE
"CHR",220,250,5.705506599,35,"CHR-97","CHR-102",TRUE,TRUE
"CHR",220,249,5.741055304,36,"CHR-97","CHR-112",TRUE,TRUE
"CHR",220,189,5.858047721,37,"CHR-97","CHR-7",TRUE,TRUE
"CHR",220,188,5.997315786,39,"CHR-97","CHR-148",TRUE,TRUE
"CHR",220,192,6.034415307,40,"CHR-97","CHR-80",TRUE,TRUE
"CHR",220,233,6.234389011,41,"CHR-97","CHR-27",TRUE,TRUE
"CHR",220,234,7.023837135,49,"CHR-97","CHR-29",TRUE,TRUE
"CHR",220,204,7.153980936,51,"CHR-97","CHR-16",TRUE,TRUE
"CHR",220,246,7.584307072,56,"CHR-97","CHR-33",TRUE,TRUE
"CHR",220,251,7.750149821,57,"CHR-97","CHR-54",TRUE,TRUE
"CHR",220,183,7.791016926,58,"CHR-97","CHR-78",TRUE,TRUE
"CHR",220,240,8.114828014,61,"CHR-97","CHR-99",TRUE,TRUE
"CHR",220,227,9.034227592,67,"CHR-97","CHR-95",TRUE,TRUE
"CHR",220,238,9.038754164,68,"CHR-97","CHR-109",TRUE,TRUE
"CHR",220,185,9.050103957,69,"CHR-97","CHR-6",TRUE,TRUE
"CHR",220,184,9.310637846,70,"CHR-97","CHR-74",TRUE,TRUE
"CHR",220,228,9.456269646,71,"CHR-97","CHR-25",TRUE,TRUE
"CHR",220,277,10.40756867,77,"CHR-97","CHR-39",TRUE,TRUE
"CHR",220,180,10.9861078,82,"CHR-97","CHR-4",TRUE,TRUE
"CHR",220,324,11.17374737,85,"CHR-97","CHR-133",TRUE,TRUE
"CHR",220,174,11.61683212,88,"CHR-97","CHR-73",TRUE,TRUE
"CHR",220,260,12.53564779,95,"CHR-97","CHR-85",TRUE,TRUE
"CHR",220,271,12.76407049,97,"CHR-97","CHR-96",TRUE,TRUE
"CHR",220,270,13.19604684,100,"CHR-97","CHR-37",TRUE,TRUE
"CHR",220,284,13.7343222,103,"CHR-97","CHR-43",TRUE,TRUE
"CHR",220,278,14.03144448,105,"CHR-97","CHR-151",TRUE,TRUE
"CHR",220,269,14.39212692,110,"CHR-97","CHR-119",TRUE,TRUE
"CHR",220,285,14.49801994,111,"CHR-97","CHR-77",TRUE,TRUE
"CHR",220,303,17.19439348,119,"CHR-97","CHR-93",TRUE,TRUE
"CHR",220,295,17.52499628,121,"CHR-97","CHR-115",TRUE,TRUE
"CHR",220,294,18.10885817,123,"CHR-97","CHR-82",TRUE,TRUE
"CHR",220,300,18.41139156,124,"CHR-97","CHR-86",TRUE,TRUE
"CHR",220,292,18.96419155,128,"CHR-97","CHR-128",TRUE,TRUE
"CHR",220,291,19.48712461,130,"CHR-97","CHR-150",TRUE,TRUE
"CHR",220,301,20.42508594,133,"CHR-97","CHR-45",TRUE,TRUE
"CHR",220,287,21.34962162,134,"CHR-97","CHR-145",TRUE,TRUE
"CHR",222,220,2.207924918,3,"CHR-52","CHR-97",TRUE,TRUE
"CHR",222,256,2.844529177,6,"CHR-52","CHR-110",TRUE,TRUE
"CHR",222,252,3.898815732,11,"CHR-52","CHR-149",TRUE,TRUE
"CHR",222,215,3.919403814,13,"CHR-52","CHR-58",TRUE,TRUE
"CHR",222,249,4.311943687,15,"CHR-52","CHR-112",TRUE,TRUE
"CHR",222,250,4.348776993,17,"CHR-52","CHR-102",TRUE,TRUE
"CHR",222,244,4.608725363,19,"CHR-52","CHR-32",TRUE,TRUE
"CHR",222,213,4.770184441,20,"CHR-52","CHR-19",TRUE,TRUE
"CHR",222,198,5.006211179,23,"CHR-52","CHR-76",TRUE,TRUE
"CHR",222,196,5.420616721,26,"CHR-52","CHR-101",TRUE,TRUE
"CHR",222,212,5.659255577,29,"CHR-52","CHR-139",TRUE,TRUE
"CHR",222,194,5.887045096,32,"CHR-52","CHR-11",TRUE,TRUE
"CHR",222,251,5.942536652,33,"CHR-52","CHR-54",TRUE,TRUE
"CHR",222,246,6.082528644,36,"CHR-52","CHR-33",TRUE,TRUE
"CHR",222,233,6.130364882,37,"CHR-52","CHR-27",TRUE,TRUE
"CHR",222,205,6.376579625,39,"CHR-52","CHR-66",TRUE,TRUE
"CHR",222,234,6.634155564,42,"CHR-52","CHR-29",TRUE,TRUE
"CHR",222,197,6.841886742,44,"CHR-52","CHR-12",TRUE,TRUE
"CHR",222,190,6.89421084,45,"CHR-52","CHR-9",TRUE,TRUE
"CHR",222,240,6.945628703,46,"CHR-52","CHR-99",TRUE,TRUE
"CHR",222,238,7.941040523,52,"CHR-52","CHR-109",TRUE,TRUE
"CHR",222,189,8.064657837,54,"CHR-52","CHR-7",TRUE,TRUE
"CHR",222,192,8.14863654,55,"CHR-52","CHR-80",TRUE,TRUE
"CHR",222,188,8.152147368,56,"CHR-52","CHR-148",TRUE,TRUE
"CHR",222,204,8.341556782,58,"CHR-52","CHR-16",TRUE,TRUE
"CHR",222,277,8.883945424,63,"CHR-52","CHR-39",TRUE,TRUE
"CHR",222,227,9.211911346,65,"CHR-52","CHR-95",TRUE,TRUE
"CHR",222,324,9.434795747,68,"CHR-52","CHR-133",TRUE,TRUE
"CHR",222,228,9.461416016,69,"CHR-52","CHR-25",TRUE,TRUE
"CHR",222,183,9.59242211,71,"CHR-52","CHR-78",TRUE,TRUE
"CHR",222,185,11.24915023,87,"CHR-52","CHR-6",TRUE,TRUE
"CHR",222,271,11.50370703,89,"CHR-52","CHR-96",TRUE,TRUE
"CHR",222,184,11.5167408,90,"CHR-52","CHR-74",TRUE,TRUE
"CHR",222,284,11.84556078,91,"CHR-52","CHR-43",TRUE,TRUE
"CHR",222,270,11.89096452,92,"CHR-52","CHR-37",TRUE,TRUE
"CHR",222,260,12.02036233,94,"CHR-52","CHR-85",TRUE,TRUE
"CHR",222,278,12.30502494,97,"CHR-52","CHR-151",TRUE,TRUE
"CHR",222,285,12.63707064,100,"CHR-52","CHR-77",TRUE,TRUE
"CHR",222,180,12.94374732,101,"CHR-52","CHR-4",TRUE,TRUE
"CHR",222,269,12.97465314,102,"CHR-52","CHR-119",TRUE,TRUE
"CHR",222,174,13.80890721,109,"CHR-52","CHR-73",TRUE,TRUE
"CHR",222,303,15.36161737,117,"CHR-52","CHR-93",TRUE,TRUE
"CHR",222,295,16.07581658,119,"CHR-52","CHR-115",TRUE,TRUE
"CHR",222,300,16.6846958,123,"CHR-52","CHR-86",TRUE,TRUE
"CHR",222,294,16.69321229,124,"CHR-52","CHR-82",TRUE,TRUE
"CHR",222,292,17.69418877,128,"CHR-52","CHR-128",TRUE,TRUE
"CHR",222,291,18.33185936,130,"CHR-52","CHR-150",TRUE,TRUE
"CHR",222,301,18.60651776,131,"CHR-52","CHR-45",TRUE,TRUE
"CHR",222,287,20.29611092,134,"CHR-52","CHR-145",TRUE,TRUE
"CHR",227,228,0.801377599,2,"CHR-95","CHR-25",TRUE,TRUE
"CHR",227,234,3.080457994,7,"CHR-95","CHR-29",TRUE,TRUE
"CHR",227,233,3.123526535,8,"CHR-95","CHR-27",TRUE,TRUE
"CHR",227,260,4.599939818,14,"CHR-95","CHR-85",TRUE,TRUE
"CHR",227,244,5.064903298,21,"CHR-95","CHR-32",TRUE,TRUE
"CHR",227,238,5.246091718,24,"CHR-95","CHR-109",TRUE,TRUE
"CHR",227,240,5.443176722,25,"CHR-95","CHR-99",TRUE,TRUE
"CHR",227,250,6.419982592,30,"CHR-95","CHR-102",TRUE,TRUE
"CHR",227,249,6.62356231,33,"CHR-95","CHR-112",TRUE,TRUE
"CHR",227,246,6.755732203,36,"CHR-95","CHR-33",TRUE,TRUE
"CHR",227,215,7.347426887,43,"CHR-95","CHR-58",TRUE,TRUE
"CHR",227,212,7.527135405,44,"CHR-95","CHR-139",TRUE,TRUE
"CHR",227,277,7.680677819,45,"CHR-95","CHR-39",TRUE,TRUE
"CHR",227,271,7.712718462,46,"CHR-95","CHR-96",TRUE,TRUE
"CHR",227,252,7.870614743,47,"CHR-95","CHR-149",TRUE,TRUE
"CHR",227,251,8.165455516,50,"CHR-95","CHR-54",TRUE,TRUE
"CHR",227,270,8.21611865,51,"CHR-95","CHR-37",TRUE,TRUE
"CHR",227,213,8.985527746,55,"CHR-95","CHR-19",TRUE,TRUE
"CHR",227,220,9.034227592,56,"CHR-95","CHR-97",TRUE,TRUE
"CHR",227,222,9.211911346,57,"CHR-95","CHR-52",TRUE,TRUE
"CHR",227,324,9.256524538,58,"CHR-95","CHR-133",TRUE,TRUE
"CHR",227,256,9.511969766,61,"CHR-95","CHR-110",TRUE,TRUE
"CHR",227,269,9.625696497,62,"CHR-95","CHR-119",TRUE,TRUE
"CHR",227,188,9.714686708,64,"CHR-95","CHR-148",TRUE,TRUE
"CHR",227,190,9.814894433,66,"CHR-95","CHR-9",TRUE,TRUE
"CHR",227,194,10.31480885,72,"CHR-95","CHR-11",TRUE,TRUE
"CHR",227,196,10.47337724,75,"CHR-95","CHR-101",TRUE,TRUE
"CHR",227,278,11.06313433,78,"CHR-95","CHR-151",TRUE,TRUE
"CHR",227,189,11.15994742,79,"CHR-95","CHR-7",TRUE,TRUE
"CHR",227,198,11.41345979,83,"CHR-95","CHR-76",TRUE,TRUE
"CHR",227,284,11.92499837,87,"CHR-95","CHR-43",TRUE,TRUE
"CHR",227,285,12.29469973,89,"CHR-95","CHR-77",TRUE,TRUE
"CHR",227,295,12.30600658,90,"CHR-95","CHR-115",TRUE,TRUE
"CHR",227,185,12.40414054,92,"CHR-95","CHR-6",TRUE,TRUE
"CHR",227,192,12.59715536,95,"CHR-95","CHR-80",TRUE,TRUE
"CHR",227,294,12.64473553,96,"CHR-95","CHR-82",TRUE,TRUE
"CHR",227,292,12.74572561,97,"CHR-95","CHR-128",TRUE,TRUE
"CHR",227,291,12.75965136,99,"CHR-95","CHR-150",TRUE,TRUE
"CHR",227,184,12.94569582,101,"CHR-95","CHR-74",TRUE,TRUE
"CHR",227,197,12.99679812,102,"CHR-95","CHR-12",TRUE,TRUE
"CHR",227,287,14.11933115,110,"CHR-95","CHR-145",TRUE,TRUE
"CHR",227,303,14.24642123,112,"CHR-95","CHR-93",TRUE,TRUE
"CHR",227,205,14.31275552,113,"CHR-95","CHR-66",TRUE,TRUE
"CHR",227,300,14.58029308,117,"CHR-95","CHR-86",TRUE,TRUE
"CHR",227,183,15.38640057,121,"CHR-95","CHR-78",TRUE,TRUE
"CHR",227,204,15.86744581,122,"CHR-95","CHR-16",TRUE,TRUE
"CHR",227,174,15.88814409,124,"CHR-95","CHR-73",TRUE,TRUE
"CHR",227,301,16.92975518,127,"CHR-95","CHR-45",TRUE,TRUE
"CHR",227,180,17.57294798,128,"CHR-95","CHR-4",TRUE,TRUE
"CHR",228,227,0.801377599,1,"CHR-25","CHR-95",TRUE,TRUE
"CHR",228,234,3.021301671,7,"CHR-25","CHR-29",TRUE,TRUE
"CHR",228,233,3.332676517,9,"CHR-25","CHR-27",TRUE,TRUE
"CHR",228,260,3.817029979,10,"CHR-25","CHR-85",TRUE,TRUE
"CHR",228,238,4.72997543,19,"CHR-25","CHR-109",TRUE,TRUE
"CHR",228,240,5.053284364,21,"CHR-25","CHR-99",TRUE,TRUE
"CHR",228,244,5.112140496,23,"CHR-25","CHR-32",TRUE,TRUE
"CHR",228,250,6.340652122,33,"CHR-25","CHR-102",TRUE,TRUE
"CHR",228,246,6.451189402,36,"CHR-25","CHR-33",TRUE,TRUE
"CHR",228,249,6.536178806,37,"CHR-25","CHR-112",TRUE,TRUE
"CHR",228,271,6.968481868,39,"CHR-25","CHR-96",TRUE,TRUE
"CHR",228,277,7.116624586,40,"CHR-25","CHR-39",TRUE,TRUE
"CHR",228,270,7.467799705,44,"CHR-25","CHR-37",TRUE,TRUE
"CHR",228,252,7.785031941,48,"CHR-25","CHR-149",TRUE,TRUE
"CHR",228,251,7.878520421,51,"CHR-25","CHR-54",TRUE,TRUE
"CHR",228,215,7.88623328,52,"CHR-25","CHR-58",TRUE,TRUE
"CHR",228,212,8.1863367,53,"CHR-25","CHR-139",TRUE,TRUE
"CHR",228,324,8.701475932,55,"CHR-25","CHR-133",TRUE,TRUE
"CHR",228,269,8.870596983,56,"CHR-25","CHR-119",TRUE,TRUE
"CHR",228,220,9.456269646,62,"CHR-25","CHR-97",TRUE,TRUE
"CHR",228,222,9.461416016,63,"CHR-25","CHR-52",TRUE,TRUE
"CHR",228,256,9.52343924,66,"CHR-25","CHR-110",TRUE,TRUE
"CHR",228,213,9.579528842,68,"CHR-25","CHR-19",TRUE,TRUE
"CHR",228,278,10.38974716,72,"CHR-25","CHR-151",TRUE,TRUE
"CHR",228,188,10.45566616,74,"CHR-25","CHR-148",TRUE,TRUE
"CHR",228,190,10.50396753,75,"CHR-25","CHR-9",TRUE,TRUE
"CHR",228,194,10.94334048,79,"CHR-25","CHR-11",TRUE,TRUE
"CHR",228,196,11.0722413,80,"CHR-25","CHR-101",TRUE,TRUE
"CHR",228,284,11.31385671,82,"CHR-25","CHR-43",TRUE,TRUE
"CHR",228,295,11.51812752,83,"CHR-25","CHR-115",TRUE,TRUE
"CHR",228,285,11.65139462,85,"CHR-25","CHR-77",TRUE,TRUE
"CHR",228,294,11.85051341,88,"CHR-25","CHR-82",TRUE,TRUE
"CHR",228,189,11.86840889,89,"CHR-25","CHR-7",TRUE,TRUE
"CHR",228,292,11.9443778,90,"CHR-25","CHR-128",TRUE,TRUE
"CHR",228,198,11.95569153,91,"CHR-25","CHR-76",TRUE,TRUE
"CHR",228,291,11.96343418,92,"CHR-25","CHR-150",TRUE,TRUE
"CHR",228,185,13.18436271,98,"CHR-25","CHR-6",TRUE,TRUE
"CHR",228,192,13.26934274,101,"CHR-25","CHR-80",TRUE,TRUE
"CHR",228,287,13.34181437,103,"CHR-25","CHR-145",TRUE,TRUE
"CHR",228,303,13.53847398,104,"CHR-25","CHR-93",TRUE,TRUE
"CHR",228,197,13.58449279,105,"CHR-25","CHR-12",TRUE,TRUE
"CHR",228,184,13.7234473,108,"CHR-25","CHR-74",TRUE,TRUE
"CHR",228,300,13.82924215,111,"CHR-25","CHR-86",TRUE,TRUE
"CHR",228,205,14.78665518,116,"CHR-25","CHR-66",TRUE,TRUE
"CHR",228,183,16.02301471,121,"CHR-25","CHR-78",TRUE,TRUE
"CHR",228,301,16.18122728,122,"CHR-25","CHR-45",TRUE,TRUE
"CHR",228,204,16.39190542,123,"CHR-25","CHR-16",TRUE,TRUE
"CHR",228,174,16.66597055,125,"CHR-25","CHR-73",TRUE,TRUE
"CHR",228,180,18.2811172,128,"CHR-25","CHR-4",TRUE,TRUE
"CHR",233,234,1.070402548,2,"CHR-27","CHR-29",TRUE,TRUE
"CHR",233,244,2.045060714,5,"CHR-27","CHR-32",TRUE,TRUE
"CHR",233,227,3.123526535,13,"CHR-27","CHR-95",TRUE,TRUE
"CHR",233,228,3.332676517,14,"CHR-27","CHR-25",TRUE,TRUE
"CHR",233,250,3.56350997,16,"CHR-27","CHR-102",TRUE,TRUE
"CHR",233,240,3.704275342,18,"CHR-27","CHR-99",TRUE,TRUE
"CHR",233,249,3.77388294,21,"CHR-27","CHR-112",TRUE,TRUE
"CHR",233,238,4.116895593,25,"CHR-27","CHR-109",TRUE,TRUE
"CHR",233,246,4.5015262,30,"CHR-27","CHR-33",TRUE,TRUE
"CHR",233,252,4.97257326,33,"CHR-27","CHR-149",TRUE,TRUE
"CHR",233,215,4.974945652,34,"CHR-27","CHR-58",TRUE,TRUE
"CHR",233,251,5.749788645,37,"CHR-27","CHR-54",TRUE,TRUE
"CHR",233,212,5.784839798,38,"CHR-27","CHR-139",TRUE,TRUE
"CHR",233,222,6.130364882,41,"CHR-27","CHR-52",TRUE,TRUE
"CHR",233,220,6.234389011,42,"CHR-27","CHR-97",TRUE,TRUE
"CHR",233,260,6.358683799,43,"CHR-27","CHR-85",TRUE,TRUE
"CHR",233,277,6.422664264,47,"CHR-27","CHR-39",TRUE,TRUE
"CHR",233,256,6.454925029,48,"CHR-27","CHR-110",TRUE,TRUE
"CHR",233,213,6.802400876,52,"CHR-27","CHR-19",TRUE,TRUE
"CHR",233,271,7.668810504,56,"CHR-27","CHR-96",TRUE,TRUE
"CHR",233,324,7.82789791,57,"CHR-27","CHR-133",TRUE,TRUE
"CHR",233,190,8.165346447,59,"CHR-27","CHR-9",TRUE,TRUE
"CHR",233,270,8.170384927,60,"CHR-27","CHR-37",TRUE,TRUE
"CHR",233,194,8.269835775,62,"CHR-27","CHR-11",TRUE,TRUE
"CHR",233,196,8.273421124,63,"CHR-27","CHR-101",TRUE,TRUE
"CHR",233,188,8.515313388,65,"CHR-27","CHR-148",TRUE,TRUE
"CHR",233,198,8.956317485,70,"CHR-27","CHR-76",TRUE,TRUE
"CHR",233,269,9.55657944,76,"CHR-27","CHR-119",TRUE,TRUE
"CHR",233,189,9.612483155,77,"CHR-27","CHR-7",TRUE,TRUE
"CHR",233,278,10.22398322,81,"CHR-27","CHR-151",TRUE,TRUE
"CHR",233,284,10.66265844,88,"CHR-27","CHR-43",TRUE,TRUE
"CHR",233,197,10.70336299,90,"CHR-27","CHR-12",TRUE,TRUE
"CHR",233,192,10.75579679,92,"CHR-27","CHR-80",TRUE,TRUE
"CHR",233,285,11.20864481,94,"CHR-27","CHR-77",TRUE,TRUE
"CHR",233,205,11.6116461,98,"CHR-27","CHR-66",TRUE,TRUE
"CHR",233,185,11.61529363,99,"CHR-27","CHR-6",TRUE,TRUE
"CHR",233,184,12.09954678,101,"CHR-27","CHR-74",TRUE,TRUE
"CHR",233,295,12.58730193,102,"CHR-27","CHR-115",TRUE,TRUE
"CHR",233,294,13.06260554,107,"CHR-27","CHR-82",TRUE,TRUE
"CHR",233,183,13.29871713,109,"CHR-27","CHR-78",TRUE,TRUE
"CHR",233,204,13.31016548,110,"CHR-27","CHR-16",TRUE,TRUE
"CHR",233,303,13.55260368,111,"CHR-27","CHR-93",TRUE,TRUE
"CHR",233,292,13.569444,112,"CHR-27","CHR-128",TRUE,TRUE
"CHR",233,291,13.87186793,117,"CHR-27","CHR-150",TRUE,TRUE
"CHR",233,300,14.27693674,120,"CHR-27","CHR-86",TRUE,TRUE
"CHR",233,174,14.97887567,124,"CHR-27","CHR-73",TRUE,TRUE
"CHR",233,287,15.54975474,126,"CHR-27","CHR-145",TRUE,TRUE
"CHR",233,180,15.90725563,128,"CHR-27","CHR-4",TRUE,TRUE
"CHR",233,301,16.54801295,129,"CHR-27","CHR-45",TRUE,TRUE
"CHR",234,233,1.070402548,2,"CHR-29","CHR-27",TRUE,TRUE
"CHR",234,244,2.113967997,8,"CHR-29","CHR-32",TRUE,TRUE
"CHR",234,240,2.800078,13,"CHR-29","CHR-99",TRUE,TRUE
"CHR",234,228,3.021301671,14,"CHR-29","CHR-25",TRUE,TRUE
"CHR",234,227,3.080457994,15,"CHR-29","CHR-95",TRUE,TRUE
"CHR",234,238,3.089266605,16,"CHR-29","CHR-109",TRUE,TRUE
"CHR",234,250,3.345023064,18,"CHR-29","CHR-102",TRUE,TRUE
"CHR",234,249,3.546625264,19,"CHR-29","CHR-112",TRUE,TRUE
"CHR",234,246,3.835087464,25,"CHR-29","CHR-33",TRUE,TRUE
"CHR",234,252,4.795702837,32,"CHR-29","CHR-149",TRUE,TRUE
"CHR",234,251,5.190338508,37,"CHR-29","CHR-54",TRUE,TRUE
"CHR",234,277,5.45933273,39,"CHR-29","CHR-39",TRUE,TRUE
"CHR",234,260,5.513120356,41,"CHR-29","CHR-85",TRUE,TRUE
"CHR",234,215,5.951304253,43,"CHR-29","CHR-58",TRUE,TRUE
"CHR",234,256,6.502144006,46,"CHR-29","CHR-110",TRUE,TRUE
"CHR",234,271,6.598714514,47,"CHR-29","CHR-96",TRUE,TRUE
"CHR",234,222,6.634155564,48,"CHR-29","CHR-52",TRUE,TRUE
"CHR",234,212,6.842504142,50,"CHR-29","CHR-139",TRUE,TRUE
"CHR",234,324,6.917761569,51,"CHR-29","CHR-133",TRUE,TRUE
"CHR",234,220,7.023837135,53,"CHR-29","CHR-97",TRUE,TRUE
"CHR",234,270,7.100758995,54,"CHR-29","CHR-37",TRUE,TRUE
"CHR",234,213,7.796644028,61,"CHR-29","CHR-19",TRUE,TRUE
"CHR",234,269,8.489232163,67,"CHR-29","CHR-119",TRUE,TRUE
"CHR",234,190,9.219073642,72,"CHR-29","CHR-9",TRUE,TRUE
"CHR",234,278,9.221837821,73,"CHR-29","CHR-151",TRUE,TRUE
"CHR",234,196,9.25223807,74,"CHR-29","CHR-101",TRUE,TRUE
"CHR",234,194,9.277382025,76,"CHR-29","CHR-11",TRUE,TRUE
"CHR",234,188,9.585583028,79,"CHR-29","CHR-148",TRUE,TRUE
"CHR",234,284,9.735905078,82,"CHR-29","CHR-43",TRUE,TRUE
"CHR",234,198,9.863121172,83,"CHR-29","CHR-76",TRUE,TRUE
"CHR",234,285,10.25037497,85,"CHR-29","CHR-77",TRUE,TRUE
"CHR",234,189,10.66913165,87,"CHR-29","CHR-7",TRUE,TRUE
"CHR",234,295,11.51690142,92,"CHR-29","CHR-115",TRUE,TRUE
"CHR",234,197,11.64576711,96,"CHR-29","CHR-12",TRUE,TRUE
"CHR",234,192,11.78128134,97,"CHR-29","CHR-80",TRUE,TRUE
"CHR",234,294,11.9931834,99,"CHR-29","CHR-82",TRUE,TRUE
"CHR",234,205,12.40409686,101,"CHR-29","CHR-66",TRUE,TRUE
"CHR",234,292,12.51519135,103,"CHR-29","CHR-128",TRUE,TRUE
"CHR",234,303,12.54316078,104,"CHR-29","CHR-93",TRUE,TRUE
"CHR",234,185,12.68208206,106,"CHR-29","CHR-6",TRUE,TRUE
"CHR",234,291,12.84002755,109,"CHR-29","CHR-150",TRUE,TRUE
"CHR",234,184,13.16811811,111,"CHR-29","CHR-74",TRUE,TRUE
"CHR",234,300,13.22996489,113,"CHR-29","CHR-86",TRUE,TRUE
"CHR",234,204,14.15734521,119,"CHR-29","CHR-16",TRUE,TRUE
"CHR",234,183,14.27662498,120,"CHR-29","CHR-78",TRUE,TRUE
"CHR",234,287,14.55059605,123,"CHR-29","CHR-145",TRUE,TRUE
"CHR",234,301,15.51096627,125,"CHR-29","CHR-45",TRUE,TRUE
"CHR",234,174,16.04915093,126,"CHR-29","CHR-73",TRUE,TRUE
"CHR",234,180,16.94168974,129,"CHR-29","CHR-4",TRUE,TRUE
"CHR",238,240,1.012269787,2,"CHR-109","CHR-99",TRUE,TRUE
"CHR",238,246,2.39863461,9,"CHR-109","CHR-33",TRUE,TRUE
"CHR",238,277,2.463062007,10,"CHR-109","CHR-39",TRUE,TRUE
"CHR",238,234,3.089266605,16,"CHR-109","CHR-29",TRUE,TRUE
"CHR",238,250,3.616180933,20,"CHR-109","CHR-102",TRUE,TRUE
"CHR",238,251,3.693005806,21,"CHR-109","CHR-54",TRUE,TRUE
"CHR",238,249,3.694681618,22,"CHR-109","CHR-112",TRUE,TRUE
"CHR",238,244,3.731717817,23,"CHR-109","CHR-32",TRUE,TRUE
"CHR",238,271,3.764567061,24,"CHR-109","CHR-96",TRUE,TRUE
"CHR",238,324,4.018748235,25,"CHR-109","CHR-133",TRUE,TRUE
"CHR",238,233,4.116895593,26,"CHR-109","CHR-27",TRUE,TRUE
"CHR",238,270,4.230442546,27,"CHR-109","CHR-37",TRUE,TRUE
"CHR",238,252,4.626406363,32,"CHR-109","CHR-149",TRUE,TRUE
"CHR",238,228,4.72997543,34,"CHR-109","CHR-25",TRUE,TRUE
"CHR",238,260,4.782942453,35,"CHR-109","CHR-85",TRUE,TRUE
"CHR",238,227,5.246091718,46,"CHR-109","CHR-95",TRUE,TRUE
"CHR",238,269,5.547123721,49,"CHR-109","CHR-119",TRUE,TRUE
"CHR",238,278,6.138429638,54,"CHR-109","CHR-151",TRUE,TRUE
"CHR",238,256,6.615023565,60,"CHR-109","CHR-110",TRUE,TRUE
"CHR",238,284,6.757032551,62,"CHR-109","CHR-43",TRUE,TRUE
"CHR",238,285,7.214532493,63,"CHR-109","CHR-77",TRUE,TRUE
"CHR",238,222,7.941040523,69,"CHR-109","CHR-52",TRUE,TRUE
"CHR",238,215,8.531556041,72,"CHR-109","CHR-58",TRUE,TRUE
"CHR",238,295,8.65338021,73,"CHR-109","CHR-115",TRUE,TRUE
"CHR",238,220,9.038754164,74,"CHR-109","CHR-97",TRUE,TRUE
"CHR",238,294,9.186098508,75,"CHR-109","CHR-82",TRUE,TRUE
"CHR",238,303,9.455109905,76,"CHR-109","CHR-93",TRUE,TRUE
"CHR",238,212,9.697682883,78,"CHR-109","CHR-139",TRUE,TRUE
"CHR",238,292,9.933919179,83,"CHR-109","CHR-128",TRUE,TRUE
"CHR",238,300,10.16538268,85,"CHR-109","CHR-86",TRUE,TRUE
"CHR",238,213,10.3793746,87,"CHR-109","CHR-19",TRUE,TRUE
"CHR",238,291,10.45609907,89,"CHR-109","CHR-150",TRUE,TRUE
"CHR",238,196,11.75057945,95,"CHR-109","CHR-101",TRUE,TRUE
"CHR",238,194,11.88022679,96,"CHR-109","CHR-11",TRUE,TRUE
"CHR",238,190,12.02750366,98,"CHR-109","CHR-9",TRUE,TRUE
"CHR",238,198,12.10848286,99,"CHR-109","CHR-76",TRUE,TRUE
"CHR",238,287,12.3693653,100,"CHR-109","CHR-145",TRUE,TRUE
"CHR",238,301,12.43113436,101,"CHR-109","CHR-45",TRUE,TRUE
"CHR",238,188,12.53760024,102,"CHR-109","CHR-148",TRUE,TRUE
"CHR",238,189,13.48391186,106,"CHR-109","CHR-7",TRUE,TRUE
"CHR",238,197,13.97404123,110,"CHR-109","CHR-12",TRUE,TRUE
"CHR",238,205,14.22805725,112,"CHR-109","CHR-66",TRUE,TRUE
"CHR",238,192,14.4280316,113,"CHR-109","CHR-80",TRUE,TRUE
"CHR",238,185,15.69392115,116,"CHR-109","CHR-6",TRUE,TRUE
"CHR",238,204,16.12261808,118,"CHR-109","CHR-16",TRUE,TRUE
"CHR",238,184,16.16472314,119,"CHR-109","CHR-74",TRUE,TRUE
"CHR",238,183,16.70277033,122,"CHR-109","CHR-78",TRUE,TRUE
"CHR",238,174,19.0115092,127,"CHR-109","CHR-73",TRUE,TRUE
"CHR",238,180,19.59842008,129,"CHR-109","CHR-4",TRUE,TRUE
"CHR",240,238,1.012269787,3,"CHR-99","CHR-109",TRUE,TRUE
"CHR",240,246,1.525611055,6,"CHR-99","CHR-33",TRUE,TRUE
"CHR",240,250,2.609073064,12,"CHR-99","CHR-102",TRUE,TRUE
"CHR",240,249,2.683141701,13,"CHR-99","CHR-112",TRUE,TRUE
"CHR",240,277,2.738914154,15,"CHR-99","CHR-39",TRUE,TRUE
"CHR",240,234,2.800078,16,"CHR-99","CHR-29",TRUE,TRUE
"CHR",240,244,2.895473875,17,"CHR-99","CHR-32",TRUE,TRUE
"CHR",240,251,2.92640543,18,"CHR-99","CHR-54",TRUE,TRUE
"CHR",240,252,3.632665505,21,"CHR-99","CHR-149",TRUE,TRUE
"CHR",240,233,3.704275342,23,"CHR-99","CHR-27",TRUE,TRUE
"CHR",240,324,4.127994156,28,"CHR-99","CHR-133",TRUE,TRUE
"CHR",240,271,4.649295834,32,"CHR-99","CHR-96",TRUE,TRUE
"CHR",240,228,5.053284364,37,"CHR-99","CHR-25",TRUE,TRUE
"CHR",240,270,5.087005516,38,"CHR-99","CHR-37",TRUE,TRUE
"CHR",240,227,5.443176722,45,"CHR-99","CHR-95",TRUE,TRUE
"CHR",240,256,5.621648063,47,"CHR-99","CHR-110",TRUE,TRUE
"CHR",240,260,5.683745571,48,"CHR-99","CHR-85",TRUE,TRUE
"CHR",240,269,6.33536267,54,"CHR-99","CHR-119",TRUE,TRUE
"CHR",240,278,6.577697441,56,"CHR-99","CHR-151",TRUE,TRUE
"CHR",240,222,6.945628703,58,"CHR-99","CHR-52",TRUE,TRUE
"CHR",240,284,6.959151179,59,"CHR-99","CHR-43",TRUE,TRUE
"CHR",240,285,7.509210322,67,"CHR-99","CHR-77",TRUE,TRUE
"CHR",240,215,7.747253326,69,"CHR-99","CHR-58",TRUE,TRUE
"CHR",240,220,8.114828014,70,"CHR-99","CHR-97",TRUE,TRUE
"CHR",240,212,9.016913962,74,"CHR-99","CHR-139",TRUE,TRUE
"CHR",240,295,9.46622366,78,"CHR-99","CHR-115",TRUE,TRUE
"CHR",240,213,9.577634021,79,"CHR-99","CHR-19",TRUE,TRUE
"CHR",240,303,9.910183806,81,"CHR-99","CHR-93",TRUE,TRUE
"CHR",240,294,10.02551878,82,"CHR-99","CHR-82",TRUE,TRUE
"CHR",240,300,10.76603077,87,"CHR-99","CHR-86",TRUE,TRUE
"CHR",240,292,10.85140017,89,"CHR-99","CHR-128",TRUE,TRUE
"CHR",240,196,10.91361437,90,"CHR-99","CHR-101",TRUE,TRUE
"CHR",240,194,11.07522903,91,"CHR-99","CHR-11",TRUE,TRUE
"CHR",240,198,11.20785028,95,"CHR-99","CHR-76",TRUE,TRUE
"CHR",240,190,11.305618,96,"CHR-99","CHR-9",TRUE,TRUE
"CHR",240,291,11.41512847,97,"CHR-99","CHR-150",TRUE,TRUE
"CHR",240,188,11.90113039,99,"CHR-99","CHR-148",TRUE,TRUE
"CHR",240,189,12.75808501,106,"CHR-99","CHR-7",TRUE,TRUE
"CHR",240,301,12.97952929,107,"CHR-99","CHR-45",TRUE,TRUE
"CHR",240,197,13.08369038,108,"CHR-99","CHR-12",TRUE,TRUE
"CHR",240,205,13.25550717,110,"CHR-99","CHR-66",TRUE,TRUE
"CHR",240,287,13.3530512,112,"CHR-99","CHR-145",TRUE,TRUE
"CHR",240,192,13.62674793,113,"CHR-99","CHR-80",TRUE,TRUE
"CHR",240,185,15.10064052,117,"CHR-99","CHR-6",TRUE,TRUE
"CHR",240,204,15.1632651,118,"CHR-99","CHR-16",TRUE,TRUE
"CHR",240,184,15.55435752,119,"CHR-99","CHR-74",TRUE,TRUE
"CHR",240,183,15.82780332,121,"CHR-99","CHR-78",TRUE,TRUE
"CHR",240,174,18.36382867,127,"CHR-99","CHR-73",TRUE,TRUE
"CHR",240,180,18.78723311,129,"CHR-99","CHR-4",TRUE,TRUE
"CHR",244,250,1.577070176,5,"CHR-32","CHR-102",TRUE,TRUE
"CHR",244,249,1.783308813,7,"CHR-32","CHR-112",TRUE,TRUE
"CHR",244,233,2.045060714,8,"CHR-32","CHR-27",TRUE,TRUE
"CHR",244,234,2.113967997,10,"CHR-32","CHR-29",TRUE,TRUE
"CHR",244,240,2.895473875,17,"CHR-32","CHR-99",TRUE,TRUE
"CHR",244,252,2.937468205,19,"CHR-32","CHR-149",TRUE,TRUE
"CHR",244,246,2.99327368,20,"CHR-32","CHR-33",TRUE,TRUE
"CHR",244,238,3.731717817,24,"CHR-32","CHR-109",TRUE,TRUE
"CHR",244,251,3.988036591,25,"CHR-32","CHR-54",TRUE,TRUE
"CHR",244,256,4.44740581,27,"CHR-32","CHR-110",TRUE,TRUE
"CHR",244,222,4.608725363,29,"CHR-32","CHR-52",TRUE,TRUE
"CHR",244,215,4.854405069,31,"CHR-32","CHR-58",TRUE,TRUE
"CHR",244,227,5.064903298,33,"CHR-32","CHR-95",TRUE,TRUE
"CHR",244,228,5.112140496,34,"CHR-32","CHR-25",TRUE,TRUE
"CHR",244,220,5.352451183,37,"CHR-32","CHR-97",TRUE,TRUE
"CHR",244,277,5.510588776,39,"CHR-32","CHR-39",TRUE,TRUE
"CHR",244,212,6.192228038,45,"CHR-32","CHR-139",TRUE,TRUE
"CHR",244,324,6.668909987,52,"CHR-32","CHR-133",TRUE,TRUE
"CHR",244,213,6.682175434,53,"CHR-32","CHR-19",TRUE,TRUE
"CHR",244,260,7.413488814,57,"CHR-32","CHR-85",TRUE,TRUE
"CHR",244,271,7.493744191,58,"CHR-32","CHR-96",TRUE,TRUE
"CHR",244,270,7.951105173,63,"CHR-32","CHR-37",TRUE,TRUE
"CHR",244,196,8.027254901,64,"CHR-32","CHR-101",TRUE,TRUE
"CHR",244,194,8.180056395,66,"CHR-32","CHR-11",TRUE,TRUE
"CHR",244,198,8.387337554,68,"CHR-32","CHR-76",TRUE,TRUE
"CHR",244,190,8.436588118,69,"CHR-32","CHR-9",TRUE,TRUE
"CHR",244,188,9.108009616,73,"CHR-32","CHR-148",TRUE,TRUE
"CHR",244,269,9.22669082,76,"CHR-32","CHR-119",TRUE,TRUE
"CHR",244,278,9.343164629,77,"CHR-32","CHR-151",TRUE,TRUE
"CHR",244,284,9.48243736,78,"CHR-32","CHR-43",TRUE,TRUE
"CHR",244,189,9.884218893,83,"CHR-32","CHR-7",TRUE,TRUE
"CHR",244,285,10.12552495,87,"CHR-32","CHR-77",TRUE,TRUE
"CHR",244,197,10.24617765,90,"CHR-32","CHR-12",TRUE,TRUE
"CHR",244,205,10.64783291,93,"CHR-32","CHR-66",TRUE,TRUE
"CHR",244,192,10.73150544,95,"CHR-32","CHR-80",TRUE,TRUE
"CHR",244,185,12.34434022,101,"CHR-32","CHR-6",TRUE,TRUE
"CHR",244,295,12.35367069,102,"CHR-32","CHR-115",TRUE,TRUE
"CHR",244,204,12.48987977,103,"CHR-32","CHR-16",TRUE,TRUE
"CHR",244,303,12.6552842,104,"CHR-32","CHR-93",TRUE,TRUE
"CHR",244,184,12.77634584,105,"CHR-32","CHR-74",TRUE,TRUE
"CHR",244,294,12.90294043,107,"CHR-32","CHR-82",TRUE,TRUE
"CHR",244,183,12.97113301,110,"CHR-32","CHR-78",TRUE,TRUE
"CHR",244,300,13.61310389,115,"CHR-32","CHR-86",TRUE,TRUE
"CHR",244,292,13.66075475,116,"CHR-32","CHR-128",TRUE,TRUE
"CHR",244,291,14.14510354,120,"CHR-32","CHR-150",TRUE,TRUE
"CHR",244,174,15.5412171,125,"CHR-32","CHR-73",TRUE,TRUE
"CHR",244,301,15.78636065,127,"CHR-32","CHR-45",TRUE,TRUE
"CHR",244,180,15.89371749,128,"CHR-32","CHR-4",TRUE,TRUE
"CHR",244,287,15.99720369,129,"CHR-32","CHR-145",TRUE,TRUE
"CHR",246,251,1.430767671,3,"CHR-33","CHR-54",TRUE,TRUE
"CHR",246,240,1.525611055,4,"CHR-33","CHR-99",TRUE,TRUE
"CHR",246,249,1.843261856,5,"CHR-33","CHR-112",TRUE,TRUE
"CHR",246,250,1.893100505,6,"CHR-33","CHR-102",TRUE,TRUE
"CHR",246,252,2.368502163,10,"CHR-33","CHR-149",TRUE,TRUE
"CHR",246,238,2.39863461,12,"CHR-33","CHR-109",TRUE,TRUE
"CHR",246,277,2.828497882,15,"CHR-33","CHR-39",TRUE,TRUE
"CHR",246,244,2.99327368,17,"CHR-33","CHR-32",TRUE,TRUE
"CHR",246,324,3.728284271,21,"CHR-33","CHR-133",TRUE,TRUE
"CHR",246,234,3.835087464,22,"CHR-33","CHR-29",TRUE,TRUE
"CHR",246,256,4.31717865,28,"CHR-33","CHR-110",TRUE,TRUE
"CHR",246,233,4.5015262,31,"CHR-33","CHR-27",TRUE,TRUE
"CHR",246,271,5.474645232,39,"CHR-33","CHR-96",TRUE,TRUE
"CHR",246,270,5.832752902,41,"CHR-33","CHR-37",TRUE,TRUE
"CHR",246,222,6.082528644,44,"CHR-33","CHR-52",TRUE,TRUE
"CHR",246,228,6.451189402,48,"CHR-33","CHR-25",TRUE,TRUE
"CHR",246,284,6.507326915,50,"CHR-33","CHR-43",TRUE,TRUE
"CHR",246,278,6.51008189,51,"CHR-33","CHR-151",TRUE,TRUE
"CHR",246,227,6.755732203,54,"CHR-33","CHR-95",TRUE,TRUE
"CHR",246,269,6.892885156,56,"CHR-33","CHR-119",TRUE,TRUE
"CHR",246,260,7.172201175,58,"CHR-33","CHR-85",TRUE,TRUE
"CHR",246,285,7.177469539,59,"CHR-33","CHR-77",TRUE,TRUE
"CHR",246,220,7.584307072,63,"CHR-33","CHR-97",TRUE,TRUE
"CHR",246,215,7.644889909,64,"CHR-33","CHR-58",TRUE,TRUE
"CHR",246,212,9.120051197,75,"CHR-33","CHR-139",TRUE,TRUE
"CHR",246,213,9.390793408,77,"CHR-33","CHR-19",TRUE,TRUE
"CHR",246,303,9.771915537,80,"CHR-33","CHR-93",TRUE,TRUE
"CHR",246,295,10.00244665,81,"CHR-33","CHR-115",TRUE,TRUE
"CHR",246,196,10.61266315,85,"CHR-33","CHR-101",TRUE,TRUE
"CHR",246,294,10.61350775,86,"CHR-33","CHR-82",TRUE,TRUE
"CHR",246,198,10.71180324,88,"CHR-33","CHR-76",TRUE,TRUE
"CHR",246,194,10.85717815,89,"CHR-33","CHR-11",TRUE,TRUE
"CHR",246,300,10.86365934,90,"CHR-33","CHR-86",TRUE,TRUE
"CHR",246,190,11.28226487,93,"CHR-33","CHR-9",TRUE,TRUE
"CHR",246,292,11.6279427,97,"CHR-33","CHR-128",TRUE,TRUE
"CHR",246,188,12.0481808,101,"CHR-33","CHR-148",TRUE,TRUE
"CHR",246,291,12.31668876,102,"CHR-33","CHR-150",TRUE,TRUE
"CHR",246,205,12.4590414,103,"CHR-33","CHR-66",TRUE,TRUE
"CHR",246,197,12.60269207,104,"CHR-33","CHR-12",TRUE,TRUE
"CHR",246,189,12.70896215,105,"CHR-33","CHR-7",TRUE,TRUE
"CHR",246,301,12.95554044,109,"CHR-33","CHR-45",TRUE,TRUE
"CHR",246,192,13.39088423,112,"CHR-33","CHR-80",TRUE,TRUE
"CHR",246,287,14.34085574,114,"CHR-33","CHR-145",TRUE,TRUE
"CHR",246,204,14.41731328,116,"CHR-33","CHR-16",TRUE,TRUE
"CHR",246,185,15.29964479,119,"CHR-33","CHR-6",TRUE,TRUE
"CHR",246,183,15.37485282,120,"CHR-33","CHR-78",TRUE,TRUE
"CHR",246,184,15.71781378,122,"CHR-33","CHR-74",TRUE,TRUE
"CHR",246,174,18.43761329,128,"CHR-33","CHR-73",TRUE,TRUE
"CHR",246,180,18.49401987,129,"CHR-33","CHR-4",TRUE,TRUE
"CHR",249,250,0.210376542,1,"CHR-112","CHR-102",TRUE,TRUE
"CHR",249,252,1.249984969,3,"CHR-112","CHR-149",TRUE,TRUE
"CHR",249,244,1.783308813,7,"CHR-112","CHR-32",TRUE,TRUE
"CHR",249,246,1.843261856,8,"CHR-112","CHR-33",TRUE,TRUE
"CHR",249,251,2.355860834,11,"CHR-112","CHR-54",TRUE,TRUE
"CHR",249,240,2.683141701,14,"CHR-112","CHR-99",TRUE,TRUE
"CHR",249,256,3.099674315,18,"CHR-112","CHR-110",TRUE,TRUE
"CHR",249,234,3.546625264,21,"CHR-112","CHR-29",TRUE,TRUE
"CHR",249,238,3.694681618,23,"CHR-112","CHR-109",TRUE,TRUE
"CHR",249,233,3.77388294,24,"CHR-112","CHR-27",TRUE,TRUE
"CHR",249,222,4.311943687,28,"CHR-112","CHR-52",TRUE,TRUE
"CHR",249,277,4.669147474,30,"CHR-112","CHR-39",TRUE,TRUE
"CHR",249,324,5.501847625,34,"CHR-112","CHR-133",TRUE,TRUE
"CHR",249,220,5.741055304,37,"CHR-112","CHR-97",TRUE,TRUE
"CHR",249,215,5.907321837,39,"CHR-112","CHR-58",TRUE,TRUE
"CHR",249,228,6.536178806,43,"CHR-112","CHR-25",TRUE,TRUE
"CHR",249,227,6.62356231,45,"CHR-112","CHR-95",TRUE,TRUE
"CHR",249,271,7.192032508,55,"CHR-112","CHR-96",TRUE,TRUE
"CHR",249,212,7.47180793,58,"CHR-112","CHR-139",TRUE,TRUE
"CHR",249,270,7.583785867,59,"CHR-112","CHR-37",TRUE,TRUE
"CHR",249,213,7.603974661,60,"CHR-112","CHR-19",TRUE,TRUE
"CHR",249,260,8.161852111,64,"CHR-112","CHR-85",TRUE,TRUE
"CHR",249,284,8.20278258,65,"CHR-112","CHR-43",TRUE,TRUE
"CHR",249,278,8.326762193,66,"CHR-112","CHR-151",TRUE,TRUE
"CHR",249,269,8.702820146,68,"CHR-112","CHR-119",TRUE,TRUE
"CHR",249,196,8.790176277,71,"CHR-112","CHR-101",TRUE,TRUE
"CHR",249,198,8.868541882,72,"CHR-112","CHR-76",TRUE,TRUE
"CHR",249,285,8.914578166,73,"CHR-112","CHR-77",TRUE,TRUE
"CHR",249,194,9.054214797,75,"CHR-112","CHR-11",TRUE,TRUE
"CHR",249,190,9.548498998,80,"CHR-112","CHR-9",TRUE,TRUE
"CHR",249,188,10.39671176,88,"CHR-112","CHR-148",TRUE,TRUE
"CHR",249,205,10.67389294,89,"CHR-112","CHR-66",TRUE,TRUE
"CHR",249,197,10.75943229,90,"CHR-112","CHR-12",TRUE,TRUE
"CHR",249,189,10.95717904,91,"CHR-112","CHR-7",TRUE,TRUE
"CHR",249,303,11.55530626,97,"CHR-112","CHR-93",TRUE,TRUE
"CHR",249,192,11.57698308,98,"CHR-112","CHR-80",TRUE,TRUE
"CHR",249,295,11.82419288,99,"CHR-112","CHR-115",TRUE,TRUE
"CHR",249,294,12.42611995,103,"CHR-112","CHR-82",TRUE,TRUE
"CHR",249,204,12.61615031,105,"CHR-112","CHR-16",TRUE,TRUE
"CHR",249,300,12.6934362,106,"CHR-112","CHR-86",TRUE,TRUE
"CHR",249,292,13.3869908,112,"CHR-112","CHR-128",TRUE,TRUE
"CHR",249,183,13.53171341,114,"CHR-112","CHR-78",TRUE,TRUE
"CHR",249,185,13.65952644,115,"CHR-112","CHR-6",TRUE,TRUE
"CHR",249,291,14.0212532,117,"CHR-112","CHR-150",TRUE,TRUE
"CHR",249,184,14.05566239,118,"CHR-112","CHR-74",TRUE,TRUE
"CHR",249,301,14.75912949,121,"CHR-112","CHR-45",TRUE,TRUE
"CHR",249,287,15.99821899,126,"CHR-112","CHR-145",TRUE,TRUE
"CHR",249,180,16.66361176,128,"CHR-112","CHR-4",TRUE,TRUE
"CHR",249,174,16.72153987,129,"CHR-112","CHR-73",TRUE,TRUE
"CHR",250,249,0.210376542,1,"CHR-102","CHR-112",TRUE,TRUE
"CHR",250,252,1.450872832,4,"CHR-102","CHR-149",TRUE,TRUE
"CHR",250,244,1.577070176,7,"CHR-102","CHR-32",TRUE,TRUE
"CHR",250,246,1.893100505,10,"CHR-102","CHR-33",TRUE,TRUE
"CHR",250,251,2.515990509,13,"CHR-102","CHR-54",TRUE,TRUE
"CHR",250,240,2.609073064,14,"CHR-102","CHR-99",TRUE,TRUE
"CHR",250,256,3.26345876,19,"CHR-102","CHR-110",TRUE,TRUE
"CHR",250,234,3.345023064,20,"CHR-102","CHR-29",TRUE,TRUE
"CHR",250,233,3.56350997,22,"CHR-102","CHR-27",TRUE,TRUE
"CHR",250,238,3.616180933,24,"CHR-102","CHR-109",TRUE,TRUE
"CHR",250,222,4.348776993,28,"CHR-102","CHR-52",TRUE,TRUE
"CHR",250,277,4.703666967,31,"CHR-102","CHR-39",TRUE,TRUE
"CHR",250,324,5.589012772,34,"CHR-102","CHR-133",TRUE,TRUE
"CHR",250,220,5.705506599,36,"CHR-102","CHR-97",TRUE,TRUE
"CHR",250,215,5.795943745,37,"CHR-102","CHR-58",TRUE,TRUE
"CHR",250,228,6.340652122,43,"CHR-102","CHR-25",TRUE,TRUE
"CHR",250,227,6.419982592,45,"CHR-102","CHR-95",TRUE,TRUE
"CHR",250,271,7.166145998,56,"CHR-102","CHR-96",TRUE,TRUE
"CHR",250,212,7.337925181,58,"CHR-102","CHR-139",TRUE,TRUE
"CHR",250,213,7.512870616,59,"CHR-102","CHR-19",TRUE,TRUE
"CHR",250,270,7.56711963,60,"CHR-102","CHR-37",TRUE,TRUE
"CHR",250,260,8.024458552,64,"CHR-102","CHR-85",TRUE,TRUE
"CHR",250,284,8.313013431,65,"CHR-102","CHR-43",TRUE,TRUE
"CHR",250,278,8.398125942,67,"CHR-102","CHR-151",TRUE,TRUE
"CHR",250,269,8.708483862,69,"CHR-102","CHR-119",TRUE,TRUE
"CHR",250,196,8.720414678,70,"CHR-102","CHR-101",TRUE,TRUE
"CHR",250,198,8.832289265,72,"CHR-102","CHR-76",TRUE,TRUE
"CHR",250,194,8.971697229,75,"CHR-102","CHR-11",TRUE,TRUE
"CHR",250,285,9.015249927,76,"CHR-102","CHR-77",TRUE,TRUE
"CHR",250,190,9.438090763,79,"CHR-102","CHR-9",TRUE,TRUE
"CHR",250,188,10.26536114,88,"CHR-102","CHR-148",TRUE,TRUE
"CHR",250,205,10.69451428,89,"CHR-102","CHR-66",TRUE,TRUE
"CHR",250,197,10.72258369,90,"CHR-102","CHR-12",TRUE,TRUE
"CHR",250,189,10.85314354,91,"CHR-102","CHR-7",TRUE,TRUE
"CHR",250,192,11.50131062,97,"CHR-102","CHR-80",TRUE,TRUE
"CHR",250,303,11.64241472,98,"CHR-102","CHR-93",TRUE,TRUE
"CHR",250,295,11.83520927,99,"CHR-102","CHR-115",TRUE,TRUE
"CHR",250,294,12.4311523,103,"CHR-102","CHR-82",TRUE,TRUE
"CHR",250,204,12.62737671,105,"CHR-102","CHR-16",TRUE,TRUE
"CHR",250,300,12.75639032,106,"CHR-102","CHR-86",TRUE,TRUE
"CHR",250,292,13.36803151,112,"CHR-102","CHR-128",TRUE,TRUE
"CHR",250,183,13.49224612,114,"CHR-102","CHR-78",TRUE,TRUE
"CHR",250,185,13.52693008,115,"CHR-102","CHR-6",TRUE,TRUE
"CHR",250,184,13.92789691,117,"CHR-102","CHR-74",TRUE,TRUE
"CHR",250,291,13.98501706,119,"CHR-102","CHR-150",TRUE,TRUE
"CHR",250,301,14.83818046,122,"CHR-102","CHR-45",TRUE,TRUE
"CHR",250,287,15.94890647,126,"CHR-102","CHR-145",TRUE,TRUE
"CHR",250,180,16.60092687,128,"CHR-102","CHR-4",TRUE,TRUE
"CHR",250,174,16.60764839,129,"CHR-102","CHR-73",TRUE,TRUE
"CHR",251,246,1.430767671,1,"CHR-54","CHR-33",TRUE,TRUE
"CHR",251,252,2.057159836,5,"CHR-54","CHR-149",TRUE,TRUE
"CHR",251,249,2.355860834,6,"CHR-54","CHR-112",TRUE,TRUE
"CHR",251,250,2.515990509,9,"CHR-54","CHR-102",TRUE,TRUE
"CHR",251,240,2.92640543,10,"CHR-54","CHR-99",TRUE,TRUE
"CHR",251,277,3.231016077,11,"CHR-54","CHR-39",TRUE,TRUE
"CHR",251,324,3.495997033,15,"CHR-54","CHR-133",TRUE,TRUE
"CHR",251,256,3.6279318,16,"CHR-54","CHR-110",TRUE,TRUE
"CHR",251,238,3.693005806,18,"CHR-54","CHR-109",TRUE,TRUE
"CHR",251,244,3.988036591,22,"CHR-54","CHR-32",TRUE,TRUE
"CHR",251,234,5.190338508,30,"CHR-54","CHR-29",TRUE,TRUE
"CHR",251,233,5.749788645,37,"CHR-54","CHR-27",TRUE,TRUE
"CHR",251,222,5.942536652,39,"CHR-54","CHR-52",TRUE,TRUE
"CHR",251,284,5.988924409,40,"CHR-54","CHR-43",TRUE,TRUE
"CHR",251,271,6.184265917,43,"CHR-54","CHR-96",TRUE,TRUE
"CHR",251,278,6.363914615,45,"CHR-54","CHR-151",TRUE,TRUE
"CHR",251,270,6.457125703,47,"CHR-54","CHR-37",TRUE,TRUE
"CHR",251,285,6.747889304,48,"CHR-54","CHR-77",TRUE,TRUE
"CHR",251,269,7.305304272,51,"CHR-54","CHR-119",TRUE,TRUE
"CHR",251,220,7.750149821,54,"CHR-54","CHR-97",TRUE,TRUE
"CHR",251,228,7.878520421,55,"CHR-54","CHR-25",TRUE,TRUE
"CHR",251,227,8.165455516,62,"CHR-54","CHR-95",TRUE,TRUE
"CHR",251,215,8.204840426,64,"CHR-54","CHR-58",TRUE,TRUE
"CHR",251,260,8.466177974,66,"CHR-54","CHR-85",TRUE,TRUE
"CHR",251,303,9.450754236,73,"CHR-54","CHR-93",TRUE,TRUE
"CHR",251,212,9.81114411,78,"CHR-54","CHR-139",TRUE,TRUE
"CHR",251,213,9.833231408,79,"CHR-54","CHR-19",TRUE,TRUE
"CHR",251,295,10.30881913,81,"CHR-54","CHR-115",TRUE,TRUE
"CHR",251,300,10.74217201,84,"CHR-54","CHR-86",TRUE,TRUE
"CHR",251,198,10.83617199,86,"CHR-54","CHR-76",TRUE,TRUE
"CHR",251,196,10.92764074,87,"CHR-54","CHR-101",TRUE,TRUE
"CHR",251,294,10.95740716,88,"CHR-54","CHR-82",TRUE,TRUE
"CHR",251,194,11.24422655,91,"CHR-54","CHR-11",TRUE,TRUE
"CHR",251,190,11.83329339,96,"CHR-54","CHR-9",TRUE,TRUE
"CHR",251,292,12.13630432,99,"CHR-54","CHR-128",TRUE,TRUE
"CHR",251,205,12.23725254,100,"CHR-54","CHR-66",TRUE,TRUE
"CHR",251,301,12.68888255,101,"CHR-54","CHR-45",TRUE,TRUE
"CHR",251,197,12.7139795,103,"CHR-54","CHR-12",TRUE,TRUE
"CHR",251,188,12.72971287,104,"CHR-54","CHR-148",TRUE,TRUE
"CHR",251,291,12.938602,105,"CHR-54","CHR-150",TRUE,TRUE
"CHR",251,189,13.21971858,107,"CHR-54","CHR-7",TRUE,TRUE
"CHR",251,192,13.72770574,110,"CHR-54","CHR-80",TRUE,TRUE
"CHR",251,204,14.23078449,113,"CHR-54","CHR-16",TRUE,TRUE
"CHR",251,287,15.03126028,117,"CHR-54","CHR-145",TRUE,TRUE
"CHR",251,183,15.48507921,119,"CHR-54","CHR-78",TRUE,TRUE
"CHR",251,185,15.9931977,121,"CHR-54","CHR-6",TRUE,TRUE
"CHR",251,184,16.37962303,123,"CHR-54","CHR-74",TRUE,TRUE
"CHR",251,180,18.73625526,128,"CHR-54","CHR-4",TRUE,TRUE
"CHR",251,174,19.00827232,129,"CHR-54","CHR-73",TRUE,TRUE
"CHR",252,249,1.249984969,2,"CHR-149","CHR-112",TRUE,TRUE
"CHR",252,250,1.450872832,3,"CHR-149","CHR-102",TRUE,TRUE
"CHR",252,256,1.98919542,6,"CHR-149","CHR-110",TRUE,TRUE
"CHR",252,251,2.057159836,7,"CHR-149","CHR-54",TRUE,TRUE
"CHR",252,246,2.368502163,9,"CHR-149","CHR-33",TRUE,TRUE
"CHR",252,244,2.937468205,12,"CHR-149","CHR-32",TRUE,TRUE
"CHR",252,240,3.632665505,17,"CHR-149","CHR-99",TRUE,TRUE
"CHR",252,222,3.898815732,20,"CHR-149","CHR-52",TRUE,TRUE
"CHR",252,238,4.626406363,25,"CHR-149","CHR-109",TRUE,TRUE
"CHR",252,234,4.795702837,26,"CHR-149","CHR-29",TRUE,TRUE
"CHR",252,233,4.97257326,29,"CHR-149","CHR-27",TRUE,TRUE
"CHR",252,277,5.048409697,31,"CHR-149","CHR-39",TRUE,TRUE
"CHR",252,324,5.538435739,33,"CHR-149","CHR-133",TRUE,TRUE
"CHR",252,220,5.705486633,34,"CHR-149","CHR-97",TRUE,TRUE
"CHR",252,215,6.330687262,40,"CHR-149","CHR-58",TRUE,TRUE
"CHR",252,228,7.785031941,50,"CHR-149","CHR-25",TRUE,TRUE
"CHR",252,271,7.831040056,51,"CHR-149","CHR-96",TRUE,TRUE
"CHR",252,213,7.870094243,53,"CHR-149","CHR-19",TRUE,TRUE
"CHR",252,227,7.870614743,54,"CHR-149","CHR-95",TRUE,TRUE
"CHR",252,212,8.014688842,55,"CHR-149","CHR-139",TRUE,TRUE
"CHR",252,284,8.029418386,56,"CHR-149","CHR-43",TRUE,TRUE
"CHR",252,270,8.172165466,59,"CHR-149","CHR-37",TRUE,TRUE
"CHR",252,278,8.409319793,62,"CHR-149","CHR-151",TRUE,TRUE
"CHR",252,198,8.78095396,66,"CHR-149","CHR-76",TRUE,TRUE
"CHR",252,285,8.798481126,67,"CHR-149","CHR-77",TRUE,TRUE
"CHR",252,196,8.907972863,69,"CHR-149","CHR-101",TRUE,TRUE
"CHR",252,269,9.162594244,71,"CHR-149","CHR-119",TRUE,TRUE
"CHR",252,194,9.248555847,72,"CHR-149","CHR-11",TRUE,TRUE
"CHR",252,260,9.265362576,73,"CHR-149","CHR-85",TRUE,TRUE
"CHR",252,190,9.915943656,81,"CHR-149","CHR-9",TRUE,TRUE
"CHR",252,205,10.23532815,86,"CHR-149","CHR-66",TRUE,TRUE
"CHR",252,197,10.6573195,88,"CHR-149","CHR-12",TRUE,TRUE
"CHR",252,188,10.89631925,90,"CHR-149","CHR-148",TRUE,TRUE
"CHR",252,189,11.27240299,93,"CHR-149","CHR-7",TRUE,TRUE
"CHR",252,303,11.50661239,95,"CHR-149","CHR-93",TRUE,TRUE
"CHR",252,192,11.70732032,96,"CHR-149","CHR-80",TRUE,TRUE
"CHR",252,204,12.21910219,100,"CHR-149","CHR-16",TRUE,TRUE
"CHR",252,295,12.23114705,101,"CHR-149","CHR-115",TRUE,TRUE
"CHR",252,300,12.79152281,106,"CHR-149","CHR-86",TRUE,TRUE
"CHR",252,294,12.86273697,107,"CHR-149","CHR-82",TRUE,TRUE
"CHR",252,183,13.42802304,111,"CHR-149","CHR-78",TRUE,TRUE
"CHR",252,292,13.94743473,114,"CHR-149","CHR-128",TRUE,TRUE
"CHR",252,185,14.15098075,115,"CHR-149","CHR-6",TRUE,TRUE
"CHR",252,184,14.51252609,118,"CHR-149","CHR-74",TRUE,TRUE
"CHR",252,291,14.66795339,119,"CHR-149","CHR-150",TRUE,TRUE
"CHR",252,301,14.74574235,120,"CHR-149","CHR-45",TRUE,TRUE
"CHR",252,180,16.68928526,127,"CHR-149","CHR-4",TRUE,TRUE
"CHR",252,287,16.70446132,128,"CHR-149","CHR-145",TRUE,TRUE
"CHR",252,174,17.07595798,129,"CHR-149","CHR-73",TRUE,TRUE
"CHR",256,252,1.98919542,3,"CHR-110","CHR-149",TRUE,TRUE
"CHR",256,222,2.844529177,5,"CHR-110","CHR-52",TRUE,TRUE
"CHR",256,249,3.099674315,6,"CHR-110","CHR-112",TRUE,TRUE
"CHR",256,250,3.26345876,8,"CHR-110","CHR-102",TRUE,TRUE
"CHR",256,251,3.6279318,9,"CHR-110","CHR-54",TRUE,TRUE
"CHR",256,246,4.31717865,14,"CHR-110","CHR-33",TRUE,TRUE
"CHR",256,244,4.44740581,16,"CHR-110","CHR-32",TRUE,TRUE
"CHR",256,220,5.014249266,23,"CHR-110","CHR-97",TRUE,TRUE
"CHR",256,240,5.621648063,26,"CHR-110","CHR-99",TRUE,TRUE
"CHR",256,215,6.315668815,29,"CHR-110","CHR-58",TRUE,TRUE
"CHR",256,233,6.454925029,30,"CHR-110","CHR-27",TRUE,TRUE
"CHR",256,234,6.502144006,31,"CHR-110","CHR-29",TRUE,TRUE
"CHR",256,238,6.615023565,34,"CHR-110","CHR-109",TRUE,TRUE
"CHR",256,277,6.83427215,36,"CHR-110","CHR-39",TRUE,TRUE
"CHR",256,324,7.044103878,38,"CHR-110","CHR-133",TRUE,TRUE
"CHR",256,213,7.500903546,40,"CHR-110","CHR-19",TRUE,TRUE
"CHR",256,198,7.822920552,45,"CHR-110","CHR-76",TRUE,TRUE
"CHR",256,212,8.092748383,48,"CHR-110","CHR-139",TRUE,TRUE
"CHR",256,196,8.257116403,50,"CHR-110","CHR-101",TRUE,TRUE
"CHR",256,194,8.704376326,56,"CHR-110","CHR-11",TRUE,TRUE
"CHR",256,205,8.754085291,57,"CHR-110","CHR-66",TRUE,TRUE
"CHR",256,284,9.216245333,61,"CHR-110","CHR-43",TRUE,TRUE
"CHR",256,227,9.511969766,64,"CHR-110","CHR-95",TRUE,TRUE
"CHR",256,228,9.52343924,65,"CHR-110","CHR-25",TRUE,TRUE
"CHR",256,197,9.622369767,66,"CHR-110","CHR-12",TRUE,TRUE
"CHR",256,190,9.626120996,68,"CHR-110","CHR-9",TRUE,TRUE
"CHR",256,271,9.718855261,70,"CHR-110","CHR-96",TRUE,TRUE
"CHR",256,278,9.868233448,71,"CHR-110","CHR-151",TRUE,TRUE
"CHR",256,270,10.03025266,73,"CHR-110","CHR-37",TRUE,TRUE
"CHR",256,285,10.03215791,74,"CHR-110","CHR-77",TRUE,TRUE
"CHR",256,204,10.75986489,81,"CHR-110","CHR-16",TRUE,TRUE
"CHR",256,188,10.79754978,82,"CHR-110","CHR-148",TRUE,TRUE
"CHR",256,189,10.85899021,83,"CHR-110","CHR-7",TRUE,TRUE
"CHR",256,269,10.93007735,85,"CHR-110","CHR-119",TRUE,TRUE
"CHR",256,192,10.99316016,87,"CHR-110","CHR-80",TRUE,TRUE
"CHR",256,260,11.23632486,89,"CHR-110","CHR-85",TRUE,TRUE
"CHR",256,183,12.33962681,98,"CHR-110","CHR-78",TRUE,TRUE
"CHR",256,303,12.7667261,101,"CHR-110","CHR-93",TRUE,TRUE
"CHR",256,295,13.93305682,110,"CHR-110","CHR-115",TRUE,TRUE
"CHR",256,185,13.97171985,111,"CHR-110","CHR-6",TRUE,TRUE
"CHR",256,300,14.19959013,112,"CHR-110","CHR-86",TRUE,TRUE
"CHR",256,184,14.26919975,113,"CHR-110","CHR-74",TRUE,TRUE
"CHR",256,294,14.58411522,114,"CHR-110","CHR-82",TRUE,TRUE
"CHR",256,180,15.7455459,121,"CHR-110","CHR-4",TRUE,TRUE
"CHR",256,292,15.75477188,122,"CHR-110","CHR-128",TRUE,TRUE
"CHR",256,301,16.00931968,123,"CHR-110","CHR-45",TRUE,TRUE
"CHR",256,291,16.52871407,125,"CHR-110","CHR-150",TRUE,TRUE
"CHR",256,174,16.6309399,126,"CHR-110","CHR-73",TRUE,TRUE
"CHR",256,287,18.59541516,132,"CHR-110","CHR-145",TRUE,TRUE
"CHR",260,228,3.817029979,11,"CHR-85","CHR-25",TRUE,TRUE
"CHR",260,271,4.51328301,16,"CHR-85","CHR-96",TRUE,TRUE
"CHR",260,227,4.599939818,17,"CHR-85","CHR-95",TRUE,TRUE
"CHR",260,238,4.782942453,19,"CHR-85","CHR-109",TRUE,TRUE
"CHR",260,270,4.896585414,20,"CHR-85","CHR-37",TRUE,TRUE
"CHR",260,234,5.513120356,25,"CHR-85","CHR-29",TRUE,TRUE
"CHR",260,240,5.683745571,26,"CHR-85","CHR-99",TRUE,TRUE
"CHR",260,269,6.090341679,29,"CHR-85","CHR-119",TRUE,TRUE
"CHR",260,277,6.239109573,30,"CHR-85","CHR-39",TRUE,TRUE
"CHR",260,233,6.358683799,32,"CHR-85","CHR-27",TRUE,TRUE
"CHR",260,246,7.172201175,40,"CHR-85","CHR-33",TRUE,TRUE
"CHR",260,244,7.413488814,42,"CHR-85","CHR-32",TRUE,TRUE
"CHR",260,324,7.659972211,45,"CHR-85","CHR-133",TRUE,TRUE
"CHR",260,250,8.024458552,50,"CHR-85","CHR-102",TRUE,TRUE
"CHR",260,249,8.161852111,53,"CHR-85","CHR-112",TRUE,TRUE
"CHR",260,291,8.186073161,54,"CHR-85","CHR-150",TRUE,TRUE
"CHR",260,295,8.196611917,55,"CHR-85","CHR-115",TRUE,TRUE
"CHR",260,292,8.270698515,56,"CHR-85","CHR-128",TRUE,TRUE
"CHR",260,278,8.306012853,57,"CHR-85","CHR-151",TRUE,TRUE
"CHR",260,294,8.41495553,58,"CHR-85","CHR-82",TRUE,TRUE
"CHR",260,251,8.466177974,59,"CHR-85","CHR-54",TRUE,TRUE
"CHR",260,252,9.265362576,64,"CHR-85","CHR-149",TRUE,TRUE
"CHR",260,287,9.525413815,68,"CHR-85","CHR-145",TRUE,TRUE
"CHR",260,284,9.654873835,70,"CHR-85","CHR-43",TRUE,TRUE
"CHR",260,285,9.732841536,72,"CHR-85","CHR-77",TRUE,TRUE
"CHR",260,300,10.90168291,80,"CHR-85","CHR-86",TRUE,TRUE
"CHR",260,303,11.01759774,81,"CHR-85","CHR-93",TRUE,TRUE
"CHR",260,256,11.23632486,83,"CHR-85","CHR-110",TRUE,TRUE
"CHR",260,215,11.30544406,84,"CHR-85","CHR-58",TRUE,TRUE
"CHR",260,212,11.85343417,88,"CHR-85","CHR-139",TRUE,TRUE
"CHR",260,222,12.02036233,89,"CHR-85","CHR-52",TRUE,TRUE
"CHR",260,220,12.53564779,90,"CHR-85","CHR-97",TRUE,TRUE
"CHR",260,213,13.09610529,93,"CHR-85","CHR-19",TRUE,TRUE
"CHR",260,301,13.23559611,94,"CHR-85","CHR-45",TRUE,TRUE
"CHR",260,190,14.21191427,95,"CHR-85","CHR-9",TRUE,TRUE
"CHR",260,188,14.24554581,96,"CHR-85","CHR-148",TRUE,TRUE
"CHR",260,194,14.5242877,99,"CHR-85","CHR-11",TRUE,TRUE
"CHR",260,196,14.58350997,100,"CHR-85","CHR-101",TRUE,TRUE
"CHR",260,198,15.31455881,103,"CHR-85","CHR-76",TRUE,TRUE
"CHR",260,189,15.60663433,104,"CHR-85","CHR-7",TRUE,TRUE
"CHR",260,192,16.93274613,109,"CHR-85","CHR-80",TRUE,TRUE
"CHR",260,185,17.001134,110,"CHR-85","CHR-6",TRUE,TRUE
"CHR",260,197,17.04613375,112,"CHR-85","CHR-12",TRUE,TRUE
"CHR",260,184,17.54047723,115,"CHR-85","CHR-74",TRUE,TRUE
"CHR",260,205,17.91703558,117,"CHR-85","CHR-66",TRUE,TRUE
"CHR",260,183,19.59401017,122,"CHR-85","CHR-78",TRUE,TRUE
"CHR",260,204,19.65668087,123,"CHR-85","CHR-16",TRUE,TRUE
"CHR",260,174,20.48299973,126,"CHR-85","CHR-73",TRUE,TRUE
"CHR",260,180,22.00724027,128,"CHR-85","CHR-4",TRUE,TRUE
"CHR",269,270,1.421645976,3,"CHR-119","CHR-37",TRUE,TRUE
"CHR",269,271,1.93384025,6,"CHR-119","CHR-96",TRUE,TRUE
"CHR",269,278,2.733275882,10,"CHR-119","CHR-151",TRUE,TRUE
"CHR",269,295,3.134884851,12,"CHR-119","CHR-115",TRUE,TRUE
"CHR",269,294,3.72330533,17,"CHR-119","CHR-82",TRUE,TRUE
"CHR",269,277,4.115009989,20,"CHR-119","CHR-39",TRUE,TRUE
"CHR",269,285,4.13979616,21,"CHR-119","CHR-77",TRUE,TRUE
"CHR",269,324,4.197780515,22,"CHR-119","CHR-133",TRUE,TRUE
"CHR",269,284,4.419706235,25,"CHR-119","CHR-43",TRUE,TRUE
"CHR",269,292,4.839970372,29,"CHR-119","CHR-128",TRUE,TRUE
"CHR",269,303,4.930722336,31,"CHR-119","CHR-93",TRUE,TRUE
"CHR",269,300,4.959865034,32,"CHR-119","CHR-86",TRUE,TRUE
"CHR",269,238,5.547123721,40,"CHR-119","CHR-109",TRUE,TRUE
"CHR",269,291,5.738242995,41,"CHR-119","CHR-150",TRUE,TRUE
"CHR",269,260,6.090341679,46,"CHR-119","CHR-85",TRUE,TRUE
"CHR",269,240,6.33536267,47,"CHR-119","CHR-99",TRUE,TRUE
"CHR",269,246,6.892885156,50,"CHR-119","CHR-33",TRUE,TRUE
"CHR",269,251,7.305304272,53,"CHR-119","CHR-54",TRUE,TRUE
"CHR",269,301,7.313678212,54,"CHR-119","CHR-45",TRUE,TRUE
"CHR",269,287,7.901147904,61,"CHR-119","CHR-145",TRUE,TRUE
"CHR",269,234,8.489232163,64,"CHR-119","CHR-29",TRUE,TRUE
"CHR",269,249,8.702820146,66,"CHR-119","CHR-112",TRUE,TRUE
"CHR",269,250,8.708483862,67,"CHR-119","CHR-102",TRUE,TRUE
"CHR",269,228,8.870596983,68,"CHR-119","CHR-25",TRUE,TRUE
"CHR",269,252,9.162594244,69,"CHR-119","CHR-149",TRUE,TRUE
"CHR",269,244,9.22669082,70,"CHR-119","CHR-32",TRUE,TRUE
"CHR",269,233,9.55657944,72,"CHR-119","CHR-27",TRUE,TRUE
"CHR",269,227,9.625696497,73,"CHR-119","CHR-95",TRUE,TRUE
"CHR",269,256,10.93007735,79,"CHR-119","CHR-110",TRUE,TRUE
"CHR",269,222,12.97465314,85,"CHR-119","CHR-52",TRUE,TRUE
"CHR",269,215,14.06577884,88,"CHR-119","CHR-58",TRUE,TRUE
"CHR",269,220,14.39212692,89,"CHR-119","CHR-97",TRUE,TRUE
"CHR",269,212,15.23840261,90,"CHR-119","CHR-139",TRUE,TRUE
"CHR",269,213,15.90569611,96,"CHR-119","CHR-19",TRUE,TRUE
"CHR",269,196,17.24895326,97,"CHR-119","CHR-101",TRUE,TRUE
"CHR",269,194,17.40510129,99,"CHR-119","CHR-11",TRUE,TRUE
"CHR",269,198,17.50790086,100,"CHR-119","CHR-76",TRUE,TRUE
"CHR",269,190,17.57429308,101,"CHR-119","CHR-9",TRUE,TRUE
"CHR",269,188,18.05448395,102,"CHR-119","CHR-148",TRUE,TRUE
"CHR",269,189,19.030792,108,"CHR-119","CHR-7",TRUE,TRUE
"CHR",269,205,19.35117991,109,"CHR-119","CHR-66",TRUE,TRUE
"CHR",269,197,19.39207493,110,"CHR-119","CHR-12",TRUE,TRUE
"CHR",269,192,19.95594998,113,"CHR-119","CHR-80",TRUE,TRUE
"CHR",269,185,21.17130823,116,"CHR-119","CHR-6",TRUE,TRUE
"CHR",269,204,21.30972896,118,"CHR-119","CHR-16",TRUE,TRUE
"CHR",269,184,21.65584922,119,"CHR-119","CHR-74",TRUE,TRUE
"CHR",269,183,22.14734614,121,"CHR-119","CHR-78",TRUE,TRUE
"CHR",269,174,24.52654894,127,"CHR-119","CHR-73",TRUE,TRUE
"CHR",269,180,25.1203531,129,"CHR-119","CHR-4",TRUE,TRUE
"CHR",270,271,0.512523674,1,"CHR-37","CHR-96",TRUE,TRUE
"CHR",270,269,1.421645976,2,"CHR-37","CHR-119",TRUE,TRUE
"CHR",270,277,3.233357068,15,"CHR-37","CHR-39",TRUE,TRUE
"CHR",270,278,3.451248019,17,"CHR-37","CHR-151",TRUE,TRUE
"CHR",270,324,3.830270619,20,"CHR-37","CHR-133",TRUE,TRUE
"CHR",270,238,4.230442546,22,"CHR-37","CHR-109",TRUE,TRUE
"CHR",270,295,4.433149544,23,"CHR-37","CHR-115",TRUE,TRUE
"CHR",270,260,4.896585414,28,"CHR-37","CHR-85",TRUE,TRUE
"CHR",270,285,4.900609826,29,"CHR-37","CHR-77",TRUE,TRUE
"CHR",270,284,4.954167402,32,"CHR-37","CHR-43",TRUE,TRUE
"CHR",270,294,4.955656293,33,"CHR-37","CHR-82",TRUE,TRUE
"CHR",270,240,5.087005516,34,"CHR-37","CHR-99",TRUE,TRUE
"CHR",270,292,5.803417779,40,"CHR-37","CHR-128",TRUE,TRUE
"CHR",270,246,5.832752902,42,"CHR-37","CHR-33",TRUE,TRUE
"CHR",270,303,6.182950427,44,"CHR-37","CHR-93",TRUE,TRUE
"CHR",270,300,6.364195425,49,"CHR-37","CHR-86",TRUE,TRUE
"CHR",270,251,6.457125703,52,"CHR-37","CHR-54",TRUE,TRUE
"CHR",270,291,6.500157951,54,"CHR-37","CHR-150",TRUE,TRUE
"CHR",270,234,7.100758995,60,"CHR-37","CHR-29",TRUE,TRUE
"CHR",270,228,7.467799705,64,"CHR-37","CHR-25",TRUE,TRUE
"CHR",270,250,7.56711963,65,"CHR-37","CHR-102",TRUE,TRUE
"CHR",270,249,7.583785867,66,"CHR-37","CHR-112",TRUE,TRUE
"CHR",270,244,7.951105173,67,"CHR-37","CHR-32",TRUE,TRUE
"CHR",270,233,8.170384927,68,"CHR-37","CHR-27",TRUE,TRUE
"CHR",270,252,8.172165466,69,"CHR-37","CHR-149",TRUE,TRUE
"CHR",270,227,8.21611865,70,"CHR-37","CHR-95",TRUE,TRUE
"CHR",270,287,8.57451926,72,"CHR-37","CHR-145",TRUE,TRUE
"CHR",270,301,8.714225476,74,"CHR-37","CHR-45",TRUE,TRUE
"CHR",270,256,10.03025266,79,"CHR-37","CHR-110",TRUE,TRUE
"CHR",270,222,11.89096452,86,"CHR-37","CHR-52",TRUE,TRUE
"CHR",270,215,12.76124342,88,"CHR-37","CHR-58",TRUE,TRUE
"CHR",270,220,13.19604684,89,"CHR-37","CHR-97",TRUE,TRUE
"CHR",270,212,13.88510995,90,"CHR-37","CHR-139",TRUE,TRUE
"CHR",270,213,14.60979942,95,"CHR-37","CHR-19",TRUE,TRUE
"CHR",270,196,15.97710515,97,"CHR-37","CHR-101",TRUE,TRUE
"CHR",270,194,16.11066156,98,"CHR-37","CHR-11",TRUE,TRUE
"CHR",270,190,16.2338986,100,"CHR-37","CHR-9",TRUE,TRUE
"CHR",270,198,16.29459397,101,"CHR-37","CHR-76",TRUE,TRUE
"CHR",270,188,16.68001068,102,"CHR-37","CHR-148",TRUE,TRUE
"CHR",270,189,17.69045774,107,"CHR-37","CHR-7",TRUE,TRUE
"CHR",270,197,18.17059452,109,"CHR-37","CHR-12",TRUE,TRUE
"CHR",270,205,18.25762852,111,"CHR-37","CHR-66",TRUE,TRUE
"CHR",270,192,18.65820611,113,"CHR-37","CHR-80",TRUE,TRUE
"CHR",270,185,19.77959042,116,"CHR-37","CHR-6",TRUE,TRUE
"CHR",270,204,20.19446316,118,"CHR-37","CHR-16",TRUE,TRUE
"CHR",270,184,20.26834346,119,"CHR-37","CHR-74",TRUE,TRUE
"CHR",270,183,20.91227874,122,"CHR-37","CHR-78",TRUE,TRUE
"CHR",270,174,23.14825038,127,"CHR-37","CHR-73",TRUE,TRUE
"CHR",270,180,23.82884944,129,"CHR-37","CHR-4",TRUE,TRUE
"CHR",271,270,0.512523674,1,"CHR-96","CHR-37",TRUE,TRUE
"CHR",271,269,1.93384025,5,"CHR-96","CHR-119",TRUE,TRUE
"CHR",271,277,2.998408922,14,"CHR-96","CHR-39",TRUE,TRUE
"CHR",271,238,3.764567061,19,"CHR-96","CHR-109",TRUE,TRUE
"CHR",271,278,3.793397743,20,"CHR-96","CHR-151",TRUE,TRUE
"CHR",271,324,3.799390559,21,"CHR-96","CHR-133",TRUE,TRUE
"CHR",271,260,4.51328301,26,"CHR-96","CHR-85",TRUE,TRUE
"CHR",271,240,4.649295834,29,"CHR-96","CHR-99",TRUE,TRUE
"CHR",271,295,4.924170673,31,"CHR-96","CHR-115",TRUE,TRUE
"CHR",271,284,5.211051794,33,"CHR-96","CHR-43",TRUE,TRUE
"CHR",271,285,5.227094445,34,"CHR-96","CHR-77",TRUE,TRUE
"CHR",271,294,5.430762873,37,"CHR-96","CHR-82",TRUE,TRUE
"CHR",271,246,5.474645232,38,"CHR-96","CHR-33",TRUE,TRUE
"CHR",271,251,6.184265917,47,"CHR-96","CHR-54",TRUE,TRUE
"CHR",271,292,6.207264631,48,"CHR-96","CHR-128",TRUE,TRUE
"CHR",271,234,6.598714514,53,"CHR-96","CHR-29",TRUE,TRUE
"CHR",271,303,6.642331491,54,"CHR-96","CHR-93",TRUE,TRUE
"CHR",271,291,6.842612226,56,"CHR-96","CHR-150",TRUE,TRUE
"CHR",271,300,6.869086004,58,"CHR-96","CHR-86",TRUE,TRUE
"CHR",271,228,6.968481868,61,"CHR-96","CHR-25",TRUE,TRUE
"CHR",271,250,7.166145998,63,"CHR-96","CHR-102",TRUE,TRUE
"CHR",271,249,7.192032508,64,"CHR-96","CHR-112",TRUE,TRUE
"CHR",271,244,7.493744191,66,"CHR-96","CHR-32",TRUE,TRUE
"CHR",271,233,7.668810504,67,"CHR-96","CHR-27",TRUE,TRUE
"CHR",271,227,7.712718462,68,"CHR-96","CHR-95",TRUE,TRUE
"CHR",271,252,7.831040056,70,"CHR-96","CHR-149",TRUE,TRUE
"CHR",271,287,8.87800356,77,"CHR-96","CHR-145",TRUE,TRUE
"CHR",271,301,9.217123692,78,"CHR-96","CHR-45",TRUE,TRUE
"CHR",271,256,9.718855261,80,"CHR-96","CHR-110",TRUE,TRUE
"CHR",271,222,11.50370703,86,"CHR-96","CHR-52",TRUE,TRUE
"CHR",271,215,12.2884515,88,"CHR-96","CHR-58",TRUE,TRUE
"CHR",271,220,12.76407049,89,"CHR-96","CHR-97",TRUE,TRUE
"CHR",271,212,13.39401385,90,"CHR-96","CHR-139",TRUE,TRUE
"CHR",271,213,14.13945843,95,"CHR-96","CHR-19",TRUE,TRUE
"CHR",271,196,15.51513048,97,"CHR-96","CHR-101",TRUE,TRUE
"CHR",271,194,15.64034838,98,"CHR-96","CHR-11",TRUE,TRUE
"CHR",271,190,15.74693799,100,"CHR-96","CHR-9",TRUE,TRUE
"CHR",271,198,15.85416469,101,"CHR-96","CHR-76",TRUE,TRUE
"CHR",271,188,16.18106788,102,"CHR-96","CHR-148",TRUE,TRUE
"CHR",271,189,17.20326488,107,"CHR-96","CHR-7",TRUE,TRUE
"CHR",271,197,17.72633604,109,"CHR-96","CHR-12",TRUE,TRUE
"CHR",271,205,17.86065878,111,"CHR-96","CHR-66",TRUE,TRUE
"CHR",271,192,18.18602989,113,"CHR-96","CHR-80",TRUE,TRUE
"CHR",271,185,19.27473412,116,"CHR-96","CHR-6",TRUE,TRUE
"CHR",271,184,19.76481823,118,"CHR-96","CHR-74",TRUE,TRUE
"CHR",271,204,19.78845254,119,"CHR-96","CHR-16",TRUE,TRUE
"CHR",271,183,20.46219552,122,"CHR-96","CHR-78",TRUE,TRUE
"CHR",271,174,22.64758752,127,"CHR-96","CHR-73",TRUE,TRUE
"CHR",271,180,23.35798423,129,"CHR-96","CHR-4",TRUE,TRUE
"CHR",277,324,1.586490482,2,"CHR-39","CHR-133",TRUE,TRUE
"CHR",277,238,2.463062007,5,"CHR-39","CHR-109",TRUE,TRUE
"CHR",277,240,2.738914154,8,"CHR-39","CHR-99",TRUE,TRUE
"CHR",277,246,2.828497882,10,"CHR-39","CHR-33",TRUE,TRUE
"CHR",277,271,2.998408922,12,"CHR-39","CHR-96",TRUE,TRUE
"CHR",277,251,3.231016077,16,"CHR-39","CHR-54",TRUE,TRUE
"CHR",277,270,3.233357068,17,"CHR-39","CHR-37",TRUE,TRUE
"CHR",277,278,3.847179517,22,"CHR-39","CHR-151",TRUE,TRUE
"CHR",277,269,4.115009989,27,"CHR-39","CHR-119",TRUE,TRUE
"CHR",277,284,4.29802041,29,"CHR-39","CHR-43",TRUE,TRUE
"CHR",277,249,4.669147474,30,"CHR-39","CHR-112",TRUE,TRUE
"CHR",277,250,4.703666967,31,"CHR-39","CHR-102",TRUE,TRUE
"CHR",277,285,4.791374053,33,"CHR-39","CHR-77",TRUE,TRUE
"CHR",277,252,5.048409697,39,"CHR-39","CHR-149",TRUE,TRUE
"CHR",277,234,5.45933273,42,"CHR-39","CHR-29",TRUE,TRUE
"CHR",277,244,5.510588776,44,"CHR-39","CHR-32",TRUE,TRUE
"CHR",277,260,6.239109573,49,"CHR-39","CHR-85",TRUE,TRUE
"CHR",277,233,6.422664264,51,"CHR-39","CHR-27",TRUE,TRUE
"CHR",277,256,6.83427215,56,"CHR-39","CHR-110",TRUE,TRUE
"CHR",277,228,7.116624586,60,"CHR-39","CHR-25",TRUE,TRUE
"CHR",277,303,7.176553384,61,"CHR-39","CHR-93",TRUE,TRUE
"CHR",277,295,7.192833164,62,"CHR-39","CHR-115",TRUE,TRUE
"CHR",277,227,7.680677819,68,"CHR-39","CHR-95",TRUE,TRUE
"CHR",277,294,7.817152741,69,"CHR-39","CHR-82",TRUE,TRUE
"CHR",277,300,8.110510173,71,"CHR-39","CHR-86",TRUE,TRUE
"CHR",277,222,8.883945424,76,"CHR-39","CHR-52",TRUE,TRUE
"CHR",277,292,8.922176166,77,"CHR-39","CHR-128",TRUE,TRUE
"CHR",277,291,9.707677172,81,"CHR-39","CHR-150",TRUE,TRUE
"CHR",277,301,10.27751357,83,"CHR-39","CHR-45",TRUE,TRUE
"CHR",277,215,10.33583306,84,"CHR-39","CHR-58",TRUE,TRUE
"CHR",277,220,10.40756867,87,"CHR-39","CHR-97",TRUE,TRUE
"CHR",277,212,11.69684807,92,"CHR-39","CHR-139",TRUE,TRUE
"CHR",277,287,11.80339428,93,"CHR-39","CHR-145",TRUE,TRUE
"CHR",277,213,12.12745622,95,"CHR-39","CHR-19",TRUE,TRUE
"CHR",277,196,13.39427517,97,"CHR-39","CHR-101",TRUE,TRUE
"CHR",277,198,13.53496115,99,"CHR-39","CHR-76",TRUE,TRUE
"CHR",277,194,13.61036262,100,"CHR-39","CHR-11",TRUE,TRUE
"CHR",277,190,13.94342186,101,"CHR-39","CHR-9",TRUE,TRUE
"CHR",277,188,14.60087856,104,"CHR-39","CHR-148",TRUE,TRUE
"CHR",277,205,15.25649999,107,"CHR-39","CHR-66",TRUE,TRUE
"CHR",277,189,15.38728746,108,"CHR-39","CHR-7",TRUE,TRUE
"CHR",277,197,15.42556242,109,"CHR-39","CHR-12",TRUE,TRUE
"CHR",277,192,16.1553589,113,"CHR-39","CHR-80",TRUE,TRUE
"CHR",277,204,17.22533064,116,"CHR-39","CHR-16",TRUE,TRUE
"CHR",277,185,17.81694227,119,"CHR-39","CHR-6",TRUE,TRUE
"CHR",277,183,18.19585314,120,"CHR-39","CHR-78",TRUE,TRUE
"CHR",277,184,18.26278611,121,"CHR-39","CHR-74",TRUE,TRUE
"CHR",277,174,21.04846256,127,"CHR-39","CHR-73",TRUE,TRUE
"CHR",277,180,21.28259696,130,"CHR-39","CHR-4",TRUE,TRUE
"CHR",278,285,1.45330061,3,"CHR-151","CHR-77",TRUE,TRUE
"CHR",278,284,1.707202981,5,"CHR-151","CHR-43",TRUE,TRUE
"CHR",278,269,2.733275882,9,"CHR-151","CHR-119",TRUE,TRUE
"CHR",278,324,2.870916384,11,"CHR-151","CHR-133",TRUE,TRUE
"CHR",278,303,3.332966163,14,"CHR-151","CHR-93",TRUE,TRUE
"CHR",278,270,3.451248019,15,"CHR-151","CHR-37",TRUE,TRUE
"CHR",278,271,3.793397743,19,"CHR-151","CHR-96",TRUE,TRUE
"CHR",278,277,3.847179517,20,"CHR-151","CHR-39",TRUE,TRUE
"CHR",278,300,4.384319166,24,"CHR-151","CHR-86",TRUE,TRUE
"CHR",278,295,4.527146647,25,"CHR-151","CHR-115",TRUE,TRUE
"CHR",278,294,5.218217133,31,"CHR-151","CHR-82",TRUE,TRUE
"CHR",278,238,6.138429638,35,"CHR-151","CHR-109",TRUE,TRUE
"CHR",278,251,6.363914615,37,"CHR-151","CHR-54",TRUE,TRUE
"CHR",278,301,6.451162169,38,"CHR-151","CHR-45",TRUE,TRUE
"CHR",278,246,6.51008189,40,"CHR-151","CHR-33",TRUE,TRUE
"CHR",278,240,6.577697441,42,"CHR-151","CHR-99",TRUE,TRUE
"CHR",278,292,6.790833229,43,"CHR-151","CHR-128",TRUE,TRUE
"CHR",278,291,7.917279286,51,"CHR-151","CHR-150",TRUE,TRUE
"CHR",278,260,8.306012853,54,"CHR-151","CHR-85",TRUE,TRUE
"CHR",278,249,8.326762193,55,"CHR-151","CHR-112",TRUE,TRUE
"CHR",278,250,8.398125942,57,"CHR-151","CHR-102",TRUE,TRUE
"CHR",278,252,8.409319793,58,"CHR-151","CHR-149",TRUE,TRUE
"CHR",278,234,9.221837821,65,"CHR-151","CHR-29",TRUE,TRUE
"CHR",278,244,9.343164629,67,"CHR-151","CHR-32",TRUE,TRUE
"CHR",278,256,9.868233448,70,"CHR-151","CHR-110",TRUE,TRUE
"CHR",278,287,10.10039795,73,"CHR-151","CHR-145",TRUE,TRUE
"CHR",278,233,10.22398322,74,"CHR-151","CHR-27",TRUE,TRUE
"CHR",278,228,10.38974716,76,"CHR-151","CHR-25",TRUE,TRUE
"CHR",278,227,11.06313433,78,"CHR-151","CHR-95",TRUE,TRUE
"CHR",278,222,12.30502494,84,"CHR-151","CHR-52",TRUE,TRUE
"CHR",278,220,14.03144448,87,"CHR-151","CHR-97",TRUE,TRUE
"CHR",278,215,14.1356217,89,"CHR-151","CHR-58",TRUE,TRUE
"CHR",278,212,15.53483464,93,"CHR-151","CHR-139",TRUE,TRUE
"CHR",278,213,15.8991203,94,"CHR-151","CHR-19",TRUE,TRUE
"CHR",278,196,17.11645183,98,"CHR-151","CHR-101",TRUE,TRUE
"CHR",278,198,17.14743323,99,"CHR-151","CHR-76",TRUE,TRUE
"CHR",278,194,17.36725555,100,"CHR-151","CHR-11",TRUE,TRUE
"CHR",278,190,17.76010977,103,"CHR-151","CHR-9",TRUE,TRUE
"CHR",278,188,18.44421548,106,"CHR-151","CHR-148",TRUE,TRUE
"CHR",278,205,18.58457563,107,"CHR-151","CHR-66",TRUE,TRUE
"CHR",278,197,19.03444088,108,"CHR-151","CHR-12",TRUE,TRUE
"CHR",278,189,19.19733126,109,"CHR-151","CHR-7",TRUE,TRUE
"CHR",278,192,19.89943086,113,"CHR-151","CHR-80",TRUE,TRUE
"CHR",278,204,20.5833144,115,"CHR-151","CHR-16",TRUE,TRUE
"CHR",278,185,21.66372377,119,"CHR-151","CHR-6",TRUE,TRUE
"CHR",278,183,21.80951002,120,"CHR-151","CHR-78",TRUE,TRUE
"CHR",278,184,22.10798881,122,"CHR-151","CHR-74",TRUE,TRUE
"CHR",278,174,24.88427199,128,"CHR-151","CHR-73",TRUE,TRUE
"CHR",278,180,24.98854943,130,"CHR-151","CHR-4",TRUE,TRUE
"CHR",284,285,0.839108221,2,"CHR-43","CHR-77",TRUE,TRUE
"CHR",284,278,1.707202981,4,"CHR-43","CHR-151",TRUE,TRUE
"CHR",284,324,2.83997057,9,"CHR-43","CHR-133",TRUE,TRUE
"CHR",284,303,3.556400208,13,"CHR-43","CHR-93",TRUE,TRUE
"CHR",284,277,4.29802041,15,"CHR-43","CHR-39",TRUE,TRUE
"CHR",284,269,4.419706235,16,"CHR-43","CHR-119",TRUE,TRUE
"CHR",284,270,4.954167402,19,"CHR-43","CHR-37",TRUE,TRUE
"CHR",284,300,5.134706942,20,"CHR-43","CHR-86",TRUE,TRUE
"CHR",284,271,5.211051794,21,"CHR-43","CHR-96",TRUE,TRUE
"CHR",284,251,5.988924409,28,"CHR-43","CHR-54",TRUE,TRUE
"CHR",284,295,6.049258511,29,"CHR-43","CHR-115",TRUE,TRUE
"CHR",284,246,6.507326915,31,"CHR-43","CHR-33",TRUE,TRUE
"CHR",284,294,6.731077524,34,"CHR-43","CHR-82",TRUE,TRUE
"CHR",284,238,6.757032551,35,"CHR-43","CHR-109",TRUE,TRUE
"CHR",284,301,6.793815753,36,"CHR-43","CHR-45",TRUE,TRUE
"CHR",284,240,6.959151179,40,"CHR-43","CHR-99",TRUE,TRUE
"CHR",284,252,8.029418386,47,"CHR-43","CHR-149",TRUE,TRUE
"CHR",284,249,8.20278258,50,"CHR-43","CHR-112",TRUE,TRUE
"CHR",284,250,8.313013431,51,"CHR-43","CHR-102",TRUE,TRUE
"CHR",284,292,8.376653586,52,"CHR-43","CHR-128",TRUE,TRUE
"CHR",284,256,9.216245333,57,"CHR-43","CHR-110",TRUE,TRUE
"CHR",284,244,9.48243736,59,"CHR-43","CHR-32",TRUE,TRUE
"CHR",284,291,9.545469371,61,"CHR-43","CHR-150",TRUE,TRUE
"CHR",284,260,9.654873835,63,"CHR-43","CHR-85",TRUE,TRUE
"CHR",284,234,9.735905078,64,"CHR-43","CHR-29",TRUE,TRUE
"CHR",284,233,10.66265844,71,"CHR-43","CHR-27",TRUE,TRUE
"CHR",284,228,11.31385671,77,"CHR-43","CHR-25",TRUE,TRUE
"CHR",284,287,11.71799648,80,"CHR-43","CHR-145",TRUE,TRUE
"CHR",284,222,11.84556078,81,"CHR-43","CHR-52",TRUE,TRUE
"CHR",284,227,11.92499837,82,"CHR-43","CHR-95",TRUE,TRUE
"CHR",284,220,13.7343222,87,"CHR-43","CHR-97",TRUE,TRUE
"CHR",284,215,14.10829303,89,"CHR-43","CHR-58",TRUE,TRUE
"CHR",284,212,15.62450105,93,"CHR-43","CHR-139",TRUE,TRUE
"CHR",284,213,15.79405727,94,"CHR-43","CHR-19",TRUE,TRUE
"CHR",284,198,16.80240569,97,"CHR-43","CHR-76",TRUE,TRUE
"CHR",284,196,16.91537459,99,"CHR-43","CHR-101",TRUE,TRUE
"CHR",284,194,17.22238643,102,"CHR-43","CHR-11",TRUE,TRUE
"CHR",284,190,17.75028247,103,"CHR-43","CHR-9",TRUE,TRUE
"CHR",284,205,17.96708073,106,"CHR-43","CHR-66",TRUE,TRUE
"CHR",284,188,18.55353287,107,"CHR-43","CHR-148",TRUE,TRUE
"CHR",284,197,18.66987201,108,"CHR-43","CHR-12",TRUE,TRUE
"CHR",284,189,19.15943589,109,"CHR-43","CHR-7",TRUE,TRUE
"CHR",284,192,19.71509877,113,"CHR-43","CHR-80",TRUE,TRUE
"CHR",284,204,19.97329149,114,"CHR-43","CHR-16",TRUE,TRUE
"CHR",284,183,21.43275829,119,"CHR-43","CHR-78",TRUE,TRUE
"CHR",284,185,21.80674629,120,"CHR-43","CHR-6",TRUE,TRUE
"CHR",284,184,22.22238264,122,"CHR-43","CHR-74",TRUE,TRUE
"CHR",284,180,24.71865145,128,"CHR-43","CHR-4",TRUE,TRUE
"CHR",284,174,24.92060744,129,"CHR-43","CHR-73",TRUE,TRUE
"CHR",285,284,0.839108221,1,"CHR-77","CHR-43",TRUE,TRUE
"CHR",285,278,1.45330061,4,"CHR-77","CHR-151",TRUE,TRUE
"CHR",285,303,2.734618652,7,"CHR-77","CHR-93",TRUE,TRUE
"CHR",285,324,3.457013755,13,"CHR-77","CHR-133",TRUE,TRUE
"CHR",285,269,4.13979616,16,"CHR-77","CHR-119",TRUE,TRUE
"CHR",285,300,4.297242966,17,"CHR-77","CHR-86",TRUE,TRUE
"CHR",285,277,4.791374053,20,"CHR-77","CHR-39",TRUE,TRUE
"CHR",285,270,4.900609826,21,"CHR-77","CHR-37",TRUE,TRUE
"CHR",285,271,5.227094445,23,"CHR-77","CHR-96",TRUE,TRUE
"CHR",285,295,5.386086752,24,"CHR-77","CHR-115",TRUE,TRUE
"CHR",285,301,5.979133051,28,"CHR-77","CHR-45",TRUE,TRUE
"CHR",285,294,6.055954,29,"CHR-77","CHR-82",TRUE,TRUE
"CHR",285,251,6.747889304,35,"CHR-77","CHR-54",TRUE,TRUE
"CHR",285,246,7.177469539,37,"CHR-77","CHR-33",TRUE,TRUE
"CHR",285,238,7.214532493,38,"CHR-77","CHR-109",TRUE,TRUE
"CHR",285,240,7.509210322,40,"CHR-77","CHR-99",TRUE,TRUE
"CHR",285,292,7.740734887,43,"CHR-77","CHR-128",TRUE,TRUE
"CHR",285,252,8.798481126,51,"CHR-77","CHR-149",TRUE,TRUE
"CHR",285,249,8.914578166,52,"CHR-77","CHR-112",TRUE,TRUE
"CHR",285,291,8.943617375,53,"CHR-77","CHR-150",TRUE,TRUE
"CHR",285,250,9.015249927,55,"CHR-77","CHR-102",TRUE,TRUE
"CHR",285,260,9.732841536,61,"CHR-77","CHR-85",TRUE,TRUE
"CHR",285,256,10.03215791,63,"CHR-77","CHR-110",TRUE,TRUE
"CHR",285,244,10.12552495,65,"CHR-77","CHR-32",TRUE,TRUE
"CHR",285,234,10.25037497,66,"CHR-77","CHR-29",TRUE,TRUE
"CHR",285,287,11.09851282,73,"CHR-77","CHR-145",TRUE,TRUE
"CHR",285,233,11.20864481,74,"CHR-77","CHR-27",TRUE,TRUE
"CHR",285,228,11.65139462,76,"CHR-77","CHR-25",TRUE,TRUE
"CHR",285,227,12.29469973,81,"CHR-77","CHR-95",TRUE,TRUE
"CHR",285,222,12.63707064,83,"CHR-77","CHR-52",TRUE,TRUE
"CHR",285,220,14.49801994,86,"CHR-77","CHR-97",TRUE,TRUE
"CHR",285,215,14.80923295,89,"CHR-77","CHR-58",TRUE,TRUE
"CHR",285,212,16.29506323,93,"CHR-77","CHR-139",TRUE,TRUE
"CHR",285,213,16.5169135,94,"CHR-77","CHR-19",TRUE,TRUE
"CHR",285,198,17.57839997,98,"CHR-77","CHR-76",TRUE,TRUE
"CHR",285,196,17.66180877,100,"CHR-77","CHR-101",TRUE,TRUE
"CHR",285,194,17.95620286,102,"CHR-77","CHR-11",TRUE,TRUE
"CHR",285,190,18.45071003,103,"CHR-77","CHR-9",TRUE,TRUE
"CHR",285,205,18.78551316,106,"CHR-77","CHR-66",TRUE,TRUE
"CHR",285,188,19.22142747,107,"CHR-77","CHR-148",TRUE,TRUE
"CHR",285,197,19.45072401,108,"CHR-77","CHR-12",TRUE,TRUE
"CHR",285,189,19.86839311,109,"CHR-77","CHR-7",TRUE,TRUE
"CHR",285,192,20.45986246,113,"CHR-77","CHR-80",TRUE,TRUE
"CHR",285,204,20.79156207,114,"CHR-77","CHR-16",TRUE,TRUE
"CHR",285,183,22.21719126,119,"CHR-77","CHR-78",TRUE,TRUE
"CHR",285,185,22.46711907,120,"CHR-77","CHR-6",TRUE,TRUE
"CHR",285,184,22.891481,122,"CHR-77","CHR-74",TRUE,TRUE
"CHR",285,180,25.48412697,128,"CHR-77","CHR-4",TRUE,TRUE
"CHR",285,174,25.6132416,129,"CHR-77","CHR-73",TRUE,TRUE
"CHR",287,291,2.187295106,3,"CHR-145","CHR-150",TRUE,TRUE
"CHR",287,292,3.362892348,5,"CHR-145","CHR-128",TRUE,TRUE
"CHR",287,294,5.095688651,6,"CHR-145","CHR-82",TRUE,TRUE
"CHR",287,295,5.731007994,9,"CHR-145","CHR-115",TRUE,TRUE
"CHR",287,269,7.901147904,18,"CHR-145","CHR-119",TRUE,TRUE
"CHR",287,300,8.276744631,22,"CHR-145","CHR-86",TRUE,TRUE
"CHR",287,270,8.57451926,23,"CHR-145","CHR-37",TRUE,TRUE
"CHR",287,271,8.87800356,24,"CHR-145","CHR-96",TRUE,TRUE
"CHR",287,301,9.480200444,28,"CHR-145","CHR-45",TRUE,TRUE
"CHR",287,260,9.525413815,29,"CHR-145","CHR-85",TRUE,TRUE
"CHR",287,303,9.887222695,32,"CHR-145","CHR-93",TRUE,TRUE
"CHR",287,278,10.10039795,34,"CHR-145","CHR-151",TRUE,TRUE
"CHR",287,285,11.09851282,40,"CHR-145","CHR-77",TRUE,TRUE
"CHR",287,284,11.71799648,43,"CHR-145","CHR-43",TRUE,TRUE
"CHR",287,277,11.80339428,44,"CHR-145","CHR-39",TRUE,TRUE
"CHR",287,324,12.09866462,48,"CHR-145","CHR-133",TRUE,TRUE
"CHR",287,238,12.3693653,50,"CHR-145","CHR-109",TRUE,TRUE
"CHR",287,228,13.34181437,55,"CHR-145","CHR-25",TRUE,TRUE
"CHR",287,240,13.3530512,56,"CHR-145","CHR-99",TRUE,TRUE
"CHR",287,227,14.11933115,58,"CHR-145","CHR-95",TRUE,TRUE
"CHR",287,246,14.34085574,60,"CHR-145","CHR-33",TRUE,TRUE
"CHR",287,234,14.55059605,61,"CHR-145","CHR-29",TRUE,TRUE
"CHR",287,251,15.03126028,66,"CHR-145","CHR-54",TRUE,TRUE
"CHR",287,233,15.54975474,68,"CHR-145","CHR-27",TRUE,TRUE
"CHR",287,250,15.94890647,70,"CHR-145","CHR-102",TRUE,TRUE
"CHR",287,244,15.99720369,71,"CHR-145","CHR-32",TRUE,TRUE
"CHR",287,249,15.99821899,72,"CHR-145","CHR-112",TRUE,TRUE
"CHR",287,252,16.70446132,75,"CHR-145","CHR-149",TRUE,TRUE
"CHR",287,256,18.59541516,83,"CHR-145","CHR-110",TRUE,TRUE
"CHR",287,222,20.29611092,86,"CHR-145","CHR-52",TRUE,TRUE
"CHR",287,215,20.50186793,87,"CHR-145","CHR-58",TRUE,TRUE
"CHR",287,212,21.2615193,91,"CHR-145","CHR-139",TRUE,TRUE
"CHR",287,220,21.34962162,92,"CHR-145","CHR-97",TRUE,TRUE
"CHR",287,213,22.34543321,94,"CHR-145","CHR-19",TRUE,TRUE
"CHR",287,190,23.64100373,97,"CHR-145","CHR-9",TRUE,TRUE
"CHR",287,188,23.75238954,98,"CHR-145","CHR-148",TRUE,TRUE
"CHR",287,196,23.80237591,99,"CHR-145","CHR-101",TRUE,TRUE
"CHR",287,194,23.81924752,100,"CHR-145","CHR-11",TRUE,TRUE
"CHR",287,198,24.34694479,103,"CHR-145","CHR-76",TRUE,TRUE
"CHR",287,189,25.06044135,104,"CHR-145","CHR-7",TRUE,TRUE
"CHR",287,197,26.1690448,111,"CHR-145","CHR-12",TRUE,TRUE
"CHR",287,192,26.29770307,112,"CHR-145","CHR-80",TRUE,TRUE
"CHR",287,185,26.52347164,114,"CHR-145","CHR-6",TRUE,TRUE
"CHR",287,205,26.59562009,115,"CHR-145","CHR-66",TRUE,TRUE
"CHR",287,184,27.06444658,117,"CHR-145","CHR-74",TRUE,TRUE
"CHR",287,204,28.47631231,121,"CHR-145","CHR-16",TRUE,TRUE
"CHR",287,183,28.82525223,123,"CHR-145","CHR-78",TRUE,TRUE
"CHR",287,174,30.00699229,126,"CHR-145","CHR-73",TRUE,TRUE
"CHR",287,180,31.42802513,129,"CHR-145","CHR-4",TRUE,TRUE
"CHR",291,292,1.294978523,1,"CHR-150","CHR-128",TRUE,TRUE
"CHR",291,287,2.187295106,5,"CHR-150","CHR-145",TRUE,TRUE
"CHR",291,294,3.035418855,6,"CHR-150","CHR-82",TRUE,TRUE
"CHR",291,295,3.621011196,9,"CHR-150","CHR-115",TRUE,TRUE
"CHR",291,269,5.738242995,16,"CHR-150","CHR-119",TRUE,TRUE
"CHR",291,300,6.435490069,22,"CHR-150","CHR-86",TRUE,TRUE
"CHR",291,270,6.500157951,23,"CHR-150","CHR-37",TRUE,TRUE
"CHR",291,271,6.842612226,24,"CHR-150","CHR-96",TRUE,TRUE
"CHR",291,303,7.907090795,29,"CHR-150","CHR-93",TRUE,TRUE
"CHR",291,278,7.917279286,30,"CHR-150","CHR-151",TRUE,TRUE
"CHR",291,301,7.973090562,31,"CHR-150","CHR-45",TRUE,TRUE
"CHR",291,260,8.186073161,34,"CHR-150","CHR-85",TRUE,TRUE
"CHR",291,285,8.943617375,39,"CHR-150","CHR-77",TRUE,TRUE
"CHR",291,284,9.545469371,42,"CHR-150","CHR-43",TRUE,TRUE
"CHR",291,277,9.707677172,43,"CHR-150","CHR-39",TRUE,TRUE
"CHR",291,324,9.93458016,45,"CHR-150","CHR-133",TRUE,TRUE
"CHR",291,238,10.45609907,48,"CHR-150","CHR-109",TRUE,TRUE
"CHR",291,240,11.41512847,54,"CHR-150","CHR-99",TRUE,TRUE
"CHR",291,228,11.96343418,56,"CHR-150","CHR-25",TRUE,TRUE
"CHR",291,246,12.31668876,57,"CHR-150","CHR-33",TRUE,TRUE
"CHR",291,227,12.75965136,62,"CHR-150","CHR-95",TRUE,TRUE
"CHR",291,234,12.84002755,63,"CHR-150","CHR-29",TRUE,TRUE
"CHR",291,251,12.938602,64,"CHR-150","CHR-54",TRUE,TRUE
"CHR",291,233,13.87186793,69,"CHR-150","CHR-27",TRUE,TRUE
"CHR",291,250,13.98501706,70,"CHR-150","CHR-102",TRUE,TRUE
"CHR",291,249,14.0212532,71,"CHR-150","CHR-112",TRUE,TRUE
"CHR",291,244,14.14510354,72,"CHR-150","CHR-32",TRUE,TRUE
"CHR",291,252,14.66795339,73,"CHR-150","CHR-149",TRUE,TRUE
"CHR",291,256,16.52871407,80,"CHR-150","CHR-110",TRUE,TRUE
"CHR",291,222,18.33185936,86,"CHR-150","CHR-52",TRUE,TRUE
"CHR",291,215,18.76947933,88,"CHR-150","CHR-58",TRUE,TRUE
"CHR",291,220,19.48712461,89,"CHR-150","CHR-97",TRUE,TRUE
"CHR",291,212,19.6399152,91,"CHR-150","CHR-139",TRUE,TRUE
"CHR",291,213,20.62371574,94,"CHR-150","CHR-19",TRUE,TRUE
"CHR",291,190,22.02431314,97,"CHR-150","CHR-9",TRUE,TRUE
"CHR",291,196,22.05824628,98,"CHR-150","CHR-101",TRUE,TRUE
"CHR",291,194,22.11213637,99,"CHR-150","CHR-11",TRUE,TRUE
"CHR",291,188,22.23282802,100,"CHR-150","CHR-148",TRUE,TRUE
"CHR",291,198,22.52832376,102,"CHR-150","CHR-76",TRUE,TRUE
"CHR",291,189,23.46154824,104,"CHR-150","CHR-7",TRUE,TRUE
"CHR",291,197,24.37368881,110,"CHR-150","CHR-12",TRUE,TRUE
"CHR",291,192,24.62128642,112,"CHR-150","CHR-80",TRUE,TRUE
"CHR",291,205,24.6694331,113,"CHR-150","CHR-66",TRUE,TRUE
"CHR",291,185,25.11259272,115,"CHR-150","CHR-6",TRUE,TRUE
"CHR",291,184,25.64163551,117,"CHR-150","CHR-74",TRUE,TRUE
"CHR",291,204,26.57651967,119,"CHR-150","CHR-16",TRUE,TRUE
"CHR",291,183,27.06540954,124,"CHR-150","CHR-78",TRUE,TRUE
"CHR",291,174,28.57936034,126,"CHR-150","CHR-73",TRUE,TRUE
"CHR",291,180,29.77877437,129,"CHR-150","CHR-4",TRUE,TRUE
"CHR",292,291,1.294978523,1,"CHR-128","CHR-150",TRUE,TRUE
"CHR",292,294,1.750754902,2,"CHR-128","CHR-82",TRUE,TRUE
"CHR",292,295,2.368522663,4,"CHR-128","CHR-115",TRUE,TRUE
"CHR",292,287,3.362892348,9,"CHR-128","CHR-145",TRUE,TRUE
"CHR",292,269,4.839970372,15,"CHR-128","CHR-119",TRUE,TRUE
"CHR",292,300,5.150742905,20,"CHR-128","CHR-86",TRUE,TRUE
"CHR",292,270,5.803417779,22,"CHR-128","CHR-37",TRUE,TRUE
"CHR",292,271,6.207264631,23,"CHR-128","CHR-96",TRUE,TRUE
"CHR",292,303,6.614013398,26,"CHR-128","CHR-93",TRUE,TRUE
"CHR",292,301,6.777622682,28,"CHR-128","CHR-45",TRUE,TRUE
"CHR",292,278,6.790833229,29,"CHR-128","CHR-151",TRUE,TRUE
"CHR",292,285,7.740734887,33,"CHR-128","CHR-77",TRUE,TRUE
"CHR",292,260,8.270698515,39,"CHR-128","CHR-85",TRUE,TRUE
"CHR",292,284,8.376653586,41,"CHR-128","CHR-43",TRUE,TRUE
"CHR",292,277,8.922176166,44,"CHR-128","CHR-39",TRUE,TRUE
"CHR",292,324,8.987406143,45,"CHR-128","CHR-133",TRUE,TRUE
"CHR",292,238,9.933919179,47,"CHR-128","CHR-109",TRUE,TRUE
"CHR",292,240,10.85140017,53,"CHR-128","CHR-99",TRUE,TRUE
"CHR",292,246,11.6279427,56,"CHR-128","CHR-33",TRUE,TRUE
"CHR",292,228,11.9443778,58,"CHR-128","CHR-25",TRUE,TRUE
"CHR",292,251,12.13630432,61,"CHR-128","CHR-54",TRUE,TRUE
"CHR",292,234,12.51519135,64,"CHR-128","CHR-29",TRUE,TRUE
"CHR",292,227,12.74572561,66,"CHR-128","CHR-95",TRUE,TRUE
"CHR",292,250,13.36803151,69,"CHR-128","CHR-102",TRUE,TRUE
"CHR",292,249,13.3869908,70,"CHR-128","CHR-112",TRUE,TRUE
"CHR",292,233,13.569444,71,"CHR-128","CHR-27",TRUE,TRUE
"CHR",292,244,13.66075475,72,"CHR-128","CHR-32",TRUE,TRUE
"CHR",292,252,13.94743473,73,"CHR-128","CHR-149",TRUE,TRUE
"CHR",292,256,15.75477188,79,"CHR-128","CHR-110",TRUE,TRUE
"CHR",292,222,17.69418877,86,"CHR-128","CHR-52",TRUE,TRUE
"CHR",292,215,18.38380221,88,"CHR-128","CHR-58",TRUE,TRUE
"CHR",292,220,18.96419155,89,"CHR-128","CHR-97",TRUE,TRUE
"CHR",292,212,19.35428136,91,"CHR-128","CHR-139",TRUE,TRUE
"CHR",292,213,20.24081039,95,"CHR-128","CHR-19",TRUE,TRUE
"CHR",292,196,21.6486483,97,"CHR-128","CHR-101",TRUE,TRUE
"CHR",292,190,21.73367143,98,"CHR-128","CHR-9",TRUE,TRUE
"CHR",292,194,21.73798496,99,"CHR-128","CHR-11",TRUE,TRUE
"CHR",292,188,22.02573576,101,"CHR-128","CHR-148",TRUE,TRUE
"CHR",292,198,22.04238302,102,"CHR-128","CHR-76",TRUE,TRUE
"CHR",292,189,23.18191378,105,"CHR-128","CHR-7",TRUE,TRUE
"CHR",292,197,23.90666996,110,"CHR-128","CHR-12",TRUE,TRUE
"CHR",292,205,24.06060461,112,"CHR-128","CHR-66",TRUE,TRUE
"CHR",292,192,24.26838259,113,"CHR-128","CHR-80",TRUE,TRUE
"CHR",292,185,24.9849295,116,"CHR-128","CHR-6",TRUE,TRUE
"CHR",292,184,25.50292221,117,"CHR-128","CHR-74",TRUE,TRUE
"CHR",292,204,25.99401697,119,"CHR-128","CHR-16",TRUE,TRUE
"CHR",292,183,26.62753665,123,"CHR-128","CHR-78",TRUE,TRUE
"CHR",292,174,28.42927924,126,"CHR-128","CHR-73",TRUE,TRUE
"CHR",292,180,29.43897383,129,"CHR-128","CHR-4",TRUE,TRUE
"CHR",294,295,0.691289406,1,"CHR-82","CHR-115",TRUE,TRUE
"CHR",294,292,1.750754902,4,"CHR-82","CHR-128",TRUE,TRUE
"CHR",294,291,3.035418855,7,"CHR-82","CHR-150",TRUE,TRUE
"CHR",294,300,3.52197272,13,"CHR-82","CHR-86",TRUE,TRUE
"CHR",294,269,3.72330533,14,"CHR-82","CHR-119",TRUE,TRUE
"CHR",294,303,4.876923868,19,"CHR-82","CHR-93",TRUE,TRUE
"CHR",294,270,4.955656293,21,"CHR-82","CHR-37",TRUE,TRUE
"CHR",294,287,5.095688651,23,"CHR-82","CHR-145",TRUE,TRUE
"CHR",294,278,5.218217133,24,"CHR-82","CHR-151",TRUE,TRUE
"CHR",294,301,5.419015914,25,"CHR-82","CHR-45",TRUE,TRUE
"CHR",294,271,5.430762873,26,"CHR-82","CHR-96",TRUE,TRUE
"CHR",294,285,6.055954,30,"CHR-82","CHR-77",TRUE,TRUE
"CHR",294,284,6.731077524,34,"CHR-82","CHR-43",TRUE,TRUE
"CHR",294,324,7.64483771,39,"CHR-82","CHR-133",TRUE,TRUE
"CHR",294,277,7.817152741,41,"CHR-82","CHR-39",TRUE,TRUE
"CHR",294,260,8.41495553,45,"CHR-82","CHR-85",TRUE,TRUE
"CHR",294,238,9.186098508,48,"CHR-82","CHR-109",TRUE,TRUE
"CHR",294,240,10.02551878,51,"CHR-82","CHR-99",TRUE,TRUE
"CHR",294,246,10.61350775,55,"CHR-82","CHR-33",TRUE,TRUE
"CHR",294,251,10.95740716,56,"CHR-82","CHR-54",TRUE,TRUE
"CHR",294,228,11.85051341,64,"CHR-82","CHR-25",TRUE,TRUE
"CHR",294,234,11.9931834,65,"CHR-82","CHR-29",TRUE,TRUE
"CHR",294,249,12.42611995,67,"CHR-82","CHR-112",TRUE,TRUE
"CHR",294,250,12.4311523,68,"CHR-82","CHR-102",TRUE,TRUE
"CHR",294,227,12.64473553,69,"CHR-82","CHR-95",TRUE,TRUE
"CHR",294,252,12.86273697,70,"CHR-82","CHR-149",TRUE,TRUE
"CHR",294,244,12.90294043,71,"CHR-82","CHR-32",TRUE,TRUE
"CHR",294,233,13.06260554,72,"CHR-82","CHR-27",TRUE,TRUE
"CHR",294,256,14.58411522,79,"CHR-82","CHR-110",TRUE,TRUE
"CHR",294,222,16.69321229,86,"CHR-82","CHR-52",TRUE,TRUE
"CHR",294,215,17.71650288,88,"CHR-82","CHR-58",TRUE,TRUE
"CHR",294,220,18.10885817,89,"CHR-82","CHR-97",TRUE,TRUE
"CHR",294,212,18.81510283,90,"CHR-82","CHR-139",TRUE,TRUE
"CHR",294,213,19.56544902,96,"CHR-82","CHR-19",TRUE,TRUE
"CHR",294,196,20.93011046,97,"CHR-82","CHR-101",TRUE,TRUE
"CHR",294,194,21.06631553,98,"CHR-82","CHR-11",TRUE,TRUE
"CHR",294,190,21.17376188,100,"CHR-82","CHR-9",TRUE,TRUE
"CHR",294,198,21.22043806,101,"CHR-82","CHR-76",TRUE,TRUE
"CHR",294,188,21.57639787,102,"CHR-82","CHR-148",TRUE,TRUE
"CHR",294,189,22.62964754,108,"CHR-82","CHR-7",TRUE,TRUE
"CHR",294,205,23.06906568,109,"CHR-82","CHR-66",TRUE,TRUE
"CHR",294,197,23.10204667,110,"CHR-82","CHR-12",TRUE,TRUE
"CHR",294,192,23.61369084,113,"CHR-82","CHR-80",TRUE,TRUE
"CHR",294,185,24.6284023,116,"CHR-82","CHR-6",TRUE,TRUE
"CHR",294,204,25.0308044,118,"CHR-82","CHR-16",TRUE,TRUE
"CHR",294,184,25.12945402,119,"CHR-82","CHR-74",TRUE,TRUE
"CHR",294,183,25.85191382,122,"CHR-82","CHR-78",TRUE,TRUE
"CHR",294,174,28.03015619,127,"CHR-82","CHR-73",TRUE,TRUE
"CHR",294,180,28.78449961,129,"CHR-82","CHR-4",TRUE,TRUE
"CHR",295,294,0.691289406,1,"CHR-115","CHR-82",TRUE,TRUE
"CHR",295,292,2.368522663,6,"CHR-115","CHR-128",TRUE,TRUE
"CHR",295,269,3.134884851,11,"CHR-115","CHR-119",TRUE,TRUE
"CHR",295,300,3.205269749,13,"CHR-115","CHR-86",TRUE,TRUE
"CHR",295,291,3.621011196,14,"CHR-115","CHR-150",TRUE,TRUE
"CHR",295,303,4.367526945,17,"CHR-115","CHR-93",TRUE,TRUE
"CHR",295,270,4.433149544,18,"CHR-115","CHR-37",TRUE,TRUE
"CHR",295,278,4.527146647,20,"CHR-115","CHR-151",TRUE,TRUE
"CHR",295,271,4.924170673,23,"CHR-115","CHR-96",TRUE,TRUE
"CHR",295,301,5.294267559,26,"CHR-115","CHR-45",TRUE,TRUE
"CHR",295,285,5.386086752,27,"CHR-115","CHR-77",TRUE,TRUE
"CHR",295,287,5.731007994,31,"CHR-115","CHR-145",TRUE,TRUE
"CHR",295,284,6.049258511,34,"CHR-115","CHR-43",TRUE,TRUE
"CHR",295,324,6.971852436,39,"CHR-115","CHR-133",TRUE,TRUE
"CHR",295,277,7.192833164,41,"CHR-115","CHR-39",TRUE,TRUE
"CHR",295,260,8.196611917,47,"CHR-115","CHR-85",TRUE,TRUE
"CHR",295,238,8.65338021,48,"CHR-115","CHR-109",TRUE,TRUE
"CHR",295,240,9.46622366,51,"CHR-115","CHR-99",TRUE,TRUE
"CHR",295,246,10.00244665,54,"CHR-115","CHR-33",TRUE,TRUE
"CHR",295,251,10.30881913,56,"CHR-115","CHR-54",TRUE,TRUE
"CHR",295,234,11.51690142,64,"CHR-115","CHR-29",TRUE,TRUE
"CHR",295,228,11.51812752,65,"CHR-115","CHR-25",TRUE,TRUE
"CHR",295,249,11.82419288,67,"CHR-115","CHR-112",TRUE,TRUE
"CHR",295,250,11.83520927,68,"CHR-115","CHR-102",TRUE,TRUE
"CHR",295,252,12.23114705,69,"CHR-115","CHR-149",TRUE,TRUE
"CHR",295,227,12.30600658,70,"CHR-115","CHR-95",TRUE,TRUE
"CHR",295,244,12.35367069,71,"CHR-115","CHR-32",TRUE,TRUE
"CHR",295,233,12.58730193,72,"CHR-115","CHR-27",TRUE,TRUE
"CHR",295,256,13.93305682,79,"CHR-115","CHR-110",TRUE,TRUE
"CHR",295,222,16.07581658,86,"CHR-115","CHR-52",TRUE,TRUE
"CHR",295,215,17.18341653,88,"CHR-115","CHR-58",TRUE,TRUE
"CHR",295,220,17.52499628,89,"CHR-115","CHR-97",TRUE,TRUE
"CHR",295,212,18.31744832,91,"CHR-115","CHR-139",TRUE,TRUE
"CHR",295,213,19.02770251,96,"CHR-115","CHR-19",TRUE,TRUE
"CHR",295,196,20.37910039,97,"CHR-115","CHR-101",TRUE,TRUE
"CHR",295,194,20.5279647,98,"CHR-115","CHR-11",TRUE,TRUE
"CHR",295,198,20.64211365,100,"CHR-115","CHR-76",TRUE,TRUE
"CHR",295,190,20.66699776,101,"CHR-115","CHR-9",TRUE,TRUE
"CHR",295,188,21.10205484,102,"CHR-115","CHR-148",TRUE,TRUE
"CHR",295,189,22.12357368,108,"CHR-115","CHR-7",TRUE,TRUE
"CHR",295,205,22.44931735,109,"CHR-115","CHR-66",TRUE,TRUE
"CHR",295,197,22.52670163,110,"CHR-115","CHR-12",TRUE,TRUE
"CHR",295,192,23.07772789,113,"CHR-115","CHR-80",TRUE,TRUE
"CHR",295,185,24.17933489,116,"CHR-115","CHR-6",TRUE,TRUE
"CHR",295,204,24.41640549,118,"CHR-115","CHR-16",TRUE,TRUE
"CHR",295,184,24.67464637,119,"CHR-115","CHR-74",TRUE,TRUE
"CHR",295,183,25.28222426,121,"CHR-115","CHR-78",TRUE,TRUE
"CHR",295,174,27.56509071,127,"CHR-115","CHR-73",TRUE,TRUE
"CHR",295,180,28.24518316,129,"CHR-115","CHR-4",TRUE,TRUE
"CHR",300,303,1.870428532,5,"CHR-86","CHR-93",TRUE,TRUE
"CHR",300,301,2.354797352,6,"CHR-86","CHR-45",TRUE,TRUE
"CHR",300,295,3.205269749,8,"CHR-86","CHR-115",TRUE,TRUE
"CHR",300,294,3.52197272,10,"CHR-86","CHR-82",TRUE,TRUE
"CHR",300,285,4.297242966,13,"CHR-86","CHR-77",TRUE,TRUE
"CHR",300,278,4.384319166,14,"CHR-86","CHR-151",TRUE,TRUE
"CHR",300,269,4.959865034,16,"CHR-86","CHR-119",TRUE,TRUE
"CHR",300,284,5.134706942,19,"CHR-86","CHR-43",TRUE,TRUE
"CHR",300,292,5.150742905,20,"CHR-86","CHR-128",TRUE,TRUE
"CHR",300,270,6.364195425,25,"CHR-86","CHR-37",TRUE,TRUE
"CHR",300,291,6.435490069,26,"CHR-86","CHR-150",TRUE,TRUE
"CHR",300,271,6.869086004,27,"CHR-86","CHR-96",TRUE,TRUE
"CHR",300,324,7.254204793,30,"CHR-86","CHR-133",TRUE,TRUE
"CHR",300,277,8.110510173,37,"CHR-86","CHR-39",TRUE,TRUE
"CHR",300,287,8.276744631,38,"CHR-86","CHR-145",TRUE,TRUE
"CHR",300,238,10.16538268,46,"CHR-86","CHR-109",TRUE,TRUE
"CHR",300,251,10.74217201,49,"CHR-86","CHR-54",TRUE,TRUE
"CHR",300,240,10.76603077,50,"CHR-86","CHR-99",TRUE,TRUE
"CHR",300,246,10.86365934,53,"CHR-86","CHR-33",TRUE,TRUE
"CHR",300,260,10.90168291,54,"CHR-86","CHR-85",TRUE,TRUE
"CHR",300,249,12.6934362,61,"CHR-86","CHR-112",TRUE,TRUE
"CHR",300,250,12.75639032,63,"CHR-86","CHR-102",TRUE,TRUE
"CHR",300,252,12.79152281,65,"CHR-86","CHR-149",TRUE,TRUE
"CHR",300,234,13.22996489,70,"CHR-86","CHR-29",TRUE,TRUE
"CHR",300,244,13.61310389,71,"CHR-86","CHR-32",TRUE,TRUE
"CHR",300,228,13.82924215,72,"CHR-86","CHR-25",TRUE,TRUE
"CHR",300,256,14.19959013,73,"CHR-86","CHR-110",TRUE,TRUE
"CHR",300,233,14.27693674,74,"CHR-86","CHR-27",TRUE,TRUE
"CHR",300,227,14.58029308,77,"CHR-86","CHR-95",TRUE,TRUE
"CHR",300,222,16.6846958,84,"CHR-86","CHR-52",TRUE,TRUE
"CHR",300,220,18.41139156,88,"CHR-86","CHR-97",TRUE,TRUE
"CHR",300,215,18.44634242,89,"CHR-86","CHR-58",TRUE,TRUE
"CHR",300,212,19.78162675,92,"CHR-86","CHR-139",TRUE,TRUE
"CHR",300,213,20.23320824,95,"CHR-86","CHR-19",TRUE,TRUE
"CHR",300,196,21.47623264,98,"CHR-86","CHR-101",TRUE,TRUE
"CHR",300,198,21.52975368,99,"CHR-86","CHR-76",TRUE,TRUE
"CHR",300,194,21.7110138,100,"CHR-86","CHR-11",TRUE,TRUE
"CHR",300,190,22.04960148,103,"CHR-86","CHR-9",TRUE,TRUE
"CHR",300,188,22.66520267,105,"CHR-86","CHR-148",TRUE,TRUE
"CHR",300,205,22.94034015,107,"CHR-86","CHR-66",TRUE,TRUE
"CHR",300,197,23.41744976,108,"CHR-86","CHR-12",TRUE,TRUE
"CHR",300,189,23.4957238,110,"CHR-86","CHR-7",TRUE,TRUE
"CHR",300,192,24.25083568,113,"CHR-86","CHR-80",TRUE,TRUE
"CHR",300,204,24.94245486,115,"CHR-86","CHR-16",TRUE,TRUE
"CHR",300,185,25.84932258,119,"CHR-86","CHR-6",TRUE,TRUE
"CHR",300,183,26.19264283,120,"CHR-86","CHR-78",TRUE,TRUE
"CHR",300,184,26.31174488,121,"CHR-86","CHR-74",TRUE,TRUE
"CHR",300,174,29.12985901,128,"CHR-86","CHR-73",TRUE,TRUE
"CHR",300,180,29.35647712,130,"CHR-86","CHR-4",TRUE,TRUE
"CHR",301,300,2.354797352,2,"CHR-45","CHR-86",TRUE,TRUE
"CHR",301,303,3.246163671,6,"CHR-45","CHR-93",TRUE,TRUE
"CHR",301,295,5.294267559,9,"CHR-45","CHR-115",TRUE,TRUE
"CHR",301,294,5.419015914,10,"CHR-45","CHR-82",TRUE,TRUE
"CHR",301,285,5.979133051,12,"CHR-45","CHR-77",TRUE,TRUE
"CHR",301,278,6.451162169,14,"CHR-45","CHR-151",TRUE,TRUE
"CHR",301,292,6.777622682,16,"CHR-45","CHR-128",TRUE,TRUE
"CHR",301,284,6.793815753,17,"CHR-45","CHR-43",TRUE,TRUE
"CHR",301,269,7.313678212,19,"CHR-45","CHR-119",TRUE,TRUE
"CHR",301,291,7.973090562,24,"CHR-45","CHR-150",TRUE,TRUE
"CHR",301,270,8.714225476,26,"CHR-45","CHR-37",TRUE,TRUE
"CHR",301,271,9.217123692,29,"CHR-45","CHR-96",TRUE,TRUE
"CHR",301,324,9.261564291,30,"CHR-45","CHR-133",TRUE,TRUE
"CHR",301,287,9.480200444,33,"CHR-45","CHR-145",TRUE,TRUE
"CHR",301,277,10.27751357,38,"CHR-45","CHR-39",TRUE,TRUE
"CHR",301,238,12.43113436,46,"CHR-45","CHR-109",TRUE,TRUE
"CHR",301,251,12.68888255,48,"CHR-45","CHR-54",TRUE,TRUE
"CHR",301,246,12.95554044,50,"CHR-45","CHR-33",TRUE,TRUE
"CHR",301,240,12.97952929,51,"CHR-45","CHR-99",TRUE,TRUE
"CHR",301,260,13.23559611,54,"CHR-45","CHR-85",TRUE,TRUE
"CHR",301,252,14.74574235,61,"CHR-45","CHR-149",TRUE,TRUE
"CHR",301,249,14.75912949,62,"CHR-45","CHR-112",TRUE,TRUE
"CHR",301,250,14.83818046,63,"CHR-45","CHR-102",TRUE,TRUE
"CHR",301,234,15.51096627,69,"CHR-45","CHR-29",TRUE,TRUE
"CHR",301,244,15.78636065,71,"CHR-45","CHR-32",TRUE,TRUE
"CHR",301,256,16.00931968,72,"CHR-45","CHR-110",TRUE,TRUE
"CHR",301,228,16.18122728,73,"CHR-45","CHR-25",TRUE,TRUE
"CHR",301,233,16.54801295,75,"CHR-45","CHR-27",TRUE,TRUE
"CHR",301,227,16.92975518,77,"CHR-45","CHR-95",TRUE,TRUE
"CHR",301,222,18.60651776,83,"CHR-45","CHR-52",TRUE,TRUE
"CHR",301,220,20.42508594,88,"CHR-45","CHR-97",TRUE,TRUE
"CHR",301,215,20.58676816,90,"CHR-45","CHR-58",TRUE,TRUE
"CHR",301,212,21.97434176,93,"CHR-45","CHR-139",TRUE,TRUE
"CHR",301,213,22.34633259,95,"CHR-45","CHR-19",TRUE,TRUE
"CHR",301,198,23.52380221,98,"CHR-45","CHR-76",TRUE,TRUE
"CHR",301,196,23.54694022,99,"CHR-45","CHR-101",TRUE,TRUE
"CHR",301,194,23.80987697,101,"CHR-45","CHR-11",TRUE,TRUE
"CHR",301,190,24.21033054,103,"CHR-45","CHR-9",TRUE,TRUE
"CHR",301,205,24.76089432,106,"CHR-45","CHR-66",TRUE,TRUE
"CHR",301,188,24.87527375,107,"CHR-45","CHR-148",TRUE,TRUE
"CHR",301,197,25.40285209,108,"CHR-45","CHR-12",TRUE,TRUE
"CHR",301,189,25.64837169,109,"CHR-45","CHR-7",TRUE,TRUE
"CHR",301,192,26.33609713,113,"CHR-45","CHR-80",TRUE,TRUE
"CHR",301,204,26.76710283,114,"CHR-45","CHR-16",TRUE,TRUE
"CHR",301,185,28.08003011,119,"CHR-45","CHR-6",TRUE,TRUE
"CHR",301,183,28.17367532,120,"CHR-45","CHR-78",TRUE,TRUE
"CHR",301,184,28.53299789,122,"CHR-45","CHR-74",TRUE,TRUE
"CHR",301,174,31.3259709,128,"CHR-45","CHR-73",TRUE,TRUE
"CHR",301,180,31.40355192,129,"CHR-45","CHR-4",TRUE,TRUE
"CHR",303,300,1.870428532,4,"CHR-93","CHR-86",TRUE,TRUE
"CHR",303,285,2.734618652,6,"CHR-93","CHR-77",TRUE,TRUE
"CHR",303,301,3.246163671,7,"CHR-93","CHR-45",TRUE,TRUE
"CHR",303,278,3.332966163,8,"CHR-93","CHR-151",TRUE,TRUE
"CHR",303,284,3.556400208,11,"CHR-93","CHR-43",TRUE,TRUE
"CHR",303,295,4.367526945,13,"CHR-93","CHR-115",TRUE,TRUE
"CHR",303,294,4.876923868,19,"CHR-93","CHR-82",TRUE,TRUE
"CHR",303,269,4.930722336,20,"CHR-93","CHR-119",TRUE,TRUE
"CHR",303,324,6.053862163,24,"CHR-93","CHR-133",TRUE,TRUE
"CHR",303,270,6.182950427,27,"CHR-93","CHR-37",TRUE,TRUE
"CHR",303,292,6.614013398,29,"CHR-93","CHR-128",TRUE,TRUE
"CHR",303,271,6.642331491,30,"CHR-93","CHR-96",TRUE,TRUE
"CHR",303,277,7.176553384,31,"CHR-93","CHR-39",TRUE,TRUE
"CHR",303,291,7.907090795,34,"CHR-93","CHR-150",TRUE,TRUE
"CHR",303,251,9.450754236,42,"CHR-93","CHR-54",TRUE,TRUE
"CHR",303,238,9.455109905,43,"CHR-93","CHR-109",TRUE,TRUE
"CHR",303,246,9.771915537,46,"CHR-93","CHR-33",TRUE,TRUE
"CHR",303,287,9.887222695,48,"CHR-93","CHR-145",TRUE,TRUE
"CHR",303,240,9.910183806,49,"CHR-93","CHR-99",TRUE,TRUE
"CHR",303,260,11.01759774,57,"CHR-93","CHR-85",TRUE,TRUE
"CHR",303,252,11.50661239,61,"CHR-93","CHR-149",TRUE,TRUE
"CHR",303,249,11.55530626,62,"CHR-93","CHR-112",TRUE,TRUE
"CHR",303,250,11.64241472,63,"CHR-93","CHR-102",TRUE,TRUE
"CHR",303,234,12.54316078,69,"CHR-93","CHR-29",TRUE,TRUE
"CHR",303,244,12.6552842,70,"CHR-93","CHR-32",TRUE,TRUE
"CHR",303,256,12.7667261,71,"CHR-93","CHR-110",TRUE,TRUE
"CHR",303,228,13.53847398,74,"CHR-93","CHR-25",TRUE,TRUE
"CHR",303,233,13.55260368,75,"CHR-93","CHR-27",TRUE,TRUE
"CHR",303,227,14.24642123,78,"CHR-93","CHR-95",TRUE,TRUE
"CHR",303,222,15.36161737,83,"CHR-93","CHR-52",TRUE,TRUE
"CHR",303,220,17.19439348,87,"CHR-93","CHR-97",TRUE,TRUE
"CHR",303,215,17.416029,90,"CHR-93","CHR-58",TRUE,TRUE
"CHR",303,212,18.84691719,93,"CHR-93","CHR-139",TRUE,TRUE
"CHR",303,213,19.15528529,94,"CHR-93","CHR-19",TRUE,TRUE
"CHR",303,198,20.28692618,98,"CHR-93","CHR-76",TRUE,TRUE
"CHR",303,196,20.33348743,99,"CHR-93","CHR-101",TRUE,TRUE
"CHR",303,194,20.60946097,102,"CHR-93","CHR-11",TRUE,TRUE
"CHR",303,190,21.05017783,103,"CHR-93","CHR-9",TRUE,TRUE
"CHR",303,205,21.5198601,106,"CHR-93","CHR-66",TRUE,TRUE
"CHR",303,188,21.76215859,107,"CHR-93","CHR-148",TRUE,TRUE
"CHR",303,197,22.16374761,108,"CHR-93","CHR-12",TRUE,TRUE
"CHR",303,189,22.4802928,109,"CHR-93","CHR-7",TRUE,TRUE
"CHR",303,192,23.12713998,113,"CHR-93","CHR-80",TRUE,TRUE
"CHR",303,204,23.52595236,114,"CHR-93","CHR-16",TRUE,TRUE
"CHR",303,183,24.93320866,119,"CHR-93","CHR-78",TRUE,TRUE
"CHR",303,185,24.98824572,120,"CHR-93","CHR-6",TRUE,TRUE
"CHR",303,184,25.42855193,122,"CHR-93","CHR-74",TRUE,TRUE
"CHR",303,180,28.17761148,128,"CHR-93","CHR-4",TRUE,TRUE
"CHR",303,174,28.19081952,129,"CHR-93","CHR-73",TRUE,TRUE
"CHR",324,277,1.586490482,5,"CHR-133","CHR-39",TRUE,TRUE
"CHR",324,284,2.83997057,9,"CHR-133","CHR-43",TRUE,TRUE
"CHR",324,278,2.870916384,10,"CHR-133","CHR-151",TRUE,TRUE
"CHR",324,285,3.457013755,12,"CHR-133","CHR-77",TRUE,TRUE
"CHR",324,251,3.495997033,13,"CHR-133","CHR-54",TRUE,TRUE
"CHR",324,246,3.728284271,16,"CHR-133","CHR-33",TRUE,TRUE
"CHR",324,271,3.799390559,17,"CHR-133","CHR-96",TRUE,TRUE
"CHR",324,270,3.830270619,18,"CHR-133","CHR-37",TRUE,TRUE
"CHR",324,238,4.018748235,19,"CHR-133","CHR-109",TRUE,TRUE
"CHR",324,240,4.127994156,21,"CHR-133","CHR-99",TRUE,TRUE
"CHR",324,269,4.197780515,22,"CHR-133","CHR-119",TRUE,TRUE
"CHR",324,249,5.501847625,34,"CHR-133","CHR-112",TRUE,TRUE
"CHR",324,252,5.538435739,35,"CHR-133","CHR-149",TRUE,TRUE
"CHR",324,250,5.589012772,38,"CHR-133","CHR-102",TRUE,TRUE
"CHR",324,303,6.053862163,42,"CHR-133","CHR-93",TRUE,TRUE
"CHR",324,244,6.668909987,47,"CHR-133","CHR-32",TRUE,TRUE
"CHR",324,234,6.917761569,51,"CHR-133","CHR-29",TRUE,TRUE
"CHR",324,295,6.971852436,52,"CHR-133","CHR-115",TRUE,TRUE
"CHR",324,256,7.044103878,53,"CHR-133","CHR-110",TRUE,TRUE
"CHR",324,300,7.254204793,54,"CHR-133","CHR-86",TRUE,TRUE
"CHR",324,294,7.64483771,57,"CHR-133","CHR-82",TRUE,TRUE
"CHR",324,260,7.659972211,58,"CHR-133","CHR-85",TRUE,TRUE
"CHR",324,233,7.82789791,60,"CHR-133","CHR-27",TRUE,TRUE
"CHR",324,228,8.701475932,72,"CHR-133","CHR-25",TRUE,TRUE
"CHR",324,292,8.987406143,73,"CHR-133","CHR-128",TRUE,TRUE
"CHR",324,227,9.256524538,74,"CHR-133","CHR-95",TRUE,TRUE
"CHR",324,301,9.261564291,75,"CHR-133","CHR-45",TRUE,TRUE
"CHR",324,222,9.434795747,78,"CHR-133","CHR-52",TRUE,TRUE
"CHR",324,291,9.93458016,80,"CHR-133","CHR-150",TRUE,TRUE
"CHR",324,220,11.17374737,86,"CHR-133","CHR-97",TRUE,TRUE
"CHR",324,215,11.37124227,87,"CHR-133","CHR-58",TRUE,TRUE
"CHR",324,287,12.09866462,91,"CHR-133","CHR-145",TRUE,TRUE
"CHR",324,212,12.83988247,93,"CHR-133","CHR-139",TRUE,TRUE
"CHR",324,213,13.10175043,94,"CHR-133","CHR-19",TRUE,TRUE
"CHR",324,198,14.28455633,98,"CHR-133","CHR-76",TRUE,TRUE
"CHR",324,196,14.28581974,99,"CHR-133","CHR-101",TRUE,TRUE
"CHR",324,194,14.55603638,100,"CHR-133","CHR-11",TRUE,TRUE
"CHR",324,190,15.01003296,103,"CHR-133","CHR-9",TRUE,TRUE
"CHR",324,205,15.72815413,106,"CHR-133","CHR-66",TRUE,TRUE
"CHR",324,188,15.76537217,107,"CHR-133","CHR-148",TRUE,TRUE
"CHR",324,197,16.16993359,108,"CHR-133","CHR-12",TRUE,TRUE
"CHR",324,189,16.43448885,109,"CHR-133","CHR-7",TRUE,TRUE
"CHR",324,192,17.07674627,113,"CHR-133","CHR-80",TRUE,TRUE
"CHR",324,204,17.72404648,114,"CHR-133","CHR-16",TRUE,TRUE
"CHR",324,183,18.94453536,119,"CHR-133","CHR-78",TRUE,TRUE
"CHR",324,185,19.01015508,120,"CHR-133","CHR-6",TRUE,TRUE
"CHR",324,184,19.43540932,122,"CHR-133","CHR-74",TRUE,TRUE
"CHR",324,180,22.14425318,128,"CHR-133","CHR-4",TRUE,TRUE
"CHR",324,174,22.16538088,129,"CHR-133","CHR-73",TRUE,TRUE
"Cooks",93,97,1.482300005,2,"Cooks-6","Cooks-2",TRUE,TRUE
"Cooks",93,95,2.312359393,3,"Cooks-6","Cooks-13",TRUE,TRUE
"Cooks",93,98,2.445468999,4,"Cooks-6","Cooks-22",TRUE,TRUE
"Cooks",93,94,3.442359085,7,"Cooks-6","Cooks-33",TRUE,TRUE
"Cooks",93,107,4.584727007,8,"Cooks-6","Cooks-27",TRUE,TRUE
"Cooks",93,100,5.671962456,11,"Cooks-6","Cooks-7",TRUE,TRUE
"Cooks",93,108,5.740060563,12,"Cooks-6","Cooks-4",TRUE,TRUE
"Cooks",93,103,5.936969751,13,"Cooks-6","Cooks-17",TRUE,TRUE
"Cooks",93,109,6.253483515,14,"Cooks-6","Cooks-8",TRUE,TRUE
"Cooks",93,111,8.358902715,18,"Cooks-6","Cooks-29",TRUE,TRUE
"Cooks",93,116,8.647836301,20,"Cooks-6","Cooks-31",TRUE,TRUE
"Cooks",93,115,10.34627476,25,"Cooks-6","Cooks-14",TRUE,TRUE
"Cooks",94,95,2.78939232,2,"Cooks-33","Cooks-13",TRUE,TRUE
"Cooks",94,98,3.090659756,3,"Cooks-33","Cooks-22",TRUE,TRUE
"Cooks",94,93,3.442359085,4,"Cooks-33","Cooks-6",TRUE,TRUE
"Cooks",94,97,3.986457179,7,"Cooks-33","Cooks-2",TRUE,TRUE
"Cooks",94,107,4.695109482,8,"Cooks-33","Cooks-27",TRUE,TRUE
"Cooks",94,108,5.282841372,9,"Cooks-33","Cooks-4",TRUE,TRUE
"Cooks",94,109,5.760475577,10,"Cooks-33","Cooks-8",TRUE,TRUE
"Cooks",94,116,6.161790483,11,"Cooks-33","Cooks-31",TRUE,TRUE
"Cooks",94,111,7.352727515,14,"Cooks-33","Cooks-29",TRUE,TRUE
"Cooks",94,103,7.632108956,15,"Cooks-33","Cooks-17",TRUE,TRUE
"Cooks",94,115,7.939188645,20,"Cooks-33","Cooks-14",TRUE,TRUE
"Cooks",94,100,8.707780316,24,"Cooks-33","Cooks-7",TRUE,TRUE
"Cooks",95,98,0.312289882,1,"Cooks-13","Cooks-22",TRUE,TRUE
"Cooks",95,97,1.685430942,3,"Cooks-13","Cooks-2",TRUE,TRUE
"Cooks",95,93,2.312359393,4,"Cooks-13","Cooks-6",TRUE,TRUE
"Cooks",95,107,2.450699861,6,"Cooks-13","Cooks-27",TRUE,TRUE
"Cooks",95,94,2.78939232,7,"Cooks-13","Cooks-33",TRUE,TRUE
"Cooks",95,108,3.497611712,9,"Cooks-13","Cooks-4",TRUE,TRUE
"Cooks",95,109,4.018942747,10,"Cooks-13","Cooks-8",TRUE,TRUE
"Cooks",95,103,4.87093001,13,"Cooks-13","Cooks-17",TRUE,TRUE
"Cooks",95,111,6.074091059,17,"Cooks-13","Cooks-29",TRUE,TRUE
"Cooks",95,100,6.154843922,18,"Cooks-13","Cooks-7",TRUE,TRUE
"Cooks",95,116,6.497659888,20,"Cooks-13","Cooks-31",TRUE,TRUE
"Cooks",95,115,8.140025438,25,"Cooks-13","Cooks-14",TRUE,TRUE
"Cooks",97,93,1.482300005,2,"Cooks-2","Cooks-6",TRUE,TRUE
"Cooks",97,98,1.616441012,3,"Cooks-2","Cooks-22",TRUE,TRUE
"Cooks",97,95,1.685430942,5,"Cooks-2","Cooks-13",TRUE,TRUE
"Cooks",97,107,3.391521836,6,"Cooks-2","Cooks-27",TRUE,TRUE
"Cooks",97,94,3.986457179,10,"Cooks-2","Cooks-33",TRUE,TRUE
"Cooks",97,103,4.463487017,11,"Cooks-2","Cooks-17",TRUE,TRUE
"Cooks",97,108,4.61834683,12,"Cooks-2","Cooks-4",TRUE,TRUE
"Cooks",97,100,4.721961224,13,"Cooks-2","Cooks-7",TRUE,TRUE
"Cooks",97,109,5.106776714,15,"Cooks-2","Cooks-8",TRUE,TRUE
"Cooks",97,111,7.269682798,18,"Cooks-2","Cooks-29",TRUE,TRUE
"Cooks",97,116,8.139134548,20,"Cooks-2","Cooks-31",TRUE,TRUE
"Cooks",97,115,9.740369349,25,"Cooks-2","Cooks-14",TRUE,TRUE
"Cooks",98,95,0.312289882,1,"Cooks-22","Cooks-13",TRUE,TRUE
"Cooks",98,97,1.616441012,3,"Cooks-22","Cooks-2",TRUE,TRUE
"Cooks",98,107,2.208410913,4,"Cooks-22","Cooks-27",TRUE,TRUE
"Cooks",98,93,2.445468999,5,"Cooks-22","Cooks-6",TRUE,TRUE
"Cooks",98,94,3.090659756,7,"Cooks-22","Cooks-33",TRUE,TRUE
"Cooks",98,108,3.305737755,8,"Cooks-22","Cooks-4",TRUE,TRUE
"Cooks",98,109,3.823689844,10,"Cooks-22","Cooks-8",TRUE,TRUE
"Cooks",98,103,4.560387921,11,"Cooks-22","Cooks-17",TRUE,TRUE
"Cooks",98,111,5.913710678,17,"Cooks-22","Cooks-29",TRUE,TRUE
"Cooks",98,100,5.936679982,18,"Cooks-22","Cooks-7",TRUE,TRUE
"Cooks",98,116,6.523068413,20,"Cooks-22","Cooks-31",TRUE,TRUE
"Cooks",98,115,8.134789564,25,"Cooks-22","Cooks-14",TRUE,TRUE
"Cooks",100,103,3.854707407,3,"Cooks-7","Cooks-17",TRUE,TRUE
"Cooks",100,97,4.721961224,4,"Cooks-7","Cooks-2",TRUE,TRUE
"Cooks",100,93,5.671962456,8,"Cooks-7","Cooks-6",TRUE,TRUE
"Cooks",100,98,5.936679982,9,"Cooks-7","Cooks-22",TRUE,TRUE
"Cooks",100,95,6.154843922,10,"Cooks-7","Cooks-13",TRUE,TRUE
"Cooks",100,107,6.274711361,12,"Cooks-7","Cooks-27",TRUE,TRUE
"Cooks",100,108,7.323134672,13,"Cooks-7","Cooks-4",TRUE,TRUE
"Cooks",100,109,7.591983055,14,"Cooks-7","Cooks-8",TRUE,TRUE
"Cooks",100,94,8.707780316,18,"Cooks-7","Cooks-33",TRUE,TRUE
"Cooks",100,111,9.534777186,19,"Cooks-7","Cooks-29",TRUE,TRUE
"Cooks",100,116,11.81007538,23,"Cooks-7","Cooks-31",TRUE,TRUE
"Cooks",100,115,13.11241492,25,"Cooks-7","Cooks-14",TRUE,TRUE
"Cooks",103,107,3.487716211,5,"Cooks-17","Cooks-27",TRUE,TRUE
"Cooks",103,100,3.854707407,7,"Cooks-17","Cooks-7",TRUE,TRUE
"Cooks",103,108,4.106341138,8,"Cooks-17","Cooks-4",TRUE,TRUE
"Cooks",103,109,4.201284978,9,"Cooks-17","Cooks-8",TRUE,TRUE
"Cooks",103,97,4.463487017,10,"Cooks-17","Cooks-2",TRUE,TRUE
"Cooks",103,98,4.560387921,11,"Cooks-17","Cooks-22",TRUE,TRUE
"Cooks",103,95,4.87093001,13,"Cooks-17","Cooks-13",TRUE,TRUE
"Cooks",103,111,5.864879132,16,"Cooks-17","Cooks-29",TRUE,TRUE
"Cooks",103,93,5.936969751,18,"Cooks-17","Cooks-6",TRUE,TRUE
"Cooks",103,94,7.632108956,21,"Cooks-17","Cooks-33",TRUE,TRUE
"Cooks",103,116,8.719274267,23,"Cooks-17","Cooks-31",TRUE,TRUE
"Cooks",103,115,9.759708096,25,"Cooks-17","Cooks-14",TRUE,TRUE
"Cooks",107,108,1.247039631,1,"Cooks-27","Cooks-4",TRUE,TRUE
"Cooks",107,109,1.716958193,2,"Cooks-27","Cooks-8",TRUE,TRUE
"Cooks",107,98,2.208410913,4,"Cooks-27","Cooks-22",TRUE,TRUE
"Cooks",107,95,2.450699861,5,"Cooks-27","Cooks-13",TRUE,TRUE
"Cooks",107,97,3.391521836,7,"Cooks-27","Cooks-2",TRUE,TRUE
"Cooks",107,103,3.487716211,9,"Cooks-27","Cooks-17",TRUE,TRUE
"Cooks",107,111,3.888416622,11,"Cooks-27","Cooks-29",TRUE,TRUE
"Cooks",107,93,4.584727007,15,"Cooks-27","Cooks-6",TRUE,TRUE
"Cooks",107,94,4.695109482,16,"Cooks-27","Cooks-33",TRUE,TRUE
"Cooks",107,116,5.537764717,22,"Cooks-27","Cooks-31",TRUE,TRUE
"Cooks",107,100,6.274711361,23,"Cooks-27","Cooks-7",TRUE,TRUE
"Cooks",107,115,6.874469106,25,"Cooks-27","Cooks-14",TRUE,TRUE
"Cooks",108,109,0.522365696,1,"Cooks-4","Cooks-8",TRUE,TRUE
"Cooks",108,107,1.247039631,2,"Cooks-4","Cooks-27",TRUE,TRUE
"Cooks",108,111,2.651336676,4,"Cooks-4","Cooks-29",TRUE,TRUE
"Cooks",108,98,3.305737755,7,"Cooks-4","Cooks-22",TRUE,TRUE
"Cooks",108,95,3.497611712,8,"Cooks-4","Cooks-13",TRUE,TRUE
"Cooks",108,103,4.106341138,13,"Cooks-4","Cooks-17",TRUE,TRUE
"Cooks",108,97,4.61834683,15,"Cooks-4","Cooks-2",TRUE,TRUE
"Cooks",108,116,4.620338857,16,"Cooks-4","Cooks-31",TRUE,TRUE
"Cooks",108,94,5.282841372,18,"Cooks-4","Cooks-33",TRUE,TRUE
"Cooks",108,93,5.740060563,21,"Cooks-4","Cooks-6",TRUE,TRUE
"Cooks",108,115,5.793060072,22,"Cooks-4","Cooks-14",TRUE,TRUE
"Cooks",108,100,7.323134672,25,"Cooks-4","Cooks-7",TRUE,TRUE
"Cooks",109,108,0.522365696,1,"Cooks-8","Cooks-4",TRUE,TRUE
"Cooks",109,107,1.716958193,3,"Cooks-8","Cooks-27",TRUE,TRUE
"Cooks",109,111,2.17557075,4,"Cooks-8","Cooks-29",TRUE,TRUE
"Cooks",109,98,3.823689844,11,"Cooks-8","Cooks-22",TRUE,TRUE
"Cooks",109,95,4.018942747,12,"Cooks-8","Cooks-13",TRUE,TRUE
"Cooks",109,103,4.201284978,14,"Cooks-8","Cooks-17",TRUE,TRUE
"Cooks",109,116,4.543875186,15,"Cooks-8","Cooks-31",TRUE,TRUE
"Cooks",109,97,5.106776714,16,"Cooks-8","Cooks-2",TRUE,TRUE
"Cooks",109,115,5.579861364,19,"Cooks-8","Cooks-14",TRUE,TRUE
"Cooks",109,94,5.760475577,20,"Cooks-8","Cooks-33",TRUE,TRUE
"Cooks",109,93,6.253483515,23,"Cooks-8","Cooks-6",TRUE,TRUE
"Cooks",109,100,7.591983055,25,"Cooks-8","Cooks-7",TRUE,TRUE
"Cooks",111,109,2.17557075,5,"Cooks-29","Cooks-8",TRUE,TRUE
"Cooks",111,108,2.651336676,6,"Cooks-29","Cooks-4",TRUE,TRUE
"Cooks",111,116,3.850689154,8,"Cooks-29","Cooks-31",TRUE,TRUE
"Cooks",111,107,3.888416622,9,"Cooks-29","Cooks-27",TRUE,TRUE
"Cooks",111,115,4.197008596,10,"Cooks-29","Cooks-14",TRUE,TRUE
"Cooks",111,103,5.864879132,15,"Cooks-29","Cooks-17",TRUE,TRUE
"Cooks",111,98,5.913710678,16,"Cooks-29","Cooks-22",TRUE,TRUE
"Cooks",111,95,6.074091059,17,"Cooks-29","Cooks-13",TRUE,TRUE
"Cooks",111,97,7.269682798,19,"Cooks-29","Cooks-2",TRUE,TRUE
"Cooks",111,94,7.352727515,20,"Cooks-29","Cooks-33",TRUE,TRUE
"Cooks",111,93,8.358902715,22,"Cooks-29","Cooks-6",TRUE,TRUE
"Cooks",111,100,9.534777186,25,"Cooks-29","Cooks-7",TRUE,TRUE
"Cooks",115,116,1.77739832,2,"Cooks-14","Cooks-31",TRUE,TRUE
"Cooks",115,111,4.197008596,5,"Cooks-14","Cooks-29",TRUE,TRUE
"Cooks",115,109,5.579861364,8,"Cooks-14","Cooks-8",TRUE,TRUE
"Cooks",115,108,5.793060072,9,"Cooks-14","Cooks-4",TRUE,TRUE
"Cooks",115,107,6.874469106,10,"Cooks-14","Cooks-27",TRUE,TRUE
"Cooks",115,94,7.939188645,12,"Cooks-14","Cooks-33",TRUE,TRUE
"Cooks",115,98,8.134789564,13,"Cooks-14","Cooks-22",TRUE,TRUE
"Cooks",115,95,8.140025438,14,"Cooks-14","Cooks-13",TRUE,TRUE
"Cooks",115,97,9.740369349,19,"Cooks-14","Cooks-2",TRUE,TRUE
"Cooks",115,103,9.759708096,20,"Cooks-14","Cooks-17",TRUE,TRUE
"Cooks",115,93,10.34627476,21,"Cooks-14","Cooks-6",TRUE,TRUE
"Cooks",115,100,13.11241492,25,"Cooks-14","Cooks-7",TRUE,TRUE
"Cooks",116,115,1.77739832,2,"Cooks-31","Cooks-14",TRUE,TRUE
"Cooks",116,111,3.850689154,3,"Cooks-31","Cooks-29",TRUE,TRUE
"Cooks",116,109,4.543875186,8,"Cooks-31","Cooks-8",TRUE,TRUE
"Cooks",116,108,4.620338857,9,"Cooks-31","Cooks-4",TRUE,TRUE
"Cooks",116,107,5.537764717,10,"Cooks-31","Cooks-27",TRUE,TRUE
"Cooks",116,94,6.161790483,11,"Cooks-31","Cooks-33",TRUE,TRUE
"Cooks",116,95,6.497659888,12,"Cooks-31","Cooks-13",TRUE,TRUE
"Cooks",116,98,6.523068413,13,"Cooks-31","Cooks-22",TRUE,TRUE
"Cooks",116,97,8.139134548,18,"Cooks-31","Cooks-2",TRUE,TRUE
"Cooks",116,93,8.647836301,20,"Cooks-31","Cooks-6",TRUE,TRUE
"Cooks",116,103,8.719274267,21,"Cooks-31","Cooks-17",TRUE,TRUE
"Cooks",116,100,11.81007538,25,"Cooks-31","Cooks-7",TRUE,TRUE
"MakeBelieve",67,68,0.199199997,1,"Make Believe-48","Make Believe-26",TRUE,TRUE
"MakeBelieve",67,87,4.147107379,4,"Make Believe-48","Make Believe-73",TRUE,TRUE
"MakeBelieve",67,83,5.126020807,9,"Make Believe-48","Make Believe-69",TRUE,TRUE
"MakeBelieve",67,69,5.17783353,10,"Make Believe-48","Make Believe-34",TRUE,TRUE
"MakeBelieve",67,80,8.291240987,17,"Make Believe-48","Make Believe-14",TRUE,TRUE
"MakeBelieve",67,77,9.283051844,19,"Make Believe-48","Make Believe-38",TRUE,TRUE
"MakeBelieve",67,70,10.7909041,22,"Make Believe-48","Make Believe-13",TRUE,TRUE
"MakeBelieve",67,72,13.18317929,25,"Make Believe-48","Make Believe-8",TRUE,TRUE
"MakeBelieve",67,146,26.88312435,27,"Make Believe-48","Make Believe-62",TRUE,TRUE
"MakeBelieve",68,67,0.199199997,1,"Make Believe-26","Make Believe-48",TRUE,TRUE
"MakeBelieve",68,87,4.235389899,5,"Make Believe-26","Make Believe-73",TRUE,TRUE
"MakeBelieve",68,83,5.005743043,9,"Make Believe-26","Make Believe-69",TRUE,TRUE
"MakeBelieve",68,69,5.088129173,10,"Make Believe-26","Make Believe-34",TRUE,TRUE
"MakeBelieve",68,80,8.124297081,17,"Make Believe-26","Make Believe-14",TRUE,TRUE
"MakeBelieve",68,77,9.110053273,19,"Make Believe-26","Make Believe-38",TRUE,TRUE
"MakeBelieve",68,70,10.735051,22,"Make Believe-26","Make Believe-13",TRUE,TRUE
"MakeBelieve",68,72,13.06797009,25,"Make Believe-26","Make Believe-8",TRUE,TRUE
"MakeBelieve",68,146,26.88113251,27,"Make Believe-26","Make Believe-62",TRUE,TRUE
"MakeBelieve",69,68,5.088129173,1,"Make Believe-34","Make Believe-26",TRUE,TRUE
"MakeBelieve",69,67,5.17783353,2,"Make Believe-34","Make Believe-48",TRUE,TRUE
"MakeBelieve",69,77,5.675447832,3,"Make Believe-34","Make Believe-38",TRUE,TRUE
"MakeBelieve",69,70,5.791827141,5,"Make Believe-34","Make Believe-13",TRUE,TRUE
"MakeBelieve",69,72,8.086602378,11,"Make Believe-34","Make Believe-8",TRUE,TRUE
"MakeBelieve",69,83,8.651933973,14,"Make Believe-34","Make Believe-69",TRUE,TRUE
"MakeBelieve",69,87,9.322435728,18,"Make Believe-34","Make Believe-73",TRUE,TRUE
"MakeBelieve",69,80,10.14581095,21,"Make Believe-34","Make Believe-14",TRUE,TRUE
"MakeBelieve",69,146,31.52904069,27,"Make Believe-34","Make Believe-62",TRUE,TRUE
"MakeBelieve",70,72,4.588970963,2,"Make Believe-13","Make Believe-8",TRUE,TRUE
"MakeBelieve",70,69,5.791827141,4,"Make Believe-13","Make Believe-34",TRUE,TRUE
"MakeBelieve",70,77,7.616218514,6,"Make Believe-13","Make Believe-38",TRUE,TRUE
"MakeBelieve",70,68,10.735051,7,"Make Believe-13","Make Believe-26",TRUE,TRUE
"MakeBelieve",70,67,10.7909041,8,"Make Believe-13","Make Believe-48",TRUE,TRUE
"MakeBelieve",70,83,14.3682585,15,"Make Believe-13","Make Believe-69",TRUE,TRUE
"MakeBelieve",70,87,14.90668647,19,"Make Believe-13","Make Believe-73",TRUE,TRUE
"MakeBelieve",70,80,15.3033427,21,"Make Believe-13","Make Believe-14",TRUE,TRUE
"MakeBelieve",70,146,37.31280331,27,"Make Believe-13","Make Believe-62",TRUE,TRUE
"MakeBelieve",72,70,4.588970963,4,"Make Believe-8","Make Believe-13",TRUE,TRUE
"MakeBelieve",72,77,6.161113691,5,"Make Believe-8","Make Believe-38",TRUE,TRUE
"MakeBelieve",72,69,8.086602378,6,"Make Believe-8","Make Believe-34",TRUE,TRUE
"MakeBelieve",72,68,13.06797009,10,"Make Believe-8","Make Believe-26",TRUE,TRUE
"MakeBelieve",72,67,13.18317929,11,"Make Believe-8","Make Believe-48",TRUE,TRUE
"MakeBelieve",72,80,15.20151143,13,"Make Believe-8","Make Believe-14",TRUE,TRUE
"MakeBelieve",72,83,15.42561942,16,"Make Believe-8","Make Believe-69",TRUE,TRUE
"MakeBelieve",72,87,17.2762774,20,"Make Believe-8","Make Believe-73",TRUE,TRUE
"MakeBelieve",72,146,38.29450656,27,"Make Believe-8","Make Believe-62",TRUE,TRUE
"MakeBelieve",77,69,5.675447832,5,"Make Believe-38","Make Believe-34",TRUE,TRUE
"MakeBelieve",77,72,6.161113691,7,"Make Believe-38","Make Believe-8",TRUE,TRUE
"MakeBelieve",77,70,7.616218514,8,"Make Believe-38","Make Believe-13",TRUE,TRUE
"MakeBelieve",77,80,9.104099749,10,"Make Believe-38","Make Believe-14",TRUE,TRUE
"MakeBelieve",77,68,9.110053273,11,"Make Believe-38","Make Believe-26",TRUE,TRUE
"MakeBelieve",77,67,9.283051844,13,"Make Believe-38","Make Believe-48",TRUE,TRUE
"MakeBelieve",77,83,9.90871048,15,"Make Believe-38","Make Believe-69",TRUE,TRUE
"MakeBelieve",77,87,12.88609469,20,"Make Believe-38","Make Believe-73",TRUE,TRUE
"MakeBelieve",77,146,32.37300153,27,"Make Believe-38","Make Believe-62",TRUE,TRUE
"MakeBelieve",80,83,3.845168918,4,"Make Believe-14","Make Believe-69",TRUE,TRUE
"MakeBelieve",80,68,8.124297081,11,"Make Believe-14","Make Believe-26",TRUE,TRUE
"MakeBelieve",80,67,8.291240987,12,"Make Believe-14","Make Believe-48",TRUE,TRUE
"MakeBelieve",80,87,8.76593454,13,"Make Believe-14","Make Believe-73",TRUE,TRUE
"MakeBelieve",80,77,9.104099749,14,"Make Believe-14","Make Believe-38",TRUE,TRUE
"MakeBelieve",80,69,10.14581095,17,"Make Believe-14","Make Believe-34",TRUE,TRUE
"MakeBelieve",80,72,15.20151143,24,"Make Believe-14","Make Believe-8",TRUE,TRUE
"MakeBelieve",80,70,15.3033427,25,"Make Believe-14","Make Believe-13",TRUE,TRUE
"MakeBelieve",80,146,23.35786094,27,"Make Believe-14","Make Believe-62",TRUE,TRUE
"MakeBelieve",83,80,3.845168918,4,"Make Believe-69","Make Believe-14",TRUE,TRUE
"MakeBelieve",83,87,4.92434111,9,"Make Believe-69","Make Believe-73",TRUE,TRUE
"MakeBelieve",83,68,5.005743043,10,"Make Believe-69","Make Believe-26",TRUE,TRUE
"MakeBelieve",83,67,5.126020807,12,"Make Believe-69","Make Believe-48",TRUE,TRUE
"MakeBelieve",83,69,8.651933973,20,"Make Believe-69","Make Believe-34",TRUE,TRUE
"MakeBelieve",83,77,9.90871048,21,"Make Believe-69","Make Believe-38",TRUE,TRUE
"MakeBelieve",83,70,14.3682585,23,"Make Believe-69","Make Believe-13",TRUE,TRUE
"MakeBelieve",83,72,15.42561942,24,"Make Believe-69","Make Believe-8",TRUE,TRUE
"MakeBelieve",83,146,23.0129504,27,"Make Believe-69","Make Believe-62",TRUE,TRUE
"MakeBelieve",87,67,4.147107379,9,"Make Believe-73","Make Believe-48",TRUE,TRUE
"MakeBelieve",87,68,4.235389899,10,"Make Believe-73","Make Believe-26",TRUE,TRUE
"MakeBelieve",87,83,4.92434111,11,"Make Believe-73","Make Believe-69",TRUE,TRUE
"MakeBelieve",87,80,8.76593454,16,"Make Believe-73","Make Believe-14",TRUE,TRUE
"MakeBelieve",87,69,9.322435728,18,"Make Believe-73","Make Believe-34",TRUE,TRUE
"MakeBelieve",87,77,12.88609469,21,"Make Believe-73","Make Believe-38",TRUE,TRUE
"MakeBelieve",87,70,14.90668647,22,"Make Believe-73","Make Believe-13",TRUE,TRUE
"MakeBelieve",87,72,17.2762774,25,"Make Believe-73","Make Believe-8",TRUE,TRUE
"MakeBelieve",87,146,23.22205098,27,"Make Believe-73","Make Believe-62",TRUE,TRUE
"MakeBelieve",146,83,23.0129504,6,"Make Believe-62","Make Believe-69",TRUE,TRUE
"MakeBelieve",146,87,23.22205098,9,"Make Believe-62","Make Believe-73",TRUE,TRUE
"MakeBelieve",146,80,23.35786094,11,"Make Believe-62","Make Believe-14",TRUE,TRUE
"MakeBelieve",146,68,26.88113251,17,"Make Believe-62","Make Believe-26",TRUE,TRUE
"MakeBelieve",146,67,26.88312435,18,"Make Believe-62","Make Believe-48",TRUE,TRUE
"MakeBelieve",146,69,31.52904069,22,"Make Believe-62","Make Believe-34",TRUE,TRUE
"MakeBelieve",146,77,32.37300153,23,"Make Believe-62","Make Believe-38",TRUE,TRUE
"MakeBelieve",146,70,37.31280331,25,"Make Believe-62","Make Believe-13",TRUE,TRUE
"MakeBelieve",146,72,38.29450656,26,"Make Believe-62","Make Believe-8",TRUE,TRUE
"Struthers",119,120,0.780449613,2,"Struthers-20","Struthers-10",TRUE,TRUE
"Struthers",119,126,5.664082546,9,"Struthers-20","Struthers-3",TRUE,TRUE
"Struthers",119,130,36.34130226,11,"Struthers-20","Struthers-22",TRUE,TRUE
"Struthers",119,129,51.44898096,12,"Struthers-20","Struthers-23",TRUE,TRUE
"Struthers",120,119,0.780449613,2,"Struthers-10","Struthers-20",TRUE,TRUE
"Struthers",120,126,5.669336022,9,"Struthers-10","Struthers-3",TRUE,TRUE
"Struthers",120,130,35.93600655,11,"Struthers-10","Struthers-22",TRUE,TRUE
"Struthers",120,129,51.07927477,12,"Struthers-10","Struthers-23",TRUE,TRUE
"Struthers",126,119,5.664082546,7,"Struthers-3","Struthers-20",TRUE,TRUE
"Struthers",126,120,5.669336022,8,"Struthers-3","Struthers-10",TRUE,TRUE
"Struthers",126,130,31.46624978,11,"Struthers-3","Struthers-22",TRUE,TRUE
"Struthers",126,129,56.32173277,12,"Struthers-3","Struthers-23",TRUE,TRUE
"Struthers",129,120,51.07927477,2,"Struthers-23","Struthers-10",TRUE,TRUE
"Struthers",129,119,51.44898096,4,"Struthers-23","Struthers-20",TRUE,TRUE
"Struthers",129,126,56.32173277,10,"Struthers-23","Struthers-3",TRUE,TRUE
"Struthers",129,130,76.22774167,12,"Struthers-23","Struthers-22",TRUE,TRUE
"Struthers",130,126,31.46624978,2,"Struthers-22","Struthers-3",TRUE,TRUE
"Struthers",130,120,35.93600655,7,"Struthers-22","Struthers-10",TRUE,TRUE
"Struthers",130,119,36.34130226,9,"Struthers-22","Struthers-20",TRUE,TRUE
"Struthers",130,129,76.22774167,12,"Struthers-22","Struthers-23",TRUE,TRUE
"UrbanFarmGirlz",151,152,7.420861852,3,"Urban Farm Girlz-2","Urban Farm Girlz-8",TRUE,TRUE
"UrbanFarmGirlz",152,151,7.420861852,2,"Urban Farm Girlz-8","Urban Farm Girlz-2",TRUE,TRUE
