"female","male","pairwise","attempt1","barn","nest","location1","soc.pair","total.dur","process.dist.m","dur.fertile","ci.diff","rest.SI.chr","clutch_id_merge","clutch_match","fert_type","shared_fert","pat.clutch.size","bin_fert","fem_mass_1","fem_throat_avg_bright","fem_breast_avg_bright","fem_TS","fem_TS_scaled","fem_throat_avg_bright_scaled","fem_breast_avg_bright_scaled","male_mass_1","male_throat_avg_bright","male_breast_avg_bright","male_TS","male_TS_scaled","male_throat_avg_bright_scaled","male_breast_avg_bright_scaled","dist.scale","dur.scale","bin_num_fert","size.cat","attempt2","dist.cat","dist.cat2","dist.cat3","prop.fert","rest.SI.scale","soc.male_TS_scaled","soc.male_throat_avg_bright_scaled","soc.male_breast_avg_bright_scaled","soc.fem_TS_scaled","soc.fem_throat_avg_bright_scaled","soc.fem_breast_avg_bright_scaled"
"2640-97331","2640-97588","2640-97331_2640-97588",1,"CHR",29,"CHR-29","0",11,12.54316078,7,-4,0.235483870967742,"CHR_29_1",1,"ep_same",2,4,"yes",16.76,9.83579096,18.81945995,79.83333333,0.564019367350756,-2.00209196155345,-1.05591017852521,18.7,11.85018943,14.45612662,87,-0.319841925842042,-0.476208334764261,-1.69766351362466,0.178454542298227,1.35562763620329,1,"large","first","dist.20","dist.20","dist.20",0.5,-0.0313700626970653,1.23332042251798,-0.574524092276724,-1.50929728666711,0.224690642671068,-0.0934822025987468,-1.95280566010936
"2640-97331","2640-97588","2640-97331_2640-97588",2,"CHR",27,"CHR-27","0",10,13.55260368,7,-4,0.297491039426523,"CHR_27_2",1,NA,0,4,"no",16.76,9.83579096,18.81945995,79.83333333,0.564019367350756,-2.00209196155345,-1.05591017852521,18.7,11.85018943,14.45612662,87,-0.319841925842042,-0.476208334764261,-1.69766351362466,0.32925313358281,1.35562763620329,0,"large","second","dist.20","dist.20","dist.20",0,0.740933535370341,1.23332042251798,-0.574524092276724,-1.50929728666711,0.224690642671068,-0.0934822025987468,-1.95280566010936
"2640-97331","2640-97589","2640-97331_2640-97589",1,"CHR",29,"CHR-29","0",11,3.345023064,9,-2,0.229032258064516,"CHR_29_1",1,NA,0,4,"no",16.76,9.83579096,18.81945995,79.83333333,0.564019367350756,-2.00209196155345,-1.05591017852521,16.1,11.8153556,16.91354271,99.66666667,1.19349574731726,-0.485157035237985,-1.19530341502793,-1.19563626562601,1.94182564784557,0,"large","first","dist.05","dist.05","dist.10",0,-0.111725350357261,1.23332042251798,-0.574524092276724,-1.50929728666711,0.98818027510909,-0.478534822267752,-0.867541507603602
"2640-97331","2640-97589","2640-97331_2640-97589",2,"CHR",27,"CHR-27","0",10,3.56350997,10,-1,0.28673835125448,"CHR_27_2",1,NA,0,4,"no",16.76,9.83579096,18.81945995,79.83333333,0.564019367350756,-2.00209196155345,-1.05591017852521,16.1,11.8153556,16.91354271,99.66666667,1.19349574731726,-0.485157035237985,-1.19530341502793,-1.16299695770783,2.23492465366671,0,"large","second","dist.05","dist.05","dist.10",0,0.607008055936686,1.23332042251798,-0.574524092276724,-1.50929728666711,0.98818027510909,-0.478534822267752,-0.867541507603602
"2640-97331","2811-83208","2640-97331_2811-83208",2,"CHR",27,"CHR-27","0",10,15.90725563,0,14,0.32258064516129,"CHR_27_2",1,NA,0,4,"no",16.76,9.83579096,18.81945995,79.83333333,0.564019367350756,-2.00209196155345,-1.05591017852521,16.9,18.73416916,21.00459455,87,-0.319841925842042,1.29226422972124,-0.358985457287731,0.681009728260424,-0.696065404544717,0,"large","second","dist.20","dist.20","dist.20",0,1.05342632071554,1.23332042251798,-0.574524092276724,-1.50929728666711,-0.411550717693951,-0.159665267146272,1.94192717350385
"2640-97331","2811-83208","2640-97331_2811-83208",1,"CHR",29,"CHR-29","0",0,16.94168974,0,13,0.258064516129032,"CHR_29_1",1,NA,0,4,"no",16.76,9.83579096,18.81945995,79.83333333,0.564019367350756,-2.00209196155345,-1.05591017852521,16.9,18.73416916,21.00459455,87,-0.319841925842042,1.29226422972124,-0.358985457287731,0.835541704823656,-0.696065404544717,0,"large","first","dist.20","dist.20","dist.20",0,0.249873444113606,1.23332042251798,-0.574524092276724,-1.50929728666711,-0.411550717693951,-0.159665267146272,1.94192717350385
"2640-97331","2850-57567","2640-97331_2850-57567",2,"CHR",27,"CHR-27","0",6,10.66265844,0,-37,0.32258064516129,"CHR_27_2",1,NA,0,4,"no",16.76,9.83579096,18.81945995,79.83333333,0.564019367350756,-2.00209196155345,-1.05591017852521,16.6,10.56012296,26.35612994,102.1666667,1.49218081789379,-0.807622320284185,0.735008293751907,-0.102469820812714,-0.696065404544717,0,"large","second","dist.20","dist.20","dist.20",0,1.05342632071554,1.23332042251798,-0.574524092276724,-1.50929728666711,-1.17504035013197,0.922800644787313,-0.818227574717981
"2640-97331","2850-57567","2640-97331_2850-57567",1,"CHR",29,"CHR-29","0",0,9.735905078,0,11,0.258064516129032,"CHR_29_1",1,NA,0,4,"no",16.76,9.83579096,18.81945995,79.83333333,0.564019367350756,-2.00209196155345,-1.05591017852521,16.6,10.56012296,26.35612994,102.1666667,1.49218081789379,-0.807622320284185,0.735008293751907,-0.240915592691293,-0.696065404544717,0,"large","first","dist.10","dist.10","dist.10",0,0.249873444113606,1.23332042251798,-0.574524092276724,-1.50929728666711,-1.17504035013197,0.922800644787313,-0.818227574717981
"2640-97331","2850-57570","2640-97331_2850-57570",2,"CHR",27,"CHR-27","0",10,10.22398322,5,-5,0.304659498207885,"CHR_27_2",1,NA,0,4,"no",16.76,9.83579096,18.81945995,79.83333333,0.564019367350756,-2.00209196155345,-1.05591017852521,16.51,16.84077767,23.06811898,90,0.038580154548733,0.805857959623855,0.0628528876022267,-0.168002606478406,0.769429624560999,0,"large","second","dist.20","dist.20","dist.20",0,0.830217188326111,1.23332042251798,-0.574524092276724,-1.50929728666711,-0.157054173547943,-1.42571858026568,-1.08665491345185
"2640-97331","2850-57570","2640-97331_2850-57570",1,"CHR",29,"CHR-29","0",0,6.917761569,0,23,0.258064516129032,"CHR_29_1",1,NA,0,4,"no",16.76,9.83579096,18.81945995,79.83333333,0.564019367350756,-2.00209196155345,-1.05591017852521,16.51,16.84077767,23.06811898,90,0.038580154548733,0.805857959623855,0.0628528876022267,-0.661912234695502,-0.696065404544717,0,"large","first","dist.10","dist.10","dist.10",0,0.249873444113606,1.23332042251798,-0.574524092276724,-1.50929728666711,-0.157054173547943,-1.42571858026568,-1.08665491345185
"2640-97331","2850-57577","2640-97331_2850-57577",2,"CHR",27,"CHR-27","0",10,13.569444,0,24,0.32258064516129,"CHR_27_2",1,NA,0,4,"no",16.76,9.83579096,18.81945995,79.83333333,0.564019367350756,-2.00209196155345,-1.05591017852521,18.2,20.92472416,28.83623131,90.83333333,0.138141843147924,1.85501086327307,1.24200585669334,0.33176887422825,-0.696065404544717,0,"large","second","dist.20","dist.20","dist.20",0,1.05342632071554,1.23332042251798,-0.574524092276724,-1.50929728666711,-0.666047261839958,0.264789915692027,-0.462001728113777
"2640-97331","2850-57577","2640-97331_2850-57577",1,"CHR",29,"CHR-29","0",0,12.51519135,0,23,0.258064516129032,"CHR_29_1",1,NA,0,4,"no",16.76,9.83579096,18.81945995,79.83333333,0.564019367350756,-2.00209196155345,-1.05591017852521,18.2,20.92472416,28.83623131,90.83333333,0.138141843147924,1.85501086327307,1.24200585669334,0.17427624688099,-0.696065404544717,0,"large","first","dist.20","dist.20","dist.20",0,0.249873444113606,1.23332042251798,-0.574524092276724,-1.50929728666711,-0.666047261839958,0.264789915692027,-0.462001728113777
"2640-97331","2850-57578","2640-97331_2850-57578",2,"CHR",27,"CHR-27","0",10,3.704275342,0,21,0.32258064516129,"CHR_27_2",1,NA,0,4,"no",16.76,9.83579096,18.81945995,79.83333333,0.564019367350756,-2.00209196155345,-1.05591017852521,17.2,10.81633932,15.67680791,91.5,0.217791194744121,-0.741801149826969,-1.44812434290995,-1.14196830933232,-0.696065404544717,0,"large","second","dist.05","dist.05","dist.10",0,1.05342632071554,1.23332042251798,-0.574524092276724,-1.50929728666711,0.0550262790587415,1.59216462744548,-0.0904874492207969
"2640-97331","2850-57578","2640-97331_2850-57578",1,"CHR",29,"CHR-29","0",0,2.800078,0,19,0.258064516129032,"CHR_29_1",1,NA,0,4,"no",16.76,9.83579096,18.81945995,79.83333333,0.564019367350756,-2.00209196155345,-1.05591017852521,17.2,10.81633932,15.67680791,91.5,0.217791194744121,-0.741801149826969,-1.44812434290995,-1.27704448393998,-0.696065404544717,0,"large","first","dist.05","dist.05","dist.10",0,0.249873444113606,1.23332042251798,-0.574524092276724,-1.50929728666711,0.0550262790587415,1.59216462744548,-0.0904874492207969
"2640-97331","2850-57579","2640-97331_2850-57579",1,"CHR",29,"CHR-29","0",5,5.951304253,5,6,0.241935483870968,"CHR_29_1",1,NA,0,4,"no",16.76,9.83579096,18.81945995,79.83333333,0.564019367350756,-2.00209196155345,-1.05591017852521,16.3,11.31949153,24.77905949,93.5,0.456739248337971,-0.612542942504321,0.412613860843324,-0.806289298310966,0.769429624560999,0,"large","first","dist.10","dist.10","dist.10",0,0.04898522496313,1.23332042251798,-0.574524092276724,-1.50929728666711,0.394355006283394,0.252942547897877,-0.257226498974273
"2640-97331","2850-57579","2640-97331_2850-57579",2,"CHR",27,"CHR-27","0",10,5.784839798,0,-17,0.32258064516129,"CHR_27_2",1,NA,0,4,"no",16.76,9.83579096,18.81945995,79.83333333,0.564019367350756,-2.00209196155345,-1.05591017852521,16.3,11.31949153,24.77905949,93.5,0.456739248337971,-0.612542942504321,0.412613860843324,-0.831157079651501,-0.696065404544717,0,"large","second","dist.10","dist.10","dist.10",0,1.05342632071554,1.23332042251798,-0.574524092276724,-1.50929728666711,0.394355006283394,0.252942547897877,-0.257226498974273
"2640-97331","2850-57580","2640-97331_2850-57580",2,"CHR",27,"CHR-27","0",8,10.75579679,0,-34,0.32258064516129,"CHR_27_2",1,NA,0,4,"no",16.76,9.83579096,18.81945995,79.83333333,0.564019367350756,-2.00209196155345,-1.05591017852521,16.2,9.142844799,27.48113161,87.83333333,-0.220280237242851,-1.17171658585126,0.964988048569367,-0.0885560749489606,-0.696065404544717,0,"large","second","dist.20","dist.20","dist.20",0,1.05342632071554,1.23332042251798,-0.574524092276724,-1.50929728666711,0.564019367350756,0.594981908524202,0.613110506001452
"2640-97331","2850-57580","2640-97331_2850-57580",1,"CHR",29,"CHR-29","0",0,11.78128134,0,14,0.258064516129032,"CHR_29_1",1,NA,0,4,"no",16.76,9.83579096,18.81945995,79.83333333,0.564019367350756,-2.00209196155345,-1.05591017852521,16.2,9.142844799,27.48113161,87.83333333,-0.220280237242851,-1.17171658585126,0.964988048569367,0.0646389453182622,-0.696065404544717,0,"large","first","dist.20","dist.20","dist.20",0,0.249873444113606,1.23332042251798,-0.574524092276724,-1.50929728666711,0.564019367350756,0.594981908524202,0.613110506001452
"2640-97331","2850-57581","2640-97331_2850-57581",1,"CHR",29,"CHR-29","0",7,12.40409686,7,4,0.235483870967742,"CHR_29_1",1,NA,0,4,"no",16.76,9.83579096,18.81945995,79.83333333,0.564019367350756,-2.00209196155345,-1.05591017852521,15.5,12.5018158,18.94245264,82.5,-0.857475046428205,-0.308807586528723,-0.780541178943333,0.15768007032511,1.35562763620329,0,"large","first","dist.20","dist.20","dist.20",0,-0.0313700626970653,1.23332042251798,-0.574524092276724,-1.50929728666711,-0.920543805985966,0.0923616887128494,-0.0652425713766268
"2640-97331","2850-57581","2640-97331_2850-57581",2,"CHR",27,"CHR-27","0",10,12.46090579,5,5,0.304659498207885,"CHR_27_2",1,NA,0,4,"no",16.76,9.83579096,18.81945995,79.83333333,0.564019367350756,-2.00209196155345,-1.05591017852521,15.5,12.5018158,18.94245264,82.5,-0.857475046428205,-0.308807586528723,-0.780541178943333,0.166166639121012,0.769429624560999,0,"large","second","dist.20","dist.20","dist.20",0,0.830217188326111,1.23332042251798,-0.574524092276724,-1.50929728666711,-0.920543805985966,0.0923616887128494,-0.0652425713766268
"2640-97331","2850-57589","2640-97331_2850-57589",1,"CHR",29,"CHR-29","0",1,7.023837135,1,10,0.254838709677419,"CHR_29_1",1,NA,0,4,"no",16.76,9.83579096,18.81945995,79.83333333,0.564019367350756,-2.00209196155345,-1.05591017852521,17.5,12.65077601,16.92662014,97,0.874898342127209,-0.270540180912031,-1.19263004642303,-0.646065824836643,-0.402966398723574,0,"large","first","dist.10","dist.10","dist.10",0,0.209695800283509,1.23332042251798,-0.574524092276724,-1.50929728666711,0.394355006283394,-0.220209818057244,-0.7238327207249
"2640-97331","2850-57589","2640-97331_2850-57589",2,"CHR",27,"CHR-27","0",10,6.234389011,0,15,0.32258064516129,"CHR_27_2",1,NA,0,4,"no",16.76,9.83579096,18.81945995,79.83333333,0.564019367350756,-2.00209196155345,-1.05591017852521,17.5,12.65077601,16.92662014,97,0.874898342127209,-0.270540180912031,-1.19263004642303,-0.763999850616067,-0.696065404544717,0,"large","second","dist.10","dist.10","dist.10",0,1.05342632071554,1.23332042251798,-0.574524092276724,-1.50929728666711,0.394355006283394,-0.220209818057244,-0.7238327207249
"2640-97331","2850-57620","2640-97331_2850-57620",2,"CHR",27,"CHR-27","0",10,6.422664264,0,14,0.32258064516129,"CHR_27_2",1,NA,0,4,"no",16.76,9.83579096,18.81945995,79.83333333,0.564019367350756,-2.00209196155345,-1.05591017852521,18.2,8.903889997,21.60838485,87,-0.319841925842042,-1.2331033167923,-0.235554933708899,-0.735873799181015,-0.696065404544717,0,"large","second","dist.10","dist.10","dist.10",0,1.05342632071554,1.23332042251798,-0.574524092276724,-1.50929728666711,-1.04779207805897,-0.519894914297499,-0.347422909026337
"2640-97331","2850-57620","2640-97331_2850-57620",1,"CHR",29,"CHR-29","0",0,5.45933273,0,13,0.258064516129032,"CHR_29_1",1,NA,0,4,"no",16.76,9.83579096,18.81945995,79.83333333,0.564019367350756,-2.00209196155345,-1.05591017852521,18.2,8.903889997,21.60838485,87,-0.319841925842042,-1.2331033167923,-0.235554933708899,-0.879783908675287,-0.696065404544717,0,"large","first","dist.10","dist.10","dist.10",0,0.249873444113606,1.23332042251798,-0.574524092276724,-1.50929728666711,-1.04779207805897,-0.519894914297499,-0.347422909026337
"2640-97331","2850-57647","2640-97331_2850-57647",2,"CHR",27,"CHR-27","0",10,3.77388294,0,24,0.32258064516129,"CHR_27_2",1,NA,0,4,"no",16.76,9.83579096,18.81945995,79.83333333,0.564019367350756,-2.00209196155345,-1.05591017852521,15.8,12.89783981,28.1838767,85.83333333,-0.459228290836701,-0.207070274097309,1.10864751842364,-1.13156977394106,-0.696065404544717,0,"large","second","dist.05","dist.05","dist.10",0,1.05342632071554,1.23332042251798,-0.574524092276724,-1.50929728666711,2.30307908737845,-0.324477446700752,0.908946604529733
"2640-97331","2850-57647","2640-97331_2850-57647",1,"CHR",29,"CHR-29","0",0,3.546625264,0,18,0.258064516129032,"CHR_29_1",1,NA,0,4,"no",16.76,9.83579096,18.81945995,79.83333333,0.564019367350756,-2.00209196155345,-1.05591017852521,15.8,12.89783981,28.1838767,85.83333333,-0.459228290836701,-0.207070274097309,1.10864751842364,-1.16551932908619,-0.696065404544717,0,"large","first","dist.05","dist.05","dist.10",0,0.249873444113606,1.23332042251798,-0.574524092276724,-1.50929728666711,2.30307908737845,-0.324477446700752,0.908946604529733
"2640-97331","2850-57653","2640-97331_2850-57653",2,"CHR",27,"CHR-27","0",10,16.54801295,9,-2,0.290322580645161,"CHR_27_2",1,NA,0,4,"no",16.76,9.83579096,18.81945995,79.83333333,0.564019367350756,-2.00209196155345,-1.05591017852521,16.37,8.467490861,27.15053506,78,-1.39510816701437,-1.34521287106915,0.897405470214174,0.776731141736396,1.94182564784557,0,"large","second","dist.20","dist.20","dist.20",0,0.651649882414571,1.23332042251798,-0.574524092276724,-1.50929728666711,0.182274551131745,-1.12841701146077,0.110874711490428
"2640-97331","2850-57653","2640-97331_2850-57653",1,"CHR",29,"CHR-29","0",0,13.22996489,0,13,0.258064516129032,"CHR_29_1",1,NA,0,4,"no",16.76,9.83579096,18.81945995,79.83333333,0.564019367350756,-2.00209196155345,-1.05591017852521,16.37,8.467490861,27.15053506,78,-1.39510816701437,-1.34521287106915,0.897405470214174,0.281054790689158,-0.696065404544717,0,"large","first","dist.20","dist.20","dist.20",0,0.249873444113606,1.23332042251798,-0.574524092276724,-1.50929728666711,0.182274551131745,-1.12841701146077,0.110874711490428
"2640-97331","2850-57671","2640-97331_2850-57671",2,"CHR",27,"CHR-27","0",10,14.97887567,0,-31,0.32258064516129,"CHR_27_2",1,NA,0,4,"no",16.76,9.83579096,18.81945995,79.83333333,0.564019367350756,-2.00209196155345,-1.05591017852521,17.53,16.28350449,28.84180791,75.83333333,-1.65396855880595,0.662696246718346,1.24314585953504,0.542320962264014,-0.696065404544717,0,"large","second","dist.20","dist.20","dist.20",0,1.05342632071554,1.23332042251798,-0.574524092276724,-1.50929728666711,0.606435458890079,1.16785270969026,0.187430780520441
"2640-97331","2850-57671","2640-97331_2850-57671",1,"CHR",29,"CHR-29","0",0,16.04915093,0,17,0.258064516129032,"CHR_29_1",1,NA,0,4,"no",16.76,9.83579096,18.81945995,79.83333333,0.564019367350756,-2.00209196155345,-1.05591017852521,17.53,16.28350449,28.84180791,75.83333333,-1.65396855880595,0.662696246718346,1.24314585953504,0.702207174247615,-0.696065404544717,0,"large","first","dist.20","dist.20","dist.20",0,0.249873444113606,1.23332042251798,-0.574524092276724,-1.50929728666711,0.606435458890079,1.16785270969026,0.187430780520441
"2640-97331","2850-57731","2640-97331_2850-57731",1,"CHR",29,"CHR-29","0",11,2.113967997,6,-5,0.238709677419355,"CHR_29_1",1,NA,0,4,"no",16.76,9.83579096,18.81945995,79.83333333,0.564019367350756,-2.00209196155345,-1.05591017852521,15.9,10.9634214,23.24545364,91,0.158054181345658,-0.704016229851986,0.0991047285683272,-1.37954104111886,1.06252863038214,0,"large","first","dist.05","dist.05","dist.10",0,0.00880758113303239,1.23332042251798,-0.574524092276724,-1.50929728666711,-1.17504035013197,-0.720064302121302,-0.918055636034195
"2640-97331","2850-57731","2640-97331_2850-57731",2,"CHR",27,"CHR-27","0",10,4.116895593,6,-4,0.301075268817204,"CHR_27_2",1,NA,0,4,"no",16.76,9.83579096,18.81945995,79.83333333,0.564019367350756,-2.00209196155345,-1.05591017852521,15.9,10.9634214,23.24545364,91,0.158054181345658,-0.704016229851986,0.0991047285683272,-1.08032782170663,1.06252863038214,0,"large","second","dist.05","dist.05","dist.10",0,0.785575361848226,1.23332042251798,-0.574524092276724,-1.50929728666711,-1.17504035013197,-0.720064302121302,-0.918055636034195
"2640-97331","2850-57733","2640-97331_2850-57733",2,"CHR",27,"CHR-27","0",10,8.269835775,0,-10,0.32258064516129,"CHR_27_2",1,NA,0,4,"no",16.76,9.83579096,18.81945995,79.83333333,0.564019367350756,-2.00209196155345,-1.05591017852521,15.66,14.84394317,20.45213858,102,1.47226847611183,0.292877508261001,-0.471921901664779,-0.459928659817695,-0.696065404544717,0,"large","second","dist.10","dist.10","dist.10",0,1.05342632071554,1.23332042251798,-0.574524092276724,-1.50929728666711,0.606435458890079,-1.12204057333336,-0.450386497816471
"2640-97331","2850-57733","2640-97331_2850-57733",1,"CHR",29,"CHR-29","0",0,9.277382025,0,38,0.258064516129032,"CHR_29_1",1,NA,0,4,"no",16.76,9.83579096,18.81945995,79.83333333,0.564019367350756,-2.00209196155345,-1.05591017852521,15.66,14.84394317,20.45213858,102,1.47226847611183,0.292877508261001,-0.471921901664779,-0.309413405161821,-0.696065404544717,0,"large","first","dist.10","dist.10","dist.10",0,0.249873444113606,1.23332042251798,-0.574524092276724,-1.50929728666711,0.606435458890079,-1.12204057333336,-0.450386497816471
"2640-97331","2850-57742","2640-97331_2850-57742",1,"CHR",29,"CHR-29","0",8,6.502144006,8,3,0.232258064516129,"CHR_29_1",1,NA,0,4,"no",16.76,9.83579096,18.81945995,79.83333333,0.564019367350756,-2.00209196155345,-1.05591017852521,16.98,13.00562645,26.1463443,93,0.397002234939508,-0.179380228057897,0.692122624034258,-0.724000484574253,1.64872664202443,0,"large","first","dist.10","dist.10","dist.10",0,-0.0715477065271633,1.23332042251798,-0.574524092276724,-1.50929728666711,0.564019367350756,-0.96234197733198,-0.610003960994292
"2640-97331","2850-57742","2640-97331_2850-57742",2,"CHR",27,"CHR-27","0",10,6.1628208967,9,1,0.290322580645161,"CHR_27_2",1,NA,0,4,"no",16.76,9.83579096,18.81945995,79.83333333,0.564019367350756,-2.00209196155345,-1.05591017852521,16.98,13.00562645,26.1463443,93,0.397002234939508,-0.179380228057897,0.692122624034258,-0.774691263490767,1.94182564784557,0,"large","second","dist.10","dist.10","dist.10",0,0.651649882414571,1.23332042251798,-0.574524092276724,-1.50929728666711,0.564019367350756,-0.96234197733198,-0.610003960994292
"2640-97331","2850-57744","2640-97331_2850-57744",2,"CHR",27,"CHR-27","0",10,13.29871713,0,25,0.32258064516129,"CHR_27_2",1,NA,0,4,"no",16.76,9.83579096,18.81945995,79.83333333,0.564019367350756,-2.00209196155345,-1.05591017852521,14.77,24.63866733,20.45419575,84.5,-0.618526992834355,2.80911108724386,-0.47150136233152,0.291325545914302,-0.696065404544717,0,"large","second","dist.20","dist.20","dist.20",0,1.05342632071554,1.23332042251798,-0.574524092276724,-1.50929728666711,-0.411550717693951,1.14723185861105,0.256764043881684
"2640-97331","2850-57744","2640-97331_2850-57744",1,"CHR",29,"CHR-29","0",0,14.27662498,0,21,0.258064516129032,"CHR_29_1",1,NA,0,4,"no",16.76,9.83579096,18.81945995,79.83333333,0.564019367350756,-2.00209196155345,-1.05591017852521,14.77,24.63866733,20.45419575,84.5,-0.618526992834355,2.80911108724386,-0.47150136233152,0.437413181169485,-0.696065404544717,0,"large","first","dist.20","dist.20","dist.20",0,0.249873444113606,1.23332042251798,-0.574524092276724,-1.50929728666711,-0.411550717693951,1.14723185861105,0.256764043881684
"2640-97331","2850-57806","2640-97331_2850-57806",1,"CHR",29,"CHR-29","0",11,6.598714514,11,0,0.22258064516129,"CHR_29_1",1,NA,0,4,"no",16.76,9.83579096,18.81945995,79.83333333,0.564019367350756,-2.00209196155345,-1.05591017852521,15.88,11.25502825,14.26422898,83.83333333,-0.698176344430552,-0.62910335473214,-1.73689240845576,-0.709574015711045,2.52802365948786,0,"large","first","dist.10","dist.10","dist.10",0,-0.192080638017456,1.23332042251798,-0.574524092276724,-1.50929728666711,0.224690642671068,-0.312822534834813,0.766781208645738
"2640-97331","2850-57806","2640-97331_2850-57806",2,"CHR",27,"CHR-27","0",11,8.69850265090909,6,4,0.301075268817204,"CHR_27_2",1,NA,0,4,"no",16.76,9.83579096,18.81945995,79.83333333,0.564019367350756,-2.00209196155345,-1.05591017852521,15.88,11.25502825,14.26422898,83.83333333,-0.698176344430552,-0.62910335473214,-1.73689240845576,-0.395891000017964,1.06252863038214,0,"large","second","dist.10","dist.10","dist.10",0,0.785575361848226,1.23332042251798,-0.574524092276724,-1.50929728666711,0.224690642671068,-0.312822534834813,0.766781208645738
"2640-97331","2850-57881","2640-97331_2850-57881",1,"CHR",29,"CHR-29","0",6,3.021301671,6,5,0.238709677419355,"CHR_29_1",1,NA,0,4,"no",16.76,9.83579096,18.81945995,79.83333333,0.564019367350756,-2.00209196155345,-1.05591017852521,16.55,11.73463277,21.93833167,84.83333333,-0.578702317633627,-0.50589447430401,-0.16810517715307,-1.24399633634728,1.06252863038214,0,"large","first","dist.05","dist.05","dist.10",0,0.00880758113303239,1.23332042251798,-0.574524092276724,-1.50929728666711,-0.835711625452285,0.553081751767378,1.79200900661347
"2640-97331","2850-57881","2640-97331_2850-57881",2,"CHR",27,"CHR-27","0",10,3.332676517,0,14,0.32258064516129,"CHR_27_2",1,NA,0,4,"no",16.76,9.83579096,18.81945995,79.83333333,0.564019367350756,-2.00209196155345,-1.05591017852521,16.55,11.73463277,21.93833167,84.83333333,-0.578702317633627,-0.50589447430401,-0.16810517715307,-1.19748069079838,-0.696065404544717,0,"large","second","dist.05","dist.05","dist.10",0,1.05342632071554,1.23332042251798,-0.574524092276724,-1.50929728666711,-0.835711625452285,0.553081751767378,1.79200900661347
"2640-97358","2640-97588","2640-97358_2640-97588",1,"CHR",32,"CHR-32","0",10,12.6552842,10,1,0.138709677419355,"CHR_32_1",1,NA,0,5,"no",16.83,13.77641409,19.740555,73,-1.17504035013197,-0.720064302121302,-0.918055636034195,18.7,11.85018943,14.45612662,87,-0.319841925842042,-0.476208334764261,-1.69766351362466,0.195204428583038,2.23492465366671,0,"large","first","dist.20","dist.20","dist.20",0,-1.23669937759996,0.158054181345658,-0.704016229851986,0.0991047285683272,0.224690642671068,-0.0934822025987468,-1.95280566010936
"2640-97358","2640-97588","2640-97358_2640-97588",3,"CHR",32,"CHR-32","0",2,12.6552842,0,-41,0.0362903225806452,"CHR_32_3",1,NA,0,2,"no",16.83,13.77641409,19.740555,73,-1.17504035013197,-0.720064302121302,-0.918055636034195,18.7,11.85018943,14.45612662,87,-0.319841925842042,-0.476208334764261,-1.69766351362466,0.195204428583038,-0.696065404544717,0,"large","second","dist.20","dist.20","dist.20",0,-2.51233956920553,0.158054181345658,-0.704016229851986,0.0991047285683272,0.224690642671068,-0.0934822025987468,-1.95280566010936
"2640-97358","2640-97589","2640-97358_2640-97589",1,"CHR",32,"CHR-32","0",8,1.577070176,8,3,0.145161290322581,"CHR_32_1",1,NA,0,5,"no",16.83,13.77641409,19.740555,73,-1.17504035013197,-0.720064302121302,-0.918055636034195,16.1,11.8153556,16.91354271,99.66666667,1.19349574731726,-0.485157035237985,-1.19530341502793,-1.45974709841102,1.64872664202443,0,"large","first","dist.05","dist.05","dist.10",0,-1.15634408993976,0.158054181345658,-0.704016229851986,0.0991047285683272,0.98818027510909,-0.478534822267752,-0.867541507603602
"2640-97358","2640-97589","2640-97358_2640-97589",3,"CHR",32,"CHR-32","0",5,1.577070176,0,-38,0.0362903225806452,"CHR_32_3",1,NA,0,2,"no",16.83,13.77641409,19.740555,73,-1.17504035013197,-0.720064302121302,-0.918055636034195,16.1,11.8153556,16.91354271,99.66666667,1.19349574731726,-0.485157035237985,-1.19530341502793,-1.45974709841102,-0.696065404544717,0,"large","second","dist.05","dist.05","dist.10",0,-2.51233956920553,0.158054181345658,-0.704016229851986,0.0991047285683272,0.98818027510909,-0.478534822267752,-0.867541507603602
"2640-97358","2811-83208","2640-97358_2811-83208",3,"CHR",32,"CHR-32","0",9,15.89371749,0,-23,0.0362903225806452,"CHR_32_3",1,NA,0,2,"no",16.83,13.77641409,19.740555,73,-1.17504035013197,-0.720064302121302,-0.918055636034195,16.9,18.73416916,21.00459455,87,-0.319841925842042,1.29226422972124,-0.358985457287731,0.6789872934693,-0.696065404544717,0,"large","second","dist.20","dist.20","dist.20",0,-2.51233956920553,0.158054181345658,-0.704016229851986,0.0991047285683272,-0.411550717693951,-0.159665267146272,1.94192717350385
"2640-97358","2811-83208","2640-97358_2811-83208",1,"CHR",32,"CHR-32","0",0,15.89371749,0,18,0.170967741935484,"CHR_32_1",1,NA,0,5,"no",16.83,13.77641409,19.740555,73,-1.17504035013197,-0.720064302121302,-0.918055636034195,16.9,18.73416916,21.00459455,87,-0.319841925842042,1.29226422972124,-0.358985457287731,0.6789872934693,-0.696065404544717,0,"large","first","dist.20","dist.20","dist.20",0,-0.834922939298995,0.158054181345658,-0.704016229851986,0.0991047285683272,-0.411550717693951,-0.159665267146272,1.94192717350385
"2640-97358","2850-57567","2640-97358_2850-57567",1,"CHR",32,"CHR-32","0",0,9.48243736,0,16,0.170967741935484,"CHR_32_1",1,NA,0,5,"no",16.83,13.77641409,19.740555,73,-1.17504035013197,-0.720064302121302,-0.918055636034195,16.6,10.56012296,26.35612994,102.1666667,1.49218081789379,-0.807622320284185,0.735008293751907,-0.278780611911813,-0.696065404544717,0,"large","first","dist.10","dist.10","dist.10",0,-0.834922939298995,0.158054181345658,-0.704016229851986,0.0991047285683272,-1.17504035013197,0.922800644787313,-0.818227574717981
"2640-97358","2850-57567","2640-97358_2850-57567",3,"CHR",32,"CHR-32","0",0,9.48243736,0,-74,0.0362903225806452,"CHR_32_3",1,NA,0,2,"no",16.83,13.77641409,19.740555,73,-1.17504035013197,-0.720064302121302,-0.918055636034195,16.6,10.56012296,26.35612994,102.1666667,1.49218081789379,-0.807622320284185,0.735008293751907,-0.278780611911813,-0.696065404544717,0,"large","second","dist.10","dist.10","dist.10",0,-2.51233956920553,0.158054181345658,-0.704016229851986,0.0991047285683272,-1.17504035013197,0.922800644787313,-0.818227574717981
"2640-97358","2850-57570","2640-97358_2850-57570",1,"CHR",32,"CHR-32","0",0,6.668909987,0,28,0.170967741935484,"CHR_32_1",1,NA,0,5,"no",16.83,13.77641409,19.740555,73,-1.17504035013197,-0.720064302121302,-0.918055636034195,16.51,16.84077767,23.06811898,90,0.038580154548733,0.805857959623855,0.0628528876022267,-0.699087658886944,-0.696065404544717,0,"large","first","dist.10","dist.10","dist.10",0,-0.834922939298995,0.158054181345658,-0.704016229851986,0.0991047285683272,-0.157054173547943,-1.42571858026568,-1.08665491345185
"2640-97358","2850-57570","2640-97358_2850-57570",3,"CHR",32,"CHR-32","0",0,9.343164629,0,-42,0.0362903225806452,"CHR_32_3",1,NA,0,2,"no",16.83,13.77641409,19.740555,73,-1.17504035013197,-0.720064302121302,-0.918055636034195,16.51,16.84077767,23.06811898,90,0.038580154548733,0.805857959623855,0.0628528876022267,-0.299586277729223,-0.696065404544717,0,"large","second","dist.10","dist.10","dist.10",0,-2.51233956920553,0.158054181345658,-0.704016229851986,0.0991047285683272,-0.157054173547943,-1.42571858026568,-1.08665491345185
"2640-97358","2850-57577","2640-97358_2850-57577",3,"CHR",32,"CHR-32","0",9,14.14510354,0,-13,0.0362903225806452,"CHR_32_3",1,NA,0,2,"no",16.83,13.77641409,19.740555,73,-1.17504035013197,-0.720064302121302,-0.918055636034195,18.2,20.92472416,28.83623131,90.83333333,0.138141843147924,1.85501086327307,1.24200585669334,0.417765464715469,-0.696065404544717,0,"large","second","dist.20","dist.20","dist.20",0,-2.51233956920553,0.158054181345658,-0.704016229851986,0.0991047285683272,-0.666047261839958,0.264789915692027,-0.462001728113777
"2640-97358","2850-57577","2640-97358_2850-57577",1,"CHR",32,"CHR-32","0",0,13.66075475,0,28,0.170967741935484,"CHR_32_1",1,NA,0,5,"no",16.83,13.77641409,19.740555,73,-1.17504035013197,-0.720064302121302,-0.918055636034195,18.2,20.92472416,28.83623131,90.83333333,0.138141843147924,1.85501086327307,1.24200585669334,0.345409598700272,-0.696065404544717,0,"large","first","dist.20","dist.20","dist.20",0,-0.834922939298995,0.158054181345658,-0.704016229851986,0.0991047285683272,-0.666047261839958,0.264789915692027,-0.462001728113777
"2640-97358","2850-57578","2640-97358_2850-57578",3,"CHR",32,"CHR-32","0",9,2.895473875,0,-16,0.0362903225806452,"CHR_32_3",1,NA,0,2,"no",16.83,13.77641409,19.740555,73,-1.17504035013197,-0.720064302121302,-0.918055636034195,17.2,10.81633932,15.67680791,91.5,0.217791194744121,-0.741801149826969,-1.44812434290995,-1.26279349107614,-0.696065404544717,0,"large","second","dist.05","dist.05","dist.10",0,-2.51233956920553,0.158054181345658,-0.704016229851986,0.0991047285683272,0.0550262790587415,1.59216462744548,-0.0904874492207969
"2640-97358","2850-57578","2640-97358_2850-57578",1,"CHR",32,"CHR-32","0",0,2.895473875,0,24,0.170967741935484,"CHR_32_1",1,NA,0,5,"no",16.83,13.77641409,19.740555,73,-1.17504035013197,-0.720064302121302,-0.918055636034195,17.2,10.81633932,15.67680791,91.5,0.217791194744121,-0.741801149826969,-1.44812434290995,-1.26279349107614,-0.696065404544717,0,"large","first","dist.05","dist.05","dist.10",0,-0.834922939298995,0.158054181345658,-0.704016229851986,0.0991047285683272,0.0550262790587415,1.59216462744548,-0.0904874492207969
"2640-97358","2850-57579","2640-97358_2850-57579",1,"CHR",32,"CHR-32","0",0,4.854405069,0,11,0.170967741935484,"CHR_32_1",1,NA,0,5,"no",16.83,13.77641409,19.740555,73,-1.17504035013197,-0.720064302121302,-0.918055636034195,16.3,11.31949153,24.77905949,93.5,0.456739248337971,-0.612542942504321,0.412613860843324,-0.970152803347663,-0.696065404544717,0,"large","first","dist.05","dist.05","dist.10",0,-0.834922939298995,0.158054181345658,-0.704016229851986,0.0991047285683272,0.394355006283394,0.252942547897877,-0.257226498974273
"2640-97358","2850-57579","2640-97358_2850-57579",3,"CHR",32,"CHR-32","0",0,6.192228038,0,-54,0.0362903225806452,"CHR_32_3",1,NA,0,2,"no",16.83,13.77641409,19.740555,73,-1.17504035013197,-0.720064302121302,-0.918055636034195,16.3,11.31949153,24.77905949,93.5,0.456739248337971,-0.612542942504321,0.412613860843324,-0.770298191349939,-0.696065404544717,0,"large","second","dist.10","dist.10","dist.10",0,-2.51233956920553,0.158054181345658,-0.704016229851986,0.0991047285683272,0.394355006283394,0.252942547897877,-0.257226498974273
"2640-97358","2850-57580","2640-97358_2850-57580",1,"CHR",32,"CHR-32","0",0,10.73150544,0,19,0.170967741935484,"CHR_32_1",1,NA,0,5,"no",16.83,13.77641409,19.740555,73,-1.17504035013197,-0.720064302121302,-0.918055636034195,16.2,9.142844799,27.48113161,87.83333333,-0.220280237242851,-1.17171658585126,0.964988048569367,-0.0921849095867601,-0.696065404544717,0,"large","first","dist.20","dist.20","dist.20",0,-0.834922939298995,0.158054181345658,-0.704016229851986,0.0991047285683272,0.564019367350756,0.594981908524202,0.613110506001452
"2640-97358","2850-57580","2640-97358_2850-57580",3,"CHR",32,"CHR-32","0",0,10.73150544,0,-71,0.0362903225806452,"CHR_32_3",1,NA,0,2,"no",16.83,13.77641409,19.740555,73,-1.17504035013197,-0.720064302121302,-0.918055636034195,16.2,9.142844799,27.48113161,87.83333333,-0.220280237242851,-1.17171658585126,0.964988048569367,-0.0921849095867601,-0.696065404544717,0,"large","second","dist.20","dist.20","dist.20",0,-2.51233956920553,0.158054181345658,-0.704016229851986,0.0991047285683272,0.564019367350756,0.594981908524202,0.613110506001452
"2640-97358","2850-57581","2640-97358_2850-57581",1,"CHR",32,"CHR-32","0",2,10.64783291,2,9,0.164516129032258,"CHR_32_1",1,NA,0,5,"no",16.83,13.77641409,19.740555,73,-1.17504035013197,-0.720064302121302,-0.918055636034195,15.5,12.5018158,18.94245264,82.5,-0.857475046428205,-0.308807586528723,-0.780541178943333,-0.104684576138694,-0.109867392902431,0,"large","first","dist.20","dist.20","dist.20",0,-0.91527822695919,0.158054181345658,-0.704016229851986,0.0991047285683272,-0.920543805985966,0.0923616887128494,-0.0652425713766268
"2640-97358","2850-57581","2640-97358_2850-57581",3,"CHR",32,"CHR-32","0",9,12.48987977,0,-32,0.0362903225806452,"CHR_32_3",1,NA,0,2,"no",16.83,13.77641409,19.740555,73,-1.17504035013197,-0.720064302121302,-0.918055636034195,15.5,12.5018158,18.94245264,82.5,-0.857475046428205,-0.308807586528723,-0.780541178943333,0.170495002189302,-0.696065404544717,0,"large","second","dist.20","dist.20","dist.20",0,-2.51233956920553,0.158054181345658,-0.704016229851986,0.0991047285683272,-0.920543805985966,0.0923616887128494,-0.0652425713766268
"2640-97358","2850-57589","2640-97358_2850-57589",3,"CHR",32,"CHR-32","0",9,6.682175434,0,-22,0.0362903225806452,"CHR_32_3",1,NA,0,2,"no",16.83,13.77641409,19.740555,73,-1.17504035013197,-0.720064302121302,-0.918055636034195,17.5,12.65077601,16.92662014,97,0.874898342127209,-0.270540180912031,-1.19263004642303,-0.697105961140236,-0.696065404544717,0,"large","second","dist.10","dist.10","dist.10",0,-2.51233956920553,0.158054181345658,-0.704016229851986,0.0991047285683272,0.394355006283394,-0.220209818057244,-0.7238327207249
"2640-97358","2850-57589","2640-97358_2850-57589",1,"CHR",32,"CHR-32","0",0,5.352451183,0,15,0.170967741935484,"CHR_32_1",1,NA,0,5,"no",16.83,13.77641409,19.740555,73,-1.17504035013197,-0.720064302121302,-0.918055636034195,17.5,12.65077601,16.92662014,97,0.874898342127209,-0.270540180912031,-1.19263004642303,-0.895750722372146,-0.696065404544717,0,"large","first","dist.10","dist.10","dist.10",0,-0.834922939298995,0.158054181345658,-0.704016229851986,0.0991047285683272,0.394355006283394,-0.220209818057244,-0.7238327207249
"2640-97358","2850-57620","2640-97358_2850-57620",3,"CHR",32,"CHR-32","0",9,5.510588776,0,-23,0.0362903225806452,"CHR_32_3",1,NA,0,2,"no",16.83,13.77641409,19.740555,73,-1.17504035013197,-0.720064302121302,-0.918055636034195,18.2,8.903889997,21.60838485,87,-0.319841925842042,-1.2331033167923,-0.235554933708899,-0.872126873758684,-0.696065404544717,0,"large","second","dist.10","dist.10","dist.10",0,-2.51233956920553,0.158054181345658,-0.704016229851986,0.0991047285683272,-1.04779207805897,-0.519894914297499,-0.347422909026337
"2640-97358","2850-57620","2640-97358_2850-57620",1,"CHR",32,"CHR-32","0",0,5.510588776,0,18,0.170967741935484,"CHR_32_1",1,NA,0,5,"no",16.83,13.77641409,19.740555,73,-1.17504035013197,-0.720064302121302,-0.918055636034195,18.2,8.903889997,21.60838485,87,-0.319841925842042,-1.2331033167923,-0.235554933708899,-0.872126873758684,-0.696065404544717,0,"large","first","dist.10","dist.10","dist.10",0,-0.834922939298995,0.158054181345658,-0.704016229851986,0.0991047285683272,-1.04779207805897,-0.519894914297499,-0.347422909026337
"2640-97358","2850-57647","2640-97358_2850-57647",3,"CHR",32,"CHR-32","0",9,1.783308813,0,-13,0.0362903225806452,"CHR_32_3",1,NA,0,2,"no",16.83,13.77641409,19.740555,73,-1.17504035013197,-0.720064302121302,-0.918055636034195,15.8,12.89783981,28.1838767,85.83333333,-0.459228290836701,-0.207070274097309,1.10864751842364,-1.42893753411763,-0.696065404544717,0,"large","second","dist.05","dist.05","dist.10",0,-2.51233956920553,0.158054181345658,-0.704016229851986,0.0991047285683272,2.30307908737845,-0.324477446700752,0.908946604529733
"2640-97358","2850-57647","2640-97358_2850-57647",1,"CHR",32,"CHR-32","0",0,1.783308813,0,23,0.170967741935484,"CHR_32_1",1,NA,0,5,"no",16.83,13.77641409,19.740555,73,-1.17504035013197,-0.720064302121302,-0.918055636034195,15.8,12.89783981,28.1838767,85.83333333,-0.459228290836701,-0.207070274097309,1.10864751842364,-1.42893753411763,-0.696065404544717,0,"large","first","dist.05","dist.05","dist.10",0,-0.834922939298995,0.158054181345658,-0.704016229851986,0.0991047285683272,2.30307908737845,-0.324477446700752,0.908946604529733
"2640-97358","2850-57653","2640-97358_2850-57653",3,"CHR",32,"CHR-32","0",4,15.78636065,0,-39,0.0362903225806452,"CHR_32_3",1,NA,0,2,"no",16.83,13.77641409,19.740555,73,-1.17504035013197,-0.720064302121302,-0.918055636034195,16.37,8.467490861,27.15053506,78,-1.39510816701437,-1.34521287106915,0.897405470214174,0.662949476732202,-0.696065404544717,0,"large","second","dist.20","dist.20","dist.20",0,-2.51233956920553,0.158054181345658,-0.704016229851986,0.0991047285683272,0.182274551131745,-1.12841701146077,0.110874711490428
"2640-97358","2850-57653","2640-97358_2850-57653",1,"CHR",32,"CHR-32","0",0,13.61310389,0,18,0.170967741935484,"CHR_32_1",1,NA,0,5,"no",16.83,13.77641409,19.740555,73,-1.17504035013197,-0.720064302121302,-0.918055636034195,16.37,8.467490861,27.15053506,78,-1.39510816701437,-1.34521287106915,0.897405470214174,0.338291135078903,-0.696065404544717,0,"large","first","dist.20","dist.20","dist.20",0,-0.834922939298995,0.158054181345658,-0.704016229851986,0.0991047285683272,0.182274551131745,-1.12841701146077,0.110874711490428
"2640-97358","2850-57671","2640-97358_2850-57671",1,"CHR",32,"CHR-32","0",0,15.5412171,0,22,0.170967741935484,"CHR_32_1",1,NA,0,5,"no",16.83,13.77641409,19.740555,73,-1.17504035013197,-0.720064302121302,-0.918055636034195,17.53,16.28350449,28.84180791,75.83333333,-1.65396855880595,0.662696246718346,1.24314585953504,0.626327987787655,-0.696065404544717,0,"large","first","dist.20","dist.20","dist.20",0,-0.834922939298995,0.158054181345658,-0.704016229851986,0.0991047285683272,0.606435458890079,1.16785270969026,0.187430780520441
"2640-97358","2850-57671","2640-97358_2850-57671",3,"CHR",32,"CHR-32","0",0,15.5412171,0,-68,0.0362903225806452,"CHR_32_3",1,NA,0,2,"no",16.83,13.77641409,19.740555,73,-1.17504035013197,-0.720064302121302,-0.918055636034195,17.53,16.28350449,28.84180791,75.83333333,-1.65396855880595,0.662696246718346,1.24314585953504,0.626327987787655,-0.696065404544717,0,"large","second","dist.20","dist.20","dist.20",0,-2.51233956920553,0.158054181345658,-0.704016229851986,0.0991047285683272,0.606435458890079,1.16785270969026,0.187430780520441
"2640-97358","2850-57733","2640-97358_2850-57733",3,"CHR",32,"CHR-32","0",9,8.027254901,9,-1,0,"CHR_32_3",1,NA,0,2,"no",16.83,13.77641409,19.740555,73,-1.17504035013197,-0.720064302121302,-0.918055636034195,15.66,14.84394317,20.45213858,102,1.47226847611183,0.292877508261001,-0.471921901664779,-0.496167315884108,1.94182564784557,0,"large","second","dist.10","dist.10","dist.10",0,-2.96433806229411,0.158054181345658,-0.704016229851986,0.0991047285683272,0.606435458890079,-1.12204057333336,-0.450386497816471
"2640-97358","2850-57733","2640-97358_2850-57733",1,"CHR",32,"CHR-32","0",0,8.180056395,0,43,0.170967741935484,"CHR_32_1",1,NA,0,5,"no",16.83,13.77641409,19.740555,73,-1.17504035013197,-0.720064302121302,-0.918055636034195,15.66,14.84394317,20.45213858,102,1.47226847611183,0.292877508261001,-0.471921901664779,-0.47334061608625,-0.696065404544717,0,"large","first","dist.10","dist.10","dist.10",0,-0.834922939298995,0.158054181345658,-0.704016229851986,0.0991047285683272,0.606435458890079,-1.12204057333336,-0.450386497816471
"2640-97358","2850-57742","2640-97358_2850-57742",1,"CHR",32,"CHR-32","0",3,4.44740581,3,8,0.161290322580645,"CHR_32_1",1,NA,0,5,"no",16.83,13.77641409,19.740555,73,-1.17504035013197,-0.720064302121302,-0.918055636034195,16.98,13.00562645,26.1463443,93,0.397002234939508,-0.179380228057897,0.692122624034258,-1.03095358258051,0.183231612918712,0,"large","first","dist.05","dist.05","dist.10",0,-0.955455870789288,0.158054181345658,-0.704016229851986,0.0991047285683272,0.564019367350756,-0.96234197733198,-0.610003960994292
"2640-97358","2850-57742","2640-97358_2850-57742",3,"CHR",32,"CHR-32","0",7,4.608725363,0,-36,0.0362903225806452,"CHR_32_3",1,NA,0,2,"no",16.83,13.77641409,19.740555,73,-1.17504035013197,-0.720064302121302,-0.918055636034195,16.98,13.00562645,26.1463443,93,0.397002234939508,-0.179380228057897,0.692122624034258,-1.00685438753039,-0.696065404544717,0,"large","second","dist.05","dist.05","dist.10",0,-2.51233956920553,0.158054181345658,-0.704016229851986,0.0991047285683272,0.564019367350756,-0.96234197733198,-0.610003960994292
"2640-97358","2850-57744","2640-97358_2850-57744",3,"CHR",32,"CHR-32","0",9,12.97113301,0,-12,0.0362903225806452,"CHR_32_3",1,NA,0,2,"no",16.83,13.77641409,19.740555,73,-1.17504035013197,-0.720064302121302,-0.918055636034195,14.77,24.63866733,20.45419575,84.5,-0.618526992834355,2.80911108724386,-0.47150136233152,0.242388430379387,-0.696065404544717,0,"large","second","dist.20","dist.20","dist.20",0,-2.51233956920553,0.158054181345658,-0.704016229851986,0.0991047285683272,-0.411550717693951,1.14723185861105,0.256764043881684
"2640-97358","2850-57744","2640-97358_2850-57744",1,"CHR",32,"CHR-32","0",0,12.97113301,0,26,0.170967741935484,"CHR_32_1",1,NA,0,5,"no",16.83,13.77641409,19.740555,73,-1.17504035013197,-0.720064302121302,-0.918055636034195,14.77,24.63866733,20.45419575,84.5,-0.618526992834355,2.80911108724386,-0.47150136233152,0.242388430379387,-0.696065404544717,0,"large","first","dist.20","dist.20","dist.20",0,-0.834922939298995,0.158054181345658,-0.704016229851986,0.0991047285683272,-0.411550717693951,1.14723185861105,0.256764043881684
"2640-97358","2850-57806","2640-97358_2850-57806",1,"CHR",32,"CHR-32","0",6,7.493744191,6,5,0.151612903225806,"CHR_32_1",1,NA,0,5,"no",16.83,13.77641409,19.740555,73,-1.17504035013197,-0.720064302121302,-0.918055636034195,15.88,11.25502825,14.26422898,83.83333333,-0.698176344430552,-0.62910335473214,-1.73689240845576,-0.575867379655162,1.06252863038214,0,"large","first","dist.10","dist.10","dist.10",0,-1.07598880227958,0.158054181345658,-0.704016229851986,0.0991047285683272,0.224690642671068,-0.312822534834813,0.766781208645738
"2640-97358","2850-57806","2640-97358_2850-57806",3,"CHR",32,"CHR-32","0",9,9.22669082,0,-33,0.0362903225806452,"CHR_32_3",1,NA,0,2,"no",16.83,13.77641409,19.740555,73,-1.17504035013197,-0.720064302121302,-0.918055636034195,15.88,11.25502825,14.26422898,83.83333333,-0.698176344430552,-0.62910335473214,-1.73689240845576,-0.316986059647298,-0.696065404544717,0,"large","second","dist.10","dist.10","dist.10",0,-2.51233956920553,0.158054181345658,-0.704016229851986,0.0991047285683272,0.224690642671068,-0.312822534834813,0.766781208645738
"2640-97358","2850-57808","2640-97358_2850-57808",1,"CHR",32,"CHR-32","0",6,2.113967997,6,5,0.151612903225806,"CHR_32_1",1,"ep_same",1,5,"yes",16.83,13.77641409,19.740555,73,-1.17504035013197,-0.720064302121302,-0.918055636034195,17.44,11.46748421,15.37756564,100,1.23332042251798,-0.574524092276724,-1.50929728666711,-1.37954104111886,1.06252863038214,1,"large","first","dist.05","dist.05","dist.10",0.2,-1.07598880227958,0.158054181345658,-0.704016229851986,0.0991047285683272,0.564019367350756,-2.00209196155345,-1.05591017852521
"2640-97358","2850-57808","2640-97358_2850-57808",3,"CHR",32,"CHR-32","0",5,2.045060714,0,-37,0.0362903225806452,"CHR_32_3",1,NA,0,2,"no",16.83,13.77641409,19.740555,73,-1.17504035013197,-0.720064302121302,-0.918055636034195,17.44,11.46748421,15.37756564,100,1.23332042251798,-0.574524092276724,-1.50929728666711,-1.38983495789776,-0.696065404544717,0,"large","second","dist.05","dist.05","dist.10",0,-2.51233956920553,0.158054181345658,-0.704016229851986,0.0991047285683272,0.564019367350756,-2.00209196155345,-1.05591017852521
"2640-97358","2850-57881","2640-97358_2850-57881",1,"CHR",32,"CHR-32","0",1,5.112140496,1,10,0.167741935483871,"CHR_32_1",1,NA,0,5,"no",16.83,13.77641409,19.740555,73,-1.17504035013197,-0.720064302121302,-0.918055636034195,16.55,11.73463277,21.93833167,84.83333333,-0.578702317633627,-0.50589447430401,-0.16810517715307,-0.931650239888422,-0.402966398723574,0,"large","first","dist.10","dist.10","dist.10",0,-0.875100583129093,0.158054181345658,-0.704016229851986,0.0991047285683272,-0.835711625452285,0.553081751767378,1.79200900661347
"2640-97358","2850-57881","2640-97358_2850-57881",3,"CHR",32,"CHR-32","0",9,5.064903298,0,-23,0.0362903225806452,"CHR_32_3",1,NA,0,2,"no",16.83,13.77641409,19.740555,73,-1.17504035013197,-0.720064302121302,-0.918055636034195,16.55,11.73463277,21.93833167,84.83333333,-0.578702317633627,-0.50589447430401,-0.16810517715307,-0.938706907397432,-0.696065404544717,0,"large","second","dist.10","dist.10","dist.10",0,-2.51233956920553,0.158054181345658,-0.704016229851986,0.0991047285683272,-0.835711625452285,0.553081751767378,1.79200900661347
"2811-38984","2640-97588","2811-38984_2640-97588",1,"CHR",102,"CHR-102","0",11,11.64241472,9,-2,0.2,"CHR_102_1",1,NA,0,3,"no",15.8,14.51881356,20.07807245,81.5,0.98818027510909,-0.478534822267752,-0.867541507603602,18.7,11.85018943,14.45612662,87,-0.319841925842042,-0.476208334764261,-1.69766351362466,0.0438939475849071,1.94182564784557,0,"large","first","dist.20","dist.20","dist.20",0,-0.473324144828128,1.19349574731726,-0.485157035237985,-1.19530341502793,0.224690642671068,-0.0934822025987468,-1.95280566010936
"2811-38984","2640-97588","2811-38984_2640-97588",2,"CHR",102,"CHR-102","0",11,11.64241472,8,-3,0.293548387096774,"CHR_102_2",1,NA,0,4,"no",15.8,14.51881356,20.07807245,81.5,0.98818027510909,-0.478534822267752,-0.867541507603602,18.7,11.85018943,14.45612662,87,-0.319841925842042,-0.476208334764261,-1.69766351362466,0.0438939475849071,1.64872664202443,0,"large","second","dist.20","dist.20","dist.20",0,0.691827526244669,1.19349574731726,-0.485157035237985,-1.19530341502793,0.224690642671068,-0.0934822025987468,-1.95280566010936
"2811-38984","2811-83208","2811-38984_2811-83208",2,"CHR",102,"CHR-102","0",11,16.60092687,0,15,0.319354838709677,"CHR_102_2",1,NA,0,4,"no",15.8,14.51881356,20.07807245,81.5,0.98818027510909,-0.478534822267752,-0.867541507603602,16.9,18.73416916,21.00459455,87,-0.319841925842042,1.29226422972124,-0.358985457287731,0.784635843027915,-0.696065404544717,0,"large","second","dist.20","dist.20","dist.20",0,1.01324867688544,1.19349574731726,-0.485157035237985,-1.19530341502793,-0.411550717693951,-0.159665267146272,1.94192717350385
"2811-38984","2811-83208","2811-38984_2811-83208",1,"CHR",102,"CHR-102","0",0,16.60092687,0,15,0.229032258064516,"CHR_102_1",1,NA,0,3,"no",15.8,14.51881356,20.07807245,81.5,0.98818027510909,-0.478534822267752,-0.867541507603602,16.9,18.73416916,21.00459455,87,-0.319841925842042,1.29226422972124,-0.358985457287731,0.784635843027915,-0.696065404544717,0,"large","first","dist.20","dist.20","dist.20",0,-0.111725350357261,1.19349574731726,-0.485157035237985,-1.19530341502793,-0.411550717693951,-0.159665267146272,1.94192717350385
"2811-38984","2850-57567","2811-38984_2850-57567",2,"CHR",102,"CHR-102","0",7,8.313013431,0,-36,0.319354838709677,"CHR_102_2",1,NA,0,4,"no",15.8,14.51881356,20.07807245,81.5,0.98818027510909,-0.478534822267752,-0.867541507603602,16.6,10.56012296,26.35612994,102.1666667,1.49218081789379,-0.807622320284185,0.735008293751907,-0.453478438908944,-0.696065404544717,0,"large","second","dist.10","dist.10","dist.10",0,1.01324867688544,1.19349574731726,-0.485157035237985,-1.19530341502793,-1.17504035013197,0.922800644787313,-0.818227574717981
"2811-38984","2850-57567","2811-38984_2850-57567",1,"CHR",102,"CHR-102","0",0,8.313013431,0,13,0.229032258064516,"CHR_102_1",1,NA,0,3,"no",15.8,14.51881356,20.07807245,81.5,0.98818027510909,-0.478534822267752,-0.867541507603602,16.6,10.56012296,26.35612994,102.1666667,1.49218081789379,-0.807622320284185,0.735008293751907,-0.453478438908944,-0.696065404544717,0,"large","first","dist.10","dist.10","dist.10",0,-0.111725350357261,1.19349574731726,-0.485157035237985,-1.19530341502793,-1.17504035013197,0.922800644787313,-0.818227574717981
"2811-38984","2850-57570","2811-38984_2850-57570",2,"CHR",102,"CHR-102","0",11,8.398125942,6,-4,0.3,"CHR_102_2",1,NA,0,4,"no",15.8,14.51881356,20.07807245,81.5,0.98818027510909,-0.478534822267752,-0.867541507603602,16.51,16.84077767,23.06811898,90,0.038580154548733,0.805857959623855,0.0628528876022267,-0.440763656567621,1.06252863038214,0,"large","second","dist.10","dist.10","dist.10",0,0.772182813904864,1.19349574731726,-0.485157035237985,-1.19530341502793,-0.157054173547943,-1.42571858026568,-1.08665491345185
"2811-38984","2850-57570","2811-38984_2850-57570",1,"CHR",102,"CHR-102","0",0,5.589012772,0,25,0.229032258064516,"CHR_102_1",1,NA,0,3,"no",15.8,14.51881356,20.07807245,81.5,0.98818027510909,-0.478534822267752,-0.867541507603602,16.51,16.84077767,23.06811898,90,0.038580154548733,0.805857959623855,0.0628528876022267,-0.860411274867743,-0.696065404544717,0,"large","first","dist.10","dist.10","dist.10",0,-0.111725350357261,1.19349574731726,-0.485157035237985,-1.19530341502793,-0.157054173547943,-1.42571858026568,-1.08665491345185
"2811-38984","2850-57577","2811-38984_2850-57577",2,"CHR",102,"CHR-102","0",11,13.36803151,0,-24,0.319354838709677,"CHR_102_2",1,NA,0,4,"no",15.8,14.51881356,20.07807245,81.5,0.98818027510909,-0.478534822267752,-0.867541507603602,18.2,20.92472416,28.83623131,90.83333333,0.138141843147924,1.85501086327307,1.24200585669334,0.301680278073757,-0.696065404544717,0,"large","second","dist.20","dist.20","dist.20",0,1.01324867688544,1.19349574731726,-0.485157035237985,-1.19530341502793,-0.666047261839958,0.264789915692027,-0.462001728113777
"2811-38984","2850-57577","2811-38984_2850-57577",1,"CHR",102,"CHR-102","0",0,13.36803151,0,25,0.229032258064516,"CHR_102_1",1,NA,0,3,"no",15.8,14.51881356,20.07807245,81.5,0.98818027510909,-0.478534822267752,-0.867541507603602,18.2,20.92472416,28.83623131,90.83333333,0.138141843147924,1.85501086327307,1.24200585669334,0.301680278073757,-0.696065404544717,0,"large","first","dist.20","dist.20","dist.20",0,-0.111725350357261,1.19349574731726,-0.485157035237985,-1.19530341502793,-0.666047261839958,0.264789915692027,-0.462001728113777
"2811-38984","2850-57578","2811-38984_2850-57578",2,"CHR",102,"CHR-102","0",11,2.609073064,0,22,0.319354838709677,"CHR_102_2",1,NA,0,4,"no",15.8,14.51881356,20.07807245,81.5,0.98818027510909,-0.478534822267752,-0.867541507603602,17.2,10.81633932,15.67680791,91.5,0.217791194744121,-0.741801149826969,-1.44812434290995,-1.30557831708419,-0.696065404544717,0,"large","second","dist.05","dist.05","dist.10",0,1.01324867688544,1.19349574731726,-0.485157035237985,-1.19530341502793,0.0550262790587415,1.59216462744548,-0.0904874492207969
"2811-38984","2850-57578","2811-38984_2850-57578",1,"CHR",102,"CHR-102","0",0,2.609073064,0,21,0.229032258064516,"CHR_102_1",1,NA,0,3,"no",15.8,14.51881356,20.07807245,81.5,0.98818027510909,-0.478534822267752,-0.867541507603602,17.2,10.81633932,15.67680791,91.5,0.217791194744121,-0.741801149826969,-1.44812434290995,-1.30557831708419,-0.696065404544717,0,"large","first","dist.05","dist.05","dist.10",0,-0.111725350357261,1.19349574731726,-0.485157035237985,-1.19530341502793,0.0550262790587415,1.59216462744548,-0.0904874492207969
"2811-38984","2850-57579","2811-38984_2850-57579",1,"CHR",102,"CHR-102","0",3,5.795943745,3,8,0.219354838709677,"CHR_102_1",1,NA,0,3,"no",15.8,14.51881356,20.07807245,81.5,0.98818027510909,-0.478534822267752,-0.867541507603602,16.3,11.31949153,24.77905949,93.5,0.456739248337971,-0.612542942504321,0.412613860843324,-0.829498283928337,0.183231612918712,0,"large","first","dist.10","dist.10","dist.10",0,-0.232258281847554,1.19349574731726,-0.485157035237985,-1.19530341502793,0.394355006283394,0.252942547897877,-0.257226498974273
"2811-38984","2850-57579","2811-38984_2850-57579",2,"CHR",102,"CHR-102","0",11,7.337925181,0,-16,0.319354838709677,"CHR_102_2",1,NA,0,4,"no",15.8,14.51881356,20.07807245,81.5,0.98818027510909,-0.478534822267752,-0.867541507603602,16.3,11.31949153,24.77905949,93.5,0.456739248337971,-0.612542942504321,0.412613860843324,-0.599144859939939,-0.696065404544717,0,"large","second","dist.10","dist.10","dist.10",0,1.01324867688544,1.19349574731726,-0.485157035237985,-1.19530341502793,0.394355006283394,0.252942547897877,-0.257226498974273
"2811-38984","2850-57580","2811-38984_2850-57580",2,"CHR",102,"CHR-102","0",9,11.50131062,0,-33,0.319354838709677,"CHR_102_2",1,NA,0,4,"no",15.8,14.51881356,20.07807245,81.5,0.98818027510909,-0.478534822267752,-0.867541507603602,16.2,9.142844799,27.48113161,87.83333333,-0.220280237242851,-1.17171658585126,0.964988048569367,0.0228146973326354,-0.696065404544717,0,"large","second","dist.20","dist.20","dist.20",0,1.01324867688544,1.19349574731726,-0.485157035237985,-1.19530341502793,0.564019367350756,0.594981908524202,0.613110506001452
"2811-38984","2850-57580","2811-38984_2850-57580",1,"CHR",102,"CHR-102","0",0,11.50131062,0,16,0.229032258064516,"CHR_102_1",1,NA,0,3,"no",15.8,14.51881356,20.07807245,81.5,0.98818027510909,-0.478534822267752,-0.867541507603602,16.2,9.142844799,27.48113161,87.83333333,-0.220280237242851,-1.17171658585126,0.964988048569367,0.0228146973326354,-0.696065404544717,0,"large","first","dist.20","dist.20","dist.20",0,-0.111725350357261,1.19349574731726,-0.485157035237985,-1.19530341502793,0.564019367350756,0.594981908524202,0.613110506001452
"2811-38984","2850-57581","2811-38984_2850-57581",1,"CHR",102,"CHR-102","0",5,10.69451428,5,6,0.212903225806452,"CHR_102_1",1,NA,0,3,"no",15.8,14.51881356,20.07807245,81.5,0.98818027510909,-0.478534822267752,-0.867541507603602,15.5,12.5018158,18.94245264,82.5,-0.857475046428205,-0.308807586528723,-0.780541178943333,-0.0977109426273437,0.769429624560999,0,"large","first","dist.20","dist.20","dist.20",0,-0.312613569507737,1.19349574731726,-0.485157035237985,-1.19530341502793,-0.920543805985966,0.0923616887128494,-0.0652425713766268
"2811-38984","2850-57581","2811-38984_2850-57581",2,"CHR",102,"CHR-102","0",11,11.5730881118182,5,6,0.303225806451613,"CHR_102_2",1,NA,0,4,"no",15.8,14.51881356,20.07807245,81.5,0.98818027510909,-0.478534822267752,-0.867541507603602,15.5,12.5018158,18.94245264,82.5,-0.857475046428205,-0.308807586528723,-0.780541178943333,0.0335373886826118,0.769429624560999,0,"large","second","dist.20","dist.20","dist.20",0,0.812360457734962,1.19349574731726,-0.485157035237985,-1.19530341502793,-0.920543805985966,0.0923616887128494,-0.0652425713766268
"2811-38984","2850-57589","2811-38984_2850-57589",2,"CHR",102,"CHR-102","0",11,5.705506599,0,16,0.319354838709677,"CHR_102_2",1,NA,0,4,"no",15.8,14.51881356,20.07807245,81.5,0.98818027510909,-0.478534822267752,-0.867541507603602,17.5,12.65077601,16.92662014,97,0.874898342127209,-0.270540180912031,-1.19263004642303,-0.843008502501966,-0.696065404544717,0,"large","second","dist.10","dist.10","dist.10",0,1.01324867688544,1.19349574731726,-0.485157035237985,-1.19530341502793,0.394355006283394,-0.220209818057244,-0.7238327207249
"2811-38984","2850-57589","2811-38984_2850-57589",1,"CHR",102,"CHR-102","0",0,5.705506599,0,12,0.229032258064516,"CHR_102_1",1,NA,0,3,"no",15.8,14.51881356,20.07807245,81.5,0.98818027510909,-0.478534822267752,-0.867541507603602,17.5,12.65077601,16.92662014,97,0.874898342127209,-0.270540180912031,-1.19263004642303,-0.843008502501966,-0.696065404544717,0,"large","first","dist.10","dist.10","dist.10",0,-0.111725350357261,1.19349574731726,-0.485157035237985,-1.19530341502793,0.394355006283394,-0.220209818057244,-0.7238327207249
"2811-38984","2850-57620","2811-38984_2850-57620",2,"CHR",102,"CHR-102","0",11,4.703666967,0,15,0.319354838709677,"CHR_102_2",1,NA,0,4,"no",15.8,14.51881356,20.07807245,81.5,0.98818027510909,-0.478534822267752,-0.867541507603602,18.2,8.903889997,21.60838485,87,-0.319841925842042,-1.2331033167923,-0.235554933708899,-0.992671257273598,-0.696065404544717,0,"large","second","dist.05","dist.05","dist.10",0,1.01324867688544,1.19349574731726,-0.485157035237985,-1.19530341502793,-1.04779207805897,-0.519894914297499,-0.347422909026337
"2811-38984","2850-57620","2811-38984_2850-57620",1,"CHR",102,"CHR-102","0",0,4.703666967,0,15,0.229032258064516,"CHR_102_1",1,NA,0,3,"no",15.8,14.51881356,20.07807245,81.5,0.98818027510909,-0.478534822267752,-0.867541507603602,18.2,8.903889997,21.60838485,87,-0.319841925842042,-1.2331033167923,-0.235554933708899,-0.992671257273598,-0.696065404544717,0,"large","first","dist.05","dist.05","dist.10",0,-0.111725350357261,1.19349574731726,-0.485157035237985,-1.19530341502793,-1.04779207805897,-0.519894914297499,-0.347422909026337
"2811-38984","2850-57647","2811-38984_2850-57647",2,"CHR",102,"CHR-102","0",11,0.210376542,0,25,0.319354838709677,"CHR_102_2",1,NA,0,4,"no",15.8,14.51881356,20.07807245,81.5,0.98818027510909,-0.478534822267752,-0.867541507603602,15.8,12.89783981,28.1838767,85.83333333,-0.459228290836701,-0.207070274097309,1.10864751842364,-1.66391463946243,-0.696065404544717,0,"large","second","dist.01","dist.05","dist.10",0,1.01324867688544,1.19349574731726,-0.485157035237985,-1.19530341502793,2.30307908737845,-0.324477446700752,0.908946604529733
"2811-38984","2850-57647","2811-38984_2850-57647",1,"CHR",102,"CHR-102","0",0,0.210376542,0,20,0.229032258064516,"CHR_102_1",1,NA,0,3,"no",15.8,14.51881356,20.07807245,81.5,0.98818027510909,-0.478534822267752,-0.867541507603602,15.8,12.89783981,28.1838767,85.83333333,-0.459228290836701,-0.207070274097309,1.10864751842364,-1.66391463946243,-0.696065404544717,0,"large","first","dist.01","dist.05","dist.10",0,-0.111725350357261,1.19349574731726,-0.485157035237985,-1.19530341502793,2.30307908737845,-0.324477446700752,0.908946604529733
"2811-38984","2850-57653","2811-38984_2850-57653",2,"CHR",102,"CHR-102","0",11,14.83818046,10,-1,0.287096774193548,"CHR_102_2",1,NA,0,4,"no",15.8,14.51881356,20.07807245,81.5,0.98818027510909,-0.478534822267752,-0.867541507603602,16.37,8.467490861,27.15053506,78,-1.39510816701437,-1.34521287106915,0.897405470214174,0.521302795244871,2.23492465366671,0,"large","second","dist.20","dist.20","dist.20",0,0.611472238584474,1.19349574731726,-0.485157035237985,-1.19530341502793,0.182274551131745,-1.12841701146077,0.110874711490428
"2811-38984","2850-57653","2811-38984_2850-57653",1,"CHR",102,"CHR-102","0",0,12.75639032,0,15,0.229032258064516,"CHR_102_1",1,NA,0,3,"no",15.8,14.51881356,20.07807245,81.5,0.98818027510909,-0.478534822267752,-0.867541507603602,16.37,8.467490861,27.15053506,78,-1.39510816701437,-1.34521287106915,0.897405470214174,0.21030846316117,-0.696065404544717,0,"large","first","dist.20","dist.20","dist.20",0,-0.111725350357261,1.19349574731726,-0.485157035237985,-1.19530341502793,0.182274551131745,-1.12841701146077,0.110874711490428
"2811-38984","2850-57671","2811-38984_2850-57671",2,"CHR",102,"CHR-102","0",11,16.60764839,0,-30,0.319354838709677,"CHR_102_2",1,NA,0,4,"no",15.8,14.51881356,20.07807245,81.5,0.98818027510909,-0.478534822267752,-0.867541507603602,17.53,16.28350449,28.84180791,75.83333333,-1.65396855880595,0.662696246718346,1.24314585953504,0.785639957027124,-0.696065404544717,0,"large","second","dist.20","dist.20","dist.20",0,1.01324867688544,1.19349574731726,-0.485157035237985,-1.19530341502793,0.606435458890079,1.16785270969026,0.187430780520441
"2811-38984","2850-57671","2811-38984_2850-57671",1,"CHR",102,"CHR-102","0",0,16.60764839,0,19,0.229032258064516,"CHR_102_1",1,NA,0,3,"no",15.8,14.51881356,20.07807245,81.5,0.98818027510909,-0.478534822267752,-0.867541507603602,17.53,16.28350449,28.84180791,75.83333333,-1.65396855880595,0.662696246718346,1.24314585953504,0.785639957027124,-0.696065404544717,0,"large","first","dist.20","dist.20","dist.20",0,-0.111725350357261,1.19349574731726,-0.485157035237985,-1.19530341502793,0.606435458890079,1.16785270969026,0.187430780520441
"2811-38984","2850-57731","2811-38984_2850-57731",1,"CHR",102,"CHR-102","0",11,1.577070176,8,-3,0.203225806451613,"CHR_102_1",1,NA,0,3,"no",15.8,14.51881356,20.07807245,81.5,0.98818027510909,-0.478534822267752,-0.867541507603602,15.9,10.9634214,23.24545364,91,0.158054181345658,-0.704016229851986,0.0991047285683272,-1.45974709841102,1.64872664202443,0,"large","first","dist.05","dist.05","dist.10",0,-0.43314650099803,1.19349574731726,-0.485157035237985,-1.19530341502793,-1.17504035013197,-0.720064302121302,-0.918055636034195
"2811-38984","2850-57731","2811-38984_2850-57731",2,"CHR",102,"CHR-102","0",11,3.616180933,7,-3,0.296774193548387,"CHR_102_2",1,NA,0,4,"no",15.8,14.51881356,20.07807245,81.5,0.98818027510909,-0.478534822267752,-0.867541507603602,15.9,10.9634214,23.24545364,91,0.158054181345658,-0.704016229851986,0.0991047285683272,-1.15512855126106,1.35562763620329,0,"large","second","dist.05","dist.05","dist.10",0,0.732005170074767,1.19349574731726,-0.485157035237985,-1.19530341502793,-1.17504035013197,-0.720064302121302,-0.918055636034195
"2811-38984","2850-57733","2811-38984_2850-57733",2,"CHR",102,"CHR-102","0",11,8.971697229,1,-9,0.316129032258064,"CHR_102_2",1,NA,0,4,"no",15.8,14.51881356,20.07807245,81.5,0.98818027510909,-0.478534822267752,-0.867541507603602,15.66,14.84394317,20.45213858,102,1.47226847611183,0.292877508261001,-0.471921901664779,-0.355079025885801,-0.402966398723574,0,"large","second","dist.10","dist.10","dist.10",0,0.97307103305534,1.19349574731726,-0.485157035237985,-1.19530341502793,0.606435458890079,-1.12204057333336,-0.450386497816471
"2811-38984","2850-57733","2811-38984_2850-57733",1,"CHR",102,"CHR-102","0",0,8.971697229,0,40,0.229032258064516,"CHR_102_1",1,NA,0,3,"no",15.8,14.51881356,20.07807245,81.5,0.98818027510909,-0.478534822267752,-0.867541507603602,15.66,14.84394317,20.45213858,102,1.47226847611183,0.292877508261001,-0.471921901664779,-0.355079025885801,-0.696065404544717,0,"large","first","dist.10","dist.10","dist.10",0,-0.111725350357261,1.19349574731726,-0.485157035237985,-1.19530341502793,0.606435458890079,-1.12204057333336,-0.450386497816471
"2811-38984","2850-57742","2811-38984_2850-57742",1,"CHR",102,"CHR-102","0",6,3.26345876,6,5,0.209677419354839,"CHR_102_1",1,NA,0,3,"no",15.8,14.51881356,20.07807245,81.5,0.98818027510909,-0.478534822267752,-0.867541507603602,16.98,13.00562645,26.1463443,93,0.397002234939508,-0.179380228057897,0.692122624034258,-1.2078209886473,1.06252863038214,0,"large","first","dist.05","dist.05","dist.10",0,-0.352791213337835,1.19349574731726,-0.485157035237985,-1.19530341502793,0.564019367350756,-0.96234197733198,-0.610003960994292
"2811-38984","2850-57742","2811-38984_2850-57742",2,"CHR",102,"CHR-102","0",11,4.15144640518182,9,2,0.290322580645161,"CHR_102_2",1,NA,0,4,"no",15.8,14.51881356,20.07807245,81.5,0.98818027510909,-0.478534822267752,-0.867541507603602,16.98,13.00562645,26.1463443,93,0.397002234939508,-0.179380228057897,0.692122624034258,-1.07516634718959,1.94182564784557,0,"large","second","dist.05","dist.05","dist.10",0,0.651649882414571,1.19349574731726,-0.485157035237985,-1.19530341502793,0.564019367350756,-0.96234197733198,-0.610003960994292
"2811-38984","2850-57744","2811-38984_2850-57744",2,"CHR",102,"CHR-102","0",11,13.49224612,0,-26,0.319354838709677,"CHR_102_2",1,NA,0,4,"no",15.8,14.51881356,20.07807245,81.5,0.98818027510909,-0.478534822267752,-0.867541507603602,14.77,24.63866733,20.45419575,84.5,-0.618526992834355,2.80911108724386,-0.47150136233152,0.320236442275778,-0.696065404544717,0,"large","second","dist.20","dist.20","dist.20",0,1.01324867688544,1.19349574731726,-0.485157035237985,-1.19530341502793,-0.411550717693951,1.14723185861105,0.256764043881684
"2811-38984","2850-57744","2811-38984_2850-57744",1,"CHR",102,"CHR-102","0",0,13.49224612,0,23,0.229032258064516,"CHR_102_1",1,NA,0,3,"no",15.8,14.51881356,20.07807245,81.5,0.98818027510909,-0.478534822267752,-0.867541507603602,14.77,24.63866733,20.45419575,84.5,-0.618526992834355,2.80911108724386,-0.47150136233152,0.320236442275778,-0.696065404544717,0,"large","first","dist.20","dist.20","dist.20",0,-0.111725350357261,1.19349574731726,-0.485157035237985,-1.19530341502793,-0.411550717693951,1.14723185861105,0.256764043881684
"2811-38984","2850-57806","2811-38984_2850-57806",1,"CHR",102,"CHR-102","0",9,7.166145998,9,2,0.2,"CHR_102_1",1,NA,0,3,"no",15.8,14.51881356,20.07807245,81.5,0.98818027510909,-0.478534822267752,-0.867541507603602,15.88,11.25502825,14.26422898,83.83333333,-0.698176344430552,-0.62910335473214,-1.73689240845576,-0.624806597526499,1.94182564784557,0,"large","first","dist.10","dist.10","dist.10",0,-0.473324144828128,1.19349574731726,-0.485157035237985,-1.19530341502793,0.224690642671068,-0.312822534834813,0.766781208645738
"2811-38984","2850-57806","2811-38984_2850-57806",2,"CHR",102,"CHR-102","0",12,7.93731493,6,5,0.3,"CHR_102_2",1,NA,0,4,"no",15.8,14.51881356,20.07807245,81.5,0.98818027510909,-0.478534822267752,-0.867541507603602,15.88,11.25502825,14.26422898,83.83333333,-0.698176344430552,-0.62910335473214,-1.73689240845576,-0.509603262510684,1.06252863038214,0,"large","second","dist.10","dist.10","dist.10",0,0.772182813904864,1.19349574731726,-0.485157035237985,-1.19530341502793,0.224690642671068,-0.312822534834813,0.766781208645738
"2811-38984","2850-57808","2811-38984_2850-57808",1,"CHR",102,"CHR-102","0",9,3.345023064,9,2,0.2,"CHR_102_1",1,NA,0,3,"no",15.8,14.51881356,20.07807245,81.5,0.98818027510909,-0.478534822267752,-0.867541507603602,17.44,11.46748421,15.37756564,100,1.23332042251798,-0.574524092276724,-1.50929728666711,-1.19563626562601,1.94182564784557,0,"large","first","dist.05","dist.05","dist.10",0,-0.473324144828128,1.19349574731726,-0.485157035237985,-1.19530341502793,0.564019367350756,-2.00209196155345,-1.05591017852521
"2811-38984","2850-57808","2811-38984_2850-57808",2,"CHR",102,"CHR-102","0",11,3.543647524,10,1,0.287096774193548,"CHR_102_2",1,NA,0,4,"no",15.8,14.51881356,20.07807245,81.5,0.98818027510909,-0.478534822267752,-0.867541507603602,17.44,11.46748421,15.37756564,100,1.23332042251798,-0.574524092276724,-1.50929728666711,-1.16596416751857,2.23492465366671,0,"large","second","dist.05","dist.05","dist.10",0,0.611472238584474,1.19349574731726,-0.485157035237985,-1.19530341502793,0.564019367350756,-2.00209196155345,-1.05591017852521
"2811-38984","2850-57881","2811-38984_2850-57881",1,"CHR",102,"CHR-102","0",4,6.340652122,4,7,0.216129032258065,"CHR_102_1",1,NA,0,3,"no",15.8,14.51881356,20.07807245,81.5,0.98818027510909,-0.478534822267752,-0.867541507603602,16.55,11.73463277,21.93833167,84.83333333,-0.578702317633627,-0.50589447430401,-0.16810517715307,-0.748125423796762,0.476330618739855,0,"large","first","dist.10","dist.10","dist.10",0,-0.272435925677639,1.19349574731726,-0.485157035237985,-1.19530341502793,-0.835711625452285,0.553081751767378,1.79200900661347
"2811-38984","2850-57881","2811-38984_2850-57881",2,"CHR",102,"CHR-102","0",11,6.340652122,0,15,0.319354838709677,"CHR_102_2",1,NA,0,4,"no",15.8,14.51881356,20.07807245,81.5,0.98818027510909,-0.478534822267752,-0.867541507603602,16.55,11.73463277,21.93833167,84.83333333,-0.578702317633627,-0.50589447430401,-0.16810517715307,-0.748125423796762,-0.696065404544717,0,"large","second","dist.10","dist.10","dist.10",0,1.01324867688544,1.19349574731726,-0.485157035237985,-1.19530341502793,-0.835711625452285,0.553081751767378,1.79200900661347
"2850-57568","2640-97588","2850-57568_2640-97588",1,"CHR",96,"CHR-96","0",11,6.642331491,7,-4,0.235483870967742,"CHR_96_1",1,NA,0,4,"no",15.37,15.13231971,25.47213526,79.5,0.479187186817075,-0.278939015314314,-0.0602458209745677,18.7,11.85018943,14.45612662,87,-0.319841925842042,-0.476208334764261,-1.69766351362466,-0.703058165544887,1.35562763620329,0,"large","first","dist.10","dist.10","dist.10",0,-0.0313700626970653,-0.698176344430552,-0.62910335473214,-1.73689240845576,0.224690642671068,-0.0934822025987468,-1.95280566010936
"2850-57568","2640-97588","2850-57568_2640-97588",2,"CHR",96,"CHR-96","0",11,6.642331491,2,-9,0.183870967741935,"CHR_96_2",1,NA,0,3,"no",15.37,15.13231971,25.47213526,79.5,0.479187186817075,-0.278939015314314,-0.0602458209745677,18.7,11.85018943,14.45612662,87,-0.319841925842042,-0.476208334764261,-1.69766351362466,-0.703058165544887,-0.109867392902431,0,"large","second","dist.10","dist.10","dist.10",0,-0.674212363978617,-0.698176344430552,-0.62910335473214,-1.73689240845576,0.224690642671068,-0.0934822025987468,-1.95280566010936
"2850-57568","2640-97589","2850-57568_2640-97589",1,"CHR",96,"CHR-96","0",11,7.166145998,9,-2,0.229032258064516,"CHR_96_1",1,NA,0,4,"no",15.37,15.13231971,25.47213526,79.5,0.479187186817075,-0.278939015314314,-0.0602458209745677,16.1,11.8153556,16.91354271,99.66666667,1.19349574731726,-0.485157035237985,-1.19530341502793,-0.624806597526499,1.94182564784557,0,"large","first","dist.10","dist.10","dist.10",0,-0.111725350357261,-0.698176344430552,-0.62910335473214,-1.73689240845576,0.98818027510909,-0.478534822267752,-0.867541507603602
"2850-57568","2640-97589","2850-57568_2640-97589",2,"CHR",96,"CHR-96","0",11,7.166145998,5,-6,0.174193548387097,"CHR_96_2",1,"ep_same",1,3,"yes",15.37,15.13231971,25.47213526,79.5,0.479187186817075,-0.278939015314314,-0.0602458209745677,16.1,11.8153556,16.91354271,99.66666667,1.19349574731726,-0.485157035237985,-1.19530341502793,-0.624806597526499,0.769429624560999,1,"large","second","dist.10","dist.10","dist.10",0.333333333333333,-0.794745295468897,-0.698176344430552,-0.62910335473214,-1.73689240845576,0.98818027510909,-0.478534822267752,-0.867541507603602
"2850-57568","2811-83208","2850-57568_2811-83208",2,"CHR",96,"CHR-96","0",11,23.35798423,2,9,0.183870967741935,"CHR_96_2",1,NA,0,3,"no",15.37,15.13231971,25.47213526,79.5,0.479187186817075,-0.278939015314314,-0.0602458209745677,16.9,18.73416916,21.00459455,87,-0.319841925842042,1.29226422972124,-0.358985457287731,1.79405869509525,-0.109867392902431,0,"large","second","dist.20+","dist.20+","dist.20+",0,-0.674212363978617,-0.698176344430552,-0.62910335473214,-1.73689240845576,-0.411550717693951,-0.159665267146272,1.94192717350385
"2850-57568","2811-83208","2850-57568_2811-83208",1,"CHR",96,"CHR-96","0",0,23.35798423,0,13,0.258064516129032,"CHR_96_1",1,NA,0,4,"no",15.37,15.13231971,25.47213526,79.5,0.479187186817075,-0.278939015314314,-0.0602458209745677,16.9,18.73416916,21.00459455,87,-0.319841925842042,1.29226422972124,-0.358985457287731,1.79405869509525,-0.696065404544717,0,"large","first","dist.20+","dist.20+","dist.20+",0,0.249873444113606,-0.698176344430552,-0.62910335473214,-1.73689240845576,-0.411550717693951,-0.159665267146272,1.94192717350385
"2850-57568","2850-57567","2850-57568_2850-57567",2,"CHR",96,"CHR-96","0",1,5.211051794,0,-42,0.190322580645161,"CHR_96_2",1,NA,0,3,"no",15.37,15.13231971,25.47213526,79.5,0.479187186817075,-0.278939015314314,-0.0602458209745677,16.6,10.56012296,26.35612994,102.1666667,1.49218081789379,-0.807622320284185,0.735008293751907,-0.916874085238635,-0.696065404544717,0,"large","second","dist.10","dist.10","dist.10",0,-0.593857076318421,-0.698176344430552,-0.62910335473214,-1.73689240845576,-1.17504035013197,0.922800644787313,-0.818227574717981
"2850-57568","2850-57567","2850-57568_2850-57567",1,"CHR",96,"CHR-96","0",0,5.211051794,0,11,0.258064516129032,"CHR_96_1",1,NA,0,4,"no",15.37,15.13231971,25.47213526,79.5,0.479187186817075,-0.278939015314314,-0.0602458209745677,16.6,10.56012296,26.35612994,102.1666667,1.49218081789379,-0.807622320284185,0.735008293751907,-0.916874085238635,-0.696065404544717,0,"large","first","dist.10","dist.10","dist.10",0,0.249873444113606,-0.698176344430552,-0.62910335473214,-1.73689240845576,-1.17504035013197,0.922800644787313,-0.818227574717981
"2850-57568","2850-57570","2850-57568_2850-57570",2,"CHR",96,"CHR-96","0",11,3.793397743,0,-10,0.190322580645161,"CHR_96_2",1,"ep_same",2,3,"yes",15.37,15.13231971,25.47213526,79.5,0.479187186817075,-0.278939015314314,-0.0602458209745677,16.51,16.84077767,23.06811898,90,0.038580154548733,0.805857959623855,0.0628528876022267,-1.12865449780054,-0.696065404544717,1,"large","second","dist.05","dist.05","dist.10",0.666666666666667,-0.593857076318421,-0.698176344430552,-0.62910335473214,-1.73689240845576,-0.157054173547943,-1.42571858026568,-1.08665491345185
"2850-57568","2850-57570","2850-57568_2850-57570",1,"CHR",96,"CHR-96","0",0,3.799390559,0,23,0.258064516129032,"CHR_96_1",1,NA,0,4,"no",15.37,15.13231971,25.47213526,79.5,0.479187186817075,-0.278939015314314,-0.0602458209745677,16.51,16.84077767,23.06811898,90,0.038580154548733,0.805857959623855,0.0628528876022267,-1.1277592433878,-0.696065404544717,0,"large","first","dist.05","dist.05","dist.10",0,0.249873444113606,-0.698176344430552,-0.62910335473214,-1.73689240845576,-0.157054173547943,-1.42571858026568,-1.08665491345185
"2850-57568","2850-57577","2850-57568_2850-57577",2,"CHR",96,"CHR-96","0",11,6.207264631,0,19,0.190322580645161,"CHR_96_2",1,NA,0,3,"no",15.37,15.13231971,25.47213526,79.5,0.479187186817075,-0.278939015314314,-0.0602458209745677,18.2,20.92472416,28.83623131,90.83333333,0.138141843147924,1.85501086327307,1.24200585669334,-0.768051905758035,-0.696065404544717,0,"large","second","dist.10","dist.10","dist.10",0,-0.593857076318421,-0.698176344430552,-0.62910335473214,-1.73689240845576,-0.666047261839958,0.264789915692027,-0.462001728113777
"2850-57568","2850-57577","2850-57568_2850-57577",1,"CHR",96,"CHR-96","0",0,6.207264631,0,23,0.258064516129032,"CHR_96_1",1,NA,0,4,"no",15.37,15.13231971,25.47213526,79.5,0.479187186817075,-0.278939015314314,-0.0602458209745677,18.2,20.92472416,28.83623131,90.83333333,0.138141843147924,1.85501086327307,1.24200585669334,-0.768051905758035,-0.696065404544717,0,"large","first","dist.10","dist.10","dist.10",0,0.249873444113606,-0.698176344430552,-0.62910335473214,-1.73689240845576,-0.666047261839958,0.264789915692027,-0.462001728113777
"2850-57568","2850-57578","2850-57568_2850-57578",2,"CHR",96,"CHR-96","0",11,4.649295834,0,16,0.190322580645161,"CHR_96_2",1,NA,0,3,"no",15.37,15.13231971,25.47213526,79.5,0.479187186817075,-0.278939015314314,-0.0602458209745677,17.2,10.81633932,15.67680791,91.5,0.217791194744121,-0.741801149826969,-1.44812434290995,-1.00079364860742,-0.696065404544717,0,"large","second","dist.05","dist.05","dist.10",0,-0.593857076318421,-0.698176344430552,-0.62910335473214,-1.73689240845576,0.0550262790587415,1.59216462744548,-0.0904874492207969
"2850-57568","2850-57578","2850-57568_2850-57578",1,"CHR",96,"CHR-96","0",0,4.649295834,0,19,0.258064516129032,"CHR_96_1",1,NA,0,4,"no",15.37,15.13231971,25.47213526,79.5,0.479187186817075,-0.278939015314314,-0.0602458209745677,17.2,10.81633932,15.67680791,91.5,0.217791194744121,-0.741801149826969,-1.44812434290995,-1.00079364860742,-0.696065404544717,0,"large","first","dist.05","dist.05","dist.10",0,0.249873444113606,-0.698176344430552,-0.62910335473214,-1.73689240845576,0.0550262790587415,1.59216462744548,-0.0904874492207969
"2850-57568","2850-57579","2850-57568_2850-57579",1,"CHR",96,"CHR-96","0",5,12.2884515,5,6,0.241935483870968,"CHR_96_1",1,NA,0,4,"no",15.37,15.13231971,25.47213526,79.5,0.479187186817075,-0.278939015314314,-0.0602458209745677,16.3,11.31949153,24.77905949,93.5,0.456739248337971,-0.612542942504321,0.412613860843324,0.14040404869318,0.769429624560999,0,"large","first","dist.20","dist.20","dist.20",0,0.04898522496313,-0.698176344430552,-0.62910335473214,-1.73689240845576,0.394355006283394,0.252942547897877,-0.257226498974273
"2850-57568","2850-57579","2850-57568_2850-57579",2,"CHR",96,"CHR-96","0",11,13.39401385,0,-22,0.190322580645161,"CHR_96_2",1,NA,0,3,"no",15.37,15.13231971,25.47213526,79.5,0.479187186817075,-0.278939015314314,-0.0602458209745677,16.3,11.31949153,24.77905949,93.5,0.456739248337971,-0.612542942504321,0.412613860843324,0.305561726217359,-0.696065404544717,0,"large","second","dist.20","dist.20","dist.20",0,-0.593857076318421,-0.698176344430552,-0.62910335473214,-1.73689240845576,0.394355006283394,0.252942547897877,-0.257226498974273
"2850-57568","2850-57580","2850-57568_2850-57580",2,"CHR",96,"CHR-96","0",3,18.18602989,0,-39,0.190322580645161,"CHR_96_2",1,NA,0,3,"no",15.37,15.13231971,25.47213526,79.5,0.479187186817075,-0.278939015314314,-0.0602458209745677,16.2,9.142844799,27.48113161,87.83333333,-0.220280237242851,-1.17171658585126,0.964988048569367,1.02143111144472,-0.696065404544717,0,"large","second","dist.20","dist.20","dist.20",0,-0.593857076318421,-0.698176344430552,-0.62910335473214,-1.73689240845576,0.564019367350756,0.594981908524202,0.613110506001452
"2850-57568","2850-57580","2850-57568_2850-57580",1,"CHR",96,"CHR-96","0",0,18.18602989,0,14,0.258064516129032,"CHR_96_1",1,NA,0,4,"no",15.37,15.13231971,25.47213526,79.5,0.479187186817075,-0.278939015314314,-0.0602458209745677,16.2,9.142844799,27.48113161,87.83333333,-0.220280237242851,-1.17171658585126,0.964988048569367,1.02143111144472,-0.696065404544717,0,"large","first","dist.20","dist.20","dist.20",0,0.249873444113606,-0.698176344430552,-0.62910335473214,-1.73689240845576,0.564019367350756,0.594981908524202,0.613110506001452
"2850-57568","2850-57581","2850-57568_2850-57581",1,"CHR",96,"CHR-96","0",7,17.86065878,7,4,0.235483870967742,"CHR_96_1",1,NA,0,4,"no",15.37,15.13231971,25.47213526,79.5,0.479187186817075,-0.278939015314314,-0.0602458209745677,15.5,12.5018158,18.94245264,82.5,-0.857475046428205,-0.308807586528723,-0.780541178943333,0.972824592905929,1.35562763620329,0,"large","first","dist.20","dist.20","dist.20",0,-0.0313700626970653,-0.698176344430552,-0.62910335473214,-1.73689240845576,-0.920543805985966,0.0923616887128494,-0.0652425713766268
"2850-57568","2850-57581","2850-57568_2850-57581",2,"CHR",96,"CHR-96","0",11,19.78845254,11,0,0.158064516129032,"CHR_96_2",1,NA,0,3,"no",15.37,15.13231971,25.47213526,79.5,0.479187186817075,-0.278939015314314,-0.0602458209745677,15.5,12.5018158,18.94245264,82.5,-0.857475046428205,-0.308807586528723,-0.780541178943333,1.26081372363854,2.52802365948786,0,"large","second","dist.20","dist.20","dist.20",0,-0.995633514619386,-0.698176344430552,-0.62910335473214,-1.73689240845576,-0.920543805985966,0.0923616887128494,-0.0652425713766268
"2850-57568","2850-57589","2850-57568_2850-57589",1,"CHR",96,"CHR-96","0",1,12.76407049,1,10,0.254838709677419,"CHR_96_1",1,NA,0,4,"no",15.37,15.13231971,25.47213526,79.5,0.479187186817075,-0.278939015314314,-0.0602458209745677,17.5,12.65077601,16.92662014,97,0.874898342127209,-0.270540180912031,-1.19263004642303,0.211455787905171,-0.402966398723574,0,"large","first","dist.20","dist.20","dist.20",0,0.209695800283509,-0.698176344430552,-0.62910335473214,-1.73689240845576,0.394355006283394,-0.220209818057244,-0.7238327207249
"2850-57568","2850-57589","2850-57568_2850-57589",2,"CHR",96,"CHR-96","0",11,12.8891057572727,1,10,0.187096774193548,"CHR_96_2",1,NA,0,3,"no",15.37,15.13231971,25.47213526,79.5,0.479187186817075,-0.278939015314314,-0.0602458209745677,17.5,12.65077601,16.92662014,97,0.874898342127209,-0.270540180912031,-1.19263004642303,0.230134548403278,-0.402966398723574,0,"large","second","dist.20","dist.20","dist.20",0,-0.634034720148519,-0.698176344430552,-0.62910335473214,-1.73689240845576,0.394355006283394,-0.220209818057244,-0.7238327207249
"2850-57568","2850-57620","2850-57568_2850-57620",2,"CHR",96,"CHR-96","0",11,2.998408922,2,9,0.183870967741935,"CHR_96_2",1,NA,0,3,"no",15.37,15.13231971,25.47213526,79.5,0.479187186817075,-0.278939015314314,-0.0602458209745677,18.2,8.903889997,21.60838485,87,-0.319841925842042,-1.2331033167923,-0.235554933708899,-1.24741623686848,-0.109867392902431,0,"large","second","dist.05","dist.05","dist.10",0,-0.674212363978617,-0.698176344430552,-0.62910335473214,-1.73689240845576,-1.04779207805897,-0.519894914297499,-0.347422909026337
"2850-57568","2850-57620","2850-57568_2850-57620",1,"CHR",96,"CHR-96","0",0,2.998408922,0,13,0.258064516129032,"CHR_96_1",1,NA,0,4,"no",15.37,15.13231971,25.47213526,79.5,0.479187186817075,-0.278939015314314,-0.0602458209745677,18.2,8.903889997,21.60838485,87,-0.319841925842042,-1.2331033167923,-0.235554933708899,-1.24741623686848,-0.696065404544717,0,"large","first","dist.05","dist.05","dist.10",0,0.249873444113606,-0.698176344430552,-0.62910335473214,-1.73689240845576,-1.04779207805897,-0.519894914297499,-0.347422909026337
"2850-57568","2850-57647","2850-57568_2850-57647",2,"CHR",96,"CHR-96","0",11,7.192032508,0,19,0.190322580645161,"CHR_96_2",1,NA,0,3,"no",15.37,15.13231971,25.47213526,79.5,0.479187186817075,-0.278939015314314,-0.0602458209745677,15.8,12.89783981,28.1838767,85.83333333,-0.459228290836701,-0.207070274097309,1.10864751842364,-0.620939465228799,-0.696065404544717,0,"large","second","dist.10","dist.10","dist.10",0,-0.593857076318421,-0.698176344430552,-0.62910335473214,-1.73689240845576,2.30307908737845,-0.324477446700752,0.908946604529733
"2850-57568","2850-57647","2850-57568_2850-57647",1,"CHR",96,"CHR-96","0",0,7.192032508,0,18,0.258064516129032,"CHR_96_1",1,NA,0,4,"no",15.37,15.13231971,25.47213526,79.5,0.479187186817075,-0.278939015314314,-0.0602458209745677,15.8,12.89783981,28.1838767,85.83333333,-0.459228290836701,-0.207070274097309,1.10864751842364,-0.620939465228799,-0.696065404544717,0,"large","first","dist.10","dist.10","dist.10",0,0.249873444113606,-0.698176344430552,-0.62910335473214,-1.73689240845576,2.30307908737845,-0.324477446700752,0.908946604529733
"2850-57568","2850-57653","2850-57568_2850-57653",2,"CHR",96,"CHR-96","0",11,9.217123692,4,-7,0.17741935483871,"CHR_96_2",1,NA,0,3,"no",15.37,15.13231971,25.47213526,79.5,0.479187186817075,-0.278939015314314,-0.0602458209745677,16.37,8.467490861,27.15053506,78,-1.39510816701437,-1.34521287106915,0.897405470214174,-0.318415273152132,0.476330618739855,0,"large","second","dist.10","dist.10","dist.10",0,-0.7545676516388,-0.698176344430552,-0.62910335473214,-1.73689240845576,0.182274551131745,-1.12841701146077,0.110874711490428
"2850-57568","2850-57653","2850-57568_2850-57653",1,"CHR",96,"CHR-96","0",0,6.869086004,0,13,0.258064516129032,"CHR_96_1",1,NA,0,4,"no",15.37,15.13231971,25.47213526,79.5,0.479187186817075,-0.278939015314314,-0.0602458209745677,16.37,8.467490861,27.15053506,78,-1.39510816701437,-1.34521287106915,0.897405470214174,-0.669183776881772,-0.696065404544717,0,"large","first","dist.10","dist.10","dist.10",0,0.249873444113606,-0.698176344430552,-0.62910335473214,-1.73689240845576,0.182274551131745,-1.12841701146077,0.110874711490428
"2850-57568","2850-57671","2850-57568_2850-57671",2,"CHR",96,"CHR-96","0",7,22.64758752,0,-36,0.190322580645161,"CHR_96_2",1,NA,0,3,"no",15.37,15.13231971,25.47213526,79.5,0.479187186817075,-0.278939015314314,-0.0602458209745677,17.53,16.28350449,28.84180791,75.83333333,-1.65396855880595,0.662696246718346,1.24314585953504,1.68793399688676,-0.696065404544717,0,"large","second","dist.20+","dist.20+","dist.20+",0,-0.593857076318421,-0.698176344430552,-0.62910335473214,-1.73689240845576,0.606435458890079,1.16785270969026,0.187430780520441
"2850-57568","2850-57671","2850-57568_2850-57671",1,"CHR",96,"CHR-96","0",0,22.64758752,0,17,0.258064516129032,"CHR_96_1",1,NA,0,4,"no",15.37,15.13231971,25.47213526,79.5,0.479187186817075,-0.278939015314314,-0.0602458209745677,17.53,16.28350449,28.84180791,75.83333333,-1.65396855880595,0.662696246718346,1.24314585953504,1.68793399688676,-0.696065404544717,0,"large","first","dist.20+","dist.20+","dist.20+",0,0.249873444113606,-0.698176344430552,-0.62910335473214,-1.73689240845576,0.606435458890079,1.16785270969026,0.187430780520441
"2850-57568","2850-57731","2850-57568_2850-57731",1,"CHR",96,"CHR-96","0",11,7.493744191,6,-5,0.238709677419355,"CHR_96_1",1,NA,0,4,"no",15.37,15.13231971,25.47213526,79.5,0.479187186817075,-0.278939015314314,-0.0602458209745677,15.9,10.9634214,23.24545364,91,0.158054181345658,-0.704016229851986,0.0991047285683272,-0.575867379655162,1.06252863038214,0,"large","first","dist.10","dist.10","dist.10",0,0.00880758113303239,-0.698176344430552,-0.62910335473214,-1.73689240845576,-1.17504035013197,-0.720064302121302,-0.918055636034195
"2850-57568","2850-57731","2850-57568_2850-57731",2,"CHR",96,"CHR-96","0",11,3.764567061,1,-9,0.187096774193548,"CHR_96_2",1,NA,0,3,"no",15.37,15.13231971,25.47213526,79.5,0.479187186817075,-0.278939015314314,-0.0602458209745677,15.9,10.9634214,23.24545364,91,0.158054181345658,-0.704016229851986,0.0991047285683272,-1.13296145387638,-0.402966398723574,0,"large","second","dist.05","dist.05","dist.10",0,-0.634034720148519,-0.698176344430552,-0.62910335473214,-1.73689240845576,-1.17504035013197,-0.720064302121302,-0.918055636034195
"2850-57568","2850-57733","2850-57568_2850-57733",2,"CHR",96,"CHR-96","0",11,15.64034838,0,-15,0.190322580645161,"CHR_96_2",1,NA,0,3,"no",15.37,15.13231971,25.47213526,79.5,0.479187186817075,-0.278939015314314,-0.0602458209745677,15.66,14.84394317,20.45213858,102,1.47226847611183,0.292877508261001,-0.471921901664779,0.641137005094367,-0.696065404544717,0,"large","second","dist.20","dist.20","dist.20",0,-0.593857076318421,-0.698176344430552,-0.62910335473214,-1.73689240845576,0.606435458890079,-1.12204057333336,-0.450386497816471
"2850-57568","2850-57733","2850-57568_2850-57733",1,"CHR",96,"CHR-96","0",0,15.64034838,0,38,0.258064516129032,"CHR_96_1",1,NA,0,4,"no",15.37,15.13231971,25.47213526,79.5,0.479187186817075,-0.278939015314314,-0.0602458209745677,15.66,14.84394317,20.45213858,102,1.47226847611183,0.292877508261001,-0.471921901664779,0.641137005094367,-0.696065404544717,0,"large","first","dist.20","dist.20","dist.20",0,0.249873444113606,-0.698176344430552,-0.62910335473214,-1.73689240845576,0.606435458890079,-1.12204057333336,-0.450386497816471
"2850-57568","2850-57742","2850-57568_2850-57742",1,"CHR",96,"CHR-96","0",8,9.718855261,8,3,0.232258064516129,"CHR_96_1",1,NA,0,4,"no",15.37,15.13231971,25.47213526,79.5,0.479187186817075,-0.278939015314314,-0.0602458209745677,16.98,13.00562645,26.1463443,93,0.397002234939508,-0.179380228057897,0.692122624034258,-0.24346262966115,1.64872664202443,0,"large","first","dist.10","dist.10","dist.10",0,-0.0715477065271633,-0.698176344430552,-0.62910335473214,-1.73689240845576,0.564019367350756,-0.96234197733198,-0.610003960994292
"2850-57568","2850-57742","2850-57568_2850-57742",2,"CHR",96,"CHR-96","0",11,11.50370703,7,-4,0.167741935483871,"CHR_96_2",1,NA,0,3,"no",15.37,15.13231971,25.47213526,79.5,0.479187186817075,-0.278939015314314,-0.0602458209745677,16.98,13.00562645,26.1463443,93,0.397002234939508,-0.179380228057897,0.692122624034258,0.0231726920762115,1.35562763620329,0,"large","second","dist.20","dist.20","dist.20",0,-0.875100583129093,-0.698176344430552,-0.62910335473214,-1.73689240845576,0.564019367350756,-0.96234197733198,-0.610003960994292
"2850-57568","2850-57744","2850-57568_2850-57744",2,"CHR",96,"CHR-96","0",11,20.46219552,0,20,0.190322580645161,"CHR_96_2",1,NA,0,3,"no",15.37,15.13231971,25.47213526,79.5,0.479187186817075,-0.278939015314314,-0.0602458209745677,14.77,24.63866733,20.45419575,84.5,-0.618526992834355,2.80911108724386,-0.47150136233152,1.36146279677767,-0.696065404544717,0,"large","second","dist.20+","dist.20+","dist.20+",0,-0.593857076318421,-0.698176344430552,-0.62910335473214,-1.73689240845576,-0.411550717693951,1.14723185861105,0.256764043881684
"2850-57568","2850-57744","2850-57568_2850-57744",1,"CHR",96,"CHR-96","0",0,20.46219552,0,21,0.258064516129032,"CHR_96_1",1,NA,0,4,"no",15.37,15.13231971,25.47213526,79.5,0.479187186817075,-0.278939015314314,-0.0602458209745677,14.77,24.63866733,20.45419575,84.5,-0.618526992834355,2.80911108724386,-0.47150136233152,1.36146279677767,-0.696065404544717,0,"large","first","dist.20+","dist.20+","dist.20+",0,0.249873444113606,-0.698176344430552,-0.62910335473214,-1.73689240845576,-0.411550717693951,1.14723185861105,0.256764043881684
"2850-57568","2850-57808","2850-57568_2850-57808",1,"CHR",96,"CHR-96","0",11,6.598714514,11,0,0.22258064516129,"CHR_96_1",1,"ep_same",4,4,"yes",15.37,15.13231971,25.47213526,79.5,0.479187186817075,-0.278939015314314,-0.0602458209745677,17.44,11.46748421,15.37756564,100,1.23332042251798,-0.574524092276724,-1.50929728666711,-0.709574015711045,2.52802365948786,1,"large","first","dist.10","dist.10","dist.10",1,-0.192080638017456,-0.698176344430552,-0.62910335473214,-1.73689240845576,0.564019367350756,-2.00209196155345,-1.05591017852521
"2850-57568","2850-57808","2850-57568_2850-57808",2,"CHR",96,"CHR-96","0",11,7.668810504,5,-5,0.174193548387097,"CHR_96_2",1,NA,0,3,"no",15.37,15.13231971,25.47213526,79.5,0.479187186817075,-0.278939015314314,-0.0602458209745677,17.44,11.46748421,15.37756564,100,1.23332042251798,-0.574524092276724,-1.50929728666711,-0.549714584502721,0.769429624560999,0,"large","second","dist.10","dist.10","dist.10",0,-0.794745295468897,-0.698176344430552,-0.62910335473214,-1.73689240845576,0.564019367350756,-2.00209196155345,-1.05591017852521
"2850-57568","2850-57881","2850-57568_2850-57881",1,"CHR",96,"CHR-96","0",6,6.968481868,6,5,0.238709677419355,"CHR_96_1",1,NA,0,4,"no",15.37,15.13231971,25.47213526,79.5,0.479187186817075,-0.278939015314314,-0.0602458209745677,16.55,11.73463277,21.93833167,84.83333333,-0.578702317633627,-0.50589447430401,-0.16810517715307,-0.654335233917416,1.06252863038214,0,"large","first","dist.10","dist.10","dist.10",0,0.00880758113303239,-0.698176344430552,-0.62910335473214,-1.73689240845576,-0.835711625452285,0.553081751767378,1.79200900661347
"2850-57568","2850-57881","2850-57568_2850-57881",2,"CHR",96,"CHR-96","0",11,7.10379761236364,2,9,0.183870967741935,"CHR_96_2",1,NA,0,3,"no",15.37,15.13231971,25.47213526,79.5,0.479187186817075,-0.278939015314314,-0.0602458209745677,16.55,11.73463277,21.93833167,84.83333333,-0.578702317633627,-0.50589447430401,-0.16810517715307,-0.634120694166172,-0.109867392902431,0,"large","second","dist.10","dist.10","dist.10",0,-0.674212363978617,-0.698176344430552,-0.62910335473214,-1.73689240845576,-0.835711625452285,0.553081751767378,1.79200900661347
"2850-57571","2640-97588","2850-57571_2640-97588",1,"CHR",58,"CHR-58","0",10,17.416029,1,-10,0.283154121863799,"CHR_58_1",1,NA,0,4,"no",20.23,16.76718677,24.15598039,79.16666667,0.394355006283394,0.252942547897877,-0.257226498974273,18.7,11.85018943,14.45612662,87,-0.319841925842042,-0.476208334764261,-1.69766351362466,0.906402267812381,-0.402966398723574,0,"large","first","dist.20","dist.20","dist.20",0,0.562366229458801,0.456739248337971,-0.612542942504321,0.412613860843324,0.224690642671068,-0.0934822025987468,-1.95280566010936
"2850-57571","2640-97589","2850-57571_2640-97589",1,"CHR",58,"CHR-58","0",10,5.795943745,3,-8,0.275985663082437,"CHR_58_1",1,NA,0,4,"no",20.23,16.76718677,24.15598039,79.16666667,0.394355006283394,0.252942547897877,-0.257226498974273,16.1,11.8153556,16.91354271,99.66666667,1.19349574731726,-0.485157035237985,-1.19530341502793,-0.829498283928337,0.183231612918712,0,"large","first","dist.10","dist.10","dist.10",0,0.473082576503031,0.456739248337971,-0.612542942504321,0.412613860843324,0.98818027510909,-0.478534822267752,-0.867541507603602
"2850-57571","2811-83208","2850-57571_2811-83208",1,"CHR",58,"CHR-58","0",3,11.06999379,3,7,0.275985663082437,"CHR_58_1",1,NA,0,4,"no",20.23,16.76718677,24.15598039,79.16666667,0.394355006283394,0.252942547897877,-0.257226498974273,16.9,18.73416916,21.00459455,87,-0.319841925842042,1.29226422972124,-0.358985457287731,-0.0416188336390836,0.183231612918712,0,"large","first","dist.20","dist.20","dist.20",0,0.473082576503031,0.456739248337971,-0.612542942504321,0.412613860843324,-0.411550717693951,-0.159665267146272,1.94192717350385
"2850-57571","2850-57567","2850-57571_2850-57567",1,"CHR",58,"CHR-58","0",5,14.10829303,5,5,0.268817204301075,"CHR_58_1",1,NA,0,4,"no",20.23,16.76718677,24.15598039,79.16666667,0.394355006283394,0.252942547897877,-0.257226498974273,16.6,10.56012296,26.35612994,102.1666667,1.49218081789379,-0.807622320284185,0.735008293751907,0.412266418605514,0.769429624560999,0,"large","first","dist.20","dist.20","dist.20",0,0.383798923547261,0.456739248337971,-0.612542942504321,0.412613860843324,-1.17504035013197,0.922800644787313,-0.818227574717981
"2850-57571","2850-57570","2850-57571_2850-57570",1,"CHR",58,"CHR-58","0",0,11.37124227,0,17,0.28673835125448,"CHR_58_1",1,NA,0,4,"no",20.23,16.76718677,24.15598039,79.16666667,0.394355006283394,0.252942547897877,-0.257226498974273,16.51,16.84077767,23.06811898,90,0.038580154548733,0.805857959623855,0.0628528876022267,0.00338405499446048,-0.696065404544717,0,"large","first","dist.20","dist.20","dist.20",0,0.607008055936686,0.456739248337971,-0.612542942504321,0.412613860843324,-0.157054173547943,-1.42571858026568,-1.08665491345185
"2850-57571","2850-57577","2850-57571_2850-57577",1,"CHR",58,"CHR-58","0",0,18.38380221,0,17,0.28673835125448,"CHR_58_1",1,NA,0,4,"no",20.23,16.76718677,24.15598039,79.16666667,0.394355006283394,0.252942547897877,-0.257226498974273,18.2,20.92472416,28.83623131,90.83333333,0.138141843147924,1.85501086327307,1.24200585669334,1.05097591011643,-0.696065404544717,0,"large","first","dist.20","dist.20","dist.20",0,0.607008055936686,0.456739248337971,-0.612542942504321,0.412613860843324,-0.666047261839958,0.264789915692027,-0.462001728113777
"2850-57571","2850-57578","2850-57571_2850-57578",1,"CHR",58,"CHR-58","0",0,7.747253326,0,13,0.28673835125448,"CHR_58_1",1,NA,0,4,"no",20.23,16.76718677,24.15598039,79.16666667,0.394355006283394,0.252942547897877,-0.257226498974273,17.2,10.81633932,15.67680791,91.5,0.217791194744121,-0.741801149826969,-1.44812434290995,-0.537996173234499,-0.696065404544717,0,"large","first","dist.10","dist.10","dist.10",0,0.607008055936686,0.456739248337971,-0.612542942504321,0.412613860843324,0.0550262790587415,1.59216462744548,-0.0904874492207969
"2850-57571","2850-57580","2850-57571_2850-57580",1,"CHR",58,"CHR-58","0",2,5.897584565,2,8,0.279569892473118,"CHR_58_1",1,NA,0,4,"no",20.23,16.76718677,24.15598039,79.16666667,0.394355006283394,0.252942547897877,-0.257226498974273,16.2,9.142844799,27.48113161,87.83333333,-0.220280237242851,-1.17171658585126,0.964988048569367,-0.814314371620855,-0.109867392902431,0,"large","first","dist.10","dist.10","dist.10",0,0.517724402980916,0.456739248337971,-0.612542942504321,0.412613860843324,0.564019367350756,0.594981908524202,0.613110506001452
"2850-57571","2850-57581","2850-57571_2850-57581",1,"CHR",58,"CHR-58","0",10,7.022679488,7,-2,0.261648745519713,"CHR_58_1",1,NA,0,4,"no",20.23,16.76718677,24.15598039,79.16666667,0.394355006283394,0.252942547897877,-0.257226498974273,15.5,12.5018158,18.94245264,82.5,-0.857475046428205,-0.308807586528723,-0.780541178943333,-0.646238763332525,1.35562763620329,0,"large","first","dist.10","dist.10","dist.10",0,0.294515270591491,0.456739248337971,-0.612542942504321,0.412613860843324,-0.920543805985966,0.0923616887128494,-0.0652425713766268
"2850-57571","2850-57589","2850-57571_2850-57589",1,"CHR",58,"CHR-58","0",6,2.235708931,6,4,0.265232974910394,"CHR_58_1",1,NA,0,4,"no",20.23,16.76718677,24.15598039,79.16666667,0.394355006283394,0.252942547897877,-0.257226498974273,17.5,12.65077601,16.92662014,97,0.874898342127209,-0.270540180912031,-1.19263004642303,-1.36135441426867,1.06252863038214,0,"large","first","dist.05","dist.05","dist.10",0,0.339157097069376,0.456739248337971,-0.612542942504321,0.412613860843324,0.394355006283394,-0.220209818057244,-0.7238327207249
"2850-57571","2850-57620","2850-57571_2850-57620",1,"CHR",58,"CHR-58","0",3,10.33583306,3,7,0.275985663082437,"CHR_58_1",1,NA,0,4,"no",20.23,16.76718677,24.15598039,79.16666667,0.394355006283394,0.252942547897877,-0.257226498974273,18.2,8.903889997,21.60838485,87,-0.319841925842042,-1.2331033167923,-0.235554933708899,-0.151293589745111,0.183231612918712,0,"large","first","dist.20","dist.20","dist.20",0,0.473082576503031,0.456739248337971,-0.612542942504321,0.412613860843324,-1.04779207805897,-0.519894914297499,-0.347422909026337
"2850-57571","2850-57647","2850-57571_2850-57647",1,"CHR",58,"CHR-58","0",0,5.907321837,0,12,0.28673835125448,"CHR_58_1",1,NA,0,4,"no",20.23,16.76718677,24.15598039,79.16666667,0.394355006283394,0.252942547897877,-0.257226498974273,15.8,12.89783981,28.1838767,85.83333333,-0.459228290836701,-0.207070274097309,1.10864751842364,-0.812859740655048,-0.696065404544717,0,"large","first","dist.10","dist.10","dist.10",0,0.607008055936686,0.456739248337971,-0.612542942504321,0.412613860843324,2.30307908737845,-0.324477446700752,0.908946604529733
"2850-57571","2850-57653","2850-57571_2850-57653",1,"CHR",58,"CHR-58","0",3,18.44634242,3,7,0.275985663082437,"CHR_58_1",1,NA,0,4,"no",20.23,16.76718677,24.15598039,79.16666667,0.394355006283394,0.252942547897877,-0.257226498974273,16.37,8.467490861,27.15053506,78,-1.39510816701437,-1.34521287106915,0.897405470214174,1.06031866300185,0.183231612918712,0,"large","first","dist.20","dist.20","dist.20",0,0.473082576503031,0.456739248337971,-0.612542942504321,0.412613860843324,0.182274551131745,-1.12841701146077,0.110874711490428
"2850-57571","2850-57671","2850-57571_2850-57671",1,"CHR",58,"CHR-58","0",0,10.8143011,0,11,0.28673835125448,"CHR_58_1",1,NA,0,4,"no",20.23,16.76718677,24.15598039,79.16666667,0.394355006283394,0.252942547897877,-0.257226498974273,17.53,16.28350449,28.84180791,75.83333333,-1.65396855880595,0.662696246718346,1.24314585953504,-0.0798162368342178,-0.696065404544717,0,"large","first","dist.20","dist.20","dist.20",0,0.607008055936686,0.456739248337971,-0.612542942504321,0.412613860843324,0.606435458890079,1.16785270969026,0.187430780520441
"2850-57571","2850-57731","2850-57571_2850-57731",1,"CHR",58,"CHR-58","0",10,4.854405069,0,-11,0.28673835125448,"CHR_58_1",1,NA,0,4,"no",20.23,16.76718677,24.15598039,79.16666667,0.394355006283394,0.252942547897877,-0.257226498974273,15.9,10.9634214,23.24545364,91,0.158054181345658,-0.704016229851986,0.0991047285683272,-0.970152803347663,-0.696065404544717,0,"large","first","dist.05","dist.05","dist.10",0,0.607008055936686,0.456739248337971,-0.612542942504321,0.412613860843324,-1.17504035013197,-0.720064302121302,-0.918055636034195
"2850-57571","2850-57733","2850-57571_2850-57733",1,"CHR",58,"CHR-58","0",0,3.355260563,0,32,0.28673835125448,"CHR_58_1",1,NA,0,4,"no",20.23,16.76718677,24.15598039,79.16666667,0.394355006283394,0.252942547897877,-0.257226498974273,15.66,14.84394317,20.45213858,102,1.47226847611183,0.292877508261001,-0.471921901664779,-1.19410690678117,-0.696065404544717,0,"large","first","dist.05","dist.05","dist.10",0,0.607008055936686,0.456739248337971,-0.612542942504321,0.412613860843324,0.606435458890079,-1.12204057333336,-0.450386497816471
"2850-57571","2850-57742","2850-57571_2850-57742",1,"CHR",58,"CHR-58","0",10,6.315668815,7,-3,0.261648745519713,"CHR_58_1",1,NA,0,4,"no",20.23,16.76718677,24.15598039,79.16666667,0.394355006283394,0.252942547897877,-0.257226498974273,16.98,13.00562645,26.1463443,93,0.397002234939508,-0.179380228057897,0.692122624034258,-0.751857628462554,1.35562763620329,0,"large","first","dist.10","dist.10","dist.10",0,0.294515270591491,0.456739248337971,-0.612542942504321,0.412613860843324,0.564019367350756,-0.96234197733198,-0.610003960994292
"2850-57571","2850-57744","2850-57571_2850-57744",1,"CHR",58,"CHR-58","0",0,8.327252868,0,15,0.28673835125448,"CHR_58_1",1,NA,0,4,"no",20.23,16.76718677,24.15598039,79.16666667,0.394355006283394,0.252942547897877,-0.257226498974273,14.77,24.63866733,20.45419575,84.5,-0.618526992834355,2.80911108724386,-0.47150136233152,-0.451351238806505,-0.696065404544717,0,"large","first","dist.10","dist.10","dist.10",0,0.607008055936686,0.456739248337971,-0.612542942504321,0.412613860843324,-0.411550717693951,1.14723185861105,0.256764043881684
"2850-57571","2850-57806","2850-57571_2850-57806",1,"CHR",58,"CHR-58","0",10,12.2884515,5,-6,0.268817204301075,"CHR_58_1",1,NA,0,4,"no",20.23,16.76718677,24.15598039,79.16666667,0.394355006283394,0.252942547897877,-0.257226498974273,15.88,11.25502825,14.26422898,83.83333333,-0.698176344430552,-0.62910335473214,-1.73689240845576,0.14040404869318,0.769429624560999,0,"large","first","dist.20","dist.20","dist.20",0,0.383798923547261,0.456739248337971,-0.612542942504321,0.412613860843324,0.224690642671068,-0.312822534834813,0.766781208645738
"2850-57571","2850-57808","2850-57571_2850-57808",1,"CHR",58,"CHR-58","0",10,5.951304253,5,-6,0.268817204301075,"CHR_58_1",1,"ep_same",3,4,"yes",20.23,16.76718677,24.15598039,79.16666667,0.394355006283394,0.252942547897877,-0.257226498974273,17.44,11.46748421,15.37756564,100,1.23332042251798,-0.574524092276724,-1.50929728666711,-0.806289298310966,0.769429624560999,1,"large","first","dist.10","dist.10","dist.10",0.75,0.383798923547261,0.456739248337971,-0.612542942504321,0.412613860843324,0.564019367350756,-2.00209196155345,-1.05591017852521
"2850-57571","2850-57881","2850-57571_2850-57881",1,"CHR",58,"CHR-58","0",10,7.88623328,10,-1,0.25089605734767,"CHR_58_1",1,NA,0,4,"no",20.23,16.76718677,24.15598039,79.16666667,0.394355006283394,0.252942547897877,-0.257226498974273,16.55,11.73463277,21.93833167,84.83333333,-0.578702317633627,-0.50589447430401,-0.16810517715307,-0.517234244768811,2.23492465366671,0,"large","first","dist.10","dist.10","dist.10",0,0.160589791157836,0.456739248337971,-0.612542942504321,0.412613860843324,-0.835711625452285,0.553081751767378,1.79200900661347
"2850-57583","2640-97588","2850-57583_2640-97588",1,"CHR",97,"CHR-97","0",11,17.19439348,0,-14,0.332258064516129,"CHR_97_1",1,NA,0,4,"no",17.7,15.31283815,21.03828348,79.16666667,0.394355006283394,-0.220209818057244,-0.7238327207249,18.7,11.85018943,14.45612662,87,-0.319841925842042,-0.476208334764261,-1.69766351362466,0.873292594947649,-0.696065404544717,0,"large","first","dist.20","dist.20","dist.20",0,1.17395925220583,0.874898342127209,-0.270540180912031,-1.19263004642303,0.224690642671068,-0.0934822025987468,-1.95280566010936
"2850-57583","2640-97588","2850-57583_2640-97588",2,"CHR",19,"CHR-19","0",10,19.15528529,0,-19,0.175627240143369,"CHR_19_2",1,NA,0,4,"no",17.7,15.31283815,21.03828348,79.16666667,0.394355006283394,-0.220209818057244,-0.7238327207249,18.7,11.85018943,14.45612662,87,-0.319841925842042,-0.476208334764261,-1.69766351362466,1.16622617505354,-0.696065404544717,0,"large","second","dist.20","dist.20","dist.20",0,-0.776888564877748,0.874898342127209,-0.270540180912031,-1.19263004642303,0.224690642671068,-0.0934822025987468,-1.95280566010936
"2850-57583","2640-97589","2850-57583_2640-97589",1,"CHR",97,"CHR-97","0",11,5.705506599,0,-12,0.332258064516129,"CHR_97_1",1,NA,0,4,"no",17.7,15.31283815,21.03828348,79.16666667,0.394355006283394,-0.220209818057244,-0.7238327207249,16.1,11.8153556,16.91354271,99.66666667,1.19349574731726,-0.485157035237985,-1.19530341502793,-0.843008502501966,-0.696065404544717,0,"large","first","dist.10","dist.10","dist.10",0,1.17395925220583,0.874898342127209,-0.270540180912031,-1.19263004642303,0.98818027510909,-0.478534822267752,-0.867541507603602
"2850-57583","2640-97589","2850-57583_2640-97589",2,"CHR",19,"CHR-19","0",10,7.512870616,0,-16,0.175627240143369,"CHR_19_2",1,NA,0,4,"no",17.7,15.31283815,21.03828348,79.16666667,0.394355006283394,-0.220209818057244,-0.7238327207249,16.1,11.8153556,16.91354271,99.66666667,1.19349574731726,-0.485157035237985,-1.19530341502793,-0.573010122502419,-0.696065404544717,0,"large","second","dist.10","dist.10","dist.10",0,-0.776888564877748,0.874898342127209,-0.270540180912031,-1.19263004642303,0.98818027510909,-0.478534822267752,-0.867541507603602
"2850-57583","2811-83208","2850-57583_2811-83208",1,"CHR",97,"CHR-97","0",8,10.9861078,8,3,0.306451612903226,"CHR_97_1",1,NA,0,4,"no",17.7,15.31283815,21.03828348,79.16666667,0.394355006283394,-0.220209818057244,-0.7238327207249,16.9,18.73416916,21.00459455,87,-0.319841925842042,1.29226422972124,-0.358985457287731,-0.0541503885398241,1.64872664202443,0,"large","first","dist.20","dist.20","dist.20",0,0.852538101565059,0.874898342127209,-0.270540180912031,-1.19263004642303,-0.411550717693951,-0.159665267146272,1.94192717350385
"2850-57583","2811-83208","2850-57583_2811-83208",2,"CHR",19,"CHR-19","0",10,9.219050593,9,-1,0.14336917562724,"CHR_19_2",1,NA,0,4,"no",17.7,15.31283815,21.03828348,79.16666667,0.394355006283394,-0.220209818057244,-0.7238327207249,16.9,18.73416916,21.00459455,87,-0.319841925842042,1.29226422972124,-0.358985457287731,-0.318127417388973,1.94182564784557,0,"large","second","dist.10","dist.10","dist.10",0,-1.17866500317871,0.874898342127209,-0.270540180912031,-1.19263004642303,-0.411550717693951,-0.159665267146272,1.94192717350385
"2850-57583","2850-57567","2850-57583_2850-57567",1,"CHR",97,"CHR-97","0",10,13.7343222,10,1,0.3,"CHR_97_1",1,NA,0,4,"no",17.7,15.31283815,21.03828348,79.16666667,0.394355006283394,-0.220209818057244,-0.7238327207249,16.6,10.56012296,26.35612994,102.1666667,1.49218081789379,-0.807622320284185,0.735008293751907,0.356399688208454,2.23492465366671,0,"large","first","dist.20","dist.20","dist.20",0,0.772182813904864,0.874898342127209,-0.270540180912031,-1.19263004642303,-1.17504035013197,0.922800644787313,-0.818227574717981
"2850-57583","2850-57567","2850-57583_2850-57567",2,"CHR",19,"CHR-19","0",0,15.79405727,0,-52,0.175627240143369,"CHR_19_2",1,NA,0,4,"no",17.7,15.31283815,21.03828348,79.16666667,0.394355006283394,-0.220209818057244,-0.7238327207249,16.6,10.56012296,26.35612994,102.1666667,1.49218081789379,-0.807622320284185,0.735008293751907,0.664099258907749,-0.696065404544717,0,"large","second","dist.20","dist.20","dist.20",0,-0.776888564877748,0.874898342127209,-0.270540180912031,-1.19263004642303,-1.17504035013197,0.922800644787313,-0.818227574717981
"2850-57583","2850-57570","2850-57583_2850-57570",2,"CHR",19,"CHR-19","0",10,15.8991203,0,-20,0.175627240143369,"CHR_19_2",1,NA,0,4,"no",17.7,15.31283815,21.03828348,79.16666667,0.394355006283394,-0.220209818057244,-0.7238327207249,16.51,16.84077767,23.06811898,90,0.038580154548733,0.805857959623855,0.0628528876022267,0.679794408103498,-0.696065404544717,0,"large","second","dist.20","dist.20","dist.20",0,-0.776888564877748,0.874898342127209,-0.270540180912031,-1.19263004642303,-0.157054173547943,-1.42571858026568,-1.08665491345185
"2850-57583","2850-57570","2850-57583_2850-57570",1,"CHR",97,"CHR-97","0",0,11.17374737,0,13,0.332258064516129,"CHR_97_1",1,NA,0,4,"no",17.7,15.31283815,21.03828348,79.16666667,0.394355006283394,-0.220209818057244,-0.7238327207249,16.51,16.84077767,23.06811898,90,0.038580154548733,0.805857959623855,0.0628528876022267,-0.0261193004760566,-0.696065404544717,0,"large","first","dist.20","dist.20","dist.20",0,1.17395925220583,0.874898342127209,-0.270540180912031,-1.19263004642303,-0.157054173547943,-1.42571858026568,-1.08665491345185
"2850-57583","2850-57577","2850-57583_2850-57577",2,"CHR",19,"CHR-19","0",10,20.279100925,1,9,0.172043010752688,"CHR_19_2",1,NA,0,4,"no",17.7,15.31283815,21.03828348,79.16666667,0.394355006283394,-0.220209818057244,-0.7238327207249,18.2,20.92472416,28.83623131,90.83333333,0.138141843147924,1.85501086327307,1.24200585669334,1.33411067314808,-0.402966398723574,0,"large","second","dist.20+","dist.20+","dist.20+",0,-0.821530391355633,0.874898342127209,-0.270540180912031,-1.19263004642303,-0.666047261839958,0.264789915692027,-0.462001728113777
"2850-57583","2850-57577","2850-57583_2850-57577",1,"CHR",97,"CHR-97","0",0,18.96419155,0,13,0.332258064516129,"CHR_97_1",1,NA,0,4,"no",17.7,15.31283815,21.03828348,79.16666667,0.394355006283394,-0.220209818057244,-0.7238327207249,18.2,20.92472416,28.83623131,90.83333333,0.138141843147924,1.85501086327307,1.24200585669334,1.13767907566307,-0.696065404544717,0,"large","first","dist.20","dist.20","dist.20",0,1.17395925220583,0.874898342127209,-0.270540180912031,-1.19263004642303,-0.666047261839958,0.264789915692027,-0.462001728113777
"2850-57583","2850-57578","2850-57583_2850-57578",1,"CHR",97,"CHR-97","0",2,8.114828014,2,9,0.325806451612903,"CHR_97_1",1,NA,0,4,"no",17.7,15.31283815,21.03828348,79.16666667,0.394355006283394,-0.220209818057244,-0.7238327207249,17.2,10.81633932,15.67680791,91.5,0.217791194744121,-0.741801149826969,-1.44812434290995,-0.483084949288825,-0.109867392902431,0,"large","first","dist.10","dist.10","dist.10",0,1.09360396454563,0.874898342127209,-0.270540180912031,-1.19263004642303,0.0550262790587415,1.59216462744548,-0.0904874492207969
"2850-57583","2850-57578","2850-57583_2850-57578",2,"CHR",19,"CHR-19","0",10,9.577634021,4,6,0.161290322580645,"CHR_19_2",1,NA,0,4,"no",17.7,15.31283815,21.03828348,79.16666667,0.394355006283394,-0.220209818057244,-0.7238327207249,17.2,10.81633932,15.67680791,91.5,0.217791194744121,-0.741801149826969,-1.44812434290995,-0.264559379216238,0.476330618739855,0,"large","second","dist.10","dist.10","dist.10",0,-0.955455870789288,0.874898342127209,-0.270540180912031,-1.19263004642303,0.0550262790587415,1.59216462744548,-0.0904874492207969
"2850-57583","2850-57579","2850-57583_2850-57579",1,"CHR",97,"CHR-97","0",11,2.235708931,6,-4,0.312903225806452,"CHR_97_1",1,NA,0,4,"no",17.7,15.31283815,21.03828348,79.16666667,0.394355006283394,-0.220209818057244,-0.7238327207249,16.3,11.31949153,24.77905949,93.5,0.456739248337971,-0.612542942504321,0.412613860843324,-1.36135441426867,1.06252863038214,0,"large","first","dist.05","dist.05","dist.10",0,0.932893389225255,0.874898342127209,-0.270540180912031,-1.19263004642303,0.394355006283394,0.252942547897877,-0.257226498974273
"2850-57583","2850-57579","2850-57583_2850-57579",2,"CHR",19,"CHR-19","0",10,1.812072325,0,-32,0.175627240143369,"CHR_19_2",1,NA,0,4,"no",17.7,15.31283815,21.03828348,79.16666667,0.394355006283394,-0.220209818057244,-0.7238327207249,16.3,11.31949153,24.77905949,93.5,0.456739248337971,-0.612542942504321,0.412613860843324,-1.42464061242944,-0.696065404544717,0,"large","second","dist.05","dist.05","dist.10",0,-0.776888564877748,0.874898342127209,-0.270540180912031,-1.19263004642303,0.394355006283394,0.252942547897877,-0.257226498974273
"2850-57583","2850-57580","2850-57583_2850-57580",1,"CHR",97,"CHR-97","0",7,6.034415307,7,4,0.309677419354839,"CHR_97_1",1,NA,0,4,"no",17.7,15.31283815,21.03828348,79.16666667,0.394355006283394,-0.220209818057244,-0.7238327207249,16.2,9.142844799,27.48113161,87.83333333,-0.220280237242851,-1.17171658585126,0.964988048569367,-0.793873509499755,1.35562763620329,0,"large","first","dist.10","dist.10","dist.10",0,0.892715745395158,0.874898342127209,-0.270540180912031,-1.19263004642303,0.564019367350756,0.594981908524202,0.613110506001452
"2850-57583","2850-57580","2850-57583_2850-57580",2,"CHR",19,"CHR-19","0",0,4.050279453,0,-49,0.175627240143369,"CHR_19_2",1,NA,0,4,"no",17.7,15.31283815,21.03828348,79.16666667,0.394355006283394,-0.220209818057244,-0.7238327207249,16.2,9.142844799,27.48113161,87.83333333,-0.220280237242851,-1.17171658585126,0.964988048569367,-1.09027946936181,-0.696065404544717,0,"large","second","dist.05","dist.05","dist.10",0,-0.776888564877748,0.874898342127209,-0.270540180912031,-1.19263004642303,0.564019367350756,0.594981908524202,0.613110506001452
"2850-57583","2850-57581","2850-57583_2850-57581",1,"CHR",97,"CHR-97","0",11,5.383295227,3,-6,0.32258064516129,"CHR_97_1",1,NA,0,4,"no",17.7,15.31283815,21.03828348,79.16666667,0.394355006283394,-0.220209818057244,-0.7238327207249,15.5,12.5018158,18.94245264,82.5,-0.857475046428205,-0.308807586528723,-0.780541178943333,-0.891142994302813,0.183231612918712,0,"large","first","dist.10","dist.10","dist.10",0,1.05342632071554,0.874898342127209,-0.270540180912031,-1.19263004642303,-0.920543805985966,0.0923616887128494,-0.0652425713766268
"2850-57583","2850-57581","2850-57583_2850-57581",2,"CHR",19,"CHR-19","0",10,7.008084499,0,-10,0.175627240143369,"CHR_19_2",1,NA,0,4,"no",17.7,15.31283815,21.03828348,79.16666667,0.394355006283394,-0.220209818057244,-0.7238327207249,15.5,12.5018158,18.94245264,82.5,-0.857475046428205,-0.308807586528723,-0.780541178943333,-0.648419078614364,-0.696065404544717,0,"large","second","dist.10","dist.10","dist.10",0,-0.776888564877748,0.874898342127209,-0.270540180912031,-1.19263004642303,-0.920543805985966,0.0923616887128494,-0.0652425713766268
"2850-57583","2850-57620","2850-57583_2850-57620",1,"CHR",97,"CHR-97","0",8,10.40756867,8,3,0.306451612903226,"CHR_97_1",1,NA,0,4,"no",17.7,15.31283815,21.03828348,79.16666667,0.394355006283394,-0.220209818057244,-0.7238327207249,18.2,8.903889997,21.60838485,87,-0.319841925842042,-1.2331033167923,-0.235554933708899,-0.140577155033509,1.64872664202443,0,"large","first","dist.20","dist.20","dist.20",0,0.852538101565059,0.874898342127209,-0.270540180912031,-1.19263004642303,-1.04779207805897,-0.519894914297499,-0.347422909026337
"2850-57583","2850-57620","2850-57583_2850-57620",2,"CHR",19,"CHR-19","0",10,12.12745622,9,-1,0.14336917562724,"CHR_19_2",1,NA,0,4,"no",17.7,15.31283815,21.03828348,79.16666667,0.394355006283394,-0.220209818057244,-0.7238327207249,18.2,8.903889997,21.60838485,87,-0.319841925842042,-1.2331033167923,-0.235554933708899,0.116353296117212,1.94182564784557,0,"large","second","dist.20","dist.20","dist.20",0,-1.17866500317871,0.874898342127209,-0.270540180912031,-1.19263004642303,-1.04779207805897,-0.519894914297499,-0.347422909026337
"2850-57583","2850-57647","2850-57583_2850-57647",1,"CHR",97,"CHR-97","0",3,5.741055304,3,8,0.32258064516129,"CHR_97_1",1,NA,0,4,"no",17.7,15.31283815,21.03828348,79.16666667,0.394355006283394,-0.220209818057244,-0.7238327207249,15.8,12.89783981,28.1838767,85.83333333,-0.459228290836701,-0.207070274097309,1.10864751842364,-0.837697954836525,0.183231612918712,0,"large","first","dist.10","dist.10","dist.10",0,1.05342632071554,0.874898342127209,-0.270540180912031,-1.19263004642303,2.30307908737845,-0.324477446700752,0.908946604529733
"2850-57583","2850-57647","2850-57583_2850-57647",2,"CHR",19,"CHR-19","0",10,7.603974661,1,9,0.172043010752688,"CHR_19_2",1,NA,0,4,"no",17.7,15.31283815,21.03828348,79.16666667,0.394355006283394,-0.220209818057244,-0.7238327207249,15.8,12.89783981,28.1838767,85.83333333,-0.459228290836701,-0.207070274097309,1.10864751842364,-0.559400277263697,-0.402966398723574,0,"large","second","dist.10","dist.10","dist.10",0,-0.821530391355633,0.874898342127209,-0.270540180912031,-1.19263004642303,2.30307908737845,-0.324477446700752,0.908946604529733
"2850-57583","2850-57653","2850-57583_2850-57653",1,"CHR",97,"CHR-97","0",8,18.41139156,8,3,0.306451612903226,"CHR_97_1",1,NA,0,4,"no",17.7,15.31283815,21.03828348,79.16666667,0.394355006283394,-0.220209818057244,-0.7238327207249,16.37,8.467490861,27.15053506,78,-1.39510816701437,-1.34521287106915,0.897405470214174,1.05509742616697,1.64872664202443,0,"large","first","dist.20","dist.20","dist.20",0,0.852538101565059,0.874898342127209,-0.270540180912031,-1.19263004642303,0.182274551131745,-1.12841701146077,0.110874711490428
"2850-57583","2850-57653","2850-57583_2850-57653",2,"CHR",19,"CHR-19","0",10,22.34633259,0,-17,0.175627240143369,"CHR_19_2",1,NA,0,4,"no",17.7,15.31283815,21.03828348,79.16666667,0.394355006283394,-0.220209818057244,-0.7238327207249,16.37,8.467490861,27.15053506,78,-1.39510816701437,-1.34521287106915,0.897405470214174,1.64293014470103,-0.696065404544717,0,"large","second","dist.20+","dist.20+","dist.20+",0,-0.776888564877748,0.874898342127209,-0.270540180912031,-1.19263004642303,0.182274551131745,-1.12841701146077,0.110874711490428
"2850-57583","2850-57671","2850-57583_2850-57671",1,"CHR",97,"CHR-97","0",4,11.61683212,4,7,0.319354838709677,"CHR_97_1",1,NA,0,4,"no",17.7,15.31283815,21.03828348,79.16666667,0.394355006283394,-0.220209818057244,-0.7238327207249,17.53,16.28350449,28.84180791,75.83333333,-1.65396855880595,0.662696246718346,1.24314585953504,0.0400722157748196,0.476330618739855,0,"large","first","dist.20","dist.20","dist.20",0,1.01324867688544,0.874898342127209,-0.270540180912031,-1.19263004642303,0.606435458890079,1.16785270969026,0.187430780520441
"2850-57583","2850-57671","2850-57583_2850-57671",2,"CHR",19,"CHR-19","0",0,9.212382003,0,-46,0.175627240143369,"CHR_19_2",1,NA,0,4,"no",17.7,15.31283815,21.03828348,79.16666667,0.394355006283394,-0.220209818057244,-0.7238327207249,17.53,16.28350449,28.84180791,75.83333333,-1.65396855880595,0.662696246718346,1.24314585953504,-0.319123624284732,-0.696065404544717,0,"large","second","dist.10","dist.10","dist.10",0,-0.776888564877748,0.874898342127209,-0.270540180912031,-1.19263004642303,0.606435458890079,1.16785270969026,0.187430780520441
"2850-57583","2850-57731","2850-57583_2850-57731",1,"CHR",97,"CHR-97","0",11,5.352451183,0,-15,0.332258064516129,"CHR_97_1",1,NA,0,4,"no",17.7,15.31283815,21.03828348,79.16666667,0.394355006283394,-0.220209818057244,-0.7238327207249,15.9,10.9634214,23.24545364,91,0.158054181345658,-0.704016229851986,0.0991047285683272,-0.895750722372146,-0.696065404544717,0,"large","first","dist.10","dist.10","dist.10",0,1.17395925220583,0.874898342127209,-0.270540180912031,-1.19263004642303,-1.17504035013197,-0.720064302121302,-0.918055636034195
"2850-57583","2850-57731","2850-57583_2850-57731",2,"CHR",19,"CHR-19","0",10,10.3793746,0,-19,0.175627240143369,"CHR_19_2",1,NA,0,4,"no",17.7,15.31283815,21.03828348,79.16666667,0.394355006283394,-0.220209818057244,-0.7238327207249,15.9,10.9634214,23.24545364,91,0.158054181345658,-0.704016229851986,0.0991047285683272,-0.144789008956677,-0.696065404544717,0,"large","second","dist.20","dist.20","dist.20",0,-0.776888564877748,0.874898342127209,-0.270540180912031,-1.19263004642303,-1.17504035013197,-0.720064302121302,-0.918055636034195
"2850-57583","2850-57733","2850-57583_2850-57733",2,"CHR",19,"CHR-19","0",10,1.500911563,0,21,0.175627240143369,"CHR_19_2",1,NA,0,4,"no",17.7,15.31283815,21.03828348,79.16666667,0.394355006283394,-0.220209818057244,-0.7238327207249,15.66,14.84394317,20.45213858,102,1.47226847611183,0.292877508261001,-0.471921901664779,-1.47112427641147,-0.696065404544717,0,"large","second","dist.05","dist.05","dist.10",0,-0.776888564877748,0.874898342127209,-0.270540180912031,-1.19263004642303,0.606435458890079,-1.12204057333336,-0.450386497816471
"2850-57583","2850-57733","2850-57583_2850-57733",1,"CHR",97,"CHR-97","0",0,3.690294212,0,28,0.332258064516129,"CHR_97_1",1,NA,0,4,"no",17.7,15.31283815,21.03828348,79.16666667,0.394355006283394,-0.220209818057244,-0.7238327207249,15.66,14.84394317,20.45213858,102,1.47226847611183,0.292877508261001,-0.471921901664779,-1.14405692148519,-0.696065404544717,0,"large","first","dist.05","dist.05","dist.10",0,1.17395925220583,0.874898342127209,-0.270540180912031,-1.19263004642303,0.606435458890079,-1.12204057333336,-0.450386497816471
"2850-57583","2850-57742","2850-57583_2850-57742",1,"CHR",97,"CHR-97","0",11,5.014249266,3,-7,0.32258064516129,"CHR_97_1",1,NA,0,4,"no",17.7,15.31283815,21.03828348,79.16666667,0.394355006283394,-0.220209818057244,-0.7238327207249,16.98,13.00562645,26.1463443,93,0.397002234939508,-0.179380228057897,0.692122624034258,-0.946274008685166,0.183231612918712,0,"large","first","dist.10","dist.10","dist.10",0,1.05342632071554,0.874898342127209,-0.270540180912031,-1.19263004642303,0.564019367350756,-0.96234197733198,-0.610003960994292
"2850-57583","2850-57742","2850-57583_2850-57742",2,"CHR",19,"CHR-19","0",10,4.770184441,0,-14,0.175627240143369,"CHR_19_2",1,NA,0,4,"no",17.7,15.31283815,21.03828348,79.16666667,0.394355006283394,-0.220209818057244,-0.7238327207249,16.98,13.00562645,26.1463443,93,0.397002234939508,-0.179380228057897,0.692122624034258,-0.982734349128512,-0.696065404544717,0,"large","second","dist.05","dist.05","dist.10",0,-0.776888564877748,0.874898342127209,-0.270540180912031,-1.19263004642303,0.564019367350756,-0.96234197733198,-0.610003960994292
"2850-57583","2850-57744","2850-57583_2850-57744",2,"CHR",19,"CHR-19","0",10,6.501461487,0,10,0.175627240143369,"CHR_19_2",1,NA,0,4,"no",17.7,15.31283815,21.03828348,79.16666667,0.394355006283394,-0.220209818057244,-0.7238327207249,14.77,24.63866733,20.45419575,84.5,-0.618526992834355,2.80911108724386,-0.47150136233152,-0.724102444678906,-0.696065404544717,0,"large","second","dist.10","dist.10","dist.10",0,-0.776888564877748,0.874898342127209,-0.270540180912031,-1.19263004642303,-0.411550717693951,1.14723185861105,0.256764043881684
"2850-57583","2850-57744","2850-57583_2850-57744",1,"CHR",97,"CHR-97","0",0,7.791016926,0,11,0.332258064516129,"CHR_97_1",1,NA,0,4,"no",17.7,15.31283815,21.03828348,79.16666667,0.394355006283394,-0.220209818057244,-0.7238327207249,14.77,24.63866733,20.45419575,84.5,-0.618526992834355,2.80911108724386,-0.47150136233152,-0.531458419361009,-0.696065404544717,0,"large","first","dist.10","dist.10","dist.10",0,1.17395925220583,0.874898342127209,-0.270540180912031,-1.19263004642303,-0.411550717693951,1.14723185861105,0.256764043881684
"2850-57583","2850-57806","2850-57583_2850-57806",1,"CHR",97,"CHR-97","0",11,12.76407049,1,-10,0.329032258064516,"CHR_97_1",1,NA,0,4,"no",17.7,15.31283815,21.03828348,79.16666667,0.394355006283394,-0.220209818057244,-0.7238327207249,15.88,11.25502825,14.26422898,83.83333333,-0.698176344430552,-0.62910335473214,-1.73689240845576,0.211455787905171,-0.402966398723574,0,"large","first","dist.20","dist.20","dist.20",0,1.13378160837573,0.874898342127209,-0.270540180912031,-1.19263004642303,0.224690642671068,-0.312822534834813,0.766781208645738
"2850-57583","2850-57806","2850-57583_2850-57806",2,"CHR",19,"CHR-19","0",10,15.90569611,0,-11,0.175627240143369,"CHR_19_2",1,NA,0,4,"no",17.7,15.31283815,21.03828348,79.16666667,0.394355006283394,-0.220209818057244,-0.7238327207249,15.88,11.25502825,14.26422898,83.83333333,-0.698176344430552,-0.62910335473214,-1.73689240845576,0.68077675478656,-0.696065404544717,0,"large","second","dist.20","dist.20","dist.20",0,-0.776888564877748,0.874898342127209,-0.270540180912031,-1.19263004642303,0.224690642671068,-0.312822534834813,0.766781208645738
"2850-57583","2850-57808","2850-57583_2850-57808",1,"CHR",97,"CHR-97","0",11,7.023837135,1,-10,0.329032258064516,"CHR_97_1",1,NA,0,4,"no",17.7,15.31283815,21.03828348,79.16666667,0.394355006283394,-0.220209818057244,-0.7238327207249,17.44,11.46748421,15.37756564,100,1.23332042251798,-0.574524092276724,-1.50929728666711,-0.646065824836643,-0.402966398723574,0,"large","first","dist.10","dist.10","dist.10",0,1.13378160837573,0.874898342127209,-0.270540180912031,-1.19263004642303,0.564019367350756,-2.00209196155345,-1.05591017852521
"2850-57583","2850-57808","2850-57583_2850-57808",2,"CHR",19,"CHR-19","0",10,6.802400876,0,-15,0.175627240143369,"CHR_19_2",1,NA,0,4,"no",17.7,15.31283815,21.03828348,79.16666667,0.394355006283394,-0.220209818057244,-0.7238327207249,17.44,11.46748421,15.37756564,100,1.23332042251798,-0.574524092276724,-1.50929728666711,-0.679145730511871,-0.696065404544717,0,"large","second","dist.10","dist.10","dist.10",0,-0.776888564877748,0.874898342127209,-0.270540180912031,-1.19263004642303,0.564019367350756,-2.00209196155345,-1.05591017852521
"2850-57583","2850-57881","2850-57583_2850-57881",1,"CHR",97,"CHR-97","0",11,9.456269646,7,-5,0.309677419354839,"CHR_97_1",1,NA,0,4,"no",17.7,15.31283815,21.03828348,79.16666667,0.394355006283394,-0.220209818057244,-0.7238327207249,16.55,11.73463277,21.93833167,84.83333333,-0.578702317633627,-0.50589447430401,-0.16810517715307,-0.282689752694653,1.35562763620329,0,"large","first","dist.10","dist.10","dist.10",0,0.892715745395158,0.874898342127209,-0.270540180912031,-1.19263004642303,-0.835711625452285,0.553081751767378,1.79200900661347
"2850-57583","2850-57881","2850-57583_2850-57881",2,"CHR",19,"CHR-19","0",10,8.985527746,9,-1,0.14336917562724,"CHR_19_2",1,NA,0,4,"no",17.7,15.31283815,21.03828348,79.16666667,0.394355006283394,-0.220209818057244,-0.7238327207249,16.55,11.73463277,21.93833167,84.83333333,-0.578702317633627,-0.50589447430401,-0.16810517715307,-0.353012913498129,1.94182564784557,0,"large","second","dist.10","dist.10","dist.10",0,-1.17866500317871,0.874898342127209,-0.270540180912031,-1.19263004642303,-0.835711625452285,0.553081751767378,1.79200900661347
"2850-57585","2640-97588","2850-57585_2640-97588",1,"CHR",4,"CHR-4","0",10,28.17761148,0,-17,0.372759856630824,"CHR_4_1",1,NA,0,4,"no",15.5,15.49893652,38.8499435,76,-0.411550717693951,-0.159665267146272,1.94192717350385,18.7,11.85018943,14.45612662,87,-0.319841925842042,-0.476208334764261,-1.69766351362466,2.51405286199343,-0.696065404544717,0,"large","first","dist.20+","dist.20+","dist.20+",0,1.67841189140593,-0.319841925842042,1.29226422972124,-0.358985457287731,0.224690642671068,-0.0934822025987468,-1.95280566010936
"2850-57585","2640-97588","2850-57585_2640-97588",2,"CHR",4,"CHR-4","0",10,28.17761148,0,-18,0.172043010752688,"CHR_4_2",1,NA,0,2,"no",15.5,15.49893652,38.8499435,76,-0.411550717693951,-0.159665267146272,1.94192717350385,18.7,11.85018943,14.45612662,87,-0.319841925842042,-0.476208334764261,-1.69766351362466,2.51405286199343,-0.696065404544717,0,"large","second","dist.20+","dist.20+","dist.20+",0,-0.821530391355633,-0.319841925842042,1.29226422972124,-0.358985457287731,0.224690642671068,-0.0934822025987468,-1.95280566010936
"2850-57585","2640-97589","2850-57585_2640-97589",1,"CHR",4,"CHR-4","0",10,16.60092687,0,-15,0.372759856630824,"CHR_4_1",1,NA,0,4,"no",15.5,15.49893652,38.8499435,76,-0.411550717693951,-0.159665267146272,1.94192717350385,16.1,11.8153556,16.91354271,99.66666667,1.19349574731726,-0.485157035237985,-1.19530341502793,0.784635843027915,-0.696065404544717,0,"large","first","dist.20","dist.20","dist.20",0,1.67841189140593,-0.319841925842042,1.29226422972124,-0.358985457287731,0.98818027510909,-0.478534822267752,-0.867541507603602
"2850-57585","2640-97589","2850-57585_2640-97589",2,"CHR",4,"CHR-4","0",10,16.60092687,0,-15,0.172043010752688,"CHR_4_2",1,NA,0,2,"no",15.5,15.49893652,38.8499435,76,-0.411550717693951,-0.159665267146272,1.94192717350385,16.1,11.8153556,16.91354271,99.66666667,1.19349574731726,-0.485157035237985,-1.19530341502793,0.784635843027915,-0.696065404544717,0,"large","second","dist.20","dist.20","dist.20",0,-0.821530391355633,-0.319841925842042,1.29226422972124,-0.358985457287731,0.98818027510909,-0.478534822267752,-0.867541507603602
"2850-57585","2850-57567","2850-57585_2850-57567",1,"CHR",4,"CHR-4","0",10,24.71865145,9,-2,0.340501792114695,"CHR_4_1",1,NA,0,4,"no",15.5,15.49893652,38.8499435,76,-0.411550717693951,-0.159665267146272,1.94192717350385,16.6,10.56012296,26.35612994,102.1666667,1.49218081789379,-0.807622320284185,0.735008293751907,1.99732596259806,1.94182564784557,0,"large","first","dist.20+","dist.20+","dist.20+",0,1.27663545310496,-0.319841925842042,1.29226422972124,-0.358985457287731,-1.17504035013197,0.922800644787313,-0.818227574717981
"2850-57585","2850-57567","2850-57585_2850-57567",2,"CHR",4,"CHR-4","0",0,24.71865145,0,-51,0.172043010752688,"CHR_4_2",1,NA,0,2,"no",15.5,15.49893652,38.8499435,76,-0.411550717693951,-0.159665267146272,1.94192717350385,16.6,10.56012296,26.35612994,102.1666667,1.49218081789379,-0.807622320284185,0.735008293751907,1.99732596259806,-0.696065404544717,0,"large","second","dist.20+","dist.20+","dist.20+",0,-0.821530391355633,-0.319841925842042,1.29226422972124,-0.358985457287731,-1.17504035013197,0.922800644787313,-0.818227574717981
"2850-57585","2850-57570","2850-57585_2850-57570",2,"CHR",4,"CHR-4","0",10,24.98854943,0,-19,0.172043010752688,"CHR_4_2",1,NA,0,2,"no",15.5,15.49893652,38.8499435,76,-0.411550717693951,-0.159665267146272,1.94192717350385,16.51,16.84077767,23.06811898,90,0.038580154548733,0.805857959623855,0.0628528876022267,2.03764546474578,-0.696065404544717,0,"large","second","dist.20+","dist.20+","dist.20+",0,-0.821530391355633,-0.319841925842042,1.29226422972124,-0.358985457287731,-0.157054173547943,-1.42571858026568,-1.08665491345185
"2850-57585","2850-57570","2850-57585_2850-57570",1,"CHR",4,"CHR-4","0",0,22.14425318,0,10,0.372759856630824,"CHR_4_1",1,NA,0,4,"no",15.5,15.49893652,38.8499435,76,-0.411550717693951,-0.159665267146272,1.94192717350385,16.51,16.84077767,23.06811898,90,0.038580154548733,0.805857959623855,0.0628528876022267,1.6127419187443,-0.696065404544717,0,"large","first","dist.20+","dist.20+","dist.20+",0,1.67841189140593,-0.319841925842042,1.29226422972124,-0.358985457287731,-0.157054173547943,-1.42571858026568,-1.08665491345185
"2850-57585","2850-57577","2850-57585_2850-57577",2,"CHR",4,"CHR-4","0",10,29.43897383,0,10,0.172043010752688,"CHR_4_2",1,NA,0,2,"no",15.5,15.49893652,38.8499435,76,-0.411550717693951,-0.159665267146272,1.94192717350385,18.2,20.92472416,28.83623131,90.83333333,0.138141843147924,1.85501086327307,1.24200585669334,2.70248517993773,-0.696065404544717,0,"large","second","dist.20+","dist.20+","dist.20+",0,-0.821530391355633,-0.319841925842042,1.29226422972124,-0.358985457287731,-0.666047261839958,0.264789915692027,-0.462001728113777
"2850-57585","2850-57577","2850-57585_2850-57577",1,"CHR",4,"CHR-4","0",0,29.43897383,0,10,0.372759856630824,"CHR_4_1",1,NA,0,4,"no",15.5,15.49893652,38.8499435,76,-0.411550717693951,-0.159665267146272,1.94192717350385,18.2,20.92472416,28.83623131,90.83333333,0.138141843147924,1.85501086327307,1.24200585669334,2.70248517993773,-0.696065404544717,0,"large","first","dist.20+","dist.20+","dist.20+",0,1.67841189140593,-0.319841925842042,1.29226422972124,-0.358985457287731,-0.666047261839958,0.264789915692027,-0.462001728113777
"2850-57585","2850-57578","2850-57585_2850-57578",1,"CHR",4,"CHR-4","0",4,18.78723311,4,6,0.3584229390681,"CHR_4_1",1,NA,0,4,"no",15.5,15.49893652,38.8499435,76,-0.411550717693951,-0.159665267146272,1.94192717350385,17.2,10.81633932,15.67680791,91.5,0.217791194744121,-0.741801149826969,-1.44812434290995,1.11124361956356,0.476330618739855,0,"large","first","dist.20","dist.20","dist.20",0,1.49984458549439,-0.319841925842042,1.29226422972124,-0.358985457287731,0.0550262790587415,1.59216462744548,-0.0904874492207969
"2850-57585","2850-57578","2850-57585_2850-57578",2,"CHR",4,"CHR-4","0",10,18.78723311,3,7,0.161290322580645,"CHR_4_2",1,NA,0,2,"no",15.5,15.49893652,38.8499435,76,-0.411550717693951,-0.159665267146272,1.94192717350385,17.2,10.81633932,15.67680791,91.5,0.217791194744121,-0.741801149826969,-1.44812434290995,1.11124361956356,0.183231612918712,0,"large","second","dist.20","dist.20","dist.20",0,-0.955455870789288,-0.319841925842042,1.29226422972124,-0.358985457287731,0.0550262790587415,1.59216462744548,-0.0904874492207969
"2850-57585","2850-57579","2850-57585_2850-57579",1,"CHR",4,"CHR-4","0",10,11.06999379,3,-7,0.362007168458781,"CHR_4_1",1,NA,0,4,"no",15.5,15.49893652,38.8499435,76,-0.411550717693951,-0.159665267146272,1.94192717350385,16.3,11.31949153,24.77905949,93.5,0.456739248337971,-0.612542942504321,0.412613860843324,-0.0416188336390836,0.183231612918712,0,"large","first","dist.20","dist.20","dist.20",0,1.54448641197227,-0.319841925842042,1.29226422972124,-0.358985457287731,0.394355006283394,0.252942547897877,-0.257226498974273
"2850-57585","2850-57579","2850-57585_2850-57579",2,"CHR",4,"CHR-4","0",10,10.1681123,0,-31,0.172043010752688,"CHR_4_2",1,NA,0,2,"no",15.5,15.49893652,38.8499435,76,-0.411550717693951,-0.159665267146272,1.94192717350385,16.3,11.31949153,24.77905949,93.5,0.456739248337971,-0.612542942504321,0.412613860843324,-0.176349047896512,-0.696065404544717,0,"large","second","dist.20","dist.20","dist.20",0,-0.821530391355633,-0.319841925842042,1.29226422972124,-0.358985457287731,0.394355006283394,0.252942547897877,-0.257226498974273
"2850-57585","2850-57580","2850-57585_2850-57580",1,"CHR",4,"CHR-4","0",9,5.173148491,9,1,0.340501792114695,"CHR_4_1",1,NA,0,4,"no",15.5,15.49893652,38.8499435,76,-0.411550717693951,-0.159665267146272,1.94192717350385,16.2,9.142844799,27.48113161,87.83333333,-0.220280237242851,-1.17171658585126,0.964988048569367,-0.922536381439275,1.94182564784557,0,"large","first","dist.10","dist.10","dist.10",0,1.27663545310496,-0.319841925842042,1.29226422972124,-0.358985457287731,0.564019367350756,0.594981908524202,0.613110506001452
"2850-57585","2850-57580","2850-57585_2850-57580",2,"CHR",4,"CHR-4","0",0,5.173148491,0,-48,0.172043010752688,"CHR_4_2",1,NA,0,2,"no",15.5,15.49893652,38.8499435,76,-0.411550717693951,-0.159665267146272,1.94192717350385,16.2,9.142844799,27.48113161,87.83333333,-0.220280237242851,-1.17171658585126,0.964988048569367,-0.922536381439275,-0.696065404544717,0,"large","second","dist.10","dist.10","dist.10",0,-0.821530391355633,-0.319841925842042,1.29226422972124,-0.358985457287731,0.564019367350756,0.594981908524202,0.613110506001452
"2850-57585","2850-57581","2850-57585_2850-57581",1,"CHR",4,"CHR-4","0",10,7.971151755,0,-9,0.372759856630824,"CHR_4_1",1,"ep_same",2,4,"yes",15.5,15.49893652,38.8499435,76,-0.411550717693951,-0.159665267146272,1.94192717350385,15.5,12.5018158,18.94245264,82.5,-0.857475046428205,-0.308807586528723,-0.780541178943333,-0.504548449065027,-0.696065404544717,1,"large","first","dist.10","dist.10","dist.10",0.5,1.67841189140593,-0.319841925842042,1.29226422972124,-0.358985457287731,-0.920543805985966,0.0923616887128494,-0.0652425713766268
"2850-57585","2850-57581","2850-57585_2850-57581",2,"CHR",4,"CHR-4","0",10,6.511773364,1,-9,0.168458781362007,"CHR_4_2",1,"ep_same",1,2,"yes",15.5,15.49893652,38.8499435,76,-0.411550717693951,-0.159665267146272,1.94192717350385,15.5,12.5018158,18.94245264,82.5,-0.857475046428205,-0.308807586528723,-0.780541178943333,-0.722561974658165,-0.402966398723574,1,"large","second","dist.10","dist.10","dist.10",0.5,-0.866172217833518,-0.319841925842042,1.29226422972124,-0.358985457287731,-0.920543805985966,0.0923616887128494,-0.0652425713766268
"2850-57585","2850-57589","2850-57585_2850-57589",1,"CHR",4,"CHR-4","0",10,10.9861078,8,-3,0.344086021505376,"CHR_4_1",1,NA,0,4,"no",15.5,15.49893652,38.8499435,76,-0.411550717693951,-0.159665267146272,1.94192717350385,17.5,12.65077601,16.92662014,97,0.874898342127209,-0.270540180912031,-1.19263004642303,-0.0541503885398241,1.64872664202443,0,"large","first","dist.20","dist.20","dist.20",0,1.32127727958285,-0.319841925842042,1.29226422972124,-0.358985457287731,0.394355006283394,-0.220209818057244,-0.7238327207249
"2850-57585","2850-57589","2850-57585_2850-57589",2,"CHR",4,"CHR-4","0",10,9.3957563137,9,1,0.139784946236559,"CHR_4_2",1,NA,0,2,"no",15.5,15.49893652,38.8499435,76,-0.411550717693951,-0.159665267146272,1.94192717350385,17.5,12.65077601,16.92662014,97,0.874898342127209,-0.270540180912031,-1.19263004642303,-0.291729714504059,1.94182564784557,0,"large","second","dist.10","dist.10","dist.10",0,-1.2233068296566,-0.319841925842042,1.29226422972124,-0.358985457287731,0.394355006283394,-0.220209818057244,-0.7238327207249
"2850-57585","2850-57620","2850-57585_2850-57620",1,"CHR",4,"CHR-4","0",10,21.28259696,10,0,0.336917562724014,"CHR_4_1",1,NA,0,4,"no",15.5,15.49893652,38.8499435,76,-0.411550717693951,-0.159665267146272,1.94192717350385,18.2,8.903889997,21.60838485,87,-0.319841925842042,-1.2331033167923,-0.235554933708899,1.48402087454497,2.23492465366671,0,"large","first","dist.20+","dist.20+","dist.20+",0,1.23199362662708,-0.319841925842042,1.29226422972124,-0.358985457287731,-1.04779207805897,-0.519894914297499,-0.347422909026337
"2850-57585","2850-57620","2850-57585_2850-57620",2,"CHR",4,"CHR-4","0",10,21.28259696,10,0,0.136200716845878,"CHR_4_2",1,NA,0,2,"no",15.5,15.49893652,38.8499435,76,-0.411550717693951,-0.159665267146272,1.94192717350385,18.2,8.903889997,21.60838485,87,-0.319841925842042,-1.2331033167923,-0.235554933708899,1.48402087454497,2.23492465366671,0,"large","second","dist.20+","dist.20+","dist.20+",0,-1.26794865613448,-0.319841925842042,1.29226422972124,-0.358985457287731,-1.04779207805897,-0.519894914297499,-0.347422909026337
"2850-57585","2850-57647","2850-57585_2850-57647",1,"CHR",4,"CHR-4","0",5,16.66361176,5,5,0.354838709677419,"CHR_4_1",1,NA,0,4,"no",15.5,15.49893652,38.8499435,76,-0.411550717693951,-0.159665267146272,1.94192717350385,15.8,12.89783981,28.1838767,85.83333333,-0.459228290836701,-0.207070274097309,1.10864751842364,0.794000209359908,0.769429624560999,0,"large","first","dist.20","dist.20","dist.20",0,1.4552027590165,-0.319841925842042,1.29226422972124,-0.358985457287731,2.30307908737845,-0.324477446700752,0.908946604529733
"2850-57585","2850-57647","2850-57585_2850-57647",2,"CHR",4,"CHR-4","0",10,16.66361176,0,10,0.172043010752688,"CHR_4_2",1,NA,0,2,"no",15.5,15.49893652,38.8499435,76,-0.411550717693951,-0.159665267146272,1.94192717350385,15.8,12.89783981,28.1838767,85.83333333,-0.459228290836701,-0.207070274097309,1.10864751842364,0.794000209359908,-0.696065404544717,0,"large","second","dist.20","dist.20","dist.20",0,-0.821530391355633,-0.319841925842042,1.29226422972124,-0.358985457287731,2.30307908737845,-0.324477446700752,0.908946604529733
"2850-57585","2850-57653","2850-57585_2850-57653",1,"CHR",4,"CHR-4","0",10,29.35647712,10,0,0.336917562724014,"CHR_4_1",1,NA,0,4,"no",15.5,15.49893652,38.8499435,76,-0.411550717693951,-0.159665267146272,1.94192717350385,16.37,8.467490861,27.15053506,78,-1.39510816701437,-1.34521287106915,0.897405470214174,2.69016116670864,2.23492465366671,0,"large","first","dist.20+","dist.20+","dist.20+",0,1.23199362662708,-0.319841925842042,1.29226422972124,-0.358985457287731,0.182274551131745,-1.12841701146077,0.110874711490428
"2850-57585","2850-57653","2850-57585_2850-57653",2,"CHR",4,"CHR-4","0",10,31.40355192,0,-16,0.172043010752688,"CHR_4_2",1,NA,0,2,"no",15.5,15.49893652,38.8499435,76,-0.411550717693951,-0.159665267146272,1.94192717350385,16.37,8.467490861,27.15053506,78,-1.39510816701437,-1.34521287106915,0.897405470214174,2.99596944580413,-0.696065404544717,0,"large","second","dist.20+","dist.20+","dist.20+",0,-0.821530391355633,-0.319841925842042,1.29226422972124,-0.358985457287731,0.182274551131745,-1.12841701146077,0.110874711490428
"2850-57585","2850-57671","2850-57585_2850-57671",1,"CHR",4,"CHR-4","0",6,4.473367138,6,4,0.351254480286738,"CHR_4_1",1,NA,0,4,"no",15.5,15.49893652,38.8499435,76,-0.411550717693951,-0.159665267146272,1.94192717350385,17.53,16.28350449,28.84180791,75.83333333,-1.65396855880595,0.662696246718346,1.24314585953504,-1.02707527337622,1.06252863038214,0,"large","first","dist.05","dist.05","dist.10",0,1.41056093253862,-0.319841925842042,1.29226422972124,-0.358985457287731,0.606435458890079,1.16785270969026,0.187430780520441
"2850-57585","2850-57671","2850-57585_2850-57671",2,"CHR",4,"CHR-4","0",0,4.473367138,0,-45,0.172043010752688,"CHR_4_2",1,NA,0,2,"no",15.5,15.49893652,38.8499435,76,-0.411550717693951,-0.159665267146272,1.94192717350385,17.53,16.28350449,28.84180791,75.83333333,-1.65396855880595,0.662696246718346,1.24314585953504,-1.02707527337622,-0.696065404544717,0,"large","second","dist.05","dist.05","dist.10",0,-0.821530391355633,-0.319841925842042,1.29226422972124,-0.358985457287731,0.606435458890079,1.16785270969026,0.187430780520441
"2850-57585","2850-57731","2850-57585_2850-57731",1,"CHR",4,"CHR-4","0",10,15.89371749,0,-18,0.372759856630824,"CHR_4_1",1,NA,0,4,"no",15.5,15.49893652,38.8499435,76,-0.411550717693951,-0.159665267146272,1.94192717350385,15.9,10.9634214,23.24545364,91,0.158054181345658,-0.704016229851986,0.0991047285683272,0.6789872934693,-0.696065404544717,0,"large","first","dist.20","dist.20","dist.20",0,1.67841189140593,-0.319841925842042,1.29226422972124,-0.358985457287731,-1.17504035013197,-0.720064302121302,-0.918055636034195
"2850-57585","2850-57731","2850-57585_2850-57731",2,"CHR",4,"CHR-4","0",10,19.59842008,0,-18,0.172043010752688,"CHR_4_2",1,NA,0,2,"no",15.5,15.49893652,38.8499435,76,-0.411550717693951,-0.159665267146272,1.94192717350385,15.9,10.9634214,23.24545364,91,0.158054181345658,-0.704016229851986,0.0991047285683272,1.23242516667673,-0.696065404544717,0,"large","second","dist.20","dist.20","dist.20",0,-0.821530391355633,-0.319841925842042,1.29226422972124,-0.358985457287731,-1.17504035013197,-0.720064302121302,-0.918055636034195
"2850-57585","2850-57733","2850-57585_2850-57733",2,"CHR",4,"CHR-4","0",10,7.718197398,0,22,0.172043010752688,"CHR_4_2",1,NA,0,2,"no",15.5,15.49893652,38.8499435,76,-0.411550717693951,-0.159665267146272,1.94192717350385,15.66,14.84394317,20.45213858,102,1.47226847611183,0.292877508261001,-0.471921901664779,-0.542336778345363,-0.696065404544717,0,"large","second","dist.10","dist.10","dist.10",0,-0.821530391355633,-0.319841925842042,1.29226422972124,-0.358985457287731,0.606435458890079,-1.12204057333336,-0.450386497816471
"2850-57585","2850-57733","2850-57585_2850-57733",1,"CHR",4,"CHR-4","0",0,7.718197398,0,25,0.372759856630824,"CHR_4_1",1,NA,0,4,"no",15.5,15.49893652,38.8499435,76,-0.411550717693951,-0.159665267146272,1.94192717350385,15.66,14.84394317,20.45213858,102,1.47226847611183,0.292877508261001,-0.471921901664779,-0.542336778345363,-0.696065404544717,0,"large","first","dist.10","dist.10","dist.10",0,1.67841189140593,-0.319841925842042,1.29226422972124,-0.358985457287731,0.606435458890079,-1.12204057333336,-0.450386497816471
"2850-57585","2850-57742","2850-57585_2850-57742",1,"CHR",4,"CHR-4","0",10,15.7455459,0,-10,0.372759856630824,"CHR_4_1",1,NA,0,4,"no",15.5,15.49893652,38.8499435,76,-0.411550717693951,-0.159665267146272,1.94192717350385,16.98,13.00562645,26.1463443,93,0.397002234939508,-0.179380228057897,0.692122624034258,0.656852245473621,-0.696065404544717,0,"large","first","dist.20","dist.20","dist.20",0,1.67841189140593,-0.319841925842042,1.29226422972124,-0.358985457287731,0.564019367350756,-0.96234197733198,-0.610003960994292
"2850-57585","2850-57742","2850-57585_2850-57742",2,"CHR",4,"CHR-4","0",10,12.94374732,0,-13,0.172043010752688,"CHR_4_2",1,NA,0,2,"no",15.5,15.49893652,38.8499435,76,-0.411550717693951,-0.159665267146272,1.94192717350385,16.98,13.00562645,26.1463443,93,0.397002234939508,-0.179380228057897,0.692122624034258,0.238297338675877,-0.696065404544717,0,"large","second","dist.20","dist.20","dist.20",0,-0.821530391355633,-0.319841925842042,1.29226422972124,-0.358985457287731,0.564019367350756,-0.96234197733198,-0.610003960994292
"2850-57585","2850-57744","2850-57585_2850-57744",1,"CHR",4,"CHR-4","0",2,3.556109437,2,8,0.365591397849462,"CHR_4_1",1,NA,0,4,"no",15.5,15.49893652,38.8499435,76,-0.411550717693951,-0.159665267146272,1.94192717350385,14.77,24.63866733,20.45419575,84.5,-0.618526992834355,2.80911108724386,-0.47150136233152,-1.16410250805758,-0.109867392902431,0,"large","first","dist.05","dist.05","dist.10",0,1.58912823845016,-0.319841925842042,1.29226422972124,-0.358985457287731,-0.411550717693951,1.14723185861105,0.256764043881684
"2850-57585","2850-57744","2850-57585_2850-57744",2,"CHR",4,"CHR-4","0",10,3.556109437,0,11,0.172043010752688,"CHR_4_2",1,NA,0,2,"no",15.5,15.49893652,38.8499435,76,-0.411550717693951,-0.159665267146272,1.94192717350385,14.77,24.63866733,20.45419575,84.5,-0.618526992834355,2.80911108724386,-0.47150136233152,-1.16410250805758,-0.696065404544717,0,"large","second","dist.05","dist.05","dist.10",0,-0.821530391355633,-0.319841925842042,1.29226422972124,-0.358985457287731,-0.411550717693951,1.14723185861105,0.256764043881684
"2850-57585","2850-57806","2850-57585_2850-57806",1,"CHR",4,"CHR-4","0",10,23.35798423,0,-13,0.372759856630824,"CHR_4_1",1,"ep_same",2,4,"yes",15.5,15.49893652,38.8499435,76,-0.411550717693951,-0.159665267146272,1.94192717350385,15.88,11.25502825,14.26422898,83.83333333,-0.698176344430552,-0.62910335473214,-1.73689240845576,1.79405869509525,-0.696065404544717,1,"large","first","dist.20+","dist.20+","dist.20+",0.5,1.67841189140593,-0.319841925842042,1.29226422972124,-0.358985457287731,0.224690642671068,-0.312822534834813,0.766781208645738
"2850-57585","2850-57806","2850-57585_2850-57806",2,"CHR",4,"CHR-4","0",10,25.1203531,0,-10,0.172043010752688,"CHR_4_2",1,NA,0,2,"no",15.5,15.49893652,38.8499435,76,-0.411550717693951,-0.159665267146272,1.94192717350385,15.88,11.25502825,14.26422898,83.83333333,-0.698176344430552,-0.62910335473214,-1.73689240845576,2.05733534295696,-0.696065404544717,0,"large","second","dist.20+","dist.20+","dist.20+",0,-0.821530391355633,-0.319841925842042,1.29226422972124,-0.358985457287731,0.224690642671068,-0.312822534834813,0.766781208645738
"2850-57585","2850-57808","2850-57585_2850-57808",1,"CHR",4,"CHR-4","0",10,16.94168974,0,-13,0.372759856630824,"CHR_4_1",1,NA,0,4,"no",15.5,15.49893652,38.8499435,76,-0.411550717693951,-0.159665267146272,1.94192717350385,17.44,11.46748421,15.37756564,100,1.23332042251798,-0.574524092276724,-1.50929728666711,0.835541704823656,-0.696065404544717,0,"large","first","dist.20","dist.20","dist.20",0,1.67841189140593,-0.319841925842042,1.29226422972124,-0.358985457287731,0.564019367350756,-2.00209196155345,-1.05591017852521
"2850-57585","2850-57808","2850-57585_2850-57808",2,"CHR",4,"CHR-4","0",10,15.90725563,0,-14,0.172043010752688,"CHR_4_2",1,NA,0,2,"no",15.5,15.49893652,38.8499435,76,-0.411550717693951,-0.159665267146272,1.94192717350385,17.44,11.46748421,15.37756564,100,1.23332042251798,-0.574524092276724,-1.50929728666711,0.681009728260424,-0.696065404544717,0,"large","second","dist.20","dist.20","dist.20",0,-0.821530391355633,-0.319841925842042,1.29226422972124,-0.358985457287731,0.564019367350756,-2.00209196155345,-1.05591017852521
"2850-57585","2850-57881","2850-57585_2850-57881",1,"CHR",4,"CHR-4","0",10,18.2811172,4,-8,0.3584229390681,"CHR_4_1",1,NA,0,4,"no",15.5,15.49893652,38.8499435,76,-0.411550717693951,-0.159665267146272,1.94192717350385,16.55,11.73463277,21.93833167,84.83333333,-0.578702317633627,-0.50589447430401,-0.16810517715307,1.03563600842011,0.476330618739855,0,"large","first","dist.20","dist.20","dist.20",0,1.49984458549439,-0.319841925842042,1.29226422972124,-0.358985457287731,-0.835711625452285,0.553081751767378,1.79200900661347
"2850-57585","2850-57881","2850-57585_2850-57881",2,"CHR",4,"CHR-4","0",10,17.57294798,10,0,0.136200716845878,"CHR_4_2",1,NA,0,2,"no",15.5,15.49893652,38.8499435,76,-0.411550717693951,-0.159665267146272,1.94192717350385,16.55,11.73463277,21.93833167,84.83333333,-0.578702317633627,-0.50589447430401,-0.16810517715307,0.929844070345059,2.23492465366671,0,"large","second","dist.20","dist.20","dist.20",0,-1.26794865613448,-0.319841925842042,1.29226422972124,-0.358985457287731,-0.835711625452285,0.553081751767378,1.79200900661347
"2850-57588","2640-97588","2850-57588_2640-97588",2,"CHR",45,"CHR-45","0",11,3.246163671,9,-2,0.3,"CHR_45_2",1,NA,0,4,"no",18.1,12.52124294,26.61550183,78.33333333,0.182274551131745,-1.12841701146077,0.110874711490428,18.7,11.85018943,14.45612662,87,-0.319841925842042,-0.476208334764261,-1.69766351362466,-1.21040466629499,1.94182564784557,0,"large","second","dist.05","dist.05","dist.10",0,0.772182813904864,-1.39510816701437,-1.34521287106915,0.897405470214174,0.224690642671068,-0.0934822025987468,-1.95280566010936
"2850-57588","2640-97589","2850-57588_2640-97589",2,"CHR",45,"CHR-45","0",11,14.83818046,10,1,0.296774193548387,"CHR_45_2",1,NA,0,4,"no",18.1,12.52124294,26.61550183,78.33333333,0.182274551131745,-1.12841701146077,0.110874711490428,16.1,11.8153556,16.91354271,99.66666667,1.19349574731726,-0.485157035237985,-1.19530341502793,0.521302795244871,2.23492465366671,0,"large","second","dist.20","dist.20","dist.20",0,0.732005170074767,-1.39510816701437,-1.34521287106915,0.897405470214174,0.98818027510909,-0.478534822267752,-0.867541507603602
"2850-57588","2811-83208","2850-57588_2811-83208",2,"CHR",45,"CHR-45","0",11,31.40355192,0,16,0.329032258064516,"CHR_45_2",1,NA,0,4,"no",18.1,12.52124294,26.61550183,78.33333333,0.182274551131745,-1.12841701146077,0.110874711490428,16.9,18.73416916,21.00459455,87,-0.319841925842042,1.29226422972124,-0.358985457287731,2.99596944580413,-0.696065404544717,0,"large","second","dist.20+","dist.20+","dist.20+",0,1.13378160837573,-1.39510816701437,-1.34521287106915,0.897405470214174,-0.411550717693951,-0.159665267146272,1.94192717350385
"2850-57588","2850-57567","2850-57588_2850-57567",2,"CHR",45,"CHR-45","0",8,6.793815753,0,-35,0.329032258064516,"CHR_45_2",1,NA,0,4,"no",18.1,12.52124294,26.61550183,78.33333333,0.182274551131745,-1.12841701146077,0.110874711490428,16.6,10.56012296,26.35612994,102.1666667,1.49218081789379,-0.807622320284185,0.735008293751907,-0.680428244316668,-0.696065404544717,0,"large","second","dist.10","dist.10","dist.10",0,1.13378160837573,-1.39510816701437,-1.34521287106915,0.897405470214174,-1.17504035013197,0.922800644787313,-0.818227574717981
"2850-57588","2850-57570","2850-57588_2850-57570",2,"CHR",45,"CHR-45","0",11,6.451162169,7,-3,0.306451612903226,"CHR_45_2",1,NA,0,4,"no",18.1,12.52124294,26.61550183,78.33333333,0.182274551131745,-1.12841701146077,0.110874711490428,16.51,16.84077767,23.06811898,90,0.038580154548733,0.805857959623855,0.0628528876022267,-0.73161655597433,1.35562763620329,0,"large","second","dist.10","dist.10","dist.10",0,0.852538101565059,-1.39510816701437,-1.34521287106915,0.897405470214174,-0.157054173547943,-1.42571858026568,-1.08665491345185
"2850-57588","2850-57577","2850-57588_2850-57577",2,"CHR",45,"CHR-45","0",11,6.777622682,0,-23,0.329032258064516,"CHR_45_2",1,NA,0,4,"no",18.1,12.52124294,26.61550183,78.33333333,0.182274551131745,-1.12841701146077,0.110874711490428,18.2,20.92472416,28.83623131,90.83333333,0.138141843147924,1.85501086327307,1.24200585669334,-0.682847293769957,-0.696065404544717,0,"large","second","dist.10","dist.10","dist.10",0,1.13378160837573,-1.39510816701437,-1.34521287106915,0.897405470214174,-0.666047261839958,0.264789915692027,-0.462001728113777
"2850-57588","2850-57578","2850-57588_2850-57578",2,"CHR",45,"CHR-45","0",11,12.97952929,0,23,0.329032258064516,"CHR_45_2",1,NA,0,4,"no",18.1,12.52124294,26.61550183,78.33333333,0.182274551131745,-1.12841701146077,0.110874711490428,17.2,10.81633932,15.67680791,91.5,0.217791194744121,-0.741801149826969,-1.44812434290995,0.243642733318197,-0.696065404544717,0,"large","second","dist.20","dist.20","dist.20",0,1.13378160837573,-1.39510816701437,-1.34521287106915,0.897405470214174,0.0550262790587415,1.59216462744548,-0.0904874492207969
"2850-57588","2850-57579","2850-57588_2850-57579",2,"CHR",45,"CHR-45","0",11,21.97434176,0,-15,0.329032258064516,"CHR_45_2",1,NA,0,4,"no",18.1,12.52124294,26.61550183,78.33333333,0.182274551131745,-1.12841701146077,0.110874711490428,16.3,11.31949153,24.77905949,93.5,0.456739248337971,-0.612542942504321,0.412613860843324,1.58735920241714,-0.696065404544717,0,"large","second","dist.20+","dist.20+","dist.20+",0,1.13378160837573,-1.39510816701437,-1.34521287106915,0.897405470214174,0.394355006283394,0.252942547897877,-0.257226498974273
"2850-57588","2850-57580","2850-57588_2850-57580",2,"CHR",45,"CHR-45","0",10,26.33609713,0,-32,0.329032258064516,"CHR_45_2",1,NA,0,4,"no",18.1,12.52124294,26.61550183,78.33333333,0.182274551131745,-1.12841701146077,0.110874711490428,16.2,9.142844799,27.48113161,87.83333333,-0.220280237242851,-1.17171658585126,0.964988048569367,2.23895283423521,-0.696065404544717,0,"large","second","dist.20+","dist.20+","dist.20+",0,1.13378160837573,-1.39510816701437,-1.34521287106915,0.897405470214174,0.564019367350756,0.594981908524202,0.613110506001452
"2850-57588","2850-57581","2850-57588_2850-57581",2,"CHR",45,"CHR-45","0",11,25.4904246872727,4,7,0.316129032258064,"CHR_45_2",1,NA,0,4,"no",18.1,12.52124294,26.61550183,78.33333333,0.182274551131745,-1.12841701146077,0.110874711490428,15.5,12.5018158,18.94245264,82.5,-0.857475046428205,-0.308807586528723,-0.780541178943333,2.11261957353124,0.476330618739855,0,"large","second","dist.20+","dist.20+","dist.20+",0,0.97307103305534,-1.39510816701437,-1.34521287106915,0.897405470214174,-0.920543805985966,0.0923616887128494,-0.0652425713766268
"2850-57588","2850-57589","2850-57588_2850-57589",2,"CHR",45,"CHR-45","0",11,20.42508594,0,17,0.329032258064516,"CHR_45_2",1,NA,0,4,"no",18.1,12.52124294,26.61550183,78.33333333,0.182274551131745,-1.12841701146077,0.110874711490428,17.5,12.65077601,16.92662014,97,0.874898342127209,-0.270540180912031,-1.19263004642303,1.35591907321772,-0.696065404544717,0,"large","second","dist.20+","dist.20+","dist.20+",0,1.13378160837573,-1.39510816701437,-1.34521287106915,0.897405470214174,0.394355006283394,-0.220209818057244,-0.7238327207249
"2850-57588","2850-57620","2850-57588_2850-57620",2,"CHR",45,"CHR-45","0",11,10.27751357,0,16,0.329032258064516,"CHR_45_2",1,NA,0,4,"no",18.1,12.52124294,26.61550183,78.33333333,0.182274551131745,-1.12841701146077,0.110874711490428,18.2,8.903889997,21.60838485,87,-0.319841925842042,-1.2331033167923,-0.235554933708899,-0.160005817981532,-0.696065404544717,0,"large","second","dist.20","dist.20","dist.20",0,1.13378160837573,-1.39510816701437,-1.34521287106915,0.897405470214174,-1.04779207805897,-0.519894914297499,-0.347422909026337
"2850-57588","2850-57647","2850-57588_2850-57647",2,"CHR",45,"CHR-45","0",11,14.75912949,0,26,0.329032258064516,"CHR_45_2",1,NA,0,4,"no",18.1,12.52124294,26.61550183,78.33333333,0.182274551131745,-1.12841701146077,0.110874711490428,15.8,12.89783981,28.1838767,85.83333333,-0.459228290836701,-0.207070274097309,1.10864751842364,0.509493534002179,-0.696065404544717,0,"large","second","dist.20","dist.20","dist.20",0,1.13378160837573,-1.39510816701437,-1.34521287106915,0.897405470214174,2.30307908737845,-0.324477446700752,0.908946604529733
"2850-57588","2850-57671","2850-57588_2850-57671",2,"CHR",45,"CHR-45","0",11,31.3259709,0,-29,0.329032258064516,"CHR_45_2",1,NA,0,4,"no",18.1,12.52124294,26.61550183,78.33333333,0.182274551131745,-1.12841701146077,0.110874711490428,17.53,16.28350449,28.84180791,75.83333333,-1.65396855880595,0.662696246718346,1.24314585953504,2.98437977735789,-0.696065404544717,0,"large","second","dist.20+","dist.20+","dist.20+",0,1.13378160837573,-1.39510816701437,-1.34521287106915,0.897405470214174,0.606435458890079,1.16785270969026,0.187430780520441
"2850-57588","2850-57731","2850-57588_2850-57731",2,"CHR",45,"CHR-45","0",11,12.43113436,8,-2,0.303225806451613,"CHR_45_2",1,NA,0,4,"no",18.1,12.52124294,26.61550183,78.33333333,0.182274551131745,-1.12841701146077,0.110874711490428,15.9,10.9634214,23.24545364,91,0.158054181345658,-0.704016229851986,0.0991047285683272,0.161719146643203,1.64872664202443,0,"large","second","dist.20","dist.20","dist.20",0,0.812360457734962,-1.39510816701437,-1.34521287106915,0.897405470214174,-1.17504035013197,-0.720064302121302,-0.918055636034195
"2850-57588","2850-57733","2850-57588_2850-57733",2,"CHR",45,"CHR-45","0",11,23.80987697,2,-8,0.32258064516129,"CHR_45_2",1,NA,0,4,"no",18.1,12.52124294,26.61550183,78.33333333,0.182274551131745,-1.12841701146077,0.110874711490428,15.66,14.84394317,20.45213858,102,1.47226847611183,0.292877508261001,-0.471921901664779,1.86156601879204,-0.109867392902431,0,"large","second","dist.20+","dist.20+","dist.20+",0,1.05342632071554,-1.39510816701437,-1.34521287106915,0.897405470214174,0.606435458890079,-1.12204057333336,-0.450386497816471
"2850-57588","2850-57742","2850-57588_2850-57742",2,"CHR",45,"CHR-45","0",11,17.8981910109091,8,3,0.303225806451613,"CHR_45_2",1,NA,0,4,"no",18.1,12.52124294,26.61550183,78.33333333,0.182274551131745,-1.12841701146077,0.110874711490428,16.98,13.00562645,26.1463443,93,0.397002234939508,-0.179380228057897,0.692122624034258,0.978431455412822,1.64872664202443,0,"large","second","dist.20","dist.20","dist.20",0,0.812360457734962,-1.39510816701437,-1.34521287106915,0.897405470214174,0.564019367350756,-0.96234197733198,-0.610003960994292
"2850-57588","2850-57744","2850-57588_2850-57744",2,"CHR",45,"CHR-45","0",11,28.17367532,0,-25,0.329032258064516,"CHR_45_2",1,NA,0,4,"no",18.1,12.52124294,26.61550183,78.33333333,0.182274551131745,-1.12841701146077,0.110874711490428,14.77,24.63866733,20.45419575,84.5,-0.618526992834355,2.80911108724386,-0.47150136233152,2.51346484717549,-0.696065404544717,0,"large","second","dist.20+","dist.20+","dist.20+",0,1.13378160837573,-1.39510816701437,-1.34521287106915,0.897405470214174,-0.411550717693951,1.14723185861105,0.256764043881684
"2850-57588","2850-57806","2850-57588_2850-57806",2,"CHR",45,"CHR-45","0",12,8.42402140866667,5,6,0.312903225806452,"CHR_45_2",1,NA,0,4,"no",18.1,12.52124294,26.61550183,78.33333333,0.182274551131745,-1.12841701146077,0.110874711490428,15.88,11.25502825,14.26422898,83.83333333,-0.698176344430552,-0.62910335473214,-1.73689240845576,-0.436895186251974,0.769429624560999,0,"large","second","dist.10","dist.10","dist.10",0,0.932893389225255,-1.39510816701437,-1.34521287106915,0.897405470214174,0.224690642671068,-0.312822534834813,0.766781208645738
"2850-57588","2850-57808","2850-57588_2850-57808",2,"CHR",45,"CHR-45","0",11,16.3594590081818,9,2,0.3,"CHR_45_2",1,NA,0,4,"no",18.1,12.52124294,26.61550183,78.33333333,0.182274551131745,-1.12841701146077,0.110874711490428,17.44,11.46748421,15.37756564,100,1.23332042251798,-0.574524092276724,-1.50929728666711,0.748563457554022,1.94182564784557,0,"large","second","dist.20","dist.20","dist.20",0,0.772182813904864,-1.39510816701437,-1.34521287106915,0.897405470214174,0.564019367350756,-2.00209196155345,-1.05591017852521
"2850-57588","2850-57881","2850-57588_2850-57881",2,"CHR",45,"CHR-45","0",11,16.18122728,0,16,0.329032258064516,"CHR_45_2",1,NA,0,4,"no",18.1,12.52124294,26.61550183,78.33333333,0.182274551131745,-1.12841701146077,0.110874711490428,16.55,11.73463277,21.93833167,84.83333333,-0.578702317633627,-0.50589447430401,-0.16810517715307,0.721937787561166,-0.696065404544717,0,"large","second","dist.20","dist.20","dist.20",0,1.13378160837573,-1.39510816701437,-1.34521287106915,0.897405470214174,-0.835711625452285,0.553081751767378,1.79200900661347
"2850-57648","2640-97588","2850-57648_2640-97588",1,"CHR",133,"CHR-133","0",9,6.053862163,0,21,0.209677419354839,"CHR_133_1",1,NA,0,1,"no",17.74,11.60741442,18.61403456,77,-0.157054173547943,-1.42571858026568,-1.08665491345185,18.7,11.85018943,14.45612662,87,-0.319841925842042,-0.476208334764261,-1.69766351362466,-0.790968383821309,-0.696065404544717,0,"large","first","dist.10","dist.10","dist.10",0,-0.352791213337835,0.038580154548733,0.805857959623855,0.0628528876022267,0.224690642671068,-0.0934822025987468,-1.95280566010936
"2850-57648","2640-97588","2850-57648_2640-97588",2,"CHR",151,"CHR-151","0",10,3.332966163,9,1,0.261648745519713,"CHR_151_2",1,NA,0,3,"no",17.74,11.60741442,18.61403456,77,-0.157054173547943,-1.42571858026568,-1.08665491345185,18.7,11.85018943,14.45612662,87,-0.319841925842042,-0.476208334764261,-1.69766351362466,-1.19743742118029,1.94182564784557,0,"large","second","dist.05","dist.05","dist.10",0,0.294515270591491,0.038580154548733,0.805857959623855,0.0628528876022267,0.224690642671068,-0.0934822025987468,-1.95280566010936
"2850-57648","2640-97589","2850-57648_2640-97589",1,"CHR",133,"CHR-133","0",9,5.589012772,0,24,0.209677419354839,"CHR_133_1",1,NA,0,1,"no",17.74,11.60741442,18.61403456,77,-0.157054173547943,-1.42571858026568,-1.08665491345185,16.1,11.8153556,16.91354271,99.66666667,1.19349574731726,-0.485157035237985,-1.19530341502793,-0.860411274867743,-0.696065404544717,0,"large","first","dist.10","dist.10","dist.10",0,-0.352791213337835,0.038580154548733,0.805857959623855,0.0628528876022267,0.98818027510909,-0.478534822267752,-0.867541507603602
"2850-57648","2640-97589","2850-57648_2640-97589",2,"CHR",151,"CHR-151","0",10,8.398125942,6,4,0.272401433691756,"CHR_151_2",1,NA,0,3,"no",17.74,11.60741442,18.61403456,77,-0.157054173547943,-1.42571858026568,-1.08665491345185,16.1,11.8153556,16.91354271,99.66666667,1.19349574731726,-0.485157035237985,-1.19530341502793,-0.440763656567621,1.06252863038214,0,"large","second","dist.10","dist.10","dist.10",0,0.428440750025146,0.038580154548733,0.805857959623855,0.0628528876022267,0.98818027510909,-0.478534822267752,-0.867541507603602
"2850-57648","2811-83208","2850-57648_2811-83208",1,"CHR",133,"CHR-133","0",9,22.14425318,0,-10,0.209677419354839,"CHR_133_1",1,NA,0,1,"no",17.74,11.60741442,18.61403456,77,-0.157054173547943,-1.42571858026568,-1.08665491345185,16.9,18.73416916,21.00459455,87,-0.319841925842042,1.29226422972124,-0.358985457287731,1.6127419187443,-0.696065404544717,0,"large","first","dist.20+","dist.20+","dist.20+",0,-0.352791213337835,0.038580154548733,0.805857959623855,0.0628528876022267,-0.411550717693951,-0.159665267146272,1.94192717350385
"2850-57648","2811-83208","2850-57648_2811-83208",2,"CHR",151,"CHR-151","0",10,24.98854943,0,19,0.293906810035842,"CHR_151_2",1,NA,0,3,"no",17.74,11.60741442,18.61403456,77,-0.157054173547943,-1.42571858026568,-1.08665491345185,16.9,18.73416916,21.00459455,87,-0.319841925842042,1.29226422972124,-0.358985457287731,2.03764546474578,-0.696065404544717,0,"large","second","dist.20+","dist.20+","dist.20+",0,0.696291708892456,0.038580154548733,0.805857959623855,0.0628528876022267,-0.411550717693951,-0.159665267146272,1.94192717350385
"2850-57648","2850-57567","2850-57648_2850-57567",1,"CHR",133,"CHR-133","0",9,2.83997057,0,-12,0.209677419354839,"CHR_133_1",1,NA,0,1,"no",17.74,11.60741442,18.61403456,77,-0.157054173547943,-1.42571858026568,-1.08665491345185,16.6,10.56012296,26.35612994,102.1666667,1.49218081789379,-0.807622320284185,0.735008293751907,-1.27108501524817,-0.696065404544717,0,"large","first","dist.05","dist.05","dist.10",0,-0.352791213337835,0.038580154548733,0.805857959623855,0.0628528876022267,-1.17504035013197,0.922800644787313,-0.818227574717981
"2850-57648","2850-57567","2850-57648_2850-57567",2,"CHR",151,"CHR-151","0",10,1.707202981,0,-32,0.293906810035842,"CHR_151_2",1,NA,0,3,"no",17.74,11.60741442,18.61403456,77,-0.157054173547943,-1.42571858026568,-1.08665491345185,16.6,10.56012296,26.35612994,102.1666667,1.49218081789379,-0.807622320284185,0.735008293751907,-1.44030682727343,-0.696065404544717,0,"large","second","dist.05","dist.05","dist.10",0,0.696291708892456,0.038580154548733,0.805857959623855,0.0628528876022267,-1.17504035013197,0.922800644787313,-0.818227574717981
"2850-57648","2850-57577","2850-57648_2850-57577",1,"CHR",133,"CHR-133","0",9,8.987406143,9,0,0.173387096774194,"CHR_133_1",1,NA,0,1,"no",17.74,11.60741442,18.61403456,77,-0.157054173547943,-1.42571858026568,-1.08665491345185,18.2,20.92472416,28.83623131,90.83333333,0.138141843147924,1.85501086327307,1.24200585669334,-0.352732303647416,1.94182564784557,0,"large","first","dist.10","dist.10","dist.10",0,-0.804789706426419,0.038580154548733,0.805857959623855,0.0628528876022267,-0.666047261839958,0.264789915692027,-0.462001728113777
"2850-57648","2850-57577","2850-57648_2850-57577",2,"CHR",151,"CHR-151","0",10,6.790833229,0,-20,0.293906810035842,"CHR_151_2",1,NA,0,3,"no",17.74,11.60741442,18.61403456,77,-0.157054173547943,-1.42571858026568,-1.08665491345185,18.2,20.92472416,28.83623131,90.83333333,0.138141843147924,1.85501086327307,1.24200585669334,-0.680873797420932,-0.696065404544717,0,"large","second","dist.10","dist.10","dist.10",0,0.696291708892456,0.038580154548733,0.805857959623855,0.0628528876022267,-0.666047261839958,0.264789915692027,-0.462001728113777
"2850-57648","2850-57578","2850-57648_2850-57578",1,"CHR",133,"CHR-133","0",9,4.127994156,7,-4,0.181451612903226,"CHR_133_1",1,NA,0,1,"no",17.74,11.60741442,18.61403456,77,-0.157054173547943,-1.42571858026568,-1.08665491345185,17.2,10.81633932,15.67680791,91.5,0.217791194744121,-0.741801149826969,-1.44812434290995,-1.07866983028811,1.35562763620329,0,"large","first","dist.05","dist.05","dist.10",0,-0.70434559685118,0.038580154548733,0.805857959623855,0.0628528876022267,0.0550262790587415,1.59216462744548,-0.0904874492207969
"2850-57648","2850-57578","2850-57648_2850-57578",2,"CHR",151,"CHR-151","0",10,6.577697441,0,-24,0.293906810035842,"CHR_151_2",1,NA,0,3,"no",17.74,11.60741442,18.61403456,77,-0.157054173547943,-1.42571858026568,-1.08665491345185,17.2,10.81633932,15.67680791,91.5,0.217791194744121,-0.741801149826969,-1.44812434290995,-0.712713712866105,-0.696065404544717,0,"large","second","dist.10","dist.10","dist.10",0,0.696291708892456,0.038580154548733,0.805857959623855,0.0628528876022267,0.0550262790587415,1.59216462744548,-0.0904874492207969
"2850-57648","2850-57579","2850-57648_2850-57579",1,"CHR",133,"CHR-133","0",9,11.5344245144444,1,8,0.205645161290323,"CHR_133_1",1,NA,0,1,"no",17.74,11.60741442,18.61403456,77,-0.157054173547943,-1.42571858026568,-1.08665491345185,16.3,11.31949153,24.77905949,93.5,0.456739248337971,-0.612542942504321,0.412613860843324,0.0277615136747602,-0.402966398723574,0,"large","first","dist.20","dist.20","dist.20",0,-0.403013268125454,0.038580154548733,0.805857959623855,0.0628528876022267,0.394355006283394,0.252942547897877,-0.257226498974273
"2850-57648","2850-57579","2850-57648_2850-57579",2,"CHR",151,"CHR-151","0",10,15.53483464,0,-12,0.293906810035842,"CHR_151_2",1,NA,0,3,"no",17.74,11.60741442,18.61403456,77,-0.157054173547943,-1.42571858026568,-1.08665491345185,16.3,11.31949153,24.77905949,93.5,0.456739248337971,-0.612542942504321,0.412613860843324,0.625374525262008,-0.696065404544717,0,"large","second","dist.20","dist.20","dist.20",0,0.696291708892456,0.038580154548733,0.805857959623855,0.0628528876022267,0.394355006283394,0.252942547897877,-0.257226498974273
"2850-57648","2850-57580","2850-57648_2850-57580",1,"CHR",133,"CHR-133","0",9,17.07674627,1,-9,0.205645161290323,"CHR_133_1",1,NA,0,1,"no",17.74,11.60741442,18.61403456,77,-0.157054173547943,-1.42571858026568,-1.08665491345185,16.2,9.142844799,27.48113161,87.83333333,-0.220280237242851,-1.17171658585126,0.964988048569367,0.855717521076149,-0.402966398723574,0,"large","first","dist.20","dist.20","dist.20",0,-0.403013268125454,0.038580154548733,0.805857959623855,0.0628528876022267,0.564019367350756,0.594981908524202,0.613110506001452
"2850-57648","2850-57580","2850-57648_2850-57580",2,"CHR",151,"CHR-151","0",10,19.89943086,0,-29,0.293906810035842,"CHR_151_2",1,NA,0,3,"no",17.74,11.60741442,18.61403456,77,-0.157054173547943,-1.42571858026568,-1.08665491345185,16.2,9.142844799,27.48113161,87.83333333,-0.220280237242851,-1.17171658585126,0.964988048569367,1.2773925457979,-0.696065404544717,0,"large","second","dist.20","dist.20","dist.20",0,0.696291708892456,0.038580154548733,0.805857959623855,0.0628528876022267,0.564019367350756,0.594981908524202,0.613110506001452
"2850-57648","2850-57581","2850-57648_2850-57581",1,"CHR",133,"CHR-133","0",9,15.72815413,0,-19,0.209677419354839,"CHR_133_1",1,NA,0,1,"no",17.74,11.60741442,18.61403456,77,-0.157054173547943,-1.42571858026568,-1.08665491345185,15.5,12.5018158,18.94245264,82.5,-0.857475046428205,-0.308807586528723,-0.780541178943333,0.654254124850904,-0.696065404544717,0,"large","first","dist.20","dist.20","dist.20",0,-0.352791213337835,0.038580154548733,0.805857959623855,0.0628528876022267,-0.920543805985966,0.0923616887128494,-0.0652425713766268
"2850-57648","2850-57581","2850-57648_2850-57581",2,"CHR",151,"CHR-151","0",10,18.58457563,0,10,0.293906810035842,"CHR_151_2",1,NA,0,3,"no",17.74,11.60741442,18.61403456,77,-0.157054173547943,-1.42571858026568,-1.08665491345185,15.5,12.5018158,18.94245264,82.5,-0.857475046428205,-0.308807586528723,-0.780541178943333,1.0809690369227,-0.696065404544717,0,"large","second","dist.20","dist.20","dist.20",0,0.696291708892456,0.038580154548733,0.805857959623855,0.0628528876022267,-0.920543805985966,0.0923616887128494,-0.0652425713766268
"2850-57648","2850-57589","2850-57648_2850-57589",1,"CHR",133,"CHR-133","0",9,11.17374737,0,-13,0.209677419354839,"CHR_133_1",1,NA,0,1,"no",17.74,11.60741442,18.61403456,77,-0.157054173547943,-1.42571858026568,-1.08665491345185,17.5,12.65077601,16.92662014,97,0.874898342127209,-0.270540180912031,-1.19263004642303,-0.0261193004760566,-0.696065404544717,0,"large","first","dist.20","dist.20","dist.20",0,-0.352791213337835,0.038580154548733,0.805857959623855,0.0628528876022267,0.394355006283394,-0.220209818057244,-0.7238327207249
"2850-57648","2850-57589","2850-57648_2850-57589",2,"CHR",151,"CHR-151","0",10,14.03144448,0,20,0.293906810035842,"CHR_151_2",1,NA,0,3,"no",17.74,11.60741442,18.61403456,77,-0.157054173547943,-1.42571858026568,-1.08665491345185,17.5,12.65077601,16.92662014,97,0.874898342127209,-0.270540180912031,-1.19263004642303,0.400786172340705,-0.696065404544717,0,"large","second","dist.20","dist.20","dist.20",0,0.696291708892456,0.038580154548733,0.805857959623855,0.0628528876022267,0.394355006283394,-0.220209818057244,-0.7238327207249
"2850-57648","2850-57620","2850-57648_2850-57620",1,"CHR",133,"CHR-133","0",9,1.586490482,0,-10,0.209677419354839,"CHR_133_1",1,NA,0,1,"no",17.74,11.60741442,18.61403456,77,-0.157054173547943,-1.42571858026568,-1.08665491345185,18.2,8.903889997,21.60838485,87,-0.319841925842042,-1.2331033167923,-0.235554933708899,-1.45833981834171,-0.696065404544717,0,"large","first","dist.05","dist.05","dist.10",0,-0.352791213337835,0.038580154548733,0.805857959623855,0.0628528876022267,-1.04779207805897,-0.519894914297499,-0.347422909026337
"2850-57648","2850-57620","2850-57648_2850-57620",2,"CHR",151,"CHR-151","0",10,3.847179517,0,19,0.293906810035842,"CHR_151_2",1,NA,0,3,"no",17.74,11.60741442,18.61403456,77,-0.157054173547943,-1.42571858026568,-1.08665491345185,18.2,8.903889997,21.60838485,87,-0.319841925842042,-1.2331033167923,-0.235554933708899,-1.12062014959126,-0.696065404544717,0,"large","second","dist.05","dist.05","dist.10",0,0.696291708892456,0.038580154548733,0.805857959623855,0.0628528876022267,-1.04779207805897,-0.519894914297499,-0.347422909026337
"2850-57648","2850-57647","2850-57648_2850-57647",1,"CHR",133,"CHR-133","0",9,5.501847625,6,-5,0.185483870967742,"CHR_133_1",1,NA,0,1,"no",17.74,11.60741442,18.61403456,77,-0.157054173547943,-1.42571858026568,-1.08665491345185,15.8,12.89783981,28.1838767,85.83333333,-0.459228290836701,-0.207070274097309,1.10864751842364,-0.873432696264351,1.06252863038214,0,"large","first","dist.10","dist.10","dist.10",0,-0.654123542063562,0.038580154548733,0.805857959623855,0.0628528876022267,2.30307908737845,-0.324477446700752,0.908946604529733
"2850-57648","2850-57647","2850-57648_2850-57647",2,"CHR",151,"CHR-151","0",10,8.326762193,0,-25,0.293906810035842,"CHR_151_2",1,NA,0,3,"no",17.74,11.60741442,18.61403456,77,-0.157054173547943,-1.42571858026568,-1.08665491345185,15.8,12.89783981,28.1838767,85.83333333,-0.459228290836701,-0.207070274097309,1.10864751842364,-0.451424539731975,-0.696065404544717,0,"large","second","dist.10","dist.10","dist.10",0,0.696291708892456,0.038580154548733,0.805857959623855,0.0628528876022267,2.30307908737845,-0.324477446700752,0.908946604529733
"2850-57648","2850-57653","2850-57648_2850-57653",1,"CHR",133,"CHR-133","0",9,7.254204793,0,-10,0.209677419354839,"CHR_133_1",1,NA,0,1,"no",17.74,11.60741442,18.61403456,77,-0.157054173547943,-1.42571858026568,-1.08665491345185,16.37,8.467490861,27.15053506,78,-1.39510816701437,-1.34521287106915,0.897405470214174,-0.611651675899711,-0.696065404544717,0,"large","first","dist.10","dist.10","dist.10",0,-0.352791213337835,0.038580154548733,0.805857959623855,0.0628528876022267,0.182274551131745,-1.12841701146077,0.110874711490428
"2850-57648","2850-57653","2850-57648_2850-57653",2,"CHR",151,"CHR-151","0",10,5.8311092681,7,3,0.268817204301075,"CHR_151_2",1,NA,0,3,"no",17.74,11.60741442,18.61403456,77,-0.157054173547943,-1.42571858026568,-1.08665491345185,16.37,8.467490861,27.15053506,78,-1.39510816701437,-1.34521287106915,0.897405470214174,-0.824244979016028,1.35562763620329,0,"large","second","dist.10","dist.10","dist.10",0,0.383798923547261,0.038580154548733,0.805857959623855,0.0628528876022267,0.182274551131745,-1.12841701146077,0.110874711490428
"2850-57648","2850-57671","2850-57648_2850-57671",1,"CHR",133,"CHR-133","0",9,22.16538088,5,-6,0.189516129032258,"CHR_133_1",1,NA,0,1,"no",17.74,11.60741442,18.61403456,77,-0.157054173547943,-1.42571858026568,-1.08665491345185,17.53,16.28350449,28.84180791,75.83333333,-1.65396855880595,0.662696246718346,1.24314585953504,1.61589814223855,0.769429624560999,0,"large","first","dist.20+","dist.20+","dist.20+",0,-0.603901487275942,0.038580154548733,0.805857959623855,0.0628528876022267,0.606435458890079,1.16785270969026,0.187430780520441
"2850-57648","2850-57671","2850-57648_2850-57671",2,"CHR",151,"CHR-151","0",10,24.88427199,0,-26,0.293906810035842,"CHR_151_2",1,NA,0,3,"no",17.74,11.60741442,18.61403456,77,-0.157054173547943,-1.42571858026568,-1.08665491345185,17.53,16.28350449,28.84180791,75.83333333,-1.65396855880595,0.662696246718346,1.24314585953504,2.02206767321863,-0.696065404544717,0,"large","second","dist.20+","dist.20+","dist.20+",0,0.696291708892456,0.038580154548733,0.805857959623855,0.0628528876022267,0.606435458890079,1.16785270969026,0.187430780520441
"2850-57648","2850-57731","2850-57648_2850-57731",1,"CHR",133,"CHR-133","0",9,6.668909987,0,21,0.209677419354839,"CHR_133_1",1,NA,0,1,"no",17.74,11.60741442,18.61403456,77,-0.157054173547943,-1.42571858026568,-1.08665491345185,15.9,10.9634214,23.24545364,91,0.158054181345658,-0.704016229851986,0.0991047285683272,-0.699087658886944,-0.696065404544717,0,"large","first","dist.10","dist.10","dist.10",0,-0.352791213337835,0.038580154548733,0.805857959623855,0.0628528876022267,-1.17504035013197,-0.720064302121302,-0.918055636034195
"2850-57648","2850-57731","2850-57648_2850-57731",2,"CHR",151,"CHR-151","0",10,6.4589031371,9,1,0.261648745519713,"CHR_151_2",1,NA,0,3,"no",17.74,11.60741442,18.61403456,77,-0.157054173547943,-1.42571858026568,-1.08665491345185,15.9,10.9634214,23.24545364,91,0.158054181345658,-0.704016229851986,0.0991047285683272,-0.73046014872766,1.94182564784557,0,"large","second","dist.10","dist.10","dist.10",0,0.294515270591491,0.038580154548733,0.805857959623855,0.0628528876022267,-1.17504035013197,-0.720064302121302,-0.918055636034195
"2850-57648","2850-57733","2850-57648_2850-57733",2,"CHR",151,"CHR-151","0",10,17.36725555,5,-5,0.275985663082437,"CHR_151_2",1,NA,0,3,"no",17.74,11.60741442,18.61403456,77,-0.157054173547943,-1.42571858026568,-1.08665491345185,15.66,14.84394317,20.45213858,102,1.47226847611183,0.292877508261001,-0.471921901664779,0.899116102788001,0.769429624560999,0,"large","second","dist.20","dist.20","dist.20",0,0.473082576503031,0.038580154548733,0.805857959623855,0.0628528876022267,0.606435458890079,-1.12204057333336,-0.450386497816471
"2850-57648","2850-57733","2850-57648_2850-57733",1,"CHR",133,"CHR-133","0",0,14.55603638,0,15,0.209677419354839,"CHR_133_1",1,NA,0,1,"no",17.74,11.60741442,18.61403456,77,-0.157054173547943,-1.42571858026568,-1.08665491345185,15.66,14.84394317,20.45213858,102,1.47226847611183,0.292877508261001,-0.471921901664779,0.47915387349478,-0.696065404544717,0,"large","first","dist.20","dist.20","dist.20",0,-0.352791213337835,0.038580154548733,0.805857959623855,0.0628528876022267,0.606435458890079,-1.12204057333336,-0.450386497816471
"2850-57648","2850-57742","2850-57648_2850-57742",1,"CHR",133,"CHR-133","0",9,7.044103878,0,-20,0.209677419354839,"CHR_133_1",1,NA,0,1,"no",17.74,11.60741442,18.61403456,77,-0.157054173547943,-1.42571858026568,-1.08665491345185,16.98,13.00562645,26.1463443,93,0.397002234939508,-0.179380228057897,0.692122624034258,-0.643038217931561,-0.696065404544717,0,"large","first","dist.10","dist.10","dist.10",0,-0.352791213337835,0.038580154548733,0.805857959623855,0.0628528876022267,0.564019367350756,-0.96234197733198,-0.610003960994292
"2850-57648","2850-57742","2850-57648_2850-57742",2,"CHR",151,"CHR-151","0",10,10.8429500448,4,6,0.279569892473118,"CHR_151_2",1,NA,0,3,"no",17.74,11.60741442,18.61403456,77,-0.157054173547943,-1.42571858026568,-1.08665491345185,16.98,13.00562645,26.1463443,93,0.397002234939508,-0.179380228057897,0.692122624034258,-0.0755364301035648,0.476330618739855,0,"large","second","dist.20","dist.20","dist.20",0,0.517724402980916,0.038580154548733,0.805857959623855,0.0628528876022267,0.564019367350756,-0.96234197733198,-0.610003960994292
"2850-57648","2850-57744","2850-57648_2850-57744",1,"CHR",133,"CHR-133","0",9,18.94453536,9,-2,0.173387096774194,"CHR_133_1",1,NA,0,1,"no",17.74,11.60741442,18.61403456,77,-0.157054173547943,-1.42571858026568,-1.08665491345185,14.77,24.63866733,20.45419575,84.5,-0.618526992834355,2.80911108724386,-0.47150136233152,1.13474267801045,1.94182564784557,0,"large","first","dist.20","dist.20","dist.20",0,-0.804789706426419,0.038580154548733,0.805857959623855,0.0628528876022267,-0.411550717693951,1.14723185861105,0.256764043881684
"2850-57648","2850-57744","2850-57648_2850-57744",2,"CHR",151,"CHR-151","0",10,21.80951002,0,-22,0.293906810035842,"CHR_151_2",1,NA,0,3,"no",17.74,11.60741442,18.61403456,77,-0.157054173547943,-1.42571858026568,-1.08665491345185,14.77,24.63866733,20.45419575,84.5,-0.618526992834355,2.80911108724386,-0.47150136233152,1.56273532900044,-0.696065404544717,0,"large","second","dist.20+","dist.20+","dist.20+",0,0.696291708892456,0.038580154548733,0.805857959623855,0.0628528876022267,-0.411550717693951,1.14723185861105,0.256764043881684
"2850-57648","2850-57806","2850-57648_2850-57806",1,"CHR",133,"CHR-133","0",9,3.799390559,0,-23,0.209677419354839,"CHR_133_1",1,NA,0,1,"no",17.74,11.60741442,18.61403456,77,-0.157054173547943,-1.42571858026568,-1.08665491345185,15.88,11.25502825,14.26422898,83.83333333,-0.698176344430552,-0.62910335473214,-1.73689240845576,-1.1277592433878,-0.696065404544717,0,"large","first","dist.05","dist.05","dist.10",0,-0.352791213337835,0.038580154548733,0.805857959623855,0.0628528876022267,0.224690642671068,-0.312822534834813,0.766781208645738
"2850-57648","2850-57806","2850-57648_2850-57806",2,"CHR",151,"CHR-151","0",11,3.69702302836364,1,9,0.290322580645161,"CHR_151_2",1,NA,0,3,"no",17.74,11.60741442,18.61403456,77,-0.157054173547943,-1.42571858026568,-1.08665491345185,15.88,11.25502825,14.26422898,83.83333333,-0.698176344430552,-0.62910335473214,-1.73689240845576,-1.14305171749728,-0.402966398723574,0,"large","second","dist.05","dist.05","dist.10",0,0.651649882414571,0.038580154548733,0.805857959623855,0.0628528876022267,0.224690642671068,-0.312822534834813,0.766781208645738
"2850-57648","2850-57808","2850-57648_2850-57808",1,"CHR",133,"CHR-133","0",9,6.917761569,0,-23,0.209677419354839,"CHR_133_1",1,NA,0,1,"no",17.74,11.60741442,18.61403456,77,-0.157054173547943,-1.42571858026568,-1.08665491345185,17.44,11.46748421,15.37756564,100,1.23332042251798,-0.574524092276724,-1.50929728666711,-0.661912234695502,-0.696065404544717,0,"large","first","dist.10","dist.10","dist.10",0,-0.352791213337835,0.038580154548733,0.805857959623855,0.0628528876022267,0.564019367350756,-2.00209196155345,-1.05591017852521
"2850-57648","2850-57808","2850-57648_2850-57808",2,"CHR",151,"CHR-151","0",10,9.7229105205,5,5,0.275985663082437,"CHR_151_2",1,NA,0,3,"no",17.74,11.60741442,18.61403456,77,-0.157054173547943,-1.42571858026568,-1.08665491345185,17.44,11.46748421,15.37756564,100,1.23332042251798,-0.574524092276724,-1.50929728666711,-0.242856822814727,0.769429624560999,0,"large","second","dist.10","dist.10","dist.10",0,0.473082576503031,0.038580154548733,0.805857959623855,0.0628528876022267,0.564019367350756,-2.00209196155345,-1.05591017852521
"2850-57648","2850-57881","2850-57648_2850-57881",1,"CHR",133,"CHR-133","0",9,8.701475932,0,-18,0.209677419354839,"CHR_133_1",1,NA,0,1,"no",17.74,11.60741442,18.61403456,77,-0.157054173547943,-1.42571858026568,-1.08665491345185,16.55,11.73463277,21.93833167,84.83333333,-0.578702317633627,-0.50589447430401,-0.16810517715307,-0.395446827692811,-0.696065404544717,0,"large","first","dist.10","dist.10","dist.10",0,-0.352791213337835,0.038580154548733,0.805857959623855,0.0628528876022267,-0.835711625452285,0.553081751767378,1.79200900661347
"2850-57648","2850-57881","2850-57648_2850-57881",2,"CHR",151,"CHR-151","0",10,10.38974716,0,19,0.293906810035842,"CHR_151_2",1,NA,0,3,"no",17.74,11.60741442,18.61403456,77,-0.157054173547943,-1.42571858026568,-1.08665491345185,16.55,11.73463277,21.93833167,84.83333333,-0.578702317633627,-0.50589447430401,-0.16810517715307,-0.143239473627819,-0.696065404544717,0,"large","second","dist.20","dist.20","dist.20",0,0.696291708892456,0.038580154548733,0.805857959623855,0.0628528876022267,-0.835711625452285,0.553081751767378,1.79200900661347
"2850-57649","2640-97588","2850-57649_2640-97588",1,"CHR",39,"CHR-39","0",10,7.176553384,0,-17,0.372759856630824,"CHR_39_1",1,NA,0,4,"no",17.01,14.39168328,23.55332004,73.5,-1.04779207805897,-0.519894914297499,-0.347422909026337,18.7,11.85018943,14.45612662,87,-0.319841925842042,-0.476208334764261,-1.69766351362466,-0.623251859613384,-0.696065404544717,0,"large","first","dist.10","dist.10","dist.10",0,1.67841189140593,-0.319841925842042,-1.2331033167923,-0.235554933708899,0.224690642671068,-0.0934822025987468,-1.95280566010936
"2850-57649","2640-97588","2850-57649_2640-97588",2,"CHR",39,"CHR-39","0",10,7.176553384,0,-18,0.172043010752688,"CHR_39_2",1,NA,0,3,"no",17.01,14.39168328,23.55332004,73.5,-1.04779207805897,-0.519894914297499,-0.347422909026337,18.7,11.85018943,14.45612662,87,-0.319841925842042,-0.476208334764261,-1.69766351362466,-0.623251859613384,-0.696065404544717,0,"large","second","dist.10","dist.10","dist.10",0,-0.821530391355633,-0.319841925842042,-1.2331033167923,-0.235554933708899,0.224690642671068,-0.0934822025987468,-1.95280566010936
"2850-57649","2640-97589","2850-57649_2640-97589",1,"CHR",39,"CHR-39","0",10,4.703666967,0,-15,0.372759856630824,"CHR_39_1",1,NA,0,4,"no",17.01,14.39168328,23.55332004,73.5,-1.04779207805897,-0.519894914297499,-0.347422909026337,16.1,11.8153556,16.91354271,99.66666667,1.19349574731726,-0.485157035237985,-1.19530341502793,-0.992671257273598,-0.696065404544717,0,"large","first","dist.05","dist.05","dist.10",0,1.67841189140593,-0.319841925842042,-1.2331033167923,-0.235554933708899,0.98818027510909,-0.478534822267752,-0.867541507603602
"2850-57649","2640-97589","2850-57649_2640-97589",2,"CHR",39,"CHR-39","0",10,4.703666967,0,-15,0.172043010752688,"CHR_39_2",1,NA,0,3,"no",17.01,14.39168328,23.55332004,73.5,-1.04779207805897,-0.519894914297499,-0.347422909026337,16.1,11.8153556,16.91354271,99.66666667,1.19349574731726,-0.485157035237985,-1.19530341502793,-0.992671257273598,-0.696065404544717,0,"large","second","dist.05","dist.05","dist.10",0,-0.821530391355633,-0.319841925842042,-1.2331033167923,-0.235554933708899,0.98818027510909,-0.478534822267752,-0.867541507603602
"2850-57649","2811-83208","2850-57649_2811-83208",1,"CHR",39,"CHR-39","0",10,21.28259696,10,0,0.336917562724014,"CHR_39_1",1,NA,0,4,"no",17.01,14.39168328,23.55332004,73.5,-1.04779207805897,-0.519894914297499,-0.347422909026337,16.9,18.73416916,21.00459455,87,-0.319841925842042,1.29226422972124,-0.358985457287731,1.48402087454497,2.23492465366671,0,"large","first","dist.20+","dist.20+","dist.20+",0,1.23199362662708,-0.319841925842042,-1.2331033167923,-0.235554933708899,-0.411550717693951,-0.159665267146272,1.94192717350385
"2850-57649","2811-83208","2850-57649_2811-83208",2,"CHR",39,"CHR-39","0",10,21.28259696,10,0,0.136200716845878,"CHR_39_2",1,NA,0,3,"no",17.01,14.39168328,23.55332004,73.5,-1.04779207805897,-0.519894914297499,-0.347422909026337,16.9,18.73416916,21.00459455,87,-0.319841925842042,1.29226422972124,-0.358985457287731,1.48402087454497,2.23492465366671,0,"large","second","dist.20+","dist.20+","dist.20+",0,-1.26794865613448,-0.319841925842042,-1.2331033167923,-0.235554933708899,-0.411550717693951,-0.159665267146272,1.94192717350385
"2850-57649","2850-57567","2850-57649_2850-57567",1,"CHR",39,"CHR-39","0",10,4.29802041,9,-2,0.340501792114695,"CHR_39_1",1,NA,0,4,"no",17.01,14.39168328,23.55332004,73.5,-1.04779207805897,-0.519894914297499,-0.347422909026337,16.6,10.56012296,26.35612994,102.1666667,1.49218081789379,-0.807622320284185,0.735008293751907,-1.05326995914672,1.94182564784557,0,"large","first","dist.05","dist.05","dist.10",0,1.27663545310496,-0.319841925842042,-1.2331033167923,-0.235554933708899,-1.17504035013197,0.922800644787313,-0.818227574717981
"2850-57649","2850-57567","2850-57649_2850-57567",2,"CHR",39,"CHR-39","0",0,4.29802041,0,-51,0.172043010752688,"CHR_39_2",1,NA,0,3,"no",17.01,14.39168328,23.55332004,73.5,-1.04779207805897,-0.519894914297499,-0.347422909026337,16.6,10.56012296,26.35612994,102.1666667,1.49218081789379,-0.807622320284185,0.735008293751907,-1.05326995914672,-0.696065404544717,0,"large","second","dist.05","dist.05","dist.10",0,-0.821530391355633,-0.319841925842042,-1.2331033167923,-0.235554933708899,-1.17504035013197,0.922800644787313,-0.818227574717981
"2850-57649","2850-57570","2850-57649_2850-57570",2,"CHR",39,"CHR-39","0",10,3.847179517,0,-19,0.172043010752688,"CHR_39_2",1,NA,0,3,"no",17.01,14.39168328,23.55332004,73.5,-1.04779207805897,-0.519894914297499,-0.347422909026337,16.51,16.84077767,23.06811898,90,0.038580154548733,0.805857959623855,0.0628528876022267,-1.12062014959126,-0.696065404544717,0,"large","second","dist.05","dist.05","dist.10",0,-0.821530391355633,-0.319841925842042,-1.2331033167923,-0.235554933708899,-0.157054173547943,-1.42571858026568,-1.08665491345185
"2850-57649","2850-57570","2850-57649_2850-57570",1,"CHR",39,"CHR-39","0",0,1.586490482,0,10,0.372759856630824,"CHR_39_1",1,NA,0,4,"no",17.01,14.39168328,23.55332004,73.5,-1.04779207805897,-0.519894914297499,-0.347422909026337,16.51,16.84077767,23.06811898,90,0.038580154548733,0.805857959623855,0.0628528876022267,-1.45833981834171,-0.696065404544717,0,"large","first","dist.05","dist.05","dist.10",0,1.67841189140593,-0.319841925842042,-1.2331033167923,-0.235554933708899,-0.157054173547943,-1.42571858026568,-1.08665491345185
"2850-57649","2850-57577","2850-57649_2850-57577",2,"CHR",39,"CHR-39","0",10,8.922176166,0,10,0.172043010752688,"CHR_39_2",1,NA,0,3,"no",17.01,14.39168328,23.55332004,73.5,-1.04779207805897,-0.519894914297499,-0.347422909026337,18.2,20.92472416,28.83623131,90.83333333,0.138141843147924,1.85501086327307,1.24200585669334,-0.362476875273137,-0.696065404544717,0,"large","second","dist.10","dist.10","dist.10",0,-0.821530391355633,-0.319841925842042,-1.2331033167923,-0.235554933708899,-0.666047261839958,0.264789915692027,-0.462001728113777
"2850-57649","2850-57577","2850-57649_2850-57577",1,"CHR",39,"CHR-39","0",0,8.922176166,0,10,0.372759856630824,"CHR_39_1",1,NA,0,4,"no",17.01,14.39168328,23.55332004,73.5,-1.04779207805897,-0.519894914297499,-0.347422909026337,18.2,20.92472416,28.83623131,90.83333333,0.138141843147924,1.85501086327307,1.24200585669334,-0.362476875273137,-0.696065404544717,0,"large","first","dist.10","dist.10","dist.10",0,1.67841189140593,-0.319841925842042,-1.2331033167923,-0.235554933708899,-0.666047261839958,0.264789915692027,-0.462001728113777
"2850-57649","2850-57578","2850-57649_2850-57578",1,"CHR",39,"CHR-39","0",4,2.738914154,4,6,0.3584229390681,"CHR_39_1",1,NA,0,4,"no",17.01,14.39168328,23.55332004,73.5,-1.04779207805897,-0.519894914297499,-0.347422909026337,17.2,10.81633932,15.67680791,91.5,0.217791194744121,-0.741801149826969,-1.44812434290995,-1.28618162464834,0.476330618739855,0,"large","first","dist.05","dist.05","dist.10",0,1.49984458549439,-0.319841925842042,-1.2331033167923,-0.235554933708899,0.0550262790587415,1.59216462744548,-0.0904874492207969
"2850-57649","2850-57578","2850-57649_2850-57578",2,"CHR",39,"CHR-39","0",10,2.738914154,3,7,0.161290322580645,"CHR_39_2",1,NA,0,3,"no",17.01,14.39168328,23.55332004,73.5,-1.04779207805897,-0.519894914297499,-0.347422909026337,17.2,10.81633932,15.67680791,91.5,0.217791194744121,-0.741801149826969,-1.44812434290995,-1.28618162464834,0.183231612918712,0,"large","second","dist.05","dist.05","dist.10",0,-0.955455870789288,-0.319841925842042,-1.2331033167923,-0.235554933708899,0.0550262790587415,1.59216462744548,-0.0904874492207969
"2850-57649","2850-57579","2850-57649_2850-57579",1,"CHR",39,"CHR-39","0",10,10.33583306,3,-7,0.362007168458781,"CHR_39_1",1,NA,0,4,"no",17.01,14.39168328,23.55332004,73.5,-1.04779207805897,-0.519894914297499,-0.347422909026337,16.3,11.31949153,24.77905949,93.5,0.456739248337971,-0.612542942504321,0.412613860843324,-0.151293589745111,0.183231612918712,0,"large","first","dist.20","dist.20","dist.20",0,1.54448641197227,-0.319841925842042,-1.2331033167923,-0.235554933708899,0.394355006283394,0.252942547897877,-0.257226498974273
"2850-57649","2850-57579","2850-57649_2850-57579",2,"CHR",39,"CHR-39","0",10,11.69684807,0,-31,0.172043010752688,"CHR_39_2",1,NA,0,3,"no",17.01,14.39168328,23.55332004,73.5,-1.04779207805897,-0.519894914297499,-0.347422909026337,16.3,11.31949153,24.77905949,93.5,0.456739248337971,-0.612542942504321,0.412613860843324,0.0520256333879383,-0.696065404544717,0,"large","second","dist.20","dist.20","dist.20",0,-0.821530391355633,-0.319841925842042,-1.2331033167923,-0.235554933708899,0.394355006283394,0.252942547897877,-0.257226498974273
"2850-57649","2850-57580","2850-57649_2850-57580",1,"CHR",39,"CHR-39","0",9,16.1553589,9,1,0.340501792114695,"CHR_39_1",1,NA,0,4,"no",17.01,14.39168328,23.55332004,73.5,-1.04779207805897,-0.519894914297499,-0.347422909026337,16.2,9.142844799,27.48113161,87.83333333,-0.220280237242851,-1.17171658585126,0.964988048569367,0.718073363666744,1.94182564784557,0,"large","first","dist.20","dist.20","dist.20",0,1.27663545310496,-0.319841925842042,-1.2331033167923,-0.235554933708899,0.564019367350756,0.594981908524202,0.613110506001452
"2850-57649","2850-57580","2850-57649_2850-57580",2,"CHR",39,"CHR-39","0",0,16.1553589,0,-48,0.172043010752688,"CHR_39_2",1,NA,0,3,"no",17.01,14.39168328,23.55332004,73.5,-1.04779207805897,-0.519894914297499,-0.347422909026337,16.2,9.142844799,27.48113161,87.83333333,-0.220280237242851,-1.17171658585126,0.964988048569367,0.718073363666744,-0.696065404544717,0,"large","second","dist.20","dist.20","dist.20",0,-0.821530391355633,-0.319841925842042,-1.2331033167923,-0.235554933708899,0.564019367350756,0.594981908524202,0.613110506001452
"2850-57649","2850-57581","2850-57649_2850-57581",1,"CHR",39,"CHR-39","0",10,15.25649999,0,-9,0.372759856630824,"CHR_39_1",1,NA,0,4,"no",17.01,14.39168328,23.55332004,73.5,-1.04779207805897,-0.519894914297499,-0.347422909026337,15.5,12.5018158,18.94245264,82.5,-0.857475046428205,-0.308807586528723,-0.780541178943333,0.583794686396741,-0.696065404544717,0,"large","first","dist.20","dist.20","dist.20",0,1.67841189140593,-0.319841925842042,-1.2331033167923,-0.235554933708899,-0.920543805985966,0.0923616887128494,-0.0652425713766268
"2850-57649","2850-57581","2850-57649_2850-57581",2,"CHR",39,"CHR-39","0",10,17.22533064,1,-9,0.168458781362007,"CHR_39_2",1,NA,0,3,"no",17.01,14.39168328,23.55332004,73.5,-1.04779207805897,-0.519894914297499,-0.347422909026337,15.5,12.5018158,18.94245264,82.5,-0.857475046428205,-0.308807586528723,-0.780541178943333,0.877914233424027,-0.402966398723574,0,"large","second","dist.20","dist.20","dist.20",0,-0.866172217833518,-0.319841925842042,-1.2331033167923,-0.235554933708899,-0.920543805985966,0.0923616887128494,-0.0652425713766268
"2850-57649","2850-57589","2850-57649_2850-57589",1,"CHR",39,"CHR-39","0",10,10.40756867,8,-3,0.344086021505376,"CHR_39_1",1,NA,0,4,"no",17.01,14.39168328,23.55332004,73.5,-1.04779207805897,-0.519894914297499,-0.347422909026337,17.5,12.65077601,16.92662014,97,0.874898342127209,-0.270540180912031,-1.19263004642303,-0.140577155033509,1.64872664202443,0,"large","first","dist.20","dist.20","dist.20",0,1.32127727958285,-0.319841925842042,-1.2331033167923,-0.235554933708899,0.394355006283394,-0.220209818057244,-0.7238327207249
"2850-57649","2850-57589","2850-57649_2850-57589",2,"CHR",39,"CHR-39","0",10,11.955467465,9,1,0.139784946236559,"CHR_39_2",1,NA,0,3,"no",17.01,14.39168328,23.55332004,73.5,-1.04779207805897,-0.519894914297499,-0.347422909026337,17.5,12.65077601,16.92662014,97,0.874898342127209,-0.270540180912031,-1.19263004642303,0.0906602510021402,1.94182564784557,0,"large","second","dist.20","dist.20","dist.20",0,-1.2233068296566,-0.319841925842042,-1.2331033167923,-0.235554933708899,0.394355006283394,-0.220209818057244,-0.7238327207249
"2850-57649","2850-57647","2850-57649_2850-57647",1,"CHR",39,"CHR-39","0",5,4.669147474,5,5,0.354838709677419,"CHR_39_1",1,NA,0,4,"no",17.01,14.39168328,23.55332004,73.5,-1.04779207805897,-0.519894914297499,-0.347422909026337,15.8,12.89783981,28.1838767,85.83333333,-0.459228290836701,-0.207070274097309,1.10864751842364,-0.99782805308271,0.769429624560999,0,"large","first","dist.05","dist.05","dist.10",0,1.4552027590165,-0.319841925842042,-1.2331033167923,-0.235554933708899,2.30307908737845,-0.324477446700752,0.908946604529733
"2850-57649","2850-57647","2850-57649_2850-57647",2,"CHR",39,"CHR-39","0",10,4.669147474,0,10,0.172043010752688,"CHR_39_2",1,NA,0,3,"no",17.01,14.39168328,23.55332004,73.5,-1.04779207805897,-0.519894914297499,-0.347422909026337,15.8,12.89783981,28.1838767,85.83333333,-0.459228290836701,-0.207070274097309,1.10864751842364,-0.99782805308271,-0.696065404544717,0,"large","second","dist.05","dist.05","dist.10",0,-0.821530391355633,-0.319841925842042,-1.2331033167923,-0.235554933708899,2.30307908737845,-0.324477446700752,0.908946604529733
"2850-57649","2850-57653","2850-57649_2850-57653",1,"CHR",39,"CHR-39","0",10,8.110510173,10,0,0.336917562724014,"CHR_39_1",1,NA,0,4,"no",17.01,14.39168328,23.55332004,73.5,-1.04779207805897,-0.519894914297499,-0.347422909026337,16.37,8.467490861,27.15053506,78,-1.39510816701437,-1.34521287106915,0.897405470214174,-0.483729982643551,2.23492465366671,0,"large","first","dist.10","dist.10","dist.10",0,1.23199362662708,-0.319841925842042,-1.2331033167923,-0.235554933708899,0.182274551131745,-1.12841701146077,0.110874711490428
"2850-57649","2850-57653","2850-57649_2850-57653",2,"CHR",39,"CHR-39","0",10,10.27751357,0,-16,0.172043010752688,"CHR_39_2",1,NA,0,3,"no",17.01,14.39168328,23.55332004,73.5,-1.04779207805897,-0.519894914297499,-0.347422909026337,16.37,8.467490861,27.15053506,78,-1.39510816701437,-1.34521287106915,0.897405470214174,-0.160005817981532,-0.696065404544717,0,"large","second","dist.20","dist.20","dist.20",0,-0.821530391355633,-0.319841925842042,-1.2331033167923,-0.235554933708899,0.182274551131745,-1.12841701146077,0.110874711490428
"2850-57649","2850-57671","2850-57649_2850-57671",1,"CHR",39,"CHR-39","0",6,21.04846256,6,4,0.351254480286738,"CHR_39_1",1,NA,0,4,"no",17.01,14.39168328,23.55332004,73.5,-1.04779207805897,-0.519894914297499,-0.347422909026337,17.53,16.28350449,28.84180791,75.83333333,-1.65396855880595,0.662696246718346,1.24314585953504,1.44904401979542,1.06252863038214,0,"large","first","dist.20+","dist.20+","dist.20+",0,1.41056093253862,-0.319841925842042,-1.2331033167923,-0.235554933708899,0.606435458890079,1.16785270969026,0.187430780520441
"2850-57649","2850-57671","2850-57649_2850-57671",2,"CHR",39,"CHR-39","0",0,21.04846256,0,-45,0.172043010752688,"CHR_39_2",1,NA,0,3,"no",17.01,14.39168328,23.55332004,73.5,-1.04779207805897,-0.519894914297499,-0.347422909026337,17.53,16.28350449,28.84180791,75.83333333,-1.65396855880595,0.662696246718346,1.24314585953504,1.44904401979542,-0.696065404544717,0,"large","second","dist.20+","dist.20+","dist.20+",0,-0.821530391355633,-0.319841925842042,-1.2331033167923,-0.235554933708899,0.606435458890079,1.16785270969026,0.187430780520441
"2850-57649","2850-57731","2850-57649_2850-57731",1,"CHR",39,"CHR-39","0",10,5.510588776,0,-18,0.372759856630824,"CHR_39_1",1,NA,0,4,"no",17.01,14.39168328,23.55332004,73.5,-1.04779207805897,-0.519894914297499,-0.347422909026337,15.9,10.9634214,23.24545364,91,0.158054181345658,-0.704016229851986,0.0991047285683272,-0.872126873758684,-0.696065404544717,0,"large","first","dist.10","dist.10","dist.10",0,1.67841189140593,-0.319841925842042,-1.2331033167923,-0.235554933708899,-1.17504035013197,-0.720064302121302,-0.918055636034195
"2850-57649","2850-57731","2850-57649_2850-57731",2,"CHR",39,"CHR-39","0",10,2.463062007,0,-18,0.172043010752688,"CHR_39_2",1,NA,0,3,"no",17.01,14.39168328,23.55332004,73.5,-1.04779207805897,-0.519894914297499,-0.347422909026337,15.9,10.9634214,23.24545364,91,0.158054181345658,-0.704016229851986,0.0991047285683272,-1.32739060751446,-0.696065404544717,0,"large","second","dist.05","dist.05","dist.10",0,-0.821530391355633,-0.319841925842042,-1.2331033167923,-0.235554933708899,-1.17504035013197,-0.720064302121302,-0.918055636034195
"2850-57649","2850-57733","2850-57649_2850-57733",2,"CHR",39,"CHR-39","0",10,13.61036262,0,22,0.172043010752688,"CHR_39_2",1,NA,0,3,"no",17.01,14.39168328,23.55332004,73.5,-1.04779207805897,-0.519894914297499,-0.347422909026337,15.66,14.84394317,20.45213858,102,1.47226847611183,0.292877508261001,-0.471921901664779,0.337881622411738,-0.696065404544717,0,"large","second","dist.20","dist.20","dist.20",0,-0.821530391355633,-0.319841925842042,-1.2331033167923,-0.235554933708899,0.606435458890079,-1.12204057333336,-0.450386497816471
"2850-57649","2850-57733","2850-57649_2850-57733",1,"CHR",39,"CHR-39","0",0,13.61036262,0,25,0.372759856630824,"CHR_39_1",1,NA,0,4,"no",17.01,14.39168328,23.55332004,73.5,-1.04779207805897,-0.519894914297499,-0.347422909026337,15.66,14.84394317,20.45213858,102,1.47226847611183,0.292877508261001,-0.471921901664779,0.337881622411738,-0.696065404544717,0,"large","first","dist.20","dist.20","dist.20",0,1.67841189140593,-0.319841925842042,-1.2331033167923,-0.235554933708899,0.606435458890079,-1.12204057333336,-0.450386497816471
"2850-57649","2850-57742","2850-57649_2850-57742",1,"CHR",39,"CHR-39","0",10,6.83427215,0,-10,0.372759856630824,"CHR_39_1",1,NA,0,4,"no",17.01,14.39168328,23.55332004,73.5,-1.04779207805897,-0.519894914297499,-0.347422909026337,16.98,13.00562645,26.1463443,93,0.397002234939508,-0.179380228057897,0.692122624034258,-0.674384546673097,-0.696065404544717,0,"large","first","dist.10","dist.10","dist.10",0,1.67841189140593,-0.319841925842042,-1.2331033167923,-0.235554933708899,0.564019367350756,-0.96234197733198,-0.610003960994292
"2850-57649","2850-57742","2850-57649_2850-57742",2,"CHR",39,"CHR-39","0",10,8.883945424,0,-13,0.172043010752688,"CHR_39_2",1,NA,0,3,"no",17.01,14.39168328,23.55332004,73.5,-1.04779207805897,-0.519894914297499,-0.347422909026337,16.98,13.00562645,26.1463443,93,0.397002234939508,-0.179380228057897,0.692122624034258,-0.368188086910134,-0.696065404544717,0,"large","second","dist.10","dist.10","dist.10",0,-0.821530391355633,-0.319841925842042,-1.2331033167923,-0.235554933708899,0.564019367350756,-0.96234197733198,-0.610003960994292
"2850-57649","2850-57744","2850-57649_2850-57744",1,"CHR",39,"CHR-39","0",2,18.19585314,2,8,0.365591397849462,"CHR_39_1",1,NA,0,4,"no",17.01,14.39168328,23.55332004,73.5,-1.04779207805897,-0.519894914297499,-0.347422909026337,14.77,24.63866733,20.45419575,84.5,-0.618526992834355,2.80911108724386,-0.47150136233152,1.02289858648648,-0.109867392902431,0,"large","first","dist.20","dist.20","dist.20",0,1.58912823845016,-0.319841925842042,-1.2331033167923,-0.235554933708899,-0.411550717693951,1.14723185861105,0.256764043881684
"2850-57649","2850-57744","2850-57649_2850-57744",2,"CHR",39,"CHR-39","0",10,18.19585314,0,11,0.172043010752688,"CHR_39_2",1,NA,0,3,"no",17.01,14.39168328,23.55332004,73.5,-1.04779207805897,-0.519894914297499,-0.347422909026337,14.77,24.63866733,20.45419575,84.5,-0.618526992834355,2.80911108724386,-0.47150136233152,1.02289858648648,-0.696065404544717,0,"large","second","dist.20","dist.20","dist.20",0,-0.821530391355633,-0.319841925842042,-1.2331033167923,-0.235554933708899,-0.411550717693951,1.14723185861105,0.256764043881684
"2850-57649","2850-57806","2850-57649_2850-57806",1,"CHR",39,"CHR-39","0",10,2.998408922,0,-13,0.372759856630824,"CHR_39_1",1,NA,0,4,"no",17.01,14.39168328,23.55332004,73.5,-1.04779207805897,-0.519894914297499,-0.347422909026337,15.88,11.25502825,14.26422898,83.83333333,-0.698176344430552,-0.62910335473214,-1.73689240845576,-1.24741623686848,-0.696065404544717,0,"large","first","dist.05","dist.05","dist.10",0,1.67841189140593,-0.319841925842042,-1.2331033167923,-0.235554933708899,0.224690642671068,-0.312822534834813,0.766781208645738
"2850-57649","2850-57806","2850-57649_2850-57806",2,"CHR",39,"CHR-39","0",10,4.115009989,0,-10,0.172043010752688,"CHR_39_2",1,NA,0,3,"no",17.01,14.39168328,23.55332004,73.5,-1.04779207805897,-0.519894914297499,-0.347422909026337,15.88,11.25502825,14.26422898,83.83333333,-0.698176344430552,-0.62910335473214,-1.73689240845576,-1.0806095081962,-0.696065404544717,0,"large","second","dist.05","dist.05","dist.10",0,-0.821530391355633,-0.319841925842042,-1.2331033167923,-0.235554933708899,0.224690642671068,-0.312822534834813,0.766781208645738
"2850-57649","2850-57808","2850-57649_2850-57808",1,"CHR",39,"CHR-39","0",10,5.45933273,0,-13,0.372759856630824,"CHR_39_1",1,NA,0,4,"no",17.01,14.39168328,23.55332004,73.5,-1.04779207805897,-0.519894914297499,-0.347422909026337,17.44,11.46748421,15.37756564,100,1.23332042251798,-0.574524092276724,-1.50929728666711,-0.879783908675287,-0.696065404544717,0,"large","first","dist.10","dist.10","dist.10",0,1.67841189140593,-0.319841925842042,-1.2331033167923,-0.235554933708899,0.564019367350756,-2.00209196155345,-1.05591017852521
"2850-57649","2850-57808","2850-57649_2850-57808",2,"CHR",39,"CHR-39","0",10,6.422664264,0,-14,0.172043010752688,"CHR_39_2",1,NA,0,3,"no",17.01,14.39168328,23.55332004,73.5,-1.04779207805897,-0.519894914297499,-0.347422909026337,17.44,11.46748421,15.37756564,100,1.23332042251798,-0.574524092276724,-1.50929728666711,-0.735873799181015,-0.696065404544717,0,"large","second","dist.10","dist.10","dist.10",0,-0.821530391355633,-0.319841925842042,-1.2331033167923,-0.235554933708899,0.564019367350756,-2.00209196155345,-1.05591017852521
"2850-57649","2850-57881","2850-57649_2850-57881",1,"CHR",39,"CHR-39","0",10,7.116624586,4,-8,0.3584229390681,"CHR_39_1",1,NA,0,4,"no",17.01,14.39168328,23.55332004,73.5,-1.04779207805897,-0.519894914297499,-0.347422909026337,16.55,11.73463277,21.93833167,84.83333333,-0.578702317633627,-0.50589447430401,-0.16810517715307,-0.632204499050224,0.476330618739855,0,"large","first","dist.10","dist.10","dist.10",0,1.49984458549439,-0.319841925842042,-1.2331033167923,-0.235554933708899,-0.835711625452285,0.553081751767378,1.79200900661347
"2850-57649","2850-57881","2850-57649_2850-57881",2,"CHR",39,"CHR-39","0",10,7.680677819,10,0,0.136200716845878,"CHR_39_2",1,NA,0,3,"no",17.01,14.39168328,23.55332004,73.5,-1.04779207805897,-0.519894914297499,-0.347422909026337,16.55,11.73463277,21.93833167,84.83333333,-0.578702317633627,-0.50589447430401,-0.16810517715307,-0.547941750809671,2.23492465366671,0,"large","second","dist.10","dist.10","dist.10",0,-1.26794865613448,-0.319841925842042,-1.2331033167923,-0.235554933708899,-0.835711625452285,0.553081751767378,1.79200900661347
"2850-57650","2640-97588","2850-57650_2640-97588",1,"CHR",25,"CHR-25","0",12,13.53847398,2,-9,0.281524926686217,"CHR_25_1",1,NA,0,4,"no",16.49,17.68973745,37.8482436,74.33333333,-0.835711625452285,0.553081751767378,1.79200900661347,18.7,11.85018943,14.45612662,87,-0.319841925842042,-0.476208334764261,-1.69766351362466,0.327142326864298,-0.109867392902431,0,"large","first","dist.20","dist.20","dist.20",0,0.542074490150675,-0.578702317633627,-0.50589447430401,-0.16810517715307,0.224690642671068,-0.0934822025987468,-1.95280566010936
"2850-57650","2640-97588","2850-57650_2640-97588",2,"CHR",95,"CHR-95","0",10,14.24642123,0,-18,0.172043010752688,"CHR_95_2",1,NA,0,3,"no",16.49,17.68973745,37.8482436,74.33333333,-0.835711625452285,0.553081751767378,1.79200900661347,18.7,11.85018943,14.45612662,87,-0.319841925842042,-0.476208334764261,-1.69766351362466,0.432901105299209,-0.696065404544717,0,"large","second","dist.20","dist.20","dist.20",0,-0.821530391355633,-0.578702317633627,-0.50589447430401,-0.16810517715307,0.224690642671068,-0.0934822025987468,-1.95280566010936
"2850-57650","2640-97589","2850-57650_2640-97589",1,"CHR",25,"CHR-25","0",12,6.340652122,4,-7,0.275659824046921,"CHR_25_1",1,NA,0,4,"no",16.49,17.68973745,37.8482436,74.33333333,-0.835711625452285,0.553081751767378,1.79200900661347,16.1,11.8153556,16.91354271,99.66666667,1.19349574731726,-0.485157035237985,-1.19530341502793,-0.748125423796762,0.476330618739855,0,"large","first","dist.10","dist.10","dist.10",0,0.469024228641411,-0.578702317633627,-0.50589447430401,-0.16810517715307,0.98818027510909,-0.478534822267752,-0.867541507603602
"2850-57650","2640-97589","2850-57650_2640-97589",2,"CHR",95,"CHR-95","0",10,6.419982592,0,-15,0.172043010752688,"CHR_95_2",1,NA,0,3,"no",16.49,17.68973745,37.8482436,74.33333333,-0.835711625452285,0.553081751767378,1.79200900661347,16.1,11.8153556,16.91354271,99.66666667,1.19349574731726,-0.485157035237985,-1.19530341502793,-0.736274408625974,-0.696065404544717,0,"large","second","dist.10","dist.10","dist.10",0,-0.821530391355633,-0.578702317633627,-0.50589447430401,-0.16810517715307,0.98818027510909,-0.478534822267752,-0.867541507603602
"2850-57650","2811-83208","2850-57650_2811-83208",1,"CHR",25,"CHR-25","0",4,18.2811172,4,8,0.275659824046921,"CHR_25_1",1,NA,0,4,"no",16.49,17.68973745,37.8482436,74.33333333,-0.835711625452285,0.553081751767378,1.79200900661347,16.9,18.73416916,21.00459455,87,-0.319841925842042,1.29226422972124,-0.358985457287731,1.03563600842011,0.476330618739855,0,"large","first","dist.20","dist.20","dist.20",0,0.469024228641411,-0.578702317633627,-0.50589447430401,-0.16810517715307,-0.411550717693951,-0.159665267146272,1.94192717350385
"2850-57650","2811-83208","2850-57650_2811-83208",2,"CHR",95,"CHR-95","0",10,17.57294798,10,0,0.136200716845878,"CHR_95_2",1,NA,0,3,"no",16.49,17.68973745,37.8482436,74.33333333,-0.835711625452285,0.553081751767378,1.79200900661347,16.9,18.73416916,21.00459455,87,-0.319841925842042,1.29226422972124,-0.358985457287731,0.929844070345059,2.23492465366671,0,"large","second","dist.20","dist.20","dist.20",0,-1.26794865613448,-0.578702317633627,-0.50589447430401,-0.16810517715307,-0.411550717693951,-0.159665267146272,1.94192717350385
"2850-57650","2850-57567","2850-57650_2850-57567",1,"CHR",25,"CHR-25","0",6,11.31385671,6,6,0.269794721407625,"CHR_25_1",1,NA,0,4,"no",16.49,17.68973745,37.8482436,74.33333333,-0.835711625452285,0.553081751767378,1.79200900661347,16.6,10.56012296,26.35612994,102.1666667,1.49218081789379,-0.807622320284185,0.735008293751907,-0.00518865536694473,1.06252863038214,0,"large","first","dist.20","dist.20","dist.20",0,0.395973967132147,-0.578702317633627,-0.50589447430401,-0.16810517715307,-1.17504035013197,0.922800644787313,-0.818227574717981
"2850-57650","2850-57567","2850-57650_2850-57567",2,"CHR",95,"CHR-95","0",0,11.92499837,0,-51,0.172043010752688,"CHR_95_2",1,NA,0,3,"no",16.49,17.68973745,37.8482436,74.33333333,-0.835711625452285,0.553081751767378,1.79200900661347,16.6,10.56012296,26.35612994,102.1666667,1.49218081789379,-0.807622320284185,0.735008293751907,0.0861085357900009,-0.696065404544717,0,"large","second","dist.20","dist.20","dist.20",0,-0.821530391355633,-0.578702317633627,-0.50589447430401,-0.16810517715307,-1.17504035013197,0.922800644787313,-0.818227574717981
"2850-57650","2850-57570","2850-57650_2850-57570",2,"CHR",95,"CHR-95","0",10,11.06313433,0,-19,0.172043010752688,"CHR_95_2",1,NA,0,3,"no",16.49,17.68973745,37.8482436,74.33333333,-0.835711625452285,0.553081751767378,1.79200900661347,16.51,16.84077767,23.06811898,90,0.038580154548733,0.805857959623855,0.0628528876022267,-0.0426435542101757,-0.696065404544717,0,"large","second","dist.20","dist.20","dist.20",0,-0.821530391355633,-0.578702317633627,-0.50589447430401,-0.16810517715307,-0.157054173547943,-1.42571858026568,-1.08665491345185
"2850-57650","2850-57570","2850-57650_2850-57570",1,"CHR",25,"CHR-25","0",0,8.701475932,0,18,0.287390029325513,"CHR_25_1",1,NA,0,4,"no",16.49,17.68973745,37.8482436,74.33333333,-0.835711625452285,0.553081751767378,1.79200900661347,16.51,16.84077767,23.06811898,90,0.038580154548733,0.805857959623855,0.0628528876022267,-0.395446827692811,-0.696065404544717,0,"large","first","dist.10","dist.10","dist.10",0,0.615124751659939,-0.578702317633627,-0.50589447430401,-0.16810517715307,-0.157054173547943,-1.42571858026568,-1.08665491345185
"2850-57650","2850-57577","2850-57650_2850-57577",2,"CHR",95,"CHR-95","0",10,12.74572561,0,10,0.172043010752688,"CHR_95_2",1,NA,0,3,"no",16.49,17.68973745,37.8482436,74.33333333,-0.835711625452285,0.553081751767378,1.79200900661347,18.2,20.92472416,28.83623131,90.83333333,0.138141843147924,1.85501086327307,1.24200585669334,0.208715284146826,-0.696065404544717,0,"large","second","dist.20","dist.20","dist.20",0,-0.821530391355633,-0.578702317633627,-0.50589447430401,-0.16810517715307,-0.666047261839958,0.264789915692027,-0.462001728113777
"2850-57650","2850-57577","2850-57650_2850-57577",1,"CHR",25,"CHR-25","0",0,11.9443778,0,18,0.287390029325513,"CHR_25_1",1,NA,0,4,"no",16.49,17.68973745,37.8482436,74.33333333,-0.835711625452285,0.553081751767378,1.79200900661347,18.2,20.92472416,28.83623131,90.83333333,0.138141843147924,1.85501086327307,1.24200585669334,0.0890035888374769,-0.696065404544717,0,"large","first","dist.20","dist.20","dist.20",0,0.615124751659939,-0.578702317633627,-0.50589447430401,-0.16810517715307,-0.666047261839958,0.264789915692027,-0.462001728113777
"2850-57650","2850-57578","2850-57650_2850-57578",2,"CHR",95,"CHR-95","0",10,5.443176722,3,7,0.161290322580645,"CHR_95_2",1,NA,0,3,"no",16.49,17.68973745,37.8482436,74.33333333,-0.835711625452285,0.553081751767378,1.79200900661347,17.2,10.81633932,15.67680791,91.5,0.217791194744121,-0.741801149826969,-1.44812434290995,-0.882197421363506,0.183231612918712,0,"large","second","dist.10","dist.10","dist.10",0,-0.955455870789288,-0.578702317633627,-0.50589447430401,-0.16810517715307,0.0550262790587415,1.59216462744548,-0.0904874492207969
"2850-57650","2850-57578","2850-57650_2850-57578",1,"CHR",25,"CHR-25","0",0,5.053284364,0,14,0.287390029325513,"CHR_25_1",1,NA,0,4,"no",16.49,17.68973745,37.8482436,74.33333333,-0.835711625452285,0.553081751767378,1.79200900661347,17.2,10.81633932,15.67680791,91.5,0.217791194744121,-0.741801149826969,-1.44812434290995,-0.940442635965565,-0.696065404544717,0,"large","first","dist.10","dist.10","dist.10",0,0.615124751659939,-0.578702317633627,-0.50589447430401,-0.16810517715307,0.0550262790587415,1.59216462744548,-0.0904874492207969
"2850-57650","2850-57579","2850-57650_2850-57579",1,"CHR",25,"CHR-25","0",11,7.88623328,11,1,0.258064516129032,"CHR_25_1",1,NA,0,4,"no",16.49,17.68973745,37.8482436,74.33333333,-0.835711625452285,0.553081751767378,1.79200900661347,16.3,11.31949153,24.77905949,93.5,0.456739248337971,-0.612542942504321,0.412613860843324,-0.517234244768811,2.52802365948786,0,"large","first","dist.10","dist.10","dist.10",0,0.249873444113606,-0.578702317633627,-0.50589447430401,-0.16810517715307,0.394355006283394,0.252942547897877,-0.257226498974273
"2850-57650","2850-57579","2850-57650_2850-57579",2,"CHR",95,"CHR-95","0",10,7.527135405,0,-31,0.172043010752688,"CHR_95_2",1,NA,0,3,"no",16.49,17.68973745,37.8482436,74.33333333,-0.835711625452285,0.553081751767378,1.79200900661347,16.3,11.31949153,24.77905949,93.5,0.456739248337971,-0.612542942504321,0.412613860843324,-0.570879135117029,-0.696065404544717,0,"large","second","dist.10","dist.10","dist.10",0,-0.821530391355633,-0.578702317633627,-0.50589447430401,-0.16810517715307,0.394355006283394,0.252942547897877,-0.257226498974273
"2850-57650","2850-57580","2850-57650_2850-57580",1,"CHR",25,"CHR-25","0",3,13.26934274,3,9,0.278592375366569,"CHR_25_1",1,NA,0,4,"no",16.49,17.68973745,37.8482436,74.33333333,-0.835711625452285,0.553081751767378,1.79200900661347,16.2,9.142844799,27.48113161,87.83333333,-0.220280237242851,-1.17171658585126,0.964988048569367,0.28693736642258,0.183231612918712,0,"large","first","dist.20","dist.20","dist.20",0,0.505549359396043,-0.578702317633627,-0.50589447430401,-0.16810517715307,0.564019367350756,0.594981908524202,0.613110506001452
"2850-57650","2850-57580","2850-57650_2850-57580",2,"CHR",95,"CHR-95","0",0,12.59715536,0,-48,0.172043010752688,"CHR_95_2",1,NA,0,3,"no",16.49,17.68973745,37.8482436,74.33333333,-0.835711625452285,0.553081751767378,1.79200900661347,16.2,9.142844799,27.48113161,87.83333333,-0.220280237242851,-1.17171658585126,0.964988048569367,0.186520681156604,-0.696065404544717,0,"large","second","dist.20","dist.20","dist.20",0,-0.821530391355633,-0.578702317633627,-0.50589447430401,-0.16810517715307,0.564019367350756,0.594981908524202,0.613110506001452
"2850-57650","2850-57581","2850-57650_2850-57581",1,"CHR",25,"CHR-25","0",12,14.78665518,8,-1,0.263929618768328,"CHR_25_1",1,NA,0,4,"no",16.49,17.68973745,37.8482436,74.33333333,-0.835711625452285,0.553081751767378,1.79200900661347,15.5,12.5018158,18.94245264,82.5,-0.857475046428205,-0.308807586528723,-0.780541178943333,0.513605540016721,1.64872664202443,0,"large","first","dist.20","dist.20","dist.20",0,0.32292370562287,-0.578702317633627,-0.50589447430401,-0.16810517715307,-0.920543805985966,0.0923616887128494,-0.0652425713766268
"2850-57650","2850-57581","2850-57650_2850-57581",2,"CHR",95,"CHR-95","0",10,15.86744581,1,-9,0.168458781362007,"CHR_95_2",1,NA,0,3,"no",16.49,17.68973745,37.8482436,74.33333333,-0.835711625452285,0.553081751767378,1.79200900661347,15.5,12.5018158,18.94245264,82.5,-0.857475046428205,-0.308807586528723,-0.780541178943333,0.675062621420311,-0.402966398723574,0,"large","second","dist.20","dist.20","dist.20",0,-0.866172217833518,-0.578702317633627,-0.50589447430401,-0.16810517715307,-0.920543805985966,0.0923616887128494,-0.0652425713766268
"2850-57650","2850-57589","2850-57650_2850-57589",1,"CHR",25,"CHR-25","0",7,9.456269646,7,5,0.266862170087977,"CHR_25_1",1,NA,0,4,"no",16.49,17.68973745,37.8482436,74.33333333,-0.835711625452285,0.553081751767378,1.79200900661347,17.5,12.65077601,16.92662014,97,0.874898342127209,-0.270540180912031,-1.19263004642303,-0.282689752694653,1.35562763620329,0,"large","first","dist.10","dist.10","dist.10",0,0.359448836377515,-0.578702317633627,-0.50589447430401,-0.16810517715307,0.394355006283394,-0.220209818057244,-0.7238327207249
"2850-57650","2850-57589","2850-57650_2850-57589",2,"CHR",95,"CHR-95","0",10,8.9903977306,9,1,0.139784946236559,"CHR_95_2",1,NA,0,3,"no",16.49,17.68973745,37.8482436,74.33333333,-0.835711625452285,0.553081751767378,1.79200900661347,17.5,12.65077601,16.92662014,97,0.874898342127209,-0.270540180912031,-1.19263004642303,-0.352285396550655,1.94182564784557,0,"large","second","dist.10","dist.10","dist.10",0,-1.2233068296566,-0.578702317633627,-0.50589447430401,-0.16810517715307,0.394355006283394,-0.220209818057244,-0.7238327207249
"2850-57650","2850-57620","2850-57650_2850-57620",1,"CHR",25,"CHR-25","0",4,7.116624586,4,8,0.275659824046921,"CHR_25_1",1,NA,0,4,"no",16.49,17.68973745,37.8482436,74.33333333,-0.835711625452285,0.553081751767378,1.79200900661347,18.2,8.903889997,21.60838485,87,-0.319841925842042,-1.2331033167923,-0.235554933708899,-0.632204499050224,0.476330618739855,0,"large","first","dist.10","dist.10","dist.10",0,0.469024228641411,-0.578702317633627,-0.50589447430401,-0.16810517715307,-1.04779207805897,-0.519894914297499,-0.347422909026337
"2850-57650","2850-57620","2850-57650_2850-57620",2,"CHR",95,"CHR-95","0",10,7.680677819,10,0,0.136200716845878,"CHR_95_2",1,NA,0,3,"no",16.49,17.68973745,37.8482436,74.33333333,-0.835711625452285,0.553081751767378,1.79200900661347,18.2,8.903889997,21.60838485,87,-0.319841925842042,-1.2331033167923,-0.235554933708899,-0.547941750809671,2.23492465366671,0,"large","second","dist.10","dist.10","dist.10",0,-1.26794865613448,-0.578702317633627,-0.50589447430401,-0.16810517715307,-1.04779207805897,-0.519894914297499,-0.347422909026337
"2850-57650","2850-57647","2850-57650_2850-57647",2,"CHR",95,"CHR-95","0",10,6.62356231,0,10,0.172043010752688,"CHR_95_2",1,NA,0,3,"no",16.49,17.68973745,37.8482436,74.33333333,-0.835711625452285,0.553081751767378,1.79200900661347,15.8,12.89783981,28.1838767,85.83333333,-0.459228290836701,-0.207070274097309,1.10864751842364,-0.705862054753841,-0.696065404544717,0,"large","second","dist.10","dist.10","dist.10",0,-0.821530391355633,-0.578702317633627,-0.50589447430401,-0.16810517715307,2.30307908737845,-0.324477446700752,0.908946604529733
"2850-57650","2850-57647","2850-57650_2850-57647",1,"CHR",25,"CHR-25","0",0,6.536178806,0,13,0.287390029325513,"CHR_25_1",1,NA,0,4,"no",16.49,17.68973745,37.8482436,74.33333333,-0.835711625452285,0.553081751767378,1.79200900661347,15.8,12.89783981,28.1838767,85.83333333,-0.459228290836701,-0.207070274097309,1.10864751842364,-0.718916096051977,-0.696065404544717,0,"large","first","dist.10","dist.10","dist.10",0,0.615124751659939,-0.578702317633627,-0.50589447430401,-0.16810517715307,2.30307908737845,-0.324477446700752,0.908946604529733
"2850-57650","2850-57653","2850-57650_2850-57653",1,"CHR",25,"CHR-25","0",4,13.82924215,4,8,0.275659824046921,"CHR_25_1",1,NA,0,4,"no",16.49,17.68973745,37.8482436,74.33333333,-0.835711625452285,0.553081751767378,1.79200900661347,16.37,8.467490861,27.15053506,78,-1.39510816701437,-1.34521287106915,0.897405470214174,0.370579583618886,0.476330618739855,0,"large","first","dist.20","dist.20","dist.20",0,0.469024228641411,-0.578702317633627,-0.50589447430401,-0.16810517715307,0.182274551131745,-1.12841701146077,0.110874711490428
"2850-57650","2850-57653","2850-57650_2850-57653",2,"CHR",95,"CHR-95","0",10,16.92975518,0,-16,0.172043010752688,"CHR_95_2",1,NA,0,3,"no",16.49,17.68973745,37.8482436,74.33333333,-0.835711625452285,0.553081751767378,1.79200900661347,16.37,8.467490861,27.15053506,78,-1.39510816701437,-1.34521287106915,0.897405470214174,0.833758825538853,-0.696065404544717,0,"large","second","dist.20","dist.20","dist.20",0,-0.821530391355633,-0.578702317633627,-0.50589447430401,-0.16810517715307,0.182274551131745,-1.12841701146077,0.110874711490428
"2850-57650","2850-57731","2850-57650_2850-57731",1,"CHR",25,"CHR-25","0",12,5.112140496,1,-10,0.284457478005865,"CHR_25_1",1,NA,0,4,"no",16.49,17.68973745,37.8482436,74.33333333,-0.835711625452285,0.553081751767378,1.79200900661347,15.9,10.9634214,23.24545364,91,0.158054181345658,-0.704016229851986,0.0991047285683272,-0.931650239888422,-0.402966398723574,0,"large","first","dist.10","dist.10","dist.10",0,0.578599620905307,-0.578702317633627,-0.50589447430401,-0.16810517715307,-1.17504035013197,-0.720064302121302,-0.918055636034195
"2850-57650","2850-57731","2850-57650_2850-57731",2,"CHR",95,"CHR-95","0",10,5.246091718,0,-18,0.172043010752688,"CHR_95_2",1,"ep_same",1,3,"yes",16.49,17.68973745,37.8482436,74.33333333,-0.835711625452285,0.553081751767378,1.79200900661347,15.9,10.9634214,23.24545364,91,0.158054181345658,-0.704016229851986,0.0991047285683272,-0.911639543316632,-0.696065404544717,1,"large","second","dist.10","dist.10","dist.10",0.333333333333333,-0.821530391355633,-0.578702317633627,-0.50589447430401,-0.16810517715307,-1.17504035013197,-0.720064302121302,-0.918055636034195
"2850-57650","2850-57733","2850-57650_2850-57733",2,"CHR",95,"CHR-95","0",10,10.31480885,0,22,0.172043010752688,"CHR_95_2",1,NA,0,3,"no",16.49,17.68973745,37.8482436,74.33333333,-0.835711625452285,0.553081751767378,1.79200900661347,15.66,14.84394317,20.45213858,102,1.47226847611183,0.292877508261001,-0.471921901664779,-0.154434353081869,-0.696065404544717,0,"large","second","dist.20","dist.20","dist.20",0,-0.821530391355633,-0.578702317633627,-0.50589447430401,-0.16810517715307,0.606435458890079,-1.12204057333336,-0.450386497816471
"2850-57650","2850-57733","2850-57650_2850-57733",1,"CHR",25,"CHR-25","0",0,10.94334048,0,33,0.287390029325513,"CHR_25_1",1,"ep_same",1,4,"yes",16.49,17.68973745,37.8482436,74.33333333,-0.835711625452285,0.553081751767378,1.79200900661347,15.66,14.84394317,20.45213858,102,1.47226847611183,0.292877508261001,-0.471921901664779,-0.0605393102004914,-0.696065404544717,1,"large","first","dist.20","dist.20","dist.20",0.25,0.615124751659939,-0.578702317633627,-0.50589447430401,-0.16810517715307,0.606435458890079,-1.12204057333336,-0.450386497816471
"2850-57650","2850-57742","2850-57650_2850-57742",1,"CHR",25,"CHR-25","0",12,9.52343924,8,-2,0.263929618768328,"CHR_25_1",1,NA,0,4,"no",16.49,17.68973745,37.8482436,74.33333333,-0.835711625452285,0.553081751767378,1.79200900661347,16.98,13.00562645,26.1463443,93,0.397002234939508,-0.179380228057897,0.692122624034258,-0.272655425688779,1.64872664202443,0,"large","first","dist.10","dist.10","dist.10",0,0.32292370562287,-0.578702317633627,-0.50589447430401,-0.16810517715307,0.564019367350756,-0.96234197733198,-0.610003960994292
"2850-57650","2850-57742","2850-57650_2850-57742",2,"CHR",95,"CHR-95","0",10,9.211911346,0,-13,0.172043010752688,"CHR_95_2",1,NA,0,3,"no",16.49,17.68973745,37.8482436,74.33333333,-0.835711625452285,0.553081751767378,1.79200900661347,16.98,13.00562645,26.1463443,93,0.397002234939508,-0.179380228057897,0.692122624034258,-0.3191939347625,-0.696065404544717,0,"large","second","dist.10","dist.10","dist.10",0,-0.821530391355633,-0.578702317633627,-0.50589447430401,-0.16810517715307,0.564019367350756,-0.96234197733198,-0.610003960994292
"2850-57650","2850-57744","2850-57650_2850-57744",2,"CHR",95,"CHR-95","0",10,15.38640057,0,11,0.172043010752688,"CHR_95_2",1,NA,0,3,"no",16.49,17.68973745,37.8482436,74.33333333,-0.835711625452285,0.553081751767378,1.79200900661347,14.77,24.63866733,20.45419575,84.5,-0.618526992834355,2.80911108724386,-0.47150136233152,0.603200265920903,-0.696065404544717,0,"large","second","dist.20","dist.20","dist.20",0,-0.821530391355633,-0.578702317633627,-0.50589447430401,-0.16810517715307,-0.411550717693951,1.14723185861105,0.256764043881684
"2850-57650","2850-57744","2850-57650_2850-57744",1,"CHR",25,"CHR-25","0",0,16.02301471,0,16,0.287390029325513,"CHR_25_1",1,NA,0,4,"no",16.49,17.68973745,37.8482436,74.33333333,-0.835711625452285,0.553081751767378,1.79200900661347,14.77,24.63866733,20.45419575,84.5,-0.618526992834355,2.80911108724386,-0.47150136233152,0.69830273828843,-0.696065404544717,0,"large","first","dist.20","dist.20","dist.20",0,0.615124751659939,-0.578702317633627,-0.50589447430401,-0.16810517715307,-0.411550717693951,1.14723185861105,0.256764043881684
"2850-57650","2850-57806","2850-57650_2850-57806",1,"CHR",25,"CHR-25","0",12,6.968481868,6,-5,0.269794721407625,"CHR_25_1",1,NA,0,4,"no",16.49,17.68973745,37.8482436,74.33333333,-0.835711625452285,0.553081751767378,1.79200900661347,15.88,11.25502825,14.26422898,83.83333333,-0.698176344430552,-0.62910335473214,-1.73689240845576,-0.654335233917416,1.06252863038214,0,"large","first","dist.10","dist.10","dist.10",0,0.395973967132147,-0.578702317633627,-0.50589447430401,-0.16810517715307,0.224690642671068,-0.312822534834813,0.766781208645738
"2850-57650","2850-57806","2850-57650_2850-57806",2,"CHR",95,"CHR-95","0",10,9.625696497,0,-10,0.172043010752688,"CHR_95_2",1,NA,0,3,"no",16.49,17.68973745,37.8482436,74.33333333,-0.835711625452285,0.553081751767378,1.79200900661347,15.88,11.25502825,14.26422898,83.83333333,-0.698176344430552,-0.62910335473214,-1.73689240845576,-0.257379425130228,-0.696065404544717,0,"large","second","dist.10","dist.10","dist.10",0,-0.821530391355633,-0.578702317633627,-0.50589447430401,-0.16810517715307,0.224690642671068,-0.312822534834813,0.766781208645738
"2850-57650","2850-57808","2850-57650_2850-57808",1,"CHR",25,"CHR-25","0",12,3.021301671,6,-5,0.269794721407625,"CHR_25_1",1,"ep_same",1,4,"yes",16.49,17.68973745,37.8482436,74.33333333,-0.835711625452285,0.553081751767378,1.79200900661347,17.44,11.46748421,15.37756564,100,1.23332042251798,-0.574524092276724,-1.50929728666711,-1.24399633634728,1.06252863038214,1,"large","first","dist.05","dist.05","dist.10",0.25,0.395973967132147,-0.578702317633627,-0.50589447430401,-0.16810517715307,0.564019367350756,-2.00209196155345,-1.05591017852521
"2850-57650","2850-57808","2850-57650_2850-57808",2,"CHR",95,"CHR-95","0",10,3.123526535,0,-14,0.172043010752688,"CHR_95_2",1,NA,0,3,"no",16.49,17.68973745,37.8482436,74.33333333,-0.835711625452285,0.553081751767378,1.79200900661347,17.44,11.46748421,15.37756564,100,1.23332042251798,-0.574524092276724,-1.50929728666711,-1.22872517491214,-0.696065404544717,0,"large","second","dist.05","dist.05","dist.10",0,-0.821530391355633,-0.578702317633627,-0.50589447430401,-0.16810517715307,0.564019367350756,-2.00209196155345,-1.05591017852521
"2850-57652","2640-97588","2850-57652_2640-97588",1,"CHR",66,"CHR-66","0",9,21.5198601,3,-8,0.262096774193548,"CHR_66_1",1,NA,0,2,"no",15.44,16.27360253,25.43874875,74,-0.920543805985966,0.0923616887128494,-0.0652425713766268,18.7,11.85018943,14.45612662,87,-0.319841925842042,-0.476208334764261,-1.69766351362466,1.51946512530522,0.183231612918712,0,"large","first","dist.20+","dist.20+","dist.20+",0,0.300095498901225,-0.857475046428205,-0.308807586528723,-0.780541178943333,0.224690642671068,-0.0934822025987468,-1.95280566010936
"2850-57652","2640-97588","2850-57652_2640-97588",2,"CHR",16,"CHR-16","0",10,23.52595236,2,-9,0.189964157706093,"CHR_16_2",1,NA,0,3,"no",15.44,16.27360253,25.43874875,74,-0.920543805985966,0.0923616887128494,-0.0652425713766268,18.7,11.85018943,14.45612662,87,-0.319841925842042,-0.476208334764261,-1.69766351362466,1.81915110734037,-0.109867392902431,0,"large","second","dist.20+","dist.20+","dist.20+",0,-0.598321258966208,-0.857475046428205,-0.308807586528723,-0.780541178943333,0.224690642671068,-0.0934822025987468,-1.95280566010936
"2850-57652","2640-97589","2850-57652_2640-97589",1,"CHR",66,"CHR-66","0",9,10.69451428,5,-6,0.254032258064516,"CHR_66_1",1,NA,0,2,"no",15.44,16.27360253,25.43874875,74,-0.920543805985966,0.0923616887128494,-0.0652425713766268,16.1,11.8153556,16.91354271,99.66666667,1.19349574731726,-0.485157035237985,-1.19530341502793,-0.0977109426273437,0.769429624560999,0,"large","first","dist.20","dist.20","dist.20",0,0.199651389325987,-0.857475046428205,-0.308807586528723,-0.780541178943333,0.98818027510909,-0.478534822267752,-0.867541507603602
"2850-57652","2640-97589","2850-57652_2640-97589",2,"CHR",16,"CHR-16","0",10,12.62737671,5,-6,0.17921146953405,"CHR_16_2",1,NA,0,3,"no",15.44,16.27360253,25.43874875,74,-0.920543805985966,0.0923616887128494,-0.0652425713766268,16.1,11.8153556,16.91354271,99.66666667,1.19349574731726,-0.485157035237985,-1.19530341502793,0.191035386254553,0.769429624560999,0,"large","second","dist.20","dist.20","dist.20",0,-0.732246738399863,-0.857475046428205,-0.308807586528723,-0.780541178943333,0.98818027510909,-0.478534822267752,-0.867541507603602
"2850-57652","2811-83208","2850-57652_2811-83208",2,"CHR",16,"CHR-16","0",10,6.511773364,1,9,0.193548387096774,"CHR_16_2",1,NA,0,3,"no",15.44,16.27360253,25.43874875,74,-0.920543805985966,0.0923616887128494,-0.0652425713766268,16.9,18.73416916,21.00459455,87,-0.319841925842042,1.29226422972124,-0.358985457287731,-0.722561974658165,-0.402966398723574,0,"large","second","dist.10","dist.10","dist.10",0,-0.553679432488324,-0.857475046428205,-0.308807586528723,-0.780541178943333,-0.411550717693951,-0.159665267146272,1.94192717350385
"2850-57652","2811-83208","2850-57652_2811-83208",1,"CHR",66,"CHR-66","0",0,7.971151755,0,9,0.274193548387097,"CHR_66_1",1,NA,0,2,"no",15.44,16.27360253,25.43874875,74,-0.920543805985966,0.0923616887128494,-0.0652425713766268,16.9,18.73416916,21.00459455,87,-0.319841925842042,1.29226422972124,-0.358985457287731,-0.504548449065027,-0.696065404544717,0,"large","first","dist.10","dist.10","dist.10",0,0.450761663264095,-0.857475046428205,-0.308807586528723,-0.780541178943333,-0.411550717693951,-0.159665267146272,1.94192717350385
"2850-57652","2850-57567","2850-57652_2850-57567",1,"CHR",66,"CHR-66","0",2,17.96708073,2,7,0.266129032258065,"CHR_66_1",1,NA,0,2,"no",15.44,16.27360253,25.43874875,74,-0.920543805985966,0.0923616887128494,-0.0652425713766268,16.6,10.56012296,26.35612994,102.1666667,1.49218081789379,-0.807622320284185,0.735008293751907,0.988722748355592,-0.109867392902431,0,"large","first","dist.20","dist.20","dist.20",0,0.350317553688857,-0.857475046428205,-0.308807586528723,-0.780541178943333,-1.17504035013197,0.922800644787313,-0.818227574717981
"2850-57652","2850-57567","2850-57652_2850-57567",2,"CHR",16,"CHR-16","0",1,19.97329149,0,-42,0.197132616487455,"CHR_16_2",1,NA,0,3,"no",15.44,16.27360253,25.43874875,74,-0.920543805985966,0.0923616887128494,-0.0652425713766268,16.6,10.56012296,26.35612994,102.1666667,1.49218081789379,-0.807622320284185,0.735008293751907,1.28842643286115,-0.696065404544717,0,"large","second","dist.20","dist.20","dist.20",0,-0.509037606010438,-0.857475046428205,-0.308807586528723,-0.780541178943333,-1.17504035013197,0.922800644787313,-0.818227574717981
"2850-57652","2850-57570","2850-57652_2850-57570",2,"CHR",16,"CHR-16","0",10,20.5833144,0,-10,0.197132616487455,"CHR_16_2",1,NA,0,3,"no",15.44,16.27360253,25.43874875,74,-0.920543805985966,0.0923616887128494,-0.0652425713766268,16.51,16.84077767,23.06811898,90,0.038580154548733,0.805857959623855,0.0628528876022267,1.37955649626475,-0.696065404544717,0,"large","second","dist.20+","dist.20+","dist.20+",0,-0.509037606010438,-0.857475046428205,-0.308807586528723,-0.780541178943333,-0.157054173547943,-1.42571858026568,-1.08665491345185
"2850-57652","2850-57570","2850-57652_2850-57570",1,"CHR",66,"CHR-66","0",0,15.72815413,0,19,0.274193548387097,"CHR_66_1",1,NA,0,2,"no",15.44,16.27360253,25.43874875,74,-0.920543805985966,0.0923616887128494,-0.0652425713766268,16.51,16.84077767,23.06811898,90,0.038580154548733,0.805857959623855,0.0628528876022267,0.654254124850904,-0.696065404544717,0,"large","first","dist.20","dist.20","dist.20",0,0.450761663264095,-0.857475046428205,-0.308807586528723,-0.780541178943333,-0.157054173547943,-1.42571858026568,-1.08665491345185
"2850-57652","2850-57577","2850-57652_2850-57577",2,"CHR",16,"CHR-16","0",10,25.99401697,0,19,0.197132616487455,"CHR_16_2",1,NA,0,3,"no",15.44,16.27360253,25.43874875,74,-0.920543805985966,0.0923616887128494,-0.0652425713766268,18.2,20.92472416,28.83623131,90.83333333,0.138141843147924,1.85501086327307,1.24200585669334,2.18785018520533,-0.696065404544717,0,"large","second","dist.20+","dist.20+","dist.20+",0,-0.509037606010438,-0.857475046428205,-0.308807586528723,-0.780541178943333,-0.666047261839958,0.264789915692027,-0.462001728113777
"2850-57652","2850-57577","2850-57652_2850-57577",1,"CHR",66,"CHR-66","0",0,24.06060461,0,19,0.274193548387097,"CHR_66_1",1,NA,0,2,"no",15.44,16.27360253,25.43874875,74,-0.920543805985966,0.0923616887128494,-0.0652425713766268,18.2,20.92472416,28.83623131,90.83333333,0.138141843147924,1.85501086327307,1.24200585669334,1.89902170341582,-0.696065404544717,0,"large","first","dist.20+","dist.20+","dist.20+",0,0.450761663264095,-0.857475046428205,-0.308807586528723,-0.780541178943333,-0.666047261839958,0.264789915692027,-0.462001728113777
"2850-57652","2850-57578","2850-57652_2850-57578",2,"CHR",16,"CHR-16","0",10,15.1632651,0,16,0.197132616487455,"CHR_16_2",1,NA,0,3,"no",15.44,16.27360253,25.43874875,74,-0.920543805985966,0.0923616887128494,-0.0652425713766268,17.2,10.81633932,15.67680791,91.5,0.217791194744121,-0.741801149826969,-1.44812434290995,0.569866518621652,-0.696065404544717,0,"large","second","dist.20","dist.20","dist.20",0,-0.509037606010438,-0.857475046428205,-0.308807586528723,-0.780541178943333,0.0550262790587415,1.59216462744548,-0.0904874492207969
"2850-57652","2850-57578","2850-57652_2850-57578",1,"CHR",66,"CHR-66","0",0,13.25550717,0,15,0.274193548387097,"CHR_66_1",1,NA,0,2,"no",15.44,16.27360253,25.43874875,74,-0.920543805985966,0.0923616887128494,-0.0652425713766268,17.2,10.81633932,15.67680791,91.5,0.217791194744121,-0.741801149826969,-1.44812434290995,0.284870499177668,-0.696065404544717,0,"large","first","dist.20","dist.20","dist.20",0,0.450761663264095,-0.857475046428205,-0.308807586528723,-0.780541178943333,0.0550262790587415,1.59216462744548,-0.0904874492207969
"2850-57652","2850-57579","2850-57652_2850-57579",1,"CHR",66,"CHR-66","0",7,7.022679488,7,2,0.245967741935484,"CHR_66_1",1,NA,0,2,"no",15.44,16.27360253,25.43874875,74,-0.920543805985966,0.0923616887128494,-0.0652425713766268,16.3,11.31949153,24.77905949,93.5,0.456739248337971,-0.612542942504321,0.412613860843324,-0.646238763332525,1.35562763620329,0,"large","first","dist.10","dist.10","dist.10",0,0.0992072797507493,-0.857475046428205,-0.308807586528723,-0.780541178943333,0.394355006283394,0.252942547897877,-0.257226498974273
"2850-57652","2850-57579","2850-57652_2850-57579",2,"CHR",16,"CHR-16","0",10,8.746965331,0,-22,0.197132616487455,"CHR_16_2",1,NA,0,3,"no",15.44,16.27360253,25.43874875,74,-0.920543805985966,0.0923616887128494,-0.0652425713766268,16.3,11.31949153,24.77905949,93.5,0.456739248337971,-0.612542942504321,0.412613860843324,-0.388651260268856,-0.696065404544717,0,"large","second","dist.10","dist.10","dist.10",0,-0.509037606010438,-0.857475046428205,-0.308807586528723,-0.780541178943333,0.394355006283394,0.252942547897877,-0.257226498974273
"2850-57652","2850-57580","2850-57652_2850-57580",2,"CHR",16,"CHR-16","0",3,5.162086535,0,-39,0.197132616487455,"CHR_16_2",1,NA,0,3,"no",15.44,16.27360253,25.43874875,74,-0.920543805985966,0.0923616887128494,-0.0652425713766268,16.2,9.142844799,27.48113161,87.83333333,-0.220280237242851,-1.17171658585126,0.964988048569367,-0.924188904213621,-0.696065404544717,0,"large","second","dist.10","dist.10","dist.10",0,-0.509037606010438,-0.857475046428205,-0.308807586528723,-0.780541178943333,0.564019367350756,0.594981908524202,0.613110506001452
"2850-57652","2850-57580","2850-57652_2850-57580",1,"CHR",66,"CHR-66","0",0,5.199639626,0,10,0.274193548387097,"CHR_66_1",1,NA,0,2,"no",15.44,16.27360253,25.43874875,74,-0.920543805985966,0.0923616887128494,-0.0652425713766268,16.2,9.142844799,27.48113161,87.83333333,-0.220280237242851,-1.17171658585126,0.964988048569367,-0.918578925460804,-0.696065404544717,0,"large","first","dist.10","dist.10","dist.10",0,0.450761663264095,-0.857475046428205,-0.308807586528723,-0.780541178943333,0.564019367350756,0.594981908524202,0.613110506001452
"2850-57652","2850-57589","2850-57652_2850-57589",1,"CHR",66,"CHR-66","0",3,5.383295227,3,6,0.262096774193548,"CHR_66_1",1,NA,0,2,"no",15.44,16.27360253,25.43874875,74,-0.920543805985966,0.0923616887128494,-0.0652425713766268,17.5,12.65077601,16.92662014,97,0.874898342127209,-0.270540180912031,-1.19263004642303,-0.891142994302813,0.183231612918712,0,"large","first","dist.10","dist.10","dist.10",0,0.300095498901225,-0.857475046428205,-0.308807586528723,-0.780541178943333,0.394355006283394,-0.220209818057244,-0.7238327207249
"2850-57652","2850-57589","2850-57652_2850-57589",2,"CHR",16,"CHR-16","0",10,7.153980936,0,10,0.197132616487455,"CHR_16_2",1,NA,0,3,"no",15.44,16.27360253,25.43874875,74,-0.920543805985966,0.0923616887128494,-0.0652425713766268,17.5,12.65077601,16.92662014,97,0.874898342127209,-0.270540180912031,-1.19263004642303,-0.626623911029313,-0.696065404544717,0,"large","second","dist.10","dist.10","dist.10",0,-0.509037606010438,-0.857475046428205,-0.308807586528723,-0.780541178943333,0.394355006283394,-0.220209818057244,-0.7238327207249
"2850-57652","2850-57620","2850-57652_2850-57620",2,"CHR",16,"CHR-16","0",10,17.22533064,1,9,0.193548387096774,"CHR_16_2",1,NA,0,3,"no",15.44,16.27360253,25.43874875,74,-0.920543805985966,0.0923616887128494,-0.0652425713766268,18.2,8.903889997,21.60838485,87,-0.319841925842042,-1.2331033167923,-0.235554933708899,0.877914233424027,-0.402966398723574,0,"large","second","dist.20","dist.20","dist.20",0,-0.553679432488324,-0.857475046428205,-0.308807586528723,-0.780541178943333,-1.04779207805897,-0.519894914297499,-0.347422909026337
"2850-57652","2850-57620","2850-57652_2850-57620",1,"CHR",66,"CHR-66","0",0,15.25649999,0,9,0.274193548387097,"CHR_66_1",1,NA,0,2,"no",15.44,16.27360253,25.43874875,74,-0.920543805985966,0.0923616887128494,-0.0652425713766268,18.2,8.903889997,21.60838485,87,-0.319841925842042,-1.2331033167923,-0.235554933708899,0.583794686396741,-0.696065404544717,0,"large","first","dist.20","dist.20","dist.20",0,0.450761663264095,-0.857475046428205,-0.308807586528723,-0.780541178943333,-1.04779207805897,-0.519894914297499,-0.347422909026337
"2850-57652","2850-57647","2850-57652_2850-57647",2,"CHR",16,"CHR-16","0",10,12.61615031,0,19,0.197132616487455,"CHR_16_2",1,NA,0,3,"no",15.44,16.27360253,25.43874875,74,-0.920543805985966,0.0923616887128494,-0.0652425713766268,15.8,12.89783981,28.1838767,85.83333333,-0.459228290836701,-0.207070274097309,1.10864751842364,0.189358297530468,-0.696065404544717,0,"large","second","dist.20","dist.20","dist.20",0,-0.509037606010438,-0.857475046428205,-0.308807586528723,-0.780541178943333,2.30307908737845,-0.324477446700752,0.908946604529733
"2850-57652","2850-57647","2850-57652_2850-57647",1,"CHR",66,"CHR-66","0",0,10.67389294,0,14,0.274193548387097,"CHR_66_1",1,NA,0,2,"no",15.44,16.27360253,25.43874875,74,-0.920543805985966,0.0923616887128494,-0.0652425713766268,15.8,12.89783981,28.1838767,85.83333333,-0.459228290836701,-0.207070274097309,1.10864751842364,-0.100791522046348,-0.696065404544717,0,"large","first","dist.20","dist.20","dist.20",0,0.450761663264095,-0.857475046428205,-0.308807586528723,-0.780541178943333,2.30307908737845,-0.324477446700752,0.908946604529733
"2850-57652","2850-57653","2850-57652_2850-57653",2,"CHR",16,"CHR-16","0",10,26.76710283,4,-7,0.182795698924731,"CHR_16_2",1,NA,0,3,"no",15.44,16.27360253,25.43874875,74,-0.920543805985966,0.0923616887128494,-0.0652425713766268,16.37,8.467490861,27.15053506,78,-1.39510816701437,-1.34521287106915,0.897405470214174,2.30333988613842,0.476330618739855,0,"large","second","dist.20+","dist.20+","dist.20+",0,-0.687604911921978,-0.857475046428205,-0.308807586528723,-0.780541178943333,0.182274551131745,-1.12841701146077,0.110874711490428
"2850-57652","2850-57653","2850-57652_2850-57653",1,"CHR",66,"CHR-66","0",0,22.94034015,0,9,0.274193548387097,"CHR_66_1",1,NA,0,2,"no",15.44,16.27360253,25.43874875,74,-0.920543805985966,0.0923616887128494,-0.0652425713766268,16.37,8.467490861,27.15053506,78,-1.39510816701437,-1.34521287106915,0.897405470214174,1.73166770802471,-0.696065404544717,0,"large","first","dist.20+","dist.20+","dist.20+",0,0.450761663264095,-0.857475046428205,-0.308807586528723,-0.780541178943333,0.182274551131745,-1.12841701146077,0.110874711490428
"2850-57652","2850-57671","2850-57652_2850-57671",2,"CHR",16,"CHR-16","0",7,9.796910184,0,-36,0.197132616487455,"CHR_16_2",1,NA,0,3,"no",15.44,16.27360253,25.43874875,74,-0.920543805985966,0.0923616887128494,-0.0652425713766268,17.53,16.28350449,28.84180791,75.83333333,-1.65396855880595,0.662696246718346,1.24314585953504,-0.231802165823892,-0.696065404544717,0,"large","second","dist.10","dist.10","dist.10",0,-0.509037606010438,-0.857475046428205,-0.308807586528723,-0.780541178943333,0.606435458890079,1.16785270969026,0.187430780520441
"2850-57652","2850-57671","2850-57652_2850-57671",1,"CHR",66,"CHR-66","0",0,10.62077385,0,13,0.274193548387097,"CHR_66_1",1,NA,0,2,"no",15.44,16.27360253,25.43874875,74,-0.920543805985966,0.0923616887128494,-0.0652425713766268,17.53,16.28350449,28.84180791,75.83333333,-1.65396855880595,0.662696246718346,1.24314585953504,-0.108726873260685,-0.696065404544717,0,"large","first","dist.20","dist.20","dist.20",0,0.450761663264095,-0.857475046428205,-0.308807586528723,-0.780541178943333,0.606435458890079,1.16785270969026,0.187430780520441
"2850-57652","2850-57731","2850-57652_2850-57731",1,"CHR",66,"CHR-66","0",9,10.64783291,2,-9,0.266129032258065,"CHR_66_1",1,NA,0,2,"no",15.44,16.27360253,25.43874875,74,-0.920543805985966,0.0923616887128494,-0.0652425713766268,15.9,10.9634214,23.24545364,91,0.158054181345658,-0.704016229851986,0.0991047285683272,-0.104684576138694,-0.109867392902431,0,"large","first","dist.20","dist.20","dist.20",0,0.350317553688857,-0.857475046428205,-0.308807586528723,-0.780541178943333,-1.17504035013197,-0.720064302121302,-0.918055636034195
"2850-57652","2850-57731","2850-57652_2850-57731",2,"CHR",16,"CHR-16","0",10,16.12261808,1,-9,0.193548387096774,"CHR_16_2",1,NA,0,3,"no",15.44,16.27360253,25.43874875,74,-0.920543805985966,0.0923616887128494,-0.0652425713766268,15.9,10.9634214,23.24545364,91,0.158054181345658,-0.704016229851986,0.0991047285683272,0.713182280145821,-0.402966398723574,0,"large","second","dist.20","dist.20","dist.20",0,-0.553679432488324,-0.857475046428205,-0.308807586528723,-0.780541178943333,-1.17504035013197,-0.720064302121302,-0.918055636034195
"2850-57652","2850-57733","2850-57652_2850-57733",2,"CHR",16,"CHR-16","0",10,6.026396885,0,-15,0.197132616487455,"CHR_16_2",1,NA,0,3,"no",15.44,16.27360253,25.43874875,74,-0.920543805985966,0.0923616887128494,-0.0652425713766268,15.66,14.84394317,20.45213858,102,1.47226847611183,0.292877508261001,-0.471921901664779,-0.795071365011865,-0.696065404544717,0,"large","second","dist.10","dist.10","dist.10",0,-0.509037606010438,-0.857475046428205,-0.308807586528723,-0.780541178943333,0.606435458890079,-1.12204057333336,-0.450386497816471
"2850-57652","2850-57733","2850-57652_2850-57733",1,"CHR",66,"CHR-66","0",0,5.146332892,0,34,0.274193548387097,"CHR_66_1",1,"ep_same",2,2,"yes",15.44,16.27360253,25.43874875,74,-0.920543805985966,0.0923616887128494,-0.0652425713766268,15.66,14.84394317,20.45213858,102,1.47226847611183,0.292877508261001,-0.471921901664779,-0.926542308424994,-0.696065404544717,1,"large","first","dist.10","dist.10","dist.10",1,0.450761663264095,-0.857475046428205,-0.308807586528723,-0.780541178943333,0.606435458890079,-1.12204057333336,-0.450386497816471
"2850-57652","2850-57742","2850-57652_2850-57742",1,"CHR",66,"CHR-66","0",9,8.754085291,9,-1,0.237903225806452,"CHR_66_1",1,NA,0,2,"no",15.44,16.27360253,25.43874875,74,-0.920543805985966,0.0923616887128494,-0.0652425713766268,16.98,13.00562645,26.1463443,93,0.397002234939508,-0.179380228057897,0.692122624034258,-0.38758762414045,1.94182564784557,0,"large","first","dist.10","dist.10","dist.10",0,-0.00123682982448883,-0.857475046428205,-0.308807586528723,-0.780541178943333,0.564019367350756,-0.96234197733198,-0.610003960994292
"2850-57652","2850-57742","2850-57652_2850-57742",2,"CHR",16,"CHR-16","0",10,8.341556782,7,-4,0.172043010752688,"CHR_16_2",1,NA,0,3,"no",15.44,16.27360253,25.43874875,74,-0.920543805985966,0.0923616887128494,-0.0652425713766268,16.98,13.00562645,26.1463443,93,0.397002234939508,-0.179380228057897,0.692122624034258,-0.449214406618121,1.35562763620329,0,"large","second","dist.10","dist.10","dist.10",0,-0.821530391355633,-0.857475046428205,-0.308807586528723,-0.780541178943333,0.564019367350756,-0.96234197733198,-0.610003960994292
"2850-57652","2850-57744","2850-57652_2850-57744",2,"CHR",16,"CHR-16","0",10,3.277297878,0,20,0.197132616487455,"CHR_16_2",1,NA,0,3,"no",15.44,16.27360253,25.43874875,74,-0.920543805985966,0.0923616887128494,-0.0652425713766268,14.77,24.63866733,20.45419575,84.5,-0.618526992834355,2.80911108724386,-0.47150136233152,-1.20575359137399,-0.696065404544717,0,"large","second","dist.05","dist.05","dist.10",0,-0.509037606010438,-0.857475046428205,-0.308807586528723,-0.780541178943333,-0.411550717693951,1.14723185861105,0.256764043881684
"2850-57652","2850-57744","2850-57652_2850-57744",1,"CHR",66,"CHR-66","0",0,4.449553837,0,17,0.274193548387097,"CHR_66_1",1,NA,0,2,"no",15.44,16.27360253,25.43874875,74,-0.920543805985966,0.0923616887128494,-0.0652425713766268,14.77,24.63866733,20.45419575,84.5,-0.618526992834355,2.80911108724386,-0.47150136233152,-1.03063269326063,-0.696065404544717,0,"large","first","dist.05","dist.05","dist.10",0,0.450761663264095,-0.857475046428205,-0.308807586528723,-0.780541178943333,-0.411550717693951,1.14723185861105,0.256764043881684
"2850-57652","2850-57806","2850-57652_2850-57806",1,"CHR",66,"CHR-66","0",9,17.86065878,7,-4,0.245967741935484,"CHR_66_1",1,NA,0,2,"no",15.44,16.27360253,25.43874875,74,-0.920543805985966,0.0923616887128494,-0.0652425713766268,15.88,11.25502825,14.26422898,83.83333333,-0.698176344430552,-0.62910335473214,-1.73689240845576,0.972824592905929,1.35562763620329,0,"large","first","dist.20","dist.20","dist.20",0,0.0992072797507493,-0.857475046428205,-0.308807586528723,-0.780541178943333,0.224690642671068,-0.312822534834813,0.766781208645738
"2850-57652","2850-57806","2850-57652_2850-57806",2,"CHR",16,"CHR-16","0",10,21.30972896,9,-1,0.164874551971326,"CHR_16_2",1,NA,0,3,"no",15.44,16.27360253,25.43874875,74,-0.920543805985966,0.0923616887128494,-0.0652425713766268,15.88,11.25502825,14.26422898,83.83333333,-0.698176344430552,-0.62910335473214,-1.73689240845576,1.48807406802301,1.94182564784557,0,"large","second","dist.20+","dist.20+","dist.20+",0,-0.910814044311403,-0.857475046428205,-0.308807586528723,-0.780541178943333,0.224690642671068,-0.312822534834813,0.766781208645738
"2850-57652","2850-57808","2850-57652_2850-57808",1,"CHR",66,"CHR-66","0",9,12.40409686,7,-4,0.245967741935484,"CHR_66_1",1,NA,0,2,"no",15.44,16.27360253,25.43874875,74,-0.920543805985966,0.0923616887128494,-0.0652425713766268,17.44,11.46748421,15.37756564,100,1.23332042251798,-0.574524092276724,-1.50929728666711,0.15768007032511,1.35562763620329,0,"large","first","dist.20","dist.20","dist.20",0,0.0992072797507493,-0.857475046428205,-0.308807586528723,-0.780541178943333,0.564019367350756,-2.00209196155345,-1.05591017852521
"2850-57652","2850-57808","2850-57652_2850-57808",2,"CHR",16,"CHR-16","0",10,13.31016548,5,-5,0.17921146953405,"CHR_16_2",1,NA,0,3,"no",15.44,16.27360253,25.43874875,74,-0.920543805985966,0.0923616887128494,-0.0652425713766268,17.44,11.46748421,15.37756564,100,1.23332042251798,-0.574524092276724,-1.50929728666711,0.293035791290769,0.769429624560999,0,"large","second","dist.20","dist.20","dist.20",0,-0.732246738399863,-0.857475046428205,-0.308807586528723,-0.780541178943333,0.564019367350756,-2.00209196155345,-1.05591017852521
"2850-57652","2850-57881","2850-57652_2850-57881",1,"CHR",66,"CHR-66","0",8,14.78665518,8,1,0.241935483870968,"CHR_66_1",1,NA,0,2,"no",15.44,16.27360253,25.43874875,74,-0.920543805985966,0.0923616887128494,-0.0652425713766268,16.55,11.73463277,21.93833167,84.83333333,-0.578702317633627,-0.50589447430401,-0.16810517715307,0.513605540016721,1.64872664202443,0,"large","first","dist.20","dist.20","dist.20",0,0.04898522496313,-0.857475046428205,-0.308807586528723,-0.780541178943333,-0.835711625452285,0.553081751767378,1.79200900661347
"2850-57652","2850-57881","2850-57652_2850-57881",2,"CHR",16,"CHR-16","0",10,16.339459459,1,9,0.193548387096774,"CHR_16_2",1,NA,0,3,"no",15.44,16.27360253,25.43874875,74,-0.920543805985966,0.0923616887128494,-0.0652425713766268,16.55,11.73463277,21.93833167,84.83333333,-0.578702317633627,-0.50589447430401,-0.16810517715307,0.745575766181937,-0.402966398723574,0,"large","second","dist.20","dist.20","dist.20",0,-0.553679432488324,-0.857475046428205,-0.308807586528723,-0.780541178943333,-0.835711625452285,0.553081751767378,1.79200900661347
"2850-57654","2640-97588","2850-57654_2640-97588",1,"CHR",80,"CHR-80","0",10,23.12713998,0,-18,0.372759856630824,"CHR_80_1",1,NA,0,4,"no",16.58,17.81852775,29.97126288,79.83333333,0.564019367350756,0.594981908524202,0.613110506001452,18.7,11.85018943,14.45612662,87,-0.319841925842042,-0.476208334764261,-1.69766351362466,1.75957334906315,-0.696065404544717,0,"large","first","dist.20+","dist.20+","dist.20+",0,1.67841189140593,-0.220280237242851,-1.17171658585126,0.964988048569367,0.224690642671068,-0.0934822025987468,-1.95280566010936
"2850-57654","2640-97589","2850-57654_2640-97589",1,"CHR",80,"CHR-80","0",10,11.50131062,0,-16,0.372759856630824,"CHR_80_1",1,NA,0,4,"no",16.58,17.81852775,29.97126288,79.83333333,0.564019367350756,0.594981908524202,0.613110506001452,16.1,11.8153556,16.91354271,99.66666667,1.19349574731726,-0.485157035237985,-1.19530341502793,0.0228146973326354,-0.696065404544717,0,"large","first","dist.20","dist.20","dist.20",0,1.67841189140593,-0.220280237242851,-1.17171658585126,0.964988048569367,0.98818027510909,-0.478534822267752,-0.867541507603602
"2850-57654","2811-83208","2850-57654_2811-83208",1,"CHR",80,"CHR-80","0",10,5.173148491,9,-1,0.340501792114695,"CHR_80_1",1,NA,0,4,"no",16.58,17.81852775,29.97126288,79.83333333,0.564019367350756,0.594981908524202,0.613110506001452,16.9,18.73416916,21.00459455,87,-0.319841925842042,1.29226422972124,-0.358985457287731,-0.922536381439275,1.94182564784557,0,"large","first","dist.10","dist.10","dist.10",0,1.27663545310496,-0.220280237242851,-1.17171658585126,0.964988048569367,-0.411550717693951,-0.159665267146272,1.94192717350385
"2850-57654","2850-57567","2850-57654_2850-57567",1,"CHR",80,"CHR-80","0",10,19.71509877,8,-3,0.344086021505376,"CHR_80_1",1,NA,0,4,"no",16.58,17.81852775,29.97126288,79.83333333,0.564019367350756,0.594981908524202,0.613110506001452,16.6,10.56012296,26.35612994,102.1666667,1.49218081789379,-0.807622320284185,0.735008293751907,1.24985555534451,1.64872664202443,0,"large","first","dist.20","dist.20","dist.20",0,1.32127727958285,-0.220280237242851,-1.17171658585126,0.964988048569367,-1.17504035013197,0.922800644787313,-0.818227574717981
"2850-57654","2850-57570","2850-57654_2850-57570",1,"CHR",80,"CHR-80","0",1,17.07674627,1,9,0.369175627240143,"CHR_80_1",1,NA,0,4,"no",16.58,17.81852775,29.97126288,79.83333333,0.564019367350756,0.594981908524202,0.613110506001452,16.51,16.84077767,23.06811898,90,0.038580154548733,0.805857959623855,0.0628528876022267,0.855717521076149,-0.402966398723574,0,"large","first","dist.20","dist.20","dist.20",0,1.63377006492804,-0.220280237242851,-1.17171658585126,0.964988048569367,-0.157054173547943,-1.42571858026568,-1.08665491345185
"2850-57654","2850-57577","2850-57654_2850-57577",1,"CHR",80,"CHR-80","0",1,24.26838259,1,9,0.369175627240143,"CHR_80_1",1,NA,0,4,"no",16.58,17.81852775,29.97126288,79.83333333,0.564019367350756,0.594981908524202,0.613110506001452,18.2,20.92472416,28.83623131,90.83333333,0.138141843147924,1.85501086327307,1.24200585669334,1.93006122698268,-0.402966398723574,0,"large","first","dist.20+","dist.20+","dist.20+",0,1.63377006492804,-0.220280237242851,-1.17171658585126,0.964988048569367,-0.666047261839958,0.264789915692027,-0.462001728113777
"2850-57654","2850-57578","2850-57654_2850-57578",1,"CHR",80,"CHR-80","0",5,13.62674793,5,5,0.354838709677419,"CHR_80_1",1,NA,0,4,"no",16.58,17.81852775,29.97126288,79.83333333,0.564019367350756,0.594981908524202,0.613110506001452,17.2,10.81633932,15.67680791,91.5,0.217791194744121,-0.741801149826969,-1.44812434290995,0.340329390052444,0.769429624560999,0,"large","first","dist.20","dist.20","dist.20",0,1.4552027590165,-0.220280237242851,-1.17171658585126,0.964988048569367,0.0550262790587415,1.59216462744548,-0.0904874492207969
"2850-57654","2850-57579","2850-57654_2850-57579",1,"CHR",80,"CHR-80","0",10,5.897584565,2,-8,0.365591397849462,"CHR_80_1",1,NA,0,4,"no",16.58,17.81852775,29.97126288,79.83333333,0.564019367350756,0.594981908524202,0.613110506001452,16.3,11.31949153,24.77905949,93.5,0.456739248337971,-0.612542942504321,0.412613860843324,-0.814314371620855,-0.109867392902431,0,"large","first","dist.10","dist.10","dist.10",0,1.58912823845016,-0.220280237242851,-1.17171658585126,0.964988048569367,0.394355006283394,0.252942547897877,-0.257226498974273
"2850-57654","2850-57581","2850-57654_2850-57581",1,"CHR",80,"CHR-80","0",10,5.199639626,0,-10,0.372759856630824,"CHR_80_1",1,NA,0,4,"no",16.58,17.81852775,29.97126288,79.83333333,0.564019367350756,0.594981908524202,0.613110506001452,15.5,12.5018158,18.94245264,82.5,-0.857475046428205,-0.308807586528723,-0.780541178943333,-0.918578925460804,-0.696065404544717,0,"large","first","dist.10","dist.10","dist.10",0,1.67841189140593,-0.220280237242851,-1.17171658585126,0.964988048569367,-0.920543805985966,0.0923616887128494,-0.0652425713766268
"2850-57654","2850-57589","2850-57654_2850-57589",1,"CHR",80,"CHR-80","0",10,6.034415307,7,-4,0.347670250896057,"CHR_80_1",1,"ep_same",1,4,"yes",16.58,17.81852775,29.97126288,79.83333333,0.564019367350756,0.594981908524202,0.613110506001452,17.5,12.65077601,16.92662014,97,0.874898342127209,-0.270540180912031,-1.19263004642303,-0.793873509499755,1.35562763620329,1,"large","first","dist.10","dist.10","dist.10",0.25,1.36591910606073,-0.220280237242851,-1.17171658585126,0.964988048569367,0.394355006283394,-0.220209818057244,-0.7238327207249
"2850-57654","2850-57620","2850-57654_2850-57620",1,"CHR",80,"CHR-80","0",10,16.1553589,9,-1,0.340501792114695,"CHR_80_1",1,NA,0,4,"no",16.58,17.81852775,29.97126288,79.83333333,0.564019367350756,0.594981908524202,0.613110506001452,18.2,8.903889997,21.60838485,87,-0.319841925842042,-1.2331033167923,-0.235554933708899,0.718073363666744,1.94182564784557,0,"large","first","dist.20","dist.20","dist.20",0,1.27663545310496,-0.220280237242851,-1.17171658585126,0.964988048569367,-1.04779207805897,-0.519894914297499,-0.347422909026337
"2850-57654","2850-57647","2850-57654_2850-57647",1,"CHR",80,"CHR-80","0",6,11.57698308,6,4,0.351254480286738,"CHR_80_1",1,NA,0,4,"no",16.58,17.81852775,29.97126288,79.83333333,0.564019367350756,0.594981908524202,0.613110506001452,15.8,12.89783981,28.1838767,85.83333333,-0.459228290836701,-0.207070274097309,1.10864751842364,0.0341192499398595,1.06252863038214,0,"large","first","dist.20","dist.20","dist.20",0,1.41056093253862,-0.220280237242851,-1.17171658585126,0.964988048569367,2.30307908737845,-0.324477446700752,0.908946604529733
"2850-57654","2850-57653","2850-57654_2850-57653",1,"CHR",80,"CHR-80","0",10,24.25083568,9,-1,0.340501792114695,"CHR_80_1",1,NA,0,4,"no",16.58,17.81852775,29.97126288,79.83333333,0.564019367350756,0.594981908524202,0.613110506001452,16.37,8.467490861,27.15053506,78,-1.39510816701437,-1.34521287106915,0.897405470214174,1.92743993031559,1.94182564784557,0,"large","first","dist.20+","dist.20+","dist.20+",0,1.27663545310496,-0.220280237242851,-1.17171658585126,0.964988048569367,0.182274551131745,-1.12841701146077,0.110874711490428
"2850-57654","2850-57671","2850-57654_2850-57671",1,"CHR",80,"CHR-80","0",7,5.852811652,7,3,0.347670250896057,"CHR_80_1",1,NA,0,4,"no",16.58,17.81852775,29.97126288,79.83333333,0.564019367350756,0.594981908524202,0.613110506001452,17.53,16.28350449,28.84180791,75.83333333,-1.65396855880595,0.662696246718346,1.24314585953504,-0.821002904680137,1.35562763620329,0,"large","first","dist.10","dist.10","dist.10",0,1.36591910606073,-0.220280237242851,-1.17171658585126,0.964988048569367,0.606435458890079,1.16785270969026,0.187430780520441
"2850-57654","2850-57731","2850-57654_2850-57731",1,"CHR",80,"CHR-80","0",10,10.73150544,0,-19,0.372759856630824,"CHR_80_1",1,NA,0,4,"no",16.58,17.81852775,29.97126288,79.83333333,0.564019367350756,0.594981908524202,0.613110506001452,15.9,10.9634214,23.24545364,91,0.158054181345658,-0.704016229851986,0.0991047285683272,-0.0921849095867601,-0.696065404544717,0,"large","first","dist.20","dist.20","dist.20",0,1.67841189140593,-0.220280237242851,-1.17171658585126,0.964988048569367,-1.17504035013197,-0.720064302121302,-0.918055636034195
"2850-57654","2850-57742","2850-57654_2850-57742",1,"CHR",80,"CHR-80","0",10,10.99316016,0,-11,0.372759856630824,"CHR_80_1",1,NA,0,4,"no",16.58,17.81852775,29.97126288,79.83333333,0.564019367350756,0.594981908524202,0.613110506001452,16.98,13.00562645,26.1463443,93,0.397002234939508,-0.179380228057897,0.692122624034258,-0.0530968510358881,-0.696065404544717,0,"large","first","dist.20","dist.20","dist.20",0,1.67841189140593,-0.220280237242851,-1.17171658585126,0.964988048569367,0.564019367350756,-0.96234197733198,-0.610003960994292
"2850-57654","2850-57744","2850-57654_2850-57744",1,"CHR",80,"CHR-80","0",3,2.981141773,3,7,0.362007168458781,"CHR_80_1",1,NA,0,4,"no",16.58,17.81852775,29.97126288,79.83333333,0.564019367350756,0.594981908524202,0.613110506001452,14.77,24.63866733,20.45419575,84.5,-0.618526992834355,2.80911108724386,-0.47150136233152,-1.24999574061723,0.183231612918712,0,"large","first","dist.05","dist.05","dist.10",0,1.54448641197227,-0.220280237242851,-1.17171658585126,0.964988048569367,-0.411550717693951,1.14723185861105,0.256764043881684
"2850-57654","2850-57806","2850-57654_2850-57806",1,"CHR",80,"CHR-80","0",10,18.18602989,0,-14,0.372759856630824,"CHR_80_1",1,NA,0,4,"no",16.58,17.81852775,29.97126288,79.83333333,0.564019367350756,0.594981908524202,0.613110506001452,15.88,11.25502825,14.26422898,83.83333333,-0.698176344430552,-0.62910335473214,-1.73689240845576,1.02143111144472,-0.696065404544717,0,"large","first","dist.20","dist.20","dist.20",0,1.67841189140593,-0.220280237242851,-1.17171658585126,0.964988048569367,0.224690642671068,-0.312822534834813,0.766781208645738
"2850-57654","2850-57808","2850-57654_2850-57808",1,"CHR",80,"CHR-80","0",10,11.78128134,0,-14,0.372759856630824,"CHR_80_1",1,NA,0,4,"no",16.58,17.81852775,29.97126288,79.83333333,0.564019367350756,0.594981908524202,0.613110506001452,17.44,11.46748421,15.37756564,100,1.23332042251798,-0.574524092276724,-1.50929728666711,0.0646389453182622,-0.696065404544717,0,"large","first","dist.20","dist.20","dist.20",0,1.67841189140593,-0.220280237242851,-1.17171658585126,0.964988048569367,0.564019367350756,-2.00209196155345,-1.05591017852521
"2850-57654","2850-57881","2850-57654_2850-57881",1,"CHR",80,"CHR-80","0",10,13.26934274,3,-9,0.362007168458781,"CHR_80_1",1,NA,0,4,"no",16.58,17.81852775,29.97126288,79.83333333,0.564019367350756,0.594981908524202,0.613110506001452,16.55,11.73463277,21.93833167,84.83333333,-0.578702317633627,-0.50589447430401,-0.16810517715307,0.28693736642258,0.183231612918712,0,"large","first","dist.20","dist.20","dist.20",0,1.54448641197227,-0.220280237242851,-1.17171658585126,0.964988048569367,-0.835711625452285,0.553081751767378,1.79200900661347
"2850-57656","2640-97588","2850-57656_2640-97588",1,"CHR",78,"CHR-78","0",11,24.93320866,0,23,0.238709677419355,"CHR_78_1",1,NA,0,5,"no",17.54,19.51600199,27.59028249,76,-0.411550717693951,1.14723185861105,0.256764043881684,18.7,11.85018943,14.45612662,87,-0.319841925842042,-0.476208334764261,-1.69766351362466,2.02937822134191,-0.696065404544717,0,"large","first","dist.20+","dist.20+","dist.20+",0,0.00880758113303239,-0.618526992834355,2.80911108724386,-0.47150136233152,0.224690642671068,-0.0934822025987468,-1.95280566010936
"2850-57656","2640-97589","2850-57656_2640-97589",1,"CHR",78,"CHR-78","0",11,13.49224612,0,-23,0.238709677419355,"CHR_78_1",1,"ep_same",3,5,"yes",17.54,19.51600199,27.59028249,76,-0.411550717693951,1.14723185861105,0.256764043881684,16.1,11.8153556,16.91354271,99.66666667,1.19349574731726,-0.485157035237985,-1.19530341502793,0.320236442275778,-0.696065404544717,1,"large","first","dist.20","dist.20","dist.20",0.6,0.00880758113303239,-0.618526992834355,2.80911108724386,-0.47150136233152,0.98818027510909,-0.478534822267752,-0.867541507603602
"2850-57656","2811-83208","2850-57656_2811-83208",1,"CHR",78,"CHR-78","0",11,3.556109437,2,-8,0.232258064516129,"CHR_78_1",1,NA,0,5,"no",17.54,19.51600199,27.59028249,76,-0.411550717693951,1.14723185861105,0.256764043881684,16.9,18.73416916,21.00459455,87,-0.319841925842042,1.29226422972124,-0.358985457287731,-1.16410250805758,-0.109867392902431,0,"large","first","dist.05","dist.05","dist.10",0,-0.0715477065271633,-0.618526992834355,2.80911108724386,-0.47150136233152,-0.411550717693951,-0.159665267146272,1.94192717350385
"2850-57656","2850-57567","2850-57656_2850-57567",1,"CHR",78,"CHR-78","0",11,21.43275829,1,-10,0.235483870967742,"CHR_78_1",1,NA,0,5,"no",17.54,19.51600199,27.59028249,76,-0.411550717693951,1.14723185861105,0.256764043881684,16.6,10.56012296,26.35612994,102.1666667,1.49218081789379,-0.807622320284185,0.735008293751907,1.50645316569231,-0.402966398723574,0,"large","first","dist.20+","dist.20+","dist.20+",0,-0.0313700626970653,-0.618526992834355,2.80911108724386,-0.47150136233152,-1.17504035013197,0.922800644787313,-0.818227574717981
"2850-57656","2850-57570","2850-57656_2850-57570",1,"CHR",78,"CHR-78","0",9,18.94453536,9,2,0.209677419354839,"CHR_78_1",1,NA,0,5,"no",17.54,19.51600199,27.59028249,76,-0.411550717693951,1.14723185861105,0.256764043881684,16.51,16.84077767,23.06811898,90,0.038580154548733,0.805857959623855,0.0628528876022267,1.13474267801045,1.94182564784557,0,"large","first","dist.20","dist.20","dist.20",0,-0.352791213337835,-0.618526992834355,2.80911108724386,-0.47150136233152,-0.157054173547943,-1.42571858026568,-1.08665491345185
"2850-57656","2850-57577","2850-57656_2850-57577",1,"CHR",78,"CHR-78","0",9,26.62753665,9,2,0.209677419354839,"CHR_78_1",1,NA,0,5,"no",17.54,19.51600199,27.59028249,76,-0.411550717693951,1.14723185861105,0.256764043881684,18.2,20.92472416,28.83623131,90.83333333,0.138141843147924,1.85501086327307,1.24200585669334,2.28249038258059,1.94182564784557,0,"large","first","dist.20+","dist.20+","dist.20+",0,-0.352791213337835,-0.618526992834355,2.80911108724386,-0.47150136233152,-0.666047261839958,0.264789915692027,-0.462001728113777
"2850-57656","2850-57578","2850-57656_2850-57578",1,"CHR",78,"CHR-78","0",11,15.82780332,9,-2,0.209677419354839,"CHR_78_1",1,NA,0,5,"no",17.54,19.51600199,27.59028249,76,-0.411550717693951,1.14723185861105,0.256764043881684,17.2,10.81633932,15.67680791,91.5,0.217791194744121,-0.741801149826969,-1.44812434290995,0.669140511663521,1.94182564784557,0,"large","first","dist.20","dist.20","dist.20",0,-0.352791213337835,-0.618526992834355,2.80911108724386,-0.47150136233152,0.0550262790587415,1.59216462744548,-0.0904874492207969
"2850-57656","2850-57579","2850-57656_2850-57579",1,"CHR",78,"CHR-78","0",11,8.28547973781818,1,10,0.235483870967742,"CHR_78_1",1,NA,0,5,"no",17.54,19.51600199,27.59028249,76,-0.411550717693951,1.14723185861105,0.256764043881684,16.3,11.31949153,24.77905949,93.5,0.456739248337971,-0.612542942504321,0.412613860843324,-0.457591640502298,-0.402966398723574,0,"large","first","dist.10","dist.10","dist.10",0,-0.0313700626970653,-0.618526992834355,2.80911108724386,-0.47150136233152,0.394355006283394,0.252942547897877,-0.257226498974273
"2850-57656","2850-57580","2850-57656_2850-57580",1,"CHR",78,"CHR-78","0",11,2.981141773,3,-7,0.229032258064516,"CHR_78_1",1,NA,0,5,"no",17.54,19.51600199,27.59028249,76,-0.411550717693951,1.14723185861105,0.256764043881684,16.2,9.142844799,27.48113161,87.83333333,-0.220280237242851,-1.17171658585126,0.964988048569367,-1.24999574061723,0.183231612918712,0,"large","first","dist.05","dist.05","dist.10",0,-0.111725350357261,-0.618526992834355,2.80911108724386,-0.47150136233152,0.564019367350756,0.594981908524202,0.613110506001452
"2850-57656","2850-57581","2850-57656_2850-57581",1,"CHR",78,"CHR-78","0",11,4.449553837,0,-17,0.238709677419355,"CHR_78_1",1,NA,0,5,"no",17.54,19.51600199,27.59028249,76,-0.411550717693951,1.14723185861105,0.256764043881684,15.5,12.5018158,18.94245264,82.5,-0.857475046428205,-0.308807586528723,-0.780541178943333,-1.03063269326063,-0.696065404544717,0,"large","first","dist.05","dist.05","dist.10",0,0.00880758113303239,-0.618526992834355,2.80911108724386,-0.47150136233152,-0.920543805985966,0.0923616887128494,-0.0652425713766268
"2850-57656","2850-57589","2850-57656_2850-57589",1,"CHR",78,"CHR-78","0",11,7.791016926,0,-11,0.238709677419355,"CHR_78_1",1,NA,0,5,"no",17.54,19.51600199,27.59028249,76,-0.411550717693951,1.14723185861105,0.256764043881684,17.5,12.65077601,16.92662014,97,0.874898342127209,-0.270540180912031,-1.19263004642303,-0.531458419361009,-0.696065404544717,0,"large","first","dist.10","dist.10","dist.10",0,0.00880758113303239,-0.618526992834355,2.80911108724386,-0.47150136233152,0.394355006283394,-0.220209818057244,-0.7238327207249
"2850-57656","2850-57620","2850-57656_2850-57620",1,"CHR",78,"CHR-78","0",11,18.19585314,2,-8,0.232258064516129,"CHR_78_1",1,NA,0,5,"no",17.54,19.51600199,27.59028249,76,-0.411550717693951,1.14723185861105,0.256764043881684,18.2,8.903889997,21.60838485,87,-0.319841925842042,-1.2331033167923,-0.235554933708899,1.02289858648648,-0.109867392902431,0,"large","first","dist.20","dist.20","dist.20",0,-0.0715477065271633,-0.618526992834355,2.80911108724386,-0.47150136233152,-1.04779207805897,-0.519894914297499,-0.347422909026337
"2850-57656","2850-57647","2850-57656_2850-57647",1,"CHR",78,"CHR-78","0",11,13.53171341,8,-3,0.212903225806452,"CHR_78_1",1,NA,0,5,"no",17.54,19.51600199,27.59028249,76,-0.411550717693951,1.14723185861105,0.256764043881684,15.8,12.89783981,28.1838767,85.83333333,-0.459228290836701,-0.207070274097309,1.10864751842364,0.326132379266191,1.64872664202443,0,"large","first","dist.20","dist.20","dist.20",0,-0.312613569507737,-0.618526992834355,2.80911108724386,-0.47150136233152,2.30307908737845,-0.324477446700752,0.908946604529733
"2850-57656","2850-57653","2850-57656_2850-57653",1,"CHR",78,"CHR-78","0",11,26.19264283,2,-8,0.232258064516129,"CHR_78_1",1,NA,0,5,"no",17.54,19.51600199,27.59028249,76,-0.411550717693951,1.14723185861105,0.256764043881684,16.37,8.467490861,27.15053506,78,-1.39510816701437,-1.34521287106915,0.897405470214174,2.21752249245588,-0.109867392902431,0,"large","first","dist.20+","dist.20+","dist.20+",0,-0.0715477065271633,-0.618526992834355,2.80911108724386,-0.47150136233152,0.182274551131745,-1.12841701146077,0.110874711490428
"2850-57656","2850-57671","2850-57656_2850-57671",1,"CHR",78,"CHR-78","0",11,6.528819196,7,-4,0.216129032258065,"CHR_78_1",1,NA,0,5,"no",17.54,19.51600199,27.59028249,76,-0.411550717693951,1.14723185861105,0.256764043881684,17.53,16.28350449,28.84180791,75.83333333,-1.65396855880595,0.662696246718346,1.24314585953504,-0.720015532999232,1.35562763620329,0,"large","first","dist.10","dist.10","dist.10",0,-0.272435925677639,-0.618526992834355,2.80911108724386,-0.47150136233152,0.606435458890079,1.16785270969026,0.187430780520441
"2850-57656","2850-57731","2850-57656_2850-57731",1,"CHR",78,"CHR-78","0",11,12.97113301,0,23,0.238709677419355,"CHR_78_1",1,NA,0,5,"no",17.54,19.51600199,27.59028249,76,-0.411550717693951,1.14723185861105,0.256764043881684,15.9,10.9634214,23.24545364,91,0.158054181345658,-0.704016229851986,0.0991047285683272,0.242388430379387,-0.696065404544717,0,"large","first","dist.20","dist.20","dist.20",0,0.00880758113303239,-0.618526992834355,2.80911108724386,-0.47150136233152,-1.17504035013197,-0.720064302121302,-0.918055636034195
"2850-57656","2850-57733","2850-57656_2850-57733",1,"CHR",78,"CHR-78","0",0,5.08098656,0,17,0.238709677419355,"CHR_78_1",1,NA,0,5,"no",17.54,19.51600199,27.59028249,76,-0.411550717693951,1.14723185861105,0.256764043881684,15.66,14.84394317,20.45213858,102,1.47226847611183,0.292877508261001,-0.471921901664779,-0.936304262084002,-0.696065404544717,0,"large","first","dist.10","dist.10","dist.10",0,0.00880758113303239,-0.618526992834355,2.80911108724386,-0.47150136233152,0.606435458890079,-1.12204057333336,-0.450386497816471
"2850-57656","2850-57742","2850-57656_2850-57742",1,"CHR",78,"CHR-78","0",11,12.33962681,0,-18,0.238709677419355,"CHR_78_1",1,NA,0,5,"no",17.54,19.51600199,27.59028249,76,-0.411550717693951,1.14723185861105,0.256764043881684,16.98,13.00562645,26.1463443,93,0.397002234939508,-0.179380228057897,0.692122624034258,0.148049022625387,-0.696065404544717,0,"large","first","dist.20","dist.20","dist.20",0,0.00880758113303239,-0.618526992834355,2.80911108724386,-0.47150136233152,0.564019367350756,-0.96234197733198,-0.610003960994292
"2850-57656","2850-57806","2850-57656_2850-57806",1,"CHR",78,"CHR-78","0",11,20.46219552,0,-21,0.238709677419355,"CHR_78_1",1,NA,0,5,"no",17.54,19.51600199,27.59028249,76,-0.411550717693951,1.14723185861105,0.256764043881684,15.88,11.25502825,14.26422898,83.83333333,-0.698176344430552,-0.62910335473214,-1.73689240845576,1.36146279677767,-0.696065404544717,0,"large","first","dist.20+","dist.20+","dist.20+",0,0.00880758113303239,-0.618526992834355,2.80911108724386,-0.47150136233152,0.224690642671068,-0.312822534834813,0.766781208645738
"2850-57656","2850-57808","2850-57656_2850-57808",1,"CHR",78,"CHR-78","0",11,14.27662498,0,-21,0.238709677419355,"CHR_78_1",1,NA,0,5,"no",17.54,19.51600199,27.59028249,76,-0.411550717693951,1.14723185861105,0.256764043881684,17.44,11.46748421,15.37756564,100,1.23332042251798,-0.574524092276724,-1.50929728666711,0.437413181169485,-0.696065404544717,0,"large","first","dist.20","dist.20","dist.20",0,0.00880758113303239,-0.618526992834355,2.80911108724386,-0.47150136233152,0.564019367350756,-2.00209196155345,-1.05591017852521
"2850-57656","2850-57881","2850-57656_2850-57881",1,"CHR",78,"CHR-78","0",11,16.02301471,0,-16,0.238709677419355,"CHR_78_1",1,NA,0,5,"no",17.54,19.51600199,27.59028249,76,-0.411550717693951,1.14723185861105,0.256764043881684,16.55,11.73463277,21.93833167,84.83333333,-0.578702317633627,-0.50589447430401,-0.16810517715307,0.69830273828843,-0.696065404544717,0,"large","first","dist.20","dist.20","dist.20",0,0.00880758113303239,-0.618526992834355,2.80911108724386,-0.47150136233152,-0.835711625452285,0.553081751767378,1.79200900661347
"2850-57670","2640-97588","2850-57670_2640-97588",1,"CHR",73,"CHR-73","0",11,28.19081952,0,-21,0.332258064516129,"CHR_73_1",1,NA,0,5,"no",18.2,19.57938518,27.12702227,80,0.606435458890079,1.16785270969026,0.187430780520441,18.7,11.85018943,14.45612662,87,-0.319841925842042,-0.476208334764261,-1.69766351362466,2.5160259838269,-0.696065404544717,0,"large","first","dist.20+","dist.20+","dist.20+",0,1.17395925220583,-1.65396855880595,0.662696246718346,1.24314585953504,0.224690642671068,-0.0934822025987468,-1.95280566010936
"2850-57670","2640-97589","2850-57670_2640-97589",1,"CHR",73,"CHR-73","0",11,16.60764839,0,-19,0.332258064516129,"CHR_73_1",1,NA,0,5,"no",18.2,19.57938518,27.12702227,80,0.606435458890079,1.16785270969026,0.187430780520441,16.1,11.8153556,16.91354271,99.66666667,1.19349574731726,-0.485157035237985,-1.19530341502793,0.785639957027124,-0.696065404544717,0,"large","first","dist.20","dist.20","dist.20",0,1.17395925220583,-1.65396855880595,0.662696246718346,1.24314585953504,0.98818027510909,-0.478534822267752,-0.867541507603602
"2850-57670","2811-83208","2850-57670_2811-83208",1,"CHR",73,"CHR-73","0",11,4.473367138,6,-4,0.312903225806452,"CHR_73_1",1,NA,0,5,"no",18.2,19.57938518,27.12702227,80,0.606435458890079,1.16785270969026,0.187430780520441,16.9,18.73416916,21.00459455,87,-0.319841925842042,1.29226422972124,-0.358985457287731,-1.02707527337622,1.06252863038214,0,"large","first","dist.05","dist.05","dist.10",0,0.932893389225255,-1.65396855880595,0.662696246718346,1.24314585953504,-0.411550717693951,-0.159665267146272,1.94192717350385
"2850-57670","2850-57567","2850-57670_2850-57567",1,"CHR",73,"CHR-73","0",11,24.92060744,5,-6,0.316129032258064,"CHR_73_1",1,NA,0,5,"no",18.2,19.57938518,27.12702227,80,0.606435458890079,1.16785270969026,0.187430780520441,16.6,10.56012296,26.35612994,102.1666667,1.49218081789379,-0.807622320284185,0.735008293751907,2.02749575109574,0.769429624560999,0,"large","first","dist.20+","dist.20+","dist.20+",0,0.97307103305534,-1.65396855880595,0.662696246718346,1.24314585953504,-1.17504035013197,0.922800644787313,-0.818227574717981
"2850-57670","2850-57570","2850-57670_2850-57570",1,"CHR",73,"CHR-73","0",5,22.16538088,5,6,0.316129032258064,"CHR_73_1",1,NA,0,5,"no",18.2,19.57938518,27.12702227,80,0.606435458890079,1.16785270969026,0.187430780520441,16.51,16.84077767,23.06811898,90,0.038580154548733,0.805857959623855,0.0628528876022267,1.61589814223855,0.769429624560999,0,"large","first","dist.20+","dist.20+","dist.20+",0,0.97307103305534,-1.65396855880595,0.662696246718346,1.24314585953504,-0.157054173547943,-1.42571858026568,-1.08665491345185
"2850-57670","2850-57577","2850-57670_2850-57577",1,"CHR",73,"CHR-73","0",5,28.42927924,5,6,0.316129032258064,"CHR_73_1",1,"ep_same",1,5,"yes",18.2,19.57938518,27.12702227,80,0.606435458890079,1.16785270969026,0.187430780520441,18.2,20.92472416,28.83623131,90.83333333,0.138141843147924,1.85501086327307,1.24200585669334,2.55164898920355,0.769429624560999,1,"large","first","dist.20+","dist.20+","dist.20+",0.2,0.97307103305534,-1.65396855880595,0.662696246718346,1.24314585953504,-0.666047261839958,0.264789915692027,-0.462001728113777
"2850-57670","2850-57578","2850-57670_2850-57578",1,"CHR",73,"CHR-73","0",9,18.36382867,9,2,0.303225806451613,"CHR_73_1",1,NA,0,5,"no",18.2,19.57938518,27.12702227,80,0.606435458890079,1.16785270969026,0.187430780520441,17.2,10.81633932,15.67680791,91.5,0.217791194744121,-0.741801149826969,-1.44812434290995,1.04799210420233,1.94182564784557,0,"large","first","dist.20","dist.20","dist.20",0,0.812360457734962,-1.65396855880595,0.662696246718346,1.24314585953504,0.0550262790587415,1.59216462744548,-0.0904874492207969
"2850-57670","2850-57579","2850-57670_2850-57579",1,"CHR",73,"CHR-73","0",11,10.8143011,0,-11,0.332258064516129,"CHR_73_1",1,NA,0,5,"no",18.2,19.57938518,27.12702227,80,0.606435458890079,1.16785270969026,0.187430780520441,16.3,11.31949153,24.77905949,93.5,0.456739248337971,-0.612542942504321,0.412613860843324,-0.0798162368342178,-0.696065404544717,0,"large","first","dist.20","dist.20","dist.20",0,1.17395925220583,-1.65396855880595,0.662696246718346,1.24314585953504,0.394355006283394,0.252942547897877,-0.257226498974273
"2850-57670","2850-57580","2850-57670_2850-57580",1,"CHR",73,"CHR-73","0",11,5.852811652,7,-3,0.309677419354839,"CHR_73_1",1,NA,0,5,"no",18.2,19.57938518,27.12702227,80,0.606435458890079,1.16785270969026,0.187430780520441,16.2,9.142844799,27.48113161,87.83333333,-0.220280237242851,-1.17171658585126,0.964988048569367,-0.821002904680137,1.35562763620329,0,"large","first","dist.10","dist.10","dist.10",0,0.892715745395158,-1.65396855880595,0.662696246718346,1.24314585953504,0.564019367350756,0.594981908524202,0.613110506001452
"2850-57670","2850-57581","2850-57670_2850-57581",1,"CHR",73,"CHR-73","0",11,10.62077385,0,-13,0.332258064516129,"CHR_73_1",1,NA,0,5,"no",18.2,19.57938518,27.12702227,80,0.606435458890079,1.16785270969026,0.187430780520441,15.5,12.5018158,18.94245264,82.5,-0.857475046428205,-0.308807586528723,-0.780541178943333,-0.108726873260685,-0.696065404544717,0,"large","first","dist.20","dist.20","dist.20",0,1.17395925220583,-1.65396855880595,0.662696246718346,1.24314585953504,-0.920543805985966,0.0923616887128494,-0.0652425713766268
"2850-57670","2850-57589","2850-57670_2850-57589",1,"CHR",73,"CHR-73","0",11,11.61683212,4,-7,0.319354838709677,"CHR_73_1",1,NA,0,5,"no",18.2,19.57938518,27.12702227,80,0.606435458890079,1.16785270969026,0.187430780520441,17.5,12.65077601,16.92662014,97,0.874898342127209,-0.270540180912031,-1.19263004642303,0.0400722157748196,0.476330618739855,0,"large","first","dist.20","dist.20","dist.20",0,1.01324867688544,-1.65396855880595,0.662696246718346,1.24314585953504,0.394355006283394,-0.220209818057244,-0.7238327207249
"2850-57670","2850-57620","2850-57670_2850-57620",1,"CHR",73,"CHR-73","0",11,21.04846256,6,-4,0.312903225806452,"CHR_73_1",1,NA,0,5,"no",18.2,19.57938518,27.12702227,80,0.606435458890079,1.16785270969026,0.187430780520441,18.2,8.903889997,21.60838485,87,-0.319841925842042,-1.2331033167923,-0.235554933708899,1.44904401979542,1.06252863038214,0,"large","first","dist.20+","dist.20+","dist.20+",0,0.932893389225255,-1.65396855880595,0.662696246718346,1.24314585953504,-1.04779207805897,-0.519894914297499,-0.347422909026337
"2850-57670","2850-57647","2850-57670_2850-57647",1,"CHR",73,"CHR-73","0",10,16.72153987,10,1,0.3,"CHR_73_1",1,NA,0,5,"no",18.2,19.57938518,27.12702227,80,0.606435458890079,1.16785270969026,0.187430780520441,15.8,12.89783981,28.1838767,85.83333333,-0.459228290836701,-0.207070274097309,1.10864751842364,0.80265397014596,2.23492465366671,0,"large","first","dist.20","dist.20","dist.20",0,0.772182813904864,-1.65396855880595,0.662696246718346,1.24314585953504,2.30307908737845,-0.324477446700752,0.908946604529733
"2850-57670","2850-57653","2850-57670_2850-57653",1,"CHR",73,"CHR-73","0",11,29.12985901,6,-4,0.312903225806452,"CHR_73_1",1,NA,0,5,"no",18.2,19.57938518,27.12702227,80,0.606435458890079,1.16785270969026,0.187430780520441,16.37,8.467490861,27.15053506,78,-1.39510816701437,-1.34521287106915,0.897405470214174,2.65630715500815,1.06252863038214,0,"large","first","dist.20+","dist.20+","dist.20+",0,0.932893389225255,-1.65396855880595,0.662696246718346,1.24314585953504,0.182274551131745,-1.12841701146077,0.110874711490428
"2850-57670","2850-57731","2850-57670_2850-57731",1,"CHR",73,"CHR-73","0",11,15.5412171,0,-22,0.332258064516129,"CHR_73_1",1,NA,0,5,"no",18.2,19.57938518,27.12702227,80,0.606435458890079,1.16785270969026,0.187430780520441,15.9,10.9634214,23.24545364,91,0.158054181345658,-0.704016229851986,0.0991047285683272,0.626327987787655,-0.696065404544717,0,"large","first","dist.20","dist.20","dist.20",0,1.17395925220583,-1.65396855880595,0.662696246718346,1.24314585953504,-1.17504035013197,-0.720064302121302,-0.918055636034195
"2850-57670","2850-57742","2850-57670_2850-57742",1,"CHR",73,"CHR-73","0",11,16.6309399,0,-14,0.332258064516129,"CHR_73_1",1,NA,0,5,"no",18.2,19.57938518,27.12702227,80,0.606435458890079,1.16785270969026,0.187430780520441,16.98,13.00562645,26.1463443,93,0.397002234939508,-0.179380228057897,0.692122624034258,0.789119427631049,-0.696065404544717,0,"large","first","dist.20","dist.20","dist.20",0,1.17395925220583,-1.65396855880595,0.662696246718346,1.24314585953504,0.564019367350756,-0.96234197733198,-0.610003960994292
"2850-57670","2850-57744","2850-57670_2850-57744",1,"CHR",73,"CHR-73","0",7,6.528819196,7,4,0.309677419354839,"CHR_73_1",1,NA,0,5,"no",18.2,19.57938518,27.12702227,80,0.606435458890079,1.16785270969026,0.187430780520441,14.77,24.63866733,20.45419575,84.5,-0.618526992834355,2.80911108724386,-0.47150136233152,-0.720015532999232,1.35562763620329,0,"large","first","dist.10","dist.10","dist.10",0,0.892715745395158,-1.65396855880595,0.662696246718346,1.24314585953504,-0.411550717693951,1.14723185861105,0.256764043881684
"2850-57670","2850-57806","2850-57670_2850-57806",1,"CHR",73,"CHR-73","0",11,22.64758752,0,-17,0.332258064516129,"CHR_73_1",1,NA,0,5,"no",18.2,19.57938518,27.12702227,80,0.606435458890079,1.16785270969026,0.187430780520441,15.88,11.25502825,14.26422898,83.83333333,-0.698176344430552,-0.62910335473214,-1.73689240845576,1.68793399688676,-0.696065404544717,0,"large","first","dist.20+","dist.20+","dist.20+",0,1.17395925220583,-1.65396855880595,0.662696246718346,1.24314585953504,0.224690642671068,-0.312822534834813,0.766781208645738
"2850-57670","2850-57808","2850-57670_2850-57808",1,"CHR",73,"CHR-73","0",11,16.04915093,0,-17,0.332258064516129,"CHR_73_1",1,NA,0,5,"no",18.2,19.57938518,27.12702227,80,0.606435458890079,1.16785270969026,0.187430780520441,17.44,11.46748421,15.37756564,100,1.23332042251798,-0.574524092276724,-1.50929728666711,0.702207174247615,-0.696065404544717,0,"large","first","dist.20","dist.20","dist.20",0,1.17395925220583,-1.65396855880595,0.662696246718346,1.24314585953504,0.564019367350756,-2.00209196155345,-1.05591017852521
"2850-57670","2850-57881","2850-57670_2850-57881",1,"CHR",73,"CHR-73","0",11,16.66597055,0,-12,0.332258064516129,"CHR_73_1",1,NA,0,5,"no",18.2,19.57938518,27.12702227,80,0.606435458890079,1.16785270969026,0.187430780520441,16.55,11.73463277,21.93833167,84.83333333,-0.578702317633627,-0.50589447430401,-0.16810517715307,0.794352584129334,-0.696065404544717,0,"large","first","dist.20","dist.20","dist.20",0,1.17395925220583,-1.65396855880595,0.662696246718346,1.24314585953504,-0.835711625452285,0.553081751767378,1.79200900661347
"2850-57730","2640-97589","2850-57730_2640-97589",1,"CHR",93,"CHR-93","0",9,11.64241472,9,2,0.164516129032258,"CHR_93_1",1,NA,0,5,"no",19.1,15.70236623,12.82672316,78.5,0.224690642671068,-0.0934822025987468,-1.95280566010936,16.1,11.8153556,16.91354271,99.66666667,1.19349574731726,-0.485157035237985,-1.19530341502793,0.0438939475849071,1.94182564784557,0,"large","first","dist.20","dist.20","dist.20",0,-0.91527822695919,-0.319841925842042,-0.476208334764261,-1.69766351362466,0.98818027510909,-0.478534822267752,-0.867541507603602
"2850-57730","2640-97589","2850-57730_2640-97589",2,"CHR",93,"CHR-93","0",11,11.64241472,8,3,0.293548387096774,"CHR_93_2",1,NA,0,4,"no",19.1,15.70236623,12.82672316,78.5,0.224690642671068,-0.0934822025987468,-1.95280566010936,16.1,11.8153556,16.91354271,99.66666667,1.19349574731726,-0.485157035237985,-1.19530341502793,0.0438939475849071,1.64872664202443,0,"large","second","dist.20","dist.20","dist.20",0,0.691827526244669,-0.319841925842042,-0.476208334764261,-1.69766351362466,0.98818027510909,-0.478534822267752,-0.867541507603602
"2850-57730","2811-83208","2850-57730_2811-83208",2,"CHR",93,"CHR-93","0",11,28.17761148,0,18,0.319354838709677,"CHR_93_2",1,NA,0,4,"no",19.1,15.70236623,12.82672316,78.5,0.224690642671068,-0.0934822025987468,-1.95280566010936,16.9,18.73416916,21.00459455,87,-0.319841925842042,1.29226422972124,-0.358985457287731,2.51405286199343,-0.696065404544717,0,"large","second","dist.20+","dist.20+","dist.20+",0,1.01324867688544,-0.319841925842042,-0.476208334764261,-1.69766351362466,-0.411550717693951,-0.159665267146272,1.94192717350385
"2850-57730","2811-83208","2850-57730_2811-83208",1,"CHR",93,"CHR-93","0",0,28.17761148,0,17,0.193548387096774,"CHR_93_1",1,NA,0,5,"no",19.1,15.70236623,12.82672316,78.5,0.224690642671068,-0.0934822025987468,-1.95280566010936,16.9,18.73416916,21.00459455,87,-0.319841925842042,1.29226422972124,-0.358985457287731,2.51405286199343,-0.696065404544717,0,"large","first","dist.20+","dist.20+","dist.20+",0,-0.553679432488324,-0.319841925842042,-0.476208334764261,-1.69766351362466,-0.411550717693951,-0.159665267146272,1.94192717350385
"2850-57730","2850-57567","2850-57730_2850-57567",2,"CHR",93,"CHR-93","0",10,3.556400208,0,-33,0.319354838709677,"CHR_93_2",1,NA,0,4,"no",19.1,15.70236623,12.82672316,78.5,0.224690642671068,-0.0934822025987468,-1.95280566010936,16.6,10.56012296,26.35612994,102.1666667,1.49218081789379,-0.807622320284185,0.735008293751907,-1.16405907037806,-0.696065404544717,0,"large","second","dist.05","dist.05","dist.10",0,1.01324867688544,-0.319841925842042,-0.476208334764261,-1.69766351362466,-1.17504035013197,0.922800644787313,-0.818227574717981
"2850-57730","2850-57567","2850-57730_2850-57567",1,"CHR",93,"CHR-93","0",0,3.556400208,0,15,0.193548387096774,"CHR_93_1",1,NA,0,5,"no",19.1,15.70236623,12.82672316,78.5,0.224690642671068,-0.0934822025987468,-1.95280566010936,16.6,10.56012296,26.35612994,102.1666667,1.49218081789379,-0.807622320284185,0.735008293751907,-1.16405907037806,-0.696065404544717,0,"large","first","dist.05","dist.05","dist.10",0,-0.553679432488324,-0.319841925842042,-0.476208334764261,-1.69766351362466,-1.17504035013197,0.922800644787313,-0.818227574717981
"2850-57730","2850-57570","2850-57730_2850-57570",2,"CHR",93,"CHR-93","0",11,3.332966163,9,-1,0.290322580645161,"CHR_93_2",1,NA,0,4,"no",19.1,15.70236623,12.82672316,78.5,0.224690642671068,-0.0934822025987468,-1.95280566010936,16.51,16.84077767,23.06811898,90,0.038580154548733,0.805857959623855,0.0628528876022267,-1.19743742118029,1.94182564784557,0,"large","second","dist.05","dist.05","dist.10",0,0.651649882414571,-0.319841925842042,-0.476208334764261,-1.69766351362466,-0.157054173547943,-1.42571858026568,-1.08665491345185
"2850-57730","2850-57570","2850-57730_2850-57570",1,"CHR",93,"CHR-93","0",0,6.053862163,0,27,0.193548387096774,"CHR_93_1",1,NA,0,5,"no",19.1,15.70236623,12.82672316,78.5,0.224690642671068,-0.0934822025987468,-1.95280566010936,16.51,16.84077767,23.06811898,90,0.038580154548733,0.805857959623855,0.0628528876022267,-0.790968383821309,-0.696065404544717,0,"large","first","dist.10","dist.10","dist.10",0,-0.553679432488324,-0.319841925842042,-0.476208334764261,-1.69766351362466,-0.157054173547943,-1.42571858026568,-1.08665491345185
"2850-57730","2850-57577","2850-57730_2850-57577",2,"CHR",93,"CHR-93","0",11,6.614013398,0,-21,0.319354838709677,"CHR_93_2",1,NA,0,4,"no",19.1,15.70236623,12.82672316,78.5,0.224690642671068,-0.0934822025987468,-1.95280566010936,18.2,20.92472416,28.83623131,90.83333333,0.138141843147924,1.85501086327307,1.24200585669334,-0.707288547008034,-0.696065404544717,0,"large","second","dist.10","dist.10","dist.10",0,1.01324867688544,-0.319841925842042,-0.476208334764261,-1.69766351362466,-0.666047261839958,0.264789915692027,-0.462001728113777
"2850-57730","2850-57577","2850-57730_2850-57577",1,"CHR",93,"CHR-93","0",0,6.614013398,0,27,0.193548387096774,"CHR_93_1",1,NA,0,5,"no",19.1,15.70236623,12.82672316,78.5,0.224690642671068,-0.0934822025987468,-1.95280566010936,18.2,20.92472416,28.83623131,90.83333333,0.138141843147924,1.85501086327307,1.24200585669334,-0.707288547008034,-0.696065404544717,0,"large","first","dist.10","dist.10","dist.10",0,-0.553679432488324,-0.319841925842042,-0.476208334764261,-1.69766351362466,-0.666047261839958,0.264789915692027,-0.462001728113777
"2850-57730","2850-57578","2850-57730_2850-57578",2,"CHR",93,"CHR-93","0",11,9.910183806,0,-25,0.319354838709677,"CHR_93_2",1,NA,0,4,"no",19.1,15.70236623,12.82672316,78.5,0.224690642671068,-0.0934822025987468,-1.95280566010936,17.2,10.81633932,15.67680791,91.5,0.217791194744121,-0.741801149826969,-1.44812434290995,-0.214880453236383,-0.696065404544717,0,"large","second","dist.10","dist.10","dist.10",0,1.01324867688544,-0.319841925842042,-0.476208334764261,-1.69766351362466,0.0550262790587415,1.59216462744548,-0.0904874492207969
"2850-57730","2850-57578","2850-57730_2850-57578",1,"CHR",93,"CHR-93","0",0,9.910183806,0,23,0.193548387096774,"CHR_93_1",1,NA,0,5,"no",19.1,15.70236623,12.82672316,78.5,0.224690642671068,-0.0934822025987468,-1.95280566010936,17.2,10.81633932,15.67680791,91.5,0.217791194744121,-0.741801149826969,-1.44812434290995,-0.214880453236383,-0.696065404544717,0,"large","first","dist.10","dist.10","dist.10",0,-0.553679432488324,-0.319841925842042,-0.476208334764261,-1.69766351362466,0.0550262790587415,1.59216462744548,-0.0904874492207969
"2850-57730","2850-57579","2850-57730_2850-57579",1,"CHR",93,"CHR-93","0",1,17.416029,1,10,0.190322580645161,"CHR_93_1",1,NA,0,5,"no",19.1,15.70236623,12.82672316,78.5,0.224690642671068,-0.0934822025987468,-1.95280566010936,16.3,11.31949153,24.77905949,93.5,0.456739248337971,-0.612542942504321,0.412613860843324,0.906402267812381,-0.402966398723574,0,"large","first","dist.20","dist.20","dist.20",0,-0.593857076318421,-0.319841925842042,-0.476208334764261,-1.69766351362466,0.394355006283394,0.252942547897877,-0.257226498974273
"2850-57730","2850-57579","2850-57730_2850-57579",2,"CHR",93,"CHR-93","0",11,18.84691719,0,-13,0.319354838709677,"CHR_93_2",1,NA,0,4,"no",19.1,15.70236623,12.82672316,78.5,0.224690642671068,-0.0934822025987468,-1.95280566010936,16.3,11.31949153,24.77905949,93.5,0.456739248337971,-0.612542942504321,0.412613860843324,1.12015970108349,-0.696065404544717,0,"large","second","dist.20","dist.20","dist.20",0,1.01324867688544,-0.319841925842042,-0.476208334764261,-1.69766351362466,0.394355006283394,0.252942547897877,-0.257226498974273
"2850-57730","2850-57580","2850-57730_2850-57580",2,"CHR",93,"CHR-93","0",11,23.12713998,0,-30,0.319354838709677,"CHR_93_2",1,NA,0,4,"no",19.1,15.70236623,12.82672316,78.5,0.224690642671068,-0.0934822025987468,-1.95280566010936,16.2,9.142844799,27.48113161,87.83333333,-0.220280237242851,-1.17171658585126,0.964988048569367,1.75957334906315,-0.696065404544717,0,"large","second","dist.20+","dist.20+","dist.20+",0,1.01324867688544,-0.319841925842042,-0.476208334764261,-1.69766351362466,0.564019367350756,0.594981908524202,0.613110506001452
"2850-57730","2850-57580","2850-57730_2850-57580",1,"CHR",93,"CHR-93","0",0,23.12713998,0,18,0.193548387096774,"CHR_93_1",1,NA,0,5,"no",19.1,15.70236623,12.82672316,78.5,0.224690642671068,-0.0934822025987468,-1.95280566010936,16.2,9.142844799,27.48113161,87.83333333,-0.220280237242851,-1.17171658585126,0.964988048569367,1.75957334906315,-0.696065404544717,0,"large","first","dist.20+","dist.20+","dist.20+",0,-0.553679432488324,-0.319841925842042,-0.476208334764261,-1.69766351362466,0.564019367350756,0.594981908524202,0.613110506001452
"2850-57730","2850-57581","2850-57730_2850-57581",1,"CHR",93,"CHR-93","0",3,21.5198601,3,8,0.183870967741935,"CHR_93_1",1,NA,0,5,"no",19.1,15.70236623,12.82672316,78.5,0.224690642671068,-0.0934822025987468,-1.95280566010936,15.5,12.5018158,18.94245264,82.5,-0.857475046428205,-0.308807586528723,-0.780541178943333,1.51946512530522,0.183231612918712,0,"large","first","dist.20+","dist.20+","dist.20+",0,-0.674212363978617,-0.319841925842042,-0.476208334764261,-1.69766351362466,-0.920543805985966,0.0923616887128494,-0.0652425713766268
"2850-57730","2850-57581","2850-57730_2850-57581",2,"CHR",93,"CHR-93","0",11,21.8846041472727,2,9,0.312903225806452,"CHR_93_2",1,NA,0,4,"no",19.1,15.70236623,12.82672316,78.5,0.224690642671068,-0.0934822025987468,-1.95280566010936,15.5,12.5018158,18.94245264,82.5,-0.857475046428205,-0.308807586528723,-0.780541178943333,1.57395348567524,-0.109867392902431,0,"large","second","dist.20+","dist.20+","dist.20+",0,0.932893389225255,-0.319841925842042,-0.476208334764261,-1.69766351362466,-0.920543805985966,0.0923616887128494,-0.0652425713766268
"2850-57730","2850-57589","2850-57730_2850-57589",2,"CHR",93,"CHR-93","0",11,17.19439348,0,19,0.319354838709677,"CHR_93_2",1,NA,0,4,"no",19.1,15.70236623,12.82672316,78.5,0.224690642671068,-0.0934822025987468,-1.95280566010936,17.5,12.65077601,16.92662014,97,0.874898342127209,-0.270540180912031,-1.19263004642303,0.873292594947649,-0.696065404544717,0,"large","second","dist.20","dist.20","dist.20",0,1.01324867688544,-0.319841925842042,-0.476208334764261,-1.69766351362466,0.394355006283394,-0.220209818057244,-0.7238327207249
"2850-57730","2850-57589","2850-57730_2850-57589",1,"CHR",93,"CHR-93","0",0,17.19439348,0,14,0.193548387096774,"CHR_93_1",1,NA,0,5,"no",19.1,15.70236623,12.82672316,78.5,0.224690642671068,-0.0934822025987468,-1.95280566010936,17.5,12.65077601,16.92662014,97,0.874898342127209,-0.270540180912031,-1.19263004642303,0.873292594947649,-0.696065404544717,0,"large","first","dist.20","dist.20","dist.20",0,-0.553679432488324,-0.319841925842042,-0.476208334764261,-1.69766351362466,0.394355006283394,-0.220209818057244,-0.7238327207249
"2850-57730","2850-57620","2850-57730_2850-57620",2,"CHR",93,"CHR-93","0",11,7.176553384,0,18,0.319354838709677,"CHR_93_2",1,NA,0,4,"no",19.1,15.70236623,12.82672316,78.5,0.224690642671068,-0.0934822025987468,-1.95280566010936,18.2,8.903889997,21.60838485,87,-0.319841925842042,-1.2331033167923,-0.235554933708899,-0.623251859613384,-0.696065404544717,0,"large","second","dist.10","dist.10","dist.10",0,1.01324867688544,-0.319841925842042,-0.476208334764261,-1.69766351362466,-1.04779207805897,-0.519894914297499,-0.347422909026337
"2850-57730","2850-57620","2850-57730_2850-57620",1,"CHR",93,"CHR-93","0",0,7.176553384,0,17,0.193548387096774,"CHR_93_1",1,NA,0,5,"no",19.1,15.70236623,12.82672316,78.5,0.224690642671068,-0.0934822025987468,-1.95280566010936,18.2,8.903889997,21.60838485,87,-0.319841925842042,-1.2331033167923,-0.235554933708899,-0.623251859613384,-0.696065404544717,0,"large","first","dist.10","dist.10","dist.10",0,-0.553679432488324,-0.319841925842042,-0.476208334764261,-1.69766351362466,-1.04779207805897,-0.519894914297499,-0.347422909026337
"2850-57730","2850-57647","2850-57730_2850-57647",2,"CHR",93,"CHR-93","0",11,11.55530626,0,-26,0.319354838709677,"CHR_93_2",1,NA,0,4,"no",19.1,15.70236623,12.82672316,78.5,0.224690642671068,-0.0934822025987468,-1.95280566010936,15.8,12.89783981,28.1838767,85.83333333,-0.459228290836701,-0.207070274097309,1.10864751842364,0.0308809945422244,-0.696065404544717,0,"large","second","dist.20","dist.20","dist.20",0,1.01324867688544,-0.319841925842042,-0.476208334764261,-1.69766351362466,2.30307908737845,-0.324477446700752,0.908946604529733
"2850-57730","2850-57647","2850-57730_2850-57647",1,"CHR",93,"CHR-93","0",0,11.55530626,0,22,0.193548387096774,"CHR_93_1",1,NA,0,5,"no",19.1,15.70236623,12.82672316,78.5,0.224690642671068,-0.0934822025987468,-1.95280566010936,15.8,12.89783981,28.1838767,85.83333333,-0.459228290836701,-0.207070274097309,1.10864751842364,0.0308809945422244,-0.696065404544717,0,"large","first","dist.20","dist.20","dist.20",0,-0.553679432488324,-0.319841925842042,-0.476208334764261,-1.69766351362466,2.30307908737845,-0.324477446700752,0.908946604529733
"2850-57730","2850-57653","2850-57730_2850-57653",2,"CHR",93,"CHR-93","0",11,2.99603000936364,9,2,0.290322580645161,"CHR_93_2",1,"ep_same",1,4,"yes",19.1,15.70236623,12.82672316,78.5,0.224690642671068,-0.0934822025987468,-1.95280566010936,16.37,8.467490861,27.15053506,78,-1.39510816701437,-1.34521287106915,0.897405470214174,-1.24777161771702,1.94182564784557,1,"large","second","dist.05","dist.05","dist.10",0.25,0.651649882414571,-0.319841925842042,-0.476208334764261,-1.69766351362466,0.182274551131745,-1.12841701146077,0.110874711490428
"2850-57730","2850-57653","2850-57730_2850-57653",1,"CHR",93,"CHR-93","0",0,1.870428532,0,17,0.193548387096774,"CHR_93_1",1,NA,0,5,"no",19.1,15.70236623,12.82672316,78.5,0.224690642671068,-0.0934822025987468,-1.95280566010936,16.37,8.467490861,27.15053506,78,-1.39510816701437,-1.34521287106915,0.897405470214174,-1.41592289911618,-0.696065404544717,0,"large","first","dist.05","dist.05","dist.10",0,-0.553679432488324,-0.319841925842042,-0.476208334764261,-1.69766351362466,0.182274551131745,-1.12841701146077,0.110874711490428
"2850-57730","2850-57671","2850-57730_2850-57671",2,"CHR",93,"CHR-93","0",11,28.19081952,0,-27,0.319354838709677,"CHR_93_2",1,NA,0,4,"no",19.1,15.70236623,12.82672316,78.5,0.224690642671068,-0.0934822025987468,-1.95280566010936,17.53,16.28350449,28.84180791,75.83333333,-1.65396855880595,0.662696246718346,1.24314585953504,2.5160259838269,-0.696065404544717,0,"large","second","dist.20+","dist.20+","dist.20+",0,1.01324867688544,-0.319841925842042,-0.476208334764261,-1.69766351362466,0.606435458890079,1.16785270969026,0.187430780520441
"2850-57730","2850-57671","2850-57730_2850-57671",1,"CHR",93,"CHR-93","0",0,28.19081952,0,21,0.193548387096774,"CHR_93_1",1,NA,0,5,"no",19.1,15.70236623,12.82672316,78.5,0.224690642671068,-0.0934822025987468,-1.95280566010936,17.53,16.28350449,28.84180791,75.83333333,-1.65396855880595,0.662696246718346,1.24314585953504,2.5160259838269,-0.696065404544717,0,"large","first","dist.20+","dist.20+","dist.20+",0,-0.553679432488324,-0.319841925842042,-0.476208334764261,-1.69766351362466,0.606435458890079,1.16785270969026,0.187430780520441
"2850-57730","2850-57731","2850-57730_2850-57731",1,"CHR",93,"CHR-93","0",11,12.6552842,10,-1,0.161290322580645,"CHR_93_1",1,NA,0,5,"no",19.1,15.70236623,12.82672316,78.5,0.224690642671068,-0.0934822025987468,-1.95280566010936,15.9,10.9634214,23.24545364,91,0.158054181345658,-0.704016229851986,0.0991047285683272,0.195204428583038,2.23492465366671,0,"large","first","dist.20","dist.20","dist.20",0,-0.955455870789288,-0.319841925842042,-0.476208334764261,-1.69766351362466,-1.17504035013197,-0.720064302121302,-0.918055636034195
"2850-57730","2850-57731","2850-57730_2850-57731",2,"CHR",93,"CHR-93","0",11,9.455109905,11,0,0.287096774193548,"CHR_93_2",1,NA,0,4,"no",19.1,15.70236623,12.82672316,78.5,0.224690642671068,-0.0934822025987468,-1.95280566010936,15.9,10.9634214,23.24545364,91,0.158054181345658,-0.704016229851986,0.0991047285683272,-0.282863004008873,2.52802365948786,0,"large","second","dist.10","dist.10","dist.10",0,0.611472238584474,-0.319841925842042,-0.476208334764261,-1.69766351362466,-1.17504035013197,-0.720064302121302,-0.918055636034195
"2850-57730","2850-57733","2850-57730_2850-57733",2,"CHR",93,"CHR-93","0",11,20.60946097,4,-6,0.306451612903226,"CHR_93_2",1,NA,0,4,"no",19.1,15.70236623,12.82672316,78.5,0.224690642671068,-0.0934822025987468,-1.95280566010936,15.66,14.84394317,20.45213858,102,1.47226847611183,0.292877508261001,-0.471921901664779,1.38346247838908,0.476330618739855,0,"large","second","dist.20+","dist.20+","dist.20+",0,0.852538101565059,-0.319841925842042,-0.476208334764261,-1.69766351362466,0.606435458890079,-1.12204057333336,-0.450386497816471
"2850-57730","2850-57733","2850-57730_2850-57733",1,"CHR",93,"CHR-93","0",0,20.60946097,0,42,0.193548387096774,"CHR_93_1",1,NA,0,5,"no",19.1,15.70236623,12.82672316,78.5,0.224690642671068,-0.0934822025987468,-1.95280566010936,15.66,14.84394317,20.45213858,102,1.47226847611183,0.292877508261001,-0.471921901664779,1.38346247838908,-0.696065404544717,0,"large","first","dist.20+","dist.20+","dist.20+",0,-0.553679432488324,-0.319841925842042,-0.476208334764261,-1.69766351362466,0.606435458890079,-1.12204057333336,-0.450386497816471
"2850-57730","2850-57742","2850-57730_2850-57742",1,"CHR",93,"CHR-93","0",4,12.7667261,4,7,0.180645161290323,"CHR_93_1",1,NA,0,5,"no",19.1,15.70236623,12.82672316,78.5,0.224690642671068,-0.0934822025987468,-1.95280566010936,16.98,13.00562645,26.1463443,93,0.397002234939508,-0.179380228057897,0.692122624034258,0.211852504001744,0.476330618739855,0,"large","first","dist.20","dist.20","dist.20",0,-0.714390007808702,-0.319841925842042,-0.476208334764261,-1.69766351362466,0.564019367350756,-0.96234197733198,-0.610003960994292
"2850-57730","2850-57742","2850-57730_2850-57742",2,"CHR",93,"CHR-93","0",11,14.1821213381818,6,5,0.3,"CHR_93_2",1,NA,0,4,"no",19.1,15.70236623,12.82672316,78.5,0.224690642671068,-0.0934822025987468,-1.95280566010936,16.98,13.00562645,26.1463443,93,0.397002234939508,-0.179380228057897,0.692122624034258,0.423295477179049,1.06252863038214,0,"large","second","dist.20","dist.20","dist.20",0,0.772182813904864,-0.319841925842042,-0.476208334764261,-1.69766351362466,0.564019367350756,-0.96234197733198,-0.610003960994292
"2850-57730","2850-57744","2850-57730_2850-57744",2,"CHR",93,"CHR-93","0",11,24.93320866,0,-23,0.319354838709677,"CHR_93_2",1,NA,0,4,"no",19.1,15.70236623,12.82672316,78.5,0.224690642671068,-0.0934822025987468,-1.95280566010936,14.77,24.63866733,20.45419575,84.5,-0.618526992834355,2.80911108724386,-0.47150136233152,2.02937822134191,-0.696065404544717,0,"large","second","dist.20+","dist.20+","dist.20+",0,1.01324867688544,-0.319841925842042,-0.476208334764261,-1.69766351362466,-0.411550717693951,1.14723185861105,0.256764043881684
"2850-57730","2850-57744","2850-57730_2850-57744",1,"CHR",93,"CHR-93","0",0,24.93320866,0,25,0.193548387096774,"CHR_93_1",1,NA,0,5,"no",19.1,15.70236623,12.82672316,78.5,0.224690642671068,-0.0934822025987468,-1.95280566010936,14.77,24.63866733,20.45419575,84.5,-0.618526992834355,2.80911108724386,-0.47150136233152,2.02937822134191,-0.696065404544717,0,"large","first","dist.20+","dist.20+","dist.20+",0,-0.553679432488324,-0.319841925842042,-0.476208334764261,-1.69766351362466,-0.411550717693951,1.14723185861105,0.256764043881684
"2850-57730","2850-57806","2850-57730_2850-57806",1,"CHR",93,"CHR-93","0",7,6.642331491,7,4,0.170967741935484,"CHR_93_1",1,NA,0,5,"no",19.1,15.70236623,12.82672316,78.5,0.224690642671068,-0.0934822025987468,-1.95280566010936,15.88,11.25502825,14.26422898,83.83333333,-0.698176344430552,-0.62910335473214,-1.73689240845576,-0.703058165544887,1.35562763620329,0,"large","first","dist.10","dist.10","dist.10",0,-0.834922939298995,-0.319841925842042,-0.476208334764261,-1.69766351362466,0.224690642671068,-0.312822534834813,0.766781208645738
"2850-57730","2850-57806","2850-57730_2850-57806",2,"CHR",93,"CHR-93","0",12,6.21442920225,3,8,0.309677419354839,"CHR_93_2",1,NA,0,4,"no",19.1,15.70236623,12.82672316,78.5,0.224690642671068,-0.0934822025987468,-1.95280566010936,15.88,11.25502825,14.26422898,83.83333333,-0.698176344430552,-0.62910335473214,-1.73689240845576,-0.766981605247072,0.183231612918712,0,"large","second","dist.10","dist.10","dist.10",0,0.892715745395158,-0.319841925842042,-0.476208334764261,-1.69766351362466,0.224690642671068,-0.312822534834813,0.766781208645738
"2850-57730","2850-57808","2850-57730_2850-57808",1,"CHR",93,"CHR-93","0",7,12.54316078,7,4,0.170967741935484,"CHR_93_1",1,NA,0,5,"no",19.1,15.70236623,12.82672316,78.5,0.224690642671068,-0.0934822025987468,-1.95280566010936,17.44,11.46748421,15.37756564,100,1.23332042251798,-0.574524092276724,-1.50929728666711,0.178454542298227,1.35562763620329,0,"large","first","dist.20","dist.20","dist.20",0,-0.834922939298995,-0.319841925842042,-0.476208334764261,-1.69766351362466,0.564019367350756,-2.00209196155345,-1.05591017852521
"2850-57730","2850-57808","2850-57730_2850-57808",2,"CHR",93,"CHR-93","0",11,13.1855335345455,7,4,0.296774193548387,"CHR_93_2",1,NA,0,4,"no",19.1,15.70236623,12.82672316,78.5,0.224690642671068,-0.0934822025987468,-1.95280566010936,17.44,11.46748421,15.37756564,100,1.23332042251798,-0.574524092276724,-1.50929728666711,0.274417282206605,1.35562763620329,0,"large","second","dist.20","dist.20","dist.20",0,0.732005170074767,-0.319841925842042,-0.476208334764261,-1.69766351362466,0.564019367350756,-2.00209196155345,-1.05591017852521
"2850-57730","2850-57881","2850-57730_2850-57881",1,"CHR",93,"CHR-93","0",2,13.53847398,2,9,0.187096774193548,"CHR_93_1",1,NA,0,5,"no",19.1,15.70236623,12.82672316,78.5,0.224690642671068,-0.0934822025987468,-1.95280566010936,16.55,11.73463277,21.93833167,84.83333333,-0.578702317633627,-0.50589447430401,-0.16810517715307,0.327142326864298,-0.109867392902431,0,"large","first","dist.20","dist.20","dist.20",0,-0.634034720148519,-0.319841925842042,-0.476208334764261,-1.69766351362466,-0.835711625452285,0.553081751767378,1.79200900661347
"2850-57730","2850-57881","2850-57730_2850-57881",2,"CHR",93,"CHR-93","0",11,13.53847398,0,18,0.319354838709677,"CHR_93_2",1,NA,0,4,"no",19.1,15.70236623,12.82672316,78.5,0.224690642671068,-0.0934822025987468,-1.95280566010936,16.55,11.73463277,21.93833167,84.83333333,-0.578702317633627,-0.50589447430401,-0.16810517715307,0.327142326864298,-0.696065404544717,0,"large","second","dist.20","dist.20","dist.20",0,1.01324867688544,-0.319841925842042,-0.476208334764261,-1.69766351362466,-0.835711625452285,0.553081751767378,1.79200900661347
"2850-57735","2640-97588","2850-57735_2640-97588",1,"CHR",37,"CHR-37","0",11,6.182950427,7,-4,0.235483870967742,"CHR_37_1",1,NA,0,4,"no",17.4,15.02817049,30.99803589,78.5,0.224690642671068,-0.312822534834813,0.766781208645738,18.7,11.85018943,14.45612662,87,-0.319841925842042,-0.476208334764261,-1.69766351362466,-0.771684154507722,1.35562763620329,0,"large","first","dist.10","dist.10","dist.10",0,-0.0313700626970653,-0.698176344430552,-0.62910335473214,-1.73689240845576,0.224690642671068,-0.0934822025987468,-1.95280566010936
"2850-57735","2640-97588","2850-57735_2640-97588",2,"CHR",119,"CHR-119","0",10,4.930722336,3,-8,0.207885304659498,"CHR_119_2",1,NA,0,2,"no",17.4,15.02817049,30.99803589,78.5,0.224690642671068,-0.312822534834813,0.766781208645738,18.7,11.85018943,14.45612662,87,-0.319841925842042,-0.476208334764261,-1.69766351362466,-0.958751924353627,0.183231612918712,0,"large","second","dist.05","dist.05","dist.10",0,-0.375112126576783,-0.698176344430552,-0.62910335473214,-1.73689240845576,0.224690642671068,-0.0934822025987468,-1.95280566010936
"2850-57735","2640-97589","2850-57735_2640-97589",1,"CHR",37,"CHR-37","0",11,7.56711963,9,-2,0.229032258064516,"CHR_37_1",1,NA,0,4,"no",17.4,15.02817049,30.99803589,78.5,0.224690642671068,-0.312822534834813,0.766781208645738,16.1,11.8153556,16.91354271,99.66666667,1.19349574731726,-0.485157035237985,-1.19530341502793,-0.564905974273948,1.94182564784557,0,"large","first","dist.10","dist.10","dist.10",0,-0.111725350357261,-0.698176344430552,-0.62910335473214,-1.73689240845576,0.98818027510909,-0.478534822267752,-0.867541507603602
"2850-57735","2640-97589","2850-57735_2640-97589",2,"CHR",119,"CHR-119","0",10,8.708483862,6,-5,0.197132616487455,"CHR_119_2",1,NA,0,2,"no",17.4,15.02817049,30.99803589,78.5,0.224690642671068,-0.312822534834813,0.766781208645738,16.1,11.8153556,16.91354271,99.66666667,1.19349574731726,-0.485157035237985,-1.19530341502793,-0.394399927494869,1.06252863038214,0,"large","second","dist.10","dist.10","dist.10",0,-0.509037606010438,-0.698176344430552,-0.62910335473214,-1.73689240845576,0.98818027510909,-0.478534822267752,-0.867541507603602
"2850-57735","2811-83208","2850-57735_2811-83208",2,"CHR",119,"CHR-119","0",10,25.1203531,0,10,0.218637992831541,"CHR_119_2",1,NA,0,2,"no",17.4,15.02817049,30.99803589,78.5,0.224690642671068,-0.312822534834813,0.766781208645738,16.9,18.73416916,21.00459455,87,-0.319841925842042,1.29226422972124,-0.358985457287731,2.05733534295696,-0.696065404544717,0,"large","second","dist.20+","dist.20+","dist.20+",0,-0.241186647143128,-0.698176344430552,-0.62910335473214,-1.73689240845576,-0.411550717693951,-0.159665267146272,1.94192717350385
"2850-57735","2811-83208","2850-57735_2811-83208",1,"CHR",37,"CHR-37","0",0,23.82884944,0,13,0.258064516129032,"CHR_37_1",1,NA,0,4,"no",17.4,15.02817049,30.99803589,78.5,0.224690642671068,-0.312822534834813,0.766781208645738,16.9,18.73416916,21.00459455,87,-0.319841925842042,1.29226422972124,-0.358985457287731,1.86440027692511,-0.696065404544717,0,"large","first","dist.20+","dist.20+","dist.20+",0,0.249873444113606,-0.698176344430552,-0.62910335473214,-1.73689240845576,-0.411550717693951,-0.159665267146272,1.94192717350385
"2850-57735","2850-57567","2850-57735_2850-57567",2,"CHR",119,"CHR-119","0",2,4.419706235,0,-41,0.218637992831541,"CHR_119_2",1,NA,0,2,"no",17.4,15.02817049,30.99803589,78.5,0.224690642671068,-0.312822534834813,0.766781208645738,16.6,10.56012296,26.35612994,102.1666667,1.49218081789379,-0.807622320284185,0.735008293751907,-1.0350915649163,-0.696065404544717,0,"large","second","dist.05","dist.05","dist.10",0,-0.241186647143128,-0.698176344430552,-0.62910335473214,-1.73689240845576,-1.17504035013197,0.922800644787313,-0.818227574717981
"2850-57735","2850-57567","2850-57735_2850-57567",1,"CHR",37,"CHR-37","0",0,4.954167402,0,11,0.258064516129032,"CHR_37_1",1,NA,0,4,"no",17.4,15.02817049,30.99803589,78.5,0.224690642671068,-0.312822534834813,0.766781208645738,16.6,10.56012296,26.35612994,102.1666667,1.49218081789379,-0.807622320284185,0.735008293751907,-0.95524951433581,-0.696065404544717,0,"large","first","dist.05","dist.05","dist.10",0,0.249873444113606,-0.698176344430552,-0.62910335473214,-1.73689240845576,-1.17504035013197,0.922800644787313,-0.818227574717981
"2850-57735","2850-57570","2850-57735_2850-57570",2,"CHR",119,"CHR-119","0",10,2.733275882,1,-9,0.21505376344086,"CHR_119_2",1,NA,0,2,"no",17.4,15.02817049,30.99803589,78.5,0.224690642671068,-0.312822534834813,0.766781208645738,16.51,16.84077767,23.06811898,90,0.038580154548733,0.805857959623855,0.0628528876022267,-1.28702391446471,-0.402966398723574,0,"large","second","dist.05","dist.05","dist.10",0,-0.285828473621014,-0.698176344430552,-0.62910335473214,-1.73689240845576,-0.157054173547943,-1.42571858026568,-1.08665491345185
"2850-57735","2850-57570","2850-57735_2850-57570",1,"CHR",37,"CHR-37","0",0,3.830270619,0,23,0.258064516129032,"CHR_37_1",1,NA,0,4,"no",17.4,15.02817049,30.99803589,78.5,0.224690642671068,-0.312822534834813,0.766781208645738,16.51,16.84077767,23.06811898,90,0.038580154548733,0.805857959623855,0.0628528876022267,-1.12314613496257,-0.696065404544717,0,"large","first","dist.05","dist.05","dist.10",0,0.249873444113606,-0.698176344430552,-0.62910335473214,-1.73689240845576,-0.157054173547943,-1.42571858026568,-1.08665491345185
"2850-57735","2850-57577","2850-57735_2850-57577",2,"CHR",119,"CHR-119","0",10,4.839970372,0,20,0.218637992831541,"CHR_119_2",1,NA,0,2,"no",17.4,15.02817049,30.99803589,78.5,0.224690642671068,-0.312822534834813,0.766781208645738,18.2,20.92472416,28.83623131,90.83333333,0.138141843147924,1.85501086327307,1.24200585669334,-0.972309172938474,-0.696065404544717,0,"large","second","dist.05","dist.05","dist.10",0,-0.241186647143128,-0.698176344430552,-0.62910335473214,-1.73689240845576,-0.666047261839958,0.264789915692027,-0.462001728113777
"2850-57735","2850-57577","2850-57735_2850-57577",1,"CHR",37,"CHR-37","0",0,5.803417779,0,23,0.258064516129032,"CHR_37_1",1,NA,0,4,"no",17.4,15.02817049,30.99803589,78.5,0.224690642671068,-0.312822534834813,0.766781208645738,18.2,20.92472416,28.83623131,90.83333333,0.138141843147924,1.85501086327307,1.24200585669334,-0.8283817534159,-0.696065404544717,0,"large","first","dist.10","dist.10","dist.10",0,0.249873444113606,-0.698176344430552,-0.62910335473214,-1.73689240845576,-0.666047261839958,0.264789915692027,-0.462001728113777
"2850-57735","2850-57578","2850-57735_2850-57578",2,"CHR",119,"CHR-119","0",10,6.33536267,0,17,0.218637992831541,"CHR_119_2",1,NA,0,2,"no",17.4,15.02817049,30.99803589,78.5,0.224690642671068,-0.312822534834813,0.766781208645738,17.2,10.81633932,15.67680791,91.5,0.217791194744121,-0.741801149826969,-1.44812434290995,-0.748915604113318,-0.696065404544717,0,"large","second","dist.10","dist.10","dist.10",0,-0.241186647143128,-0.698176344430552,-0.62910335473214,-1.73689240845576,0.0550262790587415,1.59216462744548,-0.0904874492207969
"2850-57735","2850-57578","2850-57735_2850-57578",1,"CHR",37,"CHR-37","0",0,5.087005516,0,19,0.258064516129032,"CHR_37_1",1,NA,0,4,"no",17.4,15.02817049,30.99803589,78.5,0.224690642671068,-0.312822534834813,0.766781208645738,17.2,10.81633932,15.67680791,91.5,0.217791194744121,-0.741801149826969,-1.44812434290995,-0.935405102670622,-0.696065404544717,0,"large","first","dist.10","dist.10","dist.10",0,0.249873444113606,-0.698176344430552,-0.62910335473214,-1.73689240845576,0.0550262790587415,1.59216462744548,-0.0904874492207969
"2850-57735","2850-57579","2850-57735_2850-57579",1,"CHR",37,"CHR-37","0",5,12.76124342,5,6,0.241935483870968,"CHR_37_1",1,NA,0,4,"no",17.4,15.02817049,30.99803589,78.5,0.224690642671068,-0.312822534834813,0.766781208645738,16.3,11.31949153,24.77905949,93.5,0.456739248337971,-0.612542942504321,0.412613860843324,0.211033457753101,0.769429624560999,0,"large","first","dist.20","dist.20","dist.20",0,0.04898522496313,-0.698176344430552,-0.62910335473214,-1.73689240845576,0.394355006283394,0.252942547897877,-0.257226498974273
"2850-57735","2850-57579","2850-57735_2850-57579",2,"CHR",119,"CHR-119","0",10,15.23840261,0,-21,0.218637992831541,"CHR_119_2",1,NA,0,2,"no",17.4,15.02817049,30.99803589,78.5,0.224690642671068,-0.312822534834813,0.766781208645738,16.3,11.31949153,24.77905949,93.5,0.456739248337971,-0.612542942504321,0.412613860843324,0.581091156152542,-0.696065404544717,0,"large","second","dist.20","dist.20","dist.20",0,-0.241186647143128,-0.698176344430552,-0.62910335473214,-1.73689240845576,0.394355006283394,0.252942547897877,-0.257226498974273
"2850-57735","2850-57580","2850-57735_2850-57580",2,"CHR",119,"CHR-119","0",4,19.95594998,0,-38,0.218637992831541,"CHR_119_2",1,NA,0,2,"no",17.4,15.02817049,30.99803589,78.5,0.224690642671068,-0.312822534834813,0.766781208645738,16.2,9.142844799,27.48113161,87.83333333,-0.220280237242851,-1.17171658585126,0.964988048569367,1.28583582047609,-0.696065404544717,0,"large","second","dist.20","dist.20","dist.20",0,-0.241186647143128,-0.698176344430552,-0.62910335473214,-1.73689240845576,0.564019367350756,0.594981908524202,0.613110506001452
"2850-57735","2850-57580","2850-57735_2850-57580",1,"CHR",37,"CHR-37","0",0,18.65820611,0,14,0.258064516129032,"CHR_37_1",1,NA,0,4,"no",17.4,15.02817049,30.99803589,78.5,0.224690642671068,-0.312822534834813,0.766781208645738,16.2,9.142844799,27.48113161,87.83333333,-0.220280237242851,-1.17171658585126,0.964988048569367,1.09196854235248,-0.696065404544717,0,"large","first","dist.20","dist.20","dist.20",0,0.249873444113606,-0.698176344430552,-0.62910335473214,-1.73689240845576,0.564019367350756,0.594981908524202,0.613110506001452
"2850-57735","2850-57581","2850-57735_2850-57581",1,"CHR",37,"CHR-37","0",7,18.25762852,7,4,0.235483870967742,"CHR_37_1",1,NA,0,4,"no",17.4,15.02817049,30.99803589,78.5,0.224690642671068,-0.312822534834813,0.766781208645738,15.5,12.5018158,18.94245264,82.5,-0.857475046428205,-0.308807586528723,-0.780541178943333,1.03212708299686,1.35562763620329,0,"large","first","dist.20","dist.20","dist.20",0,-0.0313700626970653,-0.698176344430552,-0.62910335473214,-1.73689240845576,-0.920543805985966,0.0923616887128494,-0.0652425713766268
"2850-57735","2850-57581","2850-57735_2850-57581",2,"CHR",119,"CHR-119","0",10,21.113874055,9,1,0.186379928315412,"CHR_119_2",1,NA,0,2,"no",17.4,15.02817049,30.99803589,78.5,0.224690642671068,-0.312822534834813,0.766781208645738,15.5,12.5018158,18.94245264,82.5,-0.857475046428205,-0.308807586528723,-0.780541178943333,1.4588157080205,1.94182564784557,0,"large","second","dist.20+","dist.20+","dist.20+",0,-0.642963085444093,-0.698176344430552,-0.62910335473214,-1.73689240845576,-0.920543805985966,0.0923616887128494,-0.0652425713766268
"2850-57735","2850-57589","2850-57735_2850-57589",1,"CHR",37,"CHR-37","0",1,13.19604684,1,10,0.254838709677419,"CHR_37_1",1,NA,0,4,"no",17.4,15.02817049,30.99803589,78.5,0.224690642671068,-0.312822534834813,0.766781208645738,17.5,12.65077601,16.92662014,97,0.874898342127209,-0.270540180912031,-1.19263004642303,0.275987843208404,-0.402966398723574,0,"large","first","dist.20","dist.20","dist.20",0,0.209695800283509,-0.698176344430552,-0.62910335473214,-1.73689240845576,0.394355006283394,-0.220209818057244,-0.7238327207249
"2850-57735","2850-57589","2850-57735_2850-57589",2,"CHR",119,"CHR-119","0",10,14.39212692,0,11,0.218637992831541,"CHR_119_2",1,NA,0,2,"no",17.4,15.02817049,30.99803589,78.5,0.224690642671068,-0.312822534834813,0.766781208645738,17.5,12.65077601,16.92662014,97,0.874898342127209,-0.270540180912031,-1.19263004642303,0.454667777583643,-0.696065404544717,0,"large","second","dist.20","dist.20","dist.20",0,-0.241186647143128,-0.698176344430552,-0.62910335473214,-1.73689240845576,0.394355006283394,-0.220209818057244,-0.7238327207249
"2850-57735","2850-57620","2850-57735_2850-57620",2,"CHR",119,"CHR-119","0",10,4.115009989,0,10,0.218637992831541,"CHR_119_2",1,NA,0,2,"no",17.4,15.02817049,30.99803589,78.5,0.224690642671068,-0.312822534834813,0.766781208645738,18.2,8.903889997,21.60838485,87,-0.319841925842042,-1.2331033167923,-0.235554933708899,-1.0806095081962,-0.696065404544717,0,"large","second","dist.05","dist.05","dist.10",0,-0.241186647143128,-0.698176344430552,-0.62910335473214,-1.73689240845576,-1.04779207805897,-0.519894914297499,-0.347422909026337
"2850-57735","2850-57620","2850-57735_2850-57620",1,"CHR",37,"CHR-37","0",0,3.233357068,0,13,0.258064516129032,"CHR_37_1",1,NA,0,4,"no",17.4,15.02817049,30.99803589,78.5,0.224690642671068,-0.312822534834813,0.766781208645738,18.2,8.903889997,21.60838485,87,-0.319841925842042,-1.2331033167923,-0.235554933708899,-1.21231781828361,-0.696065404544717,0,"large","first","dist.05","dist.05","dist.10",0,0.249873444113606,-0.698176344430552,-0.62910335473214,-1.73689240845576,-1.04779207805897,-0.519894914297499,-0.347422909026337
"2850-57735","2850-57647","2850-57735_2850-57647",2,"CHR",119,"CHR-119","0",10,8.702820146,0,20,0.218637992831541,"CHR_119_2",1,NA,0,2,"no",17.4,15.02817049,30.99803589,78.5,0.224690642671068,-0.312822534834813,0.766781208645738,15.8,12.89783981,28.1838767,85.83333333,-0.459228290836701,-0.207070274097309,1.10864751842364,-0.395246018337883,-0.696065404544717,0,"large","second","dist.10","dist.10","dist.10",0,-0.241186647143128,-0.698176344430552,-0.62910335473214,-1.73689240845576,2.30307908737845,-0.324477446700752,0.908946604529733
"2850-57735","2850-57647","2850-57735_2850-57647",1,"CHR",37,"CHR-37","0",0,7.583785867,0,18,0.258064516129032,"CHR_37_1",1,NA,0,4,"no",17.4,15.02817049,30.99803589,78.5,0.224690642671068,-0.312822534834813,0.766781208645738,15.8,12.89783981,28.1838767,85.83333333,-0.459228290836701,-0.207070274097309,1.10864751842364,-0.562416239528561,-0.696065404544717,0,"large","first","dist.10","dist.10","dist.10",0,0.249873444113606,-0.698176344430552,-0.62910335473214,-1.73689240845576,2.30307908737845,-0.324477446700752,0.908946604529733
"2850-57735","2850-57653","2850-57735_2850-57653",2,"CHR",119,"CHR-119","0",10,7.313678212,5,-6,0.200716845878136,"CHR_119_2",1,NA,0,2,"no",17.4,15.02817049,30.99803589,78.5,0.224690642671068,-0.312822534834813,0.766781208645738,16.37,8.467490861,27.15053506,78,-1.39510816701437,-1.34521287106915,0.897405470214174,-0.602767064591753,0.769429624560999,0,"large","second","dist.10","dist.10","dist.10",0,-0.464395779532553,-0.698176344430552,-0.62910335473214,-1.73689240845576,0.182274551131745,-1.12841701146077,0.110874711490428
"2850-57735","2850-57653","2850-57735_2850-57653",1,"CHR",37,"CHR-37","0",0,6.364195425,0,13,0.258064516129032,"CHR_37_1",1,NA,0,4,"no",17.4,15.02817049,30.99803589,78.5,0.224690642671068,-0.312822534834813,0.766781208645738,16.37,8.467490861,27.15053506,78,-1.39510816701437,-1.34521287106915,0.897405470214174,-0.744608338356282,-0.696065404544717,0,"large","first","dist.10","dist.10","dist.10",0,0.249873444113606,-0.698176344430552,-0.62910335473214,-1.73689240845576,0.182274551131745,-1.12841701146077,0.110874711490428
"2850-57735","2850-57671","2850-57735_2850-57671",2,"CHR",119,"CHR-119","0",8,24.52654894,0,-35,0.218637992831541,"CHR_119_2",1,NA,0,2,"no",17.4,15.02817049,30.99803589,78.5,0.224690642671068,-0.312822534834813,0.766781208645738,17.53,16.28350449,28.84180791,75.83333333,-1.65396855880595,0.662696246718346,1.24314585953504,1.96862816513945,-0.696065404544717,0,"large","second","dist.20+","dist.20+","dist.20+",0,-0.241186647143128,-0.698176344430552,-0.62910335473214,-1.73689240845576,0.606435458890079,1.16785270969026,0.187430780520441
"2850-57735","2850-57671","2850-57735_2850-57671",1,"CHR",37,"CHR-37","0",0,23.14825038,0,17,0.258064516129032,"CHR_37_1",1,NA,0,4,"no",17.4,15.02817049,30.99803589,78.5,0.224690642671068,-0.312822534834813,0.766781208645738,17.53,16.28350449,28.84180791,75.83333333,-1.65396855880595,0.662696246718346,1.24314585953504,1.76272698814611,-0.696065404544717,0,"large","first","dist.20+","dist.20+","dist.20+",0,0.249873444113606,-0.698176344430552,-0.62910335473214,-1.73689240845576,0.606435458890079,1.16785270969026,0.187430780520441
"2850-57735","2850-57731","2850-57735_2850-57731",1,"CHR",37,"CHR-37","0",11,7.951105173,6,-5,0.238709677419355,"CHR_37_1",1,NA,0,4,"no",17.4,15.02817049,30.99803589,78.5,0.224690642671068,-0.312822534834813,0.766781208645738,15.9,10.9634214,23.24545364,91,0.158054181345658,-0.704016229851986,0.0991047285683272,-0.507543166572744,1.06252863038214,0,"large","first","dist.10","dist.10","dist.10",0,0.00880758113303239,-0.698176344430552,-0.62910335473214,-1.73689240845576,-1.17504035013197,-0.720064302121302,-0.918055636034195
"2850-57735","2850-57731","2850-57735_2850-57731",2,"CHR",119,"CHR-119","0",10,5.547123721,2,-8,0.211469534050179,"CHR_119_2",1,NA,0,2,"no",17.4,15.02817049,30.99803589,78.5,0.224690642671068,-0.312822534834813,0.766781208645738,15.9,10.9634214,23.24545364,91,0.158054181345658,-0.704016229851986,0.0991047285683272,-0.866668993735297,-0.109867392902431,0,"large","second","dist.10","dist.10","dist.10",0,-0.330470300098899,-0.698176344430552,-0.62910335473214,-1.73689240845576,-1.17504035013197,-0.720064302121302,-0.918055636034195
"2850-57735","2850-57733","2850-57735_2850-57733",2,"CHR",119,"CHR-119","0",10,17.40510129,0,-14,0.218637992831541,"CHR_119_2",1,NA,0,2,"no",17.4,15.02817049,30.99803589,78.5,0.224690642671068,-0.312822534834813,0.766781208645738,15.66,14.84394317,20.45213858,102,1.47226847611183,0.292877508261001,-0.471921901664779,0.904769799770884,-0.696065404544717,0,"large","second","dist.20","dist.20","dist.20",0,-0.241186647143128,-0.698176344430552,-0.62910335473214,-1.73689240845576,0.606435458890079,-1.12204057333336,-0.450386497816471
"2850-57735","2850-57733","2850-57735_2850-57733",1,"CHR",37,"CHR-37","0",0,16.11066156,0,38,0.258064516129032,"CHR_37_1",1,NA,0,4,"no",17.4,15.02817049,30.99803589,78.5,0.224690642671068,-0.312822534834813,0.766781208645738,15.66,14.84394317,20.45213858,102,1.47226847611183,0.292877508261001,-0.471921901664779,0.711396120301945,-0.696065404544717,0,"large","first","dist.20","dist.20","dist.20",0,0.249873444113606,-0.698176344430552,-0.62910335473214,-1.73689240845576,0.606435458890079,-1.12204057333336,-0.450386497816471
"2850-57735","2850-57742","2850-57735_2850-57742",1,"CHR",37,"CHR-37","0",8,10.03025266,8,3,0.232258064516129,"CHR_37_1",1,NA,0,4,"no",17.4,15.02817049,30.99803589,78.5,0.224690642671068,-0.312822534834813,0.766781208645738,16.98,13.00562645,26.1463443,93,0.397002234939508,-0.179380228057897,0.692122624034258,-0.19694361496613,1.64872664202443,0,"large","first","dist.20","dist.20","dist.20",0,-0.0715477065271633,-0.698176344430552,-0.62910335473214,-1.73689240845576,0.564019367350756,-0.96234197733198,-0.610003960994292
"2850-57735","2850-57742","2850-57735_2850-57742",2,"CHR",119,"CHR-119","0",10,12.97465314,8,-3,0.189964157706093,"CHR_119_2",1,NA,0,2,"no",17.4,15.02817049,30.99803589,78.5,0.224690642671068,-0.312822534834813,0.766781208645738,16.98,13.00562645,26.1463443,93,0.397002234939508,-0.179380228057897,0.692122624034258,0.242914295334342,1.64872664202443,0,"large","second","dist.20","dist.20","dist.20",0,-0.598321258966208,-0.698176344430552,-0.62910335473214,-1.73689240845576,0.564019367350756,-0.96234197733198,-0.610003960994292
"2850-57735","2850-57744","2850-57735_2850-57744",2,"CHR",119,"CHR-119","0",10,22.14734614,0,21,0.218637992831541,"CHR_119_2",1,NA,0,2,"no",17.4,15.02817049,30.99803589,78.5,0.224690642671068,-0.312822534834813,0.766781208645738,14.77,24.63866733,20.45419575,84.5,-0.618526992834355,2.80911108724386,-0.47150136233152,1.61320396965466,-0.696065404544717,0,"large","second","dist.20+","dist.20+","dist.20+",0,-0.241186647143128,-0.698176344430552,-0.62910335473214,-1.73689240845576,-0.411550717693951,1.14723185861105,0.256764043881684
"2850-57735","2850-57744","2850-57735_2850-57744",1,"CHR",37,"CHR-37","0",0,20.91227874,0,21,0.258064516129032,"CHR_37_1",1,NA,0,4,"no",17.4,15.02817049,30.99803589,78.5,0.224690642671068,-0.312822534834813,0.766781208645738,14.77,24.63866733,20.45419575,84.5,-0.618526992834355,2.80911108724386,-0.47150136233152,1.42869980001662,-0.696065404544717,0,"large","first","dist.20+","dist.20+","dist.20+",0,0.249873444113606,-0.698176344430552,-0.62910335473214,-1.73689240845576,-0.411550717693951,1.14723185861105,0.256764043881684
"2850-57735","2850-57808","2850-57735_2850-57808",1,"CHR",37,"CHR-37","0",11,7.100758995,11,0,0.22258064516129,"CHR_37_1",1,"ep_same",2,4,"yes",17.4,15.02817049,30.99803589,78.5,0.224690642671068,-0.312822534834813,0.766781208645738,17.44,11.46748421,15.37756564,100,1.23332042251798,-0.574524092276724,-1.50929728666711,-0.63457462694225,2.52802365948786,1,"large","first","dist.10","dist.10","dist.10",0.5,-0.192080638017456,-0.698176344430552,-0.62910335473214,-1.73689240845576,0.564019367350756,-2.00209196155345,-1.05591017852521
"2850-57735","2850-57808","2850-57735_2850-57808",2,"CHR",119,"CHR-119","0",10,9.55657944,6,-4,0.197132616487455,"CHR_119_2",1,NA,0,2,"no",17.4,15.02817049,30.99803589,78.5,0.224690642671068,-0.312822534834813,0.766781208645738,17.44,11.46748421,15.37756564,100,1.23332042251798,-0.574524092276724,-1.50929728666711,-0.267704679613999,1.06252863038214,0,"large","second","dist.10","dist.10","dist.10",0,-0.509037606010438,-0.698176344430552,-0.62910335473214,-1.73689240845576,0.564019367350756,-2.00209196155345,-1.05591017852521
"2850-57735","2850-57881","2850-57735_2850-57881",1,"CHR",37,"CHR-37","0",6,7.467799705,6,5,0.238709677419355,"CHR_37_1",1,NA,0,4,"no",17.4,15.02817049,30.99803589,78.5,0.224690642671068,-0.312822534834813,0.766781208645738,16.55,11.73463277,21.93833167,84.83333333,-0.578702317633627,-0.50589447430401,-0.16810517715307,-0.579743172867836,1.06252863038214,0,"large","first","dist.10","dist.10","dist.10",0,0.00880758113303239,-0.698176344430552,-0.62910335473214,-1.73689240845576,-0.835711625452285,0.553081751767378,1.79200900661347
"2850-57735","2850-57881","2850-57735_2850-57881",2,"CHR",119,"CHR-119","0",10,8.870596983,0,10,0.218637992831541,"CHR_119_2",1,NA,0,2,"no",17.4,15.02817049,30.99803589,78.5,0.224690642671068,-0.312822534834813,0.766781208645738,16.55,11.73463277,21.93833167,84.83333333,-0.578702317633627,-0.50589447430401,-0.16810517715307,-0.370182182959198,-0.696065404544717,0,"large","second","dist.10","dist.10","dist.10",0,-0.241186647143128,-0.698176344430552,-0.62910335473214,-1.73689240845576,-0.835711625452285,0.553081751767378,1.79200900661347
"2850-57736","2640-97588","2850-57736_2640-97588",1,"CHR",43,"CHR-43","0",11,3.556400208,0,-15,0.345161290322581,"CHR_43_1",1,NA,0,5,"no",18.71,18.82615819,20.40757062,73,-1.17504035013197,0.922800644787313,-0.818227574717981,18.7,11.85018943,14.45612662,87,-0.319841925842042,-0.476208334764261,-1.69766351362466,-1.16405907037806,-0.696065404544717,0,"large","first","dist.05","dist.05","dist.10",0,1.33466982752622,1.49218081789379,-0.807622320284185,0.735008293751907,0.224690642671068,-0.0934822025987468,-1.95280566010936
"2850-57736","2640-97589","2850-57736_2640-97589",1,"CHR",43,"CHR-43","0",11,8.313013431,0,-13,0.345161290322581,"CHR_43_1",1,NA,0,5,"no",18.71,18.82615819,20.40757062,73,-1.17504035013197,0.922800644787313,-0.818227574717981,16.1,11.8153556,16.91354271,99.66666667,1.19349574731726,-0.485157035237985,-1.19530341502793,-0.453478438908944,-0.696065404544717,0,"large","first","dist.10","dist.10","dist.10",0,1.33466982752622,1.49218081789379,-0.807622320284185,0.735008293751907,0.98818027510909,-0.478534822267752,-0.867541507603602
"2850-57736","2811-83208","2850-57736_2811-83208",1,"CHR",43,"CHR-43","0",9,24.71865145,9,2,0.316129032258064,"CHR_43_1",1,NA,0,5,"no",18.71,18.82615819,20.40757062,73,-1.17504035013197,0.922800644787313,-0.818227574717981,16.9,18.73416916,21.00459455,87,-0.319841925842042,1.29226422972124,-0.358985457287731,1.99732596259806,1.94182564784557,0,"large","first","dist.20+","dist.20+","dist.20+",0,0.97307103305534,1.49218081789379,-0.807622320284185,0.735008293751907,-0.411550717693951,-0.159665267146272,1.94192717350385
"2850-57736","2850-57578","2850-57736_2850-57578",1,"CHR",43,"CHR-43","0",3,6.959151179,3,8,0.335483870967742,"CHR_43_1",1,NA,0,5,"no",18.71,18.82615819,20.40757062,73,-1.17504035013197,0.922800644787313,-0.818227574717981,17.2,10.81633932,15.67680791,91.5,0.217791194744121,-0.741801149826969,-1.44812434290995,-0.655729126288064,0.183231612918712,0,"large","first","dist.10","dist.10","dist.10",0,1.21413689603593,1.49218081789379,-0.807622320284185,0.735008293751907,0.0550262790587415,1.59216462744548,-0.0904874492207969
"2850-57736","2850-57579","2850-57736_2850-57579",1,"CHR",43,"CHR-43","0",11,14.10829303,5,-5,0.329032258064516,"CHR_43_1",1,NA,0,5,"no",18.71,18.82615819,20.40757062,73,-1.17504035013197,0.922800644787313,-0.818227574717981,16.3,11.31949153,24.77905949,93.5,0.456739248337971,-0.612542942504321,0.412613860843324,0.412266418605514,0.769429624560999,0,"large","first","dist.20","dist.20","dist.20",0,1.13378160837573,1.49218081789379,-0.807622320284185,0.735008293751907,0.394355006283394,0.252942547897877,-0.257226498974273
"2850-57736","2850-57580","2850-57736_2850-57580",1,"CHR",43,"CHR-43","0",8,19.71509877,8,3,0.319354838709677,"CHR_43_1",1,NA,0,5,"no",18.71,18.82615819,20.40757062,73,-1.17504035013197,0.922800644787313,-0.818227574717981,16.2,9.142844799,27.48113161,87.83333333,-0.220280237242851,-1.17171658585126,0.964988048569367,1.24985555534451,1.64872664202443,0,"large","first","dist.20","dist.20","dist.20",0,1.01324867688544,1.49218081789379,-0.807622320284185,0.735008293751907,0.564019367350756,0.594981908524202,0.613110506001452
"2850-57736","2850-57581","2850-57736_2850-57581",1,"CHR",43,"CHR-43","0",11,17.96708073,2,-7,0.338709677419355,"CHR_43_1",1,NA,0,5,"no",18.71,18.82615819,20.40757062,73,-1.17504035013197,0.922800644787313,-0.818227574717981,15.5,12.5018158,18.94245264,82.5,-0.857475046428205,-0.308807586528723,-0.780541178943333,0.988722748355592,-0.109867392902431,0,"large","first","dist.20","dist.20","dist.20",0,1.25431453986602,1.49218081789379,-0.807622320284185,0.735008293751907,-0.920543805985966,0.0923616887128494,-0.0652425713766268
"2850-57736","2850-57589","2850-57736_2850-57589",1,"CHR",43,"CHR-43","0",11,13.7343222,10,-1,0.312903225806452,"CHR_43_1",1,NA,0,5,"no",18.71,18.82615819,20.40757062,73,-1.17504035013197,0.922800644787313,-0.818227574717981,17.5,12.65077601,16.92662014,97,0.874898342127209,-0.270540180912031,-1.19263004642303,0.356399688208454,2.23492465366671,0,"large","first","dist.20","dist.20","dist.20",0,0.932893389225255,1.49218081789379,-0.807622320284185,0.735008293751907,0.394355006283394,-0.220209818057244,-0.7238327207249
"2850-57736","2850-57620","2850-57736_2850-57620",1,"CHR",43,"CHR-43","0",9,4.29802041,9,2,0.316129032258064,"CHR_43_1",1,NA,0,5,"no",18.71,18.82615819,20.40757062,73,-1.17504035013197,0.922800644787313,-0.818227574717981,18.2,8.903889997,21.60838485,87,-0.319841925842042,-1.2331033167923,-0.235554933708899,-1.05326995914672,1.94182564784557,0,"large","first","dist.05","dist.05","dist.10",0,0.97307103305534,1.49218081789379,-0.807622320284185,0.735008293751907,-1.04779207805897,-0.519894914297499,-0.347422909026337
"2850-57736","2850-57647","2850-57736_2850-57647",1,"CHR",43,"CHR-43","0",4,8.20278258,4,7,0.332258064516129,"CHR_43_1",1,NA,0,5,"no",18.71,18.82615819,20.40757062,73,-1.17504035013197,0.922800644787313,-0.818227574717981,15.8,12.89783981,28.1838767,85.83333333,-0.459228290836701,-0.207070274097309,1.10864751842364,-0.469945598217213,0.476330618739855,0,"large","first","dist.10","dist.10","dist.10",0,1.17395925220583,1.49218081789379,-0.807622320284185,0.735008293751907,2.30307908737845,-0.324477446700752,0.908946604529733
"2850-57736","2850-57653","2850-57736_2850-57653",1,"CHR",43,"CHR-43","0",9,5.134706942,9,2,0.316129032258064,"CHR_43_1",1,NA,0,5,"no",18.71,18.82615819,20.40757062,73,-1.17504035013197,0.922800644787313,-0.818227574717981,16.37,8.467490861,27.15053506,78,-1.39510816701437,-1.34521287106915,0.897405470214174,-0.928279085098885,1.94182564784557,0,"large","first","dist.10","dist.10","dist.10",0,0.97307103305534,1.49218081789379,-0.807622320284185,0.735008293751907,0.182274551131745,-1.12841701146077,0.110874711490428
"2850-57736","2850-57671","2850-57736_2850-57671",1,"CHR",43,"CHR-43","0",5,24.92060744,5,6,0.329032258064516,"CHR_43_1",1,NA,0,5,"no",18.71,18.82615819,20.40757062,73,-1.17504035013197,0.922800644787313,-0.818227574717981,17.53,16.28350449,28.84180791,75.83333333,-1.65396855880595,0.662696246718346,1.24314585953504,2.02749575109574,0.769429624560999,0,"large","first","dist.20+","dist.20+","dist.20+",0,1.13378160837573,1.49218081789379,-0.807622320284185,0.735008293751907,0.606435458890079,1.16785270969026,0.187430780520441
"2850-57736","2850-57731","2850-57736_2850-57731",1,"CHR",43,"CHR-43","0",11,9.48243736,0,-16,0.345161290322581,"CHR_43_1",1,NA,0,5,"no",18.71,18.82615819,20.40757062,73,-1.17504035013197,0.922800644787313,-0.818227574717981,15.9,10.9634214,23.24545364,91,0.158054181345658,-0.704016229851986,0.0991047285683272,-0.278780611911813,-0.696065404544717,0,"large","first","dist.10","dist.10","dist.10",0,1.33466982752622,1.49218081789379,-0.807622320284185,0.735008293751907,-1.17504035013197,-0.720064302121302,-0.918055636034195
"2850-57736","2850-57742","2850-57736_2850-57742",1,"CHR",43,"CHR-43","0",11,9.216245333,2,-8,0.338709677419355,"CHR_43_1",1,NA,0,5,"no",18.71,18.82615819,20.40757062,73,-1.17504035013197,0.922800644787313,-0.818227574717981,16.98,13.00562645,26.1463443,93,0.397002234939508,-0.179380228057897,0.692122624034258,-0.318546489390161,-0.109867392902431,0,"large","first","dist.10","dist.10","dist.10",0,1.25431453986602,1.49218081789379,-0.807622320284185,0.735008293751907,0.564019367350756,-0.96234197733198,-0.610003960994292
"2850-57736","2850-57744","2850-57736_2850-57744",1,"CHR",43,"CHR-43","0",1,21.43275829,1,10,0.341935483870968,"CHR_43_1",1,NA,0,5,"no",18.71,18.82615819,20.40757062,73,-1.17504035013197,0.922800644787313,-0.818227574717981,14.77,24.63866733,20.45419575,84.5,-0.618526992834355,2.80911108724386,-0.47150136233152,1.50645316569231,-0.402966398723574,0,"large","first","dist.20+","dist.20+","dist.20+",0,1.29449218369612,1.49218081789379,-0.807622320284185,0.735008293751907,-0.411550717693951,1.14723185861105,0.256764043881684
"2850-57736","2850-57806","2850-57736_2850-57806",1,"CHR",43,"CHR-43","0",11,5.211051794,0,-11,0.345161290322581,"CHR_43_1",1,NA,0,5,"no",18.71,18.82615819,20.40757062,73,-1.17504035013197,0.922800644787313,-0.818227574717981,15.88,11.25502825,14.26422898,83.83333333,-0.698176344430552,-0.62910335473214,-1.73689240845576,-0.916874085238635,-0.696065404544717,0,"large","first","dist.10","dist.10","dist.10",0,1.33466982752622,1.49218081789379,-0.807622320284185,0.735008293751907,0.224690642671068,-0.312822534834813,0.766781208645738
"2850-57736","2850-57808","2850-57736_2850-57808",1,"CHR",43,"CHR-43","0",11,9.735905078,0,-11,0.345161290322581,"CHR_43_1",1,NA,0,5,"no",18.71,18.82615819,20.40757062,73,-1.17504035013197,0.922800644787313,-0.818227574717981,17.44,11.46748421,15.37756564,100,1.23332042251798,-0.574524092276724,-1.50929728666711,-0.240915592691293,-0.696065404544717,0,"large","first","dist.10","dist.10","dist.10",0,1.33466982752622,1.49218081789379,-0.807622320284185,0.735008293751907,0.564019367350756,-2.00209196155345,-1.05591017852521
"2850-57736","2850-57881","2850-57736_2850-57881",1,"CHR",43,"CHR-43","0",11,11.31385671,6,-6,0.325806451612903,"CHR_43_1",1,NA,0,5,"no",18.71,18.82615819,20.40757062,73,-1.17504035013197,0.922800644787313,-0.818227574717981,16.55,11.73463277,21.93833167,84.83333333,-0.578702317633627,-0.50589447430401,-0.16810517715307,-0.00518865536694473,1.06252863038214,0,"large","first","dist.20","dist.20","dist.20",0,1.09360396454563,1.49218081789379,-0.807622320284185,0.735008293751907,-0.835711625452285,0.553081751767378,1.79200900661347
"2850-57846","2640-97588","2850-57846_2640-97588",1,"CHR",110,"CHR-110","0",10,12.7667261,4,-7,0.254480286738351,"CHR_110_1",1,NA,0,4,"no",17.29,13.03171486,21.79884679,79.83333333,0.564019367350756,-0.96234197733198,-0.610003960994292,18.7,11.85018943,14.45612662,87,-0.319841925842042,-0.476208334764261,-1.69766351362466,0.211852504001744,0.476330618739855,0,"large","first","dist.20","dist.20","dist.20",0,0.205231617635721,0.397002234939508,-0.179380228057897,0.692122624034258,0.224690642671068,-0.0934822025987468,-1.95280566010936
"2850-57846","2640-97588","2850-57846_2640-97588",2,"CHR",52,"CHR-52","0",11,15.36161737,6,-5,0.261290322580645,"CHR_52_2",1,NA,0,2,"no",17.29,13.03171486,21.79884679,79.83333333,0.564019367350756,-0.96234197733198,-0.610003960994292,18.7,11.85018943,14.45612662,87,-0.319841925842042,-0.476208334764261,-1.69766351362466,0.599497954826809,1.06252863038214,0,"large","second","dist.20","dist.20","dist.20",0,0.290051087943704,0.397002234939508,-0.179380228057897,0.692122624034258,0.224690642671068,-0.0934822025987468,-1.95280566010936
"2850-57846","2640-97589","2850-57846_2640-97589",1,"CHR",110,"CHR-110","0",10,3.26345876,6,-5,0.247311827956989,"CHR_110_1",1,NA,0,4,"no",17.29,13.03171486,21.79884679,79.83333333,0.564019367350756,-0.96234197733198,-0.610003960994292,16.1,11.8153556,16.91354271,99.66666667,1.19349574731726,-0.485157035237985,-1.19530341502793,-1.2078209886473,1.06252863038214,0,"large","first","dist.05","dist.05","dist.10",0,0.115947964679951,0.397002234939508,-0.179380228057897,0.692122624034258,0.98818027510909,-0.478534822267752,-0.867541507603602
"2850-57846","2640-97589","2850-57846_2640-97589",2,"CHR",52,"CHR-52","0",11,4.348776993,9,-2,0.251612903225806,"CHR_52_2",1,NA,0,2,"no",17.29,13.03171486,21.79884679,79.83333333,0.564019367350756,-0.96234197733198,-0.610003960994292,16.1,11.8153556,16.91354271,99.66666667,1.19349574731726,-0.485157035237985,-1.19530341502793,-1.04568753797677,1.94182564784557,0,"large","second","dist.05","dist.05","dist.10",0,0.169518156453411,0.397002234939508,-0.179380228057897,0.692122624034258,0.98818027510909,-0.478534822267752,-0.867541507603602
"2850-57846","2811-83208","2850-57846_2811-83208",2,"CHR",52,"CHR-52","0",11,12.94374732,0,13,0.280645161290323,"CHR_52_2",1,NA,0,2,"no",17.29,13.03171486,21.79884679,79.83333333,0.564019367350756,-0.96234197733198,-0.610003960994292,16.9,18.73416916,21.00459455,87,-0.319841925842042,1.29226422972124,-0.358985457287731,0.238297338675877,-0.696065404544717,0,"large","second","dist.20","dist.20","dist.20",0,0.531116950924291,0.397002234939508,-0.179380228057897,0.692122624034258,-0.411550717693951,-0.159665267146272,1.94192717350385
"2850-57846","2811-83208","2850-57846_2811-83208",1,"CHR",110,"CHR-110","0",0,15.7455459,0,10,0.268817204301075,"CHR_110_1",1,NA,0,4,"no",17.29,13.03171486,21.79884679,79.83333333,0.564019367350756,-0.96234197733198,-0.610003960994292,16.9,18.73416916,21.00459455,87,-0.319841925842042,1.29226422972124,-0.358985457287731,0.656852245473621,-0.696065404544717,0,"large","first","dist.20","dist.20","dist.20",0,0.383798923547261,0.397002234939508,-0.179380228057897,0.692122624034258,-0.411550717693951,-0.159665267146272,1.94192717350385
"2850-57846","2850-57567","2850-57846_2850-57567",1,"CHR",110,"CHR-110","0",2,9.216245333,2,8,0.261648745519713,"CHR_110_1",1,NA,0,4,"no",17.29,13.03171486,21.79884679,79.83333333,0.564019367350756,-0.96234197733198,-0.610003960994292,16.6,10.56012296,26.35612994,102.1666667,1.49218081789379,-0.807622320284185,0.735008293751907,-0.318546489390161,-0.109867392902431,0,"large","first","dist.10","dist.10","dist.10",0,0.294515270591491,0.397002234939508,-0.179380228057897,0.692122624034258,-1.17504035013197,0.922800644787313,-0.818227574717981
"2850-57846","2850-57567","2850-57846_2850-57567",2,"CHR",52,"CHR-52","0",5,11.84556078,0,-38,0.280645161290323,"CHR_52_2",1,NA,0,2,"no",17.29,13.03171486,21.79884679,79.83333333,0.564019367350756,-0.96234197733198,-0.610003960994292,16.6,10.56012296,26.35612994,102.1666667,1.49218081789379,-0.807622320284185,0.735008293751907,0.0742415181835148,-0.696065404544717,0,"large","second","dist.20","dist.20","dist.20",0,0.531116950924291,0.397002234939508,-0.179380228057897,0.692122624034258,-1.17504035013197,0.922800644787313,-0.818227574717981
"2850-57846","2850-57570","2850-57846_2850-57570",2,"CHR",52,"CHR-52","0",11,12.30502494,4,-6,0.267741935483871,"CHR_52_2",1,NA,0,2,"no",17.29,13.03171486,21.79884679,79.83333333,0.564019367350756,-0.96234197733198,-0.610003960994292,16.51,16.84077767,23.06811898,90,0.038580154548733,0.805857959623855,0.0628528876022267,0.142879920686275,0.476330618739855,0,"large","second","dist.20","dist.20","dist.20",0,0.370406375603899,0.397002234939508,-0.179380228057897,0.692122624034258,-0.157054173547943,-1.42571858026568,-1.08665491345185
"2850-57846","2850-57570","2850-57846_2850-57570",1,"CHR",110,"CHR-110","0",0,7.044103878,0,20,0.268817204301075,"CHR_110_1",1,NA,0,4,"no",17.29,13.03171486,21.79884679,79.83333333,0.564019367350756,-0.96234197733198,-0.610003960994292,16.51,16.84077767,23.06811898,90,0.038580154548733,0.805857959623855,0.0628528876022267,-0.643038217931561,-0.696065404544717,0,"large","first","dist.10","dist.10","dist.10",0,0.383798923547261,0.397002234939508,-0.179380228057897,0.692122624034258,-0.157054173547943,-1.42571858026568,-1.08665491345185
"2850-57846","2850-57577","2850-57846_2850-57577",2,"CHR",52,"CHR-52","0",11,17.69418877,0,23,0.280645161290323,"CHR_52_2",1,NA,0,2,"no",17.29,13.03171486,21.79884679,79.83333333,0.564019367350756,-0.96234197733198,-0.610003960994292,18.2,20.92472416,28.83623131,90.83333333,0.138141843147924,1.85501086327307,1.24200585669334,0.94795598171541,-0.696065404544717,0,"large","second","dist.20","dist.20","dist.20",0,0.531116950924291,0.397002234939508,-0.179380228057897,0.692122624034258,-0.666047261839958,0.264789915692027,-0.462001728113777
"2850-57846","2850-57577","2850-57846_2850-57577",1,"CHR",110,"CHR-110","0",0,15.75477188,0,20,0.268817204301075,"CHR_110_1",1,NA,0,4,"no",17.29,13.03171486,21.79884679,79.83333333,0.564019367350756,-0.96234197733198,-0.610003960994292,18.2,20.92472416,28.83623131,90.83333333,0.138141843147924,1.85501086327307,1.24200585669334,0.658230495582884,-0.696065404544717,0,"large","first","dist.20","dist.20","dist.20",0,0.383798923547261,0.397002234939508,-0.179380228057897,0.692122624034258,-0.666047261839958,0.264789915692027,-0.462001728113777
"2850-57846","2850-57578","2850-57846_2850-57578",2,"CHR",52,"CHR-52","0",11,6.945628703,0,20,0.280645161290323,"CHR_52_2",1,NA,0,2,"no",17.29,13.03171486,21.79884679,79.83333333,0.564019367350756,-0.96234197733198,-0.610003960994292,17.2,10.81633932,15.67680791,91.5,0.217791194744121,-0.741801149826969,-1.44812434290995,-0.65774922106656,-0.696065404544717,0,"large","second","dist.10","dist.10","dist.10",0,0.531116950924291,0.397002234939508,-0.179380228057897,0.692122624034258,0.0550262790587415,1.59216462744548,-0.0904874492207969
"2850-57846","2850-57578","2850-57846_2850-57578",1,"CHR",110,"CHR-110","0",0,5.621648063,0,16,0.268817204301075,"CHR_110_1",1,NA,0,4,"no",17.29,13.03171486,21.79884679,79.83333333,0.564019367350756,-0.96234197733198,-0.610003960994292,17.2,10.81633932,15.67680791,91.5,0.217791194744121,-0.741801149826969,-1.44812434290995,-0.855535956106313,-0.696065404544717,0,"large","first","dist.10","dist.10","dist.10",0,0.383798923547261,0.397002234939508,-0.179380228057897,0.692122624034258,0.0550262790587415,1.59216462744548,-0.0904874492207969
"2850-57846","2850-57579","2850-57846_2850-57579",1,"CHR",110,"CHR-110","0",7,6.315668815,7,3,0.243727598566308,"CHR_110_1",1,NA,0,4,"no",17.29,13.03171486,21.79884679,79.83333333,0.564019367350756,-0.96234197733198,-0.610003960994292,16.3,11.31949153,24.77905949,93.5,0.456739248337971,-0.612542942504321,0.412613860843324,-0.751857628462554,1.35562763620329,0,"large","first","dist.10","dist.10","dist.10",0,0.0713061382020662,0.397002234939508,-0.179380228057897,0.692122624034258,0.394355006283394,0.252942547897877,-0.257226498974273
"2850-57846","2850-57579","2850-57846_2850-57579",2,"CHR",52,"CHR-52","0",11,5.659255577,0,-18,0.280645161290323,"CHR_52_2",1,NA,0,2,"no",17.29,13.03171486,21.79884679,79.83333333,0.564019367350756,-0.96234197733198,-0.610003960994292,16.3,11.31949153,24.77905949,93.5,0.456739248337971,-0.612542942504321,0.412613860843324,-0.849917847213858,-0.696065404544717,0,"large","second","dist.10","dist.10","dist.10",0,0.531116950924291,0.397002234939508,-0.179380228057897,0.692122624034258,0.394355006283394,0.252942547897877,-0.257226498974273
"2850-57846","2850-57580","2850-57846_2850-57580",2,"CHR",52,"CHR-52","0",7,8.14863654,0,-35,0.280645161290323,"CHR_52_2",1,NA,0,2,"no",17.29,13.03171486,21.79884679,79.83333333,0.564019367350756,-0.96234197733198,-0.610003960994292,16.2,9.142844799,27.48113161,87.83333333,-0.220280237242851,-1.17171658585126,0.964988048569367,-0.478034363372367,-0.696065404544717,0,"large","second","dist.10","dist.10","dist.10",0,0.531116950924291,0.397002234939508,-0.179380228057897,0.692122624034258,0.564019367350756,0.594981908524202,0.613110506001452
"2850-57846","2850-57580","2850-57846_2850-57580",1,"CHR",110,"CHR-110","0",0,10.99316016,0,11,0.268817204301075,"CHR_110_1",1,NA,0,4,"no",17.29,13.03171486,21.79884679,79.83333333,0.564019367350756,-0.96234197733198,-0.610003960994292,16.2,9.142844799,27.48113161,87.83333333,-0.220280237242851,-1.17171658585126,0.964988048569367,-0.0530968510358881,-0.696065404544717,0,"large","first","dist.20","dist.20","dist.20",0,0.383798923547261,0.397002234939508,-0.179380228057897,0.692122624034258,0.564019367350756,0.594981908524202,0.613110506001452
"2850-57846","2850-57581","2850-57846_2850-57581",1,"CHR",110,"CHR-110","0",9,8.754085291,9,1,0.236559139784946,"CHR_110_1",1,NA,0,4,"no",17.29,13.03171486,21.79884679,79.83333333,0.564019367350756,-0.96234197733198,-0.610003960994292,15.5,12.5018158,18.94245264,82.5,-0.857475046428205,-0.308807586528723,-0.780541178943333,-0.38758762414045,1.94182564784557,0,"large","first","dist.10","dist.10","dist.10",0,-0.0179775147537037,0.397002234939508,-0.179380228057897,0.692122624034258,-0.920543805985966,0.0923616887128494,-0.0652425713766268
"2850-57846","2850-57581","2850-57846_2850-57581",2,"CHR",52,"CHR-52","0",11,7.627019634,7,4,0.258064516129032,"CHR_52_2",1,NA,0,2,"no",17.29,13.03171486,21.79884679,79.83333333,0.564019367350756,-0.96234197733198,-0.610003960994292,15.5,12.5018158,18.94245264,82.5,-0.857475046428205,-0.308807586528723,-0.780541178943333,-0.555957636313336,1.35562763620329,0,"large","second","dist.10","dist.10","dist.10",0,0.249873444113606,0.397002234939508,-0.179380228057897,0.692122624034258,-0.920543805985966,0.0923616887128494,-0.0652425713766268
"2850-57846","2850-57589","2850-57846_2850-57589",1,"CHR",110,"CHR-110","0",3,5.014249266,3,7,0.258064516129032,"CHR_110_1",1,NA,0,4,"no",17.29,13.03171486,21.79884679,79.83333333,0.564019367350756,-0.96234197733198,-0.610003960994292,17.5,12.65077601,16.92662014,97,0.874898342127209,-0.270540180912031,-1.19263004642303,-0.946274008685166,0.183231612918712,0,"large","first","dist.10","dist.10","dist.10",0,0.249873444113606,0.397002234939508,-0.179380228057897,0.692122624034258,0.394355006283394,-0.220209818057244,-0.7238327207249
"2850-57846","2850-57589","2850-57846_2850-57589",2,"CHR",52,"CHR-52","0",11,2.207924918,0,14,0.280645161290323,"CHR_52_2",1,NA,0,2,"no",17.29,13.03171486,21.79884679,79.83333333,0.564019367350756,-0.96234197733198,-0.610003960994292,17.5,12.65077601,16.92662014,97,0.874898342127209,-0.270540180912031,-1.19263004642303,-1.36550501062299,-0.696065404544717,0,"large","second","dist.05","dist.05","dist.10",0,0.531116950924291,0.397002234939508,-0.179380228057897,0.692122624034258,0.394355006283394,-0.220209818057244,-0.7238327207249
"2850-57846","2850-57620","2850-57846_2850-57620",2,"CHR",52,"CHR-52","0",11,8.883945424,0,13,0.280645161290323,"CHR_52_2",1,NA,0,2,"no",17.29,13.03171486,21.79884679,79.83333333,0.564019367350756,-0.96234197733198,-0.610003960994292,18.2,8.903889997,21.60838485,87,-0.319841925842042,-1.2331033167923,-0.235554933708899,-0.368188086910134,-0.696065404544717,0,"large","second","dist.10","dist.10","dist.10",0,0.531116950924291,0.397002234939508,-0.179380228057897,0.692122624034258,-1.04779207805897,-0.519894914297499,-0.347422909026337
"2850-57846","2850-57620","2850-57846_2850-57620",1,"CHR",110,"CHR-110","0",0,6.83427215,0,10,0.268817204301075,"CHR_110_1",1,NA,0,4,"no",17.29,13.03171486,21.79884679,79.83333333,0.564019367350756,-0.96234197733198,-0.610003960994292,18.2,8.903889997,21.60838485,87,-0.319841925842042,-1.2331033167923,-0.235554933708899,-0.674384546673097,-0.696065404544717,0,"large","first","dist.10","dist.10","dist.10",0,0.383798923547261,0.397002234939508,-0.179380228057897,0.692122624034258,-1.04779207805897,-0.519894914297499,-0.347422909026337
"2850-57846","2850-57647","2850-57846_2850-57647",2,"CHR",52,"CHR-52","0",11,4.311943687,0,23,0.280645161290323,"CHR_52_2",1,NA,0,2,"no",17.29,13.03171486,21.79884679,79.83333333,0.564019367350756,-0.96234197733198,-0.610003960994292,15.8,12.89783981,28.1838767,85.83333333,-0.459228290836701,-0.207070274097309,1.10864751842364,-1.05118998953411,-0.696065404544717,0,"large","second","dist.05","dist.05","dist.10",0,0.531116950924291,0.397002234939508,-0.179380228057897,0.692122624034258,2.30307908737845,-0.324477446700752,0.908946604529733
"2850-57846","2850-57647","2850-57846_2850-57647",1,"CHR",110,"CHR-110","0",0,3.099674315,0,15,0.268817204301075,"CHR_110_1",1,NA,0,4,"no",17.29,13.03171486,21.79884679,79.83333333,0.564019367350756,-0.96234197733198,-0.610003960994292,15.8,12.89783981,28.1838767,85.83333333,-0.459228290836701,-0.207070274097309,1.10864751842364,-1.23228840882563,-0.696065404544717,0,"large","first","dist.05","dist.05","dist.10",0,0.383798923547261,0.397002234939508,-0.179380228057897,0.692122624034258,2.30307908737845,-0.324477446700752,0.908946604529733
"2850-57846","2850-57653","2850-57846_2850-57653",2,"CHR",52,"CHR-52","0",11,18.60651776,8,-3,0.254838709677419,"CHR_52_2",1,NA,0,2,"no",17.29,13.03171486,21.79884679,79.83333333,0.564019367350756,-0.96234197733198,-0.610003960994292,16.37,8.467490861,27.15053506,78,-1.39510816701437,-1.34521287106915,0.897405470214174,1.08424692643362,1.64872664202443,0,"large","second","dist.20","dist.20","dist.20",0,0.209695800283509,0.397002234939508,-0.179380228057897,0.692122624034258,0.182274551131745,-1.12841701146077,0.110874711490428
"2850-57846","2850-57653","2850-57846_2850-57653",1,"CHR",110,"CHR-110","0",0,14.19959013,0,10,0.268817204301075,"CHR_110_1",1,NA,0,4,"no",17.29,13.03171486,21.79884679,79.83333333,0.564019367350756,-0.96234197733198,-0.610003960994292,16.37,8.467490861,27.15053506,78,-1.39510816701437,-1.34521287106915,0.897405470214174,0.42590510393221,-0.696065404544717,0,"large","first","dist.20","dist.20","dist.20",0,0.383798923547261,0.397002234939508,-0.179380228057897,0.692122624034258,0.182274551131745,-1.12841701146077,0.110874711490428
"2850-57846","2850-57671","2850-57846_2850-57671",2,"CHR",52,"CHR-52","0",11,13.80890721,0,-32,0.280645161290323,"CHR_52_2",1,NA,0,2,"no",17.29,13.03171486,21.79884679,79.83333333,0.564019367350756,-0.96234197733198,-0.610003960994292,17.53,16.28350449,28.84180791,75.83333333,-1.65396855880595,0.662696246718346,1.24314585953504,0.367541788904736,-0.696065404544717,0,"large","second","dist.20","dist.20","dist.20",0,0.531116950924291,0.397002234939508,-0.179380228057897,0.692122624034258,0.606435458890079,1.16785270969026,0.187430780520441
"2850-57846","2850-57671","2850-57846_2850-57671",1,"CHR",110,"CHR-110","0",0,16.6309399,0,14,0.268817204301075,"CHR_110_1",1,NA,0,4,"no",17.29,13.03171486,21.79884679,79.83333333,0.564019367350756,-0.96234197733198,-0.610003960994292,17.53,16.28350449,28.84180791,75.83333333,-1.65396855880595,0.662696246718346,1.24314585953504,0.789119427631049,-0.696065404544717,0,"large","first","dist.20","dist.20","dist.20",0,0.383798923547261,0.397002234939508,-0.179380228057897,0.692122624034258,0.606435458890079,1.16785270969026,0.187430780520441
"2850-57846","2850-57731","2850-57846_2850-57731",1,"CHR",110,"CHR-110","0",10,4.44740581,3,-8,0.258064516129032,"CHR_110_1",1,NA,0,4,"no",17.29,13.03171486,21.79884679,79.83333333,0.564019367350756,-0.96234197733198,-0.610003960994292,15.9,10.9634214,23.24545364,91,0.158054181345658,-0.704016229851986,0.0991047285683272,-1.03095358258051,0.183231612918712,0,"large","first","dist.05","dist.05","dist.10",0,0.249873444113606,0.397002234939508,-0.179380228057897,0.692122624034258,-1.17504035013197,-0.720064302121302,-0.918055636034195
"2850-57846","2850-57731","2850-57846_2850-57731",2,"CHR",52,"CHR-52","0",11,7.941040523,5,-5,0.264516129032258,"CHR_52_2",1,NA,0,2,"no",17.29,13.03171486,21.79884679,79.83333333,0.564019367350756,-0.96234197733198,-0.610003960994292,15.9,10.9634214,23.24545364,91,0.158054181345658,-0.704016229851986,0.0991047285683272,-0.509046703862246,0.769429624560999,0,"large","second","dist.10","dist.10","dist.10",0,0.330228731773802,0.397002234939508,-0.179380228057897,0.692122624034258,-1.17504035013197,-0.720064302121302,-0.918055636034195
"2850-57846","2850-57733","2850-57846_2850-57733",2,"CHR",52,"CHR-52","0",11,5.887045096,0,-11,0.280645161290323,"CHR_52_2",1,NA,0,2,"no",17.29,13.03171486,21.79884679,79.83333333,0.564019367350756,-0.96234197733198,-0.610003960994292,15.66,14.84394317,20.45213858,102,1.47226847611183,0.292877508261001,-0.471921901664779,-0.815888841140714,-0.696065404544717,0,"large","second","dist.10","dist.10","dist.10",0,0.531116950924291,0.397002234939508,-0.179380228057897,0.692122624034258,0.606435458890079,-1.12204057333336,-0.450386497816471
"2850-57846","2850-57733","2850-57846_2850-57733",1,"CHR",110,"CHR-110","0",0,8.704376326,0,35,0.268817204301075,"CHR_110_1",1,NA,0,4,"no",17.29,13.03171486,21.79884679,79.83333333,0.564019367350756,-0.96234197733198,-0.610003960994292,15.66,14.84394317,20.45213858,102,1.47226847611183,0.292877508261001,-0.471921901664779,-0.395013543819726,-0.696065404544717,0,"large","first","dist.10","dist.10","dist.10",0,0.383798923547261,0.397002234939508,-0.179380228057897,0.692122624034258,0.606435458890079,-1.12204057333336,-0.450386497816471
"2850-57846","2850-57744","2850-57846_2850-57744",2,"CHR",52,"CHR-52","0",11,9.59242211,0,24,0.280645161290323,"CHR_52_2",1,NA,0,2,"no",17.29,13.03171486,21.79884679,79.83333333,0.564019367350756,-0.96234197733198,-0.610003960994292,14.77,24.63866733,20.45419575,84.5,-0.618526992834355,2.80911108724386,-0.47150136233152,-0.262350217123968,-0.696065404544717,0,"large","second","dist.10","dist.10","dist.10",0,0.531116950924291,0.397002234939508,-0.179380228057897,0.692122624034258,-0.411550717693951,1.14723185861105,0.256764043881684
"2850-57846","2850-57744","2850-57846_2850-57744",1,"CHR",110,"CHR-110","0",0,12.33962681,0,18,0.268817204301075,"CHR_110_1",1,NA,0,4,"no",17.29,13.03171486,21.79884679,79.83333333,0.564019367350756,-0.96234197733198,-0.610003960994292,14.77,24.63866733,20.45419575,84.5,-0.618526992834355,2.80911108724386,-0.47150136233152,0.148049022625387,-0.696065404544717,0,"large","first","dist.20","dist.20","dist.20",0,0.383798923547261,0.397002234939508,-0.179380228057897,0.692122624034258,-0.411550717693951,1.14723185861105,0.256764043881684
"2850-57846","2850-57806","2850-57846_2850-57806",1,"CHR",110,"CHR-110","0",10,9.718855261,8,-3,0.240143369175627,"CHR_110_1",1,NA,0,4,"no",17.29,13.03171486,21.79884679,79.83333333,0.564019367350756,-0.96234197733198,-0.610003960994292,15.88,11.25502825,14.26422898,83.83333333,-0.698176344430552,-0.62910335473214,-1.73689240845576,-0.24346262966115,1.64872664202443,0,"large","first","dist.10","dist.10","dist.10",0,0.0266643117241815,0.397002234939508,-0.179380228057897,0.692122624034258,0.224690642671068,-0.312822534834813,0.766781208645738
"2850-57846","2850-57806","2850-57846_2850-57806",2,"CHR",52,"CHR-52","0",12,12.48433777,8,3,0.254838709677419,"CHR_52_2",1,NA,0,2,"no",17.29,13.03171486,21.79884679,79.83333333,0.564019367350756,-0.96234197733198,-0.610003960994292,15.88,11.25502825,14.26422898,83.83333333,-0.698176344430552,-0.62910335473214,-1.73689240845576,0.169667094248299,1.64872664202443,0,"large","second","dist.20","dist.20","dist.20",0,0.209695800283509,0.397002234939508,-0.179380228057897,0.692122624034258,0.224690642671068,-0.312822534834813,0.766781208645738
"2850-57846","2850-57808","2850-57846_2850-57808",1,"CHR",110,"CHR-110","0",10,6.502144006,8,-3,0.240143369175627,"CHR_110_1",1,NA,0,4,"no",17.29,13.03171486,21.79884679,79.83333333,0.564019367350756,-0.96234197733198,-0.610003960994292,17.44,11.46748421,15.37756564,100,1.23332042251798,-0.574524092276724,-1.50929728666711,-0.724000484574253,1.64872664202443,0,"large","first","dist.10","dist.10","dist.10",0,0.0266643117241815,0.397002234939508,-0.179380228057897,0.692122624034258,0.564019367350756,-2.00209196155345,-1.05591017852521
"2850-57846","2850-57808","2850-57846_2850-57808",2,"CHR",52,"CHR-52","0",11,6.130364882,9,-1,0.251612903225806,"CHR_52_2",1,NA,0,2,"no",17.29,13.03171486,21.79884679,79.83333333,0.564019367350756,-0.96234197733198,-0.610003960994292,17.44,11.46748421,15.37756564,100,1.23332042251798,-0.574524092276724,-1.50929728666711,-0.779539800535776,1.94182564784557,0,"large","second","dist.10","dist.10","dist.10",0,0.169518156453411,0.397002234939508,-0.179380228057897,0.692122624034258,0.564019367350756,-2.00209196155345,-1.05591017852521
"2850-57846","2850-57881","2850-57846_2850-57881",1,"CHR",110,"CHR-110","0",8,9.52343924,8,2,0.240143369175627,"CHR_110_1",1,NA,0,4,"no",17.29,13.03171486,21.79884679,79.83333333,0.564019367350756,-0.96234197733198,-0.610003960994292,16.55,11.73463277,21.93833167,84.83333333,-0.578702317633627,-0.50589447430401,-0.16810517715307,-0.272655425688779,1.64872664202443,0,"large","first","dist.10","dist.10","dist.10",0,0.0266643117241815,0.397002234939508,-0.179380228057897,0.692122624034258,-0.835711625452285,0.553081751767378,1.79200900661347
"2850-57846","2850-57881","2850-57846_2850-57881",2,"CHR",52,"CHR-52","0",11,9.461416016,0,13,0.280645161290323,"CHR_52_2",1,NA,0,2,"no",17.29,13.03171486,21.79884679,79.83333333,0.564019367350756,-0.96234197733198,-0.610003960994292,16.55,11.73463277,21.93833167,84.83333333,-0.578702317633627,-0.50589447430401,-0.16810517715307,-0.281920947102747,-0.696065404544717,0,"large","second","dist.10","dist.10","dist.10",0,0.531116950924291,0.397002234939508,-0.179380228057897,0.692122624034258,-0.835711625452285,0.553081751767378,1.79200900661347
"2850-57879","2640-97588","2850-57879_2640-97588",1,"CHR",112,"CHR-112","0",11,11.55530626,0,-22,0.316129032258064,"CHR_112_1",1,NA,0,4,"no",19.28,14.99234629,31.94793453,86.66666667,2.30307908737845,-0.324477446700752,0.908946604529733,18.7,11.85018943,14.45612662,87,-0.319841925842042,-0.476208334764261,-1.69766351362466,0.0308809945422244,-0.696065404544717,0,"large","first","dist.20","dist.20","dist.20",0,0.97307103305534,-0.459228290836701,-0.207070274097309,1.10864751842364,0.224690642671068,-0.0934822025987468,-1.95280566010936
"2850-57879","2640-97588","2850-57879_2640-97588",2,"CHR",112,"CHR-112","0",11,11.55530626,0,-28,0.154838709677419,"CHR_112_2",1,NA,0,4,"no",19.28,14.99234629,31.94793453,86.66666667,2.30307908737845,-0.324477446700752,0.908946604529733,18.7,11.85018943,14.45612662,87,-0.319841925842042,-0.476208334764261,-1.69766351362466,0.0308809945422244,-0.696065404544717,0,"large","second","dist.20","dist.20","dist.20",0,-1.03581115844948,-0.459228290836701,-0.207070274097309,1.10864751842364,0.224690642671068,-0.0934822025987468,-1.95280566010936
"2850-57879","2640-97589","2850-57879_2640-97589",1,"CHR",112,"CHR-112","0",11,0.210376542,0,-20,0.316129032258064,"CHR_112_1",1,NA,0,4,"no",19.28,14.99234629,31.94793453,86.66666667,2.30307908737845,-0.324477446700752,0.908946604529733,16.1,11.8153556,16.91354271,99.66666667,1.19349574731726,-0.485157035237985,-1.19530341502793,-1.66391463946243,-0.696065404544717,0,"large","first","dist.01","dist.05","dist.10",0,0.97307103305534,-0.459228290836701,-0.207070274097309,1.10864751842364,0.98818027510909,-0.478534822267752,-0.867541507603602
"2850-57879","2640-97589","2850-57879_2640-97589",2,"CHR",112,"CHR-112","0",11,0.210376542,0,-25,0.154838709677419,"CHR_112_2",1,NA,0,4,"no",19.28,14.99234629,31.94793453,86.66666667,2.30307908737845,-0.324477446700752,0.908946604529733,16.1,11.8153556,16.91354271,99.66666667,1.19349574731726,-0.485157035237985,-1.19530341502793,-1.66391463946243,-0.696065404544717,0,"large","second","dist.01","dist.05","dist.10",0,-1.03581115844948,-0.459228290836701,-0.207070274097309,1.10864751842364,0.98818027510909,-0.478534822267752,-0.867541507603602
"2850-57879","2811-83208","2850-57879_2811-83208",1,"CHR",112,"CHR-112","0",11,16.66361176,5,-5,0.3,"CHR_112_1",1,NA,0,4,"no",19.28,14.99234629,31.94793453,86.66666667,2.30307908737845,-0.324477446700752,0.908946604529733,16.9,18.73416916,21.00459455,87,-0.319841925842042,1.29226422972124,-0.358985457287731,0.794000209359908,0.769429624560999,0,"large","first","dist.20","dist.20","dist.20",0,0.772182813904864,-0.459228290836701,-0.207070274097309,1.10864751842364,-0.411550717693951,-0.159665267146272,1.94192717350385
"2850-57879","2811-83208","2850-57879_2811-83208",2,"CHR",112,"CHR-112","0",11,16.66361176,0,-10,0.154838709677419,"CHR_112_2",1,NA,0,4,"no",19.28,14.99234629,31.94793453,86.66666667,2.30307908737845,-0.324477446700752,0.908946604529733,16.9,18.73416916,21.00459455,87,-0.319841925842042,1.29226422972124,-0.358985457287731,0.794000209359908,-0.696065404544717,0,"large","second","dist.20","dist.20","dist.20",0,-1.03581115844948,-0.459228290836701,-0.207070274097309,1.10864751842364,-0.411550717693951,-0.159665267146272,1.94192717350385
"2850-57879","2850-57567","2850-57879_2850-57567",1,"CHR",112,"CHR-112","0",11,8.20278258,4,-7,0.303225806451613,"CHR_112_1",1,NA,0,4,"no",19.28,14.99234629,31.94793453,86.66666667,2.30307908737845,-0.324477446700752,0.908946604529733,16.6,10.56012296,26.35612994,102.1666667,1.49218081789379,-0.807622320284185,0.735008293751907,-0.469945598217213,0.476330618739855,0,"large","first","dist.10","dist.10","dist.10",0,0.812360457734962,-0.459228290836701,-0.207070274097309,1.10864751842364,-1.17504035013197,0.922800644787313,-0.818227574717981
"2850-57879","2850-57567","2850-57879_2850-57567",2,"CHR",112,"CHR-112","0",0,8.20278258,0,-61,0.154838709677419,"CHR_112_2",1,NA,0,4,"no",19.28,14.99234629,31.94793453,86.66666667,2.30307908737845,-0.324477446700752,0.908946604529733,16.6,10.56012296,26.35612994,102.1666667,1.49218081789379,-0.807622320284185,0.735008293751907,-0.469945598217213,-0.696065404544717,0,"large","second","dist.10","dist.10","dist.10",0,-1.03581115844948,-0.459228290836701,-0.207070274097309,1.10864751842364,-1.17504035013197,0.922800644787313,-0.818227574717981
"2850-57879","2850-57570","2850-57879_2850-57570",1,"CHR",112,"CHR-112","0",6,5.501847625,6,5,0.296774193548387,"CHR_112_1",1,NA,0,4,"no",19.28,14.99234629,31.94793453,86.66666667,2.30307908737845,-0.324477446700752,0.908946604529733,16.51,16.84077767,23.06811898,90,0.038580154548733,0.805857959623855,0.0628528876022267,-0.873432696264351,1.06252863038214,0,"large","first","dist.10","dist.10","dist.10",0,0.732005170074767,-0.459228290836701,-0.207070274097309,1.10864751842364,-0.157054173547943,-1.42571858026568,-1.08665491345185
"2850-57879","2850-57570","2850-57879_2850-57570",2,"CHR",112,"CHR-112","0",11,8.326762193,0,-29,0.154838709677419,"CHR_112_2",1,NA,0,4,"no",19.28,14.99234629,31.94793453,86.66666667,2.30307908737845,-0.324477446700752,0.908946604529733,16.51,16.84077767,23.06811898,90,0.038580154548733,0.805857959623855,0.0628528876022267,-0.451424539731975,-0.696065404544717,0,"large","second","dist.10","dist.10","dist.10",0,-1.03581115844948,-0.459228290836701,-0.207070274097309,1.10864751842364,-0.157054173547943,-1.42571858026568,-1.08665491345185
"2850-57879","2850-57577","2850-57879_2850-57577",1,"CHR",112,"CHR-112","0",6,13.3869908,6,5,0.296774193548387,"CHR_112_1",1,NA,0,4,"no",19.28,14.99234629,31.94793453,86.66666667,2.30307908737845,-0.324477446700752,0.908946604529733,18.2,20.92472416,28.83623131,90.83333333,0.138141843147924,1.85501086327307,1.24200585669334,0.304512567273826,1.06252863038214,0,"large","first","dist.20","dist.20","dist.20",0,0.732005170074767,-0.459228290836701,-0.207070274097309,1.10864751842364,-0.666047261839958,0.264789915692027,-0.462001728113777
"2850-57879","2850-57577","2850-57879_2850-57577",2,"CHR",112,"CHR-112","0",11,14.0212532,11,0,0.119354838709677,"CHR_112_2",1,NA,0,4,"no",19.28,14.99234629,31.94793453,86.66666667,2.30307908737845,-0.324477446700752,0.908946604529733,18.2,20.92472416,28.83623131,90.83333333,0.138141843147924,1.85501086327307,1.24200585669334,0.399263718056875,2.52802365948786,0,"large","second","dist.20","dist.20","dist.20",0,-1.47776524058055,-0.459228290836701,-0.207070274097309,1.10864751842364,-0.666047261839958,0.264789915692027,-0.462001728113777
"2850-57879","2850-57578","2850-57879_2850-57578",1,"CHR",112,"CHR-112","0",10,2.683141701,10,1,0.283870967741935,"CHR_112_1",1,NA,0,4,"no",19.28,14.99234629,31.94793453,86.66666667,2.30307908737845,-0.324477446700752,0.908946604529733,17.2,10.81633932,15.67680791,91.5,0.217791194744121,-0.741801149826969,-1.44812434290995,-1.29451335628455,2.23492465366671,0,"large","first","dist.05","dist.05","dist.10",0,0.571294594754375,-0.459228290836701,-0.207070274097309,1.10864751842364,0.0550262790587415,1.59216462744548,-0.0904874492207969
"2850-57879","2850-57578","2850-57879_2850-57578",2,"CHR",112,"CHR-112","0",11,2.683141701,7,-3,0.132258064516129,"CHR_112_2",1,NA,0,4,"no",19.28,14.99234629,31.94793453,86.66666667,2.30307908737845,-0.324477446700752,0.908946604529733,17.2,10.81633932,15.67680791,91.5,0.217791194744121,-0.741801149826969,-1.44812434290995,-1.29451335628455,1.35562763620329,0,"large","second","dist.05","dist.05","dist.10",0,-1.31705466526016,-0.459228290836701,-0.207070274097309,1.10864751842364,0.0550262790587415,1.59216462744548,-0.0904874492207969
"2850-57879","2850-57579","2850-57879_2850-57579",1,"CHR",112,"CHR-112","0",11,5.907321837,0,-12,0.316129032258064,"CHR_112_1",1,NA,0,4,"no",19.28,14.99234629,31.94793453,86.66666667,2.30307908737845,-0.324477446700752,0.908946604529733,16.3,11.31949153,24.77905949,93.5,0.456739248337971,-0.612542942504321,0.412613860843324,-0.812859740655048,-0.696065404544717,0,"large","first","dist.10","dist.10","dist.10",0,0.97307103305534,-0.459228290836701,-0.207070274097309,1.10864751842364,0.394355006283394,0.252942547897877,-0.257226498974273
"2850-57879","2850-57579","2850-57879_2850-57579",2,"CHR",112,"CHR-112","0",1,7.47180793,0,-41,0.154838709677419,"CHR_112_2",1,NA,0,4,"no",19.28,14.99234629,31.94793453,86.66666667,2.30307908737845,-0.324477446700752,0.908946604529733,16.3,11.31949153,24.77905949,93.5,0.456739248337971,-0.612542942504321,0.412613860843324,-0.579144392408286,-0.696065404544717,0,"large","second","dist.10","dist.10","dist.10",0,-1.03581115844948,-0.459228290836701,-0.207070274097309,1.10864751842364,0.394355006283394,0.252942547897877,-0.257226498974273
"2850-57879","2850-57580","2850-57879_2850-57580",1,"CHR",112,"CHR-112","0",11,11.57698308,6,-4,0.296774193548387,"CHR_112_1",1,NA,0,4,"no",19.28,14.99234629,31.94793453,86.66666667,2.30307908737845,-0.324477446700752,0.908946604529733,16.2,9.142844799,27.48113161,87.83333333,-0.220280237242851,-1.17171658585126,0.964988048569367,0.0341192499398595,1.06252863038214,0,"large","first","dist.20","dist.20","dist.20",0,0.732005170074767,-0.459228290836701,-0.207070274097309,1.10864751842364,0.564019367350756,0.594981908524202,0.613110506001452
"2850-57879","2850-57580","2850-57879_2850-57580",2,"CHR",112,"CHR-112","0",0,11.57698308,0,-58,0.154838709677419,"CHR_112_2",1,NA,0,4,"no",19.28,14.99234629,31.94793453,86.66666667,2.30307908737845,-0.324477446700752,0.908946604529733,16.2,9.142844799,27.48113161,87.83333333,-0.220280237242851,-1.17171658585126,0.964988048569367,0.0341192499398595,-0.696065404544717,0,"large","second","dist.20","dist.20","dist.20",0,-1.03581115844948,-0.459228290836701,-0.207070274097309,1.10864751842364,0.564019367350756,0.594981908524202,0.613110506001452
"2850-57879","2850-57581","2850-57879_2850-57581",1,"CHR",112,"CHR-112","0",11,10.67389294,0,-14,0.316129032258064,"CHR_112_1",1,NA,0,4,"no",19.28,14.99234629,31.94793453,86.66666667,2.30307908737845,-0.324477446700752,0.908946604529733,15.5,12.5018158,18.94245264,82.5,-0.857475046428205,-0.308807586528723,-0.780541178943333,-0.100791522046348,-0.696065404544717,0,"large","first","dist.20","dist.20","dist.20",0,0.97307103305534,-0.459228290836701,-0.207070274097309,1.10864751842364,-0.920543805985966,0.0923616887128494,-0.0652425713766268
"2850-57879","2850-57581","2850-57879_2850-57581",2,"CHR",112,"CHR-112","0",11,12.61615031,0,-19,0.154838709677419,"CHR_112_2",1,NA,0,4,"no",19.28,14.99234629,31.94793453,86.66666667,2.30307908737845,-0.324477446700752,0.908946604529733,15.5,12.5018158,18.94245264,82.5,-0.857475046428205,-0.308807586528723,-0.780541178943333,0.189358297530468,-0.696065404544717,0,"large","second","dist.20","dist.20","dist.20",0,-1.03581115844948,-0.459228290836701,-0.207070274097309,1.10864751842364,-0.920543805985966,0.0923616887128494,-0.0652425713766268
"2850-57879","2850-57589","2850-57879_2850-57589",1,"CHR",112,"CHR-112","0",11,5.741055304,3,-8,0.306451612903226,"CHR_112_1",1,NA,0,4,"no",19.28,14.99234629,31.94793453,86.66666667,2.30307908737845,-0.324477446700752,0.908946604529733,17.5,12.65077601,16.92662014,97,0.874898342127209,-0.270540180912031,-1.19263004642303,-0.837697954836525,0.183231612918712,0,"large","first","dist.10","dist.10","dist.10",0,0.852538101565059,-0.459228290836701,-0.207070274097309,1.10864751842364,0.394355006283394,-0.220209818057244,-0.7238327207249
"2850-57879","2850-57589","2850-57879_2850-57589",2,"CHR",112,"CHR-112","0",11,7.603974661,1,-9,0.151612903225806,"CHR_112_2",1,NA,0,4,"no",19.28,14.99234629,31.94793453,86.66666667,2.30307908737845,-0.324477446700752,0.908946604529733,17.5,12.65077601,16.92662014,97,0.874898342127209,-0.270540180912031,-1.19263004642303,-0.559400277263697,-0.402966398723574,0,"large","second","dist.10","dist.10","dist.10",0,-1.07598880227958,-0.459228290836701,-0.207070274097309,1.10864751842364,0.394355006283394,-0.220209818057244,-0.7238327207249
"2850-57879","2850-57620","2850-57879_2850-57620",1,"CHR",112,"CHR-112","0",11,4.669147474,5,-5,0.3,"CHR_112_1",1,NA,0,4,"no",19.28,14.99234629,31.94793453,86.66666667,2.30307908737845,-0.324477446700752,0.908946604529733,18.2,8.903889997,21.60838485,87,-0.319841925842042,-1.2331033167923,-0.235554933708899,-0.99782805308271,0.769429624560999,0,"large","first","dist.05","dist.05","dist.10",0,0.772182813904864,-0.459228290836701,-0.207070274097309,1.10864751842364,-1.04779207805897,-0.519894914297499,-0.347422909026337
"2850-57879","2850-57620","2850-57879_2850-57620",2,"CHR",112,"CHR-112","0",11,4.669147474,0,-10,0.154838709677419,"CHR_112_2",1,NA,0,4,"no",19.28,14.99234629,31.94793453,86.66666667,2.30307908737845,-0.324477446700752,0.908946604529733,18.2,8.903889997,21.60838485,87,-0.319841925842042,-1.2331033167923,-0.235554933708899,-0.99782805308271,-0.696065404544717,0,"large","second","dist.05","dist.05","dist.10",0,-1.03581115844948,-0.459228290836701,-0.207070274097309,1.10864751842364,-1.04779207805897,-0.519894914297499,-0.347422909026337
"2850-57879","2850-57653","2850-57879_2850-57653",1,"CHR",112,"CHR-112","0",11,12.6934362,5,-5,0.3,"CHR_112_1",1,NA,0,4,"no",19.28,14.99234629,31.94793453,86.66666667,2.30307908737845,-0.324477446700752,0.908946604529733,16.37,8.467490861,27.15053506,78,-1.39510816701437,-1.34521287106915,0.897405470214174,0.200903877115183,0.769429624560999,0,"large","first","dist.20","dist.20","dist.20",0,0.772182813904864,-0.459228290836701,-0.207070274097309,1.10864751842364,0.182274551131745,-1.12841701146077,0.110874711490428
"2850-57879","2850-57653","2850-57879_2850-57653",2,"CHR",112,"CHR-112","0",11,14.75912949,0,-26,0.154838709677419,"CHR_112_2",1,NA,0,4,"no",19.28,14.99234629,31.94793453,86.66666667,2.30307908737845,-0.324477446700752,0.908946604529733,16.37,8.467490861,27.15053506,78,-1.39510816701437,-1.34521287106915,0.897405470214174,0.509493534002179,-0.696065404544717,0,"large","second","dist.20","dist.20","dist.20",0,-1.03581115844948,-0.459228290836701,-0.207070274097309,1.10864751842364,0.182274551131745,-1.12841701146077,0.110874711490428
"2850-57879","2850-57671","2850-57879_2850-57671",1,"CHR",112,"CHR-112","0",11,16.72153987,10,-1,0.283870967741935,"CHR_112_1",1,NA,0,4,"no",19.28,14.99234629,31.94793453,86.66666667,2.30307908737845,-0.324477446700752,0.908946604529733,17.53,16.28350449,28.84180791,75.83333333,-1.65396855880595,0.662696246718346,1.24314585953504,0.80265397014596,2.23492465366671,0,"large","first","dist.20","dist.20","dist.20",0,0.571294594754375,-0.459228290836701,-0.207070274097309,1.10864751842364,0.606435458890079,1.16785270969026,0.187430780520441
"2850-57879","2850-57671","2850-57879_2850-57671",2,"CHR",112,"CHR-112","0",0,16.72153987,0,-55,0.154838709677419,"CHR_112_2",1,NA,0,4,"no",19.28,14.99234629,31.94793453,86.66666667,2.30307908737845,-0.324477446700752,0.908946604529733,17.53,16.28350449,28.84180791,75.83333333,-1.65396855880595,0.662696246718346,1.24314585953504,0.80265397014596,-0.696065404544717,0,"large","second","dist.20","dist.20","dist.20",0,-1.03581115844948,-0.459228290836701,-0.207070274097309,1.10864751842364,0.606435458890079,1.16785270969026,0.187430780520441
"2850-57879","2850-57731","2850-57879_2850-57731",1,"CHR",112,"CHR-112","0",11,1.783308813,0,-23,0.316129032258064,"CHR_112_1",1,NA,0,4,"no",19.28,14.99234629,31.94793453,86.66666667,2.30307908737845,-0.324477446700752,0.908946604529733,15.9,10.9634214,23.24545364,91,0.158054181345658,-0.704016229851986,0.0991047285683272,-1.42893753411763,-0.696065404544717,0,"large","first","dist.05","dist.05","dist.10",0,0.97307103305534,-0.459228290836701,-0.207070274097309,1.10864751842364,-1.17504035013197,-0.720064302121302,-0.918055636034195
"2850-57879","2850-57731","2850-57879_2850-57731",2,"CHR",112,"CHR-112","0",11,3.694681618,0,13,0.154838709677419,"CHR_112_2",1,NA,0,4,"no",19.28,14.99234629,31.94793453,86.66666667,2.30307908737845,-0.324477446700752,0.908946604529733,15.9,10.9634214,23.24545364,91,0.158054181345658,-0.704016229851986,0.0991047285683272,-1.1434014959587,-0.696065404544717,0,"large","second","dist.05","dist.05","dist.10",0,-1.03581115844948,-0.459228290836701,-0.207070274097309,1.10864751842364,-1.17504035013197,-0.720064302121302,-0.918055636034195
"2850-57879","2850-57733","2850-57879_2850-57733",2,"CHR",112,"CHR-112","0",11,9.054214797,0,12,0.154838709677419,"CHR_112_2",1,NA,0,4,"no",19.28,14.99234629,31.94793453,86.66666667,2.30307908737845,-0.324477446700752,0.908946604529733,15.66,14.84394317,20.45213858,102,1.47226847611183,0.292877508261001,-0.471921901664779,-0.342751896723142,-0.696065404544717,0,"large","second","dist.10","dist.10","dist.10",0,-1.03581115844948,-0.459228290836701,-0.207070274097309,1.10864751842364,0.606435458890079,-1.12204057333336,-0.450386497816471
"2850-57879","2850-57733","2850-57879_2850-57733",1,"CHR",112,"CHR-112","0",0,9.054214797,0,20,0.316129032258064,"CHR_112_1",1,NA,0,4,"no",19.28,14.99234629,31.94793453,86.66666667,2.30307908737845,-0.324477446700752,0.908946604529733,15.66,14.84394317,20.45213858,102,1.47226847611183,0.292877508261001,-0.471921901664779,-0.342751896723142,-0.696065404544717,0,"large","first","dist.10","dist.10","dist.10",0,0.97307103305534,-0.459228290836701,-0.207070274097309,1.10864751842364,0.606435458890079,-1.12204057333336,-0.450386497816471
"2850-57879","2850-57742","2850-57879_2850-57742",1,"CHR",112,"CHR-112","0",11,3.099674315,0,-15,0.316129032258064,"CHR_112_1",1,NA,0,4,"no",19.28,14.99234629,31.94793453,86.66666667,2.30307908737845,-0.324477446700752,0.908946604529733,16.98,13.00562645,26.1463443,93,0.397002234939508,-0.179380228057897,0.692122624034258,-1.23228840882563,-0.696065404544717,0,"large","first","dist.05","dist.05","dist.10",0,0.97307103305534,-0.459228290836701,-0.207070274097309,1.10864751842364,0.564019367350756,-0.96234197733198,-0.610003960994292
"2850-57879","2850-57742","2850-57879_2850-57742",2,"CHR",112,"CHR-112","0",11,4.311943687,0,-23,0.154838709677419,"CHR_112_2",1,NA,0,4,"no",19.28,14.99234629,31.94793453,86.66666667,2.30307908737845,-0.324477446700752,0.908946604529733,16.98,13.00562645,26.1463443,93,0.397002234939508,-0.179380228057897,0.692122624034258,-1.05118998953411,-0.696065404544717,0,"large","second","dist.05","dist.05","dist.10",0,-1.03581115844948,-0.459228290836701,-0.207070274097309,1.10864751842364,0.564019367350756,-0.96234197733198,-0.610003960994292
"2850-57879","2850-57744","2850-57879_2850-57744",1,"CHR",112,"CHR-112","0",8,13.53171341,8,3,0.290322580645161,"CHR_112_1",1,NA,0,4,"no",19.28,14.99234629,31.94793453,86.66666667,2.30307908737845,-0.324477446700752,0.908946604529733,14.77,24.63866733,20.45419575,84.5,-0.618526992834355,2.80911108724386,-0.47150136233152,0.326132379266191,1.64872664202443,0,"large","first","dist.20","dist.20","dist.20",0,0.651649882414571,-0.459228290836701,-0.207070274097309,1.10864751842364,-0.411550717693951,1.14723185861105,0.256764043881684
"2850-57879","2850-57744","2850-57879_2850-57744",2,"CHR",112,"CHR-112","0",11,13.53171341,10,1,0.12258064516129,"CHR_112_2",1,NA,0,4,"no",19.28,14.99234629,31.94793453,86.66666667,2.30307908737845,-0.324477446700752,0.908946604529733,14.77,24.63866733,20.45419575,84.5,-0.618526992834355,2.80911108724386,-0.47150136233152,0.326132379266191,2.23492465366671,0,"large","second","dist.20","dist.20","dist.20",0,-1.43758759675045,-0.459228290836701,-0.207070274097309,1.10864751842364,-0.411550717693951,1.14723185861105,0.256764043881684
"2850-57879","2850-57806","2850-57879_2850-57806",1,"CHR",112,"CHR-112","0",11,7.192032508,0,-18,0.316129032258064,"CHR_112_1",1,NA,0,4,"no",19.28,14.99234629,31.94793453,86.66666667,2.30307908737845,-0.324477446700752,0.908946604529733,15.88,11.25502825,14.26422898,83.83333333,-0.698176344430552,-0.62910335473214,-1.73689240845576,-0.620939465228799,-0.696065404544717,0,"large","first","dist.10","dist.10","dist.10",0,0.97307103305534,-0.459228290836701,-0.207070274097309,1.10864751842364,0.224690642671068,-0.312822534834813,0.766781208645738
"2850-57879","2850-57806","2850-57879_2850-57806",2,"CHR",112,"CHR-112","0",11,8.702820146,0,-20,0.154838709677419,"CHR_112_2",1,NA,0,4,"no",19.28,14.99234629,31.94793453,86.66666667,2.30307908737845,-0.324477446700752,0.908946604529733,15.88,11.25502825,14.26422898,83.83333333,-0.698176344430552,-0.62910335473214,-1.73689240845576,-0.395246018337883,-0.696065404544717,0,"large","second","dist.10","dist.10","dist.10",0,-1.03581115844948,-0.459228290836701,-0.207070274097309,1.10864751842364,0.224690642671068,-0.312822534834813,0.766781208645738
"2850-57879","2850-57808","2850-57879_2850-57808",1,"CHR",112,"CHR-112","0",11,3.546625264,0,-18,0.316129032258064,"CHR_112_1",1,NA,0,4,"no",19.28,14.99234629,31.94793453,86.66666667,2.30307908737845,-0.324477446700752,0.908946604529733,17.44,11.46748421,15.37756564,100,1.23332042251798,-0.574524092276724,-1.50929728666711,-1.16551932908619,-0.696065404544717,0,"large","first","dist.05","dist.05","dist.10",0,0.97307103305534,-0.459228290836701,-0.207070274097309,1.10864751842364,0.564019367350756,-2.00209196155345,-1.05591017852521
"2850-57879","2850-57808","2850-57879_2850-57808",2,"CHR",112,"CHR-112","0",11,3.77388294,0,-24,0.154838709677419,"CHR_112_2",1,NA,0,4,"no",19.28,14.99234629,31.94793453,86.66666667,2.30307908737845,-0.324477446700752,0.908946604529733,17.44,11.46748421,15.37756564,100,1.23332042251798,-0.574524092276724,-1.50929728666711,-1.13156977394106,-0.696065404544717,0,"large","second","dist.05","dist.05","dist.10",0,-1.03581115844948,-0.459228290836701,-0.207070274097309,1.10864751842364,0.564019367350756,-2.00209196155345,-1.05591017852521
"2850-57879","2850-57881","2850-57879_2850-57881",1,"CHR",112,"CHR-112","0",11,6.536178806,0,-13,0.316129032258064,"CHR_112_1",1,NA,0,4,"no",19.28,14.99234629,31.94793453,86.66666667,2.30307908737845,-0.324477446700752,0.908946604529733,16.55,11.73463277,21.93833167,84.83333333,-0.578702317633627,-0.50589447430401,-0.16810517715307,-0.718916096051977,-0.696065404544717,0,"large","first","dist.10","dist.10","dist.10",0,0.97307103305534,-0.459228290836701,-0.207070274097309,1.10864751842364,-0.835711625452285,0.553081751767378,1.79200900661347
"2850-57879","2850-57881","2850-57879_2850-57881",2,"CHR",112,"CHR-112","0",11,6.62356231,0,-10,0.154838709677419,"CHR_112_2",1,NA,0,4,"no",19.28,14.99234629,31.94793453,86.66666667,2.30307908737845,-0.324477446700752,0.908946604529733,16.55,11.73463277,21.93833167,84.83333333,-0.578702317633627,-0.50589447430401,-0.16810517715307,-0.705862054753841,-0.696065404544717,0,"large","second","dist.10","dist.10","dist.10",0,-1.03581115844948,-0.459228290836701,-0.207070274097309,1.10864751842364,-0.835711625452285,0.553081751767378,1.79200900661347
"2850-57883","2640-97588","2850-57883_2640-97588",1,"CHR",99,"CHR-99","0",11,9.910183806,0,-23,0.293548387096774,"CHR_99_1",1,NA,0,4,"no",16.69,20.88361083,25.27007145,77.83333333,0.0550262790587415,1.59216462744548,-0.0904874492207969,18.7,11.85018943,14.45612662,87,-0.319841925842042,-0.476208334764261,-1.69766351362466,-0.214880453236383,-0.696065404544717,0,"large","first","dist.10","dist.10","dist.10",0,0.691827526244669,0.217791194744121,-0.741801149826969,-1.44812434290995,0.224690642671068,-0.0934822025987468,-1.95280566010936
"2850-57883","2640-97588","2850-57883_2640-97588",2,"CHR",99,"CHR-99","0",10,9.910183806,0,-25,0.193548387096774,"CHR_99_2",1,NA,0,4,"no",16.69,20.88361083,25.27007145,77.83333333,0.0550262790587415,1.59216462744548,-0.0904874492207969,18.7,11.85018943,14.45612662,87,-0.319841925842042,-0.476208334764261,-1.69766351362466,-0.214880453236383,-0.696065404544717,0,"large","second","dist.10","dist.10","dist.10",0,-0.553679432488324,0.217791194744121,-0.741801149826969,-1.44812434290995,0.224690642671068,-0.0934822025987468,-1.95280566010936
"2850-57883","2640-97589","2850-57883_2640-97589",1,"CHR",99,"CHR-99","0",11,2.609073064,0,-21,0.293548387096774,"CHR_99_1",1,NA,0,4,"no",16.69,20.88361083,25.27007145,77.83333333,0.0550262790587415,1.59216462744548,-0.0904874492207969,16.1,11.8153556,16.91354271,99.66666667,1.19349574731726,-0.485157035237985,-1.19530341502793,-1.30557831708419,-0.696065404544717,0,"large","first","dist.05","dist.05","dist.10",0,0.691827526244669,0.217791194744121,-0.741801149826969,-1.44812434290995,0.98818027510909,-0.478534822267752,-0.867541507603602
"2850-57883","2640-97589","2850-57883_2640-97589",2,"CHR",99,"CHR-99","0",10,2.609073064,0,-22,0.193548387096774,"CHR_99_2",1,"ep_same",2,4,"yes",16.69,20.88361083,25.27007145,77.83333333,0.0550262790587415,1.59216462744548,-0.0904874492207969,16.1,11.8153556,16.91354271,99.66666667,1.19349574731726,-0.485157035237985,-1.19530341502793,-1.30557831708419,-0.696065404544717,1,"large","second","dist.05","dist.05","dist.10",0.5,-0.553679432488324,0.217791194744121,-0.741801149826969,-1.44812434290995,0.98818027510909,-0.478534822267752,-0.867541507603602
"2850-57883","2811-83208","2850-57883_2811-83208",1,"CHR",99,"CHR-99","0",11,18.78723311,4,-6,0.280645161290323,"CHR_99_1",1,NA,0,4,"no",16.69,20.88361083,25.27007145,77.83333333,0.0550262790587415,1.59216462744548,-0.0904874492207969,16.9,18.73416916,21.00459455,87,-0.319841925842042,1.29226422972124,-0.358985457287731,1.11124361956356,0.476330618739855,0,"large","first","dist.20","dist.20","dist.20",0,0.531116950924291,0.217791194744121,-0.741801149826969,-1.44812434290995,-0.411550717693951,-0.159665267146272,1.94192717350385
"2850-57883","2811-83208","2850-57883_2811-83208",2,"CHR",99,"CHR-99","0",10,18.78723311,3,-7,0.182795698924731,"CHR_99_2",1,NA,0,4,"no",16.69,20.88361083,25.27007145,77.83333333,0.0550262790587415,1.59216462744548,-0.0904874492207969,16.9,18.73416916,21.00459455,87,-0.319841925842042,1.29226422972124,-0.358985457287731,1.11124361956356,0.183231612918712,0,"large","second","dist.20","dist.20","dist.20",0,-0.687604911921978,0.217791194744121,-0.741801149826969,-1.44812434290995,-0.411550717693951,-0.159665267146272,1.94192717350385
"2850-57883","2850-57567","2850-57883_2850-57567",1,"CHR",99,"CHR-99","0",11,6.959151179,3,-8,0.283870967741935,"CHR_99_1",1,NA,0,4,"no",16.69,20.88361083,25.27007145,77.83333333,0.0550262790587415,1.59216462744548,-0.0904874492207969,16.6,10.56012296,26.35612994,102.1666667,1.49218081789379,-0.807622320284185,0.735008293751907,-0.655729126288064,0.183231612918712,0,"large","first","dist.10","dist.10","dist.10",0,0.571294594754375,0.217791194744121,-0.741801149826969,-1.44812434290995,-1.17504035013197,0.922800644787313,-0.818227574717981
"2850-57883","2850-57567","2850-57883_2850-57567",2,"CHR",99,"CHR-99","0",0,6.959151179,0,-58,0.193548387096774,"CHR_99_2",1,NA,0,4,"no",16.69,20.88361083,25.27007145,77.83333333,0.0550262790587415,1.59216462744548,-0.0904874492207969,16.6,10.56012296,26.35612994,102.1666667,1.49218081789379,-0.807622320284185,0.735008293751907,-0.655729126288064,-0.696065404544717,0,"large","second","dist.10","dist.10","dist.10",0,-0.553679432488324,0.217791194744121,-0.741801149826969,-1.44812434290995,-1.17504035013197,0.922800644787313,-0.818227574717981
"2850-57883","2850-57570","2850-57883_2850-57570",1,"CHR",99,"CHR-99","0",7,4.127994156,7,4,0.270967741935484,"CHR_99_1",1,NA,0,4,"no",16.69,20.88361083,25.27007145,77.83333333,0.0550262790587415,1.59216462744548,-0.0904874492207969,16.51,16.84077767,23.06811898,90,0.038580154548733,0.805857959623855,0.0628528876022267,-1.07866983028811,1.35562763620329,0,"large","first","dist.05","dist.05","dist.10",0,0.410584019433997,0.217791194744121,-0.741801149826969,-1.44812434290995,-0.157054173547943,-1.42571858026568,-1.08665491345185
"2850-57883","2850-57570","2850-57883_2850-57570",2,"CHR",99,"CHR-99","0",10,6.577697441,0,-26,0.193548387096774,"CHR_99_2",1,NA,0,4,"no",16.69,20.88361083,25.27007145,77.83333333,0.0550262790587415,1.59216462744548,-0.0904874492207969,16.51,16.84077767,23.06811898,90,0.038580154548733,0.805857959623855,0.0628528876022267,-0.712713712866105,-0.696065404544717,0,"large","second","dist.10","dist.10","dist.10",0,-0.553679432488324,0.217791194744121,-0.741801149826969,-1.44812434290995,-0.157054173547943,-1.42571858026568,-1.08665491345185
"2850-57883","2850-57577","2850-57883_2850-57577",1,"CHR",99,"CHR-99","0",7,10.85140017,7,4,0.270967741935484,"CHR_99_1",1,NA,0,4,"no",16.69,20.88361083,25.27007145,77.83333333,0.0550262790587415,1.59216462744548,-0.0904874492207969,18.2,20.92472416,28.83623131,90.83333333,0.138141843147924,1.85501086327307,1.24200585669334,-0.0742740833414663,1.35562763620329,0,"large","first","dist.20","dist.20","dist.20",0,0.410584019433997,0.217791194744121,-0.741801149826969,-1.44812434290995,-0.666047261839958,0.264789915692027,-0.462001728113777
"2850-57883","2850-57577","2850-57883_2850-57577",2,"CHR",99,"CHR-99","0",10,11.24600998,7,3,0.168458781362007,"CHR_99_2",1,NA,0,4,"no",16.69,20.88361083,25.27007145,77.83333333,0.0550262790587415,1.59216462744548,-0.0904874492207969,18.2,20.92472416,28.83623131,90.83333333,0.138141843147924,1.85501086327307,1.24200585669334,-0.0153241383222118,1.35562763620329,0,"large","second","dist.20","dist.20","dist.20",0,-0.866172217833518,0.217791194744121,-0.741801149826969,-1.44812434290995,-0.666047261839958,0.264789915692027,-0.462001728113777
"2850-57883","2850-57579","2850-57883_2850-57579",1,"CHR",99,"CHR-99","0",11,7.747253326,0,12,0.293548387096774,"CHR_99_1",1,NA,0,4,"no",16.69,20.88361083,25.27007145,77.83333333,0.0550262790587415,1.59216462744548,-0.0904874492207969,16.3,11.31949153,24.77905949,93.5,0.456739248337971,-0.612542942504321,0.412613860843324,-0.537996173234499,-0.696065404544717,0,"large","first","dist.10","dist.10","dist.10",0,0.691827526244669,0.217791194744121,-0.741801149826969,-1.44812434290995,0.394355006283394,0.252942547897877,-0.257226498974273
"2850-57883","2850-57579","2850-57883_2850-57579",2,"CHR",99,"CHR-99","0",4,9.016913962,0,-38,0.193548387096774,"CHR_99_2",1,NA,0,4,"no",16.69,20.88361083,25.27007145,77.83333333,0.0550262790587415,1.59216462744548,-0.0904874492207969,16.3,11.31949153,24.77905949,93.5,0.456739248337971,-0.612542942504321,0.412613860843324,-0.348324191472789,-0.696065404544717,0,"large","second","dist.10","dist.10","dist.10",0,-0.553679432488324,0.217791194744121,-0.741801149826969,-1.44812434290995,0.394355006283394,0.252942547897877,-0.257226498974273
"2850-57883","2850-57580","2850-57883_2850-57580",1,"CHR",99,"CHR-99","0",11,13.62674793,5,-5,0.27741935483871,"CHR_99_1",1,NA,0,4,"no",16.69,20.88361083,25.27007145,77.83333333,0.0550262790587415,1.59216462744548,-0.0904874492207969,16.2,9.142844799,27.48113161,87.83333333,-0.220280237242851,-1.17171658585126,0.964988048569367,0.340329390052444,0.769429624560999,0,"large","first","dist.20","dist.20","dist.20",0,0.490939307094193,0.217791194744121,-0.741801149826969,-1.44812434290995,0.564019367350756,0.594981908524202,0.613110506001452
"2850-57883","2850-57580","2850-57883_2850-57580",2,"CHR",99,"CHR-99","0",0,13.62674793,0,-55,0.193548387096774,"CHR_99_2",1,NA,0,4,"no",16.69,20.88361083,25.27007145,77.83333333,0.0550262790587415,1.59216462744548,-0.0904874492207969,16.2,9.142844799,27.48113161,87.83333333,-0.220280237242851,-1.17171658585126,0.964988048569367,0.340329390052444,-0.696065404544717,0,"large","second","dist.20","dist.20","dist.20",0,-0.553679432488324,0.217791194744121,-0.741801149826969,-1.44812434290995,0.564019367350756,0.594981908524202,0.613110506001452
"2850-57883","2850-57581","2850-57883_2850-57581",1,"CHR",99,"CHR-99","0",11,13.25550717,0,-15,0.293548387096774,"CHR_99_1",1,NA,0,4,"no",16.69,20.88361083,25.27007145,77.83333333,0.0550262790587415,1.59216462744548,-0.0904874492207969,15.5,12.5018158,18.94245264,82.5,-0.857475046428205,-0.308807586528723,-0.780541178943333,0.284870499177668,-0.696065404544717,0,"large","first","dist.20","dist.20","dist.20",0,0.691827526244669,0.217791194744121,-0.741801149826969,-1.44812434290995,-0.920543805985966,0.0923616887128494,-0.0652425713766268
"2850-57883","2850-57581","2850-57883_2850-57581",2,"CHR",99,"CHR-99","0",10,15.1632651,0,-16,0.193548387096774,"CHR_99_2",1,NA,0,4,"no",16.69,20.88361083,25.27007145,77.83333333,0.0550262790587415,1.59216462744548,-0.0904874492207969,15.5,12.5018158,18.94245264,82.5,-0.857475046428205,-0.308807586528723,-0.780541178943333,0.569866518621652,-0.696065404544717,0,"large","second","dist.20","dist.20","dist.20",0,-0.553679432488324,0.217791194744121,-0.741801149826969,-1.44812434290995,-0.920543805985966,0.0923616887128494,-0.0652425713766268
"2850-57883","2850-57589","2850-57883_2850-57589",1,"CHR",99,"CHR-99","0",11,8.114828014,2,-9,0.287096774193548,"CHR_99_1",1,NA,0,4,"no",16.69,20.88361083,25.27007145,77.83333333,0.0550262790587415,1.59216462744548,-0.0904874492207969,17.5,12.65077601,16.92662014,97,0.874898342127209,-0.270540180912031,-1.19263004642303,-0.483084949288825,-0.109867392902431,0,"large","first","dist.10","dist.10","dist.10",0,0.611472238584474,0.217791194744121,-0.741801149826969,-1.44812434290995,0.394355006283394,-0.220209818057244,-0.7238327207249
"2850-57883","2850-57589","2850-57883_2850-57589",2,"CHR",99,"CHR-99","0",10,9.577634021,4,-6,0.17921146953405,"CHR_99_2",1,NA,0,4,"no",16.69,20.88361083,25.27007145,77.83333333,0.0550262790587415,1.59216462744548,-0.0904874492207969,17.5,12.65077601,16.92662014,97,0.874898342127209,-0.270540180912031,-1.19263004642303,-0.264559379216238,0.476330618739855,0,"large","second","dist.10","dist.10","dist.10",0,-0.732246738399863,0.217791194744121,-0.741801149826969,-1.44812434290995,0.394355006283394,-0.220209818057244,-0.7238327207249
"2850-57883","2850-57620","2850-57883_2850-57620",1,"CHR",99,"CHR-99","0",11,2.738914154,4,-6,0.280645161290323,"CHR_99_1",1,NA,0,4,"no",16.69,20.88361083,25.27007145,77.83333333,0.0550262790587415,1.59216462744548,-0.0904874492207969,18.2,8.903889997,21.60838485,87,-0.319841925842042,-1.2331033167923,-0.235554933708899,-1.28618162464834,0.476330618739855,0,"large","first","dist.05","dist.05","dist.10",0,0.531116950924291,0.217791194744121,-0.741801149826969,-1.44812434290995,-1.04779207805897,-0.519894914297499,-0.347422909026337
"2850-57883","2850-57620","2850-57883_2850-57620",2,"CHR",99,"CHR-99","0",10,2.738914154,3,-7,0.182795698924731,"CHR_99_2",1,NA,0,4,"no",16.69,20.88361083,25.27007145,77.83333333,0.0550262790587415,1.59216462744548,-0.0904874492207969,18.2,8.903889997,21.60838485,87,-0.319841925842042,-1.2331033167923,-0.235554933708899,-1.28618162464834,0.183231612918712,0,"large","second","dist.05","dist.05","dist.10",0,-0.687604911921978,0.217791194744121,-0.741801149826969,-1.44812434290995,-1.04779207805897,-0.519894914297499,-0.347422909026337
"2850-57883","2850-57647","2850-57883_2850-57647",1,"CHR",99,"CHR-99","0",11,2.683141701,10,-1,0.261290322580645,"CHR_99_1",1,NA,0,4,"no",16.69,20.88361083,25.27007145,77.83333333,0.0550262790587415,1.59216462744548,-0.0904874492207969,15.8,12.89783981,28.1838767,85.83333333,-0.459228290836701,-0.207070274097309,1.10864751842364,-1.29451335628455,2.23492465366671,0,"large","first","dist.05","dist.05","dist.10",0,0.290051087943704,0.217791194744121,-0.741801149826969,-1.44812434290995,2.30307908737845,-0.324477446700752,0.908946604529733
"2850-57883","2850-57647","2850-57883_2850-57647",2,"CHR",99,"CHR-99","0",10,2.683141701,7,3,0.168458781362007,"CHR_99_2",1,NA,0,4,"no",16.69,20.88361083,25.27007145,77.83333333,0.0550262790587415,1.59216462744548,-0.0904874492207969,15.8,12.89783981,28.1838767,85.83333333,-0.459228290836701,-0.207070274097309,1.10864751842364,-1.29451335628455,1.35562763620329,0,"large","second","dist.05","dist.05","dist.10",0,-0.866172217833518,0.217791194744121,-0.741801149826969,-1.44812434290995,2.30307908737845,-0.324477446700752,0.908946604529733
"2850-57883","2850-57653","2850-57883_2850-57653",1,"CHR",99,"CHR-99","0",11,10.76603077,4,-6,0.280645161290323,"CHR_99_1",1,NA,0,4,"no",16.69,20.88361083,25.27007145,77.83333333,0.0550262790587415,1.59216462744548,-0.0904874492207969,16.37,8.467490861,27.15053506,78,-1.39510816701437,-1.34521287106915,0.897405470214174,-0.0870272418002657,0.476330618739855,0,"large","first","dist.20","dist.20","dist.20",0,0.531116950924291,0.217791194744121,-0.741801149826969,-1.44812434290995,0.182274551131745,-1.12841701146077,0.110874711490428
"2850-57883","2850-57653","2850-57883_2850-57653",2,"CHR",99,"CHR-99","0",10,12.97952929,0,-23,0.193548387096774,"CHR_99_2",1,NA,0,4,"no",16.69,20.88361083,25.27007145,77.83333333,0.0550262790587415,1.59216462744548,-0.0904874492207969,16.37,8.467490861,27.15053506,78,-1.39510816701437,-1.34521287106915,0.897405470214174,0.243642733318197,-0.696065404544717,0,"large","second","dist.20","dist.20","dist.20",0,-0.553679432488324,0.217791194744121,-0.741801149826969,-1.44812434290995,0.182274551131745,-1.12841701146077,0.110874711490428
"2850-57883","2850-57671","2850-57883_2850-57671",1,"CHR",99,"CHR-99","0",11,18.36382867,9,-2,0.264516129032258,"CHR_99_1",1,NA,0,4,"no",16.69,20.88361083,25.27007145,77.83333333,0.0550262790587415,1.59216462744548,-0.0904874492207969,17.53,16.28350449,28.84180791,75.83333333,-1.65396855880595,0.662696246718346,1.24314585953504,1.04799210420233,1.94182564784557,0,"large","first","dist.20","dist.20","dist.20",0,0.330228731773802,0.217791194744121,-0.741801149826969,-1.44812434290995,0.606435458890079,1.16785270969026,0.187430780520441
"2850-57883","2850-57671","2850-57883_2850-57671",2,"CHR",99,"CHR-99","0",0,18.36382867,0,-52,0.193548387096774,"CHR_99_2",1,NA,0,4,"no",16.69,20.88361083,25.27007145,77.83333333,0.0550262790587415,1.59216462744548,-0.0904874492207969,17.53,16.28350449,28.84180791,75.83333333,-1.65396855880595,0.662696246718346,1.24314585953504,1.04799210420233,-0.696065404544717,0,"large","second","dist.20","dist.20","dist.20",0,-0.553679432488324,0.217791194744121,-0.741801149826969,-1.44812434290995,0.606435458890079,1.16785270969026,0.187430780520441
"2850-57883","2850-57731","2850-57883_2850-57731",1,"CHR",99,"CHR-99","0",11,2.895473875,0,-24,0.293548387096774,"CHR_99_1",1,NA,0,4,"no",16.69,20.88361083,25.27007145,77.83333333,0.0550262790587415,1.59216462744548,-0.0904874492207969,15.9,10.9634214,23.24545364,91,0.158054181345658,-0.704016229851986,0.0991047285683272,-1.26279349107614,-0.696065404544717,0,"large","first","dist.05","dist.05","dist.10",0,0.691827526244669,0.217791194744121,-0.741801149826969,-1.44812434290995,-1.17504035013197,-0.720064302121302,-0.918055636034195
"2850-57883","2850-57731","2850-57883_2850-57731",2,"CHR",99,"CHR-99","0",10,1.012269787,0,16,0.193548387096774,"CHR_99_2",1,NA,0,4,"no",16.69,20.88361083,25.27007145,77.83333333,0.0550262790587415,1.59216462744548,-0.0904874492207969,15.9,10.9634214,23.24545364,91,0.158054181345658,-0.704016229851986,0.0991047285683272,-1.54412146274424,-0.696065404544717,0,"large","second","dist.05","dist.05","dist.10",0,-0.553679432488324,0.217791194744121,-0.741801149826969,-1.44812434290995,-1.17504035013197,-0.720064302121302,-0.918055636034195
"2850-57883","2850-57733","2850-57883_2850-57733",2,"CHR",99,"CHR-99","0",10,11.07522903,0,15,0.193548387096774,"CHR_99_2",1,NA,0,4,"no",16.69,20.88361083,25.27007145,77.83333333,0.0550262790587415,1.59216462744548,-0.0904874492207969,15.66,14.84394317,20.45213858,102,1.47226847611183,0.292877508261001,-0.471921901664779,-0.0408367519413109,-0.696065404544717,0,"large","second","dist.20","dist.20","dist.20",0,-0.553679432488324,0.217791194744121,-0.741801149826969,-1.44812434290995,0.606435458890079,-1.12204057333336,-0.450386497816471
"2850-57883","2850-57733","2850-57883_2850-57733",1,"CHR",99,"CHR-99","0",0,11.07522903,0,19,0.293548387096774,"CHR_99_1",1,NA,0,4,"no",16.69,20.88361083,25.27007145,77.83333333,0.0550262790587415,1.59216462744548,-0.0904874492207969,15.66,14.84394317,20.45213858,102,1.47226847611183,0.292877508261001,-0.471921901664779,-0.0408367519413109,-0.696065404544717,0,"large","first","dist.20","dist.20","dist.20",0,0.691827526244669,0.217791194744121,-0.741801149826969,-1.44812434290995,0.606435458890079,-1.12204057333336,-0.450386497816471
"2850-57883","2850-57742","2850-57883_2850-57742",1,"CHR",99,"CHR-99","0",11,5.621648063,0,-16,0.293548387096774,"CHR_99_1",1,NA,0,4,"no",16.69,20.88361083,25.27007145,77.83333333,0.0550262790587415,1.59216462744548,-0.0904874492207969,16.98,13.00562645,26.1463443,93,0.397002234939508,-0.179380228057897,0.692122624034258,-0.855535956106313,-0.696065404544717,0,"large","first","dist.10","dist.10","dist.10",0,0.691827526244669,0.217791194744121,-0.741801149826969,-1.44812434290995,0.564019367350756,-0.96234197733198,-0.610003960994292
"2850-57883","2850-57742","2850-57883_2850-57742",2,"CHR",99,"CHR-99","0",10,6.945628703,0,-20,0.193548387096774,"CHR_99_2",1,NA,0,4,"no",16.69,20.88361083,25.27007145,77.83333333,0.0550262790587415,1.59216462744548,-0.0904874492207969,16.98,13.00562645,26.1463443,93,0.397002234939508,-0.179380228057897,0.692122624034258,-0.65774922106656,-0.696065404544717,0,"large","second","dist.10","dist.10","dist.10",0,-0.553679432488324,0.217791194744121,-0.741801149826969,-1.44812434290995,0.564019367350756,-0.96234197733198,-0.610003960994292
"2850-57883","2850-57744","2850-57883_2850-57744",1,"CHR",99,"CHR-99","0",9,15.82780332,9,2,0.264516129032258,"CHR_99_1",1,NA,0,4,"no",16.69,20.88361083,25.27007145,77.83333333,0.0550262790587415,1.59216462744548,-0.0904874492207969,14.77,24.63866733,20.45419575,84.5,-0.618526992834355,2.80911108724386,-0.47150136233152,0.669140511663521,1.94182564784557,0,"large","first","dist.20","dist.20","dist.20",0,0.330228731773802,0.217791194744121,-0.741801149826969,-1.44812434290995,-0.411550717693951,1.14723185861105,0.256764043881684
"2850-57883","2850-57744","2850-57883_2850-57744",2,"CHR",99,"CHR-99","0",10,15.82780332,6,4,0.172043010752688,"CHR_99_2",1,NA,0,4,"no",16.69,20.88361083,25.27007145,77.83333333,0.0550262790587415,1.59216462744548,-0.0904874492207969,14.77,24.63866733,20.45419575,84.5,-0.618526992834355,2.80911108724386,-0.47150136233152,0.669140511663521,1.06252863038214,0,"large","second","dist.20","dist.20","dist.20",0,-0.821530391355633,0.217791194744121,-0.741801149826969,-1.44812434290995,-0.411550717693951,1.14723185861105,0.256764043881684
"2850-57883","2850-57806","2850-57883_2850-57806",1,"CHR",99,"CHR-99","0",11,4.649295834,0,-19,0.293548387096774,"CHR_99_1",1,NA,0,4,"no",16.69,20.88361083,25.27007145,77.83333333,0.0550262790587415,1.59216462744548,-0.0904874492207969,15.88,11.25502825,14.26422898,83.83333333,-0.698176344430552,-0.62910335473214,-1.73689240845576,-1.00079364860742,-0.696065404544717,0,"large","first","dist.05","dist.05","dist.10",0,0.691827526244669,0.217791194744121,-0.741801149826969,-1.44812434290995,0.224690642671068,-0.312822534834813,0.766781208645738
"2850-57883","2850-57806","2850-57883_2850-57806",2,"CHR",99,"CHR-99","0",10,6.33536267,0,-17,0.193548387096774,"CHR_99_2",1,NA,0,4,"no",16.69,20.88361083,25.27007145,77.83333333,0.0550262790587415,1.59216462744548,-0.0904874492207969,15.88,11.25502825,14.26422898,83.83333333,-0.698176344430552,-0.62910335473214,-1.73689240845576,-0.748915604113318,-0.696065404544717,0,"large","second","dist.10","dist.10","dist.10",0,-0.553679432488324,0.217791194744121,-0.741801149826969,-1.44812434290995,0.224690642671068,-0.312822534834813,0.766781208645738
"2850-57883","2850-57808","2850-57883_2850-57808",1,"CHR",99,"CHR-99","0",11,2.800078,0,-19,0.293548387096774,"CHR_99_1",1,NA,0,4,"no",16.69,20.88361083,25.27007145,77.83333333,0.0550262790587415,1.59216462744548,-0.0904874492207969,17.44,11.46748421,15.37756564,100,1.23332042251798,-0.574524092276724,-1.50929728666711,-1.27704448393998,-0.696065404544717,0,"large","first","dist.05","dist.05","dist.10",0,0.691827526244669,0.217791194744121,-0.741801149826969,-1.44812434290995,0.564019367350756,-2.00209196155345,-1.05591017852521
"2850-57883","2850-57808","2850-57883_2850-57808",2,"CHR",99,"CHR-99","0",10,3.704275342,0,-21,0.193548387096774,"CHR_99_2",1,NA,0,4,"no",16.69,20.88361083,25.27007145,77.83333333,0.0550262790587415,1.59216462744548,-0.0904874492207969,17.44,11.46748421,15.37756564,100,1.23332042251798,-0.574524092276724,-1.50929728666711,-1.14196830933232,-0.696065404544717,0,"large","second","dist.05","dist.05","dist.10",0,-0.553679432488324,0.217791194744121,-0.741801149826969,-1.44812434290995,0.564019367350756,-2.00209196155345,-1.05591017852521
"2850-57883","2850-57881","2850-57883_2850-57881",1,"CHR",99,"CHR-99","0",11,5.053284364,0,-14,0.293548387096774,"CHR_99_1",1,NA,0,4,"no",16.69,20.88361083,25.27007145,77.83333333,0.0550262790587415,1.59216462744548,-0.0904874492207969,16.55,11.73463277,21.93833167,84.83333333,-0.578702317633627,-0.50589447430401,-0.16810517715307,-0.940442635965565,-0.696065404544717,0,"large","first","dist.10","dist.10","dist.10",0,0.691827526244669,0.217791194744121,-0.741801149826969,-1.44812434290995,-0.835711625452285,0.553081751767378,1.79200900661347
"2850-57883","2850-57881","2850-57883_2850-57881",2,"CHR",99,"CHR-99","0",10,5.443176722,3,-7,0.182795698924731,"CHR_99_2",1,NA,0,4,"no",16.69,20.88361083,25.27007145,77.83333333,0.0550262790587415,1.59216462744548,-0.0904874492207969,16.55,11.73463277,21.93833167,84.83333333,-0.578702317633627,-0.50589447430401,-0.16810517715307,-0.882197421363506,0.183231612918712,0,"large","second","dist.10","dist.10","dist.10",0,-0.687604911921978,0.217791194744121,-0.741801149826969,-1.44812434290995,-0.835711625452285,0.553081751767378,1.79200900661347
"2870-64908","2640-97588","2870-64908_2640-97588",2,"CHR",101,"CHR-101","0",3,20.33348743,0,-40,0.032258064516129,"CHR_101_2",1,NA,0,4,"no",18.58,12.54084247,22.86535394,80,0.606435458890079,-1.12204057333336,-0.450386497816471,18.7,11.85018943,14.45612662,87,-0.319841925842042,-0.476208334764261,-1.69766351362466,1.34223536087325,-0.696065404544717,0,"large","second","dist.20+","dist.20+","dist.20+",0,-2.56256162399315,1.47226847611183,0.292877508261001,-0.471921901664779,0.224690642671068,-0.0934822025987468,-1.95280566010936
"2870-64908","2640-97589","2870-64908_2640-97589",2,"CHR",101,"CHR-101","0",6,8.720414678,0,-37,0.032258064516129,"CHR_101_2",1,NA,0,4,"no",18.58,12.54084247,22.86535394,80,0.606435458890079,-1.12204057333336,-0.450386497816471,16.1,11.8153556,16.91354271,99.66666667,1.19349574731726,-0.485157035237985,-1.19530341502793,-0.392617607518498,-0.696065404544717,0,"large","second","dist.10","dist.10","dist.10",0,-2.56256162399315,1.47226847611183,0.292877508261001,-0.471921901664779,0.98818027510909,-0.478534822267752,-0.867541507603602
"2870-64908","2811-83208","2870-64908_2811-83208",2,"CHR",101,"CHR-101","0",10,7.888844382,0,-22,0.032258064516129,"CHR_101_2",1,NA,0,4,"no",18.58,12.54084247,22.86535394,80,0.606435458890079,-1.12204057333336,-0.450386497816471,16.9,18.73416916,21.00459455,87,-0.319841925842042,1.29226422972124,-0.358985457287731,-0.516844177630491,-0.696065404544717,0,"large","second","dist.10","dist.10","dist.10",0,-2.56256162399315,1.47226847611183,0.292877508261001,-0.471921901664779,-0.411550717693951,-0.159665267146272,1.94192717350385
"2870-64908","2850-57567","2870-64908_2850-57567",2,"CHR",101,"CHR-101","0",0,16.91537459,0,-73,0.032258064516129,"CHR_101_2",1,NA,0,4,"no",18.58,12.54084247,22.86535394,80,0.606435458890079,-1.12204057333336,-0.450386497816471,16.6,10.56012296,26.35612994,102.1666667,1.49218081789379,-0.807622320284185,0.735008293751907,0.831610538881092,-0.696065404544717,0,"large","second","dist.20","dist.20","dist.20",0,-2.56256162399315,1.47226847611183,0.292877508261001,-0.471921901664779,-1.17504035013197,0.922800644787313,-0.818227574717981
"2870-64908","2850-57570","2870-64908_2850-57570",2,"CHR",101,"CHR-101","0",1,17.11645183,0,-41,0.032258064516129,"CHR_101_2",1,NA,0,4,"no",18.58,12.54084247,22.86535394,80,0.606435458890079,-1.12204057333336,-0.450386497816471,16.51,16.84077767,23.06811898,90,0.038580154548733,0.805857959623855,0.0628528876022267,0.86164905273006,-0.696065404544717,0,"large","second","dist.20","dist.20","dist.20",0,-2.56256162399315,1.47226847611183,0.292877508261001,-0.471921901664779,-0.157054173547943,-1.42571858026568,-1.08665491345185
"2870-64908","2850-57577","2870-64908_2850-57577",2,"CHR",101,"CHR-101","0",10,22.05824628,0,-12,0.032258064516129,"CHR_101_2",1,NA,0,4,"no",18.58,12.54084247,22.86535394,80,0.606435458890079,-1.12204057333336,-0.450386497816471,18.2,20.92472416,28.83623131,90.83333333,0.138141843147924,1.85501086327307,1.24200585669334,1.59989352547633,-0.696065404544717,0,"large","second","dist.20+","dist.20+","dist.20+",0,-2.56256162399315,1.47226847611183,0.292877508261001,-0.471921901664779,-0.666047261839958,0.264789915692027,-0.462001728113777
"2870-64908","2850-57578","2870-64908_2850-57578",2,"CHR",101,"CHR-101","0",10,10.91361437,0,-15,0.032258064516129,"CHR_101_2",1,NA,0,4,"no",18.58,12.54084247,22.86535394,80,0.606435458890079,-1.12204057333336,-0.450386497816471,17.2,10.81633932,15.67680791,91.5,0.217791194744121,-0.741801149826969,-1.44812434290995,-0.0649800324170433,-0.696065404544717,0,"large","second","dist.20","dist.20","dist.20",0,-2.56256162399315,1.47226847611183,0.292877508261001,-0.471921901664779,0.0550262790587415,1.59216462744548,-0.0904874492207969
"2870-64908","2850-57579","2870-64908_2850-57579",2,"CHR",101,"CHR-101","0",0,3.124989672,0,-53,0.032258064516129,"CHR_101_2",1,NA,0,4,"no",18.58,12.54084247,22.86535394,80,0.606435458890079,-1.12204057333336,-0.450386497816471,16.3,11.31949153,24.77905949,93.5,0.456739248337971,-0.612542942504321,0.412613860843324,-1.22850659989571,-0.696065404544717,0,"large","second","dist.05","dist.05","dist.10",0,-2.56256162399315,1.47226847611183,0.292877508261001,-0.471921901664779,0.394355006283394,0.252942547897877,-0.257226498974273
"2870-64908","2850-57580","2870-64908_2850-57580",2,"CHR",101,"CHR-101","0",0,2.800205834,0,-70,0.032258064516129,"CHR_101_2",1,NA,0,4,"no",18.58,12.54084247,22.86535394,80,0.606435458890079,-1.12204057333336,-0.450386497816471,16.2,9.142844799,27.48113161,87.83333333,-0.220280237242851,-1.17171658585126,0.964988048569367,-1.27702538708258,-0.696065404544717,0,"large","second","dist.05","dist.05","dist.10",0,-2.56256162399315,1.47226847611183,0.292877508261001,-0.471921901664779,0.564019367350756,0.594981908524202,0.613110506001452
"2870-64908","2850-57581","2870-64908_2850-57581",2,"CHR",101,"CHR-101","0",10,5.627100609,0,-31,0.032258064516129,"CHR_101_2",1,NA,0,4,"no",18.58,12.54084247,22.86535394,80,0.606435458890079,-1.12204057333336,-0.450386497816471,15.5,12.5018158,18.94245264,82.5,-0.857475046428205,-0.308807586528723,-0.780541178943333,-0.854721411513732,-0.696065404544717,0,"large","second","dist.10","dist.10","dist.10",0,-2.56256162399315,1.47226847611183,0.292877508261001,-0.471921901664779,-0.920543805985966,0.0923616887128494,-0.0652425713766268
"2870-64908","2850-57589","2870-64908_2850-57589",2,"CHR",101,"CHR-101","0",10,1.493579003,0,-21,0.032258064516129,"CHR_101_2",1,NA,0,4,"no",18.58,12.54084247,22.86535394,80,0.606435458890079,-1.12204057333336,-0.450386497816471,17.5,12.65077601,16.92662014,97,0.874898342127209,-0.270540180912031,-1.19263004642303,-1.47221967241505,-0.696065404544717,0,"large","second","dist.05","dist.05","dist.10",0,-2.56256162399315,1.47226847611183,0.292877508261001,-0.471921901664779,0.394355006283394,-0.220209818057244,-0.7238327207249
"2870-64908","2850-57620","2870-64908_2850-57620",2,"CHR",101,"CHR-101","0",10,13.39427517,0,-22,0.032258064516129,"CHR_101_2",1,NA,0,4,"no",18.58,12.54084247,22.86535394,80,0.606435458890079,-1.12204057333336,-0.450386497816471,18.2,8.903889997,21.60838485,87,-0.319841925842042,-1.2331033167923,-0.235554933708899,0.30560076427278,-0.696065404544717,0,"large","second","dist.20","dist.20","dist.20",0,-2.56256162399315,1.47226847611183,0.292877508261001,-0.471921901664779,-1.04779207805897,-0.519894914297499,-0.347422909026337
"2870-64908","2850-57647","2870-64908_2850-57647",2,"CHR",101,"CHR-101","0",10,8.790176277,0,-12,0.032258064516129,"CHR_101_2",1,NA,0,4,"no",18.58,12.54084247,22.86535394,80,0.606435458890079,-1.12204057333336,-0.450386497816471,15.8,12.89783981,28.1838767,85.83333333,-0.459228290836701,-0.207070274097309,1.10864751842364,-0.382196066235717,-0.696065404544717,0,"large","second","dist.10","dist.10","dist.10",0,-2.56256162399315,1.47226847611183,0.292877508261001,-0.471921901664779,2.30307908737845,-0.324477446700752,0.908946604529733
"2870-64908","2850-57653","2870-64908_2850-57653",2,"CHR",101,"CHR-101","0",5,23.54694022,0,-38,0.032258064516129,"CHR_101_2",1,NA,0,4,"no",18.58,12.54084247,22.86535394,80,0.606435458890079,-1.12204057333336,-0.450386497816471,16.37,8.467490861,27.15053506,78,-1.39510816701437,-1.34521287106915,0.897405470214174,1.82228644042565,-0.696065404544717,0,"large","second","dist.20+","dist.20+","dist.20+",0,-2.56256162399315,1.47226847611183,0.292877508261001,-0.471921901664779,0.182274551131745,-1.12841701146077,0.110874711490428
"2870-64908","2850-57671","2870-64908_2850-57671",2,"CHR",101,"CHR-101","0",0,8.397474954,0,-67,0.032258064516129,"CHR_101_2",1,NA,0,4,"no",18.58,12.54084247,22.86535394,80,0.606435458890079,-1.12204057333336,-0.450386497816471,17.53,16.28350449,28.84180791,75.83333333,-1.65396855880595,0.662696246718346,1.24314585953504,-0.440860906321266,-0.696065404544717,0,"large","second","dist.10","dist.10","dist.10",0,-2.56256162399315,1.47226847611183,0.292877508261001,-0.471921901664779,0.606435458890079,1.16785270969026,0.187430780520441
"2870-64908","2850-57731","2870-64908_2850-57731",2,"CHR",101,"CHR-101","0",10,8.3995873559,9,1,0,"CHR_101_2",1,NA,0,4,"no",18.58,12.54084247,22.86535394,80,0.606435458890079,-1.12204057333336,-0.450386497816471,15.9,10.9634214,23.24545364,91,0.158054181345658,-0.704016229851986,0.0991047285683272,-0.44054533896154,1.94182564784557,0,"large","second","dist.10","dist.10","dist.10",0,-2.96433806229411,1.47226847611183,0.292877508261001,-0.471921901664779,-1.17504035013197,-0.720064302121302,-0.918055636034195
"2870-64908","2850-57742","2870-64908_2850-57742",2,"CHR",101,"CHR-101","0",8,5.420616721,0,-35,0.032258064516129,"CHR_101_2",1,NA,0,4,"no",18.58,12.54084247,22.86535394,80,0.606435458890079,-1.12204057333336,-0.450386497816471,16.98,13.00562645,26.1463443,93,0.397002234939508,-0.179380228057897,0.692122624034258,-0.885567613347797,-0.696065404544717,0,"large","second","dist.10","dist.10","dist.10",0,-2.56256162399315,1.47226847611183,0.292877508261001,-0.471921901664779,0.564019367350756,-0.96234197733198,-0.610003960994292
"2870-64908","2850-57744","2870-64908_2850-57744",2,"CHR",101,"CHR-101","0",10,5.025876694,0,-11,0.032258064516129,"CHR_101_2",1,NA,0,4,"no",18.58,12.54084247,22.86535394,80,0.606435458890079,-1.12204057333336,-0.450386497816471,14.77,24.63866733,20.45419575,84.5,-0.618526992834355,2.80911108724386,-0.47150136233152,-0.944537011215906,-0.696065404544717,0,"large","second","dist.10","dist.10","dist.10",0,-2.56256162399315,1.47226847611183,0.292877508261001,-0.471921901664779,-0.411550717693951,1.14723185861105,0.256764043881684
"2870-64908","2850-57806","2870-64908_2850-57806",2,"CHR",101,"CHR-101","0",10,17.24895326,0,-32,0.032258064516129,"CHR_101_2",1,NA,0,4,"no",18.58,12.54084247,22.86535394,80,0.606435458890079,-1.12204057333336,-0.450386497816471,15.88,11.25502825,14.26422898,83.83333333,-0.698176344430552,-0.62910335473214,-1.73689240845576,0.881443167867422,-0.696065404544717,0,"large","second","dist.20","dist.20","dist.20",0,-2.56256162399315,1.47226847611183,0.292877508261001,-0.471921901664779,0.224690642671068,-0.312822534834813,0.766781208645738
"2870-64908","2850-57808","2870-64908_2850-57808",2,"CHR",101,"CHR-101","0",6,8.273421124,0,-36,0.032258064516129,"CHR_101_2",1,NA,0,4,"no",18.58,12.54084247,22.86535394,80,0.606435458890079,-1.12204057333336,-0.450386497816471,17.44,11.46748421,15.37756564,100,1.23332042251798,-0.574524092276724,-1.50929728666711,-0.459393051930945,-0.696065404544717,0,"large","second","dist.10","dist.10","dist.10",0,-2.56256162399315,1.47226847611183,0.292877508261001,-0.471921901664779,0.564019367350756,-2.00209196155345,-1.05591017852521
"2870-64908","2850-57881","2870-64908_2850-57881",2,"CHR",101,"CHR-101","0",10,10.47337724,0,-22,0.032258064516129,"CHR_101_2",1,NA,0,4,"no",18.58,12.54084247,22.86535394,80,0.606435458890079,-1.12204057333336,-0.450386497816471,16.55,11.73463277,21.93833167,84.83333333,-0.578702317633627,-0.50589447430401,-0.16810517715307,-0.130746148593766,-0.696065404544717,0,"large","second","dist.20","dist.20","dist.20",0,-2.56256162399315,1.47226847611183,0.292877508261001,-0.471921901664779,-0.835711625452285,0.553081751767378,1.79200900661347
"2870-65003","2640-97588","2870-65003_2640-97588",1,"CHR",128,"CHR-128","0",10,6.614013398,0,21,0.189964157706093,"CHR_128_1",1,NA,0,4,"no",16.1,16.80360253,22.7877451,75,-0.666047261839958,0.264789915692027,-0.462001728113777,18.7,11.85018943,14.45612662,87,-0.319841925842042,-0.476208334764261,-1.69766351362466,-0.707288547008034,-0.696065404544717,0,"large","first","dist.10","dist.10","dist.10",0,-0.598321258966208,0.138141843147924,1.85501086327307,1.24200585669334,0.224690642671068,-0.0934822025987468,-1.95280566010936
"2870-65003","2640-97588","2870-65003_2640-97588",2,"CHR",150,"CHR-150","0",11,7.907090795,0,-28,0.154838709677419,"CHR_150_2",1,NA,0,1,"no",16.1,16.80360253,22.7877451,75,-0.666047261839958,0.264789915692027,-0.462001728113777,18.7,11.85018943,14.45612662,87,-0.319841925842042,-0.476208334764261,-1.69766351362466,-0.514118383654035,-0.696065404544717,0,"large","second","dist.10","dist.10","dist.10",0,-1.03581115844948,0.138141843147924,1.85501086327307,1.24200585669334,0.224690642671068,-0.0934822025987468,-1.95280566010936
"2870-65003","2640-97589","2870-65003_2640-97589",1,"CHR",128,"CHR-128","0",10,13.36803151,0,24,0.189964157706093,"CHR_128_1",1,NA,0,4,"no",16.1,16.80360253,22.7877451,75,-0.666047261839958,0.264789915692027,-0.462001728113777,16.1,11.8153556,16.91354271,99.66666667,1.19349574731726,-0.485157035237985,-1.19530341502793,0.301680278073757,-0.696065404544717,0,"large","first","dist.20","dist.20","dist.20",0,-0.598321258966208,0.138141843147924,1.85501086327307,1.24200585669334,0.98818027510909,-0.478534822267752,-0.867541507603602
"2870-65003","2640-97589","2870-65003_2640-97589",2,"CHR",150,"CHR-150","0",11,13.98501706,0,-25,0.154838709677419,"CHR_150_2",1,NA,0,1,"no",16.1,16.80360253,22.7877451,75,-0.666047261839958,0.264789915692027,-0.462001728113777,16.1,11.8153556,16.91354271,99.66666667,1.19349574731726,-0.485157035237985,-1.19530341502793,0.393850475895688,-0.696065404544717,0,"large","second","dist.20","dist.20","dist.20",0,-1.03581115844948,0.138141843147924,1.85501086327307,1.24200585669334,0.98818027510909,-0.478534822267752,-0.867541507603602
"2870-65003","2811-83208","2870-65003_2811-83208",1,"CHR",128,"CHR-128","0",10,29.43897383,0,-10,0.189964157706093,"CHR_128_1",1,NA,0,4,"no",16.1,16.80360253,22.7877451,75,-0.666047261839958,0.264789915692027,-0.462001728113777,16.9,18.73416916,21.00459455,87,-0.319841925842042,1.29226422972124,-0.358985457287731,2.70248517993773,-0.696065404544717,0,"large","first","dist.20+","dist.20+","dist.20+",0,-0.598321258966208,0.138141843147924,1.85501086327307,1.24200585669334,-0.411550717693951,-0.159665267146272,1.94192717350385
"2870-65003","2811-83208","2870-65003_2811-83208",2,"CHR",150,"CHR-150","0",11,29.77877437,0,-10,0.154838709677419,"CHR_150_2",1,NA,0,1,"no",16.1,16.80360253,22.7877451,75,-0.666047261839958,0.264789915692027,-0.462001728113777,16.9,18.73416916,21.00459455,87,-0.319841925842042,1.29226422972124,-0.358985457287731,2.75324728124107,-0.696065404544717,0,"large","second","dist.20+","dist.20+","dist.20+",0,-1.03581115844948,0.138141843147924,1.85501086327307,1.24200585669334,-0.411550717693951,-0.159665267146272,1.94192717350385
"2870-65003","2850-57567","2870-65003_2850-57567",1,"CHR",128,"CHR-128","0",10,8.376653586,0,-12,0.189964157706093,"CHR_128_1",1,NA,0,4,"no",16.1,16.80360253,22.7877451,75,-0.666047261839958,0.264789915692027,-0.462001728113777,16.6,10.56012296,26.35612994,102.1666667,1.49218081789379,-0.807622320284185,0.735008293751907,-0.443971367510321,-0.696065404544717,0,"large","first","dist.10","dist.10","dist.10",0,-0.598321258966208,0.138141843147924,1.85501086327307,1.24200585669334,-1.17504035013197,0.922800644787313,-0.818227574717981
"2870-65003","2850-57567","2870-65003_2850-57567",2,"CHR",150,"CHR-150","0",0,9.545469371,0,-61,0.154838709677419,"CHR_150_2",1,NA,0,1,"no",16.1,16.80360253,22.7877451,75,-0.666047261839958,0.264789915692027,-0.462001728113777,16.6,10.56012296,26.35612994,102.1666667,1.49218081789379,-0.807622320284185,0.735008293751907,-0.269364389890108,-0.696065404544717,0,"large","second","dist.10","dist.10","dist.10",0,-1.03581115844948,0.138141843147924,1.85501086327307,1.24200585669334,-1.17504035013197,0.922800644787313,-0.818227574717981
"2870-65003","2850-57570","2870-65003_2850-57570",1,"CHR",128,"CHR-128","0",10,8.987406143,10,0,0.157706093189964,"CHR_128_1",1,NA,0,4,"no",16.1,16.80360253,22.7877451,75,-0.666047261839958,0.264789915692027,-0.462001728113777,16.51,16.84077767,23.06811898,90,0.038580154548733,0.805857959623855,0.0628528876022267,-0.352732303647416,2.23492465366671,0,"large","first","dist.10","dist.10","dist.10",0,-1.00009769726717,0.138141843147924,1.85501086327307,1.24200585669334,-0.157054173547943,-1.42571858026568,-1.08665491345185
"2870-65003","2850-57570","2870-65003_2850-57570",2,"CHR",150,"CHR-150","0",11,7.917279286,0,-29,0.154838709677419,"CHR_150_2",1,NA,0,1,"no",16.1,16.80360253,22.7877451,75,-0.666047261839958,0.264789915692027,-0.462001728113777,16.51,16.84077767,23.06811898,90,0.038580154548733,0.805857959623855,0.0628528876022267,-0.512596346013158,-0.696065404544717,0,"large","second","dist.10","dist.10","dist.10",0,-1.03581115844948,0.138141843147924,1.85501086327307,1.24200585669334,-0.157054173547943,-1.42571858026568,-1.08665491345185
"2870-65003","2850-57578","2870-65003_2850-57578",1,"CHR",128,"CHR-128","0",10,10.85140017,7,-4,0.164874551971326,"CHR_128_1",1,NA,0,4,"no",16.1,16.80360253,22.7877451,75,-0.666047261839958,0.264789915692027,-0.462001728113777,17.2,10.81633932,15.67680791,91.5,0.217791194744121,-0.741801149826969,-1.44812434290995,-0.0742740833414663,1.35562763620329,0,"large","first","dist.20","dist.20","dist.20",0,-0.910814044311403,0.138141843147924,1.85501086327307,1.24200585669334,0.0550262790587415,1.59216462744548,-0.0904874492207969
"2870-65003","2850-57578","2870-65003_2850-57578",2,"CHR",150,"CHR-150","0",11,11.41512847,7,-3,0.132258064516129,"CHR_150_2",1,NA,0,1,"no",16.1,16.80360253,22.7877451,75,-0.666047261839958,0.264789915692027,-0.462001728113777,17.2,10.81633932,15.67680791,91.5,0.217791194744121,-0.741801149826969,-1.44812434290995,0.00994012382889739,1.35562763620329,0,"large","second","dist.20","dist.20","dist.20",0,-1.31705466526016,0.138141843147924,1.85501086327307,1.24200585669334,0.0550262790587415,1.59216462744548,-0.0904874492207969
"2870-65003","2850-57579","2870-65003_2850-57579",1,"CHR",128,"CHR-128","0",10,18.57789804,2,8,0.182795698924731,"CHR_128_1",1,NA,0,4,"no",16.1,16.80360253,22.7877451,75,-0.666047261839958,0.264789915692027,-0.462001728113777,16.3,11.31949153,24.77905949,93.5,0.456739248337971,-0.612542942504321,0.412613860843324,1.07997148553551,-0.109867392902431,0,"large","first","dist.20","dist.20","dist.20",0,-0.687604911921978,0.138141843147924,1.85501086327307,1.24200585669334,0.394355006283394,0.252942547897877,-0.257226498974273
"2870-65003","2850-57579","2870-65003_2850-57579",2,"CHR",150,"CHR-150","0",1,19.6399152,0,-41,0.154838709677419,"CHR_150_2",1,NA,0,1,"no",16.1,16.80360253,22.7877451,75,-0.666047261839958,0.264789915692027,-0.462001728113777,16.3,11.31949153,24.77905949,93.5,0.456739248337971,-0.612542942504321,0.412613860843324,1.23862403700529,-0.696065404544717,0,"large","second","dist.20","dist.20","dist.20",0,-1.03581115844948,0.138141843147924,1.85501086327307,1.24200585669334,0.394355006283394,0.252942547897877,-0.257226498974273
"2870-65003","2850-57580","2870-65003_2850-57580",1,"CHR",128,"CHR-128","0",10,24.26838259,1,-9,0.186379928315412,"CHR_128_1",1,NA,0,4,"no",16.1,16.80360253,22.7877451,75,-0.666047261839958,0.264789915692027,-0.462001728113777,16.2,9.142844799,27.48113161,87.83333333,-0.220280237242851,-1.17171658585126,0.964988048569367,1.93006122698268,-0.402966398723574,0,"large","first","dist.20+","dist.20+","dist.20+",0,-0.642963085444093,0.138141843147924,1.85501086327307,1.24200585669334,0.564019367350756,0.594981908524202,0.613110506001452
"2870-65003","2850-57580","2870-65003_2850-57580",2,"CHR",150,"CHR-150","0",0,24.62128642,0,-58,0.154838709677419,"CHR_150_2",1,NA,0,1,"no",16.1,16.80360253,22.7877451,75,-0.666047261839958,0.264789915692027,-0.462001728113777,16.2,9.142844799,27.48113161,87.83333333,-0.220280237242851,-1.17171658585126,0.964988048569367,1.98278080173321,-0.696065404544717,0,"large","second","dist.20+","dist.20+","dist.20+",0,-1.03581115844948,0.138141843147924,1.85501086327307,1.24200585669334,0.564019367350756,0.594981908524202,0.613110506001452
"2870-65003","2850-57581","2870-65003_2850-57581",1,"CHR",128,"CHR-128","0",10,24.06060461,0,-19,0.189964157706093,"CHR_128_1",1,NA,0,4,"no",16.1,16.80360253,22.7877451,75,-0.666047261839958,0.264789915692027,-0.462001728113777,15.5,12.5018158,18.94245264,82.5,-0.857475046428205,-0.308807586528723,-0.780541178943333,1.89902170341582,-0.696065404544717,0,"large","first","dist.20+","dist.20+","dist.20+",0,-0.598321258966208,0.138141843147924,1.85501086327307,1.24200585669334,-0.920543805985966,0.0923616887128494,-0.0652425713766268
"2870-65003","2850-57581","2870-65003_2850-57581",2,"CHR",150,"CHR-150","0",11,26.57651967,0,-19,0.154838709677419,"CHR_150_2",1,NA,0,1,"no",16.1,16.80360253,22.7877451,75,-0.666047261839958,0.264789915692027,-0.462001728113777,15.5,12.5018158,18.94245264,82.5,-0.857475046428205,-0.308807586528723,-0.780541178943333,2.27486906124028,-0.696065404544717,0,"large","second","dist.20+","dist.20+","dist.20+",0,-1.03581115844948,0.138141843147924,1.85501086327307,1.24200585669334,-0.920543805985966,0.0923616887128494,-0.0652425713766268
"2870-65003","2850-57589","2870-65003_2850-57589",1,"CHR",128,"CHR-128","0",10,18.96419155,0,-13,0.189964157706093,"CHR_128_1",1,NA,0,4,"no",16.1,16.80360253,22.7877451,75,-0.666047261839958,0.264789915692027,-0.462001728113777,17.5,12.65077601,16.92662014,97,0.874898342127209,-0.270540180912031,-1.19263004642303,1.13767907566307,-0.696065404544717,0,"large","first","dist.20","dist.20","dist.20",0,-0.598321258966208,0.138141843147924,1.85501086327307,1.24200585669334,0.394355006283394,-0.220209818057244,-0.7238327207249
"2870-65003","2850-57589","2870-65003_2850-57589",2,"CHR",150,"CHR-150","0",11,20.62371574,1,-9,0.151612903225806,"CHR_150_2",1,NA,0,1,"no",16.1,16.80360253,22.7877451,75,-0.666047261839958,0.264789915692027,-0.462001728113777,17.5,12.65077601,16.92662014,97,0.874898342127209,-0.270540180912031,-1.19263004642303,1.38559196905674,-0.402966398723574,0,"large","second","dist.20+","dist.20+","dist.20+",0,-1.07598880227958,0.138141843147924,1.85501086327307,1.24200585669334,0.394355006283394,-0.220209818057244,-0.7238327207249
"2870-65003","2850-57620","2870-65003_2850-57620",1,"CHR",128,"CHR-128","0",10,8.922176166,0,-10,0.189964157706093,"CHR_128_1",1,NA,0,4,"no",16.1,16.80360253,22.7877451,75,-0.666047261839958,0.264789915692027,-0.462001728113777,18.2,8.903889997,21.60838485,87,-0.319841925842042,-1.2331033167923,-0.235554933708899,-0.362476875273137,-0.696065404544717,0,"large","first","dist.10","dist.10","dist.10",0,-0.598321258966208,0.138141843147924,1.85501086327307,1.24200585669334,-1.04779207805897,-0.519894914297499,-0.347422909026337
"2870-65003","2850-57620","2870-65003_2850-57620",2,"CHR",150,"CHR-150","0",11,9.707677172,0,-10,0.154838709677419,"CHR_150_2",1,NA,0,1,"no",16.1,16.80360253,22.7877451,75,-0.666047261839958,0.264789915692027,-0.462001728113777,18.2,8.903889997,21.60838485,87,-0.319841925842042,-1.2331033167923,-0.235554933708899,-0.245132501304661,-0.696065404544717,0,"large","second","dist.10","dist.10","dist.10",0,-1.03581115844948,0.138141843147924,1.85501086327307,1.24200585669334,-1.04779207805897,-0.519894914297499,-0.347422909026337
"2870-65003","2850-57647","2870-65003_2850-57647",1,"CHR",128,"CHR-128","0",10,13.3869908,6,-5,0.168458781362007,"CHR_128_1",1,NA,0,4,"no",16.1,16.80360253,22.7877451,75,-0.666047261839958,0.264789915692027,-0.462001728113777,15.8,12.89783981,28.1838767,85.83333333,-0.459228290836701,-0.207070274097309,1.10864751842364,0.304512567273826,1.06252863038214,0,"large","first","dist.20","dist.20","dist.20",0,-0.866172217833518,0.138141843147924,1.85501086327307,1.24200585669334,2.30307908737845,-0.324477446700752,0.908946604529733
"2870-65003","2850-57647","2870-65003_2850-57647",2,"CHR",150,"CHR-150","0",11,14.0212532,11,0,0.119354838709677,"CHR_150_2",1,NA,0,1,"no",16.1,16.80360253,22.7877451,75,-0.666047261839958,0.264789915692027,-0.462001728113777,15.8,12.89783981,28.1838767,85.83333333,-0.459228290836701,-0.207070274097309,1.10864751842364,0.399263718056875,2.52802365948786,0,"large","second","dist.20","dist.20","dist.20",0,-1.47776524058055,0.138141843147924,1.85501086327307,1.24200585669334,2.30307908737845,-0.324477446700752,0.908946604529733
"2870-65003","2850-57653","2870-65003_2850-57653",1,"CHR",128,"CHR-128","0",10,5.150742905,0,-10,0.189964157706093,"CHR_128_1",1,NA,0,4,"no",16.1,16.80360253,22.7877451,75,-0.666047261839958,0.264789915692027,-0.462001728113777,16.37,8.467490861,27.15053506,78,-1.39510816701437,-1.34521287106915,0.897405470214174,-0.925883505685436,-0.696065404544717,0,"large","first","dist.10","dist.10","dist.10",0,-0.598321258966208,0.138141843147924,1.85501086327307,1.24200585669334,0.182274551131745,-1.12841701146077,0.110874711490428
"2870-65003","2850-57653","2870-65003_2850-57653",2,"CHR",150,"CHR-150","0",11,7.973090562,0,-26,0.154838709677419,"CHR_150_2",1,NA,0,1,"no",16.1,16.80360253,22.7877451,75,-0.666047261839958,0.264789915692027,-0.462001728113777,16.37,8.467490861,27.15053506,78,-1.39510816701437,-1.34521287106915,0.897405470214174,-0.504258814689103,-0.696065404544717,0,"large","second","dist.10","dist.10","dist.10",0,-1.03581115844948,0.138141843147924,1.85501086327307,1.24200585669334,0.182274551131745,-1.12841701146077,0.110874711490428
"2870-65003","2850-57671","2870-65003_2850-57671",1,"CHR",128,"CHR-128","0",10,28.42927924,5,-6,0.172043010752688,"CHR_128_1",1,NA,0,4,"no",16.1,16.80360253,22.7877451,75,-0.666047261839958,0.264789915692027,-0.462001728113777,17.53,16.28350449,28.84180791,75.83333333,-1.65396855880595,0.662696246718346,1.24314585953504,2.55164898920355,0.769429624560999,0,"large","first","dist.20+","dist.20+","dist.20+",0,-0.821530391355633,0.138141843147924,1.85501086327307,1.24200585669334,0.606435458890079,1.16785270969026,0.187430780520441
"2870-65003","2850-57671","2870-65003_2850-57671",2,"CHR",150,"CHR-150","0",0,28.57936034,0,-55,0.154838709677419,"CHR_150_2",1,NA,0,1,"no",16.1,16.80360253,22.7877451,75,-0.666047261839958,0.264789915692027,-0.462001728113777,17.53,16.28350449,28.84180791,75.83333333,-1.65396855880595,0.662696246718346,1.24314585953504,2.57406929495679,-0.696065404544717,0,"large","second","dist.20+","dist.20+","dist.20+",0,-1.03581115844948,0.138141843147924,1.85501086327307,1.24200585669334,0.606435458890079,1.16785270969026,0.187430780520441
"2870-65003","2850-57731","2870-65003_2850-57731",1,"CHR",128,"CHR-128","0",10,13.66075475,0,21,0.189964157706093,"CHR_128_1",1,NA,0,4,"no",16.1,16.80360253,22.7877451,75,-0.666047261839958,0.264789915692027,-0.462001728113777,15.9,10.9634214,23.24545364,91,0.158054181345658,-0.704016229851986,0.0991047285683272,0.345409598700272,-0.696065404544717,0,"large","first","dist.20","dist.20","dist.20",0,-0.598321258966208,0.138141843147924,1.85501086327307,1.24200585669334,-1.17504035013197,-0.720064302121302,-0.918055636034195
"2870-65003","2850-57731","2870-65003_2850-57731",2,"CHR",150,"CHR-150","0",11,10.45609907,0,13,0.154838709677419,"CHR_150_2",1,NA,0,1,"no",16.1,16.80360253,22.7877451,75,-0.666047261839958,0.264789915692027,-0.462001728113777,15.9,10.9634214,23.24545364,91,0.158054181345658,-0.704016229851986,0.0991047285683272,-0.13332729874696,-0.696065404544717,0,"large","second","dist.20","dist.20","dist.20",0,-1.03581115844948,0.138141843147924,1.85501086327307,1.24200585669334,-1.17504035013197,-0.720064302121302,-0.918055636034195
"2870-65003","2850-57733","2870-65003_2850-57733",2,"CHR",150,"CHR-150","0",11,22.11213637,0,12,0.154838709677419,"CHR_150_2",1,NA,0,1,"no",16.1,16.80360253,22.7877451,75,-0.666047261839958,0.264789915692027,-0.462001728113777,15.66,14.84394317,20.45213858,102,1.47226847611183,0.292877508261001,-0.471921901664779,1.60794405478928,-0.696065404544717,0,"large","second","dist.20+","dist.20+","dist.20+",0,-1.03581115844948,0.138141843147924,1.85501086327307,1.24200585669334,0.606435458890079,-1.12204057333336,-0.450386497816471
"2870-65003","2850-57733","2870-65003_2850-57733",1,"CHR",128,"CHR-128","0",0,21.73798496,0,15,0.189964157706093,"CHR_128_1",1,NA,0,4,"no",16.1,16.80360253,22.7877451,75,-0.666047261839958,0.264789915692027,-0.462001728113777,15.66,14.84394317,20.45213858,102,1.47226847611183,0.292877508261001,-0.471921901664779,1.55205034791875,-0.696065404544717,0,"large","first","dist.20+","dist.20+","dist.20+",0,-0.598321258966208,0.138141843147924,1.85501086327307,1.24200585669334,0.606435458890079,-1.12204057333336,-0.450386497816471
"2870-65003","2850-57742","2870-65003_2850-57742",1,"CHR",128,"CHR-128","0",10,15.75477188,0,-20,0.189964157706093,"CHR_128_1",1,NA,0,4,"no",16.1,16.80360253,22.7877451,75,-0.666047261839958,0.264789915692027,-0.462001728113777,16.98,13.00562645,26.1463443,93,0.397002234939508,-0.179380228057897,0.692122624034258,0.658230495582884,-0.696065404544717,0,"large","first","dist.20","dist.20","dist.20",0,-0.598321258966208,0.138141843147924,1.85501086327307,1.24200585669334,0.564019367350756,-0.96234197733198,-0.610003960994292
"2870-65003","2850-57742","2870-65003_2850-57742",2,"CHR",150,"CHR-150","0",11,18.33185936,0,-23,0.154838709677419,"CHR_150_2",1,NA,0,1,"no",16.1,16.80360253,22.7877451,75,-0.666047261839958,0.264789915692027,-0.462001728113777,16.98,13.00562645,26.1463443,93,0.397002234939508,-0.179380228057897,0.692122624034258,1.04321627496786,-0.696065404544717,0,"large","second","dist.20","dist.20","dist.20",0,-1.03581115844948,0.138141843147924,1.85501086327307,1.24200585669334,0.564019367350756,-0.96234197733198,-0.610003960994292
"2870-65003","2850-57744","2870-65003_2850-57744",1,"CHR",128,"CHR-128","0",10,26.62753665,9,-2,0.157706093189964,"CHR_128_1",1,NA,0,4,"no",16.1,16.80360253,22.7877451,75,-0.666047261839958,0.264789915692027,-0.462001728113777,14.77,24.63866733,20.45419575,84.5,-0.618526992834355,2.80911108724386,-0.47150136233152,2.28249038258059,1.94182564784557,0,"large","first","dist.20+","dist.20+","dist.20+",0,-1.00009769726717,0.138141843147924,1.85501086327307,1.24200585669334,-0.411550717693951,1.14723185861105,0.256764043881684
"2870-65003","2850-57744","2870-65003_2850-57744",2,"CHR",150,"CHR-150","0",11,27.06540954,10,1,0.12258064516129,"CHR_150_2",1,NA,0,1,"no",16.1,16.80360253,22.7877451,75,-0.666047261839958,0.264789915692027,-0.462001728113777,14.77,24.63866733,20.45419575,84.5,-0.618526992834355,2.80911108724386,-0.47150136233152,2.34790330982364,2.23492465366671,0,"large","second","dist.20+","dist.20+","dist.20+",0,-1.43758759675045,0.138141843147924,1.85501086327307,1.24200585669334,-0.411550717693951,1.14723185861105,0.256764043881684
"2870-65003","2850-57806","2870-65003_2850-57806",1,"CHR",128,"CHR-128","0",10,6.207264631,0,-23,0.189964157706093,"CHR_128_1",1,NA,0,4,"no",16.1,16.80360253,22.7877451,75,-0.666047261839958,0.264789915692027,-0.462001728113777,15.88,11.25502825,14.26422898,83.83333333,-0.698176344430552,-0.62910335473214,-1.73689240845576,-0.768051905758035,-0.696065404544717,0,"large","first","dist.10","dist.10","dist.10",0,-0.598321258966208,0.138141843147924,1.85501086327307,1.24200585669334,0.224690642671068,-0.312822534834813,0.766781208645738
"2870-65003","2850-57806","2870-65003_2850-57806",2,"CHR",150,"CHR-150","0",11,5.738242995,0,-20,0.154838709677419,"CHR_150_2",1,NA,0,1,"no",16.1,16.80360253,22.7877451,75,-0.666047261839958,0.264789915692027,-0.462001728113777,15.88,11.25502825,14.26422898,83.83333333,-0.698176344430552,-0.62910335473214,-1.73689240845576,-0.838118079873272,-0.696065404544717,0,"large","second","dist.10","dist.10","dist.10",0,-1.03581115844948,0.138141843147924,1.85501086327307,1.24200585669334,0.224690642671068,-0.312822534834813,0.766781208645738
"2870-65003","2850-57808","2870-65003_2850-57808",1,"CHR",128,"CHR-128","0",10,12.51519135,0,-23,0.189964157706093,"CHR_128_1",1,NA,0,4,"no",16.1,16.80360253,22.7877451,75,-0.666047261839958,0.264789915692027,-0.462001728113777,17.44,11.46748421,15.37756564,100,1.23332042251798,-0.574524092276724,-1.50929728666711,0.17427624688099,-0.696065404544717,0,"large","first","dist.20","dist.20","dist.20",0,-0.598321258966208,0.138141843147924,1.85501086327307,1.24200585669334,0.564019367350756,-2.00209196155345,-1.05591017852521
"2870-65003","2850-57808","2870-65003_2850-57808",2,"CHR",150,"CHR-150","0",11,13.87186793,0,-24,0.154838709677419,"CHR_150_2",1,NA,0,1,"no",16.1,16.80360253,22.7877451,75,-0.666047261839958,0.264789915692027,-0.462001728113777,17.44,11.46748421,15.37756564,100,1.23332042251798,-0.574524092276724,-1.50929728666711,0.3769473609111,-0.696065404544717,0,"large","second","dist.20","dist.20","dist.20",0,-1.03581115844948,0.138141843147924,1.85501086327307,1.24200585669334,0.564019367350756,-2.00209196155345,-1.05591017852521
"2870-65003","2850-57881","2870-65003_2850-57881",1,"CHR",128,"CHR-128","0",10,11.9443778,0,-18,0.189964157706093,"CHR_128_1",1,NA,0,4,"no",16.1,16.80360253,22.7877451,75,-0.666047261839958,0.264789915692027,-0.462001728113777,16.55,11.73463277,21.93833167,84.83333333,-0.578702317633627,-0.50589447430401,-0.16810517715307,0.0890035888374769,-0.696065404544717,0,"large","first","dist.20","dist.20","dist.20",0,-0.598321258966208,0.138141843147924,1.85501086327307,1.24200585669334,-0.835711625452285,0.553081751767378,1.79200900661347
"2870-65003","2850-57881","2870-65003_2850-57881",2,"CHR",150,"CHR-150","0",11,12.75965136,0,-10,0.154838709677419,"CHR_150_2",1,NA,0,1,"no",16.1,16.80360253,22.7877451,75,-0.666047261839958,0.264789915692027,-0.462001728113777,16.55,11.73463277,21.93833167,84.83333333,-0.578702317633627,-0.50589447430401,-0.16810517715307,0.210795623195801,-0.696065404544717,0,"large","second","dist.20","dist.20","dist.20",0,-1.03581115844948,0.138141843147924,1.85501086327307,1.24200585669334,-0.835711625452285,0.553081751767378,1.79200900661347
"2850-57650","2850-57671","2850-57650_2850-57671",1,"CHR",25,"CHR-25","0",0,16.66597055,0,12,0.287390029325513,"CHR_25_1",1,NA,0,4,"no",16.49,17.68973745,37.8482436,74.33333333,-0.835711625452285,0.553081751767378,1.79200900661347,17.53,16.28350449,28.84180791,75.83333333,-1.65396855880595,0.662696246718346,1.24314585953504,0.794352584129334,-0.696065404544717,0,"large","first","dist.20","dist.20","dist.20",0,0.615124751659939,-0.578702317633627,-0.50589447430401,-0.16810517715307,0.606435458890079,1.16785270969026,0.187430780520441
"2850-57650","2850-57671","2850-57650_2850-57671",2,"CHR",95,"CHR-95","0",0,15.88814409,0,-45,0.172043010752688,"CHR_95_2",1,NA,0,3,"no",16.49,17.68973745,37.8482436,74.33333333,-0.835711625452285,0.553081751767378,1.79200900661347,17.53,16.28350449,28.84180791,75.83333333,-1.65396855880595,0.662696246718346,1.24314585953504,0.678154694747108,-0.696065404544717,0,"large","second","dist.20","dist.20","dist.20",0,-0.821530391355633,-0.578702317633627,-0.50589447430401,-0.16810517715307,0.606435458890079,1.16785270969026,0.187430780520441
"2850-57654","2850-57733","2850-57654_2850-57733",1,"CHR",80,"CHR-80","0",0,2.551559921,0,24,0.372759856630824,"CHR_80_1",1,"ep_same",1,4,"yes",16.58,17.81852775,29.97126288,79.83333333,0.564019367350756,0.594981908524202,0.613110506001452,15.66,14.84394317,20.45213858,102,1.47226847611183,0.292877508261001,-0.471921901664779,-1.31417008680662,-0.696065404544717,1,"large","first","dist.05","dist.05","dist.10",0.25,1.67841189140593,-0.220280237242851,-1.17171658585126,0.964988048569367,0.606435458890079,-1.12204057333336,-0.450386497816471
"2850-57670","2850-57733","2850-57670_2850-57733",1,"CHR",73,"CHR-73","0",0,7.926572026,0,21,0.332258064516129,"CHR_73_1",1,NA,0,5,"no",18.2,19.57938518,27.12702227,80,0.606435458890079,1.16785270969026,0.187430780520441,15.66,14.84394317,20.45213858,102,1.47226847611183,0.292877508261001,-0.471921901664779,-0.511208122765292,-0.696065404544717,0,"large","first","dist.10","dist.10","dist.10",0,1.17395925220583,-1.65396855880595,0.662696246718346,1.24314585953504,0.606435458890079,-1.12204057333336,-0.450386497816471
"2850-57736","2850-57570","2850-57736_2850-57570",1,"CHR",43,"CHR-43","0",0,2.83997057,0,12,0.345161290322581,"CHR_43_1",1,NA,0,5,"no",18.71,18.82615819,20.40757062,73,-1.17504035013197,0.922800644787313,-0.818227574717981,16.51,16.84077767,23.06811898,90,0.038580154548733,0.805857959623855,0.0628528876022267,-1.27108501524817,-0.696065404544717,0,"large","first","dist.05","dist.05","dist.10",0,1.33466982752622,1.49218081789379,-0.807622320284185,0.735008293751907,-0.157054173547943,-1.42571858026568,-1.08665491345185
"2850-57736","2850-57577","2850-57736_2850-57577",1,"CHR",43,"CHR-43","0",0,8.376653586,0,12,0.345161290322581,"CHR_43_1",1,NA,0,5,"no",18.71,18.82615819,20.40757062,73,-1.17504035013197,0.922800644787313,-0.818227574717981,18.2,20.92472416,28.83623131,90.83333333,0.138141843147924,1.85501086327307,1.24200585669334,-0.443971367510321,-0.696065404544717,0,"large","first","dist.10","dist.10","dist.10",0,1.33466982752622,1.49218081789379,-0.807622320284185,0.735008293751907,-0.666047261839958,0.264789915692027,-0.462001728113777
"2850-57736","2850-57733","2850-57736_2850-57733",1,"CHR",43,"CHR-43","0",0,17.22238643,0,27,0.345161290322581,"CHR_43_1",1,NA,0,5,"no",18.71,18.82615819,20.40757062,73,-1.17504035013197,0.922800644787313,-0.818227574717981,15.66,14.84394317,20.45213858,102,1.47226847611183,0.292877508261001,-0.471921901664779,0.87747440396914,-0.696065404544717,0,"large","first","dist.20","dist.20","dist.20",0,1.33466982752622,1.49218081789379,-0.807622320284185,0.735008293751907,0.606435458890079,-1.12204057333336,-0.450386497816471
