"female","male","pairwise","attempt1","barn","nest","location1","soc.pair","total.dur","process.dist.m","dur.fertile","ci.diff","rest.SI.chr","clutch_id_merge","clutch_match","fert_type","shared_fert","pat.clutch.size","bin_fert","fem_mass_1","fem_throat_avg_bright","fem_breast_avg_bright","fem_TS","fem_TS_scaled","fem_throat_avg_bright_scaled","fem_breast_avg_bright_scaled","male_mass_1","male_throat_avg_bright","male_breast_avg_bright","male_TS","male_TS_scaled","male_throat_avg_bright_scaled","male_breast_avg_bright_scaled","dist.scale","dur.scale","bin_num_fert","size.cat","attempt2","dist.cat","dist.cat2","dist.cat3","prop.fert","rest.SI.scale","soc.male_TS_scaled","soc.male_throat_avg_bright_scaled","soc.male_breast_avg_bright_scaled","soc.fem_TS_scaled","soc.fem_throat_avg_bright_scaled","soc.fem_breast_avg_bright_scaled"
"2640-97331","2640-97588","2640-97331_2640-97588",1,"CHR",29,"CHR-29","0",11,12.54316078,7,-4,0.235483870967742,"CHR_29_1",1,"ep_same",2,4,"yes",16.76,9.83579096,18.81945995,79.83333333,0.564019367350756,-2.00209196155345,-1.05591017852521,18.7,11.85018943,14.45612662,87,-0.319841925842042,-0.476208334764261,-1.69766351362466,0.222996299148416,1.12694781944983,1,"large","first","dist.20","dist.20","dist.20",0.5,-0.013746660537916,1.23332042251798,-0.574524092276724,-1.50929728666711,0.224690642671068,-0.0934822025987468,-1.95280566010936
"2640-97331","2640-97588","2640-97331_2640-97588",2,"CHR",27,"CHR-27","0",10,13.55260368,7,-4,0.297491039426523,"CHR_27_2",1,NA,0,4,"no",16.76,9.83579096,18.81945995,79.83333333,0.564019367350756,-2.00209196155345,-1.05591017852521,18.7,11.85018943,14.45612662,87,-0.319841925842042,-0.476208334764261,-1.69766351362466,0.367369482913978,1.12694781944983,0,"large","second","dist.20","dist.20","dist.20",0,0.749813667936175,1.23332042251798,-0.574524092276724,-1.50929728666711,0.224690642671068,-0.0934822025987468,-1.95280566010936
"2640-97331","2640-97589","2640-97331_2640-97589",1,"CHR",29,"CHR-29","0",11,3.345023064,9,-2,0.229032258064516,"CHR_29_1",1,NA,0,4,"no",16.76,9.83579096,18.81945995,79.83333333,0.564019367350756,-2.00209196155345,-1.05591017852521,16.1,11.8153556,16.91354271,99.66666667,1.19349574731726,-0.485157035237985,-1.19530341502793,-1.09254559705296,1.6643004221014,0,"large","first","dist.05","dist.05","dist.10",0,-0.093192243847362,1.23332042251798,-0.574524092276724,-1.50929728666711,0.98818027510909,-0.478534822267752,-0.867541507603602
"2640-97331","2640-97589","2640-97331_2640-97589",2,"CHR",27,"CHR-27","0",10,3.56350997,10,-1,0.28673835125448,"CHR_27_2",1,NA,0,4,"no",16.76,9.83579096,18.81945995,79.83333333,0.564019367350756,-2.00209196155345,-1.05591017852521,16.1,11.8153556,16.91354271,99.66666667,1.19349574731726,-0.485157035237985,-1.19530341502793,-1.06129702397338,1.93297672342719,0,"large","second","dist.05","dist.05","dist.10",0,0.617404362420436,1.23332042251798,-0.574524092276724,-1.50929728666711,0.98818027510909,-0.478534822267752,-0.867541507603602
"2640-97331","2811-83208","2640-97331_2811-83208",2,"CHR",27,"CHR-27","0",10,15.90725563,0,14,0.32258064516129,"CHR_27_2",1,NA,0,4,"no",16.76,9.83579096,18.81945995,79.83333333,0.564019367350756,-2.00209196155345,-1.05591017852521,16.9,18.73416916,21.00459455,87,-0.319841925842042,1.29226422972124,-0.358985457287731,0.704138010070183,-0.75378628983068,0,"large","second","dist.20","dist.20","dist.20",0,1.05876871413957,1.23332042251798,-0.574524092276724,-1.50929728666711,-0.411550717693951,-0.159665267146272,1.94192717350385
"2640-97331","2811-83208","2640-97331_2811-83208",1,"CHR",29,"CHR-29","0",0,16.94168974,0,13,0.258064516129032,"CHR_29_1",1,NA,0,4,"no",16.76,9.83579096,18.81945995,79.83333333,0.564019367350756,-2.00209196155345,-1.05591017852521,16.9,18.73416916,21.00459455,87,-0.319841925842042,1.29226422972124,-0.358985457287731,0.852085502549842,-0.75378628983068,0,"large","first","dist.20","dist.20","dist.20",0,0.264312881045132,1.23332042251798,-0.574524092276724,-1.50929728666711,-0.411550717693951,-0.159665267146272,1.94192717350385
"2640-97331","2850-57567","2640-97331_2850-57567",2,"CHR",27,"CHR-27","0",6,10.66265844,0,-37,0.32258064516129,"CHR_27_2",1,NA,0,4,"no",16.76,9.83579096,18.81945995,79.83333333,0.564019367350756,-2.00209196155345,-1.05591017852521,16.6,10.56012296,26.35612994,102.1666667,1.49218081789379,-0.807622320284185,0.735008293751907,-0.0459581012484658,-0.75378628983068,0,"large","second","dist.20","dist.20","dist.20",0,1.05876871413957,1.23332042251798,-0.574524092276724,-1.50929728666711,-1.17504035013197,0.922800644787313,-0.818227574717981
"2640-97331","2850-57567","2640-97331_2850-57567",1,"CHR",29,"CHR-29","0",0,9.735905078,0,11,0.258064516129032,"CHR_29_1",1,NA,0,4,"no",16.76,9.83579096,18.81945995,79.83333333,0.564019367350756,-2.00209196155345,-1.05591017852521,16.6,10.56012296,26.35612994,102.1666667,1.49218081789379,-0.807622320284185,0.735008293751907,-0.17850480937567,-0.75378628983068,0,"large","first","dist.10","dist.10","dist.10",0,0.264312881045132,1.23332042251798,-0.574524092276724,-1.50929728666711,-1.17504035013197,0.922800644787313,-0.818227574717981
"2640-97331","2850-57570","2640-97331_2850-57570",2,"CHR",27,"CHR-27","0",10,10.22398322,5,-5,0.304659498207885,"CHR_27_2",1,NA,0,4,"no",16.76,9.83579096,18.81945995,79.83333333,0.564019367350756,-2.00209196155345,-1.05591017852521,16.51,16.84077767,23.06811898,90,0.038580154548733,0.805857959623855,0.0628528876022267,-0.108698587263532,0.589595216798255,0,"large","second","dist.20","dist.20","dist.20",0,0.838086538280001,1.23332042251798,-0.574524092276724,-1.50929728666711,-0.157054173547943,-1.42571858026568,-1.08665491345185
"2640-97331","2850-57570","2640-97331_2850-57570",1,"CHR",29,"CHR-29","0",0,6.917761569,0,23,0.258064516129032,"CHR_29_1",1,NA,0,4,"no",16.76,9.83579096,18.81945995,79.83333333,0.564019367350756,-2.00209196155345,-1.05591017852521,16.51,16.84077767,23.06811898,90,0.038580154548733,0.805857959623855,0.0628528876022267,-0.581563120749777,-0.75378628983068,0,"large","first","dist.10","dist.10","dist.10",0,0.264312881045132,1.23332042251798,-0.574524092276724,-1.50929728666711,-0.157054173547943,-1.42571858026568,-1.08665491345185
"2640-97331","2850-57577","2640-97331_2850-57577",2,"CHR",27,"CHR-27","0",10,13.569444,0,24,0.32258064516129,"CHR_27_2",1,NA,0,4,"no",16.76,9.83579096,18.81945995,79.83333333,0.564019367350756,-2.00209196155345,-1.05591017852521,18.2,20.92472416,28.83623131,90.83333333,0.138141843147924,1.85501086327307,1.24200585669334,0.369778029860051,-0.75378628983068,0,"large","second","dist.20","dist.20","dist.20",0,1.05876871413957,1.23332042251798,-0.574524092276724,-1.50929728666711,-0.666047261839958,0.264789915692027,-0.462001728113777
"2640-97331","2850-57577","2640-97331_2850-57577",1,"CHR",29,"CHR-29","0",0,12.51519135,0,23,0.258064516129032,"CHR_29_1",1,NA,0,4,"no",16.76,9.83579096,18.81945995,79.83333333,0.564019367350756,-2.00209196155345,-1.05591017852521,18.2,20.92472416,28.83623131,90.83333333,0.138141843147924,1.85501086327307,1.24200585669334,0.218996037561348,-0.75378628983068,0,"large","first","dist.20","dist.20","dist.20",0,0.264312881045132,1.23332042251798,-0.574524092276724,-1.50929728666711,-0.666047261839958,0.264789915692027,-0.462001728113777
"2640-97331","2850-57578","2640-97331_2850-57578",2,"CHR",27,"CHR-27","0",10,3.704275342,0,21,0.32258064516129,"CHR_27_2",1,NA,0,4,"no",16.76,9.83579096,18.81945995,79.83333333,0.564019367350756,-2.00209196155345,-1.05591017852521,17.2,10.81633932,15.67680791,91.5,0.217791194744121,-0.741801149826969,-1.44812434290995,-1.0411643895078,-0.75378628983068,0,"large","second","dist.05","dist.05","dist.10",0,1.05876871413957,1.23332042251798,-0.574524092276724,-1.50929728666711,0.0550262790587415,1.59216462744548,-0.0904874492207969
"2640-97331","2850-57578","2640-97331_2850-57578",1,"CHR",29,"CHR-29","0",0,2.800078,0,19,0.258064516129032,"CHR_29_1",1,NA,0,4,"no",16.76,9.83579096,18.81945995,79.83333333,0.564019367350756,-2.00209196155345,-1.05591017852521,17.2,10.81633932,15.67680791,91.5,0.217791194744121,-0.741801149826969,-1.44812434290995,-1.17048507621221,-0.75378628983068,0,"large","first","dist.05","dist.05","dist.10",0,0.264312881045132,1.23332042251798,-0.574524092276724,-1.50929728666711,0.0550262790587415,1.59216462744548,-0.0904874492207969
"2640-97331","2850-57579","2640-97331_2850-57579",1,"CHR",29,"CHR-29","0",5,5.951304253,5,6,0.241935483870968,"CHR_29_1",1,NA,0,4,"no",16.76,9.83579096,18.81945995,79.83333333,0.564019367350756,-2.00209196155345,-1.05591017852521,16.3,11.31949153,24.77905949,93.5,0.456739248337971,-0.612542942504321,0.412613860843324,-0.719788393010783,0.589595216798255,0,"large","first","dist.10","dist.10","dist.10",0,0.0656989227715297,1.23332042251798,-0.574524092276724,-1.50929728666711,0.394355006283394,0.252942547897877,-0.257226498974273
"2640-97331","2850-57579","2640-97331_2850-57579",2,"CHR",27,"CHR-27","0",10,5.784839798,0,-17,0.32258064516129,"CHR_27_2",1,NA,0,4,"no",16.76,9.83579096,18.81945995,79.83333333,0.564019367350756,-2.00209196155345,-1.05591017852521,16.3,11.31949153,24.77905949,93.5,0.456739248337971,-0.612542942504321,0.412613860843324,-0.743596578052403,-0.75378628983068,0,"large","second","dist.10","dist.10","dist.10",0,1.05876871413957,1.23332042251798,-0.574524092276724,-1.50929728666711,0.394355006283394,0.252942547897877,-0.257226498974273
"2640-97331","2850-57580","2640-97331_2850-57580",2,"CHR",27,"CHR-27","0",8,10.75579679,0,-34,0.32258064516129,"CHR_27_2",1,NA,0,4,"no",16.76,9.83579096,18.81945995,79.83333333,0.564019367350756,-2.00209196155345,-1.05591017852521,16.2,9.142844799,27.48113161,87.83333333,-0.220280237242851,-1.17171658585126,0.964988048569367,-0.0326372089818787,-0.75378628983068,0,"large","second","dist.20","dist.20","dist.20",0,1.05876871413957,1.23332042251798,-0.574524092276724,-1.50929728666711,0.564019367350756,0.594981908524202,0.613110506001452
"2640-97331","2850-57580","2640-97331_2850-57580",1,"CHR",29,"CHR-29","0",0,11.78128134,0,14,0.258064516129032,"CHR_29_1",1,NA,0,4,"no",16.76,9.83579096,18.81945995,79.83333333,0.564019367350756,-2.00209196155345,-1.05591017852521,16.2,9.142844799,27.48113161,87.83333333,-0.220280237242851,-1.17171658585126,0.964988048569367,0.114030293841604,-0.75378628983068,0,"large","first","dist.20","dist.20","dist.20",0,0.264312881045132,1.23332042251798,-0.574524092276724,-1.50929728666711,0.564019367350756,0.594981908524202,0.613110506001452
"2640-97331","2850-57581","2640-97331_2850-57581",1,"CHR",29,"CHR-29","0",7,12.40409686,7,4,0.235483870967742,"CHR_29_1",1,NA,0,4,"no",16.76,9.83579096,18.81945995,79.83333333,0.564019367350756,-2.00209196155345,-1.05591017852521,15.5,12.5018158,18.94245264,82.5,-0.857475046428205,-0.308807586528723,-0.780541178943333,0.203107010831742,1.12694781944983,0,"large","first","dist.20","dist.20","dist.20",0,-0.013746660537916,1.23332042251798,-0.574524092276724,-1.50929728666711,-0.920543805985966,0.0923616887128494,-0.0652425713766268
"2640-97331","2850-57581","2640-97331_2850-57581",2,"CHR",27,"CHR-27","0",10,12.46090579,5,5,0.304659498207885,"CHR_27_2",1,NA,0,4,"no",16.76,9.83579096,18.81945995,79.83333333,0.564019367350756,-2.00209196155345,-1.05591017852521,15.5,12.5018158,18.94245264,82.5,-0.857475046428205,-0.308807586528723,-0.780541178943333,0.211231973710192,0.589595216798255,0,"large","second","dist.20","dist.20","dist.20",0,0.838086538280001,1.23332042251798,-0.574524092276724,-1.50929728666711,-0.920543805985966,0.0923616887128494,-0.0652425713766268
"2640-97331","2850-57589","2640-97331_2850-57589",1,"CHR",29,"CHR-29","0",1,7.023837135,1,10,0.254838709677419,"CHR_29_1",1,NA,0,4,"no",16.76,9.83579096,18.81945995,79.83333333,0.564019367350756,-2.00209196155345,-1.05591017852521,17.5,12.65077601,16.92662014,97,0.874898342127209,-0.270540180912031,-1.19263004642303,-0.566391913757134,-0.485109988504893,0,"large","first","dist.10","dist.10","dist.10",0,0.224590089390409,1.23332042251798,-0.574524092276724,-1.50929728666711,0.394355006283394,-0.220209818057244,-0.7238327207249
"2640-97331","2850-57589","2640-97331_2850-57589",2,"CHR",27,"CHR-27","0",10,6.234389011,0,15,0.32258064516129,"CHR_27_2",1,NA,0,4,"no",16.76,9.83579096,18.81945995,79.83333333,0.564019367350756,-2.00209196155345,-1.05591017852521,17.5,12.65077601,16.92662014,97,0.874898342127209,-0.270540180912031,-1.19263004642303,-0.679300864901998,-0.75378628983068,0,"large","second","dist.10","dist.10","dist.10",0,1.05876871413957,1.23332042251798,-0.574524092276724,-1.50929728666711,0.394355006283394,-0.220209818057244,-0.7238327207249
"2640-97331","2850-57620","2640-97331_2850-57620",2,"CHR",27,"CHR-27","0",10,6.422664264,0,14,0.32258064516129,"CHR_27_2",1,NA,0,4,"no",16.76,9.83579096,18.81945995,79.83333333,0.564019367350756,-2.00209196155345,-1.05591017852521,18.2,8.903889997,21.60838485,87,-0.319841925842042,-1.2331033167923,-0.235554933708899,-0.652373242051933,-0.75378628983068,0,"large","second","dist.10","dist.10","dist.10",0,1.05876871413957,1.23332042251798,-0.574524092276724,-1.50929728666711,-1.04779207805897,-0.519894914297499,-0.347422909026337
"2640-97331","2850-57620","2640-97331_2850-57620",1,"CHR",29,"CHR-29","0",0,5.45933273,0,13,0.258064516129032,"CHR_29_1",1,NA,0,4,"no",16.76,9.83579096,18.81945995,79.83333333,0.564019367350756,-2.00209196155345,-1.05591017852521,18.2,8.903889997,21.60838485,87,-0.319841925842042,-1.2331033167923,-0.235554933708899,-0.790151456733855,-0.75378628983068,0,"large","first","dist.10","dist.10","dist.10",0,0.264312881045132,1.23332042251798,-0.574524092276724,-1.50929728666711,-1.04779207805897,-0.519894914297499,-0.347422909026337
"2640-97331","2850-57647","2640-97331_2850-57647",2,"CHR",27,"CHR-27","0",10,3.77388294,0,24,0.32258064516129,"CHR_27_2",1,NA,0,4,"no",16.76,9.83579096,18.81945995,79.83333333,0.564019367350756,-2.00209196155345,-1.05591017852521,15.8,12.89783981,28.1838767,85.83333333,-0.459228290836701,-0.207070274097309,1.10864751842364,-1.03120892740337,-0.75378628983068,0,"large","second","dist.05","dist.05","dist.10",0,1.05876871413957,1.23332042251798,-0.574524092276724,-1.50929728666711,2.30307908737845,-0.324477446700752,0.908946604529733
"2640-97331","2850-57647","2640-97331_2850-57647",1,"CHR",29,"CHR-29","0",0,3.546625264,0,18,0.258064516129032,"CHR_29_1",1,NA,0,4,"no",16.76,9.83579096,18.81945995,79.83333333,0.564019367350756,-2.00209196155345,-1.05591017852521,15.8,12.89783981,28.1838767,85.83333333,-0.459228290836701,-0.207070274097309,1.10864751842364,-1.06371191912215,-0.75378628983068,0,"large","first","dist.05","dist.05","dist.10",0,0.264312881045132,1.23332042251798,-0.574524092276724,-1.50929728666711,2.30307908737845,-0.324477446700752,0.908946604529733
"2640-97331","2850-57653","2640-97331_2850-57653",2,"CHR",27,"CHR-27","0",10,16.54801295,9,-2,0.290322580645161,"CHR_27_2",1,NA,0,4,"no",16.76,9.83579096,18.81945995,79.83333333,0.564019367350756,-2.00209196155345,-1.05591017852521,16.37,8.467490861,27.15053506,78,-1.39510816701437,-1.34521287106915,0.897405470214174,0.795780810578749,1.6643004221014,0,"large","second","dist.20","dist.20","dist.20",0,0.661540797592348,1.23332042251798,-0.574524092276724,-1.50929728666711,0.182274551131745,-1.12841701146077,0.110874711490428
"2640-97331","2850-57653","2640-97331_2850-57653",1,"CHR",29,"CHR-29","0",0,13.22996489,0,13,0.258064516129032,"CHR_29_1",1,NA,0,4,"no",16.76,9.83579096,18.81945995,79.83333333,0.564019367350756,-2.00209196155345,-1.05591017852521,16.37,8.467490861,27.15053506,78,-1.39510816701437,-1.34521287106915,0.897405470214174,0.321224832910923,-0.75378628983068,0,"large","first","dist.20","dist.20","dist.20",0,0.264312881045132,1.23332042251798,-0.574524092276724,-1.50929728666711,0.182274551131745,-1.12841701146077,0.110874711490428
"2640-97331","2850-57669","2640-97331_2850-57669",2,"CHR",27,"CHR-27","0",10,4.5015262,9,1,0.297491039426523,"CHR_27_2",1,NA,0,4,"no",16.76,9.83579096,18.81945995,79.83333333,0.564019367350756,-2.00209196155345,-1.05591017852521,17.82,14.07982054,27.72719176,89.66666667,-0.0012445206519955,0.0965768275416075,1.01528917653778,-0.927139470783531,1.6643004221014,0,"large","second","dist.05","dist.05","dist.10",0,0.749813667936175,1.23332042251798,-0.574524092276724,-1.50929728666711,NA,NA,NA
"2640-97331","2850-57669","2640-97331_2850-57669",1,"CHR",29,"CHR-29","0",0,3.835087464,0,13,0.258064516129032,"CHR_29_1",1,NA,0,4,"no",16.76,9.83579096,18.81945995,79.83333333,0.564019367350756,-2.00209196155345,-1.05591017852521,17.82,14.07982054,27.72719176,89.66666667,-0.0012445206519955,0.0965768275416075,1.01528917653778,-1.02245529508723,-0.75378628983068,0,"large","first","dist.05","dist.05","dist.10",0,0.264312881045132,1.23332042251798,-0.574524092276724,-1.50929728666711,NA,NA,NA
"2640-97331","2850-57671","2640-97331_2850-57671",2,"CHR",27,"CHR-27","0",10,14.97887567,0,-31,0.32258064516129,"CHR_27_2",1,NA,0,4,"no",16.76,9.83579096,18.81945995,79.83333333,0.564019367350756,-2.00209196155345,-1.05591017852521,17.53,16.28350449,28.84180791,75.83333333,-1.65396855880595,0.662696246718346,1.24314585953504,0.571358661610409,-0.75378628983068,0,"large","second","dist.20","dist.20","dist.20",0,1.05876871413957,1.23332042251798,-0.574524092276724,-1.50929728666711,0.606435458890079,1.16785270969026,0.187430780520441
"2640-97331","2850-57671","2640-97331_2850-57671",1,"CHR",29,"CHR-29","0",0,16.04915093,0,17,0.258064516129032,"CHR_29_1",1,NA,0,4,"no",16.76,9.83579096,18.81945995,79.83333333,0.564019367350756,-2.00209196155345,-1.05591017852521,17.53,16.28350449,28.84180791,75.83333333,-1.65396855880595,0.662696246718346,1.24314585953504,0.724432249816056,-0.75378628983068,0,"large","first","dist.20","dist.20","dist.20",0,0.264312881045132,1.23332042251798,-0.574524092276724,-1.50929728666711,0.606435458890079,1.16785270969026,0.187430780520441
"2640-97331","2850-57731","2640-97331_2850-57731",1,"CHR",29,"CHR-29","0",11,2.113967997,6,-5,0.238709677419355,"CHR_29_1",1,NA,0,4,"no",16.76,9.83579096,18.81945995,79.83333333,0.564019367350756,-2.00209196155345,-1.05591017852521,15.9,10.9634214,23.24545364,91,0.158054181345658,-0.704016229851986,0.0991047285683272,-1.26861433696238,0.858271518124042,0,"large","first","dist.05","dist.05","dist.10",0,0.0259761311168068,1.23332042251798,-0.574524092276724,-1.50929728666711,-1.17504035013197,-0.720064302121302,-0.918055636034195
"2640-97331","2850-57731","2640-97331_2850-57731",2,"CHR",27,"CHR-27","0",10,4.116895593,6,-4,0.301075268817204,"CHR_27_2",1,NA,0,4,"no",16.76,9.83579096,18.81945995,79.83333333,0.564019367350756,-2.00209196155345,-1.05591017852521,15.9,10.9634214,23.24545364,91,0.158054181345658,-0.704016229851986,0.0991047285683272,-0.982150353822354,0.858271518124042,0,"large","second","dist.05","dist.05","dist.10",0,0.793950103108087,1.23332042251798,-0.574524092276724,-1.50929728666711,-1.17504035013197,-0.720064302121302,-0.918055636034195
"2640-97331","2850-57733","2640-97331_2850-57733",2,"CHR",27,"CHR-27","0",10,8.269835775,0,-10,0.32258064516129,"CHR_27_2",1,NA,0,4,"no",16.76,9.83579096,18.81945995,79.83333333,0.564019367350756,-2.00209196155345,-1.05591017852521,15.66,14.84394317,20.45213858,102,1.47226847611183,0.292877508261001,-0.471921901664779,-0.388185904656114,-0.75378628983068,0,"large","second","dist.10","dist.10","dist.10",0,1.05876871413957,1.23332042251798,-0.574524092276724,-1.50929728666711,0.606435458890079,-1.12204057333336,-0.450386497816471
"2640-97331","2850-57733","2640-97331_2850-57733",1,"CHR",29,"CHR-29","0",0,9.277382025,0,38,0.258064516129032,"CHR_29_1",1,NA,0,4,"no",16.76,9.83579096,18.81945995,79.83333333,0.564019367350756,-2.00209196155345,-1.05591017852521,15.66,14.84394317,20.45213858,102,1.47226847611183,0.292877508261001,-0.471921901664779,-0.244083984771837,-0.75378628983068,0,"large","first","dist.10","dist.10","dist.10",0,0.264312881045132,1.23332042251798,-0.574524092276724,-1.50929728666711,0.606435458890079,-1.12204057333336,-0.450386497816471
"2640-97331","2850-57742","2640-97331_2850-57742",1,"CHR",29,"CHR-29","0",8,6.502144006,8,3,0.232258064516129,"CHR_29_1",1,NA,0,4,"no",16.76,9.83579096,18.81945995,79.83333333,0.564019367350756,-2.00209196155345,-1.05591017852521,16.98,13.00562645,26.1463443,93,0.397002234939508,-0.179380228057897,0.692122624034258,-0.641005839896342,1.39562412077562,0,"large","first","dist.10","dist.10","dist.10",0,-0.0534694521926392,1.23332042251798,-0.574524092276724,-1.50929728666711,0.564019367350756,-0.96234197733198,-0.610003960994292
"2640-97331","2850-57742","2640-97331_2850-57742",2,"CHR",27,"CHR-27","0",10,6.1628208967,9,1,0.290322580645161,"CHR_27_2",1,NA,0,4,"no",16.76,9.83579096,18.81945995,79.83333333,0.564019367350756,-2.00209196155345,-1.05591017852521,16.98,13.00562645,26.1463443,93,0.397002234939508,-0.179380228057897,0.692122624034258,-0.689536725214244,1.6643004221014,0,"large","second","dist.10","dist.10","dist.10",0,0.661540797592348,1.23332042251798,-0.574524092276724,-1.50929728666711,0.564019367350756,-0.96234197733198,-0.610003960994292
"2640-97331","2850-57744","2640-97331_2850-57744",2,"CHR",27,"CHR-27","0",10,13.29871713,0,25,0.32258064516129,"CHR_27_2",1,NA,0,4,"no",16.76,9.83579096,18.81945995,79.83333333,0.564019367350756,-2.00209196155345,-1.05591017852521,14.77,24.63866733,20.45419575,84.5,-0.618526992834355,2.80911108724386,-0.47150136233152,0.331057959460046,-0.75378628983068,0,"large","second","dist.20","dist.20","dist.20",0,1.05876871413957,1.23332042251798,-0.574524092276724,-1.50929728666711,-0.411550717693951,1.14723185861105,0.256764043881684
"2640-97331","2850-57744","2640-97331_2850-57744",1,"CHR",29,"CHR-29","0",0,14.27662498,0,21,0.258064516129032,"CHR_29_1",1,NA,0,4,"no",16.76,9.83579096,18.81945995,79.83333333,0.564019367350756,-2.00209196155345,-1.05591017852521,14.77,24.63866733,20.45419575,84.5,-0.618526992834355,2.80911108724386,-0.47150136233152,0.470920917269582,-0.75378628983068,0,"large","first","dist.20","dist.20","dist.20",0,0.264312881045132,1.23332042251798,-0.574524092276724,-1.50929728666711,-0.411550717693951,1.14723185861105,0.256764043881684
"2640-97331","2850-57745","2640-97331_2850-57745",1,"CHR",29,"CHR-29","0",3,11.9931834,3,8,0.248387096774194,"CHR_29_1",1,NA,0,4,"no",16.76,9.83579096,18.81945995,79.83333333,0.564019367350756,-2.00209196155345,-1.05591017852521,16.33,11.89491525,19.28173812,85,-0.558789979435893,-0.464718413425676,-0.711182356121742,0.144337084893065,0.0522426141466809,0,"large","first","dist.20","dist.20","dist.20",0,0.145144506080975,1.23332042251798,-0.574524092276724,-1.50929728666711,NA,NA,NA
"2640-97331","2850-57745","2640-97331_2850-57745",2,"CHR",27,"CHR-27","0",10,12.58730193,4,-5,0.308243727598566,"CHR_27_2",1,NA,0,4,"no",16.76,9.83579096,18.81945995,79.83333333,0.564019367350756,-2.00209196155345,-1.05591017852521,16.33,11.89491525,19.28173812,85,-0.558789979435893,-0.464718413425676,-0.711182356121742,0.22930948274758,0.320918915472468,0,"large","second","dist.20","dist.20","dist.20",0,0.882222973451914,1.23332042251798,-0.574524092276724,-1.50929728666711,NA,NA,NA
"2640-97331","2850-57806","2640-97331_2850-57806",1,"CHR",29,"CHR-29","0",11,6.598714514,11,0,0.22258064516129,"CHR_29_1",1,NA,0,4,"no",16.76,9.83579096,18.81945995,79.83333333,0.564019367350756,-2.00209196155345,-1.05591017852521,15.88,11.25502825,14.26422898,83.83333333,-0.698176344430552,-0.62910335473214,-1.73689240845576,-0.627194071347752,2.20165302475298,0,"large","first","dist.10","dist.10","dist.10",0,-0.172637827156808,1.23332042251798,-0.574524092276724,-1.50929728666711,0.224690642671068,-0.312822534834813,0.766781208645738
"2640-97331","2850-57806","2640-97331_2850-57806",2,"CHR",27,"CHR-27","0",11,8.69850265090909,6,4,0.301075268817204,"CHR_27_2",1,NA,0,4,"no",16.76,9.83579096,18.81945995,79.83333333,0.564019367350756,-2.00209196155345,-1.05591017852521,15.88,11.25502825,14.26422898,83.83333333,-0.698176344430552,-0.62910335473214,-1.73689240845576,-0.326876838388144,0.858271518124042,0,"large","second","dist.10","dist.10","dist.10",0,0.793950103108087,1.23332042251798,-0.574524092276724,-1.50929728666711,0.224690642671068,-0.312822534834813,0.766781208645738
"2640-97331","2850-57881","2640-97331_2850-57881",1,"CHR",29,"CHR-29","0",6,3.021301671,6,5,0.238709677419355,"CHR_29_1",1,NA,0,4,"no",16.76,9.83579096,18.81945995,79.83333333,0.564019367350756,-2.00209196155345,-1.05591017852521,16.55,11.73463277,21.93833167,84.83333333,-0.578702317633627,-0.50589447430401,-0.16810517715307,-1.13884508379008,0.858271518124042,0,"large","first","dist.05","dist.05","dist.10",0,0.0259761311168068,1.23332042251798,-0.574524092276724,-1.50929728666711,-0.835711625452285,0.553081751767378,1.79200900661347
"2640-97331","2850-57881","2640-97331_2850-57881",2,"CHR",27,"CHR-27","0",10,3.332676517,0,14,0.32258064516129,"CHR_27_2",1,NA,0,4,"no",16.76,9.83579096,18.81945995,79.83333333,0.564019367350756,-2.00209196155345,-1.05591017852521,16.55,11.73463277,21.93833167,84.83333333,-0.578702317633627,-0.50589447430401,-0.16810517715307,-1.09431143274203,-0.75378628983068,0,"large","second","dist.05","dist.05","dist.10",0,1.05876871413957,1.23332042251798,-0.574524092276724,-1.50929728666711,-0.835711625452285,0.553081751767378,1.79200900661347
"2640-97358","2640-97588","2640-97358_2640-97588",1,"CHR",32,"CHR-32","0",10,12.6552842,10,1,0.138709677419355,"CHR_32_1",1,NA,0,5,"no",16.83,13.77641409,19.740555,73,-1.17504035013197,-0.720064302121302,-0.918055636034195,18.7,11.85018943,14.45612662,87,-0.319841925842042,-0.476208334764261,-1.69766351362466,0.239032486158184,1.93297672342719,0,"large","first","dist.20","dist.20","dist.20",0,-1.20543041017957,0.158054181345658,-0.704016229851986,0.0991047285683272,0.224690642671068,-0.0934822025987468,-1.95280566010936
"2640-97358","2640-97588","2640-97358_2640-97588",3,"CHR",32,"CHR-32","0",2,12.6552842,0,-41,0.0362903225806452,"CHR_32_3",1,NA,0,2,"no",16.83,13.77641409,19.740555,73,-1.17504035013197,-0.720064302121302,-0.918055636034195,18.7,11.85018943,14.45612662,87,-0.319841925842042,-0.476208334764261,-1.69766351362466,0.239032486158184,-0.75378628983068,0,"large","second","dist.20","dist.20","dist.20",0,-2.46662904521698,0.158054181345658,-0.704016229851986,0.0991047285683272,0.224690642671068,-0.0934822025987468,-1.95280566010936
"2640-97358","2640-97589","2640-97358_2640-97589",1,"CHR",32,"CHR-32","0",8,1.577070176,8,3,0.145161290322581,"CHR_32_1",1,NA,0,5,"no",16.83,13.77641409,19.740555,73,-1.17504035013197,-0.720064302121302,-0.918055636034195,16.1,11.8153556,16.91354271,99.66666667,1.19349574731726,-0.485157035237985,-1.19530341502793,-1.3454028782207,1.39562412077562,0,"large","first","dist.05","dist.05","dist.10",0,-1.12598482687012,0.158054181345658,-0.704016229851986,0.0991047285683272,0.98818027510909,-0.478534822267752,-0.867541507603602
"2640-97358","2640-97589","2640-97358_2640-97589",3,"CHR",32,"CHR-32","0",5,1.577070176,0,-38,0.0362903225806452,"CHR_32_3",1,NA,0,2,"no",16.83,13.77641409,19.740555,73,-1.17504035013197,-0.720064302121302,-0.918055636034195,16.1,11.8153556,16.91354271,99.66666667,1.19349574731726,-0.485157035237985,-1.19530341502793,-1.3454028782207,-0.75378628983068,0,"large","second","dist.05","dist.05","dist.10",0,-2.46662904521698,0.158054181345658,-0.704016229851986,0.0991047285683272,0.98818027510909,-0.478534822267752,-0.867541507603602
"2640-97358","2811-83208","2640-97358_2811-83208",3,"CHR",32,"CHR-32","0",9,15.89371749,0,-23,0.0362903225806452,"CHR_32_3",1,NA,0,2,"no",16.83,13.77641409,19.740555,73,-1.17504035013197,-0.720064302121302,-0.918055636034195,16.9,18.73416916,21.00459455,87,-0.319841925842042,1.29226422972124,-0.358985457287731,0.702201749610018,-0.75378628983068,0,"large","second","dist.20","dist.20","dist.20",0,-2.46662904521698,0.158054181345658,-0.704016229851986,0.0991047285683272,-0.411550717693951,-0.159665267146272,1.94192717350385
"2640-97358","2811-83208","2640-97358_2811-83208",1,"CHR",32,"CHR-32","0",0,15.89371749,0,18,0.170967741935484,"CHR_32_1",1,NA,0,5,"no",16.83,13.77641409,19.740555,73,-1.17504035013197,-0.720064302121302,-0.918055636034195,16.9,18.73416916,21.00459455,87,-0.319841925842042,1.29226422972124,-0.358985457287731,0.702201749610018,-0.75378628983068,0,"large","first","dist.20","dist.20","dist.20",0,-0.80820249363235,0.158054181345658,-0.704016229851986,0.0991047285683272,-0.411550717693951,-0.159665267146272,1.94192717350385
"2640-97358","2850-57567","2640-97358_2850-57567",1,"CHR",32,"CHR-32","0",0,9.48243736,0,16,0.170967741935484,"CHR_32_1",1,NA,0,5,"no",16.83,13.77641409,19.740555,73,-1.17504035013197,-0.720064302121302,-0.918055636034195,16.6,10.56012296,26.35612994,102.1666667,1.49218081789379,-0.807622320284185,0.735008293751907,-0.214756430373203,-0.75378628983068,0,"large","first","dist.10","dist.10","dist.10",0,-0.80820249363235,0.158054181345658,-0.704016229851986,0.0991047285683272,-1.17504035013197,0.922800644787313,-0.818227574717981
"2640-97358","2850-57567","2640-97358_2850-57567",3,"CHR",32,"CHR-32","0",0,9.48243736,0,-74,0.0362903225806452,"CHR_32_3",1,NA,0,2,"no",16.83,13.77641409,19.740555,73,-1.17504035013197,-0.720064302121302,-0.918055636034195,16.6,10.56012296,26.35612994,102.1666667,1.49218081789379,-0.807622320284185,0.735008293751907,-0.214756430373203,-0.75378628983068,0,"large","second","dist.10","dist.10","dist.10",0,-2.46662904521698,0.158054181345658,-0.704016229851986,0.0991047285683272,-1.17504035013197,0.922800644787313,-0.818227574717981
"2640-97358","2850-57570","2640-97358_2850-57570",1,"CHR",32,"CHR-32","0",0,6.668909987,0,28,0.170967741935484,"CHR_32_1",1,NA,0,5,"no",16.83,13.77641409,19.740555,73,-1.17504035013197,-0.720064302121302,-0.918055636034195,16.51,16.84077767,23.06811898,90,0.038580154548733,0.805857959623855,0.0628528876022267,-0.617154529811584,-0.75378628983068,0,"large","first","dist.10","dist.10","dist.10",0,-0.80820249363235,0.158054181345658,-0.704016229851986,0.0991047285683272,-0.157054173547943,-1.42571858026568,-1.08665491345185
"2640-97358","2850-57570","2640-97358_2850-57570",3,"CHR",32,"CHR-32","0",0,9.343164629,0,-42,0.0362903225806452,"CHR_32_3",1,NA,0,2,"no",16.83,13.77641409,19.740555,73,-1.17504035013197,-0.720064302121302,-0.918055636034195,16.51,16.84077767,23.06811898,90,0.038580154548733,0.805857959623855,0.0628528876022267,-0.234675583389382,-0.75378628983068,0,"large","second","dist.10","dist.10","dist.10",0,-2.46662904521698,0.158054181345658,-0.704016229851986,0.0991047285683272,-0.157054173547943,-1.42571858026568,-1.08665491345185
"2640-97358","2850-57577","2640-97358_2850-57577",3,"CHR",32,"CHR-32","0",9,14.14510354,0,-13,0.0362903225806452,"CHR_32_3",1,NA,0,2,"no",16.83,13.77641409,19.740555,73,-1.17504035013197,-0.720064302121302,-0.918055636034195,18.2,20.92472416,28.83623131,90.83333333,0.138141843147924,1.85501086327307,1.24200585669334,0.452110374319375,-0.75378628983068,0,"large","second","dist.20","dist.20","dist.20",0,-2.46662904521698,0.158054181345658,-0.704016229851986,0.0991047285683272,-0.666047261839958,0.264789915692027,-0.462001728113777
"2640-97358","2850-57577","2640-97358_2850-57577",1,"CHR",32,"CHR-32","0",0,13.66075475,0,28,0.170967741935484,"CHR_32_1",1,NA,0,5,"no",16.83,13.77641409,19.740555,73,-1.17504035013197,-0.720064302121302,-0.918055636034195,18.2,20.92472416,28.83623131,90.83333333,0.138141843147924,1.85501086327307,1.24200585669334,0.382837533958323,-0.75378628983068,0,"large","first","dist.20","dist.20","dist.20",0,-0.80820249363235,0.158054181345658,-0.704016229851986,0.0991047285683272,-0.666047261839958,0.264789915692027,-0.462001728113777
"2640-97358","2850-57578","2640-97358_2850-57578",3,"CHR",32,"CHR-32","0",9,2.895473875,0,-16,0.0362903225806452,"CHR_32_3",1,NA,0,2,"no",16.83,13.77641409,19.740555,73,-1.17504035013197,-0.720064302121302,-0.918055636034195,17.2,10.81633932,15.67680791,91.5,0.217791194744121,-0.741801149826969,-1.44812434290995,-1.15684130677082,-0.75378628983068,0,"large","second","dist.05","dist.05","dist.10",0,-2.46662904521698,0.158054181345658,-0.704016229851986,0.0991047285683272,0.0550262790587415,1.59216462744548,-0.0904874492207969
"2640-97358","2850-57578","2640-97358_2850-57578",1,"CHR",32,"CHR-32","0",0,2.895473875,0,24,0.170967741935484,"CHR_32_1",1,NA,0,5,"no",16.83,13.77641409,19.740555,73,-1.17504035013197,-0.720064302121302,-0.918055636034195,17.2,10.81633932,15.67680791,91.5,0.217791194744121,-0.741801149826969,-1.44812434290995,-1.15684130677082,-0.75378628983068,0,"large","first","dist.05","dist.05","dist.10",0,-0.80820249363235,0.158054181345658,-0.704016229851986,0.0991047285683272,0.0550262790587415,1.59216462744548,-0.0904874492207969
"2640-97358","2850-57579","2640-97358_2850-57579",1,"CHR",32,"CHR-32","0",0,4.854405069,0,11,0.170967741935484,"CHR_32_1",1,NA,0,5,"no",16.83,13.77641409,19.740555,73,-1.17504035013197,-0.720064302121302,-0.918055636034195,16.3,11.31949153,24.77905949,93.5,0.456739248337971,-0.612542942504321,0.412613860843324,-0.876669804989536,-0.75378628983068,0,"large","first","dist.05","dist.05","dist.10",0,-0.80820249363235,0.158054181345658,-0.704016229851986,0.0991047285683272,0.394355006283394,0.252942547897877,-0.257226498974273
"2640-97358","2850-57579","2640-97358_2850-57579",3,"CHR",32,"CHR-32","0",0,6.192228038,0,-54,0.0362903225806452,"CHR_32_3",1,NA,0,2,"no",16.83,13.77641409,19.740555,73,-1.17504035013197,-0.720064302121302,-0.918055636034195,16.3,11.31949153,24.77905949,93.5,0.456739248337971,-0.612542942504321,0.412613860843324,-0.685330838368218,-0.75378628983068,0,"large","second","dist.10","dist.10","dist.10",0,-2.46662904521698,0.158054181345658,-0.704016229851986,0.0991047285683272,0.394355006283394,0.252942547897877,-0.257226498974273
"2640-97358","2850-57580","2640-97358_2850-57580",1,"CHR",32,"CHR-32","0",0,10.73150544,0,19,0.170967741935484,"CHR_32_1",1,NA,0,5,"no",16.83,13.77641409,19.740555,73,-1.17504035013197,-0.720064302121302,-0.918055636034195,16.2,9.142844799,27.48113161,87.83333333,-0.220280237242851,-1.17171658585126,0.964988048569367,-0.0361114218744193,-0.75378628983068,0,"large","first","dist.20","dist.20","dist.20",0,-0.80820249363235,0.158054181345658,-0.704016229851986,0.0991047285683272,0.564019367350756,0.594981908524202,0.613110506001452
"2640-97358","2850-57580","2640-97358_2850-57580",3,"CHR",32,"CHR-32","0",0,10.73150544,0,-71,0.0362903225806452,"CHR_32_3",1,NA,0,2,"no",16.83,13.77641409,19.740555,73,-1.17504035013197,-0.720064302121302,-0.918055636034195,16.2,9.142844799,27.48113161,87.83333333,-0.220280237242851,-1.17171658585126,0.964988048569367,-0.0361114218744193,-0.75378628983068,0,"large","second","dist.20","dist.20","dist.20",0,-2.46662904521698,0.158054181345658,-0.704016229851986,0.0991047285683272,0.564019367350756,0.594981908524202,0.613110506001452
"2640-97358","2850-57581","2640-97358_2850-57581",1,"CHR",32,"CHR-32","0",2,10.64783291,2,9,0.164516129032258,"CHR_32_1",1,NA,0,5,"no",16.83,13.77641409,19.740555,73,-1.17504035013197,-0.720064302121302,-0.918055636034195,15.5,12.5018158,18.94245264,82.5,-0.857475046428205,-0.308807586528723,-0.780541178943333,-0.0480784876191181,-0.216433687179106,0,"large","first","dist.20","dist.20","dist.20",0,-0.887648076941795,0.158054181345658,-0.704016229851986,0.0991047285683272,-0.920543805985966,0.0923616887128494,-0.0652425713766268
"2640-97358","2850-57581","2640-97358_2850-57581",3,"CHR",32,"CHR-32","0",9,12.48987977,0,-32,0.0362903225806452,"CHR_32_3",1,NA,0,2,"no",16.83,13.77641409,19.740555,73,-1.17504035013197,-0.720064302121302,-0.918055636034195,15.5,12.5018158,18.94245264,82.5,-0.857475046428205,-0.308807586528723,-0.780541178943333,0.215375908685572,-0.75378628983068,0,"large","second","dist.20","dist.20","dist.20",0,-2.46662904521698,0.158054181345658,-0.704016229851986,0.0991047285683272,-0.920543805985966,0.0923616887128494,-0.0652425713766268
"2640-97358","2850-57589","2640-97358_2850-57589",3,"CHR",32,"CHR-32","0",9,6.682175434,0,-22,0.0362903225806452,"CHR_32_3",1,NA,0,2,"no",16.83,13.77641409,19.740555,73,-1.17504035013197,-0.720064302121302,-0.918055636034195,17.5,12.65077601,16.92662014,97,0.874898342127209,-0.270540180912031,-1.19263004642303,-0.615257270622914,-0.75378628983068,0,"large","second","dist.10","dist.10","dist.10",0,-2.46662904521698,0.158054181345658,-0.704016229851986,0.0991047285683272,0.394355006283394,-0.220209818057244,-0.7238327207249
"2640-97358","2850-57589","2640-97358_2850-57589",1,"CHR",32,"CHR-32","0",0,5.352451183,0,15,0.170967741935484,"CHR_32_1",1,NA,0,5,"no",16.83,13.77641409,19.740555,73,-1.17504035013197,-0.720064302121302,-0.918055636034195,17.5,12.65077601,16.92662014,97,0.874898342127209,-0.270540180912031,-1.19263004642303,-0.805437937253138,-0.75378628983068,0,"large","first","dist.10","dist.10","dist.10",0,-0.80820249363235,0.158054181345658,-0.704016229851986,0.0991047285683272,0.394355006283394,-0.220209818057244,-0.7238327207249
"2640-97358","2850-57620","2640-97358_2850-57620",3,"CHR",32,"CHR-32","0",9,5.510588776,0,-23,0.0362903225806452,"CHR_32_3",1,NA,0,2,"no",16.83,13.77641409,19.740555,73,-1.17504035013197,-0.720064302121302,-0.918055636034195,18.2,8.903889997,21.60838485,87,-0.319841925842042,-1.2331033167923,-0.235554933708899,-0.782820681958725,-0.75378628983068,0,"large","second","dist.10","dist.10","dist.10",0,-2.46662904521698,0.158054181345658,-0.704016229851986,0.0991047285683272,-1.04779207805897,-0.519894914297499,-0.347422909026337
"2640-97358","2850-57620","2640-97358_2850-57620",1,"CHR",32,"CHR-32","0",0,5.510588776,0,18,0.170967741935484,"CHR_32_1",1,NA,0,5,"no",16.83,13.77641409,19.740555,73,-1.17504035013197,-0.720064302121302,-0.918055636034195,18.2,8.903889997,21.60838485,87,-0.319841925842042,-1.2331033167923,-0.235554933708899,-0.782820681958725,-0.75378628983068,0,"large","first","dist.10","dist.10","dist.10",0,-0.80820249363235,0.158054181345658,-0.704016229851986,0.0991047285683272,-1.04779207805897,-0.519894914297499,-0.347422909026337
"2640-97358","2850-57647","2640-97358_2850-57647",3,"CHR",32,"CHR-32","0",9,1.783308813,0,-13,0.0362903225806452,"CHR_32_3",1,NA,0,2,"no",16.83,13.77641409,19.740555,73,-1.17504035013197,-0.720064302121302,-0.918055636034195,15.8,12.89783981,28.1838767,85.83333333,-0.459228290836701,-0.207070274097309,1.10864751842364,-1.31590608485164,-0.75378628983068,0,"large","second","dist.05","dist.05","dist.10",0,-2.46662904521698,0.158054181345658,-0.704016229851986,0.0991047285683272,2.30307908737845,-0.324477446700752,0.908946604529733
"2640-97358","2850-57647","2640-97358_2850-57647",1,"CHR",32,"CHR-32","0",0,1.783308813,0,23,0.170967741935484,"CHR_32_1",1,NA,0,5,"no",16.83,13.77641409,19.740555,73,-1.17504035013197,-0.720064302121302,-0.918055636034195,15.8,12.89783981,28.1838767,85.83333333,-0.459228290836701,-0.207070274097309,1.10864751842364,-1.31590608485164,-0.75378628983068,0,"large","first","dist.05","dist.05","dist.10",0,-0.80820249363235,0.158054181345658,-0.704016229851986,0.0991047285683272,2.30307908737845,-0.324477446700752,0.908946604529733
"2640-97358","2850-57653","2640-97358_2850-57653",3,"CHR",32,"CHR-32","0",4,15.78636065,0,-39,0.0362903225806452,"CHR_32_3",1,NA,0,2,"no",16.83,13.77641409,19.740555,73,-1.17504035013197,-0.720064302121302,-0.918055636034195,16.37,8.467490861,27.15053506,78,-1.39510816701437,-1.34521287106915,0.897405470214174,0.686847291433325,-0.75378628983068,0,"large","second","dist.20","dist.20","dist.20",0,-2.46662904521698,0.158054181345658,-0.704016229851986,0.0991047285683272,0.182274551131745,-1.12841701146077,0.110874711490428
"2640-97358","2850-57653","2640-97358_2850-57653",1,"CHR",32,"CHR-32","0",0,13.61310389,0,18,0.170967741935484,"CHR_32_1",1,NA,0,5,"no",16.83,13.77641409,19.740555,73,-1.17504035013197,-0.720064302121302,-0.918055636034195,16.37,8.467490861,27.15053506,78,-1.39510816701437,-1.34521287106915,0.897405470214174,0.376022382385741,-0.75378628983068,0,"large","first","dist.20","dist.20","dist.20",0,-0.80820249363235,0.158054181345658,-0.704016229851986,0.0991047285683272,0.182274551131745,-1.12841701146077,0.110874711490428
"2640-97358","2850-57669","2640-97358_2850-57669",3,"CHR",32,"CHR-32","0",9,2.937468205,0,-18,0.0362903225806452,"CHR_32_3",1,NA,0,2,"no",16.83,13.77641409,19.740555,73,-1.17504035013197,-0.720064302121302,-0.918055636034195,17.82,14.07982054,27.72719176,89.66666667,-0.0012445206519955,0.0965768275416075,1.01528917653778,-1.15083516702562,-0.75378628983068,0,"large","second","dist.05","dist.05","dist.10",0,-2.46662904521698,0.158054181345658,-0.704016229851986,0.0991047285683272,NA,NA,NA
"2640-97358","2850-57669","2640-97358_2850-57669",1,"CHR",32,"CHR-32","0",0,2.99327368,0,18,0.170967741935484,"CHR_32_1",1,NA,0,5,"no",16.83,13.77641409,19.740555,73,-1.17504035013197,-0.720064302121302,-0.918055636034195,17.82,14.07982054,27.72719176,89.66666667,-0.0012445206519955,0.0965768275416075,1.01528917653778,-1.1428537209257,-0.75378628983068,0,"large","first","dist.05","dist.05","dist.10",0,-0.80820249363235,0.158054181345658,-0.704016229851986,0.0991047285683272,NA,NA,NA
"2640-97358","2850-57671","2640-97358_2850-57671",1,"CHR",32,"CHR-32","0",0,15.5412171,0,22,0.170967741935484,"CHR_32_1",1,NA,0,5,"no",16.83,13.77641409,19.740555,73,-1.17504035013197,-0.720064302121302,-0.918055636034195,17.53,16.28350449,28.84180791,75.83333333,-1.65396855880595,0.662696246718346,1.24314585953504,0.651786214880018,-0.75378628983068,0,"large","first","dist.20","dist.20","dist.20",0,-0.80820249363235,0.158054181345658,-0.704016229851986,0.0991047285683272,0.606435458890079,1.16785270969026,0.187430780520441
"2640-97358","2850-57671","2640-97358_2850-57671",3,"CHR",32,"CHR-32","0",0,15.5412171,0,-68,0.0362903225806452,"CHR_32_3",1,NA,0,2,"no",16.83,13.77641409,19.740555,73,-1.17504035013197,-0.720064302121302,-0.918055636034195,17.53,16.28350449,28.84180791,75.83333333,-1.65396855880595,0.662696246718346,1.24314585953504,0.651786214880018,-0.75378628983068,0,"large","second","dist.20","dist.20","dist.20",0,-2.46662904521698,0.158054181345658,-0.704016229851986,0.0991047285683272,0.606435458890079,1.16785270969026,0.187430780520441
"2640-97358","2850-57733","2640-97358_2850-57733",3,"CHR",32,"CHR-32","0",9,8.027254901,9,-1,0,"CHR_32_3",1,NA,0,2,"no",16.83,13.77641409,19.740555,73,-1.17504035013197,-0.720064302121302,-0.918055636034195,15.66,14.84394317,20.45213858,102,1.47226847611183,0.292877508261001,-0.471921901664779,-0.422880460534423,1.6643004221014,0,"large","second","dist.10","dist.10","dist.10",0,-2.9135104513326,0.158054181345658,-0.704016229851986,0.0991047285683272,0.606435458890079,-1.12204057333336,-0.450386497816471
"2640-97358","2850-57733","2640-97358_2850-57733",1,"CHR",32,"CHR-32","0",0,8.180056395,0,43,0.170967741935484,"CHR_32_1",1,NA,0,5,"no",16.83,13.77641409,19.740555,73,-1.17504035013197,-0.720064302121302,-0.918055636034195,15.66,14.84394317,20.45213858,102,1.47226847611183,0.292877508261001,-0.471921901664779,-0.401026388181332,-0.75378628983068,0,"large","first","dist.10","dist.10","dist.10",0,-0.80820249363235,0.158054181345658,-0.704016229851986,0.0991047285683272,0.606435458890079,-1.12204057333336,-0.450386497816471
"2640-97358","2850-57742","2640-97358_2850-57742",1,"CHR",32,"CHR-32","0",3,4.44740581,3,8,0.161290322580645,"CHR_32_1",1,NA,0,5,"no",16.83,13.77641409,19.740555,73,-1.17504035013197,-0.720064302121302,-0.918055636034195,16.98,13.00562645,26.1463443,93,0.397002234939508,-0.179380228057897,0.692122624034258,-0.934879911586011,0.0522426141466809,0,"large","first","dist.05","dist.05","dist.10",0,-0.927370868596519,0.158054181345658,-0.704016229851986,0.0991047285683272,0.564019367350756,-0.96234197733198,-0.610003960994292
"2640-97358","2850-57742","2640-97358_2850-57742",3,"CHR",32,"CHR-32","0",7,4.608725363,0,-36,0.0362903225806452,"CHR_32_3",1,NA,0,2,"no",16.83,13.77641409,19.740555,73,-1.17504035013197,-0.720064302121302,-0.918055636034195,16.98,13.00562645,26.1463443,93,0.397002234939508,-0.179380228057897,0.692122624034258,-0.911807563986907,-0.75378628983068,0,"large","second","dist.05","dist.05","dist.10",0,-2.46662904521698,0.158054181345658,-0.704016229851986,0.0991047285683272,0.564019367350756,-0.96234197733198,-0.610003960994292
"2640-97358","2850-57744","2640-97358_2850-57744",3,"CHR",32,"CHR-32","0",9,12.97113301,0,-12,0.0362903225806452,"CHR_32_3",1,NA,0,2,"no",16.83,13.77641409,19.740555,73,-1.17504035013197,-0.720064302121302,-0.918055636034195,14.77,24.63866733,20.45419575,84.5,-0.618526992834355,2.80911108724386,-0.47150136233152,0.284206015327852,-0.75378628983068,0,"large","second","dist.20","dist.20","dist.20",0,-2.46662904521698,0.158054181345658,-0.704016229851986,0.0991047285683272,-0.411550717693951,1.14723185861105,0.256764043881684
"2640-97358","2850-57744","2640-97358_2850-57744",1,"CHR",32,"CHR-32","0",0,12.97113301,0,26,0.170967741935484,"CHR_32_1",1,NA,0,5,"no",16.83,13.77641409,19.740555,73,-1.17504035013197,-0.720064302121302,-0.918055636034195,14.77,24.63866733,20.45419575,84.5,-0.618526992834355,2.80911108724386,-0.47150136233152,0.284206015327852,-0.75378628983068,0,"large","first","dist.20","dist.20","dist.20",0,-0.80820249363235,0.158054181345658,-0.704016229851986,0.0991047285683272,-0.411550717693951,1.14723185861105,0.256764043881684
"2640-97358","2850-57745","2640-97358_2850-57745",1,"CHR",32,"CHR-32","0",0,12.90294043,0,13,0.170967741935484,"CHR_32_1",1,NA,0,5,"no",16.83,13.77641409,19.740555,73,-1.17504035013197,-0.720064302121302,-0.918055636034195,16.33,11.89491525,19.28173812,85,-0.558789979435893,-0.464718413425676,-0.711182356121742,0.274452932826813,-0.75378628983068,0,"large","first","dist.20","dist.20","dist.20",0,-0.80820249363235,0.158054181345658,-0.704016229851986,0.0991047285683272,NA,NA,NA
"2640-97358","2850-57745","2640-97358_2850-57745",3,"CHR",32,"CHR-32","0",0,12.35367069,0,-42,0.0362903225806452,"CHR_32_3",1,NA,0,2,"no",16.83,13.77641409,19.740555,73,-1.17504035013197,-0.720064302121302,-0.918055636034195,16.33,11.89491525,19.28173812,85,-0.558789979435893,-0.464718413425676,-0.711182356121742,0.195894927109123,-0.75378628983068,0,"large","second","dist.20","dist.20","dist.20",0,-2.46662904521698,0.158054181345658,-0.704016229851986,0.0991047285683272,NA,NA,NA
"2640-97358","2850-57806","2640-97358_2850-57806",1,"CHR",32,"CHR-32","0",6,7.493744191,6,5,0.151612903225806,"CHR_32_1",1,NA,0,5,"no",16.83,13.77641409,19.740555,73,-1.17504035013197,-0.720064302121302,-0.918055636034195,15.88,11.25502825,14.26422898,83.83333333,-0.698176344430552,-0.62910335473214,-1.73689240845576,-0.499184568251388,0.858271518124042,0,"large","first","dist.10","dist.10","dist.10",0,-1.04653924356069,0.158054181345658,-0.704016229851986,0.0991047285683272,0.224690642671068,-0.312822534834813,0.766781208645738
"2640-97358","2850-57806","2640-97358_2850-57806",3,"CHR",32,"CHR-32","0",9,9.22669082,0,-33,0.0362903225806452,"CHR_32_3",1,NA,0,2,"no",16.83,13.77641409,19.740555,73,-1.17504035013197,-0.720064302121302,-0.918055636034195,15.88,11.25502825,14.26422898,83.83333333,-0.698176344430552,-0.62910335473214,-1.73689240845576,-0.251333974498608,-0.75378628983068,0,"large","second","dist.10","dist.10","dist.10",0,-2.46662904521698,0.158054181345658,-0.704016229851986,0.0991047285683272,0.224690642671068,-0.312822534834813,0.766781208645738
"2640-97358","2850-57808","2640-97358_2850-57808",1,"CHR",32,"CHR-32","0",6,2.113967997,6,5,0.151612903225806,"CHR_32_1",1,"ep_same",1,5,"yes",16.83,13.77641409,19.740555,73,-1.17504035013197,-0.720064302121302,-0.918055636034195,17.44,11.46748421,15.37756564,100,1.23332042251798,-0.574524092276724,-1.50929728666711,-1.26861433696238,0.858271518124042,1,"large","first","dist.05","dist.05","dist.10",0.2,-1.04653924356069,0.158054181345658,-0.704016229851986,0.0991047285683272,0.564019367350756,-2.00209196155345,-1.05591017852521
"2640-97358","2850-57808","2640-97358_2850-57808",3,"CHR",32,"CHR-32","0",5,2.045060714,0,-37,0.0362903225806452,"CHR_32_3",1,NA,0,2,"no",16.83,13.77641409,19.740555,73,-1.17504035013197,-0.720064302121302,-0.918055636034195,17.44,11.46748421,15.37756564,100,1.23332042251798,-0.574524092276724,-1.50929728666711,-1.27846963816996,-0.75378628983068,0,"large","second","dist.05","dist.05","dist.10",0,-2.46662904521698,0.158054181345658,-0.704016229851986,0.0991047285683272,0.564019367350756,-2.00209196155345,-1.05591017852521
"2640-97358","2850-57881","2640-97358_2850-57881",1,"CHR",32,"CHR-32","0",1,5.112140496,1,10,0.167741935483871,"CHR_32_1",1,NA,0,5,"no",16.83,13.77641409,19.740555,73,-1.17504035013197,-0.720064302121302,-0.918055636034195,16.55,11.73463277,21.93833167,84.83333333,-0.578702317633627,-0.50589447430401,-0.16810517715307,-0.839807805004033,-0.485109988504893,0,"large","first","dist.10","dist.10","dist.10",0,-0.847925285287072,0.158054181345658,-0.704016229851986,0.0991047285683272,-0.835711625452285,0.553081751767378,1.79200900661347
"2640-97358","2850-57881","2640-97358_2850-57881",3,"CHR",32,"CHR-32","0",9,5.064903298,0,-23,0.0362903225806452,"CHR_32_3",1,NA,0,2,"no",16.83,13.77641409,19.740555,73,-1.17504035013197,-0.720064302121302,-0.918055636034195,16.55,11.73463277,21.93833167,84.83333333,-0.578702317633627,-0.50589447430401,-0.16810517715307,-0.846563793547242,-0.75378628983068,0,"large","second","dist.10","dist.10","dist.10",0,-2.46662904521698,0.158054181345658,-0.704016229851986,0.0991047285683272,-0.835711625452285,0.553081751767378,1.79200900661347
"2811-38984","2640-97588","2811-38984_2640-97588",1,"CHR",102,"CHR-102","0",11,11.64241472,9,-2,0.2,"CHR_102_1",1,NA,0,3,"no",15.8,14.51881356,20.07807245,81.5,0.98818027510909,-0.478534822267752,-0.867541507603602,18.7,11.85018943,14.45612662,87,-0.319841925842042,-0.476208334764261,-1.69766351362466,0.0941692238908792,1.6643004221014,0,"large","first","dist.20","dist.20","dist.20",0,-0.450697368739856,1.19349574731726,-0.485157035237985,-1.19530341502793,0.224690642671068,-0.0934822025987468,-1.95280566010936
"2811-38984","2640-97588","2811-38984_2640-97588",2,"CHR",102,"CHR-102","0",11,11.64241472,8,-3,0.293548387096774,"CHR_102_2",1,NA,0,4,"no",15.8,14.51881356,20.07807245,81.5,0.98818027510909,-0.478534822267752,-0.867541507603602,18.7,11.85018943,14.45612662,87,-0.319841925842042,-0.476208334764261,-1.69766351362466,0.0941692238908792,1.39562412077562,0,"large","second","dist.20","dist.20","dist.20",0,0.701263589247072,1.19349574731726,-0.485157035237985,-1.19530341502793,0.224690642671068,-0.0934822025987468,-1.95280566010936
"2811-38984","2811-83208","2811-38984_2811-83208",2,"CHR",102,"CHR-102","0",11,16.60092687,0,15,0.319354838709677,"CHR_102_2",1,NA,0,4,"no",15.8,14.51881356,20.07807245,81.5,0.98818027510909,-0.478534822267752,-0.867541507603602,16.9,18.73416916,21.00459455,87,-0.319841925842042,1.29226422972124,-0.358985457287731,0.803348698862392,-0.75378628983068,0,"large","second","dist.20","dist.20","dist.20",0,1.01904592248484,1.19349574731726,-0.485157035237985,-1.19530341502793,-0.411550717693951,-0.159665267146272,1.94192717350385
"2811-38984","2811-83208","2811-38984_2811-83208",1,"CHR",102,"CHR-102","0",0,16.60092687,0,15,0.229032258064516,"CHR_102_1",1,NA,0,3,"no",15.8,14.51881356,20.07807245,81.5,0.98818027510909,-0.478534822267752,-0.867541507603602,16.9,18.73416916,21.00459455,87,-0.319841925842042,1.29226422972124,-0.358985457287731,0.803348698862392,-0.75378628983068,0,"large","first","dist.20","dist.20","dist.20",0,-0.093192243847362,1.19349574731726,-0.485157035237985,-1.19530341502793,-0.411550717693951,-0.159665267146272,1.94192717350385
"2811-38984","2850-57567","2811-38984_2850-57567",2,"CHR",102,"CHR-102","0",7,8.313013431,0,-36,0.319354838709677,"CHR_102_2",1,NA,0,4,"no",15.8,14.51881356,20.07807245,81.5,0.98818027510909,-0.478534822267752,-0.867541507603602,16.6,10.56012296,26.35612994,102.1666667,1.49218081789379,-0.807622320284185,0.735008293751907,-0.382010522507947,-0.75378628983068,0,"large","second","dist.10","dist.10","dist.10",0,1.01904592248484,1.19349574731726,-0.485157035237985,-1.19530341502793,-1.17504035013197,0.922800644787313,-0.818227574717981
"2811-38984","2850-57567","2811-38984_2850-57567",1,"CHR",102,"CHR-102","0",0,8.313013431,0,13,0.229032258064516,"CHR_102_1",1,NA,0,3,"no",15.8,14.51881356,20.07807245,81.5,0.98818027510909,-0.478534822267752,-0.867541507603602,16.6,10.56012296,26.35612994,102.1666667,1.49218081789379,-0.807622320284185,0.735008293751907,-0.382010522507947,-0.75378628983068,0,"large","first","dist.10","dist.10","dist.10",0,-0.093192243847362,1.19349574731726,-0.485157035237985,-1.19530341502793,-1.17504035013197,0.922800644787313,-0.818227574717981
"2811-38984","2850-57570","2811-38984_2850-57570",2,"CHR",102,"CHR-102","0",11,8.398125942,6,-4,0.3,"CHR_102_2",1,NA,0,4,"no",15.8,14.51881356,20.07807245,81.5,0.98818027510909,-0.478534822267752,-0.867541507603602,16.51,16.84077767,23.06811898,90,0.038580154548733,0.805857959623855,0.0628528876022267,-0.369837506885814,0.858271518124042,0,"large","second","dist.10","dist.10","dist.10",0,0.780709172556517,1.19349574731726,-0.485157035237985,-1.19530341502793,-0.157054173547943,-1.42571858026568,-1.08665491345185
"2811-38984","2850-57570","2811-38984_2850-57570",1,"CHR",102,"CHR-102","0",0,5.589012772,0,25,0.229032258064516,"CHR_102_1",1,NA,0,3,"no",15.8,14.51881356,20.07807245,81.5,0.98818027510909,-0.478534822267752,-0.867541507603602,16.51,16.84077767,23.06811898,90,0.038580154548733,0.805857959623855,0.0628528876022267,-0.771604275378286,-0.75378628983068,0,"large","first","dist.10","dist.10","dist.10",0,-0.093192243847362,1.19349574731726,-0.485157035237985,-1.19530341502793,-0.157054173547943,-1.42571858026568,-1.08665491345185
"2811-38984","2850-57577","2811-38984_2850-57577",2,"CHR",102,"CHR-102","0",11,13.36803151,0,-24,0.319354838709677,"CHR_102_2",1,NA,0,4,"no",15.8,14.51881356,20.07807245,81.5,0.98818027510909,-0.478534822267752,-0.867541507603602,18.2,20.92472416,28.83623131,90.83333333,0.138141843147924,1.85501086327307,1.24200585669334,0.34097148475339,-0.75378628983068,0,"large","second","dist.20","dist.20","dist.20",0,1.01904592248484,1.19349574731726,-0.485157035237985,-1.19530341502793,-0.666047261839958,0.264789915692027,-0.462001728113777
"2811-38984","2850-57577","2811-38984_2850-57577",1,"CHR",102,"CHR-102","0",0,13.36803151,0,25,0.229032258064516,"CHR_102_1",1,NA,0,3,"no",15.8,14.51881356,20.07807245,81.5,0.98818027510909,-0.478534822267752,-0.867541507603602,18.2,20.92472416,28.83623131,90.83333333,0.138141843147924,1.85501086327307,1.24200585669334,0.34097148475339,-0.75378628983068,0,"large","first","dist.20","dist.20","dist.20",0,-0.093192243847362,1.19349574731726,-0.485157035237985,-1.19530341502793,-0.666047261839958,0.264789915692027,-0.462001728113777
"2811-38984","2850-57578","2811-38984_2850-57578",2,"CHR",102,"CHR-102","0",11,2.609073064,0,22,0.319354838709677,"CHR_102_2",1,NA,0,4,"no",15.8,14.51881356,20.07807245,81.5,0.98818027510909,-0.478534822267752,-0.867541507603602,17.2,10.81633932,15.67680791,91.5,0.217791194744121,-0.741801149826969,-1.44812434290995,-1.19780310551853,-0.75378628983068,0,"large","second","dist.05","dist.05","dist.10",0,1.01904592248484,1.19349574731726,-0.485157035237985,-1.19530341502793,0.0550262790587415,1.59216462744548,-0.0904874492207969
"2811-38984","2850-57578","2811-38984_2850-57578",1,"CHR",102,"CHR-102","0",0,2.609073064,0,21,0.229032258064516,"CHR_102_1",1,NA,0,3,"no",15.8,14.51881356,20.07807245,81.5,0.98818027510909,-0.478534822267752,-0.867541507603602,17.2,10.81633932,15.67680791,91.5,0.217791194744121,-0.741801149826969,-1.44812434290995,-1.19780310551853,-0.75378628983068,0,"large","first","dist.05","dist.05","dist.10",0,-0.093192243847362,1.19349574731726,-0.485157035237985,-1.19530341502793,0.0550262790587415,1.59216462744548,-0.0904874492207969
"2811-38984","2850-57579","2811-38984_2850-57579",1,"CHR",102,"CHR-102","0",3,5.795943745,3,8,0.219354838709677,"CHR_102_1",1,NA,0,3,"no",15.8,14.51881356,20.07807245,81.5,0.98818027510909,-0.478534822267752,-0.867541507603602,16.3,11.31949153,24.77905949,93.5,0.456739248337971,-0.612542942504321,0.412613860843324,-0.742008462289982,0.0522426141466809,0,"large","first","dist.10","dist.10","dist.10",0,-0.212360618811531,1.19349574731726,-0.485157035237985,-1.19530341502793,0.394355006283394,0.252942547897877,-0.257226498974273
"2811-38984","2850-57579","2811-38984_2850-57579",2,"CHR",102,"CHR-102","0",11,7.337925181,0,-16,0.319354838709677,"CHR_102_2",1,NA,0,4,"no",15.8,14.51881356,20.07807245,81.5,0.98818027510909,-0.478534822267752,-0.867541507603602,16.3,11.31949153,24.77905949,93.5,0.456739248337971,-0.612542942504321,0.412613860843324,-0.521470213694927,-0.75378628983068,0,"large","second","dist.10","dist.10","dist.10",0,1.01904592248484,1.19349574731726,-0.485157035237985,-1.19530341502793,0.394355006283394,0.252942547897877,-0.257226498974273
"2811-38984","2850-57580","2811-38984_2850-57580",2,"CHR",102,"CHR-102","0",9,11.50131062,0,-33,0.319354838709677,"CHR_102_2",1,NA,0,4,"no",15.8,14.51881356,20.07807245,81.5,0.98818027510909,-0.478534822267752,-0.867541507603602,16.2,9.142844799,27.48113161,87.83333333,-0.220280237242851,-1.17171658585126,0.964988048569367,0.0739881436540731,-0.75378628983068,0,"large","second","dist.20","dist.20","dist.20",0,1.01904592248484,1.19349574731726,-0.485157035237985,-1.19530341502793,0.564019367350756,0.594981908524202,0.613110506001452
"2811-38984","2850-57580","2811-38984_2850-57580",1,"CHR",102,"CHR-102","0",0,11.50131062,0,16,0.229032258064516,"CHR_102_1",1,NA,0,3,"no",15.8,14.51881356,20.07807245,81.5,0.98818027510909,-0.478534822267752,-0.867541507603602,16.2,9.142844799,27.48113161,87.83333333,-0.220280237242851,-1.17171658585126,0.964988048569367,0.0739881436540731,-0.75378628983068,0,"large","first","dist.20","dist.20","dist.20",0,-0.093192243847362,1.19349574731726,-0.485157035237985,-1.19530341502793,0.564019367350756,0.594981908524202,0.613110506001452
"2811-38984","2850-57581","2811-38984_2850-57581",1,"CHR",102,"CHR-102","0",5,10.69451428,5,6,0.212903225806452,"CHR_102_1",1,NA,0,3,"no",15.8,14.51881356,20.07807245,81.5,0.98818027510909,-0.478534822267752,-0.867541507603602,15.5,12.5018158,18.94245264,82.5,-0.857475046428205,-0.308807586528723,-0.780541178943333,-0.0414019950612546,0.589595216798255,0,"large","first","dist.20","dist.20","dist.20",0,-0.291806202120964,1.19349574731726,-0.485157035237985,-1.19530341502793,-0.920543805985966,0.0923616887128494,-0.0652425713766268
"2811-38984","2850-57581","2811-38984_2850-57581",2,"CHR",102,"CHR-102","0",11,11.5730881118182,5,6,0.303225806451613,"CHR_102_2",1,NA,0,4,"no",15.8,14.51881356,20.07807245,81.5,0.98818027510909,-0.478534822267752,-0.867541507603602,15.5,12.5018158,18.94245264,82.5,-0.857475046428205,-0.308807586528723,-0.780541178943333,0.0842539496907494,0.589595216798255,0,"large","second","dist.20","dist.20","dist.20",0,0.820431964211241,1.19349574731726,-0.485157035237985,-1.19530341502793,-0.920543805985966,0.0923616887128494,-0.0652425713766268
"2811-38984","2850-57589","2811-38984_2850-57589",2,"CHR",102,"CHR-102","0",11,5.705506599,0,16,0.319354838709677,"CHR_102_2",1,NA,0,4,"no",15.8,14.51881356,20.07807245,81.5,0.98818027510909,-0.478534822267752,-0.867541507603602,17.5,12.65077601,16.92662014,97,0.874898342127209,-0.270540180912031,-1.19263004642303,-0.754943021241945,-0.75378628983068,0,"large","second","dist.10","dist.10","dist.10",0,1.01904592248484,1.19349574731726,-0.485157035237985,-1.19530341502793,0.394355006283394,-0.220209818057244,-0.7238327207249
"2811-38984","2850-57589","2811-38984_2850-57589",1,"CHR",102,"CHR-102","0",0,5.705506599,0,12,0.229032258064516,"CHR_102_1",1,NA,0,3,"no",15.8,14.51881356,20.07807245,81.5,0.98818027510909,-0.478534822267752,-0.867541507603602,17.5,12.65077601,16.92662014,97,0.874898342127209,-0.270540180912031,-1.19263004642303,-0.754943021241945,-0.75378628983068,0,"large","first","dist.10","dist.10","dist.10",0,-0.093192243847362,1.19349574731726,-0.485157035237985,-1.19530341502793,0.394355006283394,-0.220209818057244,-0.7238327207249
"2811-38984","2850-57620","2811-38984_2850-57620",2,"CHR",102,"CHR-102","0",11,4.703666967,0,15,0.319354838709677,"CHR_102_2",1,NA,0,4,"no",15.8,14.51881356,20.07807245,81.5,0.98818027510909,-0.478534822267752,-0.867541507603602,18.2,8.903889997,21.60838485,87,-0.319841925842042,-1.2331033167923,-0.235554933708899,-0.898228765581084,-0.75378628983068,0,"large","second","dist.05","dist.05","dist.10",0,1.01904592248484,1.19349574731726,-0.485157035237985,-1.19530341502793,-1.04779207805897,-0.519894914297499,-0.347422909026337
"2811-38984","2850-57620","2811-38984_2850-57620",1,"CHR",102,"CHR-102","0",0,4.703666967,0,15,0.229032258064516,"CHR_102_1",1,NA,0,3,"no",15.8,14.51881356,20.07807245,81.5,0.98818027510909,-0.478534822267752,-0.867541507603602,18.2,8.903889997,21.60838485,87,-0.319841925842042,-1.2331033167923,-0.235554933708899,-0.898228765581084,-0.75378628983068,0,"large","first","dist.05","dist.05","dist.10",0,-0.093192243847362,1.19349574731726,-0.485157035237985,-1.19530341502793,-1.04779207805897,-0.519894914297499,-0.347422909026337
"2811-38984","2850-57647","2811-38984_2850-57647",2,"CHR",102,"CHR-102","0",11,0.210376542,0,25,0.319354838709677,"CHR_102_2",1,NA,0,4,"no",15.8,14.51881356,20.07807245,81.5,0.98818027510909,-0.478534822267752,-0.867541507603602,15.8,12.89783981,28.1838767,85.83333333,-0.459228290836701,-0.207070274097309,1.10864751842364,-1.54087100343383,-0.75378628983068,0,"large","second","dist.01","dist.05","dist.10",0,1.01904592248484,1.19349574731726,-0.485157035237985,-1.19530341502793,2.30307908737845,-0.324477446700752,0.908946604529733
"2811-38984","2850-57647","2811-38984_2850-57647",1,"CHR",102,"CHR-102","0",0,0.210376542,0,20,0.229032258064516,"CHR_102_1",1,NA,0,3,"no",15.8,14.51881356,20.07807245,81.5,0.98818027510909,-0.478534822267752,-0.867541507603602,15.8,12.89783981,28.1838767,85.83333333,-0.459228290836701,-0.207070274097309,1.10864751842364,-1.54087100343383,-0.75378628983068,0,"large","first","dist.01","dist.05","dist.10",0,-0.093192243847362,1.19349574731726,-0.485157035237985,-1.19530341502793,2.30307908737845,-0.324477446700752,0.908946604529733
"2811-38984","2850-57653","2811-38984_2850-57653",2,"CHR",102,"CHR-102","0",11,14.83818046,10,-1,0.287096774193548,"CHR_102_2",1,NA,0,4,"no",15.8,14.51881356,20.07807245,81.5,0.98818027510909,-0.478534822267752,-0.867541507603602,16.37,8.467490861,27.15053506,78,-1.39510816701437,-1.34521287106915,0.897405470214174,0.551236061898959,1.93297672342719,0,"large","second","dist.20","dist.20","dist.20",0,0.621818005937626,1.19349574731726,-0.485157035237985,-1.19530341502793,0.182274551131745,-1.12841701146077,0.110874711490428
"2811-38984","2850-57653","2811-38984_2850-57653",1,"CHR",102,"CHR-102","0",0,12.75639032,0,15,0.229032258064516,"CHR_102_1",1,NA,0,3,"no",15.8,14.51881356,20.07807245,81.5,0.98818027510909,-0.478534822267752,-0.867541507603602,16.37,8.467490861,27.15053506,78,-1.39510816701437,-1.34521287106915,0.897405470214174,0.253492949887815,-0.75378628983068,0,"large","first","dist.20","dist.20","dist.20",0,-0.093192243847362,1.19349574731726,-0.485157035237985,-1.19530341502793,0.182274551131745,-1.12841701146077,0.110874711490428
"2811-38984","2850-57669","2811-38984_2850-57669",2,"CHR",102,"CHR-102","0",11,1.893100505,9,2,0.296774193548387,"CHR_102_2",1,NA,0,4,"no",15.8,14.51881356,20.07807245,81.5,0.98818027510909,-0.478534822267752,-0.867541507603602,17.82,14.07982054,27.72719176,89.66666667,-0.0012445206519955,0.0965768275416075,1.01528917653778,-1.30020338772529,1.6643004221014,0,"large","second","dist.05","dist.05","dist.10",0,0.740986380901795,1.19349574731726,-0.485157035237985,-1.19530341502793,NA,NA,NA
"2811-38984","2850-57669","2811-38984_2850-57669",1,"CHR",102,"CHR-102","0",0,1.893100505,0,15,0.229032258064516,"CHR_102_1",1,NA,0,3,"no",15.8,14.51881356,20.07807245,81.5,0.98818027510909,-0.478534822267752,-0.867541507603602,17.82,14.07982054,27.72719176,89.66666667,-0.0012445206519955,0.0965768275416075,1.01528917653778,-1.30020338772529,-0.75378628983068,0,"large","first","dist.05","dist.05","dist.10",0,-0.093192243847362,1.19349574731726,-0.485157035237985,-1.19530341502793,NA,NA,NA
"2811-38984","2850-57671","2811-38984_2850-57671",2,"CHR",102,"CHR-102","0",11,16.60764839,0,-30,0.319354838709677,"CHR_102_2",1,NA,0,4,"no",15.8,14.51881356,20.07807245,81.5,0.98818027510909,-0.478534822267752,-0.867541507603602,17.53,16.28350449,28.84180791,75.83333333,-1.65396855880595,0.662696246718346,1.24314585953504,0.804310028366165,-0.75378628983068,0,"large","second","dist.20","dist.20","dist.20",0,1.01904592248484,1.19349574731726,-0.485157035237985,-1.19530341502793,0.606435458890079,1.16785270969026,0.187430780520441
"2811-38984","2850-57671","2811-38984_2850-57671",1,"CHR",102,"CHR-102","0",0,16.60764839,0,19,0.229032258064516,"CHR_102_1",1,NA,0,3,"no",15.8,14.51881356,20.07807245,81.5,0.98818027510909,-0.478534822267752,-0.867541507603602,17.53,16.28350449,28.84180791,75.83333333,-1.65396855880595,0.662696246718346,1.24314585953504,0.804310028366165,-0.75378628983068,0,"large","first","dist.20","dist.20","dist.20",0,-0.093192243847362,1.19349574731726,-0.485157035237985,-1.19530341502793,0.606435458890079,1.16785270969026,0.187430780520441
"2811-38984","2850-57731","2811-38984_2850-57731",1,"CHR",102,"CHR-102","0",11,1.577070176,8,-3,0.203225806451613,"CHR_102_1",1,NA,0,3,"no",15.8,14.51881356,20.07807245,81.5,0.98818027510909,-0.478534822267752,-0.867541507603602,15.9,10.9634214,23.24545364,91,0.158054181345658,-0.704016229851986,0.0991047285683272,-1.3454028782207,1.39562412077562,0,"large","first","dist.05","dist.05","dist.10",0,-0.410974577085133,1.19349574731726,-0.485157035237985,-1.19530341502793,-1.17504035013197,-0.720064302121302,-0.918055636034195
"2811-38984","2850-57731","2811-38984_2850-57731",2,"CHR",102,"CHR-102","0",11,3.616180933,7,-3,0.296774193548387,"CHR_102_2",1,NA,0,4,"no",15.8,14.51881356,20.07807245,81.5,0.98818027510909,-0.478534822267752,-0.867541507603602,15.9,10.9634214,23.24545364,91,0.158054181345658,-0.704016229851986,0.0991047285683272,-1.05376388404015,1.12694781944983,0,"large","second","dist.05","dist.05","dist.10",0,0.740986380901795,1.19349574731726,-0.485157035237985,-1.19530341502793,-1.17504035013197,-0.720064302121302,-0.918055636034195
"2811-38984","2850-57733","2811-38984_2850-57733",2,"CHR",102,"CHR-102","0",11,8.971697229,1,-9,0.316129032258064,"CHR_102_2",1,NA,0,4,"no",15.8,14.51881356,20.07807245,81.5,0.98818027510909,-0.478534822267752,-0.867541507603602,15.66,14.84394317,20.45213858,102,1.47226847611183,0.292877508261001,-0.471921901664779,-0.28780382987377,-0.485109988504893,0,"large","second","dist.10","dist.10","dist.10",0,0.97932313083012,1.19349574731726,-0.485157035237985,-1.19530341502793,0.606435458890079,-1.12204057333336,-0.450386497816471
"2811-38984","2850-57733","2811-38984_2850-57733",1,"CHR",102,"CHR-102","0",0,8.971697229,0,40,0.229032258064516,"CHR_102_1",1,NA,0,3,"no",15.8,14.51881356,20.07807245,81.5,0.98818027510909,-0.478534822267752,-0.867541507603602,15.66,14.84394317,20.45213858,102,1.47226847611183,0.292877508261001,-0.471921901664779,-0.28780382987377,-0.75378628983068,0,"large","first","dist.10","dist.10","dist.10",0,-0.093192243847362,1.19349574731726,-0.485157035237985,-1.19530341502793,0.606435458890079,-1.12204057333336,-0.450386497816471
"2811-38984","2850-57742","2811-38984_2850-57742",1,"CHR",102,"CHR-102","0",6,3.26345876,6,5,0.209677419354839,"CHR_102_1",1,NA,0,3,"no",15.8,14.51881356,20.07807245,81.5,0.98818027510909,-0.478534822267752,-0.867541507603602,16.98,13.00562645,26.1463443,93,0.397002234939508,-0.179380228057897,0.692122624034258,-1.10421113875928,0.858271518124042,0,"large","first","dist.05","dist.05","dist.10",0,-0.331528993775687,1.19349574731726,-0.485157035237985,-1.19530341502793,0.564019367350756,-0.96234197733198,-0.610003960994292
"2811-38984","2850-57742","2811-38984_2850-57742",2,"CHR",102,"CHR-102","0",11,4.15144640518182,9,2,0.290322580645161,"CHR_102_2",1,NA,0,4,"no",15.8,14.51881356,20.07807245,81.5,0.98818027510909,-0.478534822267752,-0.867541507603602,16.98,13.00562645,26.1463443,93,0.397002234939508,-0.179380228057897,0.692122624034258,-0.977208805611578,1.6643004221014,0,"large","second","dist.05","dist.05","dist.10",0,0.661540797592348,1.19349574731726,-0.485157035237985,-1.19530341502793,0.564019367350756,-0.96234197733198,-0.610003960994292
"2811-38984","2850-57744","2811-38984_2850-57744",2,"CHR",102,"CHR-102","0",11,13.49224612,0,-26,0.319354838709677,"CHR_102_2",1,NA,0,4,"no",15.8,14.51881356,20.07807245,81.5,0.98818027510909,-0.478534822267752,-0.867541507603602,14.77,24.63866733,20.45419575,84.5,-0.618526992834355,2.80911108724386,-0.47150136233152,0.358736985621143,-0.75378628983068,0,"large","second","dist.20","dist.20","dist.20",0,1.01904592248484,1.19349574731726,-0.485157035237985,-1.19530341502793,-0.411550717693951,1.14723185861105,0.256764043881684
"2811-38984","2850-57744","2811-38984_2850-57744",1,"CHR",102,"CHR-102","0",0,13.49224612,0,23,0.229032258064516,"CHR_102_1",1,NA,0,3,"no",15.8,14.51881356,20.07807245,81.5,0.98818027510909,-0.478534822267752,-0.867541507603602,14.77,24.63866733,20.45419575,84.5,-0.618526992834355,2.80911108724386,-0.47150136233152,0.358736985621143,-0.75378628983068,0,"large","first","dist.20","dist.20","dist.20",0,-0.093192243847362,1.19349574731726,-0.485157035237985,-1.19530341502793,-0.411550717693951,1.14723185861105,0.256764043881684
"2811-38984","2850-57745","2811-38984_2850-57745",1,"CHR",102,"CHR-102","0",1,12.4311523,1,10,0.225806451612903,"CHR_102_1",1,NA,0,3,"no",15.8,14.51881356,20.07807245,81.5,0.98818027510909,-0.478534822267752,-0.867541507603602,16.33,11.89491525,19.28173812,85,-0.558789979435893,-0.464718413425676,-0.711182356121742,0.206976551160351,-0.485109988504893,0,"large","first","dist.20","dist.20","dist.20",0,-0.132915035502085,1.19349574731726,-0.485157035237985,-1.19530341502793,NA,NA,NA
"2811-38984","2850-57745","2811-38984_2850-57745",2,"CHR",102,"CHR-102","0",11,11.83520927,5,-4,0.303225806451613,"CHR_102_2",1,NA,0,4,"no",15.8,14.51881356,20.07807245,81.5,0.98818027510909,-0.478534822267752,-0.867541507603602,16.33,11.89491525,19.28173812,85,-0.558789979435893,-0.464718413425676,-0.711182356121742,0.12174320850769,0.589595216798255,0,"large","second","dist.20","dist.20","dist.20",0,0.820431964211241,1.19349574731726,-0.485157035237985,-1.19530341502793,NA,NA,NA
"2811-38984","2850-57806","2811-38984_2850-57806",1,"CHR",102,"CHR-102","0",9,7.166145998,9,2,0.2,"CHR_102_1",1,NA,0,3,"no",15.8,14.51881356,20.07807245,81.5,0.98818027510909,-0.478534822267752,-0.867541507603602,15.88,11.25502825,14.26422898,83.83333333,-0.698176344430552,-0.62910335473214,-1.73689240845576,-0.546038525141129,1.6643004221014,0,"large","first","dist.10","dist.10","dist.10",0,-0.450697368739856,1.19349574731726,-0.485157035237985,-1.19530341502793,0.224690642671068,-0.312822534834813,0.766781208645738
"2811-38984","2850-57806","2811-38984_2850-57806",2,"CHR",102,"CHR-102","0",12,7.93731493,6,5,0.3,"CHR_102_2",1,NA,0,4,"no",15.8,14.51881356,20.07807245,81.5,0.98818027510909,-0.478534822267752,-0.867541507603602,15.88,11.25502825,14.26422898,83.83333333,-0.698176344430552,-0.62910335473214,-1.73689240845576,-0.43574391220767,0.858271518124042,0,"large","second","dist.10","dist.10","dist.10",0,0.780709172556517,1.19349574731726,-0.485157035237985,-1.19530341502793,0.224690642671068,-0.312822534834813,0.766781208645738
"2811-38984","2850-57808","2811-38984_2850-57808",1,"CHR",102,"CHR-102","0",9,3.345023064,9,2,0.2,"CHR_102_1",1,NA,0,3,"no",15.8,14.51881356,20.07807245,81.5,0.98818027510909,-0.478534822267752,-0.867541507603602,17.44,11.46748421,15.37756564,100,1.23332042251798,-0.574524092276724,-1.50929728666711,-1.09254559705296,1.6643004221014,0,"large","first","dist.05","dist.05","dist.10",0,-0.450697368739856,1.19349574731726,-0.485157035237985,-1.19530341502793,0.564019367350756,-2.00209196155345,-1.05591017852521
"2811-38984","2850-57808","2811-38984_2850-57808",2,"CHR",102,"CHR-102","0",11,3.543647524,10,1,0.287096774193548,"CHR_102_2",1,NA,0,4,"no",15.8,14.51881356,20.07807245,81.5,0.98818027510909,-0.478534822267752,-0.867541507603602,17.44,11.46748421,15.37756564,100,1.23332042251798,-0.574524092276724,-1.50929728666711,-1.06413780334425,1.93297672342719,0,"large","second","dist.05","dist.05","dist.10",0,0.621818005937626,1.19349574731726,-0.485157035237985,-1.19530341502793,0.564019367350756,-2.00209196155345,-1.05591017852521
"2811-38984","2850-57881","2811-38984_2850-57881",1,"CHR",102,"CHR-102","0",4,6.340652122,4,7,0.216129032258065,"CHR_102_1",1,NA,0,3,"no",15.8,14.51881356,20.07807245,81.5,0.98818027510909,-0.478534822267752,-0.867541507603602,16.55,11.73463277,21.93833167,84.83333333,-0.578702317633627,-0.50589447430401,-0.16810517715307,-0.664102834729214,0.320918915472468,0,"large","first","dist.10","dist.10","dist.10",0,-0.252083410466241,1.19349574731726,-0.485157035237985,-1.19530341502793,-0.835711625452285,0.553081751767378,1.79200900661347
"2811-38984","2850-57881","2811-38984_2850-57881",2,"CHR",102,"CHR-102","0",11,6.340652122,0,15,0.319354838709677,"CHR_102_2",1,NA,0,4,"no",15.8,14.51881356,20.07807245,81.5,0.98818027510909,-0.478534822267752,-0.867541507603602,16.55,11.73463277,21.93833167,84.83333333,-0.578702317633627,-0.50589447430401,-0.16810517715307,-0.664102834729214,-0.75378628983068,0,"large","second","dist.10","dist.10","dist.10",0,1.01904592248484,1.19349574731726,-0.485157035237985,-1.19530341502793,-0.835711625452285,0.553081751767378,1.79200900661347
"2850-57568","2640-97588","2850-57568_2640-97588",1,"CHR",96,"CHR-96","0",11,6.642331491,7,-4,0.235483870967742,"CHR_96_1",1,NA,0,4,"no",15.37,15.13231971,25.47213526,79.5,0.479187186817075,-0.278939015314314,-0.0602458209745677,18.7,11.85018943,14.45612662,87,-0.319841925842042,-0.476208334764261,-1.69766351362466,-0.620955856352412,1.12694781944983,0,"large","first","dist.10","dist.10","dist.10",0,-0.013746660537916,-0.698176344430552,-0.62910335473214,-1.73689240845576,0.224690642671068,-0.0934822025987468,-1.95280566010936
"2850-57568","2640-97588","2850-57568_2640-97588",2,"CHR",96,"CHR-96","0",11,6.642331491,2,-9,0.183870967741935,"CHR_96_2",1,NA,0,3,"no",15.37,15.13231971,25.47213526,79.5,0.479187186817075,-0.278939015314314,-0.0602458209745677,18.7,11.85018943,14.45612662,87,-0.319841925842042,-0.476208334764261,-1.69766351362466,-0.620955856352412,-0.216433687179106,0,"large","second","dist.10","dist.10","dist.10",0,-0.64931132701347,-0.698176344430552,-0.62910335473214,-1.73689240845576,0.224690642671068,-0.0934822025987468,-1.95280566010936
"2850-57568","2640-97589","2850-57568_2640-97589",1,"CHR",96,"CHR-96","0",11,7.166145998,9,-2,0.229032258064516,"CHR_96_1",1,NA,0,4,"no",15.37,15.13231971,25.47213526,79.5,0.479187186817075,-0.278939015314314,-0.0602458209745677,16.1,11.8153556,16.91354271,99.66666667,1.19349574731726,-0.485157035237985,-1.19530341502793,-0.546038525141129,1.6643004221014,0,"large","first","dist.10","dist.10","dist.10",0,-0.093192243847362,-0.698176344430552,-0.62910335473214,-1.73689240845576,0.98818027510909,-0.478534822267752,-0.867541507603602
"2850-57568","2640-97589","2850-57568_2640-97589",2,"CHR",96,"CHR-96","0",11,7.166145998,5,-6,0.174193548387097,"CHR_96_2",1,"ep_same",1,3,"yes",15.37,15.13231971,25.47213526,79.5,0.479187186817075,-0.278939015314314,-0.0602458209745677,16.1,11.8153556,16.91354271,99.66666667,1.19349574731726,-0.485157035237985,-1.19530341502793,-0.546038525141129,0.589595216798255,1,"large","second","dist.10","dist.10","dist.10",0.333333333333333,-0.768479701977627,-0.698176344430552,-0.62910335473214,-1.73689240845576,0.98818027510909,-0.478534822267752,-0.867541507603602
"2850-57568","2811-83208","2850-57568_2811-83208",2,"CHR",96,"CHR-96","0",11,23.35798423,2,9,0.183870967741935,"CHR_96_2",1,NA,0,3,"no",15.37,15.13231971,25.47213526,79.5,0.479187186817075,-0.278939015314314,-0.0602458209745677,16.9,18.73416916,21.00459455,87,-0.319841925842042,1.29226422972124,-0.358985457287731,1.76976084951472,-0.216433687179106,0,"large","second","dist.20+","dist.20+","dist.20+",0,-0.64931132701347,-0.698176344430552,-0.62910335473214,-1.73689240845576,-0.411550717693951,-0.159665267146272,1.94192717350385
"2850-57568","2811-83208","2850-57568_2811-83208",1,"CHR",96,"CHR-96","0",0,23.35798423,0,13,0.258064516129032,"CHR_96_1",1,NA,0,4,"no",15.37,15.13231971,25.47213526,79.5,0.479187186817075,-0.278939015314314,-0.0602458209745677,16.9,18.73416916,21.00459455,87,-0.319841925842042,1.29226422972124,-0.358985457287731,1.76976084951472,-0.75378628983068,0,"large","first","dist.20+","dist.20+","dist.20+",0,0.264312881045132,-0.698176344430552,-0.62910335473214,-1.73689240845576,-0.411550717693951,-0.159665267146272,1.94192717350385
"2850-57568","2850-57567","2850-57568_2850-57567",2,"CHR",96,"CHR-96","0",1,5.211051794,0,-42,0.190322580645161,"CHR_96_2",1,NA,0,3,"no",15.37,15.13231971,25.47213526,79.5,0.479187186817075,-0.278939015314314,-0.0602458209745677,16.6,10.56012296,26.35612994,102.1666667,1.49218081789379,-0.807622320284185,0.735008293751907,-0.825661250500906,-0.75378628983068,0,"large","second","dist.10","dist.10","dist.10",0,-0.569865743704025,-0.698176344430552,-0.62910335473214,-1.73689240845576,-1.17504035013197,0.922800644787313,-0.818227574717981
"2850-57568","2850-57567","2850-57568_2850-57567",1,"CHR",96,"CHR-96","0",0,5.211051794,0,11,0.258064516129032,"CHR_96_1",1,NA,0,4,"no",15.37,15.13231971,25.47213526,79.5,0.479187186817075,-0.278939015314314,-0.0602458209745677,16.6,10.56012296,26.35612994,102.1666667,1.49218081789379,-0.807622320284185,0.735008293751907,-0.825661250500906,-0.75378628983068,0,"large","first","dist.10","dist.10","dist.10",0,0.264312881045132,-0.698176344430552,-0.62910335473214,-1.73689240845576,-1.17504035013197,0.922800644787313,-0.818227574717981
"2850-57568","2850-57570","2850-57568_2850-57570",2,"CHR",96,"CHR-96","0",11,3.793397743,0,-10,0.190322580645161,"CHR_96_2",1,"ep_same",2,3,"yes",15.37,15.13231971,25.47213526,79.5,0.479187186817075,-0.278939015314314,-0.0602458209745677,16.51,16.84077767,23.06811898,90,0.038580154548733,0.805857959623855,0.0628528876022267,-1.02841786885051,-0.75378628983068,1,"large","second","dist.05","dist.05","dist.10",0.666666666666667,-0.569865743704025,-0.698176344430552,-0.62910335473214,-1.73689240845576,-0.157054173547943,-1.42571858026568,-1.08665491345185
"2850-57568","2850-57570","2850-57568_2850-57570",1,"CHR",96,"CHR-96","0",0,3.799390559,0,23,0.258064516129032,"CHR_96_1",1,NA,0,4,"no",15.37,15.13231971,25.47213526,79.5,0.479187186817075,-0.278939015314314,-0.0602458209745677,16.51,16.84077767,23.06811898,90,0.038580154548733,0.805857959623855,0.0628528876022267,-1.02756076051319,-0.75378628983068,0,"large","first","dist.05","dist.05","dist.10",0,0.264312881045132,-0.698176344430552,-0.62910335473214,-1.73689240845576,-0.157054173547943,-1.42571858026568,-1.08665491345185
"2850-57568","2850-57577","2850-57568_2850-57577",2,"CHR",96,"CHR-96","0",11,6.207264631,0,19,0.190322580645161,"CHR_96_2",1,NA,0,3,"no",15.37,15.13231971,25.47213526,79.5,0.479187186817075,-0.278939015314314,-0.0602458209745677,18.2,20.92472416,28.83623131,90.83333333,0.138141843147924,1.85501086327307,1.24200585669334,-0.683180265211087,-0.75378628983068,0,"large","second","dist.10","dist.10","dist.10",0,-0.569865743704025,-0.698176344430552,-0.62910335473214,-1.73689240845576,-0.666047261839958,0.264789915692027,-0.462001728113777
"2850-57568","2850-57577","2850-57568_2850-57577",1,"CHR",96,"CHR-96","0",0,6.207264631,0,23,0.258064516129032,"CHR_96_1",1,NA,0,4,"no",15.37,15.13231971,25.47213526,79.5,0.479187186817075,-0.278939015314314,-0.0602458209745677,18.2,20.92472416,28.83623131,90.83333333,0.138141843147924,1.85501086327307,1.24200585669334,-0.683180265211087,-0.75378628983068,0,"large","first","dist.10","dist.10","dist.10",0,0.264312881045132,-0.698176344430552,-0.62910335473214,-1.73689240845576,-0.666047261839958,0.264789915692027,-0.462001728113777
"2850-57568","2850-57578","2850-57568_2850-57578",2,"CHR",96,"CHR-96","0",11,4.649295834,0,16,0.190322580645161,"CHR_96_2",1,NA,0,3,"no",15.37,15.13231971,25.47213526,79.5,0.479187186817075,-0.278939015314314,-0.0602458209745677,17.2,10.81633932,15.67680791,91.5,0.217791194744121,-0.741801149826969,-1.44812434290995,-0.906005068308213,-0.75378628983068,0,"large","second","dist.05","dist.05","dist.10",0,-0.569865743704025,-0.698176344430552,-0.62910335473214,-1.73689240845576,0.0550262790587415,1.59216462744548,-0.0904874492207969
"2850-57568","2850-57578","2850-57568_2850-57578",1,"CHR",96,"CHR-96","0",0,4.649295834,0,19,0.258064516129032,"CHR_96_1",1,NA,0,4,"no",15.37,15.13231971,25.47213526,79.5,0.479187186817075,-0.278939015314314,-0.0602458209745677,17.2,10.81633932,15.67680791,91.5,0.217791194744121,-0.741801149826969,-1.44812434290995,-0.906005068308213,-0.75378628983068,0,"large","first","dist.05","dist.05","dist.10",0,0.264312881045132,-0.698176344430552,-0.62910335473214,-1.73689240845576,0.0550262790587415,1.59216462744548,-0.0904874492207969
"2850-57568","2850-57579","2850-57568_2850-57579",1,"CHR",96,"CHR-96","0",5,12.2884515,5,6,0.241935483870968,"CHR_96_1",1,NA,0,4,"no",15.37,15.13231971,25.47213526,79.5,0.479187186817075,-0.278939015314314,-0.0602458209745677,16.3,11.31949153,24.77905949,93.5,0.456739248337971,-0.612542942504321,0.412613860843324,0.186567106681725,0.589595216798255,0,"large","first","dist.20","dist.20","dist.20",0,0.0656989227715297,-0.698176344430552,-0.62910335473214,-1.73689240845576,0.394355006283394,0.252942547897877,-0.257226498974273
"2850-57568","2850-57579","2850-57568_2850-57579",2,"CHR",96,"CHR-96","0",11,13.39401385,0,-22,0.190322580645161,"CHR_96_2",1,NA,0,3,"no",15.37,15.13231971,25.47213526,79.5,0.479187186817075,-0.278939015314314,-0.0602458209745677,16.3,11.31949153,24.77905949,93.5,0.456739248337971,-0.612542942504321,0.412613860843324,0.344687547492034,-0.75378628983068,0,"large","second","dist.20","dist.20","dist.20",0,-0.569865743704025,-0.698176344430552,-0.62910335473214,-1.73689240845576,0.394355006283394,0.252942547897877,-0.257226498974273
"2850-57568","2850-57580","2850-57568_2850-57580",2,"CHR",96,"CHR-96","0",3,18.18602989,0,-39,0.190322580645161,"CHR_96_2",1,NA,0,3,"no",15.37,15.13231971,25.47213526,79.5,0.479187186817075,-0.278939015314314,-0.0602458209745677,16.2,9.142844799,27.48113161,87.83333333,-0.220280237242851,-1.17171658585126,0.964988048569367,1.03005431004041,-0.75378628983068,0,"large","second","dist.20","dist.20","dist.20",0,-0.569865743704025,-0.698176344430552,-0.62910335473214,-1.73689240845576,0.564019367350756,0.594981908524202,0.613110506001452
"2850-57568","2850-57580","2850-57568_2850-57580",1,"CHR",96,"CHR-96","0",0,18.18602989,0,14,0.258064516129032,"CHR_96_1",1,NA,0,4,"no",15.37,15.13231971,25.47213526,79.5,0.479187186817075,-0.278939015314314,-0.0602458209745677,16.2,9.142844799,27.48113161,87.83333333,-0.220280237242851,-1.17171658585126,0.964988048569367,1.03005431004041,-0.75378628983068,0,"large","first","dist.20","dist.20","dist.20",0,0.264312881045132,-0.698176344430552,-0.62910335473214,-1.73689240845576,0.564019367350756,0.594981908524202,0.613110506001452
"2850-57568","2850-57581","2850-57568_2850-57581",1,"CHR",96,"CHR-96","0",7,17.86065878,7,4,0.235483870967742,"CHR_96_1",1,NA,0,4,"no",15.37,15.13231971,25.47213526,79.5,0.479187186817075,-0.278939015314314,-0.0602458209745677,15.5,12.5018158,18.94245264,82.5,-0.857475046428205,-0.308807586528723,-0.780541178943333,0.983518876430407,1.12694781944983,0,"large","first","dist.20","dist.20","dist.20",0,-0.013746660537916,-0.698176344430552,-0.62910335473214,-1.73689240845576,-0.920543805985966,0.0923616887128494,-0.0652425713766268
"2850-57568","2850-57581","2850-57568_2850-57581",2,"CHR",96,"CHR-96","0",11,19.78845254,11,0,0.158064516129032,"CHR_96_2",1,NA,0,3,"no",15.37,15.13231971,25.47213526,79.5,0.479187186817075,-0.278939015314314,-0.0602458209745677,15.5,12.5018158,18.94245264,82.5,-0.857475046428205,-0.308807586528723,-0.780541178943333,1.25923702034383,2.20165302475298,0,"large","second","dist.20","dist.20","dist.20",0,-0.967093660251241,-0.698176344430552,-0.62910335473214,-1.73689240845576,-0.920543805985966,0.0923616887128494,-0.0652425713766268
"2850-57568","2850-57589","2850-57568_2850-57589",1,"CHR",96,"CHR-96","0",1,12.76407049,1,10,0.254838709677419,"CHR_96_1",1,NA,0,4,"no",15.37,15.13231971,25.47213526,79.5,0.479187186817075,-0.278939015314314,-0.0602458209745677,17.5,12.65077601,16.92662014,97,0.874898342127209,-0.270540180912031,-1.19263004642303,0.254591388040939,-0.485109988504893,0,"large","first","dist.20","dist.20","dist.20",0,0.224590089390409,-0.698176344430552,-0.62910335473214,-1.73689240845576,0.394355006283394,-0.220209818057244,-0.7238327207249
"2850-57568","2850-57589","2850-57568_2850-57589",2,"CHR",96,"CHR-96","0",11,12.8891057572727,1,10,0.187096774193548,"CHR_96_2",1,NA,0,3,"no",15.37,15.13231971,25.47213526,79.5,0.479187186817075,-0.278939015314314,-0.0602458209745677,17.5,12.65077601,16.92662014,97,0.874898342127209,-0.270540180912031,-1.19263004642303,0.272474261474531,-0.485109988504893,0,"large","second","dist.20","dist.20","dist.20",0,-0.609588535358747,-0.698176344430552,-0.62910335473214,-1.73689240845576,0.394355006283394,-0.220209818057244,-0.7238327207249
"2850-57568","2850-57620","2850-57568_2850-57620",2,"CHR",96,"CHR-96","0",11,2.998408922,2,9,0.183870967741935,"CHR_96_2",1,NA,0,3,"no",15.37,15.13231971,25.47213526,79.5,0.479187186817075,-0.278939015314314,-0.0602458209745677,18.2,8.903889997,21.60838485,87,-0.319841925842042,-1.2331033167923,-0.235554933708899,-1.14211926508184,-0.216433687179106,0,"large","second","dist.05","dist.05","dist.10",0,-0.64931132701347,-0.698176344430552,-0.62910335473214,-1.73689240845576,-1.04779207805897,-0.519894914297499,-0.347422909026337
"2850-57568","2850-57620","2850-57568_2850-57620",1,"CHR",96,"CHR-96","0",0,2.998408922,0,13,0.258064516129032,"CHR_96_1",1,NA,0,4,"no",15.37,15.13231971,25.47213526,79.5,0.479187186817075,-0.278939015314314,-0.0602458209745677,18.2,8.903889997,21.60838485,87,-0.319841925842042,-1.2331033167923,-0.235554933708899,-1.14211926508184,-0.75378628983068,0,"large","first","dist.05","dist.05","dist.10",0,0.264312881045132,-0.698176344430552,-0.62910335473214,-1.73689240845576,-1.04779207805897,-0.519894914297499,-0.347422909026337
"2850-57568","2850-57647","2850-57568_2850-57647",2,"CHR",96,"CHR-96","0",11,7.192032508,0,19,0.190322580645161,"CHR_96_2",1,NA,0,3,"no",15.37,15.13231971,25.47213526,79.5,0.479187186817075,-0.278939015314314,-0.0602458209745677,15.8,12.89783981,28.1838767,85.83333333,-0.459228290836701,-0.207070274097309,1.10864751842364,-0.542336168261627,-0.75378628983068,0,"large","second","dist.10","dist.10","dist.10",0,-0.569865743704025,-0.698176344430552,-0.62910335473214,-1.73689240845576,2.30307908737845,-0.324477446700752,0.908946604529733
"2850-57568","2850-57647","2850-57568_2850-57647",1,"CHR",96,"CHR-96","0",0,7.192032508,0,18,0.258064516129032,"CHR_96_1",1,NA,0,4,"no",15.37,15.13231971,25.47213526,79.5,0.479187186817075,-0.278939015314314,-0.0602458209745677,15.8,12.89783981,28.1838767,85.83333333,-0.459228290836701,-0.207070274097309,1.10864751842364,-0.542336168261627,-0.75378628983068,0,"large","first","dist.10","dist.10","dist.10",0,0.264312881045132,-0.698176344430552,-0.62910335473214,-1.73689240845576,2.30307908737845,-0.324477446700752,0.908946604529733
"2850-57568","2850-57653","2850-57568_2850-57653",2,"CHR",96,"CHR-96","0",11,9.217123692,4,-7,0.17741935483871,"CHR_96_2",1,NA,0,3,"no",15.37,15.13231971,25.47213526,79.5,0.479187186817075,-0.278939015314314,-0.0602458209745677,16.37,8.467490861,27.15053506,78,-1.39510816701437,-1.34521287106915,0.897405470214174,-0.252702290357636,0.320918915472468,0,"large","second","dist.10","dist.10","dist.10",0,-0.728756910322904,-0.698176344430552,-0.62910335473214,-1.73689240845576,0.182274551131745,-1.12841701146077,0.110874711490428
"2850-57568","2850-57653","2850-57568_2850-57653",1,"CHR",96,"CHR-96","0",0,6.869086004,0,13,0.258064516129032,"CHR_96_1",1,NA,0,4,"no",15.37,15.13231971,25.47213526,79.5,0.479187186817075,-0.278939015314314,-0.0602458209745677,16.37,8.467490861,27.15053506,78,-1.39510816701437,-1.34521287106915,0.897405470214174,-0.588524828331888,-0.75378628983068,0,"large","first","dist.10","dist.10","dist.10",0,0.264312881045132,-0.698176344430552,-0.62910335473214,-1.73689240845576,0.182274551131745,-1.12841701146077,0.110874711490428
"2850-57568","2850-57669","2850-57568_2850-57669",2,"CHR",96,"CHR-96","0",11,5.474645232,3,-4,0.180645161290323,"CHR_96_2",1,NA,0,3,"no",15.37,15.13231971,25.47213526,79.5,0.479187186817075,-0.278939015314314,-0.0602458209745677,17.82,14.07982054,27.72719176,89.66666667,-0.0012445206519955,0.0965768275416075,1.01528917653778,-0.787961422344434,0.0522426141466809,0,"large","second","dist.10","dist.10","dist.10",0,-0.689034118668181,-0.698176344430552,-0.62910335473214,-1.73689240845576,NA,NA,NA
"2850-57568","2850-57669","2850-57568_2850-57669",1,"CHR",96,"CHR-96","0",0,5.474645232,0,13,0.258064516129032,"CHR_96_1",1,NA,0,4,"no",15.37,15.13231971,25.47213526,79.5,0.479187186817075,-0.278939015314314,-0.0602458209745677,17.82,14.07982054,27.72719176,89.66666667,-0.0012445206519955,0.0965768275416075,1.01528917653778,-0.787961422344434,-0.75378628983068,0,"large","first","dist.10","dist.10","dist.10",0,0.264312881045132,-0.698176344430552,-0.62910335473214,-1.73689240845576,NA,NA,NA
"2850-57568","2850-57671","2850-57568_2850-57671",2,"CHR",96,"CHR-96","0",7,22.64758752,0,-36,0.190322580645161,"CHR_96_2",1,NA,0,3,"no",15.37,15.13231971,25.47213526,79.5,0.479187186817075,-0.278939015314314,-0.0602458209745677,17.53,16.28350449,28.84180791,75.83333333,-1.65396855880595,0.662696246718346,1.24314585953504,1.6681580399261,-0.75378628983068,0,"large","second","dist.20+","dist.20+","dist.20+",0,-0.569865743704025,-0.698176344430552,-0.62910335473214,-1.73689240845576,0.606435458890079,1.16785270969026,0.187430780520441
"2850-57568","2850-57671","2850-57568_2850-57671",1,"CHR",96,"CHR-96","0",0,22.64758752,0,17,0.258064516129032,"CHR_96_1",1,NA,0,4,"no",15.37,15.13231971,25.47213526,79.5,0.479187186817075,-0.278939015314314,-0.0602458209745677,17.53,16.28350449,28.84180791,75.83333333,-1.65396855880595,0.662696246718346,1.24314585953504,1.6681580399261,-0.75378628983068,0,"large","first","dist.20+","dist.20+","dist.20+",0,0.264312881045132,-0.698176344430552,-0.62910335473214,-1.73689240845576,0.606435458890079,1.16785270969026,0.187430780520441
"2850-57568","2850-57731","2850-57568_2850-57731",1,"CHR",96,"CHR-96","0",11,7.493744191,6,-5,0.238709677419355,"CHR_96_1",1,NA,0,4,"no",15.37,15.13231971,25.47213526,79.5,0.479187186817075,-0.278939015314314,-0.0602458209745677,15.9,10.9634214,23.24545364,91,0.158054181345658,-0.704016229851986,0.0991047285683272,-0.499184568251388,0.858271518124042,0,"large","first","dist.10","dist.10","dist.10",0,0.0259761311168068,-0.698176344430552,-0.62910335473214,-1.73689240845576,-1.17504035013197,-0.720064302121302,-0.918055636034195
"2850-57568","2850-57731","2850-57568_2850-57731",2,"CHR",96,"CHR-96","0",11,3.764567061,1,-9,0.187096774193548,"CHR_96_2",1,NA,0,3,"no",15.37,15.13231971,25.47213526,79.5,0.479187186817075,-0.278939015314314,-0.0602458209745677,15.9,10.9634214,23.24545364,91,0.158054181345658,-0.704016229851986,0.0991047285683272,-1.03254130896829,-0.485109988504893,0,"large","second","dist.05","dist.05","dist.10",0,-0.609588535358747,-0.698176344430552,-0.62910335473214,-1.73689240845576,-1.17504035013197,-0.720064302121302,-0.918055636034195
"2850-57568","2850-57733","2850-57568_2850-57733",2,"CHR",96,"CHR-96","0",11,15.64034838,0,-15,0.190322580645161,"CHR_96_2",1,NA,0,3,"no",15.37,15.13231971,25.47213526,79.5,0.479187186817075,-0.278939015314314,-0.0602458209745677,15.66,14.84394317,20.45213858,102,1.47226847611183,0.292877508261001,-0.471921901664779,0.665964231788508,-0.75378628983068,0,"large","second","dist.20","dist.20","dist.20",0,-0.569865743704025,-0.698176344430552,-0.62910335473214,-1.73689240845576,0.606435458890079,-1.12204057333336,-0.450386497816471
"2850-57568","2850-57733","2850-57568_2850-57733",1,"CHR",96,"CHR-96","0",0,15.64034838,0,38,0.258064516129032,"CHR_96_1",1,NA,0,4,"no",15.37,15.13231971,25.47213526,79.5,0.479187186817075,-0.278939015314314,-0.0602458209745677,15.66,14.84394317,20.45213858,102,1.47226847611183,0.292877508261001,-0.471921901664779,0.665964231788508,-0.75378628983068,0,"large","first","dist.20","dist.20","dist.20",0,0.264312881045132,-0.698176344430552,-0.62910335473214,-1.73689240845576,0.606435458890079,-1.12204057333336,-0.450386497816471
"2850-57568","2850-57742","2850-57568_2850-57742",1,"CHR",96,"CHR-96","0",8,9.718855261,8,3,0.232258064516129,"CHR_96_1",1,NA,0,4,"no",15.37,15.13231971,25.47213526,79.5,0.479187186817075,-0.278939015314314,-0.0602458209745677,16.98,13.00562645,26.1463443,93,0.397002234939508,-0.179380228057897,0.692122624034258,-0.180943319134776,1.39562412077562,0,"large","first","dist.10","dist.10","dist.10",0,-0.0534694521926392,-0.698176344430552,-0.62910335473214,-1.73689240845576,0.564019367350756,-0.96234197733198,-0.610003960994292
"2850-57568","2850-57742","2850-57568_2850-57742",2,"CHR",96,"CHR-96","0",11,11.50370703,7,-4,0.167741935483871,"CHR_96_2",1,NA,0,3,"no",15.37,15.13231971,25.47213526,79.5,0.479187186817075,-0.278939015314314,-0.0602458209745677,16.98,13.00562645,26.1463443,93,0.397002234939508,-0.179380228057897,0.692122624034258,0.0743308845275862,1.12694781944983,0,"large","second","dist.20","dist.20","dist.20",0,-0.847925285287072,-0.698176344430552,-0.62910335473214,-1.73689240845576,0.564019367350756,-0.96234197733198,-0.610003960994292
"2850-57568","2850-57744","2850-57568_2850-57744",2,"CHR",96,"CHR-96","0",11,20.46219552,0,20,0.190322580645161,"CHR_96_2",1,NA,0,3,"no",15.37,15.13231971,25.47213526,79.5,0.479187186817075,-0.278939015314314,-0.0602458209745677,14.77,24.63866733,20.45419575,84.5,-0.618526992834355,2.80911108724386,-0.47150136233152,1.35559751687345,-0.75378628983068,0,"large","second","dist.20+","dist.20+","dist.20+",0,-0.569865743704025,-0.698176344430552,-0.62910335473214,-1.73689240845576,-0.411550717693951,1.14723185861105,0.256764043881684
"2850-57568","2850-57744","2850-57568_2850-57744",1,"CHR",96,"CHR-96","0",0,20.46219552,0,21,0.258064516129032,"CHR_96_1",1,NA,0,4,"no",15.37,15.13231971,25.47213526,79.5,0.479187186817075,-0.278939015314314,-0.0602458209745677,14.77,24.63866733,20.45419575,84.5,-0.618526992834355,2.80911108724386,-0.47150136233152,1.35559751687345,-0.75378628983068,0,"large","first","dist.20+","dist.20+","dist.20+",0,0.264312881045132,-0.698176344430552,-0.62910335473214,-1.73689240845576,-0.411550717693951,1.14723185861105,0.256764043881684
"2850-57568","2850-57745","2850-57568_2850-57745",1,"CHR",96,"CHR-96","0",3,5.430762873,3,8,0.248387096774194,"CHR_96_1",1,NA,0,4,"no",15.37,15.13231971,25.47213526,79.5,0.479187186817075,-0.278939015314314,-0.0602458209745677,16.33,11.89491525,19.28173812,85,-0.558789979435893,-0.464718413425676,-0.711182356121742,-0.794237592972782,0.0522426141466809,0,"large","first","dist.10","dist.10","dist.10",0,0.145144506080975,-0.698176344430552,-0.62910335473214,-1.73689240845576,NA,NA,NA
"2850-57568","2850-57745","2850-57568_2850-57745",2,"CHR",96,"CHR-96","0",11,4.924170673,0,-10,0.190322580645161,"CHR_96_2",1,NA,0,3,"no",15.37,15.13231971,25.47213526,79.5,0.479187186817075,-0.278939015314314,-0.0602458209745677,16.33,11.89491525,19.28173812,85,-0.558789979435893,-0.464718413425676,-0.711182356121742,-0.866691744450592,-0.75378628983068,0,"large","second","dist.05","dist.05","dist.10",0,-0.569865743704025,-0.698176344430552,-0.62910335473214,-1.73689240845576,NA,NA,NA
"2850-57568","2850-57808","2850-57568_2850-57808",1,"CHR",96,"CHR-96","0",11,6.598714514,11,0,0.22258064516129,"CHR_96_1",1,"ep_same",4,4,"yes",15.37,15.13231971,25.47213526,79.5,0.479187186817075,-0.278939015314314,-0.0602458209745677,17.44,11.46748421,15.37756564,100,1.23332042251798,-0.574524092276724,-1.50929728666711,-0.627194071347752,2.20165302475298,1,"large","first","dist.10","dist.10","dist.10",1,-0.172637827156808,-0.698176344430552,-0.62910335473214,-1.73689240845576,0.564019367350756,-2.00209196155345,-1.05591017852521
"2850-57568","2850-57808","2850-57568_2850-57808",2,"CHR",96,"CHR-96","0",11,7.668810504,5,-5,0.174193548387097,"CHR_96_2",1,NA,0,3,"no",15.37,15.13231971,25.47213526,79.5,0.479187186817075,-0.278939015314314,-0.0602458209745677,17.44,11.46748421,15.37756564,100,1.23332042251798,-0.574524092276724,-1.50929728666711,-0.474146122809939,0.589595216798255,0,"large","second","dist.10","dist.10","dist.10",0,-0.768479701977627,-0.698176344430552,-0.62910335473214,-1.73689240845576,0.564019367350756,-2.00209196155345,-1.05591017852521
"2850-57568","2850-57881","2850-57568_2850-57881",1,"CHR",96,"CHR-96","0",6,6.968481868,6,5,0.238709677419355,"CHR_96_1",1,NA,0,4,"no",15.37,15.13231971,25.47213526,79.5,0.479187186817075,-0.278939015314314,-0.0602458209745677,16.55,11.73463277,21.93833167,84.83333333,-0.578702317633627,-0.50589447430401,-0.16810517715307,-0.574308969922453,0.858271518124042,0,"large","first","dist.10","dist.10","dist.10",0,0.0259761311168068,-0.698176344430552,-0.62910335473214,-1.73689240845576,-0.835711625452285,0.553081751767378,1.79200900661347
"2850-57568","2850-57881","2850-57568_2850-57881",2,"CHR",96,"CHR-96","0",11,7.10379761236364,2,9,0.183870967741935,"CHR_96_2",1,NA,0,3,"no",15.37,15.13231971,25.47213526,79.5,0.479187186817075,-0.278939015314314,-0.0602458209745677,16.55,11.73463277,21.93833167,84.83333333,-0.578702317633627,-0.50589447430401,-0.16810517715307,-0.554955755562943,-0.216433687179106,0,"large","second","dist.10","dist.10","dist.10",0,-0.64931132701347,-0.698176344430552,-0.62910335473214,-1.73689240845576,-0.835711625452285,0.553081751767378,1.79200900661347
"2850-57571","2640-97588","2850-57571_2640-97588",1,"CHR",58,"CHR-58","0",10,17.416029,1,-10,0.283154121863799,"CHR_58_1",1,NA,0,4,"no",20.23,16.76718677,24.15598039,79.16666667,0.394355006283394,0.252942547897877,-0.257226498974273,18.7,11.85018943,14.45612662,87,-0.319841925842042,-0.476208334764261,-1.69766351362466,0.919926753551955,-0.485109988504893,0,"large","first","dist.20","dist.20","dist.20",0,0.573267927248523,0.456739248337971,-0.612542942504321,0.412613860843324,0.224690642671068,-0.0934822025987468,-1.95280566010936
"2850-57571","2640-97589","2850-57571_2640-97589",1,"CHR",58,"CHR-58","0",10,5.795943745,3,-8,0.275985663082437,"CHR_58_1",1,NA,0,4,"no",20.23,16.76718677,24.15598039,79.16666667,0.394355006283394,0.252942547897877,-0.257226498974273,16.1,11.8153556,16.91354271,99.66666667,1.19349574731726,-0.485157035237985,-1.19530341502793,-0.742008462289982,0.0522426141466809,0,"large","first","dist.10","dist.10","dist.10",0,0.484995056904697,0.456739248337971,-0.612542942504321,0.412613860843324,0.98818027510909,-0.478534822267752,-0.867541507603602
"2850-57571","2811-83208","2850-57571_2811-83208",1,"CHR",58,"CHR-58","0",3,11.06999379,3,7,0.275985663082437,"CHR_58_1",1,NA,0,4,"no",20.23,16.76718677,24.15598039,79.16666667,0.394355006283394,0.252942547897877,-0.257226498974273,16.9,18.73416916,21.00459455,87,-0.319841925842042,1.29226422972124,-0.358985457287731,0.0123000739685371,0.0522426141466809,0,"large","first","dist.20","dist.20","dist.20",0,0.484995056904697,0.456739248337971,-0.612542942504321,0.412613860843324,-0.411550717693951,-0.159665267146272,1.94192717350385
"2850-57571","2850-57567","2850-57571_2850-57567",1,"CHR",58,"CHR-58","0",5,14.10829303,5,5,0.268817204301075,"CHR_58_1",1,NA,0,4,"no",20.23,16.76718677,24.15598039,79.16666667,0.394355006283394,0.252942547897877,-0.257226498974273,16.6,10.56012296,26.35612994,102.1666667,1.49218081789379,-0.807622320284185,0.735008293751907,0.446845638171611,0.589595216798255,0,"large","first","dist.20","dist.20","dist.20",0,0.396722186560871,0.456739248337971,-0.612542942504321,0.412613860843324,-1.17504035013197,0.922800644787313,-0.818227574717981
"2850-57571","2850-57570","2850-57571_2850-57570",1,"CHR",58,"CHR-58","0",0,11.37124227,0,17,0.28673835125448,"CHR_58_1",1,NA,0,4,"no",20.23,16.76718677,24.15598039,79.16666667,0.394355006283394,0.252942547897877,-0.257226498974273,16.51,16.84077767,23.06811898,90,0.038580154548733,0.805857959623855,0.0628528876022267,0.0553854254650271,-0.75378628983068,0,"large","first","dist.20","dist.20","dist.20",0,0.617404362420436,0.456739248337971,-0.612542942504321,0.412613860843324,-0.157054173547943,-1.42571858026568,-1.08665491345185
"2850-57571","2850-57577","2850-57571_2850-57577",1,"CHR",58,"CHR-58","0",0,18.38380221,0,17,0.28673835125448,"CHR_58_1",1,NA,0,4,"no",20.23,16.76718677,24.15598039,79.16666667,0.394355006283394,0.252942547897877,-0.257226498974273,18.2,20.92472416,28.83623131,90.83333333,0.138141843147924,1.85501086327307,1.24200585669334,1.05834022844065,-0.75378628983068,0,"large","first","dist.20","dist.20","dist.20",0,0.617404362420436,0.456739248337971,-0.612542942504321,0.412613860843324,-0.666047261839958,0.264789915692027,-0.462001728113777
"2850-57571","2850-57578","2850-57571_2850-57578",1,"CHR",58,"CHR-58","0",0,7.747253326,0,13,0.28673835125448,"CHR_58_1",1,NA,0,4,"no",20.23,16.76718677,24.15598039,79.16666667,0.394355006283394,0.252942547897877,-0.257226498974273,17.2,10.81633932,15.67680791,91.5,0.217791194744121,-0.741801149826969,-1.44812434290995,-0.462927023685367,-0.75378628983068,0,"large","first","dist.10","dist.10","dist.10",0,0.617404362420436,0.456739248337971,-0.612542942504321,0.412613860843324,0.0550262790587415,1.59216462744548,-0.0904874492207969
"2850-57571","2850-57580","2850-57571_2850-57580",1,"CHR",58,"CHR-58","0",2,5.897584565,2,8,0.279569892473118,"CHR_58_1",1,NA,0,4,"no",20.23,16.76718677,24.15598039,79.16666667,0.394355006283394,0.252942547897877,-0.257226498974273,16.2,9.142844799,27.48113161,87.83333333,-0.220280237242851,-1.17171658585126,0.964988048569367,-0.727471524357245,-0.216433687179106,0,"large","first","dist.10","dist.10","dist.10",0,0.529131492076609,0.456739248337971,-0.612542942504321,0.412613860843324,0.564019367350756,0.594981908524202,0.613110506001452
"2850-57571","2850-57581","2850-57571_2850-57581",1,"CHR",58,"CHR-58","0",10,7.022679488,7,-2,0.261648745519713,"CHR_58_1",1,NA,0,4,"no",20.23,16.76718677,24.15598039,79.16666667,0.394355006283394,0.252942547897877,-0.257226498974273,15.5,12.5018158,18.94245264,82.5,-0.857475046428205,-0.308807586528723,-0.780541178943333,-0.566557483481847,1.12694781944983,0,"large","first","dist.10","dist.10","dist.10",0,0.308449316217045,0.456739248337971,-0.612542942504321,0.412613860843324,-0.920543805985966,0.0923616887128494,-0.0652425713766268
"2850-57571","2850-57589","2850-57571_2850-57589",1,"CHR",58,"CHR-58","0",6,2.235708931,6,4,0.265232974910394,"CHR_58_1",1,NA,0,4,"no",20.23,16.76718677,24.15598039,79.16666667,0.394355006283394,0.252942547897877,-0.257226498974273,17.5,12.65077601,16.92662014,97,0.874898342127209,-0.270540180912031,-1.19263004642303,-1.25120262775508,0.858271518124042,0,"large","first","dist.05","dist.05","dist.10",0,0.352585751388958,0.456739248337971,-0.612542942504321,0.412613860843324,0.394355006283394,-0.220209818057244,-0.7238327207249
"2850-57571","2850-57620","2850-57571_2850-57620",1,"CHR",58,"CHR-58","0",3,10.33583306,3,7,0.275985663082437,"CHR_58_1",1,NA,0,4,"no",20.23,16.76718677,24.15598039,79.16666667,0.394355006283394,0.252942547897877,-0.257226498974273,18.2,8.903889997,21.60838485,87,-0.319841925842042,-1.2331033167923,-0.235554933708899,-0.092701528386335,0.0522426141466809,0,"large","first","dist.20","dist.20","dist.20",0,0.484995056904697,0.456739248337971,-0.612542942504321,0.412613860843324,-1.04779207805897,-0.519894914297499,-0.347422909026337
"2850-57571","2850-57647","2850-57571_2850-57647",1,"CHR",58,"CHR-58","0",0,5.907321837,0,12,0.28673835125448,"CHR_58_1",1,NA,0,4,"no",20.23,16.76718677,24.15598039,79.16666667,0.394355006283394,0.252942547897877,-0.257226498974273,15.8,12.89783981,28.1838767,85.83333333,-0.459228290836701,-0.207070274097309,1.10864751842364,-0.726078874054953,-0.75378628983068,0,"large","first","dist.10","dist.10","dist.10",0,0.617404362420436,0.456739248337971,-0.612542942504321,0.412613860843324,2.30307908737845,-0.324477446700752,0.908946604529733
"2850-57571","2850-57653","2850-57571_2850-57653",1,"CHR",58,"CHR-58","0",3,18.44634242,3,7,0.275985663082437,"CHR_58_1",1,NA,0,4,"no",20.23,16.76718677,24.15598039,79.16666667,0.394355006283394,0.252942547897877,-0.257226498974273,16.37,8.467490861,27.15053506,78,-1.39510816701437,-1.34521287106915,0.897405470214174,1.06728489408847,0.0522426141466809,0,"large","first","dist.20","dist.20","dist.20",0,0.484995056904697,0.456739248337971,-0.612542942504321,0.412613860843324,0.182274551131745,-1.12841701146077,0.110874711490428
"2850-57571","2850-57669","2850-57571_2850-57669",1,"CHR",58,"CHR-58","0",3,7.644889909,3,7,0.275985663082437,"CHR_58_1",1,NA,0,4,"no",20.23,16.76718677,24.15598039,79.16666667,0.394355006283394,0.252942547897877,-0.257226498974273,17.82,14.07982054,27.72719176,89.66666667,-0.0012445206519955,0.0965768275416075,1.01528917653778,-0.477567309345321,0.0522426141466809,0,"large","first","dist.10","dist.10","dist.10",0,0.484995056904697,0.456739248337971,-0.612542942504321,0.412613860843324,NA,NA,NA
"2850-57571","2850-57671","2850-57571_2850-57671",1,"CHR",58,"CHR-58","0",0,10.8143011,0,11,0.28673835125448,"CHR_58_1",1,NA,0,4,"no",20.23,16.76718677,24.15598039,79.16666667,0.394355006283394,0.252942547897877,-0.257226498974273,17.53,16.28350449,28.84180791,75.83333333,-1.65396855880595,0.662696246718346,1.24314585953504,-0.0242697683879556,-0.75378628983068,0,"large","first","dist.20","dist.20","dist.20",0,0.617404362420436,0.456739248337971,-0.612542942504321,0.412613860843324,0.606435458890079,1.16785270969026,0.187430780520441
"2850-57571","2850-57731","2850-57571_2850-57731",1,"CHR",58,"CHR-58","0",10,4.854405069,0,-11,0.28673835125448,"CHR_58_1",1,NA,0,4,"no",20.23,16.76718677,24.15598039,79.16666667,0.394355006283394,0.252942547897877,-0.257226498974273,15.9,10.9634214,23.24545364,91,0.158054181345658,-0.704016229851986,0.0991047285683272,-0.876669804989536,-0.75378628983068,0,"large","first","dist.05","dist.05","dist.10",0,0.617404362420436,0.456739248337971,-0.612542942504321,0.412613860843324,-1.17504035013197,-0.720064302121302,-0.918055636034195
"2850-57571","2850-57733","2850-57571_2850-57733",1,"CHR",58,"CHR-58","0",0,3.355260563,0,32,0.28673835125448,"CHR_58_1",1,NA,0,4,"no",20.23,16.76718677,24.15598039,79.16666667,0.394355006283394,0.252942547897877,-0.257226498974273,15.66,14.84394317,20.45213858,102,1.47226847611183,0.292877508261001,-0.471921901664779,-1.09108140296687,-0.75378628983068,0,"large","first","dist.05","dist.05","dist.10",0,0.617404362420436,0.456739248337971,-0.612542942504321,0.412613860843324,0.606435458890079,-1.12204057333336,-0.450386497816471
"2850-57571","2850-57742","2850-57571_2850-57742",1,"CHR",58,"CHR-58","0",10,6.315668815,7,-3,0.261648745519713,"CHR_58_1",1,NA,0,4,"no",20.23,16.76718677,24.15598039,79.16666667,0.394355006283394,0.252942547897877,-0.257226498974273,16.98,13.00562645,26.1463443,93,0.397002234939508,-0.179380228057897,0.692122624034258,-0.667676013135424,1.12694781944983,0,"large","first","dist.10","dist.10","dist.10",0,0.308449316217045,0.456739248337971,-0.612542942504321,0.412613860843324,0.564019367350756,-0.96234197733198,-0.610003960994292
"2850-57571","2850-57744","2850-57571_2850-57744",1,"CHR",58,"CHR-58","0",0,8.327252868,0,15,0.28673835125448,"CHR_58_1",1,NA,0,4,"no",20.23,16.76718677,24.15598039,79.16666667,0.394355006283394,0.252942547897877,-0.257226498974273,14.77,24.63866733,20.45419575,84.5,-0.618526992834355,2.80911108724386,-0.47150136233152,-0.379973960702698,-0.75378628983068,0,"large","first","dist.10","dist.10","dist.10",0,0.617404362420436,0.456739248337971,-0.612542942504321,0.412613860843324,-0.411550717693951,1.14723185861105,0.256764043881684
"2850-57571","2850-57745","2850-57571_2850-57745",1,"CHR",58,"CHR-58","0",8,17.71650288,8,2,0.258064516129032,"CHR_58_1",1,NA,0,4,"no",20.23,16.76718677,24.15598039,79.16666667,0.394355006283394,0.252942547897877,-0.257226498974273,16.33,11.89491525,19.28173812,85,-0.558789979435893,-0.464718413425676,-0.711182356121742,0.962901319715124,1.39562412077562,0,"large","first","dist.20","dist.20","dist.20",0,0.264312881045132,0.456739248337971,-0.612542942504321,0.412613860843324,NA,NA,NA
"2850-57571","2850-57806","2850-57571_2850-57806",1,"CHR",58,"CHR-58","0",10,12.2884515,5,-6,0.268817204301075,"CHR_58_1",1,NA,0,4,"no",20.23,16.76718677,24.15598039,79.16666667,0.394355006283394,0.252942547897877,-0.257226498974273,15.88,11.25502825,14.26422898,83.83333333,-0.698176344430552,-0.62910335473214,-1.73689240845576,0.186567106681725,0.589595216798255,0,"large","first","dist.20","dist.20","dist.20",0,0.396722186560871,0.456739248337971,-0.612542942504321,0.412613860843324,0.224690642671068,-0.312822534834813,0.766781208645738
"2850-57571","2850-57808","2850-57571_2850-57808",1,"CHR",58,"CHR-58","0",10,5.951304253,5,-6,0.268817204301075,"CHR_58_1",1,"ep_same",3,4,"yes",20.23,16.76718677,24.15598039,79.16666667,0.394355006283394,0.252942547897877,-0.257226498974273,17.44,11.46748421,15.37756564,100,1.23332042251798,-0.574524092276724,-1.50929728666711,-0.719788393010783,0.589595216798255,1,"large","first","dist.10","dist.10","dist.10",0.75,0.396722186560871,0.456739248337971,-0.612542942504321,0.412613860843324,0.564019367350756,-2.00209196155345,-1.05591017852521
"2850-57571","2850-57881","2850-57571_2850-57881",1,"CHR",58,"CHR-58","0",10,7.88623328,10,-1,0.25089605734767,"CHR_58_1",1,NA,0,4,"no",20.23,16.76718677,24.15598039,79.16666667,0.394355006283394,0.252942547897877,-0.257226498974273,16.55,11.73463277,21.93833167,84.83333333,-0.578702317633627,-0.50589447430401,-0.16810517715307,-0.443049744407291,1.93297672342719,0,"large","first","dist.10","dist.10","dist.10",0,0.176040010701306,0.456739248337971,-0.612542942504321,0.412613860843324,-0.835711625452285,0.553081751767378,1.79200900661347
"2850-57583","2640-97588","2850-57583_2640-97588",1,"CHR",97,"CHR-97","0",11,17.19439348,0,-14,0.332258064516129,"CHR_97_1",1,NA,0,4,"no",17.7,15.31283815,21.03828348,79.16666667,0.394355006283394,-0.220209818057244,-0.7238327207249,18.7,11.85018943,14.45612662,87,-0.319841925842042,-0.476208334764261,-1.69766351362466,0.888227857400487,-0.75378628983068,0,"large","first","dist.20","dist.20","dist.20",0,1.17793708910373,0.874898342127209,-0.270540180912031,-1.19263004642303,0.224690642671068,-0.0934822025987468,-1.95280566010936
"2850-57583","2640-97588","2850-57583_2640-97588",2,"CHR",19,"CHR-19","0",10,19.15528529,0,-19,0.175627240143369,"CHR_19_2",1,NA,0,4,"no",17.7,15.31283815,21.03828348,79.16666667,0.394355006283394,-0.220209818057244,-0.7238327207249,18.7,11.85018943,14.45612662,87,-0.319841925842042,-0.476208334764261,-1.69766351362466,1.16867977164895,-0.75378628983068,0,"large","second","dist.20","dist.20","dist.20",0,-0.750825127908866,0.874898342127209,-0.270540180912031,-1.19263004642303,0.224690642671068,-0.0934822025987468,-1.95280566010936
"2850-57583","2640-97589","2850-57583_2640-97589",1,"CHR",97,"CHR-97","0",11,5.705506599,0,-12,0.332258064516129,"CHR_97_1",1,NA,0,4,"no",17.7,15.31283815,21.03828348,79.16666667,0.394355006283394,-0.220209818057244,-0.7238327207249,16.1,11.8153556,16.91354271,99.66666667,1.19349574731726,-0.485157035237985,-1.19530341502793,-0.754943021241945,-0.75378628983068,0,"large","first","dist.10","dist.10","dist.10",0,1.17793708910373,0.874898342127209,-0.270540180912031,-1.19263004642303,0.98818027510909,-0.478534822267752,-0.867541507603602
"2850-57583","2640-97589","2850-57583_2640-97589",2,"CHR",19,"CHR-19","0",10,7.512870616,0,-16,0.175627240143369,"CHR_19_2",1,NA,0,4,"no",17.7,15.31283815,21.03828348,79.16666667,0.394355006283394,-0.220209818057244,-0.7238327207249,16.1,11.8153556,16.91354271,99.66666667,1.19349574731726,-0.485157035237985,-1.19530341502793,-0.496449056543591,-0.75378628983068,0,"large","second","dist.10","dist.10","dist.10",0,-0.750825127908866,0.874898342127209,-0.270540180912031,-1.19263004642303,0.98818027510909,-0.478534822267752,-0.867541507603602
"2850-57583","2811-83208","2850-57583_2811-83208",1,"CHR",97,"CHR-97","0",8,10.9861078,8,3,0.306451612903226,"CHR_97_1",1,NA,0,4,"no",17.7,15.31283815,21.03828348,79.16666667,0.394355006283394,-0.220209818057244,-0.7238327207249,16.9,18.73416916,21.00459455,87,-0.319841925842042,1.29226422972124,-0.358985457287731,0.000302478612102195,1.39562412077562,0,"large","first","dist.20","dist.20","dist.20",0,0.860154755865963,0.874898342127209,-0.270540180912031,-1.19263004642303,-0.411550717693951,-0.159665267146272,1.94192717350385
"2850-57583","2811-83208","2850-57583_2811-83208",2,"CHR",19,"CHR-19","0",10,9.219050593,9,-1,0.14336917562724,"CHR_19_2",1,NA,0,4,"no",17.7,15.31283815,21.03828348,79.16666667,0.394355006283394,-0.220209818057244,-0.7238327207249,16.9,18.73416916,21.00459455,87,-0.319841925842042,1.29226422972124,-0.358985457287731,-0.25242669989861,1.6643004221014,0,"large","second","dist.10","dist.10","dist.10",0,-1.14805304445608,0.874898342127209,-0.270540180912031,-1.19263004642303,-0.411550717693951,-0.159665267146272,1.94192717350385
"2850-57583","2850-57567","2850-57583_2850-57567",1,"CHR",97,"CHR-97","0",10,13.7343222,10,1,0.3,"CHR_97_1",1,NA,0,4,"no",17.7,15.31283815,21.03828348,79.16666667,0.394355006283394,-0.220209818057244,-0.7238327207249,16.6,10.56012296,26.35612994,102.1666667,1.49218081789379,-0.807622320284185,0.735008293751907,0.393359344531277,1.93297672342719,0,"large","first","dist.20","dist.20","dist.20",0,0.780709172556517,0.874898342127209,-0.270540180912031,-1.19263004642303,-1.17504035013197,0.922800644787313,-0.818227574717981
"2850-57583","2850-57567","2850-57583_2850-57567",2,"CHR",19,"CHR-19","0",0,15.79405727,0,-52,0.175627240143369,"CHR_19_2",1,NA,0,4,"no",17.7,15.31283815,21.03828348,79.16666667,0.394355006283394,-0.220209818057244,-0.7238327207249,16.6,10.56012296,26.35612994,102.1666667,1.49218081789379,-0.807622320284185,0.735008293751907,0.6879480823088,-0.75378628983068,0,"large","second","dist.20","dist.20","dist.20",0,-0.750825127908866,0.874898342127209,-0.270540180912031,-1.19263004642303,-1.17504035013197,0.922800644787313,-0.818227574717981
"2850-57583","2850-57570","2850-57583_2850-57570",2,"CHR",19,"CHR-19","0",10,15.8991203,0,-20,0.175627240143369,"CHR_19_2",1,NA,0,4,"no",17.7,15.31283815,21.03828348,79.16666667,0.394355006283394,-0.220209818057244,-0.7238327207249,16.51,16.84077767,23.06811898,90,0.038580154548733,0.805857959623855,0.0628528876022267,0.702974473734365,-0.75378628983068,0,"large","second","dist.20","dist.20","dist.20",0,-0.750825127908866,0.874898342127209,-0.270540180912031,-1.19263004642303,-0.157054173547943,-1.42571858026568,-1.08665491345185
"2850-57583","2850-57570","2850-57583_2850-57570",1,"CHR",97,"CHR-97","0",0,11.17374737,0,13,0.332258064516129,"CHR_97_1",1,NA,0,4,"no",17.7,15.31283815,21.03828348,79.16666667,0.394355006283394,-0.220209818057244,-0.7238327207249,16.51,16.84077767,23.06811898,90,0.038580154548733,0.805857959623855,0.0628528876022267,0.0271391844042783,-0.75378628983068,0,"large","first","dist.20","dist.20","dist.20",0,1.17793708910373,0.874898342127209,-0.270540180912031,-1.19263004642303,-0.157054173547943,-1.42571858026568,-1.08665491345185
"2850-57583","2850-57577","2850-57583_2850-57577",2,"CHR",19,"CHR-19","0",10,20.279100925,1,9,0.172043010752688,"CHR_19_2",1,NA,0,4,"no",17.7,15.31283815,21.03828348,79.16666667,0.394355006283394,-0.220209818057244,-0.7238327207249,18.2,20.92472416,28.83623131,90.83333333,0.138141843147924,1.85501086327307,1.24200585669334,1.32941084538325,-0.485109988504893,0,"large","second","dist.20+","dist.20+","dist.20+",0,-0.79496156308078,0.874898342127209,-0.270540180912031,-1.19263004642303,-0.666047261839958,0.264789915692027,-0.462001728113777
"2850-57583","2850-57577","2850-57583_2850-57577",1,"CHR",97,"CHR-97","0",0,18.96419155,0,13,0.332258064516129,"CHR_97_1",1,NA,0,4,"no",17.7,15.31283815,21.03828348,79.16666667,0.394355006283394,-0.220209818057244,-0.7238327207249,18.2,20.92472416,28.83623131,90.83333333,0.138141843147924,1.85501086327307,1.24200585669334,1.14134904136052,-0.75378628983068,0,"large","first","dist.20","dist.20","dist.20",0,1.17793708910373,0.874898342127209,-0.270540180912031,-1.19263004642303,-0.666047261839958,0.264789915692027,-0.462001728113777
"2850-57583","2850-57578","2850-57583_2850-57578",1,"CHR",97,"CHR-97","0",2,8.114828014,2,9,0.325806451612903,"CHR_97_1",1,NA,0,4,"no",17.7,15.31283815,21.03828348,79.16666667,0.394355006283394,-0.220209818057244,-0.7238327207249,17.2,10.81633932,15.67680791,91.5,0.217791194744121,-0.741801149826969,-1.44812434290995,-0.41035552312977,-0.216433687179106,0,"large","first","dist.10","dist.10","dist.10",0,1.09849150579429,0.874898342127209,-0.270540180912031,-1.19263004642303,0.0550262790587415,1.59216462744548,-0.0904874492207969
"2850-57583","2850-57578","2850-57583_2850-57578",2,"CHR",19,"CHR-19","0",10,9.577634021,4,6,0.161290322580645,"CHR_19_2",1,NA,0,4,"no",17.7,15.31283815,21.03828348,79.16666667,0.394355006283394,-0.220209818057244,-0.7238327207249,17.2,10.81633932,15.67680791,91.5,0.217791194744121,-0.741801149826969,-1.44812434290995,-0.201141153043083,0.320918915472468,0,"large","second","dist.10","dist.10","dist.10",0,-0.927370868596519,0.874898342127209,-0.270540180912031,-1.19263004642303,0.0550262790587415,1.59216462744548,-0.0904874492207969
"2850-57583","2850-57579","2850-57583_2850-57579",1,"CHR",97,"CHR-97","0",11,2.235708931,6,-4,0.312903225806452,"CHR_97_1",1,NA,0,4,"no",17.7,15.31283815,21.03828348,79.16666667,0.394355006283394,-0.220209818057244,-0.7238327207249,16.3,11.31949153,24.77905949,93.5,0.456739248337971,-0.612542942504321,0.412613860843324,-1.25120262775508,0.858271518124042,0,"large","first","dist.05","dist.05","dist.10",0,0.939600339175409,0.874898342127209,-0.270540180912031,-1.19263004642303,0.394355006283394,0.252942547897877,-0.257226498974273
"2850-57583","2850-57579","2850-57583_2850-57579",2,"CHR",19,"CHR-19","0",10,1.812072325,0,-32,0.175627240143369,"CHR_19_2",1,NA,0,4,"no",17.7,15.31283815,21.03828348,79.16666667,0.394355006283394,-0.220209818057244,-0.7238327207249,16.3,11.31949153,24.77905949,93.5,0.456739248337971,-0.612542942504321,0.412613860843324,-1.31179225156427,-0.75378628983068,0,"large","second","dist.05","dist.05","dist.10",0,-0.750825127908866,0.874898342127209,-0.270540180912031,-1.19263004642303,0.394355006283394,0.252942547897877,-0.257226498974273
"2850-57583","2850-57580","2850-57583_2850-57580",1,"CHR",97,"CHR-97","0",7,6.034415307,7,4,0.309677419354839,"CHR_97_1",1,NA,0,4,"no",17.7,15.31283815,21.03828348,79.16666667,0.394355006283394,-0.220209818057244,-0.7238327207249,16.2,9.142844799,27.48113161,87.83333333,-0.220280237242851,-1.17171658585126,0.964988048569367,-0.707901631043275,1.12694781944983,0,"large","first","dist.10","dist.10","dist.10",0,0.899877547520686,0.874898342127209,-0.270540180912031,-1.19263004642303,0.564019367350756,0.594981908524202,0.613110506001452
"2850-57583","2850-57580","2850-57583_2850-57580",2,"CHR",19,"CHR-19","0",0,4.050279453,0,-49,0.175627240143369,"CHR_19_2",1,NA,0,4,"no",17.7,15.31283815,21.03828348,79.16666667,0.394355006283394,-0.220209818057244,-0.7238327207249,16.2,9.142844799,27.48113161,87.83333333,-0.220280237242851,-1.17171658585126,0.964988048569367,-0.991677969720165,-0.75378628983068,0,"large","second","dist.05","dist.05","dist.10",0,-0.750825127908866,0.874898342127209,-0.270540180912031,-1.19263004642303,0.564019367350756,0.594981908524202,0.613110506001452
"2850-57583","2850-57581","2850-57583_2850-57581",1,"CHR",97,"CHR-97","0",11,5.383295227,3,-6,0.32258064516129,"CHR_97_1",1,NA,0,4,"no",17.7,15.31283815,21.03828348,79.16666667,0.394355006283394,-0.220209818057244,-0.7238327207249,15.5,12.5018158,18.94245264,82.5,-0.857475046428205,-0.308807586528723,-0.780541178943333,-0.801026540796256,0.0522426141466809,0,"large","first","dist.10","dist.10","dist.10",0,1.05876871413957,0.874898342127209,-0.270540180912031,-1.19263004642303,-0.920543805985966,0.0923616887128494,-0.0652425713766268
"2850-57583","2850-57581","2850-57583_2850-57581",2,"CHR",19,"CHR-19","0",10,7.008084499,0,-10,0.175627240143369,"CHR_19_2",1,NA,0,4,"no",17.7,15.31283815,21.03828348,79.16666667,0.394355006283394,-0.220209818057244,-0.7238327207249,15.5,12.5018158,18.94245264,82.5,-0.857475046428205,-0.308807586528723,-0.780541178943333,-0.56864489727113,-0.75378628983068,0,"large","second","dist.10","dist.10","dist.10",0,-0.750825127908866,0.874898342127209,-0.270540180912031,-1.19263004642303,-0.920543805985966,0.0923616887128494,-0.0652425713766268
"2850-57583","2850-57620","2850-57583_2850-57620",1,"CHR",97,"CHR-97","0",8,10.40756867,8,3,0.306451612903226,"CHR_97_1",1,NA,0,4,"no",17.7,15.31283815,21.03828348,79.16666667,0.394355006283394,-0.220209818057244,-0.7238327207249,18.2,8.903889997,21.60838485,87,-0.319841925842042,-1.2331033167923,-0.235554933708899,-0.0824417123976698,1.39562412077562,0,"large","first","dist.20","dist.20","dist.20",0,0.860154755865963,0.874898342127209,-0.270540180912031,-1.19263004642303,-1.04779207805897,-0.519894914297499,-0.347422909026337
"2850-57583","2850-57620","2850-57583_2850-57620",2,"CHR",19,"CHR-19","0",10,12.12745622,9,-1,0.14336917562724,"CHR_19_2",1,NA,0,4,"no",17.7,15.31283815,21.03828348,79.16666667,0.394355006283394,-0.220209818057244,-0.7238327207249,18.2,8.903889997,21.60838485,87,-0.319841925842042,-1.2331033167923,-0.235554933708899,0.163541137461645,1.6643004221014,0,"large","second","dist.20","dist.20","dist.20",0,-1.14805304445608,0.874898342127209,-0.270540180912031,-1.19263004642303,-1.04779207805897,-0.519894914297499,-0.347422909026337
"2850-57583","2850-57647","2850-57583_2850-57647",1,"CHR",97,"CHR-97","0",3,5.741055304,3,8,0.32258064516129,"CHR_97_1",1,NA,0,4,"no",17.7,15.31283815,21.03828348,79.16666667,0.394355006283394,-0.220209818057244,-0.7238327207249,15.8,12.89783981,28.1838767,85.83333333,-0.459228290836701,-0.207070274097309,1.10864751842364,-0.749858751770544,0.0522426141466809,0,"large","first","dist.10","dist.10","dist.10",0,1.05876871413957,0.874898342127209,-0.270540180912031,-1.19263004642303,2.30307908737845,-0.324477446700752,0.908946604529733
"2850-57583","2850-57647","2850-57583_2850-57647",2,"CHR",19,"CHR-19","0",10,7.603974661,1,9,0.172043010752688,"CHR_19_2",1,NA,0,4,"no",17.7,15.31283815,21.03828348,79.16666667,0.394355006283394,-0.220209818057244,-0.7238327207249,15.8,12.89783981,28.1838767,85.83333333,-0.459228290836701,-0.207070274097309,1.10864751842364,-0.483419115939153,-0.485109988504893,0,"large","second","dist.10","dist.10","dist.10",0,-0.79496156308078,0.874898342127209,-0.270540180912031,-1.19263004642303,2.30307908737845,-0.324477446700752,0.908946604529733
"2850-57583","2850-57653","2850-57583_2850-57653",1,"CHR",97,"CHR-97","0",8,18.41139156,8,3,0.306451612903226,"CHR_97_1",1,NA,0,4,"no",17.7,15.31283815,21.03828348,79.16666667,0.394355006283394,-0.220209818057244,-0.7238327207249,16.37,8.467490861,27.15053506,78,-1.39510816701437,-1.34521287106915,0.897405470214174,1.06228612998448,1.39562412077562,0,"large","first","dist.20","dist.20","dist.20",0,0.860154755865963,0.874898342127209,-0.270540180912031,-1.19263004642303,0.182274551131745,-1.12841701146077,0.110874711490428
"2850-57583","2850-57653","2850-57583_2850-57653",2,"CHR",19,"CHR-19","0",10,22.34633259,0,-17,0.175627240143369,"CHR_19_2",1,NA,0,4,"no",17.7,15.31283815,21.03828348,79.16666667,0.394355006283394,-0.220209818057244,-0.7238327207249,16.37,8.467490861,27.15053506,78,-1.39510816701437,-1.34521287106915,0.897405470214174,1.62507176593361,-0.75378628983068,0,"large","second","dist.20+","dist.20+","dist.20+",0,-0.750825127908866,0.874898342127209,-0.270540180912031,-1.19263004642303,0.182274551131745,-1.12841701146077,0.110874711490428
"2850-57583","2850-57669","2850-57583_2850-57669",1,"CHR",97,"CHR-97","0",8,7.584307072,8,3,0.306451612903226,"CHR_97_1",1,NA,0,4,"no",17.7,15.31283815,21.03828348,79.16666667,0.394355006283394,-0.220209818057244,-0.7238327207249,17.82,14.07982054,27.72719176,89.66666667,-0.0012445206519955,0.0965768275416075,1.01528917653778,-0.486232026348372,1.39562412077562,0,"large","first","dist.10","dist.10","dist.10",0,0.860154755865963,0.874898342127209,-0.270540180912031,-1.19263004642303,NA,NA,NA
"2850-57583","2850-57669","2850-57583_2850-57669",2,"CHR",19,"CHR-19","0",10,8.478373909,6,4,0.154121863799283,"CHR_19_2",1,NA,0,4,"no",17.7,15.31283815,21.03828348,79.16666667,0.394355006283394,-0.220209818057244,-0.7238327207249,17.82,14.07982054,27.72719176,89.66666667,-0.0012445206519955,0.0965768275416075,1.01528917653778,-0.358360231166203,0.858271518124042,0,"large","second","dist.10","dist.10","dist.10",0,-1.01564373894034,0.874898342127209,-0.270540180912031,-1.19263004642303,NA,NA,NA
"2850-57583","2850-57671","2850-57583_2850-57671",1,"CHR",97,"CHR-97","0",4,11.61683212,4,7,0.319354838709677,"CHR_97_1",1,NA,0,4,"no",17.7,15.31283815,21.03828348,79.16666667,0.394355006283394,-0.220209818057244,-0.7238327207249,17.53,16.28350449,28.84180791,75.83333333,-1.65396855880595,0.662696246718346,1.24314585953504,0.0905103330204785,0.320918915472468,0,"large","first","dist.20","dist.20","dist.20",0,1.01904592248484,0.874898342127209,-0.270540180912031,-1.19263004642303,0.606435458890079,1.16785270969026,0.187430780520441
"2850-57583","2850-57671","2850-57583_2850-57671",2,"CHR",19,"CHR-19","0",0,9.212382003,0,-46,0.175627240143369,"CHR_19_2",1,NA,0,4,"no",17.7,15.31283815,21.03828348,79.16666667,0.394355006283394,-0.220209818057244,-0.7238327207249,17.53,16.28350449,28.84180791,75.83333333,-1.65396855880595,0.662696246718346,1.24314585953504,-0.253380459214295,-0.75378628983068,0,"large","second","dist.10","dist.10","dist.10",0,-0.750825127908866,0.874898342127209,-0.270540180912031,-1.19263004642303,0.606435458890079,1.16785270969026,0.187430780520441
"2850-57583","2850-57731","2850-57583_2850-57731",1,"CHR",97,"CHR-97","0",11,5.352451183,0,-15,0.332258064516129,"CHR_97_1",1,NA,0,4,"no",17.7,15.31283815,21.03828348,79.16666667,0.394355006283394,-0.220209818057244,-0.7238327207249,15.9,10.9634214,23.24545364,91,0.158054181345658,-0.704016229851986,0.0991047285683272,-0.805437937253138,-0.75378628983068,0,"large","first","dist.10","dist.10","dist.10",0,1.17793708910373,0.874898342127209,-0.270540180912031,-1.19263004642303,-1.17504035013197,-0.720064302121302,-0.918055636034195
"2850-57583","2850-57731","2850-57583_2850-57731",2,"CHR",19,"CHR-19","0",10,10.3793746,0,-19,0.175627240143369,"CHR_19_2",1,NA,0,4,"no",17.7,15.31283815,21.03828348,79.16666667,0.394355006283394,-0.220209818057244,-0.7238327207249,15.9,10.9634214,23.24545364,91,0.158054181345658,-0.704016229851986,0.0991047285683272,-0.0864741025895361,-0.75378628983068,0,"large","second","dist.20","dist.20","dist.20",0,-0.750825127908866,0.874898342127209,-0.270540180912031,-1.19263004642303,-1.17504035013197,-0.720064302121302,-0.918055636034195
"2850-57583","2850-57733","2850-57583_2850-57733",2,"CHR",19,"CHR-19","0",10,1.500911563,0,21,0.175627240143369,"CHR_19_2",1,NA,0,4,"no",17.7,15.31283815,21.03828348,79.16666667,0.394355006283394,-0.220209818057244,-0.7238327207249,15.66,14.84394317,20.45213858,102,1.47226847611183,0.292877508261001,-0.471921901664779,-1.35629528375446,-0.75378628983068,0,"large","second","dist.05","dist.05","dist.10",0,-0.750825127908866,0.874898342127209,-0.270540180912031,-1.19263004642303,0.606435458890079,-1.12204057333336,-0.450386497816471
"2850-57583","2850-57733","2850-57583_2850-57733",1,"CHR",97,"CHR-97","0",0,3.690294212,0,28,0.332258064516129,"CHR_97_1",1,NA,0,4,"no",17.7,15.31283815,21.03828348,79.16666667,0.394355006283394,-0.220209818057244,-0.7238327207249,15.66,14.84394317,20.45213858,102,1.47226847611183,0.292877508261001,-0.471921901664779,-1.04316400756518,-0.75378628983068,0,"large","first","dist.05","dist.05","dist.10",0,1.17793708910373,0.874898342127209,-0.270540180912031,-1.19263004642303,0.606435458890079,-1.12204057333336,-0.450386497816471
"2850-57583","2850-57742","2850-57583_2850-57742",1,"CHR",97,"CHR-97","0",11,5.014249266,3,-7,0.32258064516129,"CHR_97_1",1,NA,0,4,"no",17.7,15.31283815,21.03828348,79.16666667,0.394355006283394,-0.220209818057244,-0.7238327207249,16.98,13.00562645,26.1463443,93,0.397002234939508,-0.179380228057897,0.692122624034258,-0.853808466693591,0.0522426141466809,0,"large","first","dist.10","dist.10","dist.10",0,1.05876871413957,0.874898342127209,-0.270540180912031,-1.19263004642303,0.564019367350756,-0.96234197733198,-0.610003960994292
"2850-57583","2850-57742","2850-57583_2850-57742",2,"CHR",19,"CHR-19","0",10,4.770184441,0,-14,0.175627240143369,"CHR_19_2",1,NA,0,4,"no",17.7,15.31283815,21.03828348,79.16666667,0.394355006283394,-0.220209818057244,-0.7238327207249,16.98,13.00562645,26.1463443,93,0.397002234939508,-0.179380228057897,0.692122624034258,-0.88871526115461,-0.75378628983068,0,"large","second","dist.05","dist.05","dist.10",0,-0.750825127908866,0.874898342127209,-0.270540180912031,-1.19263004642303,0.564019367350756,-0.96234197733198,-0.610003960994292
"2850-57583","2850-57744","2850-57583_2850-57744",2,"CHR",19,"CHR-19","0",10,6.501461487,0,10,0.175627240143369,"CHR_19_2",1,NA,0,4,"no",17.7,15.31283815,21.03828348,79.16666667,0.394355006283394,-0.220209818057244,-0.7238327207249,14.77,24.63866733,20.45419575,84.5,-0.618526992834355,2.80911108724386,-0.47150136233152,-0.64110345556238,-0.75378628983068,0,"large","second","dist.10","dist.10","dist.10",0,-0.750825127908866,0.874898342127209,-0.270540180912031,-1.19263004642303,-0.411550717693951,1.14723185861105,0.256764043881684
"2850-57583","2850-57744","2850-57583_2850-57744",1,"CHR",97,"CHR-97","0",0,7.791016926,0,11,0.332258064516129,"CHR_97_1",1,NA,0,4,"no",17.7,15.31283815,21.03828348,79.16666667,0.394355006283394,-0.220209818057244,-0.7238327207249,14.77,24.63866733,20.45419575,84.5,-0.618526992834355,2.80911108724386,-0.47150136233152,-0.456667838282168,-0.75378628983068,0,"large","first","dist.10","dist.10","dist.10",0,1.17793708910373,0.874898342127209,-0.270540180912031,-1.19263004642303,-0.411550717693951,1.14723185861105,0.256764043881684
"2850-57583","2850-57745","2850-57583_2850-57745",1,"CHR",97,"CHR-97","0",11,18.10885817,9,-2,0.303225806451613,"CHR_97_1",1,NA,0,4,"no",17.7,15.31283815,21.03828348,79.16666667,0.394355006283394,-0.220209818057244,-0.7238327207249,16.33,11.89491525,19.28173812,85,-0.558789979435893,-0.464718413425676,-0.711182356121742,1.01901700727364,1.6643004221014,0,"large","first","dist.20","dist.20","dist.20",0,0.820431964211241,0.874898342127209,-0.270540180912031,-1.19263004642303,NA,NA,NA
"2850-57583","2850-57745","2850-57583_2850-57745",2,"CHR",19,"CHR-19","0",10,19.02770251,0,-20,0.175627240143369,"CHR_19_2",1,NA,0,4,"no",17.7,15.31283815,21.03828348,79.16666667,0.394355006283394,-0.220209818057244,-0.7238327207249,16.33,11.89491525,19.28173812,85,-0.558789979435893,-0.464718413425676,-0.711182356121742,1.15043254623158,-0.75378628983068,0,"large","second","dist.20","dist.20","dist.20",0,-0.750825127908866,0.874898342127209,-0.270540180912031,-1.19263004642303,NA,NA,NA
"2850-57583","2850-57806","2850-57583_2850-57806",1,"CHR",97,"CHR-97","0",11,12.76407049,1,-10,0.329032258064516,"CHR_97_1",1,NA,0,4,"no",17.7,15.31283815,21.03828348,79.16666667,0.394355006283394,-0.220209818057244,-0.7238327207249,15.88,11.25502825,14.26422898,83.83333333,-0.698176344430552,-0.62910335473214,-1.73689240845576,0.254591388040939,-0.485109988504893,0,"large","first","dist.20","dist.20","dist.20",0,1.13821429744901,0.874898342127209,-0.270540180912031,-1.19263004642303,0.224690642671068,-0.312822534834813,0.766781208645738
"2850-57583","2850-57806","2850-57583_2850-57806",2,"CHR",19,"CHR-19","0",10,15.90569611,0,-11,0.175627240143369,"CHR_19_2",1,NA,0,4,"no",17.7,15.31283815,21.03828348,79.16666667,0.394355006283394,-0.220209818057244,-0.7238327207249,15.88,11.25502825,14.26422898,83.83333333,-0.698176344430552,-0.62910335473214,-1.73689240845576,0.703914963409944,-0.75378628983068,0,"large","second","dist.20","dist.20","dist.20",0,-0.750825127908866,0.874898342127209,-0.270540180912031,-1.19263004642303,0.224690642671068,-0.312822534834813,0.766781208645738
"2850-57583","2850-57808","2850-57583_2850-57808",1,"CHR",97,"CHR-97","0",11,7.023837135,1,-10,0.329032258064516,"CHR_97_1",1,NA,0,4,"no",17.7,15.31283815,21.03828348,79.16666667,0.394355006283394,-0.220209818057244,-0.7238327207249,17.44,11.46748421,15.37756564,100,1.23332042251798,-0.574524092276724,-1.50929728666711,-0.566391913757134,-0.485109988504893,0,"large","first","dist.10","dist.10","dist.10",0,1.13821429744901,0.874898342127209,-0.270540180912031,-1.19263004642303,0.564019367350756,-2.00209196155345,-1.05591017852521
"2850-57583","2850-57808","2850-57583_2850-57808",2,"CHR",19,"CHR-19","0",10,6.802400876,0,-15,0.175627240143369,"CHR_19_2",1,NA,0,4,"no",17.7,15.31283815,21.03828348,79.16666667,0.394355006283394,-0.220209818057244,-0.7238327207249,17.44,11.46748421,15.37756564,100,1.23332042251798,-0.574524092276724,-1.50929728666711,-0.598062311075264,-0.75378628983068,0,"large","second","dist.10","dist.10","dist.10",0,-0.750825127908866,0.874898342127209,-0.270540180912031,-1.19263004642303,0.564019367350756,-2.00209196155345,-1.05591017852521
"2850-57583","2850-57881","2850-57583_2850-57881",1,"CHR",97,"CHR-97","0",11,9.456269646,7,-5,0.309677419354839,"CHR_97_1",1,NA,0,4,"no",17.7,15.31283815,21.03828348,79.16666667,0.394355006283394,-0.220209818057244,-0.7238327207249,16.55,11.73463277,21.93833167,84.83333333,-0.578702317633627,-0.50589447430401,-0.16810517715307,-0.218499005789848,1.12694781944983,0,"large","first","dist.10","dist.10","dist.10",0,0.899877547520686,0.874898342127209,-0.270540180912031,-1.19263004642303,-0.835711625452285,0.553081751767378,1.79200900661347
"2850-57583","2850-57881","2850-57583_2850-57881",2,"CHR",19,"CHR-19","0",10,8.985527746,9,-1,0.14336917562724,"CHR_19_2",1,NA,0,4,"no",17.7,15.31283815,21.03828348,79.16666667,0.394355006283394,-0.220209818057244,-0.7238327207249,16.55,11.73463277,21.93833167,84.83333333,-0.578702317633627,-0.50589447430401,-0.16810517715307,-0.285825752884557,1.6643004221014,0,"large","second","dist.10","dist.10","dist.10",0,-1.14805304445608,0.874898342127209,-0.270540180912031,-1.19263004642303,-0.835711625452285,0.553081751767378,1.79200900661347
"2850-57585","2640-97588","2850-57585_2640-97588",1,"CHR",4,"CHR-4","0",10,28.17761148,0,-17,0.372759856630824,"CHR_4_1",1,NA,0,4,"no",15.5,15.49893652,38.8499435,76,-0.411550717693951,-0.159665267146272,1.94192717350385,18.7,11.85018943,14.45612662,87,-0.319841925842042,-0.476208334764261,-1.69766351362466,2.45907664008173,-0.75378628983068,0,"large","first","dist.20+","dist.20+","dist.20+",0,1.67667880654635,-0.319841925842042,1.29226422972124,-0.358985457287731,0.224690642671068,-0.0934822025987468,-1.95280566010936
"2850-57585","2640-97588","2850-57585_2640-97588",2,"CHR",4,"CHR-4","0",10,28.17761148,0,-18,0.172043010752688,"CHR_4_2",1,NA,0,2,"no",15.5,15.49893652,38.8499435,76,-0.411550717693951,-0.159665267146272,1.94192717350385,18.7,11.85018943,14.45612662,87,-0.319841925842042,-0.476208334764261,-1.69766351362466,2.45907664008173,-0.75378628983068,0,"large","second","dist.20+","dist.20+","dist.20+",0,-0.79496156308078,-0.319841925842042,1.29226422972124,-0.358985457287731,0.224690642671068,-0.0934822025987468,-1.95280566010936
"2850-57585","2640-97589","2850-57585_2640-97589",1,"CHR",4,"CHR-4","0",10,16.60092687,0,-15,0.372759856630824,"CHR_4_1",1,NA,0,4,"no",15.5,15.49893652,38.8499435,76,-0.411550717693951,-0.159665267146272,1.94192717350385,16.1,11.8153556,16.91354271,99.66666667,1.19349574731726,-0.485157035237985,-1.19530341502793,0.803348698862392,-0.75378628983068,0,"large","first","dist.20","dist.20","dist.20",0,1.67667880654635,-0.319841925842042,1.29226422972124,-0.358985457287731,0.98818027510909,-0.478534822267752,-0.867541507603602
"2850-57585","2640-97589","2850-57585_2640-97589",2,"CHR",4,"CHR-4","0",10,16.60092687,0,-15,0.172043010752688,"CHR_4_2",1,NA,0,2,"no",15.5,15.49893652,38.8499435,76,-0.411550717693951,-0.159665267146272,1.94192717350385,16.1,11.8153556,16.91354271,99.66666667,1.19349574731726,-0.485157035237985,-1.19530341502793,0.803348698862392,-0.75378628983068,0,"large","second","dist.20","dist.20","dist.20",0,-0.79496156308078,-0.319841925842042,1.29226422972124,-0.358985457287731,0.98818027510909,-0.478534822267752,-0.867541507603602
"2850-57585","2850-57567","2850-57585_2850-57567",1,"CHR",4,"CHR-4","0",10,24.71865145,9,-2,0.340501792114695,"CHR_4_1",1,NA,0,4,"no",15.5,15.49893652,38.8499435,76,-0.411550717693951,-0.159665267146272,1.94192717350385,16.6,10.56012296,26.35612994,102.1666667,1.49218081789379,-0.807622320284185,0.735008293751907,1.96436706111603,1.6643004221014,0,"large","first","dist.20+","dist.20+","dist.20+",0,1.27945088999913,-0.319841925842042,1.29226422972124,-0.358985457287731,-1.17504035013197,0.922800644787313,-0.818227574717981
"2850-57585","2850-57567","2850-57585_2850-57567",2,"CHR",4,"CHR-4","0",0,24.71865145,0,-51,0.172043010752688,"CHR_4_2",1,NA,0,2,"no",15.5,15.49893652,38.8499435,76,-0.411550717693951,-0.159665267146272,1.94192717350385,16.6,10.56012296,26.35612994,102.1666667,1.49218081789379,-0.807622320284185,0.735008293751907,1.96436706111603,-0.75378628983068,0,"large","second","dist.20+","dist.20+","dist.20+",0,-0.79496156308078,-0.319841925842042,1.29226422972124,-0.358985457287731,-1.17504035013197,0.922800644787313,-0.818227574717981
"2850-57585","2850-57570","2850-57585_2850-57570",2,"CHR",4,"CHR-4","0",10,24.98854943,0,-19,0.172043010752688,"CHR_4_2",1,NA,0,2,"no",15.5,15.49893652,38.8499435,76,-0.411550717693951,-0.159665267146272,1.94192717350385,16.51,16.84077767,23.06811898,90,0.038580154548733,0.805857959623855,0.0628528876022267,2.00296858148384,-0.75378628983068,0,"large","second","dist.20+","dist.20+","dist.20+",0,-0.79496156308078,-0.319841925842042,1.29226422972124,-0.358985457287731,-0.157054173547943,-1.42571858026568,-1.08665491345185
"2850-57585","2850-57570","2850-57585_2850-57570",1,"CHR",4,"CHR-4","0",0,22.14425318,0,10,0.372759856630824,"CHR_4_1",1,NA,0,4,"no",15.5,15.49893652,38.8499435,76,-0.411550717693951,-0.159665267146272,1.94192717350385,16.51,16.84077767,23.06811898,90,0.038580154548733,0.805857959623855,0.0628528876022267,1.596169836171,-0.75378628983068,0,"large","first","dist.20+","dist.20+","dist.20+",0,1.67667880654635,-0.319841925842042,1.29226422972124,-0.358985457287731,-0.157054173547943,-1.42571858026568,-1.08665491345185
"2850-57585","2850-57577","2850-57585_2850-57577",2,"CHR",4,"CHR-4","0",10,29.43897383,0,10,0.172043010752688,"CHR_4_2",1,NA,0,2,"no",15.5,15.49893652,38.8499435,76,-0.411550717693951,-0.159665267146272,1.94192717350385,18.2,20.92472416,28.83623131,90.83333333,0.138141843147924,1.85501086327307,1.24200585669334,2.63948000747528,-0.75378628983068,0,"large","second","dist.20+","dist.20+","dist.20+",0,-0.79496156308078,-0.319841925842042,1.29226422972124,-0.358985457287731,-0.666047261839958,0.264789915692027,-0.462001728113777
"2850-57585","2850-57577","2850-57585_2850-57577",1,"CHR",4,"CHR-4","0",0,29.43897383,0,10,0.372759856630824,"CHR_4_1",1,NA,0,4,"no",15.5,15.49893652,38.8499435,76,-0.411550717693951,-0.159665267146272,1.94192717350385,18.2,20.92472416,28.83623131,90.83333333,0.138141843147924,1.85501086327307,1.24200585669334,2.63948000747528,-0.75378628983068,0,"large","first","dist.20+","dist.20+","dist.20+",0,1.67667880654635,-0.319841925842042,1.29226422972124,-0.358985457287731,-0.666047261839958,0.264789915692027,-0.462001728113777
"2850-57585","2850-57578","2850-57585_2850-57578",1,"CHR",4,"CHR-4","0",4,18.78723311,4,6,0.3584229390681,"CHR_4_1",1,NA,0,4,"no",15.5,15.49893652,38.8499435,76,-0.411550717693951,-0.159665267146272,1.94192717350385,17.2,10.81633932,15.67680791,91.5,0.217791194744121,-0.741801149826969,-1.44812434290995,1.11603997892916,0.320918915472468,0,"large","first","dist.20","dist.20","dist.20",0,1.5001330658587,-0.319841925842042,1.29226422972124,-0.358985457287731,0.0550262790587415,1.59216462744548,-0.0904874492207969
"2850-57585","2850-57578","2850-57585_2850-57578",2,"CHR",4,"CHR-4","0",10,18.78723311,3,7,0.161290322580645,"CHR_4_2",1,NA,0,2,"no",15.5,15.49893652,38.8499435,76,-0.411550717693951,-0.159665267146272,1.94192717350385,17.2,10.81633932,15.67680791,91.5,0.217791194744121,-0.741801149826969,-1.44812434290995,1.11603997892916,0.0522426141466809,0,"large","second","dist.20","dist.20","dist.20",0,-0.927370868596519,-0.319841925842042,1.29226422972124,-0.358985457287731,0.0550262790587415,1.59216462744548,-0.0904874492207969
"2850-57585","2850-57579","2850-57585_2850-57579",1,"CHR",4,"CHR-4","0",10,11.06999379,3,-7,0.362007168458781,"CHR_4_1",1,NA,0,4,"no",15.5,15.49893652,38.8499435,76,-0.411550717693951,-0.159665267146272,1.94192717350385,16.3,11.31949153,24.77905949,93.5,0.456739248337971,-0.612542942504321,0.412613860843324,0.0123000739685371,0.0522426141466809,0,"large","first","dist.20","dist.20","dist.20",0,1.54426950103061,-0.319841925842042,1.29226422972124,-0.358985457287731,0.394355006283394,0.252942547897877,-0.257226498974273
"2850-57585","2850-57579","2850-57585_2850-57579",2,"CHR",4,"CHR-4","0",10,10.1681123,0,-31,0.172043010752688,"CHR_4_2",1,NA,0,2,"no",15.5,15.49893652,38.8499435,76,-0.411550717693951,-0.159665267146272,1.94192717350385,16.3,11.31949153,24.77905949,93.5,0.456739248337971,-0.612542942504321,0.412613860843324,-0.116689393479823,-0.75378628983068,0,"large","second","dist.20","dist.20","dist.20",0,-0.79496156308078,-0.319841925842042,1.29226422972124,-0.358985457287731,0.394355006283394,0.252942547897877,-0.257226498974273
"2850-57585","2850-57580","2850-57585_2850-57580",1,"CHR",4,"CHR-4","0",9,5.173148491,9,1,0.340501792114695,"CHR_4_1",1,NA,0,4,"no",15.5,15.49893652,38.8499435,76,-0.411550717693951,-0.159665267146272,1.94192717350385,16.2,9.142844799,27.48113161,87.83333333,-0.220280237242851,-1.17171658585126,0.964988048569367,-0.831082280783392,1.6643004221014,0,"large","first","dist.10","dist.10","dist.10",0,1.27945088999913,-0.319841925842042,1.29226422972124,-0.358985457287731,0.564019367350756,0.594981908524202,0.613110506001452
"2850-57585","2850-57580","2850-57585_2850-57580",2,"CHR",4,"CHR-4","0",0,5.173148491,0,-48,0.172043010752688,"CHR_4_2",1,NA,0,2,"no",15.5,15.49893652,38.8499435,76,-0.411550717693951,-0.159665267146272,1.94192717350385,16.2,9.142844799,27.48113161,87.83333333,-0.220280237242851,-1.17171658585126,0.964988048569367,-0.831082280783392,-0.75378628983068,0,"large","second","dist.10","dist.10","dist.10",0,-0.79496156308078,-0.319841925842042,1.29226422972124,-0.358985457287731,0.564019367350756,0.594981908524202,0.613110506001452
"2850-57585","2850-57581","2850-57585_2850-57581",1,"CHR",4,"CHR-4","0",10,7.971151755,0,-9,0.372759856630824,"CHR_4_1",1,"ep_same",2,4,"yes",15.5,15.49893652,38.8499435,76,-0.411550717693951,-0.159665267146272,1.94192717350385,15.5,12.5018158,18.94245264,82.5,-0.857475046428205,-0.308807586528723,-0.780541178943333,-0.430904480325225,-0.75378628983068,1,"large","first","dist.10","dist.10","dist.10",0.5,1.67667880654635,-0.319841925842042,1.29226422972124,-0.358985457287731,-0.920543805985966,0.0923616887128494,-0.0652425713766268
"2850-57585","2850-57581","2850-57585_2850-57581",2,"CHR",4,"CHR-4","0",10,6.511773364,1,-9,0.168458781362007,"CHR_4_2",1,"ep_same",1,2,"yes",15.5,15.49893652,38.8499435,76,-0.411550717693951,-0.159665267146272,1.94192717350385,15.5,12.5018158,18.94245264,82.5,-0.857475046428205,-0.308807586528723,-0.780541178943333,-0.639628623738719,-0.485109988504893,1,"large","second","dist.10","dist.10","dist.10",0.5,-0.839097998252692,-0.319841925842042,1.29226422972124,-0.358985457287731,-0.920543805985966,0.0923616887128494,-0.0652425713766268
"2850-57585","2850-57589","2850-57585_2850-57589",1,"CHR",4,"CHR-4","0",10,10.9861078,8,-3,0.344086021505376,"CHR_4_1",1,NA,0,4,"no",15.5,15.49893652,38.8499435,76,-0.411550717693951,-0.159665267146272,1.94192717350385,17.5,12.65077601,16.92662014,97,0.874898342127209,-0.270540180912031,-1.19263004642303,0.000302478612102195,1.39562412077562,0,"large","first","dist.20","dist.20","dist.20",0,1.32358732517104,-0.319841925842042,1.29226422972124,-0.358985457287731,0.394355006283394,-0.220209818057244,-0.7238327207249
"2850-57585","2850-57589","2850-57585_2850-57589",2,"CHR",4,"CHR-4","0",10,9.3957563137,9,1,0.139784946236559,"CHR_4_2",1,NA,0,2,"no",15.5,15.49893652,38.8499435,76,-0.411550717693951,-0.159665267146272,1.94192717350385,17.5,12.65077601,16.92662014,97,0.874898342127209,-0.270540180912031,-1.19263004642303,-0.227153782047539,1.6643004221014,0,"large","second","dist.10","dist.10","dist.10",0,-1.192189479628,-0.319841925842042,1.29226422972124,-0.358985457287731,0.394355006283394,-0.220209818057244,-0.7238327207249
"2850-57585","2850-57620","2850-57585_2850-57620",1,"CHR",4,"CHR-4","0",10,21.28259696,10,0,0.336917562724014,"CHR_4_1",1,NA,0,4,"no",15.5,15.49893652,38.8499435,76,-0.411550717693951,-0.159665267146272,1.94192717350385,18.2,8.903889997,21.60838485,87,-0.319841925842042,-1.2331033167923,-0.235554933708899,1.4729334928446,1.93297672342719,0,"large","first","dist.20+","dist.20+","dist.20+",0,1.23531445482722,-0.319841925842042,1.29226422972124,-0.358985457287731,-1.04779207805897,-0.519894914297499,-0.347422909026337
"2850-57585","2850-57620","2850-57585_2850-57620",2,"CHR",4,"CHR-4","0",10,21.28259696,10,0,0.136200716845878,"CHR_4_2",1,NA,0,2,"no",15.5,15.49893652,38.8499435,76,-0.411550717693951,-0.159665267146272,1.94192717350385,18.2,8.903889997,21.60838485,87,-0.319841925842042,-1.2331033167923,-0.235554933708899,1.4729334928446,1.93297672342719,0,"large","second","dist.20+","dist.20+","dist.20+",0,-1.23632591479991,-0.319841925842042,1.29226422972124,-0.358985457287731,-1.04779207805897,-0.519894914297499,-0.347422909026337
"2850-57585","2850-57647","2850-57585_2850-57647",1,"CHR",4,"CHR-4","0",5,16.66361176,5,5,0.354838709677419,"CHR_4_1",1,NA,0,4,"no",15.5,15.49893652,38.8499435,76,-0.411550717693951,-0.159665267146272,1.94192717350385,15.8,12.89783981,28.1838767,85.83333333,-0.459228290836701,-0.207070274097309,1.10864751842364,0.812314057025091,0.589595216798255,0,"large","first","dist.20","dist.20","dist.20",0,1.45599663068678,-0.319841925842042,1.29226422972124,-0.358985457287731,2.30307908737845,-0.324477446700752,0.908946604529733
"2850-57585","2850-57647","2850-57585_2850-57647",2,"CHR",4,"CHR-4","0",10,16.66361176,0,10,0.172043010752688,"CHR_4_2",1,NA,0,2,"no",15.5,15.49893652,38.8499435,76,-0.411550717693951,-0.159665267146272,1.94192717350385,15.8,12.89783981,28.1838767,85.83333333,-0.459228290836701,-0.207070274097309,1.10864751842364,0.812314057025091,-0.75378628983068,0,"large","second","dist.20","dist.20","dist.20",0,-0.79496156308078,-0.319841925842042,1.29226422972124,-0.358985457287731,2.30307908737845,-0.324477446700752,0.908946604529733
"2850-57585","2850-57653","2850-57585_2850-57653",1,"CHR",4,"CHR-4","0",10,29.35647712,10,0,0.336917562724014,"CHR_4_1",1,NA,0,4,"no",15.5,15.49893652,38.8499435,76,-0.411550717693951,-0.159665267146272,1.94192717350385,16.37,8.467490861,27.15053506,78,-1.39510816701437,-1.34521287106915,0.897405470214174,2.62768111060565,1.93297672342719,0,"large","first","dist.20+","dist.20+","dist.20+",0,1.23531445482722,-0.319841925842042,1.29226422972124,-0.358985457287731,0.182274551131745,-1.12841701146077,0.110874711490428
"2850-57585","2850-57653","2850-57585_2850-57653",2,"CHR",4,"CHR-4","0",10,31.40355192,0,-16,0.172043010752688,"CHR_4_2",1,NA,0,2,"no",15.5,15.49893652,38.8499435,76,-0.411550717693951,-0.159665267146272,1.94192717350385,16.37,8.467490861,27.15053506,78,-1.39510816701437,-1.34521287106915,0.897405470214174,2.92045914320388,-0.75378628983068,0,"large","second","dist.20+","dist.20+","dist.20+",0,-0.79496156308078,-0.319841925842042,1.29226422972124,-0.358985457287731,0.182274551131745,-1.12841701146077,0.110874711490428
"2850-57585","2850-57669","2850-57585_2850-57669",1,"CHR",4,"CHR-4","0",10,18.49401987,10,0,0.336917562724014,"CHR_4_1",1,NA,0,4,"no",15.5,15.49893652,38.8499435,76,-0.411550717693951,-0.159665267146272,1.94192717350385,17.82,14.07982054,27.72719176,89.66666667,-0.0012445206519955,0.0965768275416075,1.01528917653778,1.07410384863292,1.93297672342719,0,"large","first","dist.20","dist.20","dist.20",0,1.23531445482722,-0.319841925842042,1.29226422972124,-0.358985457287731,NA,NA,NA
"2850-57585","2850-57669","2850-57585_2850-57669",2,"CHR",4,"CHR-4","0",10,17.591652565,5,5,0.154121863799283,"CHR_4_2",1,NA,0,2,"no",15.5,15.49893652,38.8499435,76,-0.411550717693951,-0.159665267146272,1.94192717350385,17.82,14.07982054,27.72719176,89.66666667,-0.0012445206519955,0.0965768275416075,1.01528917653778,0.945044898642983,0.589595216798255,0,"large","second","dist.20","dist.20","dist.20",0,-1.01564373894034,-0.319841925842042,1.29226422972124,-0.358985457287731,NA,NA,NA
"2850-57585","2850-57671","2850-57585_2850-57671",1,"CHR",4,"CHR-4","0",6,4.473367138,6,4,0.351254480286738,"CHR_4_1",1,NA,0,4,"no",15.5,15.49893652,38.8499435,76,-0.411550717693951,-0.159665267146272,1.94192717350385,17.53,16.28350449,28.84180791,75.83333333,-1.65396855880595,0.662696246718346,1.24314585953504,-0.93116685403898,0.858271518124042,0,"large","first","dist.05","dist.05","dist.10",0,1.41186019551487,-0.319841925842042,1.29226422972124,-0.358985457287731,0.606435458890079,1.16785270969026,0.187430780520441
"2850-57585","2850-57671","2850-57585_2850-57671",2,"CHR",4,"CHR-4","0",0,4.473367138,0,-45,0.172043010752688,"CHR_4_2",1,NA,0,2,"no",15.5,15.49893652,38.8499435,76,-0.411550717693951,-0.159665267146272,1.94192717350385,17.53,16.28350449,28.84180791,75.83333333,-1.65396855880595,0.662696246718346,1.24314585953504,-0.93116685403898,-0.75378628983068,0,"large","second","dist.05","dist.05","dist.10",0,-0.79496156308078,-0.319841925842042,1.29226422972124,-0.358985457287731,0.606435458890079,1.16785270969026,0.187430780520441
"2850-57585","2850-57731","2850-57585_2850-57731",1,"CHR",4,"CHR-4","0",10,15.89371749,0,-18,0.372759856630824,"CHR_4_1",1,NA,0,4,"no",15.5,15.49893652,38.8499435,76,-0.411550717693951,-0.159665267146272,1.94192717350385,15.9,10.9634214,23.24545364,91,0.158054181345658,-0.704016229851986,0.0991047285683272,0.702201749610018,-0.75378628983068,0,"large","first","dist.20","dist.20","dist.20",0,1.67667880654635,-0.319841925842042,1.29226422972124,-0.358985457287731,-1.17504035013197,-0.720064302121302,-0.918055636034195
"2850-57585","2850-57731","2850-57585_2850-57731",2,"CHR",4,"CHR-4","0",10,19.59842008,0,-18,0.172043010752688,"CHR_4_2",1,NA,0,2,"no",15.5,15.49893652,38.8499435,76,-0.411550717693951,-0.159665267146272,1.94192717350385,15.9,10.9634214,23.24545364,91,0.158054181345658,-0.704016229851986,0.0991047285683272,1.23205807711782,-0.75378628983068,0,"large","second","dist.20","dist.20","dist.20",0,-0.79496156308078,-0.319841925842042,1.29226422972124,-0.358985457287731,-1.17504035013197,-0.720064302121302,-0.918055636034195
"2850-57585","2850-57733","2850-57585_2850-57733",2,"CHR",4,"CHR-4","0",10,7.718197398,0,22,0.172043010752688,"CHR_4_2",1,NA,0,2,"no",15.5,15.49893652,38.8499435,76,-0.411550717693951,-0.159665267146272,1.94192717350385,15.66,14.84394317,20.45213858,102,1.47226847611183,0.292877508261001,-0.471921901664779,-0.467082679079667,-0.75378628983068,0,"large","second","dist.10","dist.10","dist.10",0,-0.79496156308078,-0.319841925842042,1.29226422972124,-0.358985457287731,0.606435458890079,-1.12204057333336,-0.450386497816471
"2850-57585","2850-57733","2850-57585_2850-57733",1,"CHR",4,"CHR-4","0",0,7.718197398,0,25,0.372759856630824,"CHR_4_1",1,NA,0,4,"no",15.5,15.49893652,38.8499435,76,-0.411550717693951,-0.159665267146272,1.94192717350385,15.66,14.84394317,20.45213858,102,1.47226847611183,0.292877508261001,-0.471921901664779,-0.467082679079667,-0.75378628983068,0,"large","first","dist.10","dist.10","dist.10",0,1.67667880654635,-0.319841925842042,1.29226422972124,-0.358985457287731,0.606435458890079,-1.12204057333336,-0.450386497816471
"2850-57585","2850-57742","2850-57585_2850-57742",1,"CHR",4,"CHR-4","0",10,15.7455459,0,-10,0.372759856630824,"CHR_4_1",1,NA,0,4,"no",15.5,15.49893652,38.8499435,76,-0.411550717693951,-0.159665267146272,1.94192717350385,16.98,13.00562645,26.1463443,93,0.397002234939508,-0.179380228057897,0.692122624034258,0.681009858328297,-0.75378628983068,0,"large","first","dist.20","dist.20","dist.20",0,1.67667880654635,-0.319841925842042,1.29226422972124,-0.358985457287731,0.564019367350756,-0.96234197733198,-0.610003960994292
"2850-57585","2850-57742","2850-57585_2850-57742",2,"CHR",4,"CHR-4","0",10,12.94374732,0,-13,0.172043010752688,"CHR_4_2",1,NA,0,2,"no",15.5,15.49893652,38.8499435,76,-0.411550717693951,-0.159665267146272,1.94192717350385,16.98,13.00562645,26.1463443,93,0.397002234939508,-0.179380228057897,0.692122624034258,0.280289241773928,-0.75378628983068,0,"large","second","dist.20","dist.20","dist.20",0,-0.79496156308078,-0.319841925842042,1.29226422972124,-0.358985457287731,0.564019367350756,-0.96234197733198,-0.610003960994292
"2850-57585","2850-57744","2850-57585_2850-57744",1,"CHR",4,"CHR-4","0",2,3.556109437,2,8,0.365591397849462,"CHR_4_1",1,NA,0,4,"no",15.5,15.49893652,38.8499435,76,-0.411550717693951,-0.159665267146272,1.94192717350385,14.77,24.63866733,20.45419575,84.5,-0.618526992834355,2.80911108724386,-0.47150136233152,-1.06235546770583,-0.216433687179106,0,"large","first","dist.05","dist.05","dist.10",0,1.58840593620252,-0.319841925842042,1.29226422972124,-0.358985457287731,-0.411550717693951,1.14723185861105,0.256764043881684
"2850-57585","2850-57744","2850-57585_2850-57744",2,"CHR",4,"CHR-4","0",10,3.556109437,0,11,0.172043010752688,"CHR_4_2",1,NA,0,2,"no",15.5,15.49893652,38.8499435,76,-0.411550717693951,-0.159665267146272,1.94192717350385,14.77,24.63866733,20.45419575,84.5,-0.618526992834355,2.80911108724386,-0.47150136233152,-1.06235546770583,-0.75378628983068,0,"large","second","dist.05","dist.05","dist.10",0,-0.79496156308078,-0.319841925842042,1.29226422972124,-0.358985457287731,-0.411550717693951,1.14723185861105,0.256764043881684
"2850-57585","2850-57745","2850-57585_2850-57745",1,"CHR",4,"CHR-4","0",10,28.78449961,6,-5,0.351254480286738,"CHR_4_1",1,NA,0,4,"no",15.5,15.49893652,38.8499435,76,-0.411550717693951,-0.159665267146272,1.94192717350385,16.33,11.89491525,19.28173812,85,-0.558789979435893,-0.464718413425676,-0.711182356121742,2.54587537978026,0.858271518124042,0,"large","first","dist.20+","dist.20+","dist.20+",0,1.41186019551487,-0.319841925842042,1.29226422972124,-0.358985457287731,NA,NA,NA
"2850-57585","2850-57745","2850-57585_2850-57745",2,"CHR",4,"CHR-4","0",10,28.24518316,0,-19,0.172043010752688,"CHR_4_2",1,NA,0,2,"no",15.5,15.49893652,38.8499435,76,-0.411550717693951,-0.159665267146272,1.94192717350385,16.33,11.89491525,19.28173812,85,-0.558789979435893,-0.464718413425676,-0.711182356121742,2.4687409198285,-0.75378628983068,0,"large","second","dist.20+","dist.20+","dist.20+",0,-0.79496156308078,-0.319841925842042,1.29226422972124,-0.358985457287731,NA,NA,NA
"2850-57585","2850-57806","2850-57585_2850-57806",1,"CHR",4,"CHR-4","0",10,23.35798423,0,-13,0.372759856630824,"CHR_4_1",1,"ep_same",2,4,"yes",15.5,15.49893652,38.8499435,76,-0.411550717693951,-0.159665267146272,1.94192717350385,15.88,11.25502825,14.26422898,83.83333333,-0.698176344430552,-0.62910335473214,-1.73689240845576,1.76976084951472,-0.75378628983068,1,"large","first","dist.20+","dist.20+","dist.20+",0.5,1.67667880654635,-0.319841925842042,1.29226422972124,-0.358985457287731,0.224690642671068,-0.312822534834813,0.766781208645738
"2850-57585","2850-57806","2850-57585_2850-57806",2,"CHR",4,"CHR-4","0",10,25.1203531,0,-10,0.172043010752688,"CHR_4_2",1,NA,0,2,"no",15.5,15.49893652,38.8499435,76,-0.411550717693951,-0.159665267146272,1.94192717350385,15.88,11.25502825,14.26422898,83.83333333,-0.698176344430552,-0.62910335473214,-1.73689240845576,2.02181948971241,-0.75378628983068,0,"large","second","dist.20+","dist.20+","dist.20+",0,-0.79496156308078,-0.319841925842042,1.29226422972124,-0.358985457287731,0.224690642671068,-0.312822534834813,0.766781208645738
"2850-57585","2850-57808","2850-57585_2850-57808",1,"CHR",4,"CHR-4","0",10,16.94168974,0,-13,0.372759856630824,"CHR_4_1",1,NA,0,4,"no",15.5,15.49893652,38.8499435,76,-0.411550717693951,-0.159665267146272,1.94192717350385,17.44,11.46748421,15.37756564,100,1.23332042251798,-0.574524092276724,-1.50929728666711,0.852085502549842,-0.75378628983068,0,"large","first","dist.20","dist.20","dist.20",0,1.67667880654635,-0.319841925842042,1.29226422972124,-0.358985457287731,0.564019367350756,-2.00209196155345,-1.05591017852521
"2850-57585","2850-57808","2850-57585_2850-57808",2,"CHR",4,"CHR-4","0",10,15.90725563,0,-14,0.172043010752688,"CHR_4_2",1,NA,0,2,"no",15.5,15.49893652,38.8499435,76,-0.411550717693951,-0.159665267146272,1.94192717350385,17.44,11.46748421,15.37756564,100,1.23332042251798,-0.574524092276724,-1.50929728666711,0.704138010070183,-0.75378628983068,0,"large","second","dist.20","dist.20","dist.20",0,-0.79496156308078,-0.319841925842042,1.29226422972124,-0.358985457287731,0.564019367350756,-2.00209196155345,-1.05591017852521
"2850-57585","2850-57881","2850-57585_2850-57881",1,"CHR",4,"CHR-4","0",10,18.2811172,4,-8,0.3584229390681,"CHR_4_1",1,NA,0,4,"no",15.5,15.49893652,38.8499435,76,-0.411550717693951,-0.159665267146272,1.94192717350385,16.55,11.73463277,21.93833167,84.83333333,-0.578702317633627,-0.50589447430401,-0.16810517715307,1.04365394770233,0.320918915472468,0,"large","first","dist.20","dist.20","dist.20",0,1.5001330658587,-0.319841925842042,1.29226422972124,-0.358985457287731,-0.835711625452285,0.553081751767378,1.79200900661347
"2850-57585","2850-57881","2850-57585_2850-57881",2,"CHR",4,"CHR-4","0",10,17.57294798,10,0,0.136200716845878,"CHR_4_2",1,NA,0,2,"no",15.5,15.49893652,38.8499435,76,-0.411550717693951,-0.159665267146272,1.94192717350385,16.55,11.73463277,21.93833167,84.83333333,-0.578702317633627,-0.50589447430401,-0.16810517715307,0.942369719603669,1.93297672342719,0,"large","second","dist.20","dist.20","dist.20",0,-1.23632591479991,-0.319841925842042,1.29226422972124,-0.358985457287731,-0.835711625452285,0.553081751767378,1.79200900661347
"2850-57588","2640-97588","2850-57588_2640-97588",2,"CHR",45,"CHR-45","0",11,3.246163671,9,-2,0.3,"CHR_45_2",1,NA,0,4,"no",18.1,12.52124294,26.61550183,78.33333333,0.182274551131745,-1.12841701146077,0.110874711490428,18.7,11.85018943,14.45612662,87,-0.319841925842042,-0.476208334764261,-1.69766351362466,-1.1066847279662,1.6643004221014,0,"large","second","dist.05","dist.05","dist.10",0,0.780709172556517,-1.39510816701437,-1.34521287106915,0.897405470214174,0.224690642671068,-0.0934822025987468,-1.95280566010936
"2850-57588","2640-97589","2850-57588_2640-97589",2,"CHR",45,"CHR-45","0",11,14.83818046,10,1,0.296774193548387,"CHR_45_2",1,NA,0,4,"no",18.1,12.52124294,26.61550183,78.33333333,0.182274551131745,-1.12841701146077,0.110874711490428,16.1,11.8153556,16.91354271,99.66666667,1.19349574731726,-0.485157035237985,-1.19530341502793,0.551236061898959,1.93297672342719,0,"large","second","dist.20","dist.20","dist.20",0,0.740986380901795,-1.39510816701437,-1.34521287106915,0.897405470214174,0.98818027510909,-0.478534822267752,-0.867541507603602
"2850-57588","2811-83208","2850-57588_2811-83208",2,"CHR",45,"CHR-45","0",11,31.40355192,0,16,0.329032258064516,"CHR_45_2",1,NA,0,4,"no",18.1,12.52124294,26.61550183,78.33333333,0.182274551131745,-1.12841701146077,0.110874711490428,16.9,18.73416916,21.00459455,87,-0.319841925842042,1.29226422972124,-0.358985457287731,2.92045914320388,-0.75378628983068,0,"large","second","dist.20+","dist.20+","dist.20+",0,1.13821429744901,-1.39510816701437,-1.34521287106915,0.897405470214174,-0.411550717693951,-0.159665267146272,1.94192717350385
"2850-57588","2850-57567","2850-57588_2850-57567",2,"CHR",45,"CHR-45","0",8,6.793815753,0,-35,0.329032258064516,"CHR_45_2",1,NA,0,4,"no",18.1,12.52124294,26.61550183,78.33333333,0.182274551131745,-1.12841701146077,0.110874711490428,16.6,10.56012296,26.35612994,102.1666667,1.49218081789379,-0.807622320284185,0.735008293751907,-0.599290177991292,-0.75378628983068,0,"large","second","dist.10","dist.10","dist.10",0,1.13821429744901,-1.39510816701437,-1.34521287106915,0.897405470214174,-1.17504035013197,0.922800644787313,-0.818227574717981
"2850-57588","2850-57570","2850-57588_2850-57570",2,"CHR",45,"CHR-45","0",11,6.451162169,7,-3,0.306451612903226,"CHR_45_2",1,NA,0,4,"no",18.1,12.52124294,26.61550183,78.33333333,0.182274551131745,-1.12841701146077,0.110874711490428,16.51,16.84077767,23.06811898,90,0.038580154548733,0.805857959623855,0.0628528876022267,-0.648297396577663,1.12694781944983,0,"large","second","dist.10","dist.10","dist.10",0,0.860154755865963,-1.39510816701437,-1.34521287106915,0.897405470214174,-0.157054173547943,-1.42571858026568,-1.08665491345185
"2850-57588","2850-57577","2850-57588_2850-57577",2,"CHR",45,"CHR-45","0",11,6.777622682,0,-23,0.329032258064516,"CHR_45_2",1,NA,0,4,"no",18.1,12.52124294,26.61550183,78.33333333,0.182274551131745,-1.12841701146077,0.110874711490428,18.2,20.92472416,28.83623131,90.83333333,0.138141843147924,1.85501086327307,1.24200585669334,-0.601606153679676,-0.75378628983068,0,"large","second","dist.10","dist.10","dist.10",0,1.13821429744901,-1.39510816701437,-1.34521287106915,0.897405470214174,-0.666047261839958,0.264789915692027,-0.462001728113777
"2850-57588","2850-57578","2850-57588_2850-57578",2,"CHR",45,"CHR-45","0",11,12.97952929,0,23,0.329032258064516,"CHR_45_2",1,NA,0,4,"no",18.1,12.52124294,26.61550183,78.33333333,0.182274551131745,-1.12841701146077,0.110874711490428,17.2,10.81633932,15.67680791,91.5,0.217791194744121,-0.741801149826969,-1.44812434290995,0.285406873420358,-0.75378628983068,0,"large","second","dist.20","dist.20","dist.20",0,1.13821429744901,-1.39510816701437,-1.34521287106915,0.897405470214174,0.0550262790587415,1.59216462744548,-0.0904874492207969
"2850-57588","2850-57579","2850-57588_2850-57579",2,"CHR",45,"CHR-45","0",11,21.97434176,0,-15,0.329032258064516,"CHR_45_2",1,NA,0,4,"no",18.1,12.52124294,26.61550183,78.33333333,0.182274551131745,-1.12841701146077,0.110874711490428,16.3,11.31949153,24.77905949,93.5,0.456739248337971,-0.612542942504321,0.412613860843324,1.57186865711122,-0.75378628983068,0,"large","second","dist.20+","dist.20+","dist.20+",0,1.13821429744901,-1.39510816701437,-1.34521287106915,0.897405470214174,0.394355006283394,0.252942547897877,-0.257226498974273
"2850-57588","2850-57580","2850-57588_2850-57580",2,"CHR",45,"CHR-45","0",10,26.33609713,0,-32,0.329032258064516,"CHR_45_2",1,NA,0,4,"no",18.1,12.52124294,26.61550183,78.33333333,0.182274551131745,-1.12841701146077,0.110874711490428,16.2,9.142844799,27.48113161,87.83333333,-0.220280237242851,-1.17171658585126,0.964988048569367,2.19569840476058,-0.75378628983068,0,"large","second","dist.20+","dist.20+","dist.20+",0,1.13821429744901,-1.39510816701437,-1.34521287106915,0.897405470214174,0.564019367350756,0.594981908524202,0.613110506001452
"2850-57588","2850-57581","2850-57588_2850-57581",2,"CHR",45,"CHR-45","0",11,25.4904246872727,4,7,0.316129032258064,"CHR_45_2",1,NA,0,4,"no",18.1,12.52124294,26.61550183,78.33333333,0.182274551131745,-1.12841701146077,0.110874711490428,15.5,12.5018158,18.94245264,82.5,-0.857475046428205,-0.308807586528723,-0.780541178943333,2.07474810338212,0.320918915472468,0,"large","second","dist.20+","dist.20+","dist.20+",0,0.97932313083012,-1.39510816701437,-1.34521287106915,0.897405470214174,-0.920543805985966,0.0923616887128494,-0.0652425713766268
"2850-57588","2850-57589","2850-57588_2850-57589",2,"CHR",45,"CHR-45","0",11,20.42508594,0,17,0.329032258064516,"CHR_45_2",1,NA,0,4,"no",18.1,12.52124294,26.61550183,78.33333333,0.182274551131745,-1.12841701146077,0.110874711490428,17.5,12.65077601,16.92662014,97,0.874898342127209,-0.270540180912031,-1.19263004642303,1.35029000694614,-0.75378628983068,0,"large","second","dist.20+","dist.20+","dist.20+",0,1.13821429744901,-1.39510816701437,-1.34521287106915,0.897405470214174,0.394355006283394,-0.220209818057244,-0.7238327207249
"2850-57588","2850-57620","2850-57588_2850-57620",2,"CHR",45,"CHR-45","0",11,10.27751357,0,16,0.329032258064516,"CHR_45_2",1,NA,0,4,"no",18.1,12.52124294,26.61550183,78.33333333,0.182274551131745,-1.12841701146077,0.110874711490428,18.2,8.903889997,21.60838485,87,-0.319841925842042,-1.2331033167923,-0.235554933708899,-0.101042535536798,-0.75378628983068,0,"large","second","dist.20","dist.20","dist.20",0,1.13821429744901,-1.39510816701437,-1.34521287106915,0.897405470214174,-1.04779207805897,-0.519894914297499,-0.347422909026337
"2850-57588","2850-57647","2850-57588_2850-57647",2,"CHR",45,"CHR-45","0",11,14.75912949,0,26,0.329032258064516,"CHR_45_2",1,NA,0,4,"no",18.1,12.52124294,26.61550183,78.33333333,0.182274551131745,-1.12841701146077,0.110874711490428,15.8,12.89783981,28.1838767,85.83333333,-0.459228290836701,-0.207070274097309,1.10864751842364,0.539929983844761,-0.75378628983068,0,"large","second","dist.20","dist.20","dist.20",0,1.13821429744901,-1.39510816701437,-1.34521287106915,0.897405470214174,2.30307908737845,-0.324477446700752,0.908946604529733
"2850-57588","2850-57669","2850-57588_2850-57669",2,"CHR",45,"CHR-45","0",11,12.95554044,8,3,0.306451612903226,"CHR_45_2",1,NA,0,4,"no",18.1,12.52124294,26.61550183,78.33333333,0.182274551131745,-1.12841701146077,0.110874711490428,17.82,14.07982054,27.72719176,89.66666667,-0.0012445206519955,0.0965768275416075,1.01528917653778,0.281975924875002,1.39562412077562,0,"large","second","dist.20","dist.20","dist.20",0,0.860154755865963,-1.39510816701437,-1.34521287106915,0.897405470214174,NA,NA,NA
"2850-57588","2850-57671","2850-57588_2850-57671",2,"CHR",45,"CHR-45","0",11,31.3259709,0,-29,0.329032258064516,"CHR_45_2",1,NA,0,4,"no",18.1,12.52124294,26.61550183,78.33333333,0.182274551131745,-1.12841701146077,0.110874711490428,17.53,16.28350449,28.84180791,75.83333333,-1.65396855880595,0.662696246718346,1.24314585953504,2.90936330127247,-0.75378628983068,0,"large","second","dist.20+","dist.20+","dist.20+",0,1.13821429744901,-1.39510816701437,-1.34521287106915,0.897405470214174,0.606435458890079,1.16785270969026,0.187430780520441
"2850-57588","2850-57731","2850-57588_2850-57731",2,"CHR",45,"CHR-45","0",11,12.43113436,8,-2,0.303225806451613,"CHR_45_2",1,NA,0,4,"no",18.1,12.52124294,26.61550183,78.33333333,0.182274551131745,-1.12841701146077,0.110874711490428,15.9,10.9634214,23.24545364,91,0.158054181345658,-0.704016229851986,0.0991047285683272,0.206973985334273,1.39562412077562,0,"large","second","dist.20","dist.20","dist.20",0,0.820431964211241,-1.39510816701437,-1.34521287106915,0.897405470214174,-1.17504035013197,-0.720064302121302,-0.918055636034195
"2850-57588","2850-57733","2850-57588_2850-57733",2,"CHR",45,"CHR-45","0",11,23.80987697,2,-8,0.32258064516129,"CHR_45_2",1,NA,0,4,"no",18.1,12.52124294,26.61550183,78.33333333,0.182274551131745,-1.12841701146077,0.110874711490428,15.66,14.84394317,20.45213858,102,1.47226847611183,0.292877508261001,-0.471921901664779,1.83439174007261,-0.216433687179106,0,"large","second","dist.20+","dist.20+","dist.20+",0,1.05876871413957,-1.39510816701437,-1.34521287106915,0.897405470214174,0.606435458890079,-1.12204057333336,-0.450386497816471
"2850-57588","2850-57742","2850-57588_2850-57742",2,"CHR",45,"CHR-45","0",11,17.8981910109091,8,3,0.303225806451613,"CHR_45_2",1,NA,0,4,"no",18.1,12.52124294,26.61550183,78.33333333,0.182274551131745,-1.12841701146077,0.110874711490428,16.98,13.00562645,26.1463443,93,0.397002234939508,-0.179380228057897,0.692122624034258,0.988886835004558,1.39562412077562,0,"large","second","dist.20","dist.20","dist.20",0,0.820431964211241,-1.39510816701437,-1.34521287106915,0.897405470214174,0.564019367350756,-0.96234197733198,-0.610003960994292
"2850-57588","2850-57744","2850-57588_2850-57744",2,"CHR",45,"CHR-45","0",11,28.17367532,0,-25,0.329032258064516,"CHR_45_2",1,NA,0,4,"no",18.1,12.52124294,26.61550183,78.33333333,0.182274551131745,-1.12841701146077,0.110874711490428,14.77,24.63866733,20.45419575,84.5,-0.618526992834355,2.80911108724386,-0.47150136233152,2.45851368010548,-0.75378628983068,0,"large","second","dist.20+","dist.20+","dist.20+",0,1.13821429744901,-1.39510816701437,-1.34521287106915,0.897405470214174,-0.411550717693951,1.14723185861105,0.256764043881684
"2850-57588","2850-57745","2850-57588_2850-57745",2,"CHR",45,"CHR-45","0",11,5.294267559,6,-3,0.309677419354839,"CHR_45_2",1,NA,0,4,"no",18.1,12.52124294,26.61550183,78.33333333,0.182274551131745,-1.12841701146077,0.110874711490428,16.33,11.89491525,19.28173812,85,-0.558789979435893,-0.464718413425676,-0.711182356121742,-0.81375951249023,0.858271518124042,0,"large","second","dist.10","dist.10","dist.10",0,0.899877547520686,-1.39510816701437,-1.34521287106915,0.897405470214174,NA,NA,NA
"2850-57588","2850-57806","2850-57588_2850-57806",2,"CHR",45,"CHR-45","0",12,8.42402140866667,5,6,0.312903225806452,"CHR_45_2",1,NA,0,4,"no",18.1,12.52124294,26.61550183,78.33333333,0.182274551131745,-1.12841701146077,0.110874711490428,15.88,11.25502825,14.26422898,83.83333333,-0.698176344430552,-0.62910335473214,-1.73689240845576,-0.366133869000241,0.589595216798255,0,"large","second","dist.10","dist.10","dist.10",0,0.939600339175409,-1.39510816701437,-1.34521287106915,0.897405470214174,0.224690642671068,-0.312822534834813,0.766781208645738
"2850-57588","2850-57808","2850-57588_2850-57808",2,"CHR",45,"CHR-45","0",11,16.3594590081818,9,2,0.3,"CHR_45_2",1,NA,0,4,"no",18.1,12.52124294,26.61550183,78.33333333,0.182274551131745,-1.12841701146077,0.110874711490428,17.44,11.46748421,15.37756564,100,1.23332042251798,-0.574524092276724,-1.50929728666711,0.76881332891947,1.6643004221014,0,"large","second","dist.20","dist.20","dist.20",0,0.780709172556517,-1.39510816701437,-1.34521287106915,0.897405470214174,0.564019367350756,-2.00209196155345,-1.05591017852521
"2850-57588","2850-57881","2850-57588_2850-57881",2,"CHR",45,"CHR-45","0",11,16.18122728,0,16,0.329032258064516,"CHR_45_2",1,NA,0,4,"no",18.1,12.52124294,26.61550183,78.33333333,0.182274551131745,-1.12841701146077,0.110874711490428,16.55,11.73463277,21.93833167,84.83333333,-0.578702317633627,-0.50589447430401,-0.16810517715307,0.74332215745683,-0.75378628983068,0,"large","second","dist.20","dist.20","dist.20",0,1.13821429744901,-1.39510816701437,-1.34521287106915,0.897405470214174,-0.835711625452285,0.553081751767378,1.79200900661347
"2850-57648","2640-97588","2850-57648_2640-97588",1,"CHR",133,"CHR-133","0",9,6.053862163,0,21,0.209677419354839,"CHR_133_1",1,NA,0,1,"no",17.74,11.60741442,18.61403456,77,-0.157054173547943,-1.42571858026568,-1.08665491345185,18.7,11.85018943,14.45612662,87,-0.319841925842042,-0.476208334764261,-1.69766351362466,-0.705120290449418,-0.75378628983068,0,"large","first","dist.10","dist.10","dist.10",0,-0.331528993775687,0.038580154548733,0.805857959623855,0.0628528876022267,0.224690642671068,-0.0934822025987468,-1.95280566010936
"2850-57648","2640-97588","2850-57648_2640-97588",2,"CHR",151,"CHR-151","0",10,3.332966163,9,1,0.261648745519713,"CHR_151_2",1,NA,0,3,"no",17.74,11.60741442,18.61403456,77,-0.157054173547943,-1.42571858026568,-1.08665491345185,18.7,11.85018943,14.45612662,87,-0.319841925842042,-0.476208334764261,-1.69766351362466,-1.0942700068078,1.6643004221014,0,"large","second","dist.05","dist.05","dist.10",0,0.308449316217045,0.038580154548733,0.805857959623855,0.0628528876022267,0.224690642671068,-0.0934822025987468,-1.95280566010936
"2850-57648","2640-97589","2850-57648_2640-97589",1,"CHR",133,"CHR-133","0",9,5.589012772,0,24,0.209677419354839,"CHR_133_1",1,NA,0,1,"no",17.74,11.60741442,18.61403456,77,-0.157054173547943,-1.42571858026568,-1.08665491345185,16.1,11.8153556,16.91354271,99.66666667,1.19349574731726,-0.485157035237985,-1.19530341502793,-0.771604275378286,-0.75378628983068,0,"large","first","dist.10","dist.10","dist.10",0,-0.331528993775687,0.038580154548733,0.805857959623855,0.0628528876022267,0.98818027510909,-0.478534822267752,-0.867541507603602
"2850-57648","2640-97589","2850-57648_2640-97589",2,"CHR",151,"CHR-151","0",10,8.398125942,6,4,0.272401433691756,"CHR_151_2",1,NA,0,3,"no",17.74,11.60741442,18.61403456,77,-0.157054173547943,-1.42571858026568,-1.08665491345185,16.1,11.8153556,16.91354271,99.66666667,1.19349574731726,-0.485157035237985,-1.19530341502793,-0.369837506885814,0.858271518124042,0,"large","second","dist.10","dist.10","dist.10",0,0.440858621732784,0.038580154548733,0.805857959623855,0.0628528876022267,0.98818027510909,-0.478534822267752,-0.867541507603602
"2850-57648","2811-83208","2850-57648_2811-83208",1,"CHR",133,"CHR-133","0",9,22.14425318,0,-10,0.209677419354839,"CHR_133_1",1,NA,0,1,"no",17.74,11.60741442,18.61403456,77,-0.157054173547943,-1.42571858026568,-1.08665491345185,16.9,18.73416916,21.00459455,87,-0.319841925842042,1.29226422972124,-0.358985457287731,1.596169836171,-0.75378628983068,0,"large","first","dist.20+","dist.20+","dist.20+",0,-0.331528993775687,0.038580154548733,0.805857959623855,0.0628528876022267,-0.411550717693951,-0.159665267146272,1.94192717350385
"2850-57648","2811-83208","2850-57648_2811-83208",2,"CHR",151,"CHR-151","0",10,24.98854943,0,19,0.293906810035842,"CHR_151_2",1,NA,0,3,"no",17.74,11.60741442,18.61403456,77,-0.157054173547943,-1.42571858026568,-1.08665491345185,16.9,18.73416916,21.00459455,87,-0.319841925842042,1.29226422972124,-0.358985457287731,2.00296858148384,-0.75378628983068,0,"large","second","dist.20+","dist.20+","dist.20+",0,0.705677232764262,0.038580154548733,0.805857959623855,0.0628528876022267,-0.411550717693951,-0.159665267146272,1.94192717350385
"2850-57648","2850-57567","2850-57648_2850-57567",1,"CHR",133,"CHR-133","0",9,2.83997057,0,-12,0.209677419354839,"CHR_133_1",1,NA,0,1,"no",17.74,11.60741442,18.61403456,77,-0.157054173547943,-1.42571858026568,-1.08665491345185,16.6,10.56012296,26.35612994,102.1666667,1.49218081789379,-0.807622320284185,0.735008293751907,-1.16477953572103,-0.75378628983068,0,"large","first","dist.05","dist.05","dist.10",0,-0.331528993775687,0.038580154548733,0.805857959623855,0.0628528876022267,-1.17504035013197,0.922800644787313,-0.818227574717981
"2850-57648","2850-57567","2850-57648_2850-57567",2,"CHR",151,"CHR-151","0",10,1.707202981,0,-32,0.293906810035842,"CHR_151_2",1,NA,0,3,"no",17.74,11.60741442,18.61403456,77,-0.157054173547943,-1.42571858026568,-1.08665491345185,16.6,10.56012296,26.35612994,102.1666667,1.49218081789379,-0.807622320284185,0.735008293751907,-1.32679094150769,-0.75378628983068,0,"large","second","dist.05","dist.05","dist.10",0,0.705677232764262,0.038580154548733,0.805857959623855,0.0628528876022267,-1.17504035013197,0.922800644787313,-0.818227574717981
"2850-57648","2850-57577","2850-57648_2850-57577",1,"CHR",133,"CHR-133","0",9,8.987406143,9,0,0.173387096774194,"CHR_133_1",1,NA,0,1,"no",17.74,11.60741442,18.61403456,77,-0.157054173547943,-1.42571858026568,-1.08665491345185,18.2,20.92472416,28.83623131,90.83333333,0.138141843147924,1.85501086327307,1.24200585669334,-0.285557099595436,1.6643004221014,0,"large","first","dist.10","dist.10","dist.10",0,-0.778410399891304,0.038580154548733,0.805857959623855,0.0628528876022267,-0.666047261839958,0.264789915692027,-0.462001728113777
"2850-57648","2850-57577","2850-57648_2850-57577",2,"CHR",151,"CHR-151","0",10,6.790833229,0,-20,0.293906810035842,"CHR_151_2",1,NA,0,3,"no",17.74,11.60741442,18.61403456,77,-0.157054173547943,-1.42571858026568,-1.08665491345185,18.2,20.92472416,28.83623131,90.83333333,0.138141843147924,1.85501086327307,1.24200585669334,-0.599716746433684,-0.75378628983068,0,"large","second","dist.10","dist.10","dist.10",0,0.705677232764262,0.038580154548733,0.805857959623855,0.0628528876022267,-0.666047261839958,0.264789915692027,-0.462001728113777
"2850-57648","2850-57578","2850-57648_2850-57578",1,"CHR",133,"CHR-133","0",9,4.127994156,7,-4,0.181451612903226,"CHR_133_1",1,NA,0,1,"no",17.74,11.60741442,18.61403456,77,-0.157054173547943,-1.42571858026568,-1.08665491345185,17.2,10.81633932,15.67680791,91.5,0.217791194744121,-0.741801149826969,-1.44812434290995,-0.980563008093801,1.12694781944983,0,"large","first","dist.05","dist.05","dist.10",0,-0.679103420754503,0.038580154548733,0.805857959623855,0.0628528876022267,0.0550262790587415,1.59216462744548,-0.0904874492207969
"2850-57648","2850-57578","2850-57648_2850-57578",2,"CHR",151,"CHR-151","0",10,6.577697441,0,-24,0.293906810035842,"CHR_151_2",1,NA,0,3,"no",17.74,11.60741442,18.61403456,77,-0.157054173547943,-1.42571858026568,-1.08665491345185,17.2,10.81633932,15.67680791,91.5,0.217791194744121,-0.741801149826969,-1.44812434290995,-0.630199988514977,-0.75378628983068,0,"large","second","dist.10","dist.10","dist.10",0,0.705677232764262,0.038580154548733,0.805857959623855,0.0628528876022267,0.0550262790587415,1.59216462744548,-0.0904874492207969
"2850-57648","2850-57579","2850-57648_2850-57579",1,"CHR",133,"CHR-133","0",9,11.5344245144444,1,8,0.205645161290323,"CHR_133_1",1,NA,0,1,"no",17.74,11.60741442,18.61403456,77,-0.157054173547943,-1.42571858026568,-1.08665491345185,16.3,11.31949153,24.77905949,93.5,0.456739248337971,-0.612542942504321,0.412613860843324,0.0787241801033015,-0.485109988504893,0,"large","first","dist.20","dist.20","dist.20",0,-0.381182483344088,0.038580154548733,0.805857959623855,0.0628528876022267,0.394355006283394,0.252942547897877,-0.257226498974273
"2850-57648","2850-57579","2850-57648_2850-57579",2,"CHR",151,"CHR-151","0",10,15.53483464,0,-12,0.293906810035842,"CHR_151_2",1,NA,0,3,"no",17.74,11.60741442,18.61403456,77,-0.157054173547943,-1.42571858026568,-1.08665491345185,16.3,11.31949153,24.77905949,93.5,0.456739248337971,-0.612542942504321,0.412613860843324,0.650873378630977,-0.75378628983068,0,"large","second","dist.20","dist.20","dist.20",0,0.705677232764262,0.038580154548733,0.805857959623855,0.0628528876022267,0.394355006283394,0.252942547897877,-0.257226498974273
"2850-57648","2850-57580","2850-57648_2850-57580",1,"CHR",133,"CHR-133","0",9,17.07674627,1,-9,0.205645161290323,"CHR_133_1",1,NA,0,1,"no",17.74,11.60741442,18.61403456,77,-0.157054173547943,-1.42571858026568,-1.08665491345185,16.2,9.142844799,27.48113161,87.83333333,-0.220280237242851,-1.17171658585126,0.964988048569367,0.871401643387951,-0.485109988504893,0,"large","first","dist.20","dist.20","dist.20",0,-0.381182483344088,0.038580154548733,0.805857959623855,0.0628528876022267,0.564019367350756,0.594981908524202,0.613110506001452
"2850-57648","2850-57580","2850-57648_2850-57580",2,"CHR",151,"CHR-151","0",10,19.89943086,0,-29,0.293906810035842,"CHR_151_2",1,NA,0,3,"no",17.74,11.60741442,18.61403456,77,-0.157054173547943,-1.42571858026568,-1.08665491345185,16.2,9.142844799,27.48113161,87.83333333,-0.220280237242851,-1.17171658585126,0.964988048569367,1.27510943213389,-0.75378628983068,0,"large","second","dist.20","dist.20","dist.20",0,0.705677232764262,0.038580154548733,0.805857959623855,0.0628528876022267,0.564019367350756,0.594981908524202,0.613110506001452
"2850-57648","2850-57581","2850-57648_2850-57581",1,"CHR",133,"CHR-133","0",9,15.72815413,0,-19,0.209677419354839,"CHR_133_1",1,NA,0,1,"no",17.74,11.60741442,18.61403456,77,-0.157054173547943,-1.42571858026568,-1.08665491345185,15.5,12.5018158,18.94245264,82.5,-0.857475046428205,-0.308807586528723,-0.780541178943333,0.678522441549974,-0.75378628983068,0,"large","first","dist.20","dist.20","dist.20",0,-0.331528993775687,0.038580154548733,0.805857959623855,0.0628528876022267,-0.920543805985966,0.0923616887128494,-0.0652425713766268
"2850-57648","2850-57581","2850-57648_2850-57581",2,"CHR",151,"CHR-151","0",10,18.58457563,0,10,0.293906810035842,"CHR_151_2",1,NA,0,3,"no",17.74,11.60741442,18.61403456,77,-0.157054173547943,-1.42571858026568,-1.08665491345185,15.5,12.5018158,18.94245264,82.5,-0.857475046428205,-0.308807586528723,-0.780541178943333,1.08705537207175,-0.75378628983068,0,"large","second","dist.20","dist.20","dist.20",0,0.705677232764262,0.038580154548733,0.805857959623855,0.0628528876022267,-0.920543805985966,0.0923616887128494,-0.0652425713766268
"2850-57648","2850-57589","2850-57648_2850-57589",1,"CHR",133,"CHR-133","0",9,11.17374737,0,-13,0.209677419354839,"CHR_133_1",1,NA,0,1,"no",17.74,11.60741442,18.61403456,77,-0.157054173547943,-1.42571858026568,-1.08665491345185,17.5,12.65077601,16.92662014,97,0.874898342127209,-0.270540180912031,-1.19263004642303,0.0271391844042783,-0.75378628983068,0,"large","first","dist.20","dist.20","dist.20",0,-0.331528993775687,0.038580154548733,0.805857959623855,0.0628528876022267,0.394355006283394,-0.220209818057244,-0.7238327207249
"2850-57648","2850-57589","2850-57648_2850-57589",2,"CHR",151,"CHR-151","0",10,14.03144448,0,20,0.293906810035842,"CHR_151_2",1,NA,0,3,"no",17.74,11.60741442,18.61403456,77,-0.157054173547943,-1.42571858026568,-1.08665491345185,17.5,12.65077601,16.92662014,97,0.874898342127209,-0.270540180912031,-1.19263004642303,0.4358545560299,-0.75378628983068,0,"large","second","dist.20","dist.20","dist.20",0,0.705677232764262,0.038580154548733,0.805857959623855,0.0628528876022267,0.394355006283394,-0.220209818057244,-0.7238327207249
"2850-57648","2850-57620","2850-57648_2850-57620",1,"CHR",133,"CHR-133","0",9,1.586490482,0,-10,0.209677419354839,"CHR_133_1",1,NA,0,1,"no",17.74,11.60741442,18.61403456,77,-0.157054173547943,-1.42571858026568,-1.08665491345185,18.2,8.903889997,21.60838485,87,-0.319841925842042,-1.2331033167923,-0.235554933708899,-1.34405556123103,-0.75378628983068,0,"large","first","dist.05","dist.05","dist.10",0,-0.331528993775687,0.038580154548733,0.805857959623855,0.0628528876022267,-1.04779207805897,-0.519894914297499,-0.347422909026337
"2850-57648","2850-57620","2850-57648_2850-57620",2,"CHR",151,"CHR-151","0",10,3.847179517,0,19,0.293906810035842,"CHR_151_2",1,NA,0,3,"no",17.74,11.60741442,18.61403456,77,-0.157054173547943,-1.42571858026568,-1.08665491345185,18.2,8.903889997,21.60838485,87,-0.319841925842042,-1.2331033167923,-0.235554933708899,-1.02072585780071,-0.75378628983068,0,"large","second","dist.05","dist.05","dist.10",0,0.705677232764262,0.038580154548733,0.805857959623855,0.0628528876022267,-1.04779207805897,-0.519894914297499,-0.347422909026337
"2850-57648","2850-57647","2850-57648_2850-57647",1,"CHR",133,"CHR-133","0",9,5.501847625,6,-5,0.185483870967742,"CHR_133_1",1,NA,0,1,"no",17.74,11.60741442,18.61403456,77,-0.157054173547943,-1.42571858026568,-1.08665491345185,15.8,12.89783981,28.1838767,85.83333333,-0.459228290836701,-0.207070274097309,1.10864751842364,-0.784070864410497,0.858271518124042,0,"large","first","dist.10","dist.10","dist.10",0,-0.629449931186103,0.038580154548733,0.805857959623855,0.0628528876022267,2.30307908737845,-0.324477446700752,0.908946604529733
"2850-57648","2850-57647","2850-57648_2850-57647",2,"CHR",151,"CHR-151","0",10,8.326762193,0,-25,0.293906810035842,"CHR_151_2",1,NA,0,3,"no",17.74,11.60741442,18.61403456,77,-0.157054173547943,-1.42571858026568,-1.08665491345185,15.8,12.89783981,28.1838767,85.83333333,-0.459228290836701,-0.207070274097309,1.10864751842364,-0.380044138334285,-0.75378628983068,0,"large","second","dist.10","dist.10","dist.10",0,0.705677232764262,0.038580154548733,0.805857959623855,0.0628528876022267,2.30307908737845,-0.324477446700752,0.908946604529733
"2850-57648","2850-57653","2850-57648_2850-57653",1,"CHR",133,"CHR-133","0",9,7.254204793,0,-10,0.209677419354839,"CHR_133_1",1,NA,0,1,"no",17.74,11.60741442,18.61403456,77,-0.157054173547943,-1.42571858026568,-1.08665491345185,16.37,8.467490861,27.15053506,78,-1.39510816701437,-1.34521287106915,0.897405470214174,-0.533444124216907,-0.75378628983068,0,"large","first","dist.10","dist.10","dist.10",0,-0.331528993775687,0.038580154548733,0.805857959623855,0.0628528876022267,0.182274551131745,-1.12841701146077,0.110874711490428
"2850-57648","2850-57653","2850-57648_2850-57653",2,"CHR",151,"CHR-151","0",10,5.8311092681,7,3,0.268817204301075,"CHR_151_2",1,NA,0,3,"no",17.74,11.60741442,18.61403456,77,-0.157054173547943,-1.42571858026568,-1.08665491345185,16.37,8.467490861,27.15053506,78,-1.39510816701437,-1.34521287106915,0.897405470214174,-0.736978996503727,1.12694781944983,0,"large","second","dist.10","dist.10","dist.10",0,0.396722186560871,0.038580154548733,0.805857959623855,0.0628528876022267,0.182274551131745,-1.12841701146077,0.110874711490428
"2850-57648","2850-57669","2850-57648_2850-57669",1,"CHR",133,"CHR-133","0",9,3.728284271,1,-10,0.205645161290323,"CHR_133_1",1,NA,0,1,"no",17.74,11.60741442,18.61403456,77,-0.157054173547943,-1.42571858026568,-1.08665491345185,17.82,14.07982054,27.72719176,89.66666667,-0.0012445206519955,0.0965768275416075,1.01528917653778,-1.03773056921094,-0.485109988504893,0,"large","first","dist.05","dist.05","dist.10",0,-0.381182483344088,0.038580154548733,0.805857959623855,0.0628528876022267,NA,NA,NA
"2850-57648","2850-57669","2850-57648_2850-57669",2,"CHR",151,"CHR-151","0",10,6.51008189,4,6,0.279569892473118,"CHR_151_2",1,NA,0,3,"no",17.74,11.60741442,18.61403456,77,-0.157054173547943,-1.42571858026568,-1.08665491345185,17.82,14.07982054,27.72719176,89.66666667,-0.0012445206519955,0.0965768275416075,1.01528917653778,-0.639870542807778,0.320918915472468,0,"large","second","dist.10","dist.10","dist.10",0,0.529131492076609,0.038580154548733,0.805857959623855,0.0628528876022267,NA,NA,NA
"2850-57648","2850-57671","2850-57648_2850-57671",1,"CHR",133,"CHR-133","0",9,22.16538088,5,-6,0.189516129032258,"CHR_133_1",1,NA,0,1,"no",17.74,11.60741442,18.61403456,77,-0.157054173547943,-1.42571858026568,-1.08665491345185,17.53,16.28350449,28.84180791,75.83333333,-1.65396855880595,0.662696246718346,1.24314585953504,1.59919157550331,0.589595216798255,0,"large","first","dist.20+","dist.20+","dist.20+",0,-0.579796441617702,0.038580154548733,0.805857959623855,0.0628528876022267,0.606435458890079,1.16785270969026,0.187430780520441
"2850-57648","2850-57671","2850-57648_2850-57671",2,"CHR",151,"CHR-151","0",10,24.88427199,0,-26,0.293906810035842,"CHR_151_2",1,NA,0,3,"no",17.74,11.60741442,18.61403456,77,-0.157054173547943,-1.42571858026568,-1.08665491345185,17.53,16.28350449,28.84180791,75.83333333,-1.65396855880595,0.662696246718346,1.24314585953504,1.98805454721036,-0.75378628983068,0,"large","second","dist.20+","dist.20+","dist.20+",0,0.705677232764262,0.038580154548733,0.805857959623855,0.0628528876022267,0.606435458890079,1.16785270969026,0.187430780520441
"2850-57648","2850-57731","2850-57648_2850-57731",1,"CHR",133,"CHR-133","0",9,6.668909987,0,21,0.209677419354839,"CHR_133_1",1,NA,0,1,"no",17.74,11.60741442,18.61403456,77,-0.157054173547943,-1.42571858026568,-1.08665491345185,15.9,10.9634214,23.24545364,91,0.158054181345658,-0.704016229851986,0.0991047285683272,-0.617154529811584,-0.75378628983068,0,"large","first","dist.10","dist.10","dist.10",0,-0.331528993775687,0.038580154548733,0.805857959623855,0.0628528876022267,-1.17504035013197,-0.720064302121302,-0.918055636034195
"2850-57648","2850-57731","2850-57648_2850-57731",2,"CHR",151,"CHR-151","0",10,6.4589031371,9,1,0.261648745519713,"CHR_151_2",1,NA,0,3,"no",17.74,11.60741442,18.61403456,77,-0.157054173547943,-1.42571858026568,-1.08665491345185,15.9,10.9634214,23.24545364,91,0.158054181345658,-0.704016229851986,0.0991047285683272,-0.647190262920054,1.6643004221014,0,"large","second","dist.10","dist.10","dist.10",0,0.308449316217045,0.038580154548733,0.805857959623855,0.0628528876022267,-1.17504035013197,-0.720064302121302,-0.918055636034195
"2850-57648","2850-57733","2850-57648_2850-57733",2,"CHR",151,"CHR-151","0",10,17.36725555,5,-5,0.275985663082437,"CHR_151_2",1,NA,0,3,"no",17.74,11.60741442,18.61403456,77,-0.157054173547943,-1.42571858026568,-1.08665491345185,15.66,14.84394317,20.45213858,102,1.47226847611183,0.292877508261001,-0.471921901664779,0.912951046199186,0.589595216798255,0,"large","second","dist.20","dist.20","dist.20",0,0.484995056904697,0.038580154548733,0.805857959623855,0.0628528876022267,0.606435458890079,-1.12204057333336,-0.450386497816471
"2850-57648","2850-57733","2850-57648_2850-57733",1,"CHR",133,"CHR-133","0",0,14.55603638,0,15,0.209677419354839,"CHR_133_1",1,NA,0,1,"no",17.74,11.60741442,18.61403456,77,-0.157054173547943,-1.42571858026568,-1.08665491345185,15.66,14.84394317,20.45213858,102,1.47226847611183,0.292877508261001,-0.471921901664779,0.510883072036724,-0.75378628983068,0,"large","first","dist.20","dist.20","dist.20",0,-0.331528993775687,0.038580154548733,0.805857959623855,0.0628528876022267,0.606435458890079,-1.12204057333336,-0.450386497816471
"2850-57648","2850-57742","2850-57648_2850-57742",1,"CHR",133,"CHR-133","0",9,7.044103878,0,-20,0.209677419354839,"CHR_133_1",1,NA,0,1,"no",17.74,11.60741442,18.61403456,77,-0.157054173547943,-1.42571858026568,-1.08665491345185,16.98,13.00562645,26.1463443,93,0.397002234939508,-0.179380228057897,0.692122624034258,-0.563493310763871,-0.75378628983068,0,"large","first","dist.10","dist.10","dist.10",0,-0.331528993775687,0.038580154548733,0.805857959623855,0.0628528876022267,0.564019367350756,-0.96234197733198,-0.610003960994292
"2850-57648","2850-57742","2850-57648_2850-57742",2,"CHR",151,"CHR-151","0",10,10.8429500448,4,6,0.279569892473118,"CHR_151_2",1,NA,0,3,"no",17.74,11.60741442,18.61403456,77,-0.157054173547943,-1.42571858026568,-1.08665491345185,16.98,13.00562645,26.1463443,93,0.397002234939508,-0.179380228057897,0.692122624034258,-0.0201723208034514,0.320918915472468,0,"large","second","dist.20","dist.20","dist.20",0,0.529131492076609,0.038580154548733,0.805857959623855,0.0628528876022267,0.564019367350756,-0.96234197733198,-0.610003960994292
"2850-57648","2850-57744","2850-57648_2850-57744",1,"CHR",133,"CHR-133","0",9,18.94453536,9,-2,0.173387096774194,"CHR_133_1",1,NA,0,1,"no",17.74,11.60741442,18.61403456,77,-0.157054173547943,-1.42571858026568,-1.08665491345185,14.77,24.63866733,20.45419575,84.5,-0.618526992834355,2.80911108724386,-0.47150136233152,1.13853776126632,1.6643004221014,0,"large","first","dist.20","dist.20","dist.20",0,-0.778410399891304,0.038580154548733,0.805857959623855,0.0628528876022267,-0.411550717693951,1.14723185861105,0.256764043881684
"2850-57648","2850-57744","2850-57648_2850-57744",2,"CHR",151,"CHR-151","0",10,21.80951002,0,-22,0.293906810035842,"CHR_151_2",1,NA,0,3,"no",17.74,11.60741442,18.61403456,77,-0.157054173547943,-1.42571858026568,-1.08665491345185,14.77,24.63866733,20.45419575,84.5,-0.618526992834355,2.80911108724386,-0.47150136233152,1.54829398727163,-0.75378628983068,0,"large","second","dist.20+","dist.20+","dist.20+",0,0.705677232764262,0.038580154548733,0.805857959623855,0.0628528876022267,-0.411550717693951,1.14723185861105,0.256764043881684
"2850-57648","2850-57745","2850-57648_2850-57745",1,"CHR",133,"CHR-133","0",9,7.64483771,0,-15,0.209677419354839,"CHR_133_1",1,NA,0,1,"no",17.74,11.60741442,18.61403456,77,-0.157054173547943,-1.42571858026568,-1.08665491345185,16.33,11.89491525,19.28173812,85,-0.558789979435893,-0.464718413425676,-0.711182356121742,-0.477574774983862,-0.75378628983068,0,"large","first","dist.10","dist.10","dist.10",0,-0.331528993775687,0.038580154548733,0.805857959623855,0.0628528876022267,NA,NA,NA
"2850-57648","2850-57745","2850-57648_2850-57745",2,"CHR",151,"CHR-151","0",10,4.527146647,10,0,0.261648745519713,"CHR_151_2",1,NA,0,3,"no",17.74,11.60741442,18.61403456,77,-0.157054173547943,-1.42571858026568,-1.08665491345185,16.33,11.89491525,19.28173812,85,-0.558789979435893,-0.464718413425676,-0.711182356121742,-0.923475166935451,1.93297672342719,0,"large","second","dist.05","dist.05","dist.10",0,0.308449316217045,0.038580154548733,0.805857959623855,0.0628528876022267,NA,NA,NA
"2850-57648","2850-57806","2850-57648_2850-57806",1,"CHR",133,"CHR-133","0",9,3.799390559,0,-23,0.209677419354839,"CHR_133_1",1,NA,0,1,"no",17.74,11.60741442,18.61403456,77,-0.157054173547943,-1.42571858026568,-1.08665491345185,15.88,11.25502825,14.26422898,83.83333333,-0.698176344430552,-0.62910335473214,-1.73689240845576,-1.02756076051319,-0.75378628983068,0,"large","first","dist.05","dist.05","dist.10",0,-0.331528993775687,0.038580154548733,0.805857959623855,0.0628528876022267,0.224690642671068,-0.312822534834813,0.766781208645738
"2850-57648","2850-57806","2850-57648_2850-57806",2,"CHR",151,"CHR-151","0",11,3.69702302836364,1,9,0.290322580645161,"CHR_151_2",1,NA,0,3,"no",17.74,11.60741442,18.61403456,77,-0.157054173547943,-1.42571858026568,-1.08665491345185,15.88,11.25502825,14.26422898,83.83333333,-0.698176344430552,-0.62910335473214,-1.73689240845576,-1.04220163451625,-0.485109988504893,0,"large","second","dist.05","dist.05","dist.10",0,0.661540797592348,0.038580154548733,0.805857959623855,0.0628528876022267,0.224690642671068,-0.312822534834813,0.766781208645738
"2850-57648","2850-57808","2850-57648_2850-57808",1,"CHR",133,"CHR-133","0",9,6.917761569,0,-23,0.209677419354839,"CHR_133_1",1,NA,0,1,"no",17.74,11.60741442,18.61403456,77,-0.157054173547943,-1.42571858026568,-1.08665491345185,17.44,11.46748421,15.37756564,100,1.23332042251798,-0.574524092276724,-1.50929728666711,-0.581563120749777,-0.75378628983068,0,"large","first","dist.10","dist.10","dist.10",0,-0.331528993775687,0.038580154548733,0.805857959623855,0.0628528876022267,0.564019367350756,-2.00209196155345,-1.05591017852521
"2850-57648","2850-57808","2850-57648_2850-57808",2,"CHR",151,"CHR-151","0",10,9.7229105205,5,5,0.275985663082437,"CHR_151_2",1,NA,0,3,"no",17.74,11.60741442,18.61403456,77,-0.157054173547943,-1.42571858026568,-1.08665491345185,17.44,11.46748421,15.37756564,100,1.23332042251798,-0.574524092276724,-1.50929728666711,-0.180363325234169,0.589595216798255,0,"large","second","dist.10","dist.10","dist.10",0,0.484995056904697,0.038580154548733,0.805857959623855,0.0628528876022267,0.564019367350756,-2.00209196155345,-1.05591017852521
"2850-57648","2850-57881","2850-57648_2850-57881",1,"CHR",133,"CHR-133","0",9,8.701475932,0,-18,0.209677419354839,"CHR_133_1",1,NA,0,1,"no",17.74,11.60741442,18.61403456,77,-0.157054173547943,-1.42571858026568,-1.08665491345185,16.55,11.73463277,21.93833167,84.83333333,-0.578702317633627,-0.50589447430401,-0.16810517715307,-0.326451591890967,-0.75378628983068,0,"large","first","dist.10","dist.10","dist.10",0,-0.331528993775687,0.038580154548733,0.805857959623855,0.0628528876022267,-0.835711625452285,0.553081751767378,1.79200900661347
"2850-57648","2850-57881","2850-57648_2850-57881",2,"CHR",151,"CHR-151","0",10,10.38974716,0,19,0.293906810035842,"CHR_151_2",1,NA,0,3,"no",17.74,11.60741442,18.61403456,77,-0.157054173547943,-1.42571858026568,-1.08665491345185,16.55,11.73463277,21.93833167,84.83333333,-0.578702317633627,-0.50589447430401,-0.16810517715307,-0.0849905917232955,-0.75378628983068,0,"large","second","dist.20","dist.20","dist.20",0,0.705677232764262,0.038580154548733,0.805857959623855,0.0628528876022267,-0.835711625452285,0.553081751767378,1.79200900661347
"2850-57649","2640-97588","2850-57649_2640-97588",1,"CHR",39,"CHR-39","0",10,7.176553384,0,-17,0.372759856630824,"CHR_39_1",1,NA,0,4,"no",17.01,14.39168328,23.55332004,73.5,-1.04779207805897,-0.519894914297499,-0.347422909026337,18.7,11.85018943,14.45612662,87,-0.319841925842042,-0.476208334764261,-1.69766351362466,-0.544550033368591,-0.75378628983068,0,"large","first","dist.10","dist.10","dist.10",0,1.67667880654635,-0.319841925842042,-1.2331033167923,-0.235554933708899,0.224690642671068,-0.0934822025987468,-1.95280566010936
"2850-57649","2640-97588","2850-57649_2640-97588",2,"CHR",39,"CHR-39","0",10,7.176553384,0,-18,0.172043010752688,"CHR_39_2",1,NA,0,3,"no",17.01,14.39168328,23.55332004,73.5,-1.04779207805897,-0.519894914297499,-0.347422909026337,18.7,11.85018943,14.45612662,87,-0.319841925842042,-0.476208334764261,-1.69766351362466,-0.544550033368591,-0.75378628983068,0,"large","second","dist.10","dist.10","dist.10",0,-0.79496156308078,-0.319841925842042,-1.2331033167923,-0.235554933708899,0.224690642671068,-0.0934822025987468,-1.95280566010936
"2850-57649","2640-97589","2850-57649_2640-97589",1,"CHR",39,"CHR-39","0",10,4.703666967,0,-15,0.372759856630824,"CHR_39_1",1,NA,0,4,"no",17.01,14.39168328,23.55332004,73.5,-1.04779207805897,-0.519894914297499,-0.347422909026337,16.1,11.8153556,16.91354271,99.66666667,1.19349574731726,-0.485157035237985,-1.19530341502793,-0.898228765581084,-0.75378628983068,0,"large","first","dist.05","dist.05","dist.10",0,1.67667880654635,-0.319841925842042,-1.2331033167923,-0.235554933708899,0.98818027510909,-0.478534822267752,-0.867541507603602
"2850-57649","2640-97589","2850-57649_2640-97589",2,"CHR",39,"CHR-39","0",10,4.703666967,0,-15,0.172043010752688,"CHR_39_2",1,NA,0,3,"no",17.01,14.39168328,23.55332004,73.5,-1.04779207805897,-0.519894914297499,-0.347422909026337,16.1,11.8153556,16.91354271,99.66666667,1.19349574731726,-0.485157035237985,-1.19530341502793,-0.898228765581084,-0.75378628983068,0,"large","second","dist.05","dist.05","dist.10",0,-0.79496156308078,-0.319841925842042,-1.2331033167923,-0.235554933708899,0.98818027510909,-0.478534822267752,-0.867541507603602
"2850-57649","2811-83208","2850-57649_2811-83208",1,"CHR",39,"CHR-39","0",10,21.28259696,10,0,0.336917562724014,"CHR_39_1",1,NA,0,4,"no",17.01,14.39168328,23.55332004,73.5,-1.04779207805897,-0.519894914297499,-0.347422909026337,16.9,18.73416916,21.00459455,87,-0.319841925842042,1.29226422972124,-0.358985457287731,1.4729334928446,1.93297672342719,0,"large","first","dist.20+","dist.20+","dist.20+",0,1.23531445482722,-0.319841925842042,-1.2331033167923,-0.235554933708899,-0.411550717693951,-0.159665267146272,1.94192717350385
"2850-57649","2811-83208","2850-57649_2811-83208",2,"CHR",39,"CHR-39","0",10,21.28259696,10,0,0.136200716845878,"CHR_39_2",1,NA,0,3,"no",17.01,14.39168328,23.55332004,73.5,-1.04779207805897,-0.519894914297499,-0.347422909026337,16.9,18.73416916,21.00459455,87,-0.319841925842042,1.29226422972124,-0.358985457287731,1.4729334928446,1.93297672342719,0,"large","second","dist.20+","dist.20+","dist.20+",0,-1.23632591479991,-0.319841925842042,-1.2331033167923,-0.235554933708899,-0.411550717693951,-0.159665267146272,1.94192717350385
"2850-57649","2850-57567","2850-57649_2850-57567",1,"CHR",39,"CHR-39","0",10,4.29802041,9,-2,0.340501792114695,"CHR_39_1",1,NA,0,4,"no",17.01,14.39168328,23.55332004,73.5,-1.04779207805897,-0.519894914297499,-0.347422909026337,16.6,10.56012296,26.35612994,102.1666667,1.49218081789379,-0.807622320284185,0.735008293751907,-0.956245405172713,1.6643004221014,0,"large","first","dist.05","dist.05","dist.10",0,1.27945088999913,-0.319841925842042,-1.2331033167923,-0.235554933708899,-1.17504035013197,0.922800644787313,-0.818227574717981
"2850-57649","2850-57567","2850-57649_2850-57567",2,"CHR",39,"CHR-39","0",0,4.29802041,0,-51,0.172043010752688,"CHR_39_2",1,NA,0,3,"no",17.01,14.39168328,23.55332004,73.5,-1.04779207805897,-0.519894914297499,-0.347422909026337,16.6,10.56012296,26.35612994,102.1666667,1.49218081789379,-0.807622320284185,0.735008293751907,-0.956245405172713,-0.75378628983068,0,"large","second","dist.05","dist.05","dist.10",0,-0.79496156308078,-0.319841925842042,-1.2331033167923,-0.235554933708899,-1.17504035013197,0.922800644787313,-0.818227574717981
"2850-57649","2850-57570","2850-57649_2850-57570",2,"CHR",39,"CHR-39","0",10,3.847179517,0,-19,0.172043010752688,"CHR_39_2",1,NA,0,3,"no",17.01,14.39168328,23.55332004,73.5,-1.04779207805897,-0.519894914297499,-0.347422909026337,16.51,16.84077767,23.06811898,90,0.038580154548733,0.805857959623855,0.0628528876022267,-1.02072585780071,-0.75378628983068,0,"large","second","dist.05","dist.05","dist.10",0,-0.79496156308078,-0.319841925842042,-1.2331033167923,-0.235554933708899,-0.157054173547943,-1.42571858026568,-1.08665491345185
"2850-57649","2850-57570","2850-57649_2850-57570",1,"CHR",39,"CHR-39","0",0,1.586490482,0,10,0.372759856630824,"CHR_39_1",1,NA,0,4,"no",17.01,14.39168328,23.55332004,73.5,-1.04779207805897,-0.519894914297499,-0.347422909026337,16.51,16.84077767,23.06811898,90,0.038580154548733,0.805857959623855,0.0628528876022267,-1.34405556123103,-0.75378628983068,0,"large","first","dist.05","dist.05","dist.10",0,1.67667880654635,-0.319841925842042,-1.2331033167923,-0.235554933708899,-0.157054173547943,-1.42571858026568,-1.08665491345185
"2850-57649","2850-57577","2850-57649_2850-57577",2,"CHR",39,"CHR-39","0",10,8.922176166,0,10,0.172043010752688,"CHR_39_2",1,NA,0,3,"no",17.01,14.39168328,23.55332004,73.5,-1.04779207805897,-0.519894914297499,-0.347422909026337,18.2,20.92472416,28.83623131,90.83333333,0.138141843147924,1.85501086327307,1.24200585669334,-0.294886462808,-0.75378628983068,0,"large","second","dist.10","dist.10","dist.10",0,-0.79496156308078,-0.319841925842042,-1.2331033167923,-0.235554933708899,-0.666047261839958,0.264789915692027,-0.462001728113777
"2850-57649","2850-57577","2850-57649_2850-57577",1,"CHR",39,"CHR-39","0",0,8.922176166,0,10,0.372759856630824,"CHR_39_1",1,NA,0,4,"no",17.01,14.39168328,23.55332004,73.5,-1.04779207805897,-0.519894914297499,-0.347422909026337,18.2,20.92472416,28.83623131,90.83333333,0.138141843147924,1.85501086327307,1.24200585669334,-0.294886462808,-0.75378628983068,0,"large","first","dist.10","dist.10","dist.10",0,1.67667880654635,-0.319841925842042,-1.2331033167923,-0.235554933708899,-0.666047261839958,0.264789915692027,-0.462001728113777
"2850-57649","2850-57578","2850-57649_2850-57578",1,"CHR",39,"CHR-39","0",4,2.738914154,4,6,0.3584229390681,"CHR_39_1",1,NA,0,4,"no",17.01,14.39168328,23.55332004,73.5,-1.04779207805897,-0.519894914297499,-0.347422909026337,17.2,10.81633932,15.67680791,91.5,0.217791194744121,-0.741801149826969,-1.44812434290995,-1.17923289065359,0.320918915472468,0,"large","first","dist.05","dist.05","dist.10",0,1.5001330658587,-0.319841925842042,-1.2331033167923,-0.235554933708899,0.0550262790587415,1.59216462744548,-0.0904874492207969
"2850-57649","2850-57578","2850-57649_2850-57578",2,"CHR",39,"CHR-39","0",10,2.738914154,3,7,0.161290322580645,"CHR_39_2",1,NA,0,3,"no",17.01,14.39168328,23.55332004,73.5,-1.04779207805897,-0.519894914297499,-0.347422909026337,17.2,10.81633932,15.67680791,91.5,0.217791194744121,-0.741801149826969,-1.44812434290995,-1.17923289065359,0.0522426141466809,0,"large","second","dist.05","dist.05","dist.10",0,-0.927370868596519,-0.319841925842042,-1.2331033167923,-0.235554933708899,0.0550262790587415,1.59216462744548,-0.0904874492207969
"2850-57649","2850-57579","2850-57649_2850-57579",1,"CHR",39,"CHR-39","0",10,10.33583306,3,-7,0.362007168458781,"CHR_39_1",1,NA,0,4,"no",17.01,14.39168328,23.55332004,73.5,-1.04779207805897,-0.519894914297499,-0.347422909026337,16.3,11.31949153,24.77905949,93.5,0.456739248337971,-0.612542942504321,0.412613860843324,-0.092701528386335,0.0522426141466809,0,"large","first","dist.20","dist.20","dist.20",0,1.54426950103061,-0.319841925842042,-1.2331033167923,-0.235554933708899,0.394355006283394,0.252942547897877,-0.257226498974273
"2850-57649","2850-57579","2850-57649_2850-57579",2,"CHR",39,"CHR-39","0",10,11.69684807,0,-31,0.172043010752688,"CHR_39_2",1,NA,0,3,"no",17.01,14.39168328,23.55332004,73.5,-1.04779207805897,-0.519894914297499,-0.347422909026337,16.3,11.31949153,24.77905949,93.5,0.456739248337971,-0.612542942504321,0.412613860843324,0.10195442505731,-0.75378628983068,0,"large","second","dist.20","dist.20","dist.20",0,-0.79496156308078,-0.319841925842042,-1.2331033167923,-0.235554933708899,0.394355006283394,0.252942547897877,-0.257226498974273
"2850-57649","2850-57580","2850-57649_2850-57580",1,"CHR",39,"CHR-39","0",9,16.1553589,9,1,0.340501792114695,"CHR_39_1",1,NA,0,4,"no",17.01,14.39168328,23.55332004,73.5,-1.04779207805897,-0.519894914297499,-0.347422909026337,16.2,9.142844799,27.48113161,87.83333333,-0.220280237242851,-1.17171658585126,0.964988048569367,0.739622393577706,1.6643004221014,0,"large","first","dist.20","dist.20","dist.20",0,1.27945088999913,-0.319841925842042,-1.2331033167923,-0.235554933708899,0.564019367350756,0.594981908524202,0.613110506001452
"2850-57649","2850-57580","2850-57649_2850-57580",2,"CHR",39,"CHR-39","0",0,16.1553589,0,-48,0.172043010752688,"CHR_39_2",1,NA,0,3,"no",17.01,14.39168328,23.55332004,73.5,-1.04779207805897,-0.519894914297499,-0.347422909026337,16.2,9.142844799,27.48113161,87.83333333,-0.220280237242851,-1.17171658585126,0.964988048569367,0.739622393577706,-0.75378628983068,0,"large","second","dist.20","dist.20","dist.20",0,-0.79496156308078,-0.319841925842042,-1.2331033167923,-0.235554933708899,0.564019367350756,0.594981908524202,0.613110506001452
"2850-57649","2850-57581","2850-57649_2850-57581",1,"CHR",39,"CHR-39","0",10,15.25649999,0,-9,0.372759856630824,"CHR_39_1",1,NA,0,4,"no",17.01,14.39168328,23.55332004,73.5,-1.04779207805897,-0.519894914297499,-0.347422909026337,15.5,12.5018158,18.94245264,82.5,-0.857475046428205,-0.308807586528723,-0.780541178943333,0.611065223486419,-0.75378628983068,0,"large","first","dist.20","dist.20","dist.20",0,1.67667880654635,-0.319841925842042,-1.2331033167923,-0.235554933708899,-0.920543805985966,0.0923616887128494,-0.0652425713766268
"2850-57649","2850-57581","2850-57649_2850-57581",2,"CHR",39,"CHR-39","0",10,17.22533064,1,-9,0.168458781362007,"CHR_39_2",1,NA,0,3,"no",17.01,14.39168328,23.55332004,73.5,-1.04779207805897,-0.519894914297499,-0.347422909026337,15.5,12.5018158,18.94245264,82.5,-0.857475046428205,-0.308807586528723,-0.780541178943333,0.89265257155308,-0.485109988504893,0,"large","second","dist.20","dist.20","dist.20",0,-0.839097998252692,-0.319841925842042,-1.2331033167923,-0.235554933708899,-0.920543805985966,0.0923616887128494,-0.0652425713766268
"2850-57649","2850-57589","2850-57649_2850-57589",1,"CHR",39,"CHR-39","0",10,10.40756867,8,-3,0.344086021505376,"CHR_39_1",1,NA,0,4,"no",17.01,14.39168328,23.55332004,73.5,-1.04779207805897,-0.519894914297499,-0.347422909026337,17.5,12.65077601,16.92662014,97,0.874898342127209,-0.270540180912031,-1.19263004642303,-0.0824417123976698,1.39562412077562,0,"large","first","dist.20","dist.20","dist.20",0,1.32358732517104,-0.319841925842042,-1.2331033167923,-0.235554933708899,0.394355006283394,-0.220209818057244,-0.7238327207249
"2850-57649","2850-57589","2850-57649_2850-57589",2,"CHR",39,"CHR-39","0",10,11.955467465,9,1,0.139784946236559,"CHR_39_2",1,NA,0,3,"no",17.01,14.39168328,23.55332004,73.5,-1.04779207805897,-0.519894914297499,-0.347422909026337,17.5,12.65077601,16.92662014,97,0.874898342127209,-0.270540180912031,-1.19263004642303,0.138942852475714,1.6643004221014,0,"large","second","dist.20","dist.20","dist.20",0,-1.192189479628,-0.319841925842042,-1.2331033167923,-0.235554933708899,0.394355006283394,-0.220209818057244,-0.7238327207249
"2850-57649","2850-57647","2850-57649_2850-57647",1,"CHR",39,"CHR-39","0",5,4.669147474,5,5,0.354838709677419,"CHR_39_1",1,NA,0,4,"no",17.01,14.39168328,23.55332004,73.5,-1.04779207805897,-0.519894914297499,-0.347422909026337,15.8,12.89783981,28.1838767,85.83333333,-0.459228290836701,-0.207070274097309,1.10864751842364,-0.90316583443994,0.589595216798255,0,"large","first","dist.05","dist.05","dist.10",0,1.45599663068678,-0.319841925842042,-1.2331033167923,-0.235554933708899,2.30307908737845,-0.324477446700752,0.908946604529733
"2850-57649","2850-57647","2850-57649_2850-57647",2,"CHR",39,"CHR-39","0",10,4.669147474,0,10,0.172043010752688,"CHR_39_2",1,NA,0,3,"no",17.01,14.39168328,23.55332004,73.5,-1.04779207805897,-0.519894914297499,-0.347422909026337,15.8,12.89783981,28.1838767,85.83333333,-0.459228290836701,-0.207070274097309,1.10864751842364,-0.90316583443994,-0.75378628983068,0,"large","second","dist.05","dist.05","dist.10",0,-0.79496156308078,-0.319841925842042,-1.2331033167923,-0.235554933708899,2.30307908737845,-0.324477446700752,0.908946604529733
"2850-57649","2850-57653","2850-57649_2850-57653",1,"CHR",39,"CHR-39","0",10,8.110510173,10,0,0.336917562724014,"CHR_39_1",1,NA,0,4,"no",17.01,14.39168328,23.55332004,73.5,-1.04779207805897,-0.519894914297499,-0.347422909026337,16.37,8.467490861,27.15053506,78,-1.39510816701437,-1.34521287106915,0.897405470214174,-0.410973072128494,1.93297672342719,0,"large","first","dist.10","dist.10","dist.10",0,1.23531445482722,-0.319841925842042,-1.2331033167923,-0.235554933708899,0.182274551131745,-1.12841701146077,0.110874711490428
"2850-57649","2850-57653","2850-57649_2850-57653",2,"CHR",39,"CHR-39","0",10,10.27751357,0,-16,0.172043010752688,"CHR_39_2",1,NA,0,3,"no",17.01,14.39168328,23.55332004,73.5,-1.04779207805897,-0.519894914297499,-0.347422909026337,16.37,8.467490861,27.15053506,78,-1.39510816701437,-1.34521287106915,0.897405470214174,-0.101042535536798,-0.75378628983068,0,"large","second","dist.20","dist.20","dist.20",0,-0.79496156308078,-0.319841925842042,-1.2331033167923,-0.235554933708899,0.182274551131745,-1.12841701146077,0.110874711490428
"2850-57649","2850-57669","2850-57649_2850-57669",1,"CHR",39,"CHR-39","0",10,2.828497882,10,0,0.336917562724014,"CHR_39_1",1,NA,0,4,"no",17.01,14.39168328,23.55332004,73.5,-1.04779207805897,-0.519894914297499,-0.347422909026337,17.82,14.07982054,27.72719176,89.66666667,-0.0012445206519955,0.0965768275416075,1.01528917653778,-1.16642038979302,1.93297672342719,0,"large","first","dist.05","dist.05","dist.10",0,1.23531445482722,-0.319841925842042,-1.2331033167923,-0.235554933708899,NA,NA,NA
"2850-57649","2850-57669","2850-57649_2850-57669",2,"CHR",39,"CHR-39","0",10,3.9384537895,5,5,0.154121863799283,"CHR_39_2",1,NA,0,3,"no",17.01,14.39168328,23.55332004,73.5,-1.04779207805897,-0.519894914297499,-0.347422909026337,17.82,14.07982054,27.72719176,89.66666667,-0.0012445206519955,0.0965768275416075,1.01528917653778,-1.00767157081062,0.589595216798255,0,"large","second","dist.05","dist.05","dist.10",0,-1.01564373894034,-0.319841925842042,-1.2331033167923,-0.235554933708899,NA,NA,NA
"2850-57649","2850-57671","2850-57649_2850-57671",1,"CHR",39,"CHR-39","0",6,21.04846256,6,4,0.351254480286738,"CHR_39_1",1,NA,0,4,"no",17.01,14.39168328,23.55332004,73.5,-1.04779207805897,-0.519894914297499,-0.347422909026337,17.53,16.28350449,28.84180791,75.83333333,-1.65396855880595,0.662696246718346,1.24314585953504,1.43944697393696,0.858271518124042,0,"large","first","dist.20+","dist.20+","dist.20+",0,1.41186019551487,-0.319841925842042,-1.2331033167923,-0.235554933708899,0.606435458890079,1.16785270969026,0.187430780520441
"2850-57649","2850-57671","2850-57649_2850-57671",2,"CHR",39,"CHR-39","0",0,21.04846256,0,-45,0.172043010752688,"CHR_39_2",1,NA,0,3,"no",17.01,14.39168328,23.55332004,73.5,-1.04779207805897,-0.519894914297499,-0.347422909026337,17.53,16.28350449,28.84180791,75.83333333,-1.65396855880595,0.662696246718346,1.24314585953504,1.43944697393696,-0.75378628983068,0,"large","second","dist.20+","dist.20+","dist.20+",0,-0.79496156308078,-0.319841925842042,-1.2331033167923,-0.235554933708899,0.606435458890079,1.16785270969026,0.187430780520441
"2850-57649","2850-57731","2850-57649_2850-57731",1,"CHR",39,"CHR-39","0",10,5.510588776,0,-18,0.372759856630824,"CHR_39_1",1,NA,0,4,"no",17.01,14.39168328,23.55332004,73.5,-1.04779207805897,-0.519894914297499,-0.347422909026337,15.9,10.9634214,23.24545364,91,0.158054181345658,-0.704016229851986,0.0991047285683272,-0.782820681958725,-0.75378628983068,0,"large","first","dist.10","dist.10","dist.10",0,1.67667880654635,-0.319841925842042,-1.2331033167923,-0.235554933708899,-1.17504035013197,-0.720064302121302,-0.918055636034195
"2850-57649","2850-57731","2850-57649_2850-57731",2,"CHR",39,"CHR-39","0",10,2.463062007,0,-18,0.172043010752688,"CHR_39_2",1,NA,0,3,"no",17.01,14.39168328,23.55332004,73.5,-1.04779207805897,-0.519894914297499,-0.347422909026337,15.9,10.9634214,23.24545364,91,0.158054181345658,-0.704016229851986,0.0991047285683272,-1.21868599167689,-0.75378628983068,0,"large","second","dist.05","dist.05","dist.10",0,-0.79496156308078,-0.319841925842042,-1.2331033167923,-0.235554933708899,-1.17504035013197,-0.720064302121302,-0.918055636034195
"2850-57649","2850-57733","2850-57649_2850-57733",2,"CHR",39,"CHR-39","0",10,13.61036262,0,22,0.172043010752688,"CHR_39_2",1,NA,0,3,"no",17.01,14.39168328,23.55332004,73.5,-1.04779207805897,-0.519894914297499,-0.347422909026337,15.66,14.84394317,20.45213858,102,1.47226847611183,0.292877508261001,-0.471921901664779,0.37563031872621,-0.75378628983068,0,"large","second","dist.20","dist.20","dist.20",0,-0.79496156308078,-0.319841925842042,-1.2331033167923,-0.235554933708899,0.606435458890079,-1.12204057333336,-0.450386497816471
"2850-57649","2850-57733","2850-57649_2850-57733",1,"CHR",39,"CHR-39","0",0,13.61036262,0,25,0.372759856630824,"CHR_39_1",1,NA,0,4,"no",17.01,14.39168328,23.55332004,73.5,-1.04779207805897,-0.519894914297499,-0.347422909026337,15.66,14.84394317,20.45213858,102,1.47226847611183,0.292877508261001,-0.471921901664779,0.37563031872621,-0.75378628983068,0,"large","first","dist.20","dist.20","dist.20",0,1.67667880654635,-0.319841925842042,-1.2331033167923,-0.235554933708899,0.606435458890079,-1.12204057333336,-0.450386497816471
"2850-57649","2850-57742","2850-57649_2850-57742",1,"CHR",39,"CHR-39","0",10,6.83427215,0,-10,0.372759856630824,"CHR_39_1",1,NA,0,4,"no",17.01,14.39168328,23.55332004,73.5,-1.04779207805897,-0.519894914297499,-0.347422909026337,16.98,13.00562645,26.1463443,93,0.397002234939508,-0.179380228057897,0.692122624034258,-0.5935039974767,-0.75378628983068,0,"large","first","dist.10","dist.10","dist.10",0,1.67667880654635,-0.319841925842042,-1.2331033167923,-0.235554933708899,0.564019367350756,-0.96234197733198,-0.610003960994292
"2850-57649","2850-57742","2850-57649_2850-57742",2,"CHR",39,"CHR-39","0",10,8.883945424,0,-13,0.172043010752688,"CHR_39_2",1,NA,0,3,"no",17.01,14.39168328,23.55332004,73.5,-1.04779207805897,-0.519894914297499,-0.347422909026337,16.98,13.00562645,26.1463443,93,0.397002234939508,-0.179380228057897,0.692122624034258,-0.300354324279174,-0.75378628983068,0,"large","second","dist.10","dist.10","dist.10",0,-0.79496156308078,-0.319841925842042,-1.2331033167923,-0.235554933708899,0.564019367350756,-0.96234197733198,-0.610003960994292
"2850-57649","2850-57744","2850-57649_2850-57744",1,"CHR",39,"CHR-39","0",2,18.19585314,2,8,0.365591397849462,"CHR_39_1",1,NA,0,4,"no",17.01,14.39168328,23.55332004,73.5,-1.04779207805897,-0.519894914297499,-0.347422909026337,14.77,24.63866733,20.45419575,84.5,-0.618526992834355,2.80911108724386,-0.47150136233152,1.03145925714284,-0.216433687179106,0,"large","first","dist.20","dist.20","dist.20",0,1.58840593620252,-0.319841925842042,-1.2331033167923,-0.235554933708899,-0.411550717693951,1.14723185861105,0.256764043881684
"2850-57649","2850-57744","2850-57649_2850-57744",2,"CHR",39,"CHR-39","0",10,18.19585314,0,11,0.172043010752688,"CHR_39_2",1,NA,0,3,"no",17.01,14.39168328,23.55332004,73.5,-1.04779207805897,-0.519894914297499,-0.347422909026337,14.77,24.63866733,20.45419575,84.5,-0.618526992834355,2.80911108724386,-0.47150136233152,1.03145925714284,-0.75378628983068,0,"large","second","dist.20","dist.20","dist.20",0,-0.79496156308078,-0.319841925842042,-1.2331033167923,-0.235554933708899,-0.411550717693951,1.14723185861105,0.256764043881684
"2850-57649","2850-57745","2850-57649_2850-57745",1,"CHR",39,"CHR-39","0",10,7.817152741,6,-5,0.351254480286738,"CHR_39_1",1,NA,0,4,"no",17.01,14.39168328,23.55332004,73.5,-1.04779207805897,-0.519894914297499,-0.347422909026337,16.33,11.89491525,19.28173812,85,-0.558789979435893,-0.464718413425676,-0.711182356121742,-0.452929825144568,0.858271518124042,0,"large","first","dist.10","dist.10","dist.10",0,1.41186019551487,-0.319841925842042,-1.2331033167923,-0.235554933708899,NA,NA,NA
"2850-57649","2850-57745","2850-57649_2850-57745",2,"CHR",39,"CHR-39","0",10,7.192833164,0,-19,0.172043010752688,"CHR_39_2",1,NA,0,3,"no",17.01,14.39168328,23.55332004,73.5,-1.04779207805897,-0.519894914297499,-0.347422909026337,16.33,11.89491525,19.28173812,85,-0.558789979435893,-0.464718413425676,-0.711182356121742,-0.542221656330521,-0.75378628983068,0,"large","second","dist.10","dist.10","dist.10",0,-0.79496156308078,-0.319841925842042,-1.2331033167923,-0.235554933708899,NA,NA,NA
"2850-57649","2850-57806","2850-57649_2850-57806",1,"CHR",39,"CHR-39","0",10,2.998408922,0,-13,0.372759856630824,"CHR_39_1",1,NA,0,4,"no",17.01,14.39168328,23.55332004,73.5,-1.04779207805897,-0.519894914297499,-0.347422909026337,15.88,11.25502825,14.26422898,83.83333333,-0.698176344430552,-0.62910335473214,-1.73689240845576,-1.14211926508184,-0.75378628983068,0,"large","first","dist.05","dist.05","dist.10",0,1.67667880654635,-0.319841925842042,-1.2331033167923,-0.235554933708899,0.224690642671068,-0.312822534834813,0.766781208645738
"2850-57649","2850-57806","2850-57649_2850-57806",2,"CHR",39,"CHR-39","0",10,4.115009989,0,-10,0.172043010752688,"CHR_39_2",1,NA,0,3,"no",17.01,14.39168328,23.55332004,73.5,-1.04779207805897,-0.519894914297499,-0.347422909026337,15.88,11.25502825,14.26422898,83.83333333,-0.698176344430552,-0.62910335473214,-1.73689240845576,-0.982420037875608,-0.75378628983068,0,"large","second","dist.05","dist.05","dist.10",0,-0.79496156308078,-0.319841925842042,-1.2331033167923,-0.235554933708899,0.224690642671068,-0.312822534834813,0.766781208645738
"2850-57649","2850-57808","2850-57649_2850-57808",1,"CHR",39,"CHR-39","0",10,5.45933273,0,-13,0.372759856630824,"CHR_39_1",1,NA,0,4,"no",17.01,14.39168328,23.55332004,73.5,-1.04779207805897,-0.519894914297499,-0.347422909026337,17.44,11.46748421,15.37756564,100,1.23332042251798,-0.574524092276724,-1.50929728666711,-0.790151456733855,-0.75378628983068,0,"large","first","dist.10","dist.10","dist.10",0,1.67667880654635,-0.319841925842042,-1.2331033167923,-0.235554933708899,0.564019367350756,-2.00209196155345,-1.05591017852521
"2850-57649","2850-57808","2850-57649_2850-57808",2,"CHR",39,"CHR-39","0",10,6.422664264,0,-14,0.172043010752688,"CHR_39_2",1,NA,0,3,"no",17.01,14.39168328,23.55332004,73.5,-1.04779207805897,-0.519894914297499,-0.347422909026337,17.44,11.46748421,15.37756564,100,1.23332042251798,-0.574524092276724,-1.50929728666711,-0.652373242051933,-0.75378628983068,0,"large","second","dist.10","dist.10","dist.10",0,-0.79496156308078,-0.319841925842042,-1.2331033167923,-0.235554933708899,0.564019367350756,-2.00209196155345,-1.05591017852521
"2850-57649","2850-57881","2850-57649_2850-57881",1,"CHR",39,"CHR-39","0",10,7.116624586,4,-8,0.3584229390681,"CHR_39_1",1,NA,0,4,"no",17.01,14.39168328,23.55332004,73.5,-1.04779207805897,-0.519894914297499,-0.347422909026337,16.55,11.73463277,21.93833167,84.83333333,-0.578702317633627,-0.50589447430401,-0.16810517715307,-0.553121207990259,0.320918915472468,0,"large","first","dist.10","dist.10","dist.10",0,1.5001330658587,-0.319841925842042,-1.2331033167923,-0.235554933708899,-0.835711625452285,0.553081751767378,1.79200900661347
"2850-57649","2850-57881","2850-57649_2850-57881",2,"CHR",39,"CHR-39","0",10,7.680677819,10,0,0.136200716845878,"CHR_39_2",1,NA,0,3,"no",17.01,14.39168328,23.55332004,73.5,-1.04779207805897,-0.519894914297499,-0.347422909026337,16.55,11.73463277,21.93833167,84.83333333,-0.578702317633627,-0.50589447430401,-0.16810517715307,-0.472448828144437,1.93297672342719,0,"large","second","dist.10","dist.10","dist.10",0,-1.23632591479991,-0.319841925842042,-1.2331033167923,-0.235554933708899,-0.835711625452285,0.553081751767378,1.79200900661347
"2850-57650","2640-97588","2850-57650_2640-97588",1,"CHR",25,"CHR-25","0",12,13.53847398,2,-9,0.281524926686217,"CHR_25_1",1,NA,0,4,"no",16.49,17.68973745,37.8482436,74.33333333,-0.835711625452285,0.553081751767378,1.79200900661347,18.7,11.85018943,14.45612662,87,-0.319841925842042,-0.476208334764261,-1.69766351362466,0.365348615983661,-0.216433687179106,0,"large","first","dist.20","dist.20","dist.20",0,0.553205911261293,-0.578702317633627,-0.50589447430401,-0.16810517715307,0.224690642671068,-0.0934822025987468,-1.95280566010936
"2850-57650","2640-97588","2850-57650_2640-97588",2,"CHR",95,"CHR-95","0",10,14.24642123,0,-18,0.172043010752688,"CHR_95_2",1,NA,0,3,"no",16.49,17.68973745,37.8482436,74.33333333,-0.835711625452285,0.553081751767378,1.79200900661347,18.7,11.85018943,14.45612662,87,-0.319841925842042,-0.476208334764261,-1.69766351362466,0.466601097347961,-0.75378628983068,0,"large","second","dist.20","dist.20","dist.20",0,-0.79496156308078,-0.578702317633627,-0.50589447430401,-0.16810517715307,0.224690642671068,-0.0934822025987468,-1.95280566010936
"2850-57650","2640-97589","2850-57650_2640-97589",1,"CHR",25,"CHR-25","0",12,6.340652122,4,-7,0.275659824046921,"CHR_25_1",1,NA,0,4,"no",16.49,17.68973745,37.8482436,74.33333333,-0.835711625452285,0.553081751767378,1.79200900661347,16.1,11.8153556,16.91354271,99.66666667,1.19349574731726,-0.485157035237985,-1.19530341502793,-0.664102834729214,0.320918915472468,0,"large","first","dist.10","dist.10","dist.10",0,0.480982653707256,-0.578702317633627,-0.50589447430401,-0.16810517715307,0.98818027510909,-0.478534822267752,-0.867541507603602
"2850-57650","2640-97589","2850-57650_2640-97589",2,"CHR",95,"CHR-95","0",10,6.419982592,0,-15,0.172043010752688,"CHR_95_2",1,NA,0,3,"no",16.49,17.68973745,37.8482436,74.33333333,-0.835711625452285,0.553081751767378,1.79200900661347,16.1,11.8153556,16.91354271,99.66666667,1.19349574731726,-0.485157035237985,-1.19530341502793,-0.652756781848443,-0.75378628983068,0,"large","second","dist.10","dist.10","dist.10",0,-0.79496156308078,-0.578702317633627,-0.50589447430401,-0.16810517715307,0.98818027510909,-0.478534822267752,-0.867541507603602
"2850-57650","2811-83208","2850-57650_2811-83208",1,"CHR",25,"CHR-25","0",4,18.2811172,4,8,0.275659824046921,"CHR_25_1",1,NA,0,4,"no",16.49,17.68973745,37.8482436,74.33333333,-0.835711625452285,0.553081751767378,1.79200900661347,16.9,18.73416916,21.00459455,87,-0.319841925842042,1.29226422972124,-0.358985457287731,1.04365394770233,0.320918915472468,0,"large","first","dist.20","dist.20","dist.20",0,0.480982653707256,-0.578702317633627,-0.50589447430401,-0.16810517715307,-0.411550717693951,-0.159665267146272,1.94192717350385
"2850-57650","2811-83208","2850-57650_2811-83208",2,"CHR",95,"CHR-95","0",10,17.57294798,10,0,0.136200716845878,"CHR_95_2",1,NA,0,3,"no",16.49,17.68973745,37.8482436,74.33333333,-0.835711625452285,0.553081751767378,1.79200900661347,16.9,18.73416916,21.00459455,87,-0.319841925842042,1.29226422972124,-0.358985457287731,0.942369719603669,1.93297672342719,0,"large","second","dist.20","dist.20","dist.20",0,-1.23632591479991,-0.578702317633627,-0.50589447430401,-0.16810517715307,-0.411550717693951,-0.159665267146272,1.94192717350385
"2850-57650","2850-57567","2850-57650_2850-57567",1,"CHR",25,"CHR-25","0",6,11.31385671,6,6,0.269794721407625,"CHR_25_1",1,NA,0,4,"no",16.49,17.68973745,37.8482436,74.33333333,-0.835711625452285,0.553081751767378,1.79200900661347,16.6,10.56012296,26.35612994,102.1666667,1.49218081789379,-0.807622320284185,0.735008293751907,0.047177991444371,0.858271518124042,0,"large","first","dist.20","dist.20","dist.20",0,0.408759396153219,-0.578702317633627,-0.50589447430401,-0.16810517715307,-1.17504035013197,0.922800644787313,-0.818227574717981
"2850-57650","2850-57567","2850-57650_2850-57567",2,"CHR",95,"CHR-95","0",0,11.92499837,0,-51,0.172043010752688,"CHR_95_2",1,NA,0,3,"no",16.49,17.68973745,37.8482436,74.33333333,-0.835711625452285,0.553081751767378,1.79200900661347,16.6,10.56012296,26.35612994,102.1666667,1.49218081789379,-0.807622320284185,0.735008293751907,0.134585082212923,-0.75378628983068,0,"large","second","dist.20","dist.20","dist.20",0,-0.79496156308078,-0.578702317633627,-0.50589447430401,-0.16810517715307,-1.17504035013197,0.922800644787313,-0.818227574717981
"2850-57650","2850-57570","2850-57650_2850-57570",2,"CHR",95,"CHR-95","0",10,11.06313433,0,-19,0.172043010752688,"CHR_95_2",1,NA,0,3,"no",16.49,17.68973745,37.8482436,74.33333333,-0.835711625452285,0.553081751767378,1.79200900661347,16.51,16.84077767,23.06811898,90,0.038580154548733,0.805857959623855,0.0628528876022267,0.0113190159224481,-0.75378628983068,0,"large","second","dist.20","dist.20","dist.20",0,-0.79496156308078,-0.578702317633627,-0.50589447430401,-0.16810517715307,-0.157054173547943,-1.42571858026568,-1.08665491345185
"2850-57650","2850-57570","2850-57650_2850-57570",1,"CHR",25,"CHR-25","0",0,8.701475932,0,18,0.287390029325513,"CHR_25_1",1,NA,0,4,"no",16.49,17.68973745,37.8482436,74.33333333,-0.835711625452285,0.553081751767378,1.79200900661347,16.51,16.84077767,23.06811898,90,0.038580154548733,0.805857959623855,0.0628528876022267,-0.326451591890967,-0.75378628983068,0,"large","first","dist.10","dist.10","dist.10",0,0.62542916881533,-0.578702317633627,-0.50589447430401,-0.16810517715307,-0.157054173547943,-1.42571858026568,-1.08665491345185
"2850-57650","2850-57577","2850-57650_2850-57577",2,"CHR",95,"CHR-95","0",10,12.74572561,0,10,0.172043010752688,"CHR_95_2",1,NA,0,3,"no",16.49,17.68973745,37.8482436,74.33333333,-0.835711625452285,0.553081751767378,1.79200900661347,18.2,20.92472416,28.83623131,90.83333333,0.138141843147924,1.85501086327307,1.24200585669334,0.251967654958665,-0.75378628983068,0,"large","second","dist.20","dist.20","dist.20",0,-0.79496156308078,-0.578702317633627,-0.50589447430401,-0.16810517715307,-0.666047261839958,0.264789915692027,-0.462001728113777
"2850-57650","2850-57577","2850-57650_2850-57577",1,"CHR",25,"CHR-25","0",0,11.9443778,0,18,0.287390029325513,"CHR_25_1",1,NA,0,4,"no",16.49,17.68973745,37.8482436,74.33333333,-0.835711625452285,0.553081751767378,1.79200900661347,18.2,20.92472416,28.83623131,90.83333333,0.138141843147924,1.85501086327307,1.24200585669334,0.137356779362571,-0.75378628983068,0,"large","first","dist.20","dist.20","dist.20",0,0.62542916881533,-0.578702317633627,-0.50589447430401,-0.16810517715307,-0.666047261839958,0.264789915692027,-0.462001728113777
"2850-57650","2850-57578","2850-57650_2850-57578",2,"CHR",95,"CHR-95","0",10,5.443176722,3,7,0.161290322580645,"CHR_95_2",1,NA,0,3,"no",16.49,17.68973745,37.8482436,74.33333333,-0.835711625452285,0.553081751767378,1.79200900661347,17.2,10.81633932,15.67680791,91.5,0.217791194744121,-0.741801149826969,-1.44812434290995,-0.792462131574306,0.0522426141466809,0,"large","second","dist.10","dist.10","dist.10",0,-0.927370868596519,-0.578702317633627,-0.50589447430401,-0.16810517715307,0.0550262790587415,1.59216462744548,-0.0904874492207969
"2850-57650","2850-57578","2850-57650_2850-57578",1,"CHR",25,"CHR-25","0",0,5.053284364,0,14,0.287390029325513,"CHR_25_1",1,NA,0,4,"no",16.49,17.68973745,37.8482436,74.33333333,-0.835711625452285,0.553081751767378,1.79200900661347,17.2,10.81633932,15.67680791,91.5,0.217791194744121,-0.741801149826969,-1.44812434290995,-0.84822556410756,-0.75378628983068,0,"large","first","dist.10","dist.10","dist.10",0,0.62542916881533,-0.578702317633627,-0.50589447430401,-0.16810517715307,0.0550262790587415,1.59216462744548,-0.0904874492207969
"2850-57650","2850-57579","2850-57650_2850-57579",1,"CHR",25,"CHR-25","0",11,7.88623328,11,1,0.258064516129032,"CHR_25_1",1,NA,0,4,"no",16.49,17.68973745,37.8482436,74.33333333,-0.835711625452285,0.553081751767378,1.79200900661347,16.3,11.31949153,24.77905949,93.5,0.456739248337971,-0.612542942504321,0.412613860843324,-0.443049744407291,2.20165302475298,0,"large","first","dist.10","dist.10","dist.10",0,0.264312881045132,-0.578702317633627,-0.50589447430401,-0.16810517715307,0.394355006283394,0.252942547897877,-0.257226498974273
"2850-57650","2850-57579","2850-57650_2850-57579",2,"CHR",95,"CHR-95","0",10,7.527135405,0,-31,0.172043010752688,"CHR_95_2",1,NA,0,3,"no",16.49,17.68973745,37.8482436,74.33333333,-0.835711625452285,0.553081751767378,1.79200900661347,16.3,11.31949153,24.77905949,93.5,0.456739248337971,-0.612542942504321,0.412613860843324,-0.494408868828491,-0.75378628983068,0,"large","second","dist.10","dist.10","dist.10",0,-0.79496156308078,-0.578702317633627,-0.50589447430401,-0.16810517715307,0.394355006283394,0.252942547897877,-0.257226498974273
"2850-57650","2850-57580","2850-57650_2850-57580",1,"CHR",25,"CHR-25","0",3,13.26934274,3,9,0.278592375366569,"CHR_25_1",1,NA,0,4,"no",16.49,17.68973745,37.8482436,74.33333333,-0.835711625452285,0.553081751767378,1.79200900661347,16.2,9.142844799,27.48113161,87.83333333,-0.220280237242851,-1.17171658585126,0.964988048569367,0.326856756791256,0.0522426141466809,0,"large","first","dist.20","dist.20","dist.20",0,0.517094282484274,-0.578702317633627,-0.50589447430401,-0.16810517715307,0.564019367350756,0.594981908524202,0.613110506001452
"2850-57650","2850-57580","2850-57650_2850-57580",2,"CHR",95,"CHR-95","0",0,12.59715536,0,-48,0.172043010752688,"CHR_95_2",1,NA,0,3,"no",16.49,17.68973745,37.8482436,74.33333333,-0.835711625452285,0.553081751767378,1.79200900661347,16.2,9.142844799,27.48113161,87.83333333,-0.220280237242851,-1.17171658585126,0.964988048569367,0.230718746273146,-0.75378628983068,0,"large","second","dist.20","dist.20","dist.20",0,-0.79496156308078,-0.578702317633627,-0.50589447430401,-0.16810517715307,0.564019367350756,0.594981908524202,0.613110506001452
"2850-57650","2850-57581","2850-57650_2850-57581",1,"CHR",25,"CHR-25","0",12,14.78665518,8,-1,0.263929618768328,"CHR_25_1",1,NA,0,4,"no",16.49,17.68973745,37.8482436,74.33333333,-0.835711625452285,0.553081751767378,1.79200900661347,15.5,12.5018158,18.94245264,82.5,-0.857475046428205,-0.308807586528723,-0.780541178943333,0.543866780567631,1.39562412077562,0,"large","first","dist.20","dist.20","dist.20",0,0.336536138599169,-0.578702317633627,-0.50589447430401,-0.16810517715307,-0.920543805985966,0.0923616887128494,-0.0652425713766268
"2850-57650","2850-57581","2850-57650_2850-57581",2,"CHR",95,"CHR-95","0",10,15.86744581,1,-9,0.168458781362007,"CHR_95_2",1,NA,0,3,"no",16.49,17.68973745,37.8482436,74.33333333,-0.835711625452285,0.553081751767378,1.79200900661347,15.5,12.5018158,18.94245264,82.5,-0.857475046428205,-0.308807586528723,-0.780541178943333,0.698444304702069,-0.485109988504893,0,"large","second","dist.20","dist.20","dist.20",0,-0.839097998252692,-0.578702317633627,-0.50589447430401,-0.16810517715307,-0.920543805985966,0.0923616887128494,-0.0652425713766268
"2850-57650","2850-57589","2850-57650_2850-57589",1,"CHR",25,"CHR-25","0",7,9.456269646,7,5,0.266862170087977,"CHR_25_1",1,NA,0,4,"no",16.49,17.68973745,37.8482436,74.33333333,-0.835711625452285,0.553081751767378,1.79200900661347,17.5,12.65077601,16.92662014,97,0.874898342127209,-0.270540180912031,-1.19263004642303,-0.218499005789848,1.12694781944983,0,"large","first","dist.10","dist.10","dist.10",0,0.3726477673762,-0.578702317633627,-0.50589447430401,-0.16810517715307,0.394355006283394,-0.220209818057244,-0.7238327207249
"2850-57650","2850-57589","2850-57650_2850-57589",2,"CHR",95,"CHR-95","0",10,8.9903977306,9,1,0.139784946236559,"CHR_95_2",1,NA,0,3,"no",16.49,17.68973745,37.8482436,74.33333333,-0.835711625452285,0.553081751767378,1.79200900661347,17.5,12.65077601,16.92662014,97,0.874898342127209,-0.270540180912031,-1.19263004642303,-0.285129234853086,1.6643004221014,0,"large","second","dist.10","dist.10","dist.10",0,-1.192189479628,-0.578702317633627,-0.50589447430401,-0.16810517715307,0.394355006283394,-0.220209818057244,-0.7238327207249
"2850-57650","2850-57620","2850-57650_2850-57620",1,"CHR",25,"CHR-25","0",4,7.116624586,4,8,0.275659824046921,"CHR_25_1",1,NA,0,4,"no",16.49,17.68973745,37.8482436,74.33333333,-0.835711625452285,0.553081751767378,1.79200900661347,18.2,8.903889997,21.60838485,87,-0.319841925842042,-1.2331033167923,-0.235554933708899,-0.553121207990259,0.320918915472468,0,"large","first","dist.10","dist.10","dist.10",0,0.480982653707256,-0.578702317633627,-0.50589447430401,-0.16810517715307,-1.04779207805897,-0.519894914297499,-0.347422909026337
"2850-57650","2850-57620","2850-57650_2850-57620",2,"CHR",95,"CHR-95","0",10,7.680677819,10,0,0.136200716845878,"CHR_95_2",1,NA,0,3,"no",16.49,17.68973745,37.8482436,74.33333333,-0.835711625452285,0.553081751767378,1.79200900661347,18.2,8.903889997,21.60838485,87,-0.319841925842042,-1.2331033167923,-0.235554933708899,-0.472448828144437,1.93297672342719,0,"large","second","dist.10","dist.10","dist.10",0,-1.23632591479991,-0.578702317633627,-0.50589447430401,-0.16810517715307,-1.04779207805897,-0.519894914297499,-0.347422909026337
"2850-57650","2850-57647","2850-57650_2850-57647",2,"CHR",95,"CHR-95","0",10,6.62356231,0,10,0.172043010752688,"CHR_95_2",1,NA,0,3,"no",16.49,17.68973745,37.8482436,74.33333333,-0.835711625452285,0.553081751767378,1.79200900661347,15.8,12.89783981,28.1838767,85.83333333,-0.459228290836701,-0.207070274097309,1.10864751842364,-0.623640274081877,-0.75378628983068,0,"large","second","dist.10","dist.10","dist.10",0,-0.79496156308078,-0.578702317633627,-0.50589447430401,-0.16810517715307,2.30307908737845,-0.324477446700752,0.908946604529733
"2850-57650","2850-57647","2850-57650_2850-57647",1,"CHR",25,"CHR-25","0",0,6.536178806,0,13,0.287390029325513,"CHR_25_1",1,NA,0,4,"no",16.49,17.68973745,37.8482436,74.33333333,-0.835711625452285,0.553081751767378,1.79200900661347,15.8,12.89783981,28.1838767,85.83333333,-0.459228290836701,-0.207070274097309,1.10864751842364,-0.636138093107669,-0.75378628983068,0,"large","first","dist.10","dist.10","dist.10",0,0.62542916881533,-0.578702317633627,-0.50589447430401,-0.16810517715307,2.30307908737845,-0.324477446700752,0.908946604529733
"2850-57650","2850-57653","2850-57650_2850-57653",1,"CHR",25,"CHR-25","0",4,13.82924215,4,8,0.275659824046921,"CHR_25_1",1,NA,0,4,"no",16.49,17.68973745,37.8482436,74.33333333,-0.835711625452285,0.553081751767378,1.79200900661347,16.37,8.467490861,27.15053506,78,-1.39510816701437,-1.34521287106915,0.897405470214174,0.406935045924955,0.320918915472468,0,"large","first","dist.20","dist.20","dist.20",0,0.480982653707256,-0.578702317633627,-0.50589447430401,-0.16810517715307,0.182274551131745,-1.12841701146077,0.110874711490428
"2850-57650","2850-57653","2850-57650_2850-57653",2,"CHR",95,"CHR-95","0",10,16.92975518,0,-16,0.172043010752688,"CHR_95_2",1,NA,0,3,"no",16.49,17.68973745,37.8482436,74.33333333,-0.835711625452285,0.553081751767378,1.79200900661347,16.37,8.467490861,27.15053506,78,-1.39510816701437,-1.34521287106915,0.897405470214174,0.850378590327228,-0.75378628983068,0,"large","second","dist.20","dist.20","dist.20",0,-0.79496156308078,-0.578702317633627,-0.50589447430401,-0.16810517715307,0.182274551131745,-1.12841701146077,0.110874711490428
"2850-57650","2850-57669","2850-57650_2850-57669",1,"CHR",25,"CHR-25","0",4,6.451189402,4,8,0.275659824046921,"CHR_25_1",1,NA,0,4,"no",16.49,17.68973745,37.8482436,74.33333333,-0.835711625452285,0.553081751767378,1.79200900661347,17.82,14.07982054,27.72719176,89.66666667,-0.0012445206519955,0.0965768275416075,1.01528917653778,-0.648293501642235,0.320918915472468,0,"large","first","dist.10","dist.10","dist.10",0,0.480982653707256,-0.578702317633627,-0.50589447430401,-0.16810517715307,NA,NA,NA
"2850-57650","2850-57669","2850-57650_2850-57669",2,"CHR",95,"CHR-95","0",10,7.313173473,5,5,0.154121863799283,"CHR_95_2",1,NA,0,3,"no",16.49,17.68973745,37.8482436,74.33333333,-0.835711625452285,0.553081751767378,1.79200900661347,17.82,14.07982054,27.72719176,89.66666667,-0.0012445206519955,0.0965768275416075,1.01528917653778,-0.52501026820182,0.589595216798255,0,"large","second","dist.10","dist.10","dist.10",0,-1.01564373894034,-0.578702317633627,-0.50589447430401,-0.16810517715307,NA,NA,NA
"2850-57650","2850-57731","2850-57650_2850-57731",1,"CHR",25,"CHR-25","0",12,5.112140496,1,-10,0.284457478005865,"CHR_25_1",1,NA,0,4,"no",16.49,17.68973745,37.8482436,74.33333333,-0.835711625452285,0.553081751767378,1.79200900661347,15.9,10.9634214,23.24545364,91,0.158054181345658,-0.704016229851986,0.0991047285683272,-0.839807805004033,-0.485109988504893,0,"large","first","dist.10","dist.10","dist.10",0,0.589317540038312,-0.578702317633627,-0.50589447430401,-0.16810517715307,-1.17504035013197,-0.720064302121302,-0.918055636034195
"2850-57650","2850-57731","2850-57650_2850-57731",2,"CHR",95,"CHR-95","0",10,5.246091718,0,-18,0.172043010752688,"CHR_95_2",1,"ep_same",1,3,"yes",16.49,17.68973745,37.8482436,74.33333333,-0.835711625452285,0.553081751767378,1.79200900661347,15.9,10.9634214,23.24545364,91,0.158054181345658,-0.704016229851986,0.0991047285683272,-0.820649748228927,-0.75378628983068,1,"large","second","dist.10","dist.10","dist.10",0.333333333333333,-0.79496156308078,-0.578702317633627,-0.50589447430401,-0.16810517715307,-1.17504035013197,-0.720064302121302,-0.918055636034195
"2850-57650","2850-57733","2850-57650_2850-57733",2,"CHR",95,"CHR-95","0",10,10.31480885,0,22,0.172043010752688,"CHR_95_2",1,NA,0,3,"no",16.49,17.68973745,37.8482436,74.33333333,-0.835711625452285,0.553081751767378,1.79200900661347,15.66,14.84394317,20.45213858,102,1.47226847611183,0.292877508261001,-0.471921901664779,-0.0957084663061082,-0.75378628983068,0,"large","second","dist.20","dist.20","dist.20",0,-0.79496156308078,-0.578702317633627,-0.50589447430401,-0.16810517715307,0.606435458890079,-1.12204057333336,-0.450386497816471
"2850-57650","2850-57733","2850-57650_2850-57733",1,"CHR",25,"CHR-25","0",0,10.94334048,0,33,0.287390029325513,"CHR_25_1",1,"ep_same",1,4,"yes",16.49,17.68973745,37.8482436,74.33333333,-0.835711625452285,0.553081751767378,1.79200900661347,15.66,14.84394317,20.45213858,102,1.47226847611183,0.292877508261001,-0.471921901664779,-0.00581421619997732,-0.75378628983068,1,"large","first","dist.20","dist.20","dist.20",0.25,0.62542916881533,-0.578702317633627,-0.50589447430401,-0.16810517715307,0.606435458890079,-1.12204057333336,-0.450386497816471
"2850-57650","2850-57742","2850-57650_2850-57742",1,"CHR",25,"CHR-25","0",12,9.52343924,8,-2,0.263929618768328,"CHR_25_1",1,NA,0,4,"no",16.49,17.68973745,37.8482436,74.33333333,-0.835711625452285,0.553081751767378,1.79200900661347,16.98,13.00562645,26.1463443,93,0.397002234939508,-0.179380228057897,0.692122624034258,-0.208892233442428,1.39562412077562,0,"large","first","dist.10","dist.10","dist.10",0,0.336536138599169,-0.578702317633627,-0.50589447430401,-0.16810517715307,0.564019367350756,-0.96234197733198,-0.610003960994292
"2850-57650","2850-57742","2850-57650_2850-57742",2,"CHR",95,"CHR-95","0",10,9.211911346,0,-13,0.172043010752688,"CHR_95_2",1,NA,0,3,"no",16.49,17.68973745,37.8482436,74.33333333,-0.835711625452285,0.553081751767378,1.79200900661347,16.98,13.00562645,26.1463443,93,0.397002234939508,-0.179380228057897,0.692122624034258,-0.253447773818768,-0.75378628983068,0,"large","second","dist.10","dist.10","dist.10",0,-0.79496156308078,-0.578702317633627,-0.50589447430401,-0.16810517715307,0.564019367350756,-0.96234197733198,-0.610003960994292
"2850-57650","2850-57744","2850-57650_2850-57744",2,"CHR",95,"CHR-95","0",10,15.38640057,0,11,0.172043010752688,"CHR_95_2",1,NA,0,3,"no",16.49,17.68973745,37.8482436,74.33333333,-0.835711625452285,0.553081751767378,1.79200900661347,14.77,24.63866733,20.45419575,84.5,-0.618526992834355,2.80911108724386,-0.47150136233152,0.629643946767937,-0.75378628983068,0,"large","second","dist.20","dist.20","dist.20",0,-0.79496156308078,-0.578702317633627,-0.50589447430401,-0.16810517715307,-0.411550717693951,1.14723185861105,0.256764043881684
"2850-57650","2850-57744","2850-57650_2850-57744",1,"CHR",25,"CHR-25","0",0,16.02301471,0,16,0.287390029325513,"CHR_25_1",1,NA,0,4,"no",16.49,17.68973745,37.8482436,74.33333333,-0.835711625452285,0.553081751767378,1.79200900661347,14.77,24.63866733,20.45419575,84.5,-0.618526992834355,2.80911108724386,-0.47150136233152,0.720694178754288,-0.75378628983068,0,"large","first","dist.20","dist.20","dist.20",0,0.62542916881533,-0.578702317633627,-0.50589447430401,-0.16810517715307,-0.411550717693951,1.14723185861105,0.256764043881684
"2850-57650","2850-57745","2850-57650_2850-57745",1,"CHR",25,"CHR-25","0",9,11.85051341,9,3,0.26099706744868,"CHR_25_1",1,NA,0,4,"no",16.49,17.68973745,37.8482436,74.33333333,-0.835711625452285,0.553081751767378,1.79200900661347,16.33,11.89491525,19.28173812,85,-0.558789979435893,-0.464718413425676,-0.711182356121742,0.123932046941834,1.6643004221014,0,"large","first","dist.20","dist.20","dist.20",0,0.300424509822151,-0.578702317633627,-0.50589447430401,-0.16810517715307,NA,NA,NA
"2850-57650","2850-57745","2850-57650_2850-57745",2,"CHR",95,"CHR-95","0",10,12.30600658,0,-19,0.172043010752688,"CHR_95_2",1,NA,0,3,"no",16.49,17.68973745,37.8482436,74.33333333,-0.835711625452285,0.553081751767378,1.79200900661347,16.33,11.89491525,19.28173812,85,-0.558789979435893,-0.464718413425676,-0.711182356121742,0.189077880486622,-0.75378628983068,0,"large","second","dist.20","dist.20","dist.20",0,-0.79496156308078,-0.578702317633627,-0.50589447430401,-0.16810517715307,NA,NA,NA
"2850-57650","2850-57806","2850-57650_2850-57806",1,"CHR",25,"CHR-25","0",12,6.968481868,6,-5,0.269794721407625,"CHR_25_1",1,NA,0,4,"no",16.49,17.68973745,37.8482436,74.33333333,-0.835711625452285,0.553081751767378,1.79200900661347,15.88,11.25502825,14.26422898,83.83333333,-0.698176344430552,-0.62910335473214,-1.73689240845576,-0.574308969922453,0.858271518124042,0,"large","first","dist.10","dist.10","dist.10",0,0.408759396153219,-0.578702317633627,-0.50589447430401,-0.16810517715307,0.224690642671068,-0.312822534834813,0.766781208645738
"2850-57650","2850-57806","2850-57650_2850-57806",2,"CHR",95,"CHR-95","0",10,9.625696497,0,-10,0.172043010752688,"CHR_95_2",1,NA,0,3,"no",16.49,17.68973745,37.8482436,74.33333333,-0.835711625452285,0.553081751767378,1.79200900661347,15.88,11.25502825,14.26422898,83.83333333,-0.698176344430552,-0.62910335473214,-1.73689240845576,-0.19426713106544,-0.75378628983068,0,"large","second","dist.10","dist.10","dist.10",0,-0.79496156308078,-0.578702317633627,-0.50589447430401,-0.16810517715307,0.224690642671068,-0.312822534834813,0.766781208645738
"2850-57650","2850-57808","2850-57650_2850-57808",1,"CHR",25,"CHR-25","0",12,3.021301671,6,-5,0.269794721407625,"CHR_25_1",1,"ep_same",1,4,"yes",16.49,17.68973745,37.8482436,74.33333333,-0.835711625452285,0.553081751767378,1.79200900661347,17.44,11.46748421,15.37756564,100,1.23332042251798,-0.574524092276724,-1.50929728666711,-1.13884508379008,0.858271518124042,1,"large","first","dist.05","dist.05","dist.10",0.25,0.408759396153219,-0.578702317633627,-0.50589447430401,-0.16810517715307,0.564019367350756,-2.00209196155345,-1.05591017852521
"2850-57650","2850-57808","2850-57650_2850-57808",2,"CHR",95,"CHR-95","0",10,3.123526535,0,-14,0.172043010752688,"CHR_95_2",1,NA,0,3,"no",16.49,17.68973745,37.8482436,74.33333333,-0.835711625452285,0.553081751767378,1.79200900661347,17.44,11.46748421,15.37756564,100,1.23332042251798,-0.574524092276724,-1.50929728666711,-1.12422461434532,-0.75378628983068,0,"large","second","dist.05","dist.05","dist.10",0,-0.79496156308078,-0.578702317633627,-0.50589447430401,-0.16810517715307,0.564019367350756,-2.00209196155345,-1.05591017852521
"2850-57652","2640-97588","2850-57652_2640-97588",1,"CHR",66,"CHR-66","0",9,21.5198601,3,-8,0.262096774193548,"CHR_66_1",1,NA,0,2,"no",15.44,16.27360253,25.43874875,74,-0.920543805985966,0.0923616887128494,-0.0652425713766268,18.7,11.85018943,14.45612662,87,-0.319841925842042,-0.476208334764261,-1.69766351362466,1.50686749239229,0.0522426141466809,0,"large","first","dist.20+","dist.20+","dist.20+",0,0.313966370613532,-0.857475046428205,-0.308807586528723,-0.780541178943333,0.224690642671068,-0.0934822025987468,-1.95280566010936
"2850-57652","2640-97588","2850-57652_2640-97588",2,"CHR",16,"CHR-16","0",10,23.52595236,2,-9,0.189964157706093,"CHR_16_2",1,NA,0,3,"no",15.44,16.27360253,25.43874875,74,-0.920543805985966,0.0923616887128494,-0.0652425713766268,18.7,11.85018943,14.45612662,87,-0.319841925842042,-0.476208334764261,-1.69766351362466,1.79378409411751,-0.216433687179106,0,"large","second","dist.20+","dist.20+","dist.20+",0,-0.574279387221214,-0.857475046428205,-0.308807586528723,-0.780541178943333,0.224690642671068,-0.0934822025987468,-1.95280566010936
"2850-57652","2640-97589","2850-57652_2640-97589",1,"CHR",66,"CHR-66","0",9,10.69451428,5,-6,0.254032258064516,"CHR_66_1",1,NA,0,2,"no",15.44,16.27360253,25.43874875,74,-0.920543805985966,0.0923616887128494,-0.0652425713766268,16.1,11.8153556,16.91354271,99.66666667,1.19349574731726,-0.485157035237985,-1.19530341502793,-0.0414019950612546,0.589595216798255,0,"large","first","dist.20","dist.20","dist.20",0,0.214659391476732,-0.857475046428205,-0.308807586528723,-0.780541178943333,0.98818027510909,-0.478534822267752,-0.867541507603602
"2850-57652","2640-97589","2850-57652_2640-97589",2,"CHR",16,"CHR-16","0",10,12.62737671,5,-6,0.17921146953405,"CHR_16_2",1,NA,0,3,"no",15.44,16.27360253,25.43874875,74,-0.920543805985966,0.0923616887128494,-0.0652425713766268,16.1,11.8153556,16.91354271,99.66666667,1.19349574731726,-0.485157035237985,-1.19530341502793,0.235041083393149,0.589595216798255,0,"large","second","dist.20","dist.20","dist.20",0,-0.706688692736953,-0.857475046428205,-0.308807586528723,-0.780541178943333,0.98818027510909,-0.478534822267752,-0.867541507603602
"2850-57652","2811-83208","2850-57652_2811-83208",2,"CHR",16,"CHR-16","0",10,6.511773364,1,9,0.193548387096774,"CHR_16_2",1,NA,0,3,"no",15.44,16.27360253,25.43874875,74,-0.920543805985966,0.0923616887128494,-0.0652425713766268,16.9,18.73416916,21.00459455,87,-0.319841925842042,1.29226422972124,-0.358985457287731,-0.639628623738719,-0.485109988504893,0,"large","second","dist.10","dist.10","dist.10",0,-0.530142952049302,-0.857475046428205,-0.308807586528723,-0.780541178943333,-0.411550717693951,-0.159665267146272,1.94192717350385
"2850-57652","2811-83208","2850-57652_2811-83208",1,"CHR",66,"CHR-66","0",0,7.971151755,0,9,0.274193548387097,"CHR_66_1",1,NA,0,2,"no",15.44,16.27360253,25.43874875,74,-0.920543805985966,0.0923616887128494,-0.0652425713766268,16.9,18.73416916,21.00459455,87,-0.319841925842042,1.29226422972124,-0.358985457287731,-0.430904480325225,-0.75378628983068,0,"large","first","dist.10","dist.10","dist.10",0,0.462926839318746,-0.857475046428205,-0.308807586528723,-0.780541178943333,-0.411550717693951,-0.159665267146272,1.94192717350385
"2850-57652","2850-57567","2850-57652_2850-57567",1,"CHR",66,"CHR-66","0",2,17.96708073,2,7,0.266129032258065,"CHR_66_1",1,NA,0,2,"no",15.44,16.27360253,25.43874875,74,-0.920543805985966,0.0923616887128494,-0.0652425713766268,16.6,10.56012296,26.35612994,102.1666667,1.49218081789379,-0.807622320284185,0.735008293751907,0.998739624175564,-0.216433687179106,0,"large","first","dist.20","dist.20","dist.20",0,0.363619860181945,-0.857475046428205,-0.308807586528723,-0.780541178943333,-1.17504035013197,0.922800644787313,-0.818227574717981
"2850-57652","2850-57567","2850-57652_2850-57567",2,"CHR",16,"CHR-16","0",1,19.97329149,0,-42,0.197132616487455,"CHR_16_2",1,NA,0,3,"no",15.44,16.27360253,25.43874875,74,-0.920543805985966,0.0923616887128494,-0.0652425713766268,16.6,10.56012296,26.35612994,102.1666667,1.49218081789379,-0.807622320284185,0.735008293751907,1.28567317408307,-0.75378628983068,0,"large","second","dist.20","dist.20","dist.20",0,-0.486006516877389,-0.857475046428205,-0.308807586528723,-0.780541178943333,-1.17504035013197,0.922800644787313,-0.818227574717981
"2850-57652","2850-57570","2850-57652_2850-57570",2,"CHR",16,"CHR-16","0",10,20.5833144,0,-10,0.197132616487455,"CHR_16_2",1,NA,0,3,"no",15.44,16.27360253,25.43874875,74,-0.920543805985966,0.0923616887128494,-0.0652425713766268,16.51,16.84077767,23.06811898,90,0.038580154548733,0.805857959623855,0.0628528876022267,1.37292025827835,-0.75378628983068,0,"large","second","dist.20+","dist.20+","dist.20+",0,-0.486006516877389,-0.857475046428205,-0.308807586528723,-0.780541178943333,-0.157054173547943,-1.42571858026568,-1.08665491345185
"2850-57652","2850-57570","2850-57652_2850-57570",1,"CHR",66,"CHR-66","0",0,15.72815413,0,19,0.274193548387097,"CHR_66_1",1,NA,0,2,"no",15.44,16.27360253,25.43874875,74,-0.920543805985966,0.0923616887128494,-0.0652425713766268,16.51,16.84077767,23.06811898,90,0.038580154548733,0.805857959623855,0.0628528876022267,0.678522441549974,-0.75378628983068,0,"large","first","dist.20","dist.20","dist.20",0,0.462926839318746,-0.857475046428205,-0.308807586528723,-0.780541178943333,-0.157054173547943,-1.42571858026568,-1.08665491345185
"2850-57652","2850-57577","2850-57652_2850-57577",2,"CHR",16,"CHR-16","0",10,25.99401697,0,19,0.197132616487455,"CHR_16_2",1,NA,0,3,"no",15.44,16.27360253,25.43874875,74,-0.920543805985966,0.0923616887128494,-0.0652425713766268,18.2,20.92472416,28.83623131,90.83333333,0.138141843147924,1.85501086327307,1.24200585669334,2.14677319878584,-0.75378628983068,0,"large","second","dist.20+","dist.20+","dist.20+",0,-0.486006516877389,-0.857475046428205,-0.308807586528723,-0.780541178943333,-0.666047261839958,0.264789915692027,-0.462001728113777
"2850-57652","2850-57577","2850-57652_2850-57577",1,"CHR",66,"CHR-66","0",0,24.06060461,0,19,0.274193548387097,"CHR_66_1",1,NA,0,2,"no",15.44,16.27360253,25.43874875,74,-0.920543805985966,0.0923616887128494,-0.0652425713766268,18.2,20.92472416,28.83623131,90.83333333,0.138141843147924,1.85501086327307,1.24200585669334,1.8702514678936,-0.75378628983068,0,"large","first","dist.20+","dist.20+","dist.20+",0,0.462926839318746,-0.857475046428205,-0.308807586528723,-0.780541178943333,-0.666047261839958,0.264789915692027,-0.462001728113777
"2850-57652","2850-57578","2850-57652_2850-57578",2,"CHR",16,"CHR-16","0",10,15.1632651,0,16,0.197132616487455,"CHR_16_2",1,NA,0,3,"no",15.44,16.27360253,25.43874875,74,-0.920543805985966,0.0923616887128494,-0.0652425713766268,17.2,10.81633932,15.67680791,91.5,0.217791194744121,-0.741801149826969,-1.44812434290995,0.597730523814618,-0.75378628983068,0,"large","second","dist.20","dist.20","dist.20",0,-0.486006516877389,-0.857475046428205,-0.308807586528723,-0.780541178943333,0.0550262790587415,1.59216462744548,-0.0904874492207969
"2850-57652","2850-57578","2850-57652_2850-57578",1,"CHR",66,"CHR-66","0",0,13.25550717,0,15,0.274193548387097,"CHR_66_1",1,NA,0,2,"no",15.44,16.27360253,25.43874875,74,-0.920543805985966,0.0923616887128494,-0.0652425713766268,17.2,10.81633932,15.67680791,91.5,0.217791194744121,-0.741801149826969,-1.44812434290995,0.324877957108667,-0.75378628983068,0,"large","first","dist.20","dist.20","dist.20",0,0.462926839318746,-0.857475046428205,-0.308807586528723,-0.780541178943333,0.0550262790587415,1.59216462744548,-0.0904874492207969
"2850-57652","2850-57579","2850-57652_2850-57579",1,"CHR",66,"CHR-66","0",7,7.022679488,7,2,0.245967741935484,"CHR_66_1",1,NA,0,2,"no",15.44,16.27360253,25.43874875,74,-0.920543805985966,0.0923616887128494,-0.0652425713766268,16.3,11.31949153,24.77905949,93.5,0.456739248337971,-0.612542942504321,0.412613860843324,-0.566557483481847,1.12694781944983,0,"large","first","dist.10","dist.10","dist.10",0,0.11535241233993,-0.857475046428205,-0.308807586528723,-0.780541178943333,0.394355006283394,0.252942547897877,-0.257226498974273
"2850-57652","2850-57579","2850-57652_2850-57579",2,"CHR",16,"CHR-16","0",10,8.746965331,0,-22,0.197132616487455,"CHR_16_2",1,NA,0,3,"no",15.44,16.27360253,25.43874875,74,-0.920543805985966,0.0923616887128494,-0.0652425713766268,16.3,11.31949153,24.77905949,93.5,0.456739248337971,-0.612542942504321,0.412613860843324,-0.319945578166751,-0.75378628983068,0,"large","second","dist.10","dist.10","dist.10",0,-0.486006516877389,-0.857475046428205,-0.308807586528723,-0.780541178943333,0.394355006283394,0.252942547897877,-0.257226498974273
"2850-57652","2850-57580","2850-57652_2850-57580",2,"CHR",16,"CHR-16","0",3,5.162086535,0,-39,0.197132616487455,"CHR_16_2",1,NA,0,3,"no",15.44,16.27360253,25.43874875,74,-0.920543805985966,0.0923616887128494,-0.0652425713766268,16.2,9.142844799,27.48113161,87.83333333,-0.220280237242851,-1.17171658585126,0.964988048569367,-0.832664390882334,-0.75378628983068,0,"large","second","dist.10","dist.10","dist.10",0,-0.486006516877389,-0.857475046428205,-0.308807586528723,-0.780541178943333,0.564019367350756,0.594981908524202,0.613110506001452
"2850-57652","2850-57580","2850-57652_2850-57580",1,"CHR",66,"CHR-66","0",0,5.199639626,0,10,0.274193548387097,"CHR_66_1",1,NA,0,2,"no",15.44,16.27360253,25.43874875,74,-0.920543805985966,0.0923616887128494,-0.0652425713766268,16.2,9.142844799,27.48113161,87.83333333,-0.220280237242851,-1.17171658585126,0.964988048569367,-0.827293448843009,-0.75378628983068,0,"large","first","dist.10","dist.10","dist.10",0,0.462926839318746,-0.857475046428205,-0.308807586528723,-0.780541178943333,0.564019367350756,0.594981908524202,0.613110506001452
"2850-57652","2850-57589","2850-57652_2850-57589",1,"CHR",66,"CHR-66","0",3,5.383295227,3,6,0.262096774193548,"CHR_66_1",1,NA,0,2,"no",15.44,16.27360253,25.43874875,74,-0.920543805985966,0.0923616887128494,-0.0652425713766268,17.5,12.65077601,16.92662014,97,0.874898342127209,-0.270540180912031,-1.19263004642303,-0.801026540796256,0.0522426141466809,0,"large","first","dist.10","dist.10","dist.10",0,0.313966370613532,-0.857475046428205,-0.308807586528723,-0.780541178943333,0.394355006283394,-0.220209818057244,-0.7238327207249
"2850-57652","2850-57589","2850-57652_2850-57589",2,"CHR",16,"CHR-16","0",10,7.153980936,0,10,0.197132616487455,"CHR_16_2",1,NA,0,3,"no",15.44,16.27360253,25.43874875,74,-0.920543805985966,0.0923616887128494,-0.0652425713766268,17.5,12.65077601,16.92662014,97,0.874898342127209,-0.270540180912031,-1.19263004642303,-0.54777840436723,-0.75378628983068,0,"large","second","dist.10","dist.10","dist.10",0,-0.486006516877389,-0.857475046428205,-0.308807586528723,-0.780541178943333,0.394355006283394,-0.220209818057244,-0.7238327207249
"2850-57652","2850-57620","2850-57652_2850-57620",2,"CHR",16,"CHR-16","0",10,17.22533064,1,9,0.193548387096774,"CHR_16_2",1,NA,0,3,"no",15.44,16.27360253,25.43874875,74,-0.920543805985966,0.0923616887128494,-0.0652425713766268,18.2,8.903889997,21.60838485,87,-0.319841925842042,-1.2331033167923,-0.235554933708899,0.89265257155308,-0.485109988504893,0,"large","second","dist.20","dist.20","dist.20",0,-0.530142952049302,-0.857475046428205,-0.308807586528723,-0.780541178943333,-1.04779207805897,-0.519894914297499,-0.347422909026337
"2850-57652","2850-57620","2850-57652_2850-57620",1,"CHR",66,"CHR-66","0",0,15.25649999,0,9,0.274193548387097,"CHR_66_1",1,NA,0,2,"no",15.44,16.27360253,25.43874875,74,-0.920543805985966,0.0923616887128494,-0.0652425713766268,18.2,8.903889997,21.60838485,87,-0.319841925842042,-1.2331033167923,-0.235554933708899,0.611065223486419,-0.75378628983068,0,"large","first","dist.20","dist.20","dist.20",0,0.462926839318746,-0.857475046428205,-0.308807586528723,-0.780541178943333,-1.04779207805897,-0.519894914297499,-0.347422909026337
"2850-57652","2850-57647","2850-57652_2850-57647",2,"CHR",16,"CHR-16","0",10,12.61615031,0,19,0.197132616487455,"CHR_16_2",1,NA,0,3,"no",15.44,16.27360253,25.43874875,74,-0.920543805985966,0.0923616887128494,-0.0652425713766268,15.8,12.89783981,28.1838767,85.83333333,-0.459228290836701,-0.207070274097309,1.10864751842364,0.233435454079964,-0.75378628983068,0,"large","second","dist.20","dist.20","dist.20",0,-0.486006516877389,-0.857475046428205,-0.308807586528723,-0.780541178943333,2.30307908737845,-0.324477446700752,0.908946604529733
"2850-57652","2850-57647","2850-57652_2850-57647",1,"CHR",66,"CHR-66","0",0,10.67389294,0,14,0.274193548387097,"CHR_66_1",1,NA,0,2,"no",15.44,16.27360253,25.43874875,74,-0.920543805985966,0.0923616887128494,-0.0652425713766268,15.8,12.89783981,28.1838767,85.83333333,-0.459228290836701,-0.207070274097309,1.10864751842364,-0.0443513134519354,-0.75378628983068,0,"large","first","dist.20","dist.20","dist.20",0,0.462926839318746,-0.857475046428205,-0.308807586528723,-0.780541178943333,2.30307908737845,-0.324477446700752,0.908946604529733
"2850-57652","2850-57653","2850-57652_2850-57653",2,"CHR",16,"CHR-16","0",10,26.76710283,4,-7,0.182795698924731,"CHR_16_2",1,NA,0,3,"no",15.44,16.27360253,25.43874875,74,-0.920543805985966,0.0923616887128494,-0.0652425713766268,16.37,8.467490861,27.15053506,78,-1.39510816701437,-1.34521287106915,0.897405470214174,2.25734197581359,0.320918915472468,0,"large","second","dist.20+","dist.20+","dist.20+",0,-0.662552257565041,-0.857475046428205,-0.308807586528723,-0.780541178943333,0.182274551131745,-1.12841701146077,0.110874711490428
"2850-57652","2850-57653","2850-57652_2850-57653",1,"CHR",66,"CHR-66","0",0,22.94034015,0,9,0.274193548387097,"CHR_66_1",1,NA,0,2,"no",15.44,16.27360253,25.43874875,74,-0.920543805985966,0.0923616887128494,-0.0652425713766268,16.37,8.467490861,27.15053506,78,-1.39510816701437,-1.34521287106915,0.897405470214174,1.71002829256629,-0.75378628983068,0,"large","first","dist.20+","dist.20+","dist.20+",0,0.462926839318746,-0.857475046428205,-0.308807586528723,-0.780541178943333,0.182274551131745,-1.12841701146077,0.110874711490428
"2850-57652","2850-57669","2850-57652_2850-57669",2,"CHR",16,"CHR-16","0",10,14.41731328,3,-4,0.186379928315412,"CHR_16_2",1,NA,0,3,"no",15.44,16.27360253,25.43874875,74,-0.920543805985966,0.0923616887128494,-0.0652425713766268,17.82,14.07982054,27.72719176,89.66666667,-0.0012445206519955,0.0965768275416075,1.01528917653778,0.491042528694621,0.0522426141466809,0,"large","second","dist.20","dist.20","dist.20",0,-0.618415822393128,-0.857475046428205,-0.308807586528723,-0.780541178943333,NA,NA,NA
"2850-57652","2850-57669","2850-57652_2850-57669",1,"CHR",66,"CHR-66","0",0,12.4590414,0,9,0.274193548387097,"CHR_66_1",1,NA,0,2,"no",15.44,16.27360253,25.43874875,74,-0.920543805985966,0.0923616887128494,-0.0652425713766268,17.82,14.07982054,27.72719176,89.66666667,-0.0012445206519955,0.0965768275416075,1.01528917653778,0.210965323739123,-0.75378628983068,0,"large","first","dist.20","dist.20","dist.20",0,0.462926839318746,-0.857475046428205,-0.308807586528723,-0.780541178943333,NA,NA,NA
"2850-57652","2850-57671","2850-57652_2850-57671",2,"CHR",16,"CHR-16","0",7,9.796910184,0,-36,0.197132616487455,"CHR_16_2",1,NA,0,3,"no",15.44,16.27360253,25.43874875,74,-0.920543805985966,0.0923616887128494,-0.0652425713766268,17.53,16.28350449,28.84180791,75.83333333,-1.65396855880595,0.662696246718346,1.24314585953504,-0.169779698347423,-0.75378628983068,0,"large","second","dist.10","dist.10","dist.10",0,-0.486006516877389,-0.857475046428205,-0.308807586528723,-0.780541178943333,0.606435458890079,1.16785270969026,0.187430780520441
"2850-57652","2850-57671","2850-57652_2850-57671",1,"CHR",66,"CHR-66","0",0,10.62077385,0,13,0.274193548387097,"CHR_66_1",1,NA,0,2,"no",15.44,16.27360253,25.43874875,74,-0.920543805985966,0.0923616887128494,-0.0652425713766268,17.53,16.28350449,28.84180791,75.83333333,-1.65396855880595,0.662696246718346,1.24314585953504,-0.051948545689667,-0.75378628983068,0,"large","first","dist.20","dist.20","dist.20",0,0.462926839318746,-0.857475046428205,-0.308807586528723,-0.780541178943333,0.606435458890079,1.16785270969026,0.187430780520441
"2850-57652","2850-57731","2850-57652_2850-57731",1,"CHR",66,"CHR-66","0",9,10.64783291,2,-9,0.266129032258065,"CHR_66_1",1,NA,0,2,"no",15.44,16.27360253,25.43874875,74,-0.920543805985966,0.0923616887128494,-0.0652425713766268,15.9,10.9634214,23.24545364,91,0.158054181345658,-0.704016229851986,0.0991047285683272,-0.0480784876191181,-0.216433687179106,0,"large","first","dist.20","dist.20","dist.20",0,0.363619860181945,-0.857475046428205,-0.308807586528723,-0.780541178943333,-1.17504035013197,-0.720064302121302,-0.918055636034195
"2850-57652","2850-57731","2850-57652_2850-57731",2,"CHR",16,"CHR-16","0",10,16.12261808,1,-9,0.193548387096774,"CHR_16_2",1,NA,0,3,"no",15.44,16.27360253,25.43874875,74,-0.920543805985966,0.0923616887128494,-0.0652425713766268,15.9,10.9634214,23.24545364,91,0.158054181345658,-0.704016229851986,0.0991047285683272,0.734939715218687,-0.485109988504893,0,"large","second","dist.20","dist.20","dist.20",0,-0.530142952049302,-0.857475046428205,-0.308807586528723,-0.780541178943333,-1.17504035013197,-0.720064302121302,-0.918055636034195
"2850-57652","2850-57733","2850-57652_2850-57733",2,"CHR",16,"CHR-16","0",10,6.026396885,0,-15,0.197132616487455,"CHR_16_2",1,NA,0,3,"no",15.44,16.27360253,25.43874875,74,-0.920543805985966,0.0923616887128494,-0.0652425713766268,15.66,14.84394317,20.45213858,102,1.47226847611183,0.292877508261001,-0.471921901664779,-0.709048446888843,-0.75378628983068,0,"large","second","dist.10","dist.10","dist.10",0,-0.486006516877389,-0.857475046428205,-0.308807586528723,-0.780541178943333,0.606435458890079,-1.12204057333336,-0.450386497816471
"2850-57652","2850-57733","2850-57652_2850-57733",1,"CHR",66,"CHR-66","0",0,5.146332892,0,34,0.274193548387097,"CHR_66_1",1,"ep_same",2,2,"yes",15.44,16.27360253,25.43874875,74,-0.920543805985966,0.0923616887128494,-0.0652425713766268,15.66,14.84394317,20.45213858,102,1.47226847611183,0.292877508261001,-0.471921901664779,-0.834917518420123,-0.75378628983068,1,"large","first","dist.10","dist.10","dist.10",1,0.462926839318746,-0.857475046428205,-0.308807586528723,-0.780541178943333,0.606435458890079,-1.12204057333336,-0.450386497816471
"2850-57652","2850-57742","2850-57652_2850-57742",1,"CHR",66,"CHR-66","0",9,8.754085291,9,-1,0.237903225806452,"CHR_66_1",1,NA,0,2,"no",15.44,16.27360253,25.43874875,74,-0.920543805985966,0.0923616887128494,-0.0652425713766268,16.98,13.00562645,26.1463443,93,0.397002234939508,-0.179380228057897,0.692122624034258,-0.318927262724161,1.6643004221014,0,"large","first","dist.10","dist.10","dist.10",0,0.0160454332031293,-0.857475046428205,-0.308807586528723,-0.780541178943333,0.564019367350756,-0.96234197733198,-0.610003960994292
"2850-57652","2850-57742","2850-57652_2850-57742",2,"CHR",16,"CHR-16","0",10,8.341556782,7,-4,0.172043010752688,"CHR_16_2",1,NA,0,3,"no",15.44,16.27360253,25.43874875,74,-0.920543805985966,0.0923616887128494,-0.0652425713766268,16.98,13.00562645,26.1463443,93,0.397002234939508,-0.179380228057897,0.692122624034258,-0.377928177226992,1.12694781944983,0,"large","second","dist.10","dist.10","dist.10",0,-0.79496156308078,-0.857475046428205,-0.308807586528723,-0.780541178943333,0.564019367350756,-0.96234197733198,-0.610003960994292
"2850-57652","2850-57744","2850-57652_2850-57744",2,"CHR",16,"CHR-16","0",10,3.277297878,0,20,0.197132616487455,"CHR_16_2",1,NA,0,3,"no",15.44,16.27360253,25.43874875,74,-0.920543805985966,0.0923616887128494,-0.0652425713766268,14.77,24.63866733,20.45419575,84.5,-0.618526992834355,2.80911108724386,-0.47150136233152,-1.10223183163238,-0.75378628983068,0,"large","second","dist.05","dist.05","dist.10",0,-0.486006516877389,-0.857475046428205,-0.308807586528723,-0.780541178943333,-0.411550717693951,1.14723185861105,0.256764043881684
"2850-57652","2850-57744","2850-57652_2850-57744",1,"CHR",66,"CHR-66","0",0,4.449553837,0,17,0.274193548387097,"CHR_66_1",1,NA,0,2,"no",15.44,16.27360253,25.43874875,74,-0.920543805985966,0.0923616887128494,-0.0652425713766268,14.77,24.63866733,20.45419575,84.5,-0.618526992834355,2.80911108724386,-0.47150136233152,-0.934572695103727,-0.75378628983068,0,"large","first","dist.05","dist.05","dist.10",0,0.462926839318746,-0.857475046428205,-0.308807586528723,-0.780541178943333,-0.411550717693951,1.14723185861105,0.256764043881684
"2850-57652","2850-57745","2850-57652_2850-57745",1,"CHR",66,"CHR-66","0",5,23.06906568,5,4,0.254032258064516,"CHR_66_1",1,NA,0,2,"no",15.44,16.27360253,25.43874875,74,-0.920543805985966,0.0923616887128494,-0.0652425713766268,16.33,11.89491525,19.28173812,85,-0.558789979435893,-0.464718413425676,-0.711182356121742,1.72843895710017,0.589595216798255,0,"large","first","dist.20+","dist.20+","dist.20+",0,0.214659391476732,-0.857475046428205,-0.308807586528723,-0.780541178943333,NA,NA,NA
"2850-57652","2850-57745","2850-57652_2850-57745",2,"CHR",16,"CHR-16","0",10,24.41640549,0,-10,0.197132616487455,"CHR_16_2",1,NA,0,3,"no",15.44,16.27360253,25.43874875,74,-0.920543805985966,0.0923616887128494,-0.0652425713766268,16.33,11.89491525,19.28173812,85,-0.558789979435893,-0.464718413425676,-0.711182356121742,1.92113904740125,-0.75378628983068,0,"large","second","dist.20+","dist.20+","dist.20+",0,-0.486006516877389,-0.857475046428205,-0.308807586528723,-0.780541178943333,NA,NA,NA
"2850-57652","2850-57806","2850-57652_2850-57806",1,"CHR",66,"CHR-66","0",9,17.86065878,7,-4,0.245967741935484,"CHR_66_1",1,NA,0,2,"no",15.44,16.27360253,25.43874875,74,-0.920543805985966,0.0923616887128494,-0.0652425713766268,15.88,11.25502825,14.26422898,83.83333333,-0.698176344430552,-0.62910335473214,-1.73689240845576,0.983518876430407,1.12694781944983,0,"large","first","dist.20","dist.20","dist.20",0,0.11535241233993,-0.857475046428205,-0.308807586528723,-0.780541178943333,0.224690642671068,-0.312822534834813,0.766781208645738
"2850-57652","2850-57806","2850-57652_2850-57806",2,"CHR",16,"CHR-16","0",10,21.30972896,9,-1,0.164874551971326,"CHR_16_2",1,NA,0,3,"no",15.44,16.27360253,25.43874875,74,-0.920543805985966,0.0923616887128494,-0.0652425713766268,15.88,11.25502825,14.26422898,83.83333333,-0.698176344430552,-0.62910335473214,-1.73689240845576,1.47681398298617,1.6643004221014,0,"large","second","dist.20+","dist.20+","dist.20+",0,-0.883234433424605,-0.857475046428205,-0.308807586528723,-0.780541178943333,0.224690642671068,-0.312822534834813,0.766781208645738
"2850-57652","2850-57808","2850-57652_2850-57808",1,"CHR",66,"CHR-66","0",9,12.40409686,7,-4,0.245967741935484,"CHR_66_1",1,NA,0,2,"no",15.44,16.27360253,25.43874875,74,-0.920543805985966,0.0923616887128494,-0.0652425713766268,17.44,11.46748421,15.37756564,100,1.23332042251798,-0.574524092276724,-1.50929728666711,0.203107010831742,1.12694781944983,0,"large","first","dist.20","dist.20","dist.20",0,0.11535241233993,-0.857475046428205,-0.308807586528723,-0.780541178943333,0.564019367350756,-2.00209196155345,-1.05591017852521
"2850-57652","2850-57808","2850-57652_2850-57808",2,"CHR",16,"CHR-16","0",10,13.31016548,5,-5,0.17921146953405,"CHR_16_2",1,NA,0,3,"no",15.44,16.27360253,25.43874875,74,-0.920543805985966,0.0923616887128494,-0.0652425713766268,17.44,11.46748421,15.37756564,100,1.23332042251798,-0.574524092276724,-1.50929728666711,0.33269533264714,0.589595216798255,0,"large","second","dist.20","dist.20","dist.20",0,-0.706688692736953,-0.857475046428205,-0.308807586528723,-0.780541178943333,0.564019367350756,-2.00209196155345,-1.05591017852521
"2850-57652","2850-57881","2850-57652_2850-57881",1,"CHR",66,"CHR-66","0",8,14.78665518,8,1,0.241935483870968,"CHR_66_1",1,NA,0,2,"no",15.44,16.27360253,25.43874875,74,-0.920543805985966,0.0923616887128494,-0.0652425713766268,16.55,11.73463277,21.93833167,84.83333333,-0.578702317633627,-0.50589447430401,-0.16810517715307,0.543866780567631,1.39562412077562,0,"large","first","dist.20","dist.20","dist.20",0,0.0656989227715297,-0.857475046428205,-0.308807586528723,-0.780541178943333,-0.835711625452285,0.553081751767378,1.79200900661347
"2850-57652","2850-57881","2850-57652_2850-57881",2,"CHR",16,"CHR-16","0",10,16.339459459,1,9,0.193548387096774,"CHR_16_2",1,NA,0,3,"no",15.44,16.27360253,25.43874875,74,-0.920543805985966,0.0923616887128494,-0.0652425713766268,16.55,11.73463277,21.93833167,84.83333333,-0.578702317633627,-0.50589447430401,-0.16810517715307,0.765952940690227,-0.485109988504893,0,"large","second","dist.20","dist.20","dist.20",0,-0.530142952049302,-0.857475046428205,-0.308807586528723,-0.780541178943333,-0.835711625452285,0.553081751767378,1.79200900661347
"2850-57654","2640-97588","2850-57654_2640-97588",1,"CHR",80,"CHR-80","0",10,23.12713998,0,-18,0.372759856630824,"CHR_80_1",1,NA,0,4,"no",16.58,17.81852775,29.97126288,79.83333333,0.564019367350756,0.594981908524202,0.613110506001452,18.7,11.85018943,14.45612662,87,-0.319841925842042,-0.476208334764261,-1.69766351362466,1.73674489653068,-0.75378628983068,0,"large","first","dist.20+","dist.20+","dist.20+",0,1.67667880654635,-0.220280237242851,-1.17171658585126,0.964988048569367,0.224690642671068,-0.0934822025987468,-1.95280566010936
"2850-57654","2640-97589","2850-57654_2640-97589",1,"CHR",80,"CHR-80","0",10,11.50131062,0,-16,0.372759856630824,"CHR_80_1",1,NA,0,4,"no",16.58,17.81852775,29.97126288,79.83333333,0.564019367350756,0.594981908524202,0.613110506001452,16.1,11.8153556,16.91354271,99.66666667,1.19349574731726,-0.485157035237985,-1.19530341502793,0.0739881436540731,-0.75378628983068,0,"large","first","dist.20","dist.20","dist.20",0,1.67667880654635,-0.220280237242851,-1.17171658585126,0.964988048569367,0.98818027510909,-0.478534822267752,-0.867541507603602
"2850-57654","2811-83208","2850-57654_2811-83208",1,"CHR",80,"CHR-80","0",10,5.173148491,9,-1,0.340501792114695,"CHR_80_1",1,NA,0,4,"no",16.58,17.81852775,29.97126288,79.83333333,0.564019367350756,0.594981908524202,0.613110506001452,16.9,18.73416916,21.00459455,87,-0.319841925842042,1.29226422972124,-0.358985457287731,-0.831082280783392,1.6643004221014,0,"large","first","dist.10","dist.10","dist.10",0,1.27945088999913,-0.220280237242851,-1.17171658585126,0.964988048569367,-0.411550717693951,-0.159665267146272,1.94192717350385
"2850-57654","2850-57567","2850-57654_2850-57567",1,"CHR",80,"CHR-80","0",10,19.71509877,8,-3,0.344086021505376,"CHR_80_1",1,NA,0,4,"no",16.58,17.81852775,29.97126288,79.83333333,0.564019367350756,0.594981908524202,0.613110506001452,16.6,10.56012296,26.35612994,102.1666667,1.49218081789379,-0.807622320284185,0.735008293751907,1.24874577084759,1.39562412077562,0,"large","first","dist.20","dist.20","dist.20",0,1.32358732517104,-0.220280237242851,-1.17171658585126,0.964988048569367,-1.17504035013197,0.922800644787313,-0.818227574717981
"2850-57654","2850-57570","2850-57654_2850-57570",1,"CHR",80,"CHR-80","0",1,17.07674627,1,9,0.369175627240143,"CHR_80_1",1,NA,0,4,"no",16.58,17.81852775,29.97126288,79.83333333,0.564019367350756,0.594981908524202,0.613110506001452,16.51,16.84077767,23.06811898,90,0.038580154548733,0.805857959623855,0.0628528876022267,0.871401643387951,-0.485109988504893,0,"large","first","dist.20","dist.20","dist.20",0,1.63254237137443,-0.220280237242851,-1.17171658585126,0.964988048569367,-0.157054173547943,-1.42571858026568,-1.08665491345185
"2850-57654","2850-57577","2850-57654_2850-57577",1,"CHR",80,"CHR-80","0",1,24.26838259,1,9,0.369175627240143,"CHR_80_1",1,NA,0,4,"no",16.58,17.81852775,29.97126288,79.83333333,0.564019367350756,0.594981908524202,0.613110506001452,18.2,20.92472416,28.83623131,90.83333333,0.138141843147924,1.85501086327307,1.24200585669334,1.89996842215518,-0.485109988504893,0,"large","first","dist.20+","dist.20+","dist.20+",0,1.63254237137443,-0.220280237242851,-1.17171658585126,0.964988048569367,-0.666047261839958,0.264789915692027,-0.462001728113777
"2850-57654","2850-57578","2850-57654_2850-57578",1,"CHR",80,"CHR-80","0",5,13.62674793,5,5,0.354838709677419,"CHR_80_1",1,NA,0,4,"no",16.58,17.81852775,29.97126288,79.83333333,0.564019367350756,0.594981908524202,0.613110506001452,17.2,10.81633932,15.67680791,91.5,0.217791194744121,-0.741801149826969,-1.44812434290995,0.377973788942986,0.589595216798255,0,"large","first","dist.20","dist.20","dist.20",0,1.45599663068678,-0.220280237242851,-1.17171658585126,0.964988048569367,0.0550262790587415,1.59216462744548,-0.0904874492207969
"2850-57654","2850-57579","2850-57654_2850-57579",1,"CHR",80,"CHR-80","0",10,5.897584565,2,-8,0.365591397849462,"CHR_80_1",1,NA,0,4,"no",16.58,17.81852775,29.97126288,79.83333333,0.564019367350756,0.594981908524202,0.613110506001452,16.3,11.31949153,24.77905949,93.5,0.456739248337971,-0.612542942504321,0.412613860843324,-0.727471524357245,-0.216433687179106,0,"large","first","dist.10","dist.10","dist.10",0,1.58840593620252,-0.220280237242851,-1.17171658585126,0.964988048569367,0.394355006283394,0.252942547897877,-0.257226498974273
"2850-57654","2850-57581","2850-57654_2850-57581",1,"CHR",80,"CHR-80","0",10,5.199639626,0,-10,0.372759856630824,"CHR_80_1",1,NA,0,4,"no",16.58,17.81852775,29.97126288,79.83333333,0.564019367350756,0.594981908524202,0.613110506001452,15.5,12.5018158,18.94245264,82.5,-0.857475046428205,-0.308807586528723,-0.780541178943333,-0.827293448843009,-0.75378628983068,0,"large","first","dist.10","dist.10","dist.10",0,1.67667880654635,-0.220280237242851,-1.17171658585126,0.964988048569367,-0.920543805985966,0.0923616887128494,-0.0652425713766268
"2850-57654","2850-57589","2850-57654_2850-57589",1,"CHR",80,"CHR-80","0",10,6.034415307,7,-4,0.347670250896057,"CHR_80_1",1,"ep_same",1,4,"yes",16.58,17.81852775,29.97126288,79.83333333,0.564019367350756,0.594981908524202,0.613110506001452,17.5,12.65077601,16.92662014,97,0.874898342127209,-0.270540180912031,-1.19263004642303,-0.707901631043275,1.12694781944983,1,"large","first","dist.10","dist.10","dist.10",0.25,1.36772376034296,-0.220280237242851,-1.17171658585126,0.964988048569367,0.394355006283394,-0.220209818057244,-0.7238327207249
"2850-57654","2850-57620","2850-57654_2850-57620",1,"CHR",80,"CHR-80","0",10,16.1553589,9,-1,0.340501792114695,"CHR_80_1",1,NA,0,4,"no",16.58,17.81852775,29.97126288,79.83333333,0.564019367350756,0.594981908524202,0.613110506001452,18.2,8.903889997,21.60838485,87,-0.319841925842042,-1.2331033167923,-0.235554933708899,0.739622393577706,1.6643004221014,0,"large","first","dist.20","dist.20","dist.20",0,1.27945088999913,-0.220280237242851,-1.17171658585126,0.964988048569367,-1.04779207805897,-0.519894914297499,-0.347422909026337
"2850-57654","2850-57647","2850-57654_2850-57647",1,"CHR",80,"CHR-80","0",6,11.57698308,6,4,0.351254480286738,"CHR_80_1",1,NA,0,4,"no",16.58,17.81852775,29.97126288,79.83333333,0.564019367350756,0.594981908524202,0.613110506001452,15.8,12.89783981,28.1838767,85.83333333,-0.459228290836701,-0.207070274097309,1.10864751842364,0.0848110183046077,0.858271518124042,0,"large","first","dist.20","dist.20","dist.20",0,1.41186019551487,-0.220280237242851,-1.17171658585126,0.964988048569367,2.30307908737845,-0.324477446700752,0.908946604529733
"2850-57654","2850-57653","2850-57654_2850-57653",1,"CHR",80,"CHR-80","0",10,24.25083568,9,-1,0.340501792114695,"CHR_80_1",1,NA,0,4,"no",16.58,17.81852775,29.97126288,79.83333333,0.564019367350756,0.594981908524202,0.613110506001452,16.37,8.467490861,27.15053506,78,-1.39510816701437,-1.34521287106915,0.897405470214174,1.89745881684521,1.6643004221014,0,"large","first","dist.20+","dist.20+","dist.20+",0,1.27945088999913,-0.220280237242851,-1.17171658585126,0.964988048569367,0.182274551131745,-1.12841701146077,0.110874711490428
"2850-57654","2850-57669","2850-57654_2850-57669",1,"CHR",80,"CHR-80","0",10,13.39088423,10,-1,0.336917562724014,"CHR_80_1",1,NA,0,4,"no",16.58,17.81852775,29.97126288,79.83333333,0.564019367350756,0.594981908524202,0.613110506001452,17.82,14.07982054,27.72719176,89.66666667,-0.0012445206519955,0.0965768275416075,1.01528917653778,0.344239940992076,1.93297672342719,0,"large","first","dist.20","dist.20","dist.20",0,1.23531445482722,-0.220280237242851,-1.17171658585126,0.964988048569367,NA,NA,NA
"2850-57654","2850-57671","2850-57654_2850-57671",1,"CHR",80,"CHR-80","0",7,5.852811652,7,3,0.347670250896057,"CHR_80_1",1,NA,0,4,"no",16.58,17.81852775,29.97126288,79.83333333,0.564019367350756,0.594981908524202,0.613110506001452,17.53,16.28350449,28.84180791,75.83333333,-1.65396855880595,0.662696246718346,1.24314585953504,-0.733875064365569,1.12694781944983,0,"large","first","dist.10","dist.10","dist.10",0,1.36772376034296,-0.220280237242851,-1.17171658585126,0.964988048569367,0.606435458890079,1.16785270969026,0.187430780520441
"2850-57654","2850-57731","2850-57654_2850-57731",1,"CHR",80,"CHR-80","0",10,10.73150544,0,-19,0.372759856630824,"CHR_80_1",1,NA,0,4,"no",16.58,17.81852775,29.97126288,79.83333333,0.564019367350756,0.594981908524202,0.613110506001452,15.9,10.9634214,23.24545364,91,0.158054181345658,-0.704016229851986,0.0991047285683272,-0.0361114218744193,-0.75378628983068,0,"large","first","dist.20","dist.20","dist.20",0,1.67667880654635,-0.220280237242851,-1.17171658585126,0.964988048569367,-1.17504035013197,-0.720064302121302,-0.918055636034195
"2850-57654","2850-57742","2850-57654_2850-57742",1,"CHR",80,"CHR-80","0",10,10.99316016,0,-11,0.372759856630824,"CHR_80_1",1,NA,0,4,"no",16.58,17.81852775,29.97126288,79.83333333,0.564019367350756,0.594981908524202,0.613110506001452,16.98,13.00562645,26.1463443,93,0.397002234939508,-0.179380228057897,0.692122624034258,0.00131112572454518,-0.75378628983068,0,"large","first","dist.20","dist.20","dist.20",0,1.67667880654635,-0.220280237242851,-1.17171658585126,0.964988048569367,0.564019367350756,-0.96234197733198,-0.610003960994292
"2850-57654","2850-57744","2850-57654_2850-57744",1,"CHR",80,"CHR-80","0",3,2.981141773,3,7,0.362007168458781,"CHR_80_1",1,NA,0,4,"no",16.58,17.81852775,29.97126288,79.83333333,0.564019367350756,0.594981908524202,0.613110506001452,14.77,24.63866733,20.45419575,84.5,-0.618526992834355,2.80911108724386,-0.47150136233152,-1.14458885823632,0.0522426141466809,0,"large","first","dist.05","dist.05","dist.10",0,1.54426950103061,-0.220280237242851,-1.17171658585126,0.964988048569367,-0.411550717693951,1.14723185861105,0.256764043881684
"2850-57654","2850-57745","2850-57654_2850-57745",1,"CHR",80,"CHR-80","0",10,23.61369084,5,-6,0.354838709677419,"CHR_80_1",1,NA,0,4,"no",16.58,17.81852775,29.97126288,79.83333333,0.564019367350756,0.594981908524202,0.613110506001452,16.33,11.89491525,19.28173812,85,-0.558789979435893,-0.464718413425676,-0.711182356121742,1.8063326827463,0.589595216798255,0,"large","first","dist.20+","dist.20+","dist.20+",0,1.45599663068678,-0.220280237242851,-1.17171658585126,0.964988048569367,NA,NA,NA
"2850-57654","2850-57806","2850-57654_2850-57806",1,"CHR",80,"CHR-80","0",10,18.18602989,0,-14,0.372759856630824,"CHR_80_1",1,NA,0,4,"no",16.58,17.81852775,29.97126288,79.83333333,0.564019367350756,0.594981908524202,0.613110506001452,15.88,11.25502825,14.26422898,83.83333333,-0.698176344430552,-0.62910335473214,-1.73689240845576,1.03005431004041,-0.75378628983068,0,"large","first","dist.20","dist.20","dist.20",0,1.67667880654635,-0.220280237242851,-1.17171658585126,0.964988048569367,0.224690642671068,-0.312822534834813,0.766781208645738
"2850-57654","2850-57808","2850-57654_2850-57808",1,"CHR",80,"CHR-80","0",10,11.78128134,0,-14,0.372759856630824,"CHR_80_1",1,NA,0,4,"no",16.58,17.81852775,29.97126288,79.83333333,0.564019367350756,0.594981908524202,0.613110506001452,17.44,11.46748421,15.37756564,100,1.23332042251798,-0.574524092276724,-1.50929728666711,0.114030293841604,-0.75378628983068,0,"large","first","dist.20","dist.20","dist.20",0,1.67667880654635,-0.220280237242851,-1.17171658585126,0.964988048569367,0.564019367350756,-2.00209196155345,-1.05591017852521
"2850-57654","2850-57881","2850-57654_2850-57881",1,"CHR",80,"CHR-80","0",10,13.26934274,3,-9,0.362007168458781,"CHR_80_1",1,NA,0,4,"no",16.58,17.81852775,29.97126288,79.83333333,0.564019367350756,0.594981908524202,0.613110506001452,16.55,11.73463277,21.93833167,84.83333333,-0.578702317633627,-0.50589447430401,-0.16810517715307,0.326856756791256,0.0522426141466809,0,"large","first","dist.20","dist.20","dist.20",0,1.54426950103061,-0.220280237242851,-1.17171658585126,0.964988048569367,-0.835711625452285,0.553081751767378,1.79200900661347
"2850-57656","2640-97588","2850-57656_2640-97588",1,"CHR",78,"CHR-78","0",11,24.93320866,0,23,0.238709677419355,"CHR_78_1",1,NA,0,5,"no",17.54,19.51600199,27.59028249,76,-0.411550717693951,1.14723185861105,0.256764043881684,18.7,11.85018943,14.45612662,87,-0.319841925842042,-0.476208334764261,-1.69766351362466,1.99505359871766,-0.75378628983068,0,"large","first","dist.20+","dist.20+","dist.20+",0,0.0259761311168068,-0.618526992834355,2.80911108724386,-0.47150136233152,0.224690642671068,-0.0934822025987468,-1.95280566010936
"2850-57656","2640-97589","2850-57656_2640-97589",1,"CHR",78,"CHR-78","0",11,13.49224612,0,-23,0.238709677419355,"CHR_78_1",1,"ep_same",3,5,"yes",17.54,19.51600199,27.59028249,76,-0.411550717693951,1.14723185861105,0.256764043881684,16.1,11.8153556,16.91354271,99.66666667,1.19349574731726,-0.485157035237985,-1.19530341502793,0.358736985621143,-0.75378628983068,1,"large","first","dist.20","dist.20","dist.20",0.6,0.0259761311168068,-0.618526992834355,2.80911108724386,-0.47150136233152,0.98818027510909,-0.478534822267752,-0.867541507603602
"2850-57656","2811-83208","2850-57656_2811-83208",1,"CHR",78,"CHR-78","0",11,3.556109437,2,-8,0.232258064516129,"CHR_78_1",1,NA,0,5,"no",17.54,19.51600199,27.59028249,76,-0.411550717693951,1.14723185861105,0.256764043881684,16.9,18.73416916,21.00459455,87,-0.319841925842042,1.29226422972124,-0.358985457287731,-1.06235546770583,-0.216433687179106,0,"large","first","dist.05","dist.05","dist.10",0,-0.0534694521926392,-0.618526992834355,2.80911108724386,-0.47150136233152,-0.411550717693951,-0.159665267146272,1.94192717350385
"2850-57656","2850-57567","2850-57656_2850-57567",1,"CHR",78,"CHR-78","0",11,21.43275829,1,-10,0.235483870967742,"CHR_78_1",1,NA,0,5,"no",17.54,19.51600199,27.59028249,76,-0.411550717693951,1.14723185861105,0.256764043881684,16.6,10.56012296,26.35612994,102.1666667,1.49218081789379,-0.807622320284185,0.735008293751907,1.49440996198473,-0.485109988504893,0,"large","first","dist.20+","dist.20+","dist.20+",0,-0.013746660537916,-0.618526992834355,2.80911108724386,-0.47150136233152,-1.17504035013197,0.922800644787313,-0.818227574717981
"2850-57656","2850-57570","2850-57656_2850-57570",1,"CHR",78,"CHR-78","0",9,18.94453536,9,2,0.209677419354839,"CHR_78_1",1,NA,0,5,"no",17.54,19.51600199,27.59028249,76,-0.411550717693951,1.14723185861105,0.256764043881684,16.51,16.84077767,23.06811898,90,0.038580154548733,0.805857959623855,0.0628528876022267,1.13853776126632,1.6643004221014,0,"large","first","dist.20","dist.20","dist.20",0,-0.331528993775687,-0.618526992834355,2.80911108724386,-0.47150136233152,-0.157054173547943,-1.42571858026568,-1.08665491345185
"2850-57656","2850-57577","2850-57656_2850-57577",1,"CHR",78,"CHR-78","0",9,26.62753665,9,2,0.209677419354839,"CHR_78_1",1,NA,0,5,"no",17.54,19.51600199,27.59028249,76,-0.411550717693951,1.14723185861105,0.256764043881684,18.2,20.92472416,28.83623131,90.83333333,0.138141843147924,1.85501086327307,1.24200585669334,2.2373808529481,1.6643004221014,0,"large","first","dist.20+","dist.20+","dist.20+",0,-0.331528993775687,-0.618526992834355,2.80911108724386,-0.47150136233152,-0.666047261839958,0.264789915692027,-0.462001728113777
"2850-57656","2850-57578","2850-57656_2850-57578",1,"CHR",78,"CHR-78","0",11,15.82780332,9,-2,0.209677419354839,"CHR_78_1",1,NA,0,5,"no",17.54,19.51600199,27.59028249,76,-0.411550717693951,1.14723185861105,0.256764043881684,17.2,10.81633932,15.67680791,91.5,0.217791194744121,-0.741801149826969,-1.44812434290995,0.692774531311524,1.6643004221014,0,"large","first","dist.20","dist.20","dist.20",0,-0.331528993775687,-0.618526992834355,2.80911108724386,-0.47150136233152,0.0550262790587415,1.59216462744548,-0.0904874492207969
"2850-57656","2850-57579","2850-57656_2850-57579",1,"CHR",78,"CHR-78","0",11,8.28547973781818,1,10,0.235483870967742,"CHR_78_1",1,NA,0,5,"no",17.54,19.51600199,27.59028249,76,-0.411550717693951,1.14723185861105,0.256764043881684,16.3,11.31949153,24.77905949,93.5,0.456739248337971,-0.612542942504321,0.412613860843324,-0.385948463866971,-0.485109988504893,0,"large","first","dist.10","dist.10","dist.10",0,-0.013746660537916,-0.618526992834355,2.80911108724386,-0.47150136233152,0.394355006283394,0.252942547897877,-0.257226498974273
"2850-57656","2850-57580","2850-57656_2850-57580",1,"CHR",78,"CHR-78","0",11,2.981141773,3,-7,0.229032258064516,"CHR_78_1",1,NA,0,5,"no",17.54,19.51600199,27.59028249,76,-0.411550717693951,1.14723185861105,0.256764043881684,16.2,9.142844799,27.48113161,87.83333333,-0.220280237242851,-1.17171658585126,0.964988048569367,-1.14458885823632,0.0522426141466809,0,"large","first","dist.05","dist.05","dist.10",0,-0.093192243847362,-0.618526992834355,2.80911108724386,-0.47150136233152,0.564019367350756,0.594981908524202,0.613110506001452
"2850-57656","2850-57581","2850-57656_2850-57581",1,"CHR",78,"CHR-78","0",11,4.449553837,0,-17,0.238709677419355,"CHR_78_1",1,NA,0,5,"no",17.54,19.51600199,27.59028249,76,-0.411550717693951,1.14723185861105,0.256764043881684,15.5,12.5018158,18.94245264,82.5,-0.857475046428205,-0.308807586528723,-0.780541178943333,-0.934572695103727,-0.75378628983068,0,"large","first","dist.05","dist.05","dist.10",0,0.0259761311168068,-0.618526992834355,2.80911108724386,-0.47150136233152,-0.920543805985966,0.0923616887128494,-0.0652425713766268
"2850-57656","2850-57589","2850-57656_2850-57589",1,"CHR",78,"CHR-78","0",11,7.791016926,0,-11,0.238709677419355,"CHR_78_1",1,NA,0,5,"no",17.54,19.51600199,27.59028249,76,-0.411550717693951,1.14723185861105,0.256764043881684,17.5,12.65077601,16.92662014,97,0.874898342127209,-0.270540180912031,-1.19263004642303,-0.456667838282168,-0.75378628983068,0,"large","first","dist.10","dist.10","dist.10",0,0.0259761311168068,-0.618526992834355,2.80911108724386,-0.47150136233152,0.394355006283394,-0.220209818057244,-0.7238327207249
"2850-57656","2850-57620","2850-57656_2850-57620",1,"CHR",78,"CHR-78","0",11,18.19585314,2,-8,0.232258064516129,"CHR_78_1",1,NA,0,5,"no",17.54,19.51600199,27.59028249,76,-0.411550717693951,1.14723185861105,0.256764043881684,18.2,8.903889997,21.60838485,87,-0.319841925842042,-1.2331033167923,-0.235554933708899,1.03145925714284,-0.216433687179106,0,"large","first","dist.20","dist.20","dist.20",0,-0.0534694521926392,-0.618526992834355,2.80911108724386,-0.47150136233152,-1.04779207805897,-0.519894914297499,-0.347422909026337
"2850-57656","2850-57647","2850-57656_2850-57647",1,"CHR",78,"CHR-78","0",11,13.53171341,8,-3,0.212903225806452,"CHR_78_1",1,NA,0,5,"no",17.54,19.51600199,27.59028249,76,-0.411550717693951,1.14723185861105,0.256764043881684,15.8,12.89783981,28.1838767,85.83333333,-0.459228290836701,-0.207070274097309,1.10864751842364,0.364381701445979,1.39562412077562,0,"large","first","dist.20","dist.20","dist.20",0,-0.291806202120964,-0.618526992834355,2.80911108724386,-0.47150136233152,2.30307908737845,-0.324477446700752,0.908946604529733
"2850-57656","2850-57653","2850-57656_2850-57653",1,"CHR",78,"CHR-78","0",11,26.19264283,2,-8,0.232258064516129,"CHR_78_1",1,NA,0,5,"no",17.54,19.51600199,27.59028249,76,-0.411550717693951,1.14723185861105,0.256764043881684,16.37,8.467490861,27.15053506,78,-1.39510816701437,-1.34521287106915,0.897405470214174,2.17518119272624,-0.216433687179106,0,"large","first","dist.20+","dist.20+","dist.20+",0,-0.0534694521926392,-0.618526992834355,2.80911108724386,-0.47150136233152,0.182274551131745,-1.12841701146077,0.110874711490428
"2850-57656","2850-57669","2850-57656_2850-57669",1,"CHR",78,"CHR-78","0",11,15.37485282,3,-8,0.229032258064516,"CHR_78_1",1,NA,0,5,"no",17.54,19.51600199,27.59028249,76,-0.411550717693951,1.14723185861105,0.256764043881684,17.82,14.07982054,27.72719176,89.66666667,-0.0012445206519955,0.0965768275416075,1.01528917653778,0.627992357130891,0.0522426141466809,0,"large","first","dist.20","dist.20","dist.20",0,-0.093192243847362,-0.618526992834355,2.80911108724386,-0.47150136233152,NA,NA,NA
"2850-57656","2850-57671","2850-57656_2850-57671",1,"CHR",78,"CHR-78","0",11,6.528819196,7,-4,0.216129032258065,"CHR_78_1",1,NA,0,5,"no",17.54,19.51600199,27.59028249,76,-0.411550717693951,1.14723185861105,0.256764043881684,17.53,16.28350449,28.84180791,75.83333333,-1.65396855880595,0.662696246718346,1.24314585953504,-0.637190683924814,1.12694781944983,0,"large","first","dist.10","dist.10","dist.10",0,-0.252083410466241,-0.618526992834355,2.80911108724386,-0.47150136233152,0.606435458890079,1.16785270969026,0.187430780520441
"2850-57656","2850-57731","2850-57656_2850-57731",1,"CHR",78,"CHR-78","0",11,12.97113301,0,23,0.238709677419355,"CHR_78_1",1,NA,0,5,"no",17.54,19.51600199,27.59028249,76,-0.411550717693951,1.14723185861105,0.256764043881684,15.9,10.9634214,23.24545364,91,0.158054181345658,-0.704016229851986,0.0991047285683272,0.284206015327852,-0.75378628983068,0,"large","first","dist.20","dist.20","dist.20",0,0.0259761311168068,-0.618526992834355,2.80911108724386,-0.47150136233152,-1.17504035013197,-0.720064302121302,-0.918055636034195
"2850-57656","2850-57733","2850-57656_2850-57733",1,"CHR",78,"CHR-78","0",0,5.08098656,0,17,0.238709677419355,"CHR_78_1",1,NA,0,5,"no",17.54,19.51600199,27.59028249,76,-0.411550717693951,1.14723185861105,0.256764043881684,15.66,14.84394317,20.45213858,102,1.47226847611183,0.292877508261001,-0.471921901664779,-0.84426352303142,-0.75378628983068,0,"large","first","dist.10","dist.10","dist.10",0,0.0259761311168068,-0.618526992834355,2.80911108724386,-0.47150136233152,0.606435458890079,-1.12204057333336,-0.450386497816471
"2850-57656","2850-57742","2850-57656_2850-57742",1,"CHR",78,"CHR-78","0",11,12.33962681,0,-18,0.238709677419355,"CHR_78_1",1,NA,0,5,"no",17.54,19.51600199,27.59028249,76,-0.411550717693951,1.14723185861105,0.256764043881684,16.98,13.00562645,26.1463443,93,0.397002234939508,-0.179380228057897,0.692122624034258,0.19388633438137,-0.75378628983068,0,"large","first","dist.20","dist.20","dist.20",0,0.0259761311168068,-0.618526992834355,2.80911108724386,-0.47150136233152,0.564019367350756,-0.96234197733198,-0.610003960994292
"2850-57656","2850-57745","2850-57656_2850-57745",1,"CHR",78,"CHR-78","0",11,25.85191382,0,-13,0.238709677419355,"CHR_78_1",1,NA,0,5,"no",17.54,19.51600199,27.59028249,76,-0.411550717693951,1.14723185861105,0.256764043881684,16.33,11.89491525,19.28173812,85,-0.558789979435893,-0.464718413425676,-0.711182356121742,2.12644923178522,-0.75378628983068,0,"large","first","dist.20+","dist.20+","dist.20+",0,0.0259761311168068,-0.618526992834355,2.80911108724386,-0.47150136233152,NA,NA,NA
"2850-57656","2850-57806","2850-57656_2850-57806",1,"CHR",78,"CHR-78","0",11,20.46219552,0,-21,0.238709677419355,"CHR_78_1",1,NA,0,5,"no",17.54,19.51600199,27.59028249,76,-0.411550717693951,1.14723185861105,0.256764043881684,15.88,11.25502825,14.26422898,83.83333333,-0.698176344430552,-0.62910335473214,-1.73689240845576,1.35559751687345,-0.75378628983068,0,"large","first","dist.20+","dist.20+","dist.20+",0,0.0259761311168068,-0.618526992834355,2.80911108724386,-0.47150136233152,0.224690642671068,-0.312822534834813,0.766781208645738
"2850-57656","2850-57808","2850-57656_2850-57808",1,"CHR",78,"CHR-78","0",11,14.27662498,0,-21,0.238709677419355,"CHR_78_1",1,NA,0,5,"no",17.54,19.51600199,27.59028249,76,-0.411550717693951,1.14723185861105,0.256764043881684,17.44,11.46748421,15.37756564,100,1.23332042251798,-0.574524092276724,-1.50929728666711,0.470920917269582,-0.75378628983068,0,"large","first","dist.20","dist.20","dist.20",0,0.0259761311168068,-0.618526992834355,2.80911108724386,-0.47150136233152,0.564019367350756,-2.00209196155345,-1.05591017852521
"2850-57656","2850-57881","2850-57656_2850-57881",1,"CHR",78,"CHR-78","0",11,16.02301471,0,-16,0.238709677419355,"CHR_78_1",1,NA,0,5,"no",17.54,19.51600199,27.59028249,76,-0.411550717693951,1.14723185861105,0.256764043881684,16.55,11.73463277,21.93833167,84.83333333,-0.578702317633627,-0.50589447430401,-0.16810517715307,0.720694178754288,-0.75378628983068,0,"large","first","dist.20","dist.20","dist.20",0,0.0259761311168068,-0.618526992834355,2.80911108724386,-0.47150136233152,-0.835711625452285,0.553081751767378,1.79200900661347
"2850-57670","2640-97588","2850-57670_2640-97588",1,"CHR",73,"CHR-73","0",11,28.19081952,0,-21,0.332258064516129,"CHR_73_1",1,NA,0,5,"no",18.2,19.57938518,27.12702227,80,0.606435458890079,1.16785270969026,0.187430780520441,18.7,11.85018943,14.45612662,87,-0.319841925842042,-0.476208334764261,-1.69766351362466,2.46096568876998,-0.75378628983068,0,"large","first","dist.20+","dist.20+","dist.20+",0,1.17793708910373,-1.65396855880595,0.662696246718346,1.24314585953504,0.224690642671068,-0.0934822025987468,-1.95280566010936
"2850-57670","2640-97589","2850-57670_2640-97589",1,"CHR",73,"CHR-73","0",11,16.60764839,0,-19,0.332258064516129,"CHR_73_1",1,NA,0,5,"no",18.2,19.57938518,27.12702227,80,0.606435458890079,1.16785270969026,0.187430780520441,16.1,11.8153556,16.91354271,99.66666667,1.19349574731726,-0.485157035237985,-1.19530341502793,0.804310028366165,-0.75378628983068,0,"large","first","dist.20","dist.20","dist.20",0,1.17793708910373,-1.65396855880595,0.662696246718346,1.24314585953504,0.98818027510909,-0.478534822267752,-0.867541507603602
"2850-57670","2811-83208","2850-57670_2811-83208",1,"CHR",73,"CHR-73","0",11,4.473367138,6,-4,0.312903225806452,"CHR_73_1",1,NA,0,5,"no",18.2,19.57938518,27.12702227,80,0.606435458890079,1.16785270969026,0.187430780520441,16.9,18.73416916,21.00459455,87,-0.319841925842042,1.29226422972124,-0.358985457287731,-0.93116685403898,0.858271518124042,0,"large","first","dist.05","dist.05","dist.10",0,0.939600339175409,-1.65396855880595,0.662696246718346,1.24314585953504,-0.411550717693951,-0.159665267146272,1.94192717350385
"2850-57670","2850-57567","2850-57670_2850-57567",1,"CHR",73,"CHR-73","0",11,24.92060744,5,-6,0.316129032258064,"CHR_73_1",1,NA,0,5,"no",18.2,19.57938518,27.12702227,80,0.606435458890079,1.16785270969026,0.187430780520441,16.6,10.56012296,26.35612994,102.1666667,1.49218081789379,-0.807622320284185,0.735008293751907,1.99325133902498,0.589595216798255,0,"large","first","dist.20+","dist.20+","dist.20+",0,0.97932313083012,-1.65396855880595,0.662696246718346,1.24314585953504,-1.17504035013197,0.922800644787313,-0.818227574717981
"2850-57670","2850-57570","2850-57670_2850-57570",1,"CHR",73,"CHR-73","0",5,22.16538088,5,6,0.316129032258064,"CHR_73_1",1,NA,0,5,"no",18.2,19.57938518,27.12702227,80,0.606435458890079,1.16785270969026,0.187430780520441,16.51,16.84077767,23.06811898,90,0.038580154548733,0.805857959623855,0.0628528876022267,1.59919157550331,0.589595216798255,0,"large","first","dist.20+","dist.20+","dist.20+",0,0.97932313083012,-1.65396855880595,0.662696246718346,1.24314585953504,-0.157054173547943,-1.42571858026568,-1.08665491345185
"2850-57670","2850-57577","2850-57670_2850-57577",1,"CHR",73,"CHR-73","0",5,28.42927924,5,6,0.316129032258064,"CHR_73_1",1,"ep_same",1,5,"yes",18.2,19.57938518,27.12702227,80,0.606435458890079,1.16785270969026,0.187430780520441,18.2,20.92472416,28.83623131,90.83333333,0.138141843147924,1.85501086327307,1.24200585669334,2.49507082634264,0.589595216798255,1,"large","first","dist.20+","dist.20+","dist.20+",0.2,0.97932313083012,-1.65396855880595,0.662696246718346,1.24314585953504,-0.666047261839958,0.264789915692027,-0.462001728113777
"2850-57670","2850-57578","2850-57670_2850-57578",1,"CHR",73,"CHR-73","0",9,18.36382867,9,2,0.303225806451613,"CHR_73_1",1,NA,0,5,"no",18.2,19.57938518,27.12702227,80,0.606435458890079,1.16785270969026,0.187430780520441,17.2,10.81633932,15.67680791,91.5,0.217791194744121,-0.741801149826969,-1.44812434290995,1.05548356011313,1.6643004221014,0,"large","first","dist.20","dist.20","dist.20",0,0.820431964211241,-1.65396855880595,0.662696246718346,1.24314585953504,0.0550262790587415,1.59216462744548,-0.0904874492207969
"2850-57670","2850-57579","2850-57670_2850-57579",1,"CHR",73,"CHR-73","0",11,10.8143011,0,-11,0.332258064516129,"CHR_73_1",1,NA,0,5,"no",18.2,19.57938518,27.12702227,80,0.606435458890079,1.16785270969026,0.187430780520441,16.3,11.31949153,24.77905949,93.5,0.456739248337971,-0.612542942504321,0.412613860843324,-0.0242697683879556,-0.75378628983068,0,"large","first","dist.20","dist.20","dist.20",0,1.17793708910373,-1.65396855880595,0.662696246718346,1.24314585953504,0.394355006283394,0.252942547897877,-0.257226498974273
"2850-57670","2850-57580","2850-57670_2850-57580",1,"CHR",73,"CHR-73","0",11,5.852811652,7,-3,0.309677419354839,"CHR_73_1",1,NA,0,5,"no",18.2,19.57938518,27.12702227,80,0.606435458890079,1.16785270969026,0.187430780520441,16.2,9.142844799,27.48113161,87.83333333,-0.220280237242851,-1.17171658585126,0.964988048569367,-0.733875064365569,1.12694781944983,0,"large","first","dist.10","dist.10","dist.10",0,0.899877547520686,-1.65396855880595,0.662696246718346,1.24314585953504,0.564019367350756,0.594981908524202,0.613110506001452
"2850-57670","2850-57581","2850-57670_2850-57581",1,"CHR",73,"CHR-73","0",11,10.62077385,0,-13,0.332258064516129,"CHR_73_1",1,NA,0,5,"no",18.2,19.57938518,27.12702227,80,0.606435458890079,1.16785270969026,0.187430780520441,15.5,12.5018158,18.94245264,82.5,-0.857475046428205,-0.308807586528723,-0.780541178943333,-0.051948545689667,-0.75378628983068,0,"large","first","dist.20","dist.20","dist.20",0,1.17793708910373,-1.65396855880595,0.662696246718346,1.24314585953504,-0.920543805985966,0.0923616887128494,-0.0652425713766268
"2850-57670","2850-57589","2850-57670_2850-57589",1,"CHR",73,"CHR-73","0",11,11.61683212,4,-7,0.319354838709677,"CHR_73_1",1,NA,0,5,"no",18.2,19.57938518,27.12702227,80,0.606435458890079,1.16785270969026,0.187430780520441,17.5,12.65077601,16.92662014,97,0.874898342127209,-0.270540180912031,-1.19263004642303,0.0905103330204785,0.320918915472468,0,"large","first","dist.20","dist.20","dist.20",0,1.01904592248484,-1.65396855880595,0.662696246718346,1.24314585953504,0.394355006283394,-0.220209818057244,-0.7238327207249
"2850-57670","2850-57620","2850-57670_2850-57620",1,"CHR",73,"CHR-73","0",11,21.04846256,6,-4,0.312903225806452,"CHR_73_1",1,NA,0,5,"no",18.2,19.57938518,27.12702227,80,0.606435458890079,1.16785270969026,0.187430780520441,18.2,8.903889997,21.60838485,87,-0.319841925842042,-1.2331033167923,-0.235554933708899,1.43944697393696,0.858271518124042,0,"large","first","dist.20+","dist.20+","dist.20+",0,0.939600339175409,-1.65396855880595,0.662696246718346,1.24314585953504,-1.04779207805897,-0.519894914297499,-0.347422909026337
"2850-57670","2850-57647","2850-57670_2850-57647",1,"CHR",73,"CHR-73","0",10,16.72153987,10,1,0.3,"CHR_73_1",1,NA,0,5,"no",18.2,19.57938518,27.12702227,80,0.606435458890079,1.16785270969026,0.187430780520441,15.8,12.89783981,28.1838767,85.83333333,-0.459228290836701,-0.207070274097309,1.10864751842364,0.820599087976542,1.93297672342719,0,"large","first","dist.20","dist.20","dist.20",0,0.780709172556517,-1.65396855880595,0.662696246718346,1.24314585953504,2.30307908737845,-0.324477446700752,0.908946604529733
"2850-57670","2850-57653","2850-57670_2850-57653",1,"CHR",73,"CHR-73","0",11,29.12985901,6,-4,0.312903225806452,"CHR_73_1",1,NA,0,5,"no",18.2,19.57938518,27.12702227,80,0.606435458890079,1.16785270969026,0.187430780520441,16.37,8.467490861,27.15053506,78,-1.39510816701437,-1.34521287106915,0.897405470214174,2.59526959130165,0.858271518124042,0,"large","first","dist.20+","dist.20+","dist.20+",0,0.939600339175409,-1.65396855880595,0.662696246718346,1.24314585953504,0.182274551131745,-1.12841701146077,0.110874711490428
"2850-57670","2850-57669","2850-57670_2850-57669",1,"CHR",73,"CHR-73","0",11,18.43761329,7,-4,0.309677419354839,"CHR_73_1",1,NA,0,5,"no",18.2,19.57938518,27.12702227,80,0.606435458890079,1.16785270969026,0.187430780520441,17.82,14.07982054,27.72719176,89.66666667,-0.0012445206519955,0.0965768275416075,1.01528917653778,1.06603643091179,1.12694781944983,0,"large","first","dist.20","dist.20","dist.20",0,0.899877547520686,-1.65396855880595,0.662696246718346,1.24314585953504,NA,NA,NA
"2850-57670","2850-57731","2850-57670_2850-57731",1,"CHR",73,"CHR-73","0",11,15.5412171,0,-22,0.332258064516129,"CHR_73_1",1,NA,0,5,"no",18.2,19.57938518,27.12702227,80,0.606435458890079,1.16785270969026,0.187430780520441,15.9,10.9634214,23.24545364,91,0.158054181345658,-0.704016229851986,0.0991047285683272,0.651786214880018,-0.75378628983068,0,"large","first","dist.20","dist.20","dist.20",0,1.17793708910373,-1.65396855880595,0.662696246718346,1.24314585953504,-1.17504035013197,-0.720064302121302,-0.918055636034195
"2850-57670","2850-57742","2850-57670_2850-57742",1,"CHR",73,"CHR-73","0",11,16.6309399,0,-14,0.332258064516129,"CHR_73_1",1,NA,0,5,"no",18.2,19.57938518,27.12702227,80,0.606435458890079,1.16785270969026,0.187430780520441,16.98,13.00562645,26.1463443,93,0.397002234939508,-0.179380228057897,0.692122624034258,0.807641241507005,-0.75378628983068,0,"large","first","dist.20","dist.20","dist.20",0,1.17793708910373,-1.65396855880595,0.662696246718346,1.24314585953504,0.564019367350756,-0.96234197733198,-0.610003960994292
"2850-57670","2850-57744","2850-57670_2850-57744",1,"CHR",73,"CHR-73","0",7,6.528819196,7,4,0.309677419354839,"CHR_73_1",1,NA,0,5,"no",18.2,19.57938518,27.12702227,80,0.606435458890079,1.16785270969026,0.187430780520441,14.77,24.63866733,20.45419575,84.5,-0.618526992834355,2.80911108724386,-0.47150136233152,-0.637190683924814,1.12694781944983,0,"large","first","dist.10","dist.10","dist.10",0,0.899877547520686,-1.65396855880595,0.662696246718346,1.24314585953504,-0.411550717693951,1.14723185861105,0.256764043881684
"2850-57670","2850-57745","2850-57670_2850-57745",1,"CHR",73,"CHR-73","0",11,28.03015619,2,-9,0.325806451612903,"CHR_73_1",1,NA,0,5,"no",18.2,19.57938518,27.12702227,80,0.606435458890079,1.16785270969026,0.187430780520441,16.33,11.89491525,19.28173812,85,-0.558789979435893,-0.464718413425676,-0.711182356121742,2.43798719591369,-0.216433687179106,0,"large","first","dist.20+","dist.20+","dist.20+",0,1.09849150579429,-1.65396855880595,0.662696246718346,1.24314585953504,NA,NA,NA
"2850-57670","2850-57806","2850-57670_2850-57806",1,"CHR",73,"CHR-73","0",11,22.64758752,0,-17,0.332258064516129,"CHR_73_1",1,NA,0,5,"no",18.2,19.57938518,27.12702227,80,0.606435458890079,1.16785270969026,0.187430780520441,15.88,11.25502825,14.26422898,83.83333333,-0.698176344430552,-0.62910335473214,-1.73689240845576,1.6681580399261,-0.75378628983068,0,"large","first","dist.20+","dist.20+","dist.20+",0,1.17793708910373,-1.65396855880595,0.662696246718346,1.24314585953504,0.224690642671068,-0.312822534834813,0.766781208645738
"2850-57670","2850-57808","2850-57670_2850-57808",1,"CHR",73,"CHR-73","0",11,16.04915093,0,-17,0.332258064516129,"CHR_73_1",1,NA,0,5,"no",18.2,19.57938518,27.12702227,80,0.606435458890079,1.16785270969026,0.187430780520441,17.44,11.46748421,15.37756564,100,1.23332042251798,-0.574524092276724,-1.50929728666711,0.724432249816056,-0.75378628983068,0,"large","first","dist.20","dist.20","dist.20",0,1.17793708910373,-1.65396855880595,0.662696246718346,1.24314585953504,0.564019367350756,-2.00209196155345,-1.05591017852521
"2850-57670","2850-57881","2850-57670_2850-57881",1,"CHR",73,"CHR-73","0",11,16.66597055,0,-12,0.332258064516129,"CHR_73_1",1,NA,0,5,"no",18.2,19.57938518,27.12702227,80,0.606435458890079,1.16785270969026,0.187430780520441,16.55,11.73463277,21.93833167,84.83333333,-0.578702317633627,-0.50589447430401,-0.16810517715307,0.812651417387064,-0.75378628983068,0,"large","first","dist.20","dist.20","dist.20",0,1.17793708910373,-1.65396855880595,0.662696246718346,1.24314585953504,-0.835711625452285,0.553081751767378,1.79200900661347
"2850-57730","2640-97589","2850-57730_2640-97589",1,"CHR",93,"CHR-93","0",9,11.64241472,9,2,0.164516129032258,"CHR_93_1",1,NA,0,5,"no",19.1,15.70236623,12.82672316,78.5,0.224690642671068,-0.0934822025987468,-1.95280566010936,16.1,11.8153556,16.91354271,99.66666667,1.19349574731726,-0.485157035237985,-1.19530341502793,0.0941692238908792,1.6643004221014,0,"large","first","dist.20","dist.20","dist.20",0,-0.887648076941795,-0.319841925842042,-0.476208334764261,-1.69766351362466,0.98818027510909,-0.478534822267752,-0.867541507603602
"2850-57730","2640-97589","2850-57730_2640-97589",2,"CHR",93,"CHR-93","0",11,11.64241472,8,3,0.293548387096774,"CHR_93_2",1,NA,0,4,"no",19.1,15.70236623,12.82672316,78.5,0.224690642671068,-0.0934822025987468,-1.95280566010936,16.1,11.8153556,16.91354271,99.66666667,1.19349574731726,-0.485157035237985,-1.19530341502793,0.0941692238908792,1.39562412077562,0,"large","second","dist.20","dist.20","dist.20",0,0.701263589247072,-0.319841925842042,-0.476208334764261,-1.69766351362466,0.98818027510909,-0.478534822267752,-0.867541507603602
"2850-57730","2811-83208","2850-57730_2811-83208",2,"CHR",93,"CHR-93","0",11,28.17761148,0,18,0.319354838709677,"CHR_93_2",1,NA,0,4,"no",19.1,15.70236623,12.82672316,78.5,0.224690642671068,-0.0934822025987468,-1.95280566010936,16.9,18.73416916,21.00459455,87,-0.319841925842042,1.29226422972124,-0.358985457287731,2.45907664008173,-0.75378628983068,0,"large","second","dist.20+","dist.20+","dist.20+",0,1.01904592248484,-0.319841925842042,-0.476208334764261,-1.69766351362466,-0.411550717693951,-0.159665267146272,1.94192717350385
"2850-57730","2811-83208","2850-57730_2811-83208",1,"CHR",93,"CHR-93","0",0,28.17761148,0,17,0.193548387096774,"CHR_93_1",1,NA,0,5,"no",19.1,15.70236623,12.82672316,78.5,0.224690642671068,-0.0934822025987468,-1.95280566010936,16.9,18.73416916,21.00459455,87,-0.319841925842042,1.29226422972124,-0.358985457287731,2.45907664008173,-0.75378628983068,0,"large","first","dist.20+","dist.20+","dist.20+",0,-0.530142952049302,-0.319841925842042,-0.476208334764261,-1.69766351362466,-0.411550717693951,-0.159665267146272,1.94192717350385
"2850-57730","2850-57567","2850-57730_2850-57567",2,"CHR",93,"CHR-93","0",10,3.556400208,0,-33,0.319354838709677,"CHR_93_2",1,NA,0,4,"no",19.1,15.70236623,12.82672316,78.5,0.224690642671068,-0.0934822025987468,-1.95280566010936,16.6,10.56012296,26.35612994,102.1666667,1.49218081789379,-0.807622320284185,0.735008293751907,-1.06231388087114,-0.75378628983068,0,"large","second","dist.05","dist.05","dist.10",0,1.01904592248484,-0.319841925842042,-0.476208334764261,-1.69766351362466,-1.17504035013197,0.922800644787313,-0.818227574717981
"2850-57730","2850-57567","2850-57730_2850-57567",1,"CHR",93,"CHR-93","0",0,3.556400208,0,15,0.193548387096774,"CHR_93_1",1,NA,0,5,"no",19.1,15.70236623,12.82672316,78.5,0.224690642671068,-0.0934822025987468,-1.95280566010936,16.6,10.56012296,26.35612994,102.1666667,1.49218081789379,-0.807622320284185,0.735008293751907,-1.06231388087114,-0.75378628983068,0,"large","first","dist.05","dist.05","dist.10",0,-0.530142952049302,-0.319841925842042,-0.476208334764261,-1.69766351362466,-1.17504035013197,0.922800644787313,-0.818227574717981
"2850-57730","2850-57570","2850-57730_2850-57570",2,"CHR",93,"CHR-93","0",11,3.332966163,9,-1,0.290322580645161,"CHR_93_2",1,NA,0,4,"no",19.1,15.70236623,12.82672316,78.5,0.224690642671068,-0.0934822025987468,-1.95280566010936,16.51,16.84077767,23.06811898,90,0.038580154548733,0.805857959623855,0.0628528876022267,-1.0942700068078,1.6643004221014,0,"large","second","dist.05","dist.05","dist.10",0,0.661540797592348,-0.319841925842042,-0.476208334764261,-1.69766351362466,-0.157054173547943,-1.42571858026568,-1.08665491345185
"2850-57730","2850-57570","2850-57730_2850-57570",1,"CHR",93,"CHR-93","0",0,6.053862163,0,27,0.193548387096774,"CHR_93_1",1,NA,0,5,"no",19.1,15.70236623,12.82672316,78.5,0.224690642671068,-0.0934822025987468,-1.95280566010936,16.51,16.84077767,23.06811898,90,0.038580154548733,0.805857959623855,0.0628528876022267,-0.705120290449418,-0.75378628983068,0,"large","first","dist.10","dist.10","dist.10",0,-0.530142952049302,-0.319841925842042,-0.476208334764261,-1.69766351362466,-0.157054173547943,-1.42571858026568,-1.08665491345185
"2850-57730","2850-57577","2850-57730_2850-57577",2,"CHR",93,"CHR-93","0",11,6.614013398,0,-21,0.319354838709677,"CHR_93_2",1,NA,0,4,"no",19.1,15.70236623,12.82672316,78.5,0.224690642671068,-0.0934822025987468,-1.95280566010936,18.2,20.92472416,28.83623131,90.83333333,0.138141843147924,1.85501086327307,1.24200585669334,-0.625005984640579,-0.75378628983068,0,"large","second","dist.10","dist.10","dist.10",0,1.01904592248484,-0.319841925842042,-0.476208334764261,-1.69766351362466,-0.666047261839958,0.264789915692027,-0.462001728113777
"2850-57730","2850-57577","2850-57730_2850-57577",1,"CHR",93,"CHR-93","0",0,6.614013398,0,27,0.193548387096774,"CHR_93_1",1,NA,0,5,"no",19.1,15.70236623,12.82672316,78.5,0.224690642671068,-0.0934822025987468,-1.95280566010936,18.2,20.92472416,28.83623131,90.83333333,0.138141843147924,1.85501086327307,1.24200585669334,-0.625005984640579,-0.75378628983068,0,"large","first","dist.10","dist.10","dist.10",0,-0.530142952049302,-0.319841925842042,-0.476208334764261,-1.69766351362466,-0.666047261839958,0.264789915692027,-0.462001728113777
"2850-57730","2850-57578","2850-57730_2850-57578",2,"CHR",93,"CHR-93","0",11,9.910183806,0,-25,0.319354838709677,"CHR_93_2",1,NA,0,4,"no",19.1,15.70236623,12.82672316,78.5,0.224690642671068,-0.0934822025987468,-1.95280566010936,17.2,10.81633932,15.67680791,91.5,0.217791194744121,-0.741801149826969,-1.44812434290995,-0.153579006416461,-0.75378628983068,0,"large","second","dist.10","dist.10","dist.10",0,1.01904592248484,-0.319841925842042,-0.476208334764261,-1.69766351362466,0.0550262790587415,1.59216462744548,-0.0904874492207969
"2850-57730","2850-57578","2850-57730_2850-57578",1,"CHR",93,"CHR-93","0",0,9.910183806,0,23,0.193548387096774,"CHR_93_1",1,NA,0,5,"no",19.1,15.70236623,12.82672316,78.5,0.224690642671068,-0.0934822025987468,-1.95280566010936,17.2,10.81633932,15.67680791,91.5,0.217791194744121,-0.741801149826969,-1.44812434290995,-0.153579006416461,-0.75378628983068,0,"large","first","dist.10","dist.10","dist.10",0,-0.530142952049302,-0.319841925842042,-0.476208334764261,-1.69766351362466,0.0550262790587415,1.59216462744548,-0.0904874492207969
"2850-57730","2850-57579","2850-57730_2850-57579",1,"CHR",93,"CHR-93","0",1,17.416029,1,10,0.190322580645161,"CHR_93_1",1,NA,0,5,"no",19.1,15.70236623,12.82672316,78.5,0.224690642671068,-0.0934822025987468,-1.95280566010936,16.3,11.31949153,24.77905949,93.5,0.456739248337971,-0.612542942504321,0.412613860843324,0.919926753551955,-0.485109988504893,0,"large","first","dist.20","dist.20","dist.20",0,-0.569865743704025,-0.319841925842042,-0.476208334764261,-1.69766351362466,0.394355006283394,0.252942547897877,-0.257226498974273
"2850-57730","2850-57579","2850-57730_2850-57579",2,"CHR",93,"CHR-93","0",11,18.84691719,0,-13,0.319354838709677,"CHR_93_2",1,NA,0,4,"no",19.1,15.70236623,12.82672316,78.5,0.224690642671068,-0.0934822025987468,-1.95280566010936,16.3,11.31949153,24.77905949,93.5,0.456739248337971,-0.612542942504321,0.412613860843324,1.12457615333756,-0.75378628983068,0,"large","second","dist.20","dist.20","dist.20",0,1.01904592248484,-0.319841925842042,-0.476208334764261,-1.69766351362466,0.394355006283394,0.252942547897877,-0.257226498974273
"2850-57730","2850-57580","2850-57730_2850-57580",2,"CHR",93,"CHR-93","0",11,23.12713998,0,-30,0.319354838709677,"CHR_93_2",1,NA,0,4,"no",19.1,15.70236623,12.82672316,78.5,0.224690642671068,-0.0934822025987468,-1.95280566010936,16.2,9.142844799,27.48113161,87.83333333,-0.220280237242851,-1.17171658585126,0.964988048569367,1.73674489653068,-0.75378628983068,0,"large","second","dist.20+","dist.20+","dist.20+",0,1.01904592248484,-0.319841925842042,-0.476208334764261,-1.69766351362466,0.564019367350756,0.594981908524202,0.613110506001452
"2850-57730","2850-57580","2850-57730_2850-57580",1,"CHR",93,"CHR-93","0",0,23.12713998,0,18,0.193548387096774,"CHR_93_1",1,NA,0,5,"no",19.1,15.70236623,12.82672316,78.5,0.224690642671068,-0.0934822025987468,-1.95280566010936,16.2,9.142844799,27.48113161,87.83333333,-0.220280237242851,-1.17171658585126,0.964988048569367,1.73674489653068,-0.75378628983068,0,"large","first","dist.20+","dist.20+","dist.20+",0,-0.530142952049302,-0.319841925842042,-0.476208334764261,-1.69766351362466,0.564019367350756,0.594981908524202,0.613110506001452
"2850-57730","2850-57581","2850-57730_2850-57581",1,"CHR",93,"CHR-93","0",3,21.5198601,3,8,0.183870967741935,"CHR_93_1",1,NA,0,5,"no",19.1,15.70236623,12.82672316,78.5,0.224690642671068,-0.0934822025987468,-1.95280566010936,15.5,12.5018158,18.94245264,82.5,-0.857475046428205,-0.308807586528723,-0.780541178943333,1.50686749239229,0.0522426141466809,0,"large","first","dist.20+","dist.20+","dist.20+",0,-0.64931132701347,-0.319841925842042,-0.476208334764261,-1.69766351362466,-0.920543805985966,0.0923616887128494,-0.0652425713766268
"2850-57730","2850-57581","2850-57730_2850-57581",2,"CHR",93,"CHR-93","0",11,21.8846041472727,2,9,0.312903225806452,"CHR_93_2",1,NA,0,4,"no",19.1,15.70236623,12.82672316,78.5,0.224690642671068,-0.0934822025987468,-1.95280566010936,15.5,12.5018158,18.94245264,82.5,-0.857475046428205,-0.308807586528723,-0.780541178943333,1.55903414725141,-0.216433687179106,0,"large","second","dist.20+","dist.20+","dist.20+",0,0.939600339175409,-0.319841925842042,-0.476208334764261,-1.69766351362466,-0.920543805985966,0.0923616887128494,-0.0652425713766268
"2850-57730","2850-57589","2850-57730_2850-57589",2,"CHR",93,"CHR-93","0",11,17.19439348,0,19,0.319354838709677,"CHR_93_2",1,NA,0,4,"no",19.1,15.70236623,12.82672316,78.5,0.224690642671068,-0.0934822025987468,-1.95280566010936,17.5,12.65077601,16.92662014,97,0.874898342127209,-0.270540180912031,-1.19263004642303,0.888227857400487,-0.75378628983068,0,"large","second","dist.20","dist.20","dist.20",0,1.01904592248484,-0.319841925842042,-0.476208334764261,-1.69766351362466,0.394355006283394,-0.220209818057244,-0.7238327207249
"2850-57730","2850-57589","2850-57730_2850-57589",1,"CHR",93,"CHR-93","0",0,17.19439348,0,14,0.193548387096774,"CHR_93_1",1,NA,0,5,"no",19.1,15.70236623,12.82672316,78.5,0.224690642671068,-0.0934822025987468,-1.95280566010936,17.5,12.65077601,16.92662014,97,0.874898342127209,-0.270540180912031,-1.19263004642303,0.888227857400487,-0.75378628983068,0,"large","first","dist.20","dist.20","dist.20",0,-0.530142952049302,-0.319841925842042,-0.476208334764261,-1.69766351362466,0.394355006283394,-0.220209818057244,-0.7238327207249
"2850-57730","2850-57620","2850-57730_2850-57620",2,"CHR",93,"CHR-93","0",11,7.176553384,0,18,0.319354838709677,"CHR_93_2",1,NA,0,4,"no",19.1,15.70236623,12.82672316,78.5,0.224690642671068,-0.0934822025987468,-1.95280566010936,18.2,8.903889997,21.60838485,87,-0.319841925842042,-1.2331033167923,-0.235554933708899,-0.544550033368591,-0.75378628983068,0,"large","second","dist.10","dist.10","dist.10",0,1.01904592248484,-0.319841925842042,-0.476208334764261,-1.69766351362466,-1.04779207805897,-0.519894914297499,-0.347422909026337
"2850-57730","2850-57620","2850-57730_2850-57620",1,"CHR",93,"CHR-93","0",0,7.176553384,0,17,0.193548387096774,"CHR_93_1",1,NA,0,5,"no",19.1,15.70236623,12.82672316,78.5,0.224690642671068,-0.0934822025987468,-1.95280566010936,18.2,8.903889997,21.60838485,87,-0.319841925842042,-1.2331033167923,-0.235554933708899,-0.544550033368591,-0.75378628983068,0,"large","first","dist.10","dist.10","dist.10",0,-0.530142952049302,-0.319841925842042,-0.476208334764261,-1.69766351362466,-1.04779207805897,-0.519894914297499,-0.347422909026337
"2850-57730","2850-57647","2850-57730_2850-57647",2,"CHR",93,"CHR-93","0",11,11.55530626,0,-26,0.319354838709677,"CHR_93_2",1,NA,0,4,"no",19.1,15.70236623,12.82672316,78.5,0.224690642671068,-0.0934822025987468,-1.95280566010936,15.8,12.89783981,28.1838767,85.83333333,-0.459228290836701,-0.207070274097309,1.10864751842364,0.0817107423827968,-0.75378628983068,0,"large","second","dist.20","dist.20","dist.20",0,1.01904592248484,-0.319841925842042,-0.476208334764261,-1.69766351362466,2.30307908737845,-0.324477446700752,0.908946604529733
"2850-57730","2850-57647","2850-57730_2850-57647",1,"CHR",93,"CHR-93","0",0,11.55530626,0,22,0.193548387096774,"CHR_93_1",1,NA,0,5,"no",19.1,15.70236623,12.82672316,78.5,0.224690642671068,-0.0934822025987468,-1.95280566010936,15.8,12.89783981,28.1838767,85.83333333,-0.459228290836701,-0.207070274097309,1.10864751842364,0.0817107423827968,-0.75378628983068,0,"large","first","dist.20","dist.20","dist.20",0,-0.530142952049302,-0.319841925842042,-0.476208334764261,-1.69766351362466,2.30307908737845,-0.324477446700752,0.908946604529733
"2850-57730","2850-57653","2850-57730_2850-57653",2,"CHR",93,"CHR-93","0",11,2.99603000936364,9,2,0.290322580645161,"CHR_93_2",1,"ep_same",1,4,"yes",19.1,15.70236623,12.82672316,78.5,0.224690642671068,-0.0934822025987468,-1.95280566010936,16.37,8.467490861,27.15053506,78,-1.39510816701437,-1.34521287106915,0.897405470214174,-1.14245950343629,1.6643004221014,1,"large","second","dist.05","dist.05","dist.10",0.25,0.661540797592348,-0.319841925842042,-0.476208334764261,-1.69766351362466,0.182274551131745,-1.12841701146077,0.110874711490428
"2850-57730","2850-57653","2850-57730_2850-57653",1,"CHR",93,"CHR-93","0",0,1.870428532,0,17,0.193548387096774,"CHR_93_1",1,NA,0,5,"no",19.1,15.70236623,12.82672316,78.5,0.224690642671068,-0.0934822025987468,-1.95280566010936,16.37,8.467490861,27.15053506,78,-1.39510816701437,-1.34521287106915,0.897405470214174,-1.30344599305171,-0.75378628983068,0,"large","first","dist.05","dist.05","dist.10",0,-0.530142952049302,-0.319841925842042,-0.476208334764261,-1.69766351362466,0.182274551131745,-1.12841701146077,0.110874711490428
"2850-57730","2850-57669","2850-57730_2850-57669",2,"CHR",93,"CHR-93","0",11,9.771915537,6,5,0.3,"CHR_93_2",1,NA,0,4,"no",19.1,15.70236623,12.82672316,78.5,0.224690642671068,-0.0934822025987468,-1.95280566010936,17.82,14.07982054,27.72719176,89.66666667,-0.0012445206519955,0.0965768275416075,1.01528917653778,-0.173354498630318,0.858271518124042,0,"large","second","dist.10","dist.10","dist.10",0,0.780709172556517,-0.319841925842042,-0.476208334764261,-1.69766351362466,NA,NA,NA
"2850-57730","2850-57669","2850-57730_2850-57669",1,"CHR",93,"CHR-93","0",0,9.771915537,0,17,0.193548387096774,"CHR_93_1",1,NA,0,5,"no",19.1,15.70236623,12.82672316,78.5,0.224690642671068,-0.0934822025987468,-1.95280566010936,17.82,14.07982054,27.72719176,89.66666667,-0.0012445206519955,0.0965768275416075,1.01528917653778,-0.173354498630318,-0.75378628983068,0,"large","first","dist.10","dist.10","dist.10",0,-0.530142952049302,-0.319841925842042,-0.476208334764261,-1.69766351362466,NA,NA,NA
"2850-57730","2850-57671","2850-57730_2850-57671",2,"CHR",93,"CHR-93","0",11,28.19081952,0,-27,0.319354838709677,"CHR_93_2",1,NA,0,4,"no",19.1,15.70236623,12.82672316,78.5,0.224690642671068,-0.0934822025987468,-1.95280566010936,17.53,16.28350449,28.84180791,75.83333333,-1.65396855880595,0.662696246718346,1.24314585953504,2.46096568876998,-0.75378628983068,0,"large","second","dist.20+","dist.20+","dist.20+",0,1.01904592248484,-0.319841925842042,-0.476208334764261,-1.69766351362466,0.606435458890079,1.16785270969026,0.187430780520441
"2850-57730","2850-57671","2850-57730_2850-57671",1,"CHR",93,"CHR-93","0",0,28.19081952,0,21,0.193548387096774,"CHR_93_1",1,NA,0,5,"no",19.1,15.70236623,12.82672316,78.5,0.224690642671068,-0.0934822025987468,-1.95280566010936,17.53,16.28350449,28.84180791,75.83333333,-1.65396855880595,0.662696246718346,1.24314585953504,2.46096568876998,-0.75378628983068,0,"large","first","dist.20+","dist.20+","dist.20+",0,-0.530142952049302,-0.319841925842042,-0.476208334764261,-1.69766351362466,0.606435458890079,1.16785270969026,0.187430780520441
"2850-57730","2850-57731","2850-57730_2850-57731",1,"CHR",93,"CHR-93","0",11,12.6552842,10,-1,0.161290322580645,"CHR_93_1",1,NA,0,5,"no",19.1,15.70236623,12.82672316,78.5,0.224690642671068,-0.0934822025987468,-1.95280566010936,15.9,10.9634214,23.24545364,91,0.158054181345658,-0.704016229851986,0.0991047285683272,0.239032486158184,1.93297672342719,0,"large","first","dist.20","dist.20","dist.20",0,-0.927370868596519,-0.319841925842042,-0.476208334764261,-1.69766351362466,-1.17504035013197,-0.720064302121302,-0.918055636034195
"2850-57730","2850-57731","2850-57730_2850-57731",2,"CHR",93,"CHR-93","0",11,9.455109905,11,0,0.287096774193548,"CHR_93_2",1,NA,0,4,"no",19.1,15.70236623,12.82672316,78.5,0.224690642671068,-0.0934822025987468,-1.95280566010936,15.9,10.9634214,23.24545364,91,0.158054181345658,-0.704016229851986,0.0991047285683272,-0.21866487500396,2.20165302475298,0,"large","second","dist.10","dist.10","dist.10",0,0.621818005937626,-0.319841925842042,-0.476208334764261,-1.69766351362466,-1.17504035013197,-0.720064302121302,-0.918055636034195
"2850-57730","2850-57733","2850-57730_2850-57733",2,"CHR",93,"CHR-93","0",11,20.60946097,4,-6,0.306451612903226,"CHR_93_2",1,NA,0,4,"no",19.1,15.70236623,12.82672316,78.5,0.224690642671068,-0.0934822025987468,-1.95280566010936,15.66,14.84394317,20.45213858,102,1.47226847611183,0.292877508261001,-0.471921901664779,1.3766598096244,0.320918915472468,0,"large","second","dist.20+","dist.20+","dist.20+",0,0.860154755865963,-0.319841925842042,-0.476208334764261,-1.69766351362466,0.606435458890079,-1.12204057333336,-0.450386497816471
"2850-57730","2850-57733","2850-57730_2850-57733",1,"CHR",93,"CHR-93","0",0,20.60946097,0,42,0.193548387096774,"CHR_93_1",1,NA,0,5,"no",19.1,15.70236623,12.82672316,78.5,0.224690642671068,-0.0934822025987468,-1.95280566010936,15.66,14.84394317,20.45213858,102,1.47226847611183,0.292877508261001,-0.471921901664779,1.3766598096244,-0.75378628983068,0,"large","first","dist.20+","dist.20+","dist.20+",0,-0.530142952049302,-0.319841925842042,-0.476208334764261,-1.69766351362466,0.606435458890079,-1.12204057333336,-0.450386497816471
"2850-57730","2850-57742","2850-57730_2850-57742",1,"CHR",93,"CHR-93","0",4,12.7667261,4,7,0.180645161290323,"CHR_93_1",1,NA,0,5,"no",19.1,15.70236623,12.82672316,78.5,0.224690642671068,-0.0934822025987468,-1.95280566010936,16.98,13.00562645,26.1463443,93,0.397002234939508,-0.179380228057897,0.692122624034258,0.254971200381528,0.320918915472468,0,"large","first","dist.20","dist.20","dist.20",0,-0.689034118668181,-0.319841925842042,-0.476208334764261,-1.69766351362466,0.564019367350756,-0.96234197733198,-0.610003960994292
"2850-57730","2850-57742","2850-57730_2850-57742",2,"CHR",93,"CHR-93","0",11,14.1821213381818,6,5,0.3,"CHR_93_2",1,NA,0,4,"no",19.1,15.70236623,12.82672316,78.5,0.224690642671068,-0.0934822025987468,-1.95280566010936,16.98,13.00562645,26.1463443,93,0.397002234939508,-0.179380228057897,0.692122624034258,0.457404757369172,0.858271518124042,0,"large","second","dist.20","dist.20","dist.20",0,0.780709172556517,-0.319841925842042,-0.476208334764261,-1.69766351362466,0.564019367350756,-0.96234197733198,-0.610003960994292
"2850-57730","2850-57744","2850-57730_2850-57744",2,"CHR",93,"CHR-93","0",11,24.93320866,0,-23,0.319354838709677,"CHR_93_2",1,NA,0,4,"no",19.1,15.70236623,12.82672316,78.5,0.224690642671068,-0.0934822025987468,-1.95280566010936,14.77,24.63866733,20.45419575,84.5,-0.618526992834355,2.80911108724386,-0.47150136233152,1.99505359871766,-0.75378628983068,0,"large","second","dist.20+","dist.20+","dist.20+",0,1.01904592248484,-0.319841925842042,-0.476208334764261,-1.69766351362466,-0.411550717693951,1.14723185861105,0.256764043881684
"2850-57730","2850-57744","2850-57730_2850-57744",1,"CHR",93,"CHR-93","0",0,24.93320866,0,25,0.193548387096774,"CHR_93_1",1,NA,0,5,"no",19.1,15.70236623,12.82672316,78.5,0.224690642671068,-0.0934822025987468,-1.95280566010936,14.77,24.63866733,20.45419575,84.5,-0.618526992834355,2.80911108724386,-0.47150136233152,1.99505359871766,-0.75378628983068,0,"large","first","dist.20+","dist.20+","dist.20+",0,-0.530142952049302,-0.319841925842042,-0.476208334764261,-1.69766351362466,-0.411550717693951,1.14723185861105,0.256764043881684
"2850-57730","2850-57745","2850-57730_2850-57745",2,"CHR",93,"CHR-93","0",11,4.367526945,8,-1,0.293548387096774,"CHR_93_2",1,NA,0,4,"no",19.1,15.70236623,12.82672316,78.5,0.224690642671068,-0.0934822025987468,-1.95280566010936,16.33,11.89491525,19.28173812,85,-0.558789979435893,-0.464718413425676,-0.711182356121742,-0.946304397364879,1.39562412077562,0,"large","second","dist.05","dist.05","dist.10",0,0.701263589247072,-0.319841925842042,-0.476208334764261,-1.69766351362466,NA,NA,NA
"2850-57730","2850-57745","2850-57730_2850-57745",1,"CHR",93,"CHR-93","0",0,4.876923868,0,12,0.193548387096774,"CHR_93_1",1,NA,0,5,"no",19.1,15.70236623,12.82672316,78.5,0.224690642671068,-0.0934822025987468,-1.95280566010936,16.33,11.89491525,19.28173812,85,-0.558789979435893,-0.464718413425676,-0.711182356121742,-0.873449107012259,-0.75378628983068,0,"large","first","dist.05","dist.05","dist.10",0,-0.530142952049302,-0.319841925842042,-0.476208334764261,-1.69766351362466,NA,NA,NA
"2850-57730","2850-57806","2850-57730_2850-57806",1,"CHR",93,"CHR-93","0",7,6.642331491,7,4,0.170967741935484,"CHR_93_1",1,NA,0,5,"no",19.1,15.70236623,12.82672316,78.5,0.224690642671068,-0.0934822025987468,-1.95280566010936,15.88,11.25502825,14.26422898,83.83333333,-0.698176344430552,-0.62910335473214,-1.73689240845576,-0.620955856352412,1.12694781944983,0,"large","first","dist.10","dist.10","dist.10",0,-0.80820249363235,-0.319841925842042,-0.476208334764261,-1.69766351362466,0.224690642671068,-0.312822534834813,0.766781208645738
"2850-57730","2850-57806","2850-57730_2850-57806",2,"CHR",93,"CHR-93","0",12,6.21442920225,3,8,0.309677419354839,"CHR_93_2",1,NA,0,4,"no",19.1,15.70236623,12.82672316,78.5,0.224690642671068,-0.0934822025987468,-1.95280566010936,15.88,11.25502825,14.26422898,83.83333333,-0.698176344430552,-0.62910335473214,-1.73689240845576,-0.682155569349956,0.0522426141466809,0,"large","second","dist.10","dist.10","dist.10",0,0.899877547520686,-0.319841925842042,-0.476208334764261,-1.69766351362466,0.224690642671068,-0.312822534834813,0.766781208645738
"2850-57730","2850-57808","2850-57730_2850-57808",1,"CHR",93,"CHR-93","0",7,12.54316078,7,4,0.170967741935484,"CHR_93_1",1,NA,0,5,"no",19.1,15.70236623,12.82672316,78.5,0.224690642671068,-0.0934822025987468,-1.95280566010936,17.44,11.46748421,15.37756564,100,1.23332042251798,-0.574524092276724,-1.50929728666711,0.222996299148416,1.12694781944983,0,"large","first","dist.20","dist.20","dist.20",0,-0.80820249363235,-0.319841925842042,-0.476208334764261,-1.69766351362466,0.564019367350756,-2.00209196155345,-1.05591017852521
"2850-57730","2850-57808","2850-57730_2850-57808",2,"CHR",93,"CHR-93","0",11,13.1855335345455,7,4,0.296774193548387,"CHR_93_2",1,NA,0,4,"no",19.1,15.70236623,12.82672316,78.5,0.224690642671068,-0.0934822025987468,-1.95280566010936,17.44,11.46748421,15.37756564,100,1.23332042251798,-0.574524092276724,-1.50929728666711,0.314870143362871,1.12694781944983,0,"large","second","dist.20","dist.20","dist.20",0,0.740986380901795,-0.319841925842042,-0.476208334764261,-1.69766351362466,0.564019367350756,-2.00209196155345,-1.05591017852521
"2850-57730","2850-57881","2850-57730_2850-57881",1,"CHR",93,"CHR-93","0",2,13.53847398,2,9,0.187096774193548,"CHR_93_1",1,NA,0,5,"no",19.1,15.70236623,12.82672316,78.5,0.224690642671068,-0.0934822025987468,-1.95280566010936,16.55,11.73463277,21.93833167,84.83333333,-0.578702317633627,-0.50589447430401,-0.16810517715307,0.365348615983661,-0.216433687179106,0,"large","first","dist.20","dist.20","dist.20",0,-0.609588535358747,-0.319841925842042,-0.476208334764261,-1.69766351362466,-0.835711625452285,0.553081751767378,1.79200900661347
"2850-57730","2850-57881","2850-57730_2850-57881",2,"CHR",93,"CHR-93","0",11,13.53847398,0,18,0.319354838709677,"CHR_93_2",1,NA,0,4,"no",19.1,15.70236623,12.82672316,78.5,0.224690642671068,-0.0934822025987468,-1.95280566010936,16.55,11.73463277,21.93833167,84.83333333,-0.578702317633627,-0.50589447430401,-0.16810517715307,0.365348615983661,-0.75378628983068,0,"large","second","dist.20","dist.20","dist.20",0,1.01904592248484,-0.319841925842042,-0.476208334764261,-1.69766351362466,-0.835711625452285,0.553081751767378,1.79200900661347
"2850-57735","2640-97588","2850-57735_2640-97588",1,"CHR",37,"CHR-37","0",11,6.182950427,7,-4,0.235483870967742,"CHR_37_1",1,NA,0,4,"no",17.4,15.02817049,30.99803589,78.5,0.224690642671068,-0.312822534834813,0.766781208645738,18.7,11.85018943,14.45612662,87,-0.319841925842042,-0.476208334764261,-1.69766351362466,-0.686657746742935,1.12694781944983,0,"large","first","dist.10","dist.10","dist.10",0,-0.013746660537916,-0.698176344430552,-0.62910335473214,-1.73689240845576,0.224690642671068,-0.0934822025987468,-1.95280566010936
"2850-57735","2640-97588","2850-57735_2640-97588",2,"CHR",119,"CHR-119","0",10,4.930722336,3,-8,0.207885304659498,"CHR_119_2",1,NA,0,2,"no",17.4,15.02817049,30.99803589,78.5,0.224690642671068,-0.312822534834813,0.766781208645738,18.7,11.85018943,14.45612662,87,-0.319841925842042,-0.476208334764261,-1.69766351362466,-0.865754708342587,0.0522426141466809,0,"large","second","dist.05","dist.05","dist.10",0,-0.35359721136165,-0.698176344430552,-0.62910335473214,-1.73689240845576,0.224690642671068,-0.0934822025987468,-1.95280566010936
"2850-57735","2640-97589","2850-57735_2640-97589",1,"CHR",37,"CHR-37","0",11,7.56711963,9,-2,0.229032258064516,"CHR_37_1",1,NA,0,4,"no",17.4,15.02817049,30.99803589,78.5,0.224690642671068,-0.312822534834813,0.766781208645738,16.1,11.8153556,16.91354271,99.66666667,1.19349574731726,-0.485157035237985,-1.19530341502793,-0.488690219597665,1.6643004221014,0,"large","first","dist.10","dist.10","dist.10",0,-0.093192243847362,-0.698176344430552,-0.62910335473214,-1.73689240845576,0.98818027510909,-0.478534822267752,-0.867541507603602
"2850-57735","2640-97589","2850-57735_2640-97589",2,"CHR",119,"CHR-119","0",10,8.708483862,6,-5,0.197132616487455,"CHR_119_2",1,NA,0,2,"no",17.4,15.02817049,30.99803589,78.5,0.224690642671068,-0.312822534834813,0.766781208645738,16.1,11.8153556,16.91354271,99.66666667,1.19349574731726,-0.485157035237985,-1.19530341502793,-0.325449299274212,0.858271518124042,0,"large","second","dist.10","dist.10","dist.10",0,-0.486006516877389,-0.698176344430552,-0.62910335473214,-1.73689240845576,0.98818027510909,-0.478534822267752,-0.867541507603602
"2850-57735","2811-83208","2850-57735_2811-83208",2,"CHR",119,"CHR-119","0",10,25.1203531,0,10,0.218637992831541,"CHR_119_2",1,NA,0,2,"no",17.4,15.02817049,30.99803589,78.5,0.224690642671068,-0.312822534834813,0.766781208645738,16.9,18.73416916,21.00459455,87,-0.319841925842042,1.29226422972124,-0.358985457287731,2.02181948971241,-0.75378628983068,0,"large","second","dist.20+","dist.20+","dist.20+",0,-0.221187905845911,-0.698176344430552,-0.62910335473214,-1.73689240845576,-0.411550717693951,-0.159665267146272,1.94192717350385
"2850-57735","2811-83208","2850-57735_2811-83208",1,"CHR",37,"CHR-37","0",0,23.82884944,0,13,0.258064516129032,"CHR_37_1",1,NA,0,4,"no",17.4,15.02817049,30.99803589,78.5,0.224690642671068,-0.312822534834813,0.766781208645738,16.9,18.73416916,21.00459455,87,-0.319841925842042,1.29226422972124,-0.358985457287731,1.83710523273059,-0.75378628983068,0,"large","first","dist.20+","dist.20+","dist.20+",0,0.264312881045132,-0.698176344430552,-0.62910335473214,-1.73689240845576,-0.411550717693951,-0.159665267146272,1.94192717350385
"2850-57735","2850-57567","2850-57735_2850-57567",2,"CHR",119,"CHR-119","0",2,4.419706235,0,-41,0.218637992831541,"CHR_119_2",1,NA,0,2,"no",17.4,15.02817049,30.99803589,78.5,0.224690642671068,-0.312822534834813,0.766781208645738,16.6,10.56012296,26.35612994,102.1666667,1.49218081789379,-0.807622320284185,0.735008293751907,-0.938841577799823,-0.75378628983068,0,"large","second","dist.05","dist.05","dist.10",0,-0.221187905845911,-0.698176344430552,-0.62910335473214,-1.73689240845576,-1.17504035013197,0.922800644787313,-0.818227574717981
"2850-57735","2850-57567","2850-57735_2850-57567",1,"CHR",37,"CHR-37","0",0,4.954167402,0,11,0.258064516129032,"CHR_37_1",1,NA,0,4,"no",17.4,15.02817049,30.99803589,78.5,0.224690642671068,-0.312822534834813,0.766781208645738,16.6,10.56012296,26.35612994,102.1666667,1.49218081789379,-0.807622320284185,0.735008293751907,-0.862401533217958,-0.75378628983068,0,"large","first","dist.05","dist.05","dist.10",0,0.264312881045132,-0.698176344430552,-0.62910335473214,-1.73689240845576,-1.17504035013197,0.922800644787313,-0.818227574717981
"2850-57735","2850-57570","2850-57735_2850-57570",2,"CHR",119,"CHR-119","0",10,2.733275882,1,-9,0.21505376344086,"CHR_119_2",1,NA,0,2,"no",17.4,15.02817049,30.99803589,78.5,0.224690642671068,-0.312822534834813,0.766781208645738,16.51,16.84077767,23.06811898,90,0.038580154548733,0.805857959623855,0.0628528876022267,-1.1800392911737,-0.485109988504893,0,"large","second","dist.05","dist.05","dist.10",0,-0.265324341017824,-0.698176344430552,-0.62910335473214,-1.73689240845576,-0.157054173547943,-1.42571858026568,-1.08665491345185
"2850-57735","2850-57570","2850-57735_2850-57570",1,"CHR",37,"CHR-37","0",0,3.830270619,0,23,0.258064516129032,"CHR_37_1",1,NA,0,4,"no",17.4,15.02817049,30.99803589,78.5,0.224690642671068,-0.312822534834813,0.766781208645738,16.51,16.84077767,23.06811898,90,0.038580154548733,0.805857959623855,0.0628528876022267,-1.02314421295307,-0.75378628983068,0,"large","first","dist.05","dist.05","dist.10",0,0.264312881045132,-0.698176344430552,-0.62910335473214,-1.73689240845576,-0.157054173547943,-1.42571858026568,-1.08665491345185
"2850-57735","2850-57577","2850-57735_2850-57577",2,"CHR",119,"CHR-119","0",10,4.839970372,0,20,0.218637992831541,"CHR_119_2",1,NA,0,2,"no",17.4,15.02817049,30.99803589,78.5,0.224690642671068,-0.312822534834813,0.766781208645738,18.2,20.92472416,28.83623131,90.83333333,0.138141843147924,1.85501086327307,1.24200585669334,-0.878734293394558,-0.75378628983068,0,"large","second","dist.05","dist.05","dist.10",0,-0.221187905845911,-0.698176344430552,-0.62910335473214,-1.73689240845576,-0.666047261839958,0.264789915692027,-0.462001728113777
"2850-57735","2850-57577","2850-57735_2850-57577",1,"CHR",37,"CHR-37","0",0,5.803417779,0,23,0.258064516129032,"CHR_37_1",1,NA,0,4,"no",17.4,15.02817049,30.99803589,78.5,0.224690642671068,-0.312822534834813,0.766781208645738,18.2,20.92472416,28.83623131,90.83333333,0.138141843147924,1.85501086327307,1.24200585669334,-0.740939506250812,-0.75378628983068,0,"large","first","dist.10","dist.10","dist.10",0,0.264312881045132,-0.698176344430552,-0.62910335473214,-1.73689240845576,-0.666047261839958,0.264789915692027,-0.462001728113777
"2850-57735","2850-57578","2850-57735_2850-57578",2,"CHR",119,"CHR-119","0",10,6.33536267,0,17,0.218637992831541,"CHR_119_2",1,NA,0,2,"no",17.4,15.02817049,30.99803589,78.5,0.224690642671068,-0.312822534834813,0.766781208645738,17.2,10.81633932,15.67680791,91.5,0.217791194744121,-0.741801149826969,-1.44812434290995,-0.664859346093665,-0.75378628983068,0,"large","second","dist.10","dist.10","dist.10",0,-0.221187905845911,-0.698176344430552,-0.62910335473214,-1.73689240845576,0.0550262790587415,1.59216462744548,-0.0904874492207969
"2850-57735","2850-57578","2850-57735_2850-57578",1,"CHR",37,"CHR-37","0",0,5.087005516,0,19,0.258064516129032,"CHR_37_1",1,NA,0,4,"no",17.4,15.02817049,30.99803589,78.5,0.224690642671068,-0.312822534834813,0.766781208645738,17.2,10.81633932,15.67680791,91.5,0.217791194744121,-0.741801149826969,-1.44812434290995,-0.84340267608241,-0.75378628983068,0,"large","first","dist.10","dist.10","dist.10",0,0.264312881045132,-0.698176344430552,-0.62910335473214,-1.73689240845576,0.0550262790587415,1.59216462744548,-0.0904874492207969
"2850-57735","2850-57579","2850-57735_2850-57579",1,"CHR",37,"CHR-37","0",5,12.76124342,5,6,0.241935483870968,"CHR_37_1",1,NA,0,4,"no",17.4,15.02817049,30.99803589,78.5,0.224690642671068,-0.312822534834813,0.766781208645738,16.3,11.31949153,24.77905949,93.5,0.456739248337971,-0.612542942504321,0.412613860843324,0.254187053039298,0.589595216798255,0,"large","first","dist.20","dist.20","dist.20",0,0.0656989227715297,-0.698176344430552,-0.62910335473214,-1.73689240845576,0.394355006283394,0.252942547897877,-0.257226498974273
"2850-57735","2850-57579","2850-57735_2850-57579",2,"CHR",119,"CHR-119","0",10,15.23840261,0,-21,0.218637992831541,"CHR_119_2",1,NA,0,2,"no",17.4,15.02817049,30.99803589,78.5,0.224690642671068,-0.312822534834813,0.766781208645738,16.3,11.31949153,24.77905949,93.5,0.456739248337971,-0.612542942504321,0.412613860843324,0.608476888506386,-0.75378628983068,0,"large","second","dist.20","dist.20","dist.20",0,-0.221187905845911,-0.698176344430552,-0.62910335473214,-1.73689240845576,0.394355006283394,0.252942547897877,-0.257226498974273
"2850-57735","2850-57580","2850-57735_2850-57580",2,"CHR",119,"CHR-119","0",4,19.95594998,0,-38,0.218637992831541,"CHR_119_2",1,NA,0,2,"no",17.4,15.02817049,30.99803589,78.5,0.224690642671068,-0.312822534834813,0.766781208645738,16.2,9.142844799,27.48113161,87.83333333,-0.220280237242851,-1.17171658585126,0.964988048569367,1.2831929456224,-0.75378628983068,0,"large","second","dist.20","dist.20","dist.20",0,-0.221187905845911,-0.698176344430552,-0.62910335473214,-1.73689240845576,0.564019367350756,0.594981908524202,0.613110506001452
"2850-57735","2850-57580","2850-57735_2850-57580",1,"CHR",37,"CHR-37","0",0,18.65820611,0,14,0.258064516129032,"CHR_37_1",1,NA,0,4,"no",17.4,15.02817049,30.99803589,78.5,0.224690642671068,-0.312822534834813,0.766781208645738,16.2,9.142844799,27.48113161,87.83333333,-0.220280237242851,-1.17171658585126,0.964988048569367,1.09758619736141,-0.75378628983068,0,"large","first","dist.20","dist.20","dist.20",0,0.264312881045132,-0.698176344430552,-0.62910335473214,-1.73689240845576,0.564019367350756,0.594981908524202,0.613110506001452
"2850-57735","2850-57581","2850-57735_2850-57581",1,"CHR",37,"CHR-37","0",7,18.25762852,7,4,0.235483870967742,"CHR_37_1",1,NA,0,4,"no",17.4,15.02817049,30.99803589,78.5,0.224690642671068,-0.312822534834813,0.766781208645738,15.5,12.5018158,18.94245264,82.5,-0.857475046428205,-0.308807586528723,-0.780541178943333,1.04029453478848,1.12694781944983,0,"large","first","dist.20","dist.20","dist.20",0,-0.013746660537916,-0.698176344430552,-0.62910335473214,-1.73689240845576,-0.920543805985966,0.0923616887128494,-0.0652425713766268
"2850-57735","2850-57581","2850-57735_2850-57581",2,"CHR",119,"CHR-119","0",10,21.113874055,9,1,0.186379928315412,"CHR_119_2",1,NA,0,2,"no",17.4,15.02817049,30.99803589,78.5,0.224690642671068,-0.312822534834813,0.766781208645738,15.5,12.5018158,18.94245264,82.5,-0.857475046428205,-0.308807586528723,-0.780541178943333,1.44880229833224,1.6643004221014,0,"large","second","dist.20+","dist.20+","dist.20+",0,-0.618415822393128,-0.698176344430552,-0.62910335473214,-1.73689240845576,-0.920543805985966,0.0923616887128494,-0.0652425713766268
"2850-57735","2850-57589","2850-57735_2850-57589",1,"CHR",37,"CHR-37","0",1,13.19604684,1,10,0.254838709677419,"CHR_37_1",1,NA,0,4,"no",17.4,15.02817049,30.99803589,78.5,0.224690642671068,-0.312822534834813,0.766781208645738,17.5,12.65077601,16.92662014,97,0.874898342127209,-0.270540180912031,-1.19263004642303,0.316373784014923,-0.485109988504893,0,"large","first","dist.20","dist.20","dist.20",0,0.224590089390409,-0.698176344430552,-0.62910335473214,-1.73689240845576,0.394355006283394,-0.220209818057244,-0.7238327207249
"2850-57735","2850-57589","2850-57735_2850-57589",2,"CHR",119,"CHR-119","0",10,14.39212692,0,11,0.218637992831541,"CHR_119_2",1,NA,0,2,"no",17.4,15.02817049,30.99803589,78.5,0.224690642671068,-0.312822534834813,0.766781208645738,17.5,12.65077601,16.92662014,97,0.874898342127209,-0.270540180912031,-1.19263004642303,0.48744030911324,-0.75378628983068,0,"large","second","dist.20","dist.20","dist.20",0,-0.221187905845911,-0.698176344430552,-0.62910335473214,-1.73689240845576,0.394355006283394,-0.220209818057244,-0.7238327207249
"2850-57735","2850-57620","2850-57735_2850-57620",2,"CHR",119,"CHR-119","0",10,4.115009989,0,10,0.218637992831541,"CHR_119_2",1,NA,0,2,"no",17.4,15.02817049,30.99803589,78.5,0.224690642671068,-0.312822534834813,0.766781208645738,18.2,8.903889997,21.60838485,87,-0.319841925842042,-1.2331033167923,-0.235554933708899,-0.982420037875608,-0.75378628983068,0,"large","second","dist.05","dist.05","dist.10",0,-0.221187905845911,-0.698176344430552,-0.62910335473214,-1.73689240845576,-1.04779207805897,-0.519894914297499,-0.347422909026337
"2850-57735","2850-57620","2850-57735_2850-57620",1,"CHR",37,"CHR-37","0",0,3.233357068,0,13,0.258064516129032,"CHR_37_1",1,NA,0,4,"no",17.4,15.02817049,30.99803589,78.5,0.224690642671068,-0.312822534834813,0.766781208645738,18.2,8.903889997,21.60838485,87,-0.319841925842042,-1.2331033167923,-0.235554933708899,-1.10851636207679,-0.75378628983068,0,"large","first","dist.05","dist.05","dist.10",0,0.264312881045132,-0.698176344430552,-0.62910335473214,-1.73689240845576,-1.04779207805897,-0.519894914297499,-0.347422909026337
"2850-57735","2850-57647","2850-57735_2850-57647",2,"CHR",119,"CHR-119","0",10,8.702820146,0,20,0.218637992831541,"CHR_119_2",1,NA,0,2,"no",17.4,15.02817049,30.99803589,78.5,0.224690642671068,-0.312822534834813,0.766781208645738,15.8,12.89783981,28.1838767,85.83333333,-0.459228290836701,-0.207070274097309,1.10864751842364,-0.32625933886225,-0.75378628983068,0,"large","second","dist.10","dist.10","dist.10",0,-0.221187905845911,-0.698176344430552,-0.62910335473214,-1.73689240845576,2.30307908737845,-0.324477446700752,0.908946604529733
"2850-57735","2850-57647","2850-57735_2850-57647",1,"CHR",37,"CHR-37","0",0,7.583785867,0,18,0.258064516129032,"CHR_37_1",1,NA,0,4,"no",17.4,15.02817049,30.99803589,78.5,0.224690642671068,-0.312822534834813,0.766781208645738,15.8,12.89783981,28.1838767,85.83333333,-0.459228290836701,-0.207070274097309,1.10864751842364,-0.486306570461016,-0.75378628983068,0,"large","first","dist.10","dist.10","dist.10",0,0.264312881045132,-0.698176344430552,-0.62910335473214,-1.73689240845576,2.30307908737845,-0.324477446700752,0.908946604529733
"2850-57735","2850-57653","2850-57735_2850-57653",2,"CHR",119,"CHR-119","0",10,7.313678212,5,-6,0.200716845878136,"CHR_119_2",1,NA,0,2,"no",17.4,15.02817049,30.99803589,78.5,0.224690642671068,-0.312822534834813,0.766781208645738,16.37,8.467490861,27.15053506,78,-1.39510816701437,-1.34521287106915,0.897405470214174,-0.52493807909989,0.589595216798255,0,"large","second","dist.10","dist.10","dist.10",0,-0.441870081705476,-0.698176344430552,-0.62910335473214,-1.73689240845576,0.182274551131745,-1.12841701146077,0.110874711490428
"2850-57735","2850-57653","2850-57735_2850-57653",1,"CHR",37,"CHR-37","0",0,6.364195425,0,13,0.258064516129032,"CHR_37_1",1,NA,0,4,"no",17.4,15.02817049,30.99803589,78.5,0.224690642671068,-0.312822534834813,0.766781208645738,16.37,8.467490861,27.15053506,78,-1.39510816701437,-1.34521287106915,0.897405470214174,-0.660735609489958,-0.75378628983068,0,"large","first","dist.10","dist.10","dist.10",0,0.264312881045132,-0.698176344430552,-0.62910335473214,-1.73689240845576,0.182274551131745,-1.12841701146077,0.110874711490428
"2850-57735","2850-57669","2850-57735_2850-57669",2,"CHR",119,"CHR-119","0",10,6.892885156,4,-3,0.204301075268817,"CHR_119_2",1,NA,0,2,"no",17.4,15.02817049,30.99803589,78.5,0.224690642671068,-0.312822534834813,0.766781208645738,17.82,14.07982054,27.72719176,89.66666667,-0.0012445206519955,0.0965768275416075,1.01528917653778,-0.585121010894407,0.320918915472468,0,"large","second","dist.10","dist.10","dist.10",0,-0.397733646533563,-0.698176344430552,-0.62910335473214,-1.73689240845576,NA,NA,NA
"2850-57735","2850-57669","2850-57735_2850-57669",1,"CHR",37,"CHR-37","0",0,5.832752902,0,13,0.258064516129032,"CHR_37_1",1,NA,0,4,"no",17.4,15.02817049,30.99803589,78.5,0.224690642671068,-0.312822534834813,0.766781208645738,17.82,14.07982054,27.72719176,89.66666667,-0.0012445206519955,0.0965768275416075,1.01528917653778,-0.736743919651843,-0.75378628983068,0,"large","first","dist.10","dist.10","dist.10",0,0.264312881045132,-0.698176344430552,-0.62910335473214,-1.73689240845576,NA,NA,NA
"2850-57735","2850-57671","2850-57735_2850-57671",2,"CHR",119,"CHR-119","0",8,24.52654894,0,-35,0.218637992831541,"CHR_119_2",1,NA,0,2,"no",17.4,15.02817049,30.99803589,78.5,0.224690642671068,-0.312822534834813,0.766781208645738,17.53,16.28350449,28.84180791,75.83333333,-1.65396855880595,0.662696246718346,1.24314585953504,1.93689205388376,-0.75378628983068,0,"large","second","dist.20+","dist.20+","dist.20+",0,-0.221187905845911,-0.698176344430552,-0.62910335473214,-1.73689240845576,0.606435458890079,1.16785270969026,0.187430780520441
"2850-57735","2850-57671","2850-57735_2850-57671",1,"CHR",37,"CHR-37","0",0,23.14825038,0,17,0.258064516129032,"CHR_37_1",1,NA,0,4,"no",17.4,15.02817049,30.99803589,78.5,0.224690642671068,-0.312822534834813,0.766781208645738,17.53,16.28350449,28.84180791,75.83333333,-1.65396855880595,0.662696246718346,1.24314585953504,1.73976416157139,-0.75378628983068,0,"large","first","dist.20+","dist.20+","dist.20+",0,0.264312881045132,-0.698176344430552,-0.62910335473214,-1.73689240845576,0.606435458890079,1.16785270969026,0.187430780520441
"2850-57735","2850-57731","2850-57735_2850-57731",1,"CHR",37,"CHR-37","0",11,7.951105173,6,-5,0.238709677419355,"CHR_37_1",1,NA,0,4,"no",17.4,15.02817049,30.99803589,78.5,0.224690642671068,-0.312822534834813,0.766781208645738,15.9,10.9634214,23.24545364,91,0.158054181345658,-0.704016229851986,0.0991047285683272,-0.433771595312073,0.858271518124042,0,"large","first","dist.10","dist.10","dist.10",0,0.0259761311168068,-0.698176344430552,-0.62910335473214,-1.73689240845576,-1.17504035013197,-0.720064302121302,-0.918055636034195
"2850-57735","2850-57731","2850-57735_2850-57731",2,"CHR",119,"CHR-119","0",10,5.547123721,2,-8,0.211469534050179,"CHR_119_2",1,NA,0,2,"no",17.4,15.02817049,30.99803589,78.5,0.224690642671068,-0.312822534834813,0.766781208645738,15.9,10.9634214,23.24545364,91,0.158054181345658,-0.704016229851986,0.0991047285683272,-0.777595357843463,-0.216433687179106,0,"large","second","dist.10","dist.10","dist.10",0,-0.309460776189737,-0.698176344430552,-0.62910335473214,-1.73689240845576,-1.17504035013197,-0.720064302121302,-0.918055636034195
"2850-57735","2850-57733","2850-57735_2850-57733",2,"CHR",119,"CHR-119","0",10,17.40510129,0,-14,0.218637992831541,"CHR_119_2",1,NA,0,2,"no",17.4,15.02817049,30.99803589,78.5,0.224690642671068,-0.312822534834813,0.766781208645738,15.66,14.84394317,20.45213858,102,1.47226847611183,0.292877508261001,-0.471921901664779,0.918363843669715,-0.75378628983068,0,"large","second","dist.20","dist.20","dist.20",0,-0.221187905845911,-0.698176344430552,-0.62910335473214,-1.73689240845576,0.606435458890079,-1.12204057333336,-0.450386497816471
"2850-57735","2850-57733","2850-57735_2850-57733",1,"CHR",37,"CHR-37","0",0,16.11066156,0,38,0.258064516129032,"CHR_37_1",1,NA,0,4,"no",17.4,15.02817049,30.99803589,78.5,0.224690642671068,-0.312822534834813,0.766781208645738,15.66,14.84394317,20.45213858,102,1.47226847611183,0.292877508261001,-0.471921901664779,0.733229662219002,-0.75378628983068,0,"large","first","dist.20","dist.20","dist.20",0,0.264312881045132,-0.698176344430552,-0.62910335473214,-1.73689240845576,0.606435458890079,-1.12204057333336,-0.450386497816471
"2850-57735","2850-57742","2850-57735_2850-57742",1,"CHR",37,"CHR-37","0",8,10.03025266,8,3,0.232258064516129,"CHR_37_1",1,NA,0,4,"no",17.4,15.02817049,30.99803589,78.5,0.224690642671068,-0.312822534834813,0.766781208645738,16.98,13.00562645,26.1463443,93,0.397002234939508,-0.179380228057897,0.692122624034258,-0.136406442497231,1.39562412077562,0,"large","first","dist.20","dist.20","dist.20",0,-0.0534694521926392,-0.698176344430552,-0.62910335473214,-1.73689240845576,0.564019367350756,-0.96234197733198,-0.610003960994292
"2850-57735","2850-57742","2850-57735_2850-57742",2,"CHR",119,"CHR-119","0",10,12.97465314,8,-3,0.189964157706093,"CHR_119_2",1,NA,0,2,"no",17.4,15.02817049,30.99803589,78.5,0.224690642671068,-0.312822534834813,0.766781208645738,16.98,13.00562645,26.1463443,93,0.397002234939508,-0.179380228057897,0.692122624034258,0.28470947359713,1.39562412077562,0,"large","second","dist.20","dist.20","dist.20",0,-0.574279387221214,-0.698176344430552,-0.62910335473214,-1.73689240845576,0.564019367350756,-0.96234197733198,-0.610003960994292
"2850-57735","2850-57744","2850-57735_2850-57744",2,"CHR",119,"CHR-119","0",10,22.14734614,0,21,0.218637992831541,"CHR_119_2",1,NA,0,2,"no",17.4,15.02817049,30.99803589,78.5,0.224690642671068,-0.312822534834813,0.766781208645738,14.77,24.63866733,20.45419575,84.5,-0.618526992834355,2.80911108724386,-0.47150136233152,1.59661219946115,-0.75378628983068,0,"large","second","dist.20+","dist.20+","dist.20+",0,-0.221187905845911,-0.698176344430552,-0.62910335473214,-1.73689240845576,-0.411550717693951,1.14723185861105,0.256764043881684
"2850-57735","2850-57744","2850-57735_2850-57744",1,"CHR",37,"CHR-37","0",0,20.91227874,0,21,0.258064516129032,"CHR_37_1",1,NA,0,4,"no",17.4,15.02817049,30.99803589,78.5,0.224690642671068,-0.312822534834813,0.766781208645738,14.77,24.63866733,20.45419575,84.5,-0.618526992834355,2.80911108724386,-0.47150136233152,1.41996960511227,-0.75378628983068,0,"large","first","dist.20+","dist.20+","dist.20+",0,0.264312881045132,-0.698176344430552,-0.62910335473214,-1.73689240845576,-0.411550717693951,1.14723185861105,0.256764043881684
"2850-57735","2850-57745","2850-57735_2850-57745",1,"CHR",37,"CHR-37","0",3,4.955656293,3,8,0.248387096774194,"CHR_37_1",1,NA,0,4,"no",17.4,15.02817049,30.99803589,78.5,0.224690642671068,-0.312822534834813,0.766781208645738,16.33,11.89491525,19.28173812,85,-0.558789979435893,-0.464718413425676,-0.711182356121742,-0.86218858810343,0.0522426141466809,0,"large","first","dist.05","dist.05","dist.10",0,0.145144506080975,-0.698176344430552,-0.62910335473214,-1.73689240845576,NA,NA,NA
"2850-57735","2850-57745","2850-57735_2850-57745",2,"CHR",119,"CHR-119","0",10,3.134884851,0,-9,0.218637992831541,"CHR_119_2",1,NA,0,2,"no",17.4,15.02817049,30.99803589,78.5,0.224690642671068,-0.312822534834813,0.766781208645738,16.33,11.89491525,19.28173812,85,-0.558789979435893,-0.464718413425676,-0.711182356121742,-1.12260011805817,-0.75378628983068,0,"large","second","dist.05","dist.05","dist.10",0,-0.221187905845911,-0.698176344430552,-0.62910335473214,-1.73689240845576,NA,NA,NA
"2850-57735","2850-57808","2850-57735_2850-57808",1,"CHR",37,"CHR-37","0",11,7.100758995,11,0,0.22258064516129,"CHR_37_1",1,"ep_same",2,4,"yes",17.4,15.02817049,30.99803589,78.5,0.224690642671068,-0.312822534834813,0.766781208645738,17.44,11.46748421,15.37756564,100,1.23332042251798,-0.574524092276724,-1.50929728666711,-0.555390346626028,2.20165302475298,1,"large","first","dist.10","dist.10","dist.10",0.5,-0.172637827156808,-0.698176344430552,-0.62910335473214,-1.73689240845576,0.564019367350756,-2.00209196155345,-1.05591017852521
"2850-57735","2850-57808","2850-57735_2850-57808",2,"CHR",119,"CHR-119","0",10,9.55657944,6,-4,0.197132616487455,"CHR_119_2",1,NA,0,2,"no",17.4,15.02817049,30.99803589,78.5,0.224690642671068,-0.312822534834813,0.766781208645738,17.44,11.46748421,15.37756564,100,1.23332042251798,-0.574524092276724,-1.50929728666711,-0.204152434703314,0.858271518124042,0,"large","second","dist.10","dist.10","dist.10",0,-0.486006516877389,-0.698176344430552,-0.62910335473214,-1.73689240845576,0.564019367350756,-2.00209196155345,-1.05591017852521
"2850-57735","2850-57881","2850-57735_2850-57881",1,"CHR",37,"CHR-37","0",6,7.467799705,6,5,0.238709677419355,"CHR_37_1",1,NA,0,4,"no",17.4,15.02817049,30.99803589,78.5,0.224690642671068,-0.312822534834813,0.766781208645738,16.55,11.73463277,21.93833167,84.83333333,-0.578702317633627,-0.50589447430401,-0.16810517715307,-0.502895217011195,0.858271518124042,0,"large","first","dist.10","dist.10","dist.10",0,0.0259761311168068,-0.698176344430552,-0.62910335473214,-1.73689240845576,-0.835711625452285,0.553081751767378,1.79200900661347
"2850-57735","2850-57881","2850-57735_2850-57881",2,"CHR",119,"CHR-119","0",10,8.870596983,0,10,0.218637992831541,"CHR_119_2",1,NA,0,2,"no",17.4,15.02817049,30.99803589,78.5,0.224690642671068,-0.312822534834813,0.766781208645738,16.55,11.73463277,21.93833167,84.83333333,-0.578702317633627,-0.50589447430401,-0.16810517715307,-0.30226345348844,-0.75378628983068,0,"large","second","dist.10","dist.10","dist.10",0,-0.221187905845911,-0.698176344430552,-0.62910335473214,-1.73689240845576,-0.835711625452285,0.553081751767378,1.79200900661347
"2850-57736","2640-97588","2850-57736_2640-97588",1,"CHR",43,"CHR-43","0",11,3.556400208,0,-15,0.345161290322581,"CHR_43_1",1,NA,0,5,"no",18.71,18.82615819,20.40757062,73,-1.17504035013197,0.922800644787313,-0.818227574717981,18.7,11.85018943,14.45612662,87,-0.319841925842042,-0.476208334764261,-1.69766351362466,-1.06231388087114,-0.75378628983068,0,"large","first","dist.05","dist.05","dist.10",0,1.33682825572263,1.49218081789379,-0.807622320284185,0.735008293751907,0.224690642671068,-0.0934822025987468,-1.95280566010936
"2850-57736","2640-97589","2850-57736_2640-97589",1,"CHR",43,"CHR-43","0",11,8.313013431,0,-13,0.345161290322581,"CHR_43_1",1,NA,0,5,"no",18.71,18.82615819,20.40757062,73,-1.17504035013197,0.922800644787313,-0.818227574717981,16.1,11.8153556,16.91354271,99.66666667,1.19349574731726,-0.485157035237985,-1.19530341502793,-0.382010522507947,-0.75378628983068,0,"large","first","dist.10","dist.10","dist.10",0,1.33682825572263,1.49218081789379,-0.807622320284185,0.735008293751907,0.98818027510909,-0.478534822267752,-0.867541507603602
"2850-57736","2811-83208","2850-57736_2811-83208",1,"CHR",43,"CHR-43","0",9,24.71865145,9,2,0.316129032258064,"CHR_43_1",1,NA,0,5,"no",18.71,18.82615819,20.40757062,73,-1.17504035013197,0.922800644787313,-0.818227574717981,16.9,18.73416916,21.00459455,87,-0.319841925842042,1.29226422972124,-0.358985457287731,1.96436706111603,1.6643004221014,0,"large","first","dist.20+","dist.20+","dist.20+",0,0.97932313083012,1.49218081789379,-0.807622320284185,0.735008293751907,-0.411550717693951,-0.159665267146272,1.94192717350385
"2850-57736","2850-57578","2850-57736_2850-57578",1,"CHR",43,"CHR-43","0",3,6.959151179,3,8,0.335483870967742,"CHR_43_1",1,NA,0,5,"no",18.71,18.82615819,20.40757062,73,-1.17504035013197,0.922800644787313,-0.818227574717981,17.2,10.81633932,15.67680791,91.5,0.217791194744121,-0.741801149826969,-1.44812434290995,-0.575643469652608,0.0522426141466809,0,"large","first","dist.10","dist.10","dist.10",0,1.21765988075846,1.49218081789379,-0.807622320284185,0.735008293751907,0.0550262790587415,1.59216462744548,-0.0904874492207969
"2850-57736","2850-57579","2850-57736_2850-57579",1,"CHR",43,"CHR-43","0",11,14.10829303,5,-5,0.329032258064516,"CHR_43_1",1,NA,0,5,"no",18.71,18.82615819,20.40757062,73,-1.17504035013197,0.922800644787313,-0.818227574717981,16.3,11.31949153,24.77905949,93.5,0.456739248337971,-0.612542942504321,0.412613860843324,0.446845638171611,0.589595216798255,0,"large","first","dist.20","dist.20","dist.20",0,1.13821429744901,1.49218081789379,-0.807622320284185,0.735008293751907,0.394355006283394,0.252942547897877,-0.257226498974273
"2850-57736","2850-57580","2850-57736_2850-57580",1,"CHR",43,"CHR-43","0",8,19.71509877,8,3,0.319354838709677,"CHR_43_1",1,NA,0,5,"no",18.71,18.82615819,20.40757062,73,-1.17504035013197,0.922800644787313,-0.818227574717981,16.2,9.142844799,27.48113161,87.83333333,-0.220280237242851,-1.17171658585126,0.964988048569367,1.24874577084759,1.39562412077562,0,"large","first","dist.20","dist.20","dist.20",0,1.01904592248484,1.49218081789379,-0.807622320284185,0.735008293751907,0.564019367350756,0.594981908524202,0.613110506001452
"2850-57736","2850-57581","2850-57736_2850-57581",1,"CHR",43,"CHR-43","0",11,17.96708073,2,-7,0.338709677419355,"CHR_43_1",1,NA,0,5,"no",18.71,18.82615819,20.40757062,73,-1.17504035013197,0.922800644787313,-0.818227574717981,15.5,12.5018158,18.94245264,82.5,-0.857475046428205,-0.308807586528723,-0.780541178943333,0.998739624175564,-0.216433687179106,0,"large","first","dist.20","dist.20","dist.20",0,1.25738267241318,1.49218081789379,-0.807622320284185,0.735008293751907,-0.920543805985966,0.0923616887128494,-0.0652425713766268
"2850-57736","2850-57589","2850-57736_2850-57589",1,"CHR",43,"CHR-43","0",11,13.7343222,10,-1,0.312903225806452,"CHR_43_1",1,NA,0,5,"no",18.71,18.82615819,20.40757062,73,-1.17504035013197,0.922800644787313,-0.818227574717981,17.5,12.65077601,16.92662014,97,0.874898342127209,-0.270540180912031,-1.19263004642303,0.393359344531277,1.93297672342719,0,"large","first","dist.20","dist.20","dist.20",0,0.939600339175409,1.49218081789379,-0.807622320284185,0.735008293751907,0.394355006283394,-0.220209818057244,-0.7238327207249
"2850-57736","2850-57620","2850-57736_2850-57620",1,"CHR",43,"CHR-43","0",9,4.29802041,9,2,0.316129032258064,"CHR_43_1",1,NA,0,5,"no",18.71,18.82615819,20.40757062,73,-1.17504035013197,0.922800644787313,-0.818227574717981,18.2,8.903889997,21.60838485,87,-0.319841925842042,-1.2331033167923,-0.235554933708899,-0.956245405172713,1.6643004221014,0,"large","first","dist.05","dist.05","dist.10",0,0.97932313083012,1.49218081789379,-0.807622320284185,0.735008293751907,-1.04779207805897,-0.519894914297499,-0.347422909026337
"2850-57736","2850-57647","2850-57736_2850-57647",1,"CHR",43,"CHR-43","0",4,8.20278258,4,7,0.332258064516129,"CHR_43_1",1,NA,0,5,"no",18.71,18.82615819,20.40757062,73,-1.17504035013197,0.922800644787313,-0.818227574717981,15.8,12.89783981,28.1838767,85.83333333,-0.459228290836701,-0.207070274097309,1.10864751842364,-0.397776029311806,0.320918915472468,0,"large","first","dist.10","dist.10","dist.10",0,1.17793708910373,1.49218081789379,-0.807622320284185,0.735008293751907,2.30307908737845,-0.324477446700752,0.908946604529733
"2850-57736","2850-57653","2850-57736_2850-57653",1,"CHR",43,"CHR-43","0",9,5.134706942,9,2,0.316129032258064,"CHR_43_1",1,NA,0,5,"no",18.71,18.82615819,20.40757062,73,-1.17504035013197,0.922800644787313,-0.818227574717981,16.37,8.467490861,27.15053506,78,-1.39510816701437,-1.34521287106915,0.897405470214174,-0.83658029242725,1.6643004221014,0,"large","first","dist.10","dist.10","dist.10",0,0.97932313083012,1.49218081789379,-0.807622320284185,0.735008293751907,0.182274551131745,-1.12841701146077,0.110874711490428
"2850-57736","2850-57669","2850-57736_2850-57669",1,"CHR",43,"CHR-43","0",9,6.507326915,9,2,0.316129032258064,"CHR_43_1",1,NA,0,5,"no",18.71,18.82615819,20.40757062,73,-1.17504035013197,0.922800644787313,-0.818227574717981,17.82,14.07982054,27.72719176,89.66666667,-0.0012445206519955,0.0965768275416075,1.01528917653778,-0.640264566592526,1.6643004221014,0,"large","first","dist.10","dist.10","dist.10",0,0.97932313083012,1.49218081789379,-0.807622320284185,0.735008293751907,NA,NA,NA
"2850-57736","2850-57671","2850-57736_2850-57671",1,"CHR",43,"CHR-43","0",5,24.92060744,5,6,0.329032258064516,"CHR_43_1",1,NA,0,5,"no",18.71,18.82615819,20.40757062,73,-1.17504035013197,0.922800644787313,-0.818227574717981,17.53,16.28350449,28.84180791,75.83333333,-1.65396855880595,0.662696246718346,1.24314585953504,1.99325133902498,0.589595216798255,0,"large","first","dist.20+","dist.20+","dist.20+",0,1.13821429744901,1.49218081789379,-0.807622320284185,0.735008293751907,0.606435458890079,1.16785270969026,0.187430780520441
"2850-57736","2850-57731","2850-57736_2850-57731",1,"CHR",43,"CHR-43","0",11,9.48243736,0,-16,0.345161290322581,"CHR_43_1",1,NA,0,5,"no",18.71,18.82615819,20.40757062,73,-1.17504035013197,0.922800644787313,-0.818227574717981,15.9,10.9634214,23.24545364,91,0.158054181345658,-0.704016229851986,0.0991047285683272,-0.214756430373203,-0.75378628983068,0,"large","first","dist.10","dist.10","dist.10",0,1.33682825572263,1.49218081789379,-0.807622320284185,0.735008293751907,-1.17504035013197,-0.720064302121302,-0.918055636034195
"2850-57736","2850-57742","2850-57736_2850-57742",1,"CHR",43,"CHR-43","0",11,9.216245333,2,-8,0.338709677419355,"CHR_43_1",1,NA,0,5,"no",18.71,18.82615819,20.40757062,73,-1.17504035013197,0.922800644787313,-0.818227574717981,16.98,13.00562645,26.1463443,93,0.397002234939508,-0.179380228057897,0.692122624034258,-0.252827915576575,-0.216433687179106,0,"large","first","dist.10","dist.10","dist.10",0,1.25738267241318,1.49218081789379,-0.807622320284185,0.735008293751907,0.564019367350756,-0.96234197733198,-0.610003960994292
"2850-57736","2850-57744","2850-57736_2850-57744",1,"CHR",43,"CHR-43","0",1,21.43275829,1,10,0.341935483870968,"CHR_43_1",1,NA,0,5,"no",18.71,18.82615819,20.40757062,73,-1.17504035013197,0.922800644787313,-0.818227574717981,14.77,24.63866733,20.45419575,84.5,-0.618526992834355,2.80911108724386,-0.47150136233152,1.49440996198473,-0.485109988504893,0,"large","first","dist.20+","dist.20+","dist.20+",0,1.2971054640679,1.49218081789379,-0.807622320284185,0.735008293751907,-0.411550717693951,1.14723185861105,0.256764043881684
"2850-57736","2850-57745","2850-57736_2850-57745",1,"CHR",43,"CHR-43","0",11,6.731077524,8,-3,0.319354838709677,"CHR_43_1",1,NA,0,5,"no",18.71,18.82615819,20.40757062,73,-1.17504035013197,0.922800644787313,-0.818227574717981,16.33,11.89491525,19.28173812,85,-0.558789979435893,-0.464718413425676,-0.711182356121742,-0.608263164838337,1.39562412077562,0,"large","first","dist.10","dist.10","dist.10",0,1.01904592248484,1.49218081789379,-0.807622320284185,0.735008293751907,NA,NA,NA
"2850-57736","2850-57806","2850-57736_2850-57806",1,"CHR",43,"CHR-43","0",11,5.211051794,0,-11,0.345161290322581,"CHR_43_1",1,NA,0,5,"no",18.71,18.82615819,20.40757062,73,-1.17504035013197,0.922800644787313,-0.818227574717981,15.88,11.25502825,14.26422898,83.83333333,-0.698176344430552,-0.62910335473214,-1.73689240845576,-0.825661250500906,-0.75378628983068,0,"large","first","dist.10","dist.10","dist.10",0,1.33682825572263,1.49218081789379,-0.807622320284185,0.735008293751907,0.224690642671068,-0.312822534834813,0.766781208645738
"2850-57736","2850-57808","2850-57736_2850-57808",1,"CHR",43,"CHR-43","0",11,9.735905078,0,-11,0.345161290322581,"CHR_43_1",1,NA,0,5,"no",18.71,18.82615819,20.40757062,73,-1.17504035013197,0.922800644787313,-0.818227574717981,17.44,11.46748421,15.37756564,100,1.23332042251798,-0.574524092276724,-1.50929728666711,-0.17850480937567,-0.75378628983068,0,"large","first","dist.10","dist.10","dist.10",0,1.33682825572263,1.49218081789379,-0.807622320284185,0.735008293751907,0.564019367350756,-2.00209196155345,-1.05591017852521
"2850-57736","2850-57881","2850-57736_2850-57881",1,"CHR",43,"CHR-43","0",11,11.31385671,6,-6,0.325806451612903,"CHR_43_1",1,NA,0,5,"no",18.71,18.82615819,20.40757062,73,-1.17504035013197,0.922800644787313,-0.818227574717981,16.55,11.73463277,21.93833167,84.83333333,-0.578702317633627,-0.50589447430401,-0.16810517715307,0.047177991444371,0.858271518124042,0,"large","first","dist.20","dist.20","dist.20",0,1.09849150579429,1.49218081789379,-0.807622320284185,0.735008293751907,-0.835711625452285,0.553081751767378,1.79200900661347
"2850-57746","2640-97588","2850-57746_2640-97588",1,"CHR",74,"CHR-74","0",10,25.42855193,0,-16,0.362007168458781,"CHR_74_1",1,NA,0,2,"no",16.91,16.74286308,19.18283317,78,0.097442370598064,0.245029169142611,-1.00152637850741,18.7,11.85018943,14.45612662,87,-0.319841925842042,-0.476208334764261,-1.69766351362466,2.06589889858232,-0.75378628983068,0,"large","first","dist.20+","dist.20+","dist.20+",0,1.54426950103061,-0.140630885646655,NA,1.17303054549732,0.224690642671068,-0.0934822025987468,-1.95280566010936
"2850-57746","2640-97588","2850-57746_2640-97588",2,"CHR",6,"CHR-6","0",11,24.98824572,0,-20,0.183870967741935,"CHR_6_2",1,NA,0,4,"no",16.91,16.74286308,19.18283317,78,0.097442370598064,0.245029169142611,-1.00152637850741,18.7,11.85018943,14.45612662,87,-0.319841925842042,-0.476208334764261,-1.69766351362466,2.00292514407926,-0.75378628983068,0,"large","second","dist.20+","dist.20+","dist.20+",0,-0.64931132701347,-0.140630885646655,NA,1.17303054549732,0.224690642671068,-0.0934822025987468,-1.95280566010936
"2850-57746","2640-97589","2850-57746_2640-97589",1,"CHR",74,"CHR-74","0",10,13.92789691,0,-14,0.362007168458781,"CHR_74_1",1,NA,0,2,"no",16.91,16.74286308,19.18283317,78,0.097442370598064,0.245029169142611,-1.00152637850741,16.1,11.8153556,16.91354271,99.66666667,1.19349574731726,-0.485157035237985,-1.19530341502793,0.421044909687261,-0.75378628983068,0,"large","first","dist.20","dist.20","dist.20",0,1.54426950103061,-0.140630885646655,NA,1.17303054549732,0.98818027510909,-0.478534822267752,-0.867541507603602
"2850-57746","2640-97589","2850-57746_2640-97589",2,"CHR",6,"CHR-6","0",11,13.52693008,0,-17,0.183870967741935,"CHR_6_2",1,NA,0,4,"no",16.91,16.74286308,19.18283317,78,0.097442370598064,0.245029169142611,-1.00152637850741,16.1,11.8153556,16.91354271,99.66666667,1.19349574731726,-0.485157035237985,-1.19530341502793,0.363697576983762,-0.75378628983068,0,"large","second","dist.20","dist.20","dist.20",0,-0.64931132701347,-0.140630885646655,NA,1.17303054549732,0.98818027510909,-0.478534822267752,-0.867541507603602
"2850-57746","2811-83208","2850-57746_2811-83208",1,"CHR",74,"CHR-74","0",9,5.933724475,9,1,0.329749103942652,"CHR_74_1",1,NA,0,2,"no",16.91,16.74286308,19.18283317,78,0.097442370598064,0.245029169142611,-1.00152637850741,16.9,18.73416916,21.00459455,87,-0.319841925842042,1.29226422972124,-0.358985457287731,-0.722302699188728,1.6643004221014,0,"large","first","dist.10","dist.10","dist.10",0,1.14704158448339,-0.140630885646655,NA,1.17303054549732,-0.411550717693951,-0.159665267146272,1.94192717350385
"2850-57746","2811-83208","2850-57746_2811-83208",2,"CHR",6,"CHR-6","0",11,6.433003403,8,-2,0.158064516129032,"CHR_6_2",1,NA,0,4,"no",16.91,16.74286308,19.18283317,78,0.097442370598064,0.245029169142611,-1.00152637850741,16.9,18.73416916,21.00459455,87,-0.319841925842042,1.29226422972124,-0.358985457287731,-0.650894511145187,1.39562412077562,0,"large","second","dist.10","dist.10","dist.10",0,-0.967093660251241,-0.140630885646655,NA,1.17303054549732,-0.411550717693951,-0.159665267146272,1.94192717350385
"2850-57746","2850-57567","2850-57746_2850-57567",1,"CHR",74,"CHR-74","0",10,22.22238264,10,-1,0.326164874551971,"CHR_74_1",1,NA,0,2,"no",16.91,16.74286308,19.18283317,78,0.097442370598064,0.245029169142611,-1.00152637850741,16.6,10.56012296,26.35612994,102.1666667,1.49218081789379,-0.807622320284185,0.735008293751907,1.60734411743653,1.93297672342719,0,"large","first","dist.20+","dist.20+","dist.20+",0,1.10290514931148,-0.140630885646655,NA,1.17303054549732,-1.17504035013197,0.922800644787313,-0.818227574717981
"2850-57746","2850-57567","2850-57746_2850-57567",2,"CHR",6,"CHR-6","0",0,21.80674629,0,-53,0.183870967741935,"CHR_6_2",1,NA,0,4,"no",16.91,16.74286308,19.18283317,78,0.097442370598064,0.245029169142611,-1.00152637850741,16.6,10.56012296,26.35612994,102.1666667,1.49218081789379,-0.807622320284185,0.735008293751907,1.54789871132371,-0.75378628983068,0,"large","second","dist.20+","dist.20+","dist.20+",0,-0.64931132701347,-0.140630885646655,NA,1.17303054549732,-1.17504035013197,0.922800644787313,-0.818227574717981
"2850-57746","2850-57570","2850-57746_2850-57570",2,"CHR",6,"CHR-6","0",11,21.66372377,0,-21,0.183870967741935,"CHR_6_2",1,NA,0,4,"no",16.91,16.74286308,19.18283317,78,0.097442370598064,0.245029169142611,-1.00152637850741,16.51,16.84077767,23.06811898,90,0.038580154548733,0.805857959623855,0.0628528876022267,1.52744325360285,-0.75378628983068,0,"large","second","dist.20+","dist.20+","dist.20+",0,-0.64931132701347,-0.140630885646655,NA,1.17303054549732,-0.157054173547943,-1.42571858026568,-1.08665491345185
"2850-57746","2850-57570","2850-57746_2850-57570",1,"CHR",74,"CHR-74","0",0,19.43540932,0,11,0.362007168458781,"CHR_74_1",1,NA,0,2,"no",16.91,16.74286308,19.18283317,78,0.097442370598064,0.245029169142611,-1.00152637850741,16.51,16.84077767,23.06811898,90,0.038580154548733,0.805857959623855,0.0628528876022267,1.2087438486367,-0.75378628983068,0,"large","first","dist.20","dist.20","dist.20",0,1.54426950103061,-0.140630885646655,NA,1.17303054549732,-0.157054173547943,-1.42571858026568,-1.08665491345185
"2850-57746","2850-57577","2850-57746_2850-57577",2,"CHR",6,"CHR-6","0",11,25.0197467418182,3,8,0.174193548387097,"CHR_6_2",1,NA,0,4,"no",16.91,16.74286308,19.18283317,78,0.097442370598064,0.245029169142611,-1.00152637850741,18.2,20.92472416,28.83623131,90.83333333,0.138141843147924,1.85501086327307,1.24200585669334,2.00743050323505,0.0522426141466809,0,"large","second","dist.20+","dist.20+","dist.20+",0,-0.768479701977627,-0.140630885646655,NA,1.17303054549732,-0.666047261839958,0.264789915692027,-0.462001728113777
"2850-57746","2850-57577","2850-57746_2850-57577",1,"CHR",74,"CHR-74","0",0,25.50292221,0,11,0.362007168458781,"CHR_74_1",1,NA,0,2,"no",16.91,16.74286308,19.18283317,78,0.097442370598064,0.245029169142611,-1.00152637850741,18.2,20.92472416,28.83623131,90.83333333,0.138141843147924,1.85501086327307,1.24200585669334,2.07653553201759,-0.75378628983068,0,"large","first","dist.20+","dist.20+","dist.20+",0,1.54426950103061,-0.140630885646655,NA,1.17303054549732,-0.666047261839958,0.264789915692027,-0.462001728113777
"2850-57746","2850-57578","2850-57746_2850-57578",1,"CHR",74,"CHR-74","0",3,15.55435752,3,7,0.351254480286738,"CHR_74_1",1,NA,0,2,"no",16.91,16.74286308,19.18283317,78,0.097442370598064,0.245029169142611,-1.00152637850741,17.2,10.81633932,15.67680791,91.5,0.217791194744121,-0.741801149826969,-1.44812434290995,0.653665592377662,0.0522426141466809,0,"large","first","dist.20","dist.20","dist.20",0,1.41186019551487,-0.140630885646655,NA,1.17303054549732,0.0550262790587415,1.59216462744548,-0.0904874492207969
"2850-57746","2850-57578","2850-57746_2850-57578",2,"CHR",6,"CHR-6","0",11,15.10064052,6,5,0.164516129032258,"CHR_6_2",1,NA,0,4,"no",16.91,16.74286308,19.18283317,78,0.097442370598064,0.245029169142611,-1.00152637850741,17.2,10.81633932,15.67680791,91.5,0.217791194744121,-0.741801149826969,-1.44812434290995,0.588773791347055,0.858271518124042,0,"large","second","dist.20","dist.20","dist.20",0,-0.887648076941795,-0.140630885646655,NA,1.17303054549732,0.0550262790587415,1.59216462744548,-0.0904874492207969
"2850-57746","2850-57579","2850-57746_2850-57579",1,"CHR",74,"CHR-74","0",10,8.185514377,4,-6,0.347670250896057,"CHR_74_1",1,NA,0,2,"no",16.91,16.74286308,19.18283317,78,0.097442370598064,0.245029169142611,-1.00152637850741,16.3,11.31949153,24.77905949,93.5,0.456739248337971,-0.612542942504321,0.412613860843324,-0.400245773212149,0.320918915472468,0,"large","first","dist.10","dist.10","dist.10",0,1.36772376034296,-0.140630885646655,NA,1.17303054549732,0.394355006283394,0.252942547897877,-0.257226498974273
"2850-57746","2850-57579","2850-57746_2850-57579",2,"CHR",6,"CHR-6","0",9,6.189073104,0,-33,0.183870967741935,"CHR_6_2",1,NA,0,4,"no",16.91,16.74286308,19.18283317,78,0.097442370598064,0.245029169142611,-1.00152637850741,16.3,11.31949153,24.77905949,93.5,0.456739248337971,-0.612542942504321,0.412613860843324,-0.685782065343166,-0.75378628983068,0,"large","second","dist.10","dist.10","dist.10",0,-0.64931132701347,-0.140630885646655,NA,1.17303054549732,0.394355006283394,0.252942547897877,-0.257226498974273
"2850-57746","2850-57580","2850-57746_2850-57580",1,"CHR",74,"CHR-74","0",8,4.360833357,8,2,0.333333333333333,"CHR_74_1",1,NA,0,2,"no",16.91,16.74286308,19.18283317,78,0.097442370598064,0.245029169142611,-1.00152637850741,16.2,9.142844799,27.48113161,87.83333333,-0.220280237242851,-1.17171658585126,0.964988048569367,-0.947261731960402,1.39562412077562,0,"large","first","dist.05","dist.05","dist.10",0,1.1911780196553,-0.140630885646655,NA,1.17303054549732,0.564019367350756,0.594981908524202,0.613110506001452
"2850-57746","2850-57580","2850-57746_2850-57580",2,"CHR",6,"CHR-6","0",0,4.422071783,0,-50,0.183870967741935,"CHR_6_2",1,NA,0,4,"no",16.91,16.74286308,19.18283317,78,0.097442370598064,0.245029169142611,-1.00152637850741,16.2,9.142844799,27.48113161,87.83333333,-0.220280237242851,-1.17171658585126,0.964988048569367,-0.938503250890881,-0.75378628983068,0,"large","second","dist.05","dist.05","dist.10",0,-0.64931132701347,-0.140630885646655,NA,1.17303054549732,0.564019367350756,0.594981908524202,0.613110506001452
"2850-57746","2850-57581","2850-57746_2850-57581",1,"CHR",74,"CHR-74","0",10,9.556967883,1,-8,0.3584229390681,"CHR_74_1",1,NA,0,2,"no",16.91,16.74286308,19.18283317,78,0.097442370598064,0.245029169142611,-1.00152637850741,15.5,12.5018158,18.94245264,82.5,-0.857475046428205,-0.308807586528723,-0.780541178943333,-0.204096878561781,-0.485109988504893,0,"large","first","dist.10","dist.10","dist.10",0,1.5001330658587,-0.140630885646655,NA,1.17303054549732,-0.920543805985966,0.0923616887128494,-0.0652425713766268
"2850-57746","2850-57581","2850-57746_2850-57581",2,"CHR",6,"CHR-6","0",11,9.465815319,0,-11,0.183870967741935,"CHR_6_2",1,"ep_same",2,4,"yes",16.91,16.74286308,19.18283317,78,0.097442370598064,0.245029169142611,-1.00152637850741,15.5,12.5018158,18.94245264,82.5,-0.857475046428205,-0.308807586528723,-0.780541178943333,-0.217133758481462,-0.75378628983068,1,"large","second","dist.10","dist.10","dist.10",0.5,-0.64931132701347,-0.140630885646655,NA,1.17303054549732,-0.920543805985966,0.0923616887128494,-0.0652425713766268
"2850-57746","2850-57589","2850-57746_2850-57589",1,"CHR",74,"CHR-74","0",10,9.310637846,9,-2,0.329749103942652,"CHR_74_1",1,NA,0,2,"no",16.91,16.74286308,19.18283317,78,0.097442370598064,0.245029169142611,-1.00152637850741,17.5,12.65077601,16.92662014,97,0.874898342127209,-0.270540180912031,-1.19263004642303,-0.239327649612604,1.6643004221014,0,"large","first","dist.10","dist.10","dist.10",0,1.14704158448339,-0.140630885646655,NA,1.17303054549732,0.394355006283394,-0.220209818057244,-0.7238327207249
"2850-57746","2850-57589","2850-57746_2850-57589",2,"CHR",6,"CHR-6","0",11,6.48255322,9,-1,0.154838709677419,"CHR_6_2",1,NA,0,4,"no",16.91,16.74286308,19.18283317,78,0.097442370598064,0.245029169142611,-1.00152637850741,17.5,12.65077601,16.92662014,97,0.874898342127209,-0.270540180912031,-1.19263004642303,-0.643807765738101,1.6643004221014,0,"large","second","dist.10","dist.10","dist.10",0,-1.00681645190596,-0.140630885646655,NA,1.17303054549732,0.394355006283394,-0.220209818057244,-0.7238327207249
"2850-57746","2850-57620","2850-57746_2850-57620",1,"CHR",74,"CHR-74","0",9,18.26278611,9,1,0.329749103942652,"CHR_74_1",1,NA,0,2,"no",16.91,16.74286308,19.18283317,78,0.097442370598064,0.245029169142611,-1.00152637850741,18.2,8.903889997,21.60838485,87,-0.319841925842042,-1.2331033167923,-0.235554933708899,1.0410321869022,1.6643004221014,0,"large","first","dist.20","dist.20","dist.20",0,1.14704158448339,-0.140630885646655,NA,1.17303054549732,-1.04779207805897,-0.519894914297499,-0.347422909026337
"2850-57746","2850-57620","2850-57746_2850-57620",2,"CHR",6,"CHR-6","0",11,17.81694227,8,-2,0.158064516129032,"CHR_6_2",1,NA,0,4,"no",16.91,16.74286308,19.18283317,78,0.097442370598064,0.245029169142611,-1.00152637850741,18.2,8.903889997,21.60838485,87,-0.319841925842042,-1.2331033167923,-0.235554933708899,0.977266425963105,1.39562412077562,0,"large","second","dist.20","dist.20","dist.20",0,-0.967093660251241,-0.140630885646655,NA,1.17303054549732,-1.04779207805897,-0.519894914297499,-0.347422909026337
"2850-57746","2850-57647","2850-57746_2850-57647",1,"CHR",74,"CHR-74","0",4,14.05566239,4,6,0.347670250896057,"CHR_74_1",1,NA,0,2,"no",16.91,16.74286308,19.18283317,78,0.097442370598064,0.245029169142611,-1.00152637850741,15.8,12.89783981,28.1838767,85.83333333,-0.459228290836701,-0.207070274097309,1.10864751842364,0.439318265340102,0.320918915472468,0,"large","first","dist.20","dist.20","dist.20",0,1.36772376034296,-0.140630885646655,NA,1.17303054549732,2.30307908737845,-0.324477446700752,0.908946604529733
"2850-57746","2850-57647","2850-57746_2850-57647",2,"CHR",6,"CHR-6","0",11,13.65952644,3,8,0.174193548387097,"CHR_6_2",1,NA,0,4,"no",16.91,16.74286308,19.18283317,78,0.097442370598064,0.245029169142611,-1.00152637850741,15.8,12.89783981,28.1838767,85.83333333,-0.459228290836701,-0.207070274097309,1.10864751842364,0.38266185782513,0.0522426141466809,0,"large","second","dist.20","dist.20","dist.20",0,-0.768479701977627,-0.140630885646655,NA,1.17303054549732,2.30307908737845,-0.324477446700752,0.908946604529733
"2850-57746","2850-57653","2850-57746_2850-57653",1,"CHR",74,"CHR-74","0",9,26.31174488,9,1,0.329749103942652,"CHR_74_1",1,NA,0,2,"no",16.91,16.74286308,19.18283317,78,0.097442370598064,0.245029169142611,-1.00152637850741,16.37,8.467490861,27.15053506,78,-1.39510816701437,-1.34521287106915,0.897405470214174,2.19221548178955,1.6643004221014,0,"large","first","dist.20+","dist.20+","dist.20+",0,1.14704158448339,-0.140630885646655,NA,1.17303054549732,0.182274551131745,-1.12841701146077,0.110874711490428
"2850-57746","2850-57653","2850-57746_2850-57653",2,"CHR",6,"CHR-6","0",11,28.08003011,0,-18,0.183870967741935,"CHR_6_2",1,NA,0,4,"no",16.91,16.74286308,19.18283317,78,0.097442370598064,0.245029169142611,-1.00152637850741,16.37,8.467490861,27.15053506,78,-1.39510816701437,-1.34521287106915,0.897405470214174,2.44512029538596,-0.75378628983068,0,"large","second","dist.20+","dist.20+","dist.20+",0,-0.64931132701347,-0.140630885646655,NA,1.17303054549732,0.182274551131745,-1.12841701146077,0.110874711490428
"2850-57746","2850-57669","2850-57746_2850-57669",1,"CHR",74,"CHR-74","0",9,15.71781378,9,1,0.329749103942652,"CHR_74_1",1,NA,0,2,"no",16.91,16.74286308,19.18283317,78,0.097442370598064,0.245029169142611,-1.00152637850741,17.82,14.07982054,27.72719176,89.66666667,-0.0012445206519955,0.0965768275416075,1.01528917653778,0.677043537442818,1.6643004221014,0,"large","first","dist.20","dist.20","dist.20",0,1.14704158448339,-0.140630885646655,NA,1.17303054549732,NA,NA,NA
"2850-57746","2850-57669","2850-57746_2850-57669",2,"CHR",6,"CHR-6","0",11,14.4642527609091,8,3,0.158064516129032,"CHR_6_2",1,NA,0,4,"no",16.91,16.74286308,19.18283317,78,0.097442370598064,0.245029169142611,-1.00152637850741,17.82,14.07982054,27.72719176,89.66666667,-0.0012445206519955,0.0965768275416075,1.01528917653778,0.497755936954909,1.39562412077562,0,"large","second","dist.20","dist.20","dist.20",0,-0.967093660251241,-0.140630885646655,NA,1.17303054549732,NA,NA,NA
"2850-57746","2850-57671","2850-57746_2850-57671",1,"CHR",74,"CHR-74","0",5,2.942554498,5,5,0.344086021505376,"CHR_74_1",1,NA,0,2,"no",16.91,16.74286308,19.18283317,78,0.097442370598064,0.245029169142611,-1.00152637850741,17.53,16.28350449,28.84180791,75.83333333,-1.65396855880595,0.662696246718346,1.24314585953504,-1.15010771199674,0.589595216798255,0,"large","first","dist.05","dist.05","dist.10",0,1.32358732517104,-0.140630885646655,NA,1.17303054549732,0.606435458890079,1.16785270969026,0.187430780520441
"2850-57746","2850-57671","2850-57746_2850-57671",2,"CHR",6,"CHR-6","0",0,3.487733105,0,-47,0.183870967741935,"CHR_6_2",1,NA,0,4,"no",16.91,16.74286308,19.18283317,78,0.097442370598064,0.245029169142611,-1.00152637850741,17.53,16.28350449,28.84180791,75.83333333,-1.65396855880595,0.662696246718346,1.24314585953504,-1.07213483090216,-0.75378628983068,0,"large","second","dist.05","dist.05","dist.10",0,-0.64931132701347,-0.140630885646655,NA,1.17303054549732,0.606435458890079,1.16785270969026,0.187430780520441
"2850-57746","2850-57731","2850-57746_2850-57731",1,"CHR",74,"CHR-74","0",10,12.77634584,0,-17,0.362007168458781,"CHR_74_1",1,NA,0,2,"no",16.91,16.74286308,19.18283317,78,0.097442370598064,0.245029169142611,-1.00152637850741,15.9,10.9634214,23.24545364,91,0.158054181345658,-0.704016229851986,0.0991047285683272,0.256347040947445,-0.75378628983068,0,"large","first","dist.20","dist.20","dist.20",0,1.54426950103061,-0.140630885646655,NA,1.17303054549732,-1.17504035013197,-0.720064302121302,-0.918055636034195
"2850-57746","2850-57731","2850-57746_2850-57731",2,"CHR",6,"CHR-6","0",11,15.69392115,0,-20,0.183870967741935,"CHR_6_2",1,NA,0,4,"no",16.91,16.74286308,19.18283317,78,0.097442370598064,0.245029169142611,-1.00152637850741,15.9,10.9634214,23.24545364,91,0.158054181345658,-0.704016229851986,0.0991047285683272,0.673626350535433,-0.75378628983068,0,"large","second","dist.20","dist.20","dist.20",0,-0.64931132701347,-0.140630885646655,NA,1.17303054549732,-1.17504035013197,-0.720064302121302,-0.918055636034195
"2850-57746","2850-57733","2850-57746_2850-57733",2,"CHR",6,"CHR-6","0",11,5.517704929,0,20,0.183870967741935,"CHR_6_2",1,NA,0,4,"no",16.91,16.74286308,19.18283317,78,0.097442370598064,0.245029169142611,-1.00152637850741,15.66,14.84394317,20.45213858,102,1.47226847611183,0.292877508261001,-0.471921901664779,-0.781802911003307,-0.75378628983068,0,"large","second","dist.10","dist.10","dist.10",0,-0.64931132701347,-0.140630885646655,NA,1.17303054549732,0.606435458890079,-1.12204057333336,-0.450386497816471
"2850-57746","2850-57733","2850-57746_2850-57733",1,"CHR",74,"CHR-74","0",0,5.710254056,0,26,0.362007168458781,"CHR_74_1",1,NA,0,2,"no",16.91,16.74286308,19.18283317,78,0.097442370598064,0.245029169142611,-1.00152637850741,15.66,14.84394317,20.45213858,102,1.47226847611183,0.292877508261001,-0.471921901664779,-0.754264027430725,-0.75378628983068,0,"large","first","dist.10","dist.10","dist.10",0,1.54426950103061,-0.140630885646655,NA,1.17303054549732,0.606435458890079,-1.12204057333336,-0.450386497816471
"2850-57746","2850-57742","2850-57746_2850-57742",1,"CHR",74,"CHR-74","0",10,14.26919975,1,-9,0.3584229390681,"CHR_74_1",1,NA,0,2,"no",16.91,16.74286308,19.18283317,78,0.097442370598064,0.245029169142611,-1.00152637850741,16.98,13.00562645,26.1463443,93,0.397002234939508,-0.179380228057897,0.692122624034258,0.469858941307106,-0.485109988504893,0,"large","first","dist.20","dist.20","dist.20",0,1.5001330658587,-0.140630885646655,NA,1.17303054549732,0.564019367350756,-0.96234197733198,-0.610003960994292
"2850-57746","2850-57742","2850-57746_2850-57742",2,"CHR",6,"CHR-6","0",11,11.24915023,0,-15,0.183870967741935,"CHR_6_2",1,NA,0,4,"no",16.91,16.74286308,19.18283317,78,0.097442370598064,0.245029169142611,-1.00152637850741,16.98,13.00562645,26.1463443,93,0.397002234939508,-0.179380228057897,0.692122624034258,0.03792350015233,-0.75378628983068,0,"large","second","dist.20","dist.20","dist.20",0,-0.64931132701347,-0.140630885646655,NA,1.17303054549732,0.564019367350756,-0.96234197733198,-0.610003960994292
"2850-57746","2850-57744","2850-57746_2850-57744",1,"CHR",74,"CHR-74","0",1,6.340425465,1,9,0.3584229390681,"CHR_74_1",1,NA,0,2,"no",16.91,16.74286308,19.18283317,78,0.097442370598064,0.245029169142611,-1.00152637850741,14.77,24.63866733,20.45419575,84.5,-0.618526992834355,2.80911108724386,-0.47150136233152,-0.664135251810668,-0.485109988504893,0,"large","first","dist.10","dist.10","dist.10",0,1.5001330658587,-0.140630885646655,NA,1.17303054549732,-0.411550717693951,1.14723185861105,0.256764043881684
"2850-57746","2850-57744","2850-57746_2850-57744",2,"CHR",6,"CHR-6","0",11,6.616957808,2,9,0.17741935483871,"CHR_6_2",1,NA,0,4,"no",16.91,16.74286308,19.18283317,78,0.097442370598064,0.245029169142611,-1.00152637850741,14.77,24.63866733,20.45419575,84.5,-0.618526992834355,2.80911108724386,-0.47150136233152,-0.624584867362909,-0.216433687179106,0,"large","second","dist.10","dist.10","dist.10",0,-0.728756910322904,-0.140630885646655,NA,1.17303054549732,-0.411550717693951,1.14723185861105,0.256764043881684
"2850-57746","2850-57745","2850-57746_2850-57745",1,"CHR",74,"CHR-74","0",10,25.12945402,7,-4,0.336917562724014,"CHR_74_1",1,NA,0,2,"no",16.91,16.74286308,19.18283317,78,0.097442370598064,0.245029169142611,-1.00152637850741,16.33,11.89491525,19.28173812,85,-0.558789979435893,-0.464718413425676,-0.711182356121742,2.02312112727467,1.12694781944983,0,"large","first","dist.20+","dist.20+","dist.20+",0,1.23531445482722,-0.140630885646655,NA,1.17303054549732,NA,NA,NA
"2850-57746","2850-57745","2850-57746_2850-57745",2,"CHR",6,"CHR-6","0",11,24.17933489,0,-21,0.183870967741935,"CHR_6_2",1,NA,0,4,"no",16.91,16.74286308,19.18283317,78,0.097442370598064,0.245029169142611,-1.00152637850741,16.33,11.89491525,19.28173812,85,-0.558789979435893,-0.464718413425676,-0.711182356121742,1.88723258543177,-0.75378628983068,0,"large","second","dist.20+","dist.20+","dist.20+",0,-0.64931132701347,-0.140630885646655,NA,1.17303054549732,NA,NA,NA
"2850-57746","2850-57806","2850-57746_2850-57806",1,"CHR",74,"CHR-74","0",10,19.76481823,0,-12,0.362007168458781,"CHR_74_1",1,NA,0,2,"no",16.91,16.74286308,19.18283317,78,0.097442370598064,0.245029169142611,-1.00152637850741,15.88,11.25502825,14.26422898,83.83333333,-0.698176344430552,-0.62910335473214,-1.73689240845576,1.2558567790436,-0.75378628983068,0,"large","first","dist.20","dist.20","dist.20",0,1.54426950103061,-0.140630885646655,NA,1.17303054549732,0.224690642671068,-0.312822534834813,0.766781208645738
"2850-57746","2850-57806","2850-57746_2850-57806",2,"CHR",6,"CHR-6","0",11,21.17130823,0,-12,0.183870967741935,"CHR_6_2",1,NA,0,4,"no",16.91,16.74286308,19.18283317,78,0.097442370598064,0.245029169142611,-1.00152637850741,15.88,11.25502825,14.26422898,83.83333333,-0.698176344430552,-0.62910335473214,-1.73689240845576,1.45701668539831,-0.75378628983068,0,"large","second","dist.20+","dist.20+","dist.20+",0,-0.64931132701347,-0.140630885646655,NA,1.17303054549732,0.224690642671068,-0.312822534834813,0.766781208645738
"2850-57746","2850-57808","2850-57746_2850-57808",1,"CHR",74,"CHR-74","0",10,13.16811811,0,-12,0.362007168458781,"CHR_74_1",1,NA,0,2,"no",16.91,16.74286308,19.18283317,78,0.097442370598064,0.245029169142611,-1.00152637850741,17.44,11.46748421,15.37756564,100,1.23332042251798,-0.574524092276724,-1.50929728666711,0.312379343449113,-0.75378628983068,0,"large","first","dist.20","dist.20","dist.20",0,1.54426950103061,-0.140630885646655,NA,1.17303054549732,0.564019367350756,-2.00209196155345,-1.05591017852521
"2850-57746","2850-57808","2850-57746_2850-57808",2,"CHR",6,"CHR-6","0",11,11.61529363,0,-16,0.183870967741935,"CHR_6_2",1,NA,0,4,"no",16.91,16.74286308,19.18283317,78,0.097442370598064,0.245029169142611,-1.00152637850741,17.44,11.46748421,15.37756564,100,1.23332042251798,-0.574524092276724,-1.50929728666711,0.0902902941262612,-0.75378628983068,0,"large","second","dist.20","dist.20","dist.20",0,-0.64931132701347,-0.140630885646655,NA,1.17303054549732,0.564019367350756,-2.00209196155345,-1.05591017852521
"2850-57746","2850-57881","2850-57746_2850-57881",1,"CHR",74,"CHR-74","0",10,13.7234473,5,-7,0.344086021505376,"CHR_74_1",1,NA,0,2,"no",16.91,16.74286308,19.18283317,78,0.097442370598064,0.245029169142611,-1.00152637850741,16.55,11.73463277,21.93833167,84.83333333,-0.578702317633627,-0.50589447430401,-0.16810517715307,0.391803987674409,0.589595216798255,0,"large","first","dist.20","dist.20","dist.20",0,1.32358732517104,-0.140630885646655,NA,1.17303054549732,-0.835711625452285,0.553081751767378,1.79200900661347
"2850-57746","2850-57881","2850-57746_2850-57881",2,"CHR",6,"CHR-6","0",11,12.40414054,8,-2,0.158064516129032,"CHR_6_2",1,NA,0,4,"no",16.91,16.74286308,19.18283317,78,0.097442370598064,0.245029169142611,-1.00152637850741,16.55,11.73463277,21.93833167,84.83333333,-0.578702317633627,-0.50589447430401,-0.16810517715307,0.203113258060453,1.39562412077562,0,"large","second","dist.20","dist.20","dist.20",0,-0.967093660251241,-0.140630885646655,NA,1.17303054549732,-0.835711625452285,0.553081751767378,1.79200900661347
"2850-57846","2640-97588","2850-57846_2640-97588",1,"CHR",110,"CHR-110","0",10,12.7667261,4,-7,0.254480286738351,"CHR_110_1",1,NA,0,4,"no",17.29,13.03171486,21.79884679,79.83333333,0.564019367350756,-0.96234197733198,-0.610003960994292,18.7,11.85018943,14.45612662,87,-0.319841925842042,-0.476208334764261,-1.69766351362466,0.254971200381528,0.320918915472468,0,"large","first","dist.20","dist.20","dist.20",0,0.220176445873219,0.397002234939508,-0.179380228057897,0.692122624034258,0.224690642671068,-0.0934822025987468,-1.95280566010936
"2850-57846","2640-97588","2850-57846_2640-97588",2,"CHR",52,"CHR-52","0",11,15.36161737,6,-5,0.261290322580645,"CHR_52_2",1,NA,0,2,"no",17.29,13.03171486,21.79884679,79.83333333,0.564019367350756,-0.96234197733198,-0.610003960994292,18.7,11.85018943,14.45612662,87,-0.319841925842042,-0.476208334764261,-1.69766351362466,0.626099388192213,0.858271518124042,0,"large","second","dist.20","dist.20","dist.20",0,0.304035672699855,0.397002234939508,-0.179380228057897,0.692122624034258,0.224690642671068,-0.0934822025987468,-1.95280566010936
"2850-57846","2640-97589","2850-57846_2640-97589",1,"CHR",110,"CHR-110","0",10,3.26345876,6,-5,0.247311827956989,"CHR_110_1",1,NA,0,4,"no",17.29,13.03171486,21.79884679,79.83333333,0.564019367350756,-0.96234197733198,-0.610003960994292,16.1,11.8153556,16.91354271,99.66666667,1.19349574731726,-0.485157035237985,-1.19530341502793,-1.10421113875928,0.858271518124042,0,"large","first","dist.05","dist.05","dist.10",0,0.131903575529393,0.397002234939508,-0.179380228057897,0.692122624034258,0.98818027510909,-0.478534822267752,-0.867541507603602
"2850-57846","2640-97589","2850-57846_2640-97589",2,"CHR",52,"CHR-52","0",11,4.348776993,9,-2,0.251612903225806,"CHR_52_2",1,NA,0,2,"no",17.29,13.03171486,21.79884679,79.83333333,0.564019367350756,-0.96234197733198,-0.610003960994292,16.1,11.8153556,16.91354271,99.66666667,1.19349574731726,-0.485157035237985,-1.19530341502793,-0.948986064912089,1.6643004221014,0,"large","second","dist.05","dist.05","dist.10",0,0.184867297735686,0.397002234939508,-0.179380228057897,0.692122624034258,0.98818027510909,-0.478534822267752,-0.867541507603602
"2850-57846","2811-83208","2850-57846_2811-83208",2,"CHR",52,"CHR-52","0",11,12.94374732,0,13,0.280645161290323,"CHR_52_2",1,NA,0,2,"no",17.29,13.03171486,21.79884679,79.83333333,0.564019367350756,-0.96234197733198,-0.610003960994292,16.9,18.73416916,21.00459455,87,-0.319841925842042,1.29226422972124,-0.358985457287731,0.280289241773928,-0.75378628983068,0,"large","second","dist.20","dist.20","dist.20",0,0.542372422628193,0.397002234939508,-0.179380228057897,0.692122624034258,-0.411550717693951,-0.159665267146272,1.94192717350385
"2850-57846","2811-83208","2850-57846_2811-83208",1,"CHR",110,"CHR-110","0",0,15.7455459,0,10,0.268817204301075,"CHR_110_1",1,NA,0,4,"no",17.29,13.03171486,21.79884679,79.83333333,0.564019367350756,-0.96234197733198,-0.610003960994292,16.9,18.73416916,21.00459455,87,-0.319841925842042,1.29226422972124,-0.358985457287731,0.681009858328297,-0.75378628983068,0,"large","first","dist.20","dist.20","dist.20",0,0.396722186560871,0.397002234939508,-0.179380228057897,0.692122624034258,-0.411550717693951,-0.159665267146272,1.94192717350385
"2850-57846","2850-57567","2850-57846_2850-57567",1,"CHR",110,"CHR-110","0",2,9.216245333,2,8,0.261648745519713,"CHR_110_1",1,NA,0,4,"no",17.29,13.03171486,21.79884679,79.83333333,0.564019367350756,-0.96234197733198,-0.610003960994292,16.6,10.56012296,26.35612994,102.1666667,1.49218081789379,-0.807622320284185,0.735008293751907,-0.252827915576575,-0.216433687179106,0,"large","first","dist.10","dist.10","dist.10",0,0.308449316217045,0.397002234939508,-0.179380228057897,0.692122624034258,-1.17504035013197,0.922800644787313,-0.818227574717981
"2850-57846","2850-57567","2850-57846_2850-57567",2,"CHR",52,"CHR-52","0",5,11.84556078,0,-38,0.280645161290323,"CHR_52_2",1,NA,0,2,"no",17.29,13.03171486,21.79884679,79.83333333,0.564019367350756,-0.96234197733198,-0.610003960994292,16.6,10.56012296,26.35612994,102.1666667,1.49218081789379,-0.807622320284185,0.735008293751907,0.123223708747457,-0.75378628983068,0,"large","second","dist.20","dist.20","dist.20",0,0.542372422628193,0.397002234939508,-0.179380228057897,0.692122624034258,-1.17504035013197,0.922800644787313,-0.818227574717981
"2850-57846","2850-57570","2850-57846_2850-57570",2,"CHR",52,"CHR-52","0",11,12.30502494,4,-6,0.267741935483871,"CHR_52_2",1,NA,0,2,"no",17.29,13.03171486,21.79884679,79.83333333,0.564019367350756,-0.96234197733198,-0.610003960994292,16.51,16.84077767,23.06811898,90,0.038580154548733,0.805857959623855,0.0628528876022267,0.188937483746884,0.320918915472468,0,"large","second","dist.20","dist.20","dist.20",0,0.3834812560093,0.397002234939508,-0.179380228057897,0.692122624034258,-0.157054173547943,-1.42571858026568,-1.08665491345185
"2850-57846","2850-57570","2850-57846_2850-57570",1,"CHR",110,"CHR-110","0",0,7.044103878,0,20,0.268817204301075,"CHR_110_1",1,NA,0,4,"no",17.29,13.03171486,21.79884679,79.83333333,0.564019367350756,-0.96234197733198,-0.610003960994292,16.51,16.84077767,23.06811898,90,0.038580154548733,0.805857959623855,0.0628528876022267,-0.563493310763871,-0.75378628983068,0,"large","first","dist.10","dist.10","dist.10",0,0.396722186560871,0.397002234939508,-0.179380228057897,0.692122624034258,-0.157054173547943,-1.42571858026568,-1.08665491345185
"2850-57846","2850-57577","2850-57846_2850-57577",2,"CHR",52,"CHR-52","0",11,17.69418877,0,23,0.280645161290323,"CHR_52_2",1,NA,0,2,"no",17.29,13.03171486,21.79884679,79.83333333,0.564019367350756,-0.96234197733198,-0.610003960994292,18.2,20.92472416,28.83623131,90.83333333,0.138141843147924,1.85501086327307,1.24200585669334,0.959709896898048,-0.75378628983068,0,"large","second","dist.20","dist.20","dist.20",0,0.542372422628193,0.397002234939508,-0.179380228057897,0.692122624034258,-0.666047261839958,0.264789915692027,-0.462001728113777
"2850-57846","2850-57577","2850-57846_2850-57577",1,"CHR",110,"CHR-110","0",0,15.75477188,0,20,0.268817204301075,"CHR_110_1",1,NA,0,4,"no",17.29,13.03171486,21.79884679,79.83333333,0.564019367350756,-0.96234197733198,-0.610003960994292,18.2,20.92472416,28.83623131,90.83333333,0.138141843147924,1.85501086327307,1.24200585669334,0.682329382301329,-0.75378628983068,0,"large","first","dist.20","dist.20","dist.20",0,0.396722186560871,0.397002234939508,-0.179380228057897,0.692122624034258,-0.666047261839958,0.264789915692027,-0.462001728113777
"2850-57846","2850-57578","2850-57846_2850-57578",2,"CHR",52,"CHR-52","0",11,6.945628703,0,20,0.280645161290323,"CHR_52_2",1,NA,0,2,"no",17.29,13.03171486,21.79884679,79.83333333,0.564019367350756,-0.96234197733198,-0.610003960994292,17.2,10.81633932,15.67680791,91.5,0.217791194744121,-0.741801149826969,-1.44812434290995,-0.577577489806213,-0.75378628983068,0,"large","second","dist.10","dist.10","dist.10",0,0.542372422628193,0.397002234939508,-0.179380228057897,0.692122624034258,0.0550262790587415,1.59216462744548,-0.0904874492207969
"2850-57846","2850-57578","2850-57846_2850-57578",1,"CHR",110,"CHR-110","0",0,5.621648063,0,16,0.268817204301075,"CHR_110_1",1,NA,0,4,"no",17.29,13.03171486,21.79884679,79.83333333,0.564019367350756,-0.96234197733198,-0.610003960994292,17.2,10.81633932,15.67680791,91.5,0.217791194744121,-0.741801149826969,-1.44812434290995,-0.76693669005495,-0.75378628983068,0,"large","first","dist.10","dist.10","dist.10",0,0.396722186560871,0.397002234939508,-0.179380228057897,0.692122624034258,0.0550262790587415,1.59216462744548,-0.0904874492207969
"2850-57846","2850-57579","2850-57846_2850-57579",1,"CHR",110,"CHR-110","0",7,6.315668815,7,3,0.243727598566308,"CHR_110_1",1,NA,0,4,"no",17.29,13.03171486,21.79884679,79.83333333,0.564019367350756,-0.96234197733198,-0.610003960994292,16.3,11.31949153,24.77905949,93.5,0.456739248337971,-0.612542942504321,0.412613860843324,-0.667676013135424,1.12694781944983,0,"large","first","dist.10","dist.10","dist.10",0,0.0877671403574799,0.397002234939508,-0.179380228057897,0.692122624034258,0.394355006283394,0.252942547897877,-0.257226498974273
"2850-57846","2850-57579","2850-57846_2850-57579",2,"CHR",52,"CHR-52","0",11,5.659255577,0,-18,0.280645161290323,"CHR_52_2",1,NA,0,2,"no",17.29,13.03171486,21.79884679,79.83333333,0.564019367350756,-0.96234197733198,-0.610003960994292,16.3,11.31949153,24.77905949,93.5,0.456739248337971,-0.612542942504321,0.412613860843324,-0.761557964294743,-0.75378628983068,0,"large","second","dist.10","dist.10","dist.10",0,0.542372422628193,0.397002234939508,-0.179380228057897,0.692122624034258,0.394355006283394,0.252942547897877,-0.257226498974273
"2850-57846","2850-57580","2850-57846_2850-57580",2,"CHR",52,"CHR-52","0",7,8.14863654,0,-35,0.280645161290323,"CHR_52_2",1,NA,0,2,"no",17.29,13.03171486,21.79884679,79.83333333,0.564019367350756,-0.96234197733198,-0.610003960994292,16.2,9.142844799,27.48113161,87.83333333,-0.220280237242851,-1.17171658585126,0.964988048569367,-0.405520138644882,-0.75378628983068,0,"large","second","dist.10","dist.10","dist.10",0,0.542372422628193,0.397002234939508,-0.179380228057897,0.692122624034258,0.564019367350756,0.594981908524202,0.613110506001452
"2850-57846","2850-57580","2850-57846_2850-57580",1,"CHR",110,"CHR-110","0",0,10.99316016,0,11,0.268817204301075,"CHR_110_1",1,NA,0,4,"no",17.29,13.03171486,21.79884679,79.83333333,0.564019367350756,-0.96234197733198,-0.610003960994292,16.2,9.142844799,27.48113161,87.83333333,-0.220280237242851,-1.17171658585126,0.964988048569367,0.00131112572454518,-0.75378628983068,0,"large","first","dist.20","dist.20","dist.20",0,0.396722186560871,0.397002234939508,-0.179380228057897,0.692122624034258,0.564019367350756,0.594981908524202,0.613110506001452
"2850-57846","2850-57581","2850-57846_2850-57581",1,"CHR",110,"CHR-110","0",9,8.754085291,9,1,0.236559139784946,"CHR_110_1",1,NA,0,4,"no",17.29,13.03171486,21.79884679,79.83333333,0.564019367350756,-0.96234197733198,-0.610003960994292,15.5,12.5018158,18.94245264,82.5,-0.857475046428205,-0.308807586528723,-0.780541178943333,-0.318927262724161,1.6643004221014,0,"large","first","dist.10","dist.10","dist.10",0,-0.000505729986345934,0.397002234939508,-0.179380228057897,0.692122624034258,-0.920543805985966,0.0923616887128494,-0.0652425713766268
"2850-57846","2850-57581","2850-57846_2850-57581",2,"CHR",52,"CHR-52","0",11,7.627019634,7,4,0.258064516129032,"CHR_52_2",1,NA,0,2,"no",17.29,13.03171486,21.79884679,79.83333333,0.564019367350756,-0.96234197733198,-0.610003960994292,15.5,12.5018158,18.94245264,82.5,-0.857475046428205,-0.308807586528723,-0.780541178943333,-0.480123163169758,1.12694781944983,0,"large","second","dist.10","dist.10","dist.10",0,0.264312881045132,0.397002234939508,-0.179380228057897,0.692122624034258,-0.920543805985966,0.0923616887128494,-0.0652425713766268
"2850-57846","2850-57589","2850-57846_2850-57589",1,"CHR",110,"CHR-110","0",3,5.014249266,3,7,0.258064516129032,"CHR_110_1",1,NA,0,4,"no",17.29,13.03171486,21.79884679,79.83333333,0.564019367350756,-0.96234197733198,-0.610003960994292,17.5,12.65077601,16.92662014,97,0.874898342127209,-0.270540180912031,-1.19263004642303,-0.853808466693591,0.0522426141466809,0,"large","first","dist.10","dist.10","dist.10",0,0.264312881045132,0.397002234939508,-0.179380228057897,0.692122624034258,0.394355006283394,-0.220209818057244,-0.7238327207249
"2850-57846","2850-57589","2850-57846_2850-57589",2,"CHR",52,"CHR-52","0",11,2.207924918,0,14,0.280645161290323,"CHR_52_2",1,NA,0,2,"no",17.29,13.03171486,21.79884679,79.83333333,0.564019367350756,-0.96234197733198,-0.610003960994292,17.5,12.65077601,16.92662014,97,0.874898342127209,-0.270540180912031,-1.19263004642303,-1.25517637051418,-0.75378628983068,0,"large","second","dist.05","dist.05","dist.10",0,0.542372422628193,0.397002234939508,-0.179380228057897,0.692122624034258,0.394355006283394,-0.220209818057244,-0.7238327207249
"2850-57846","2850-57620","2850-57846_2850-57620",2,"CHR",52,"CHR-52","0",11,8.883945424,0,13,0.280645161290323,"CHR_52_2",1,NA,0,2,"no",17.29,13.03171486,21.79884679,79.83333333,0.564019367350756,-0.96234197733198,-0.610003960994292,18.2,8.903889997,21.60838485,87,-0.319841925842042,-1.2331033167923,-0.235554933708899,-0.300354324279174,-0.75378628983068,0,"large","second","dist.10","dist.10","dist.10",0,0.542372422628193,0.397002234939508,-0.179380228057897,0.692122624034258,-1.04779207805897,-0.519894914297499,-0.347422909026337
"2850-57846","2850-57620","2850-57846_2850-57620",1,"CHR",110,"CHR-110","0",0,6.83427215,0,10,0.268817204301075,"CHR_110_1",1,NA,0,4,"no",17.29,13.03171486,21.79884679,79.83333333,0.564019367350756,-0.96234197733198,-0.610003960994292,18.2,8.903889997,21.60838485,87,-0.319841925842042,-1.2331033167923,-0.235554933708899,-0.5935039974767,-0.75378628983068,0,"large","first","dist.10","dist.10","dist.10",0,0.396722186560871,0.397002234939508,-0.179380228057897,0.692122624034258,-1.04779207805897,-0.519894914297499,-0.347422909026337
"2850-57846","2850-57647","2850-57846_2850-57647",2,"CHR",52,"CHR-52","0",11,4.311943687,0,23,0.280645161290323,"CHR_52_2",1,NA,0,2,"no",17.29,13.03171486,21.79884679,79.83333333,0.564019367350756,-0.96234197733198,-0.610003960994292,15.8,12.89783981,28.1838767,85.83333333,-0.459228290836701,-0.207070274097309,1.10864751842364,-0.954254061403848,-0.75378628983068,0,"large","second","dist.05","dist.05","dist.10",0,0.542372422628193,0.397002234939508,-0.179380228057897,0.692122624034258,2.30307908737845,-0.324477446700752,0.908946604529733
"2850-57846","2850-57647","2850-57846_2850-57647",1,"CHR",110,"CHR-110","0",0,3.099674315,0,15,0.268817204301075,"CHR_110_1",1,NA,0,4,"no",17.29,13.03171486,21.79884679,79.83333333,0.564019367350756,-0.96234197733198,-0.610003960994292,15.8,12.89783981,28.1838767,85.83333333,-0.459228290836701,-0.207070274097309,1.10864751842364,-1.12763602170801,-0.75378628983068,0,"large","first","dist.05","dist.05","dist.10",0,0.396722186560871,0.397002234939508,-0.179380228057897,0.692122624034258,2.30307908737845,-0.324477446700752,0.908946604529733
"2850-57846","2850-57653","2850-57846_2850-57653",2,"CHR",52,"CHR-52","0",11,18.60651776,8,-3,0.254838709677419,"CHR_52_2",1,NA,0,2,"no",17.29,13.03171486,21.79884679,79.83333333,0.564019367350756,-0.96234197733198,-0.610003960994292,16.37,8.467490861,27.15053506,78,-1.39510816701437,-1.34521287106915,0.897405470214174,1.09019359332894,1.39562412077562,0,"large","second","dist.20","dist.20","dist.20",0,0.224590089390409,0.397002234939508,-0.179380228057897,0.692122624034258,0.182274551131745,-1.12841701146077,0.110874711490428
"2850-57846","2850-57653","2850-57846_2850-57653",1,"CHR",110,"CHR-110","0",0,14.19959013,0,10,0.268817204301075,"CHR_110_1",1,NA,0,4,"no",17.29,13.03171486,21.79884679,79.83333333,0.564019367350756,-0.96234197733198,-0.610003960994292,16.37,8.467490861,27.15053506,78,-1.39510816701437,-1.34521287106915,0.897405470214174,0.45990319001091,-0.75378628983068,0,"large","first","dist.20","dist.20","dist.20",0,0.396722186560871,0.397002234939508,-0.179380228057897,0.692122624034258,0.182274551131745,-1.12841701146077,0.110874711490428
"2850-57846","2850-57669","2850-57846_2850-57669",2,"CHR",52,"CHR-52","0",11,6.082528644,11,0,0.258064516129032,"CHR_52_2",1,NA,0,2,"no",17.29,13.03171486,21.79884679,79.83333333,0.564019367350756,-0.96234197733198,-0.610003960994292,17.82,14.07982054,27.72719176,89.66666667,-0.0012445206519955,0.0965768275416075,1.01528917653778,-0.701020334791377,2.20165302475298,0,"large","second","dist.10","dist.10","dist.10",0,0.264312881045132,0.397002234939508,-0.179380228057897,0.692122624034258,NA,NA,NA
"2850-57846","2850-57669","2850-57846_2850-57669",1,"CHR",110,"CHR-110","0",0,4.31717865,0,10,0.268817204301075,"CHR_110_1",1,NA,0,4,"no",17.29,13.03171486,21.79884679,79.83333333,0.564019367350756,-0.96234197733198,-0.610003960994292,17.82,14.07982054,27.72719176,89.66666667,-0.0012445206519955,0.0965768275416075,1.01528917653778,-0.953505343199772,-0.75378628983068,0,"large","first","dist.05","dist.05","dist.10",0,0.396722186560871,0.397002234939508,-0.179380228057897,0.692122624034258,NA,NA,NA
"2850-57846","2850-57671","2850-57846_2850-57671",2,"CHR",52,"CHR-52","0",11,13.80890721,0,-32,0.280645161290323,"CHR_52_2",1,NA,0,2,"no",17.29,13.03171486,21.79884679,79.83333333,0.564019367350756,-0.96234197733198,-0.610003960994292,17.53,16.28350449,28.84180791,75.83333333,-1.65396855880595,0.662696246718346,1.24314585953504,0.40402668921703,-0.75378628983068,0,"large","second","dist.20","dist.20","dist.20",0,0.542372422628193,0.397002234939508,-0.179380228057897,0.692122624034258,0.606435458890079,1.16785270969026,0.187430780520441
"2850-57846","2850-57671","2850-57846_2850-57671",1,"CHR",110,"CHR-110","0",0,16.6309399,0,14,0.268817204301075,"CHR_110_1",1,NA,0,4,"no",17.29,13.03171486,21.79884679,79.83333333,0.564019367350756,-0.96234197733198,-0.610003960994292,17.53,16.28350449,28.84180791,75.83333333,-1.65396855880595,0.662696246718346,1.24314585953504,0.807641241507005,-0.75378628983068,0,"large","first","dist.20","dist.20","dist.20",0,0.396722186560871,0.397002234939508,-0.179380228057897,0.692122624034258,0.606435458890079,1.16785270969026,0.187430780520441
"2850-57846","2850-57731","2850-57846_2850-57731",1,"CHR",110,"CHR-110","0",10,4.44740581,3,-8,0.258064516129032,"CHR_110_1",1,NA,0,4,"no",17.29,13.03171486,21.79884679,79.83333333,0.564019367350756,-0.96234197733198,-0.610003960994292,15.9,10.9634214,23.24545364,91,0.158054181345658,-0.704016229851986,0.0991047285683272,-0.934879911586011,0.0522426141466809,0,"large","first","dist.05","dist.05","dist.10",0,0.264312881045132,0.397002234939508,-0.179380228057897,0.692122624034258,-1.17504035013197,-0.720064302121302,-0.918055636034195
"2850-57846","2850-57731","2850-57846_2850-57731",2,"CHR",52,"CHR-52","0",11,7.941040523,5,-5,0.264516129032258,"CHR_52_2",1,NA,0,2,"no",17.29,13.03171486,21.79884679,79.83333333,0.564019367350756,-0.96234197733198,-0.610003960994292,15.9,10.9634214,23.24545364,91,0.158054181345658,-0.704016229851986,0.0991047285683272,-0.435211068078671,0.589595216798255,0,"large","second","dist.10","dist.10","dist.10",0,0.343758464354578,0.397002234939508,-0.179380228057897,0.692122624034258,-1.17504035013197,-0.720064302121302,-0.918055636034195
"2850-57846","2850-57733","2850-57846_2850-57733",2,"CHR",52,"CHR-52","0",11,5.887045096,0,-11,0.280645161290323,"CHR_52_2",1,NA,0,2,"no",17.29,13.03171486,21.79884679,79.83333333,0.564019367350756,-0.96234197733198,-0.610003960994292,15.66,14.84394317,20.45213858,102,1.47226847611183,0.292877508261001,-0.471921901664779,-0.728978906988524,-0.75378628983068,0,"large","second","dist.10","dist.10","dist.10",0,0.542372422628193,0.397002234939508,-0.179380228057897,0.692122624034258,0.606435458890079,-1.12204057333336,-0.450386497816471
"2850-57846","2850-57733","2850-57846_2850-57733",1,"CHR",110,"CHR-110","0",0,8.704376326,0,35,0.268817204301075,"CHR_110_1",1,NA,0,4,"no",17.29,13.03171486,21.79884679,79.83333333,0.564019367350756,-0.96234197733198,-0.610003960994292,15.66,14.84394317,20.45213858,102,1.47226847611183,0.292877508261001,-0.471921901664779,-0.326036769897614,-0.75378628983068,0,"large","first","dist.10","dist.10","dist.10",0,0.396722186560871,0.397002234939508,-0.179380228057897,0.692122624034258,0.606435458890079,-1.12204057333336,-0.450386497816471
"2850-57846","2850-57744","2850-57846_2850-57744",2,"CHR",52,"CHR-52","0",11,9.59242211,0,24,0.280645161290323,"CHR_52_2",1,NA,0,2,"no",17.29,13.03171486,21.79884679,79.83333333,0.564019367350756,-0.96234197733198,-0.610003960994292,14.77,24.63866733,20.45419575,84.5,-0.618526992834355,2.80911108724386,-0.47150136233152,-0.19902612158292,-0.75378628983068,0,"large","second","dist.10","dist.10","dist.10",0,0.542372422628193,0.397002234939508,-0.179380228057897,0.692122624034258,-0.411550717693951,1.14723185861105,0.256764043881684
"2850-57846","2850-57744","2850-57846_2850-57744",1,"CHR",110,"CHR-110","0",0,12.33962681,0,18,0.268817204301075,"CHR_110_1",1,NA,0,4,"no",17.29,13.03171486,21.79884679,79.83333333,0.564019367350756,-0.96234197733198,-0.610003960994292,14.77,24.63866733,20.45419575,84.5,-0.618526992834355,2.80911108724386,-0.47150136233152,0.19388633438137,-0.75378628983068,0,"large","first","dist.20","dist.20","dist.20",0,0.396722186560871,0.397002234939508,-0.179380228057897,0.692122624034258,-0.411550717693951,1.14723185861105,0.256764043881684
"2850-57846","2850-57745","2850-57846_2850-57745",1,"CHR",110,"CHR-110","0",5,14.58411522,5,5,0.25089605734767,"CHR_110_1",1,NA,0,4,"no",17.29,13.03171486,21.79884679,79.83333333,0.564019367350756,-0.96234197733198,-0.610003960994292,16.33,11.89491525,19.28173812,85,-0.558789979435893,-0.464718413425676,-0.711182356121742,0.514898981730322,0.589595216798255,0,"large","first","dist.20","dist.20","dist.20",0,0.176040010701306,0.397002234939508,-0.179380228057897,0.692122624034258,NA,NA,NA
"2850-57846","2850-57745","2850-57846_2850-57745",2,"CHR",52,"CHR-52","0",11,16.07581658,3,-6,0.270967741935484,"CHR_52_2",1,NA,0,2,"no",17.29,13.03171486,21.79884679,79.83333333,0.564019367350756,-0.96234197733198,-0.610003960994292,16.33,11.89491525,19.28173812,85,-0.558789979435893,-0.464718413425676,-0.711182356121742,0.728246041351643,0.0522426141466809,0,"large","second","dist.20","dist.20","dist.20",0,0.423204047664024,0.397002234939508,-0.179380228057897,0.692122624034258,NA,NA,NA
"2850-57846","2850-57806","2850-57846_2850-57806",1,"CHR",110,"CHR-110","0",10,9.718855261,8,-3,0.240143369175627,"CHR_110_1",1,NA,0,4,"no",17.29,13.03171486,21.79884679,79.83333333,0.564019367350756,-0.96234197733198,-0.610003960994292,15.88,11.25502825,14.26422898,83.83333333,-0.698176344430552,-0.62910335473214,-1.73689240845576,-0.180943319134776,1.39562412077562,0,"large","first","dist.10","dist.10","dist.10",0,0.0436307051855672,0.397002234939508,-0.179380228057897,0.692122624034258,0.224690642671068,-0.312822534834813,0.766781208645738
"2850-57846","2850-57806","2850-57846_2850-57806",2,"CHR",52,"CHR-52","0",12,12.48433777,8,3,0.254838709677419,"CHR_52_2",1,NA,0,2,"no",17.29,13.03171486,21.79884679,79.83333333,0.564019367350756,-0.96234197733198,-0.610003960994292,15.88,11.25502825,14.26422898,83.83333333,-0.698176344430552,-0.62910335473214,-1.73689240845576,0.214583277240615,1.39562412077562,0,"large","second","dist.20","dist.20","dist.20",0,0.224590089390409,0.397002234939508,-0.179380228057897,0.692122624034258,0.224690642671068,-0.312822534834813,0.766781208645738
"2850-57846","2850-57808","2850-57846_2850-57808",1,"CHR",110,"CHR-110","0",10,6.502144006,8,-3,0.240143369175627,"CHR_110_1",1,NA,0,4,"no",17.29,13.03171486,21.79884679,79.83333333,0.564019367350756,-0.96234197733198,-0.610003960994292,17.44,11.46748421,15.37756564,100,1.23332042251798,-0.574524092276724,-1.50929728666711,-0.641005839896342,1.39562412077562,0,"large","first","dist.10","dist.10","dist.10",0,0.0436307051855672,0.397002234939508,-0.179380228057897,0.692122624034258,0.564019367350756,-2.00209196155345,-1.05591017852521
"2850-57846","2850-57808","2850-57846_2850-57808",2,"CHR",52,"CHR-52","0",11,6.130364882,9,-1,0.251612903225806,"CHR_52_2",1,NA,0,2,"no",17.29,13.03171486,21.79884679,79.83333333,0.564019367350756,-0.96234197733198,-0.610003960994292,17.44,11.46748421,15.37756564,100,1.23332042251798,-0.574524092276724,-1.50929728666711,-0.694178669968703,1.6643004221014,0,"large","second","dist.10","dist.10","dist.10",0,0.184867297735686,0.397002234939508,-0.179380228057897,0.692122624034258,0.564019367350756,-2.00209196155345,-1.05591017852521
"2850-57846","2850-57881","2850-57846_2850-57881",1,"CHR",110,"CHR-110","0",8,9.52343924,8,2,0.240143369175627,"CHR_110_1",1,NA,0,4,"no",17.29,13.03171486,21.79884679,79.83333333,0.564019367350756,-0.96234197733198,-0.610003960994292,16.55,11.73463277,21.93833167,84.83333333,-0.578702317633627,-0.50589447430401,-0.16810517715307,-0.208892233442428,1.39562412077562,0,"large","first","dist.10","dist.10","dist.10",0,0.0436307051855672,0.397002234939508,-0.179380228057897,0.692122624034258,-0.835711625452285,0.553081751767378,1.79200900661347
"2850-57846","2850-57881","2850-57846_2850-57881",2,"CHR",52,"CHR-52","0",11,9.461416016,0,13,0.280645161290323,"CHR_52_2",1,NA,0,2,"no",17.29,13.03171486,21.79884679,79.83333333,0.564019367350756,-0.96234197733198,-0.610003960994292,16.55,11.73463277,21.93833167,84.83333333,-0.578702317633627,-0.50589447430401,-0.16810517715307,-0.217762958390104,-0.75378628983068,0,"large","second","dist.10","dist.10","dist.10",0,0.542372422628193,0.397002234939508,-0.179380228057897,0.692122624034258,-0.835711625452285,0.553081751767378,1.79200900661347
"2850-57879","2640-97588","2850-57879_2640-97588",1,"CHR",112,"CHR-112","0",11,11.55530626,0,-22,0.316129032258064,"CHR_112_1",1,NA,0,4,"no",19.28,14.99234629,31.94793453,86.66666667,2.30307908737845,-0.324477446700752,0.908946604529733,18.7,11.85018943,14.45612662,87,-0.319841925842042,-0.476208334764261,-1.69766351362466,0.0817107423827968,-0.75378628983068,0,"large","first","dist.20","dist.20","dist.20",0,0.97932313083012,-0.459228290836701,-0.207070274097309,1.10864751842364,0.224690642671068,-0.0934822025987468,-1.95280566010936
"2850-57879","2640-97588","2850-57879_2640-97588",2,"CHR",112,"CHR-112","0",11,11.55530626,0,-28,0.154838709677419,"CHR_112_2",1,NA,0,4,"no",19.28,14.99234629,31.94793453,86.66666667,2.30307908737845,-0.324477446700752,0.908946604529733,18.7,11.85018943,14.45612662,87,-0.319841925842042,-0.476208334764261,-1.69766351362466,0.0817107423827968,-0.75378628983068,0,"large","second","dist.20","dist.20","dist.20",0,-1.00681645190596,-0.459228290836701,-0.207070274097309,1.10864751842364,0.224690642671068,-0.0934822025987468,-1.95280566010936
"2850-57879","2640-97589","2850-57879_2640-97589",1,"CHR",112,"CHR-112","0",11,0.210376542,0,-20,0.316129032258064,"CHR_112_1",1,NA,0,4,"no",19.28,14.99234629,31.94793453,86.66666667,2.30307908737845,-0.324477446700752,0.908946604529733,16.1,11.8153556,16.91354271,99.66666667,1.19349574731726,-0.485157035237985,-1.19530341502793,-1.54087100343383,-0.75378628983068,0,"large","first","dist.01","dist.05","dist.10",0,0.97932313083012,-0.459228290836701,-0.207070274097309,1.10864751842364,0.98818027510909,-0.478534822267752,-0.867541507603602
"2850-57879","2640-97589","2850-57879_2640-97589",2,"CHR",112,"CHR-112","0",11,0.210376542,0,-25,0.154838709677419,"CHR_112_2",1,NA,0,4,"no",19.28,14.99234629,31.94793453,86.66666667,2.30307908737845,-0.324477446700752,0.908946604529733,16.1,11.8153556,16.91354271,99.66666667,1.19349574731726,-0.485157035237985,-1.19530341502793,-1.54087100343383,-0.75378628983068,0,"large","second","dist.01","dist.05","dist.10",0,-1.00681645190596,-0.459228290836701,-0.207070274097309,1.10864751842364,0.98818027510909,-0.478534822267752,-0.867541507603602
"2850-57879","2811-83208","2850-57879_2811-83208",1,"CHR",112,"CHR-112","0",11,16.66361176,5,-5,0.3,"CHR_112_1",1,NA,0,4,"no",19.28,14.99234629,31.94793453,86.66666667,2.30307908737845,-0.324477446700752,0.908946604529733,16.9,18.73416916,21.00459455,87,-0.319841925842042,1.29226422972124,-0.358985457287731,0.812314057025091,0.589595216798255,0,"large","first","dist.20","dist.20","dist.20",0,0.780709172556517,-0.459228290836701,-0.207070274097309,1.10864751842364,-0.411550717693951,-0.159665267146272,1.94192717350385
"2850-57879","2811-83208","2850-57879_2811-83208",2,"CHR",112,"CHR-112","0",11,16.66361176,0,-10,0.154838709677419,"CHR_112_2",1,NA,0,4,"no",19.28,14.99234629,31.94793453,86.66666667,2.30307908737845,-0.324477446700752,0.908946604529733,16.9,18.73416916,21.00459455,87,-0.319841925842042,1.29226422972124,-0.358985457287731,0.812314057025091,-0.75378628983068,0,"large","second","dist.20","dist.20","dist.20",0,-1.00681645190596,-0.459228290836701,-0.207070274097309,1.10864751842364,-0.411550717693951,-0.159665267146272,1.94192717350385
"2850-57879","2850-57567","2850-57879_2850-57567",1,"CHR",112,"CHR-112","0",11,8.20278258,4,-7,0.303225806451613,"CHR_112_1",1,NA,0,4,"no",19.28,14.99234629,31.94793453,86.66666667,2.30307908737845,-0.324477446700752,0.908946604529733,16.6,10.56012296,26.35612994,102.1666667,1.49218081789379,-0.807622320284185,0.735008293751907,-0.397776029311806,0.320918915472468,0,"large","first","dist.10","dist.10","dist.10",0,0.820431964211241,-0.459228290836701,-0.207070274097309,1.10864751842364,-1.17504035013197,0.922800644787313,-0.818227574717981
"2850-57879","2850-57567","2850-57879_2850-57567",2,"CHR",112,"CHR-112","0",0,8.20278258,0,-61,0.154838709677419,"CHR_112_2",1,NA,0,4,"no",19.28,14.99234629,31.94793453,86.66666667,2.30307908737845,-0.324477446700752,0.908946604529733,16.6,10.56012296,26.35612994,102.1666667,1.49218081789379,-0.807622320284185,0.735008293751907,-0.397776029311806,-0.75378628983068,0,"large","second","dist.10","dist.10","dist.10",0,-1.00681645190596,-0.459228290836701,-0.207070274097309,1.10864751842364,-1.17504035013197,0.922800644787313,-0.818227574717981
"2850-57879","2850-57570","2850-57879_2850-57570",1,"CHR",112,"CHR-112","0",6,5.501847625,6,5,0.296774193548387,"CHR_112_1",1,NA,0,4,"no",19.28,14.99234629,31.94793453,86.66666667,2.30307908737845,-0.324477446700752,0.908946604529733,16.51,16.84077767,23.06811898,90,0.038580154548733,0.805857959623855,0.0628528876022267,-0.784070864410497,0.858271518124042,0,"large","first","dist.10","dist.10","dist.10",0,0.740986380901795,-0.459228290836701,-0.207070274097309,1.10864751842364,-0.157054173547943,-1.42571858026568,-1.08665491345185
"2850-57879","2850-57570","2850-57879_2850-57570",2,"CHR",112,"CHR-112","0",11,8.326762193,0,-29,0.154838709677419,"CHR_112_2",1,NA,0,4,"no",19.28,14.99234629,31.94793453,86.66666667,2.30307908737845,-0.324477446700752,0.908946604529733,16.51,16.84077767,23.06811898,90,0.038580154548733,0.805857959623855,0.0628528876022267,-0.380044138334285,-0.75378628983068,0,"large","second","dist.10","dist.10","dist.10",0,-1.00681645190596,-0.459228290836701,-0.207070274097309,1.10864751842364,-0.157054173547943,-1.42571858026568,-1.08665491345185
"2850-57879","2850-57577","2850-57879_2850-57577",1,"CHR",112,"CHR-112","0",6,13.3869908,6,5,0.296774193548387,"CHR_112_1",1,NA,0,4,"no",19.28,14.99234629,31.94793453,86.66666667,2.30307908737845,-0.324477446700752,0.908946604529733,18.2,20.92472416,28.83623131,90.83333333,0.138141843147924,1.85501086327307,1.24200585669334,0.343683092373033,0.858271518124042,0,"large","first","dist.20","dist.20","dist.20",0,0.740986380901795,-0.459228290836701,-0.207070274097309,1.10864751842364,-0.666047261839958,0.264789915692027,-0.462001728113777
"2850-57879","2850-57577","2850-57879_2850-57577",2,"CHR",112,"CHR-112","0",11,14.0212532,11,0,0.119354838709677,"CHR_112_2",1,NA,0,4,"no",19.28,14.99234629,31.94793453,86.66666667,2.30307908737845,-0.324477446700752,0.908946604529733,18.2,20.92472416,28.83623131,90.83333333,0.138141843147924,1.85501086327307,1.24200585669334,0.434396972306991,2.20165302475298,0,"large","second","dist.20","dist.20","dist.20",0,-1.4437671601079,-0.459228290836701,-0.207070274097309,1.10864751842364,-0.666047261839958,0.264789915692027,-0.462001728113777
"2850-57879","2850-57578","2850-57879_2850-57578",1,"CHR",112,"CHR-112","0",10,2.683141701,10,1,0.283870967741935,"CHR_112_1",1,NA,0,4,"no",19.28,14.99234629,31.94793453,86.66666667,2.30307908737845,-0.324477446700752,0.908946604529733,17.2,10.81633932,15.67680791,91.5,0.217791194744121,-0.741801149826969,-1.44812434290995,-1.18720961386005,1.93297672342719,0,"large","first","dist.05","dist.05","dist.10",0,0.582095214282903,-0.459228290836701,-0.207070274097309,1.10864751842364,0.0550262790587415,1.59216462744548,-0.0904874492207969
"2850-57879","2850-57578","2850-57879_2850-57578",2,"CHR",112,"CHR-112","0",11,2.683141701,7,-3,0.132258064516129,"CHR_112_2",1,NA,0,4,"no",19.28,14.99234629,31.94793453,86.66666667,2.30307908737845,-0.324477446700752,0.908946604529733,17.2,10.81633932,15.67680791,91.5,0.217791194744121,-0.741801149826969,-1.44812434290995,-1.18720961386005,1.12694781944983,0,"large","second","dist.05","dist.05","dist.10",0,-1.28487599348901,-0.459228290836701,-0.207070274097309,1.10864751842364,0.0550262790587415,1.59216462744548,-0.0904874492207969
"2850-57879","2850-57579","2850-57879_2850-57579",1,"CHR",112,"CHR-112","0",11,5.907321837,0,-12,0.316129032258064,"CHR_112_1",1,NA,0,4,"no",19.28,14.99234629,31.94793453,86.66666667,2.30307908737845,-0.324477446700752,0.908946604529733,16.3,11.31949153,24.77905949,93.5,0.456739248337971,-0.612542942504321,0.412613860843324,-0.726078874054953,-0.75378628983068,0,"large","first","dist.10","dist.10","dist.10",0,0.97932313083012,-0.459228290836701,-0.207070274097309,1.10864751842364,0.394355006283394,0.252942547897877,-0.257226498974273
"2850-57879","2850-57579","2850-57879_2850-57579",2,"CHR",112,"CHR-112","0",1,7.47180793,0,-41,0.154838709677419,"CHR_112_2",1,NA,0,4,"no",19.28,14.99234629,31.94793453,86.66666667,2.30307908737845,-0.324477446700752,0.908946604529733,16.3,11.31949153,24.77905949,93.5,0.456739248337971,-0.612542942504321,0.412613860843324,-0.50232195010873,-0.75378628983068,0,"large","second","dist.10","dist.10","dist.10",0,-1.00681645190596,-0.459228290836701,-0.207070274097309,1.10864751842364,0.394355006283394,0.252942547897877,-0.257226498974273
"2850-57879","2850-57580","2850-57879_2850-57580",1,"CHR",112,"CHR-112","0",11,11.57698308,6,-4,0.296774193548387,"CHR_112_1",1,NA,0,4,"no",19.28,14.99234629,31.94793453,86.66666667,2.30307908737845,-0.324477446700752,0.908946604529733,16.2,9.142844799,27.48113161,87.83333333,-0.220280237242851,-1.17171658585126,0.964988048569367,0.0848110183046077,0.858271518124042,0,"large","first","dist.20","dist.20","dist.20",0,0.740986380901795,-0.459228290836701,-0.207070274097309,1.10864751842364,0.564019367350756,0.594981908524202,0.613110506001452
"2850-57879","2850-57580","2850-57879_2850-57580",2,"CHR",112,"CHR-112","0",0,11.57698308,0,-58,0.154838709677419,"CHR_112_2",1,NA,0,4,"no",19.28,14.99234629,31.94793453,86.66666667,2.30307908737845,-0.324477446700752,0.908946604529733,16.2,9.142844799,27.48113161,87.83333333,-0.220280237242851,-1.17171658585126,0.964988048569367,0.0848110183046077,-0.75378628983068,0,"large","second","dist.20","dist.20","dist.20",0,-1.00681645190596,-0.459228290836701,-0.207070274097309,1.10864751842364,0.564019367350756,0.594981908524202,0.613110506001452
"2850-57879","2850-57581","2850-57879_2850-57581",1,"CHR",112,"CHR-112","0",11,10.67389294,0,-14,0.316129032258064,"CHR_112_1",1,NA,0,4,"no",19.28,14.99234629,31.94793453,86.66666667,2.30307908737845,-0.324477446700752,0.908946604529733,15.5,12.5018158,18.94245264,82.5,-0.857475046428205,-0.308807586528723,-0.780541178943333,-0.0443513134519354,-0.75378628983068,0,"large","first","dist.20","dist.20","dist.20",0,0.97932313083012,-0.459228290836701,-0.207070274097309,1.10864751842364,-0.920543805985966,0.0923616887128494,-0.0652425713766268
"2850-57879","2850-57581","2850-57879_2850-57581",2,"CHR",112,"CHR-112","0",11,12.61615031,0,-19,0.154838709677419,"CHR_112_2",1,NA,0,4,"no",19.28,14.99234629,31.94793453,86.66666667,2.30307908737845,-0.324477446700752,0.908946604529733,15.5,12.5018158,18.94245264,82.5,-0.857475046428205,-0.308807586528723,-0.780541178943333,0.233435454079964,-0.75378628983068,0,"large","second","dist.20","dist.20","dist.20",0,-1.00681645190596,-0.459228290836701,-0.207070274097309,1.10864751842364,-0.920543805985966,0.0923616887128494,-0.0652425713766268
"2850-57879","2850-57589","2850-57879_2850-57589",1,"CHR",112,"CHR-112","0",11,5.741055304,3,-8,0.306451612903226,"CHR_112_1",1,NA,0,4,"no",19.28,14.99234629,31.94793453,86.66666667,2.30307908737845,-0.324477446700752,0.908946604529733,17.5,12.65077601,16.92662014,97,0.874898342127209,-0.270540180912031,-1.19263004642303,-0.749858751770544,0.0522426141466809,0,"large","first","dist.10","dist.10","dist.10",0,0.860154755865963,-0.459228290836701,-0.207070274097309,1.10864751842364,0.394355006283394,-0.220209818057244,-0.7238327207249
"2850-57879","2850-57589","2850-57879_2850-57589",2,"CHR",112,"CHR-112","0",11,7.603974661,1,-9,0.151612903225806,"CHR_112_2",1,NA,0,4,"no",19.28,14.99234629,31.94793453,86.66666667,2.30307908737845,-0.324477446700752,0.908946604529733,17.5,12.65077601,16.92662014,97,0.874898342127209,-0.270540180912031,-1.19263004642303,-0.483419115939153,-0.485109988504893,0,"large","second","dist.10","dist.10","dist.10",0,-1.04653924356069,-0.459228290836701,-0.207070274097309,1.10864751842364,0.394355006283394,-0.220209818057244,-0.7238327207249
"2850-57879","2850-57620","2850-57879_2850-57620",1,"CHR",112,"CHR-112","0",11,4.669147474,5,-5,0.3,"CHR_112_1",1,NA,0,4,"no",19.28,14.99234629,31.94793453,86.66666667,2.30307908737845,-0.324477446700752,0.908946604529733,18.2,8.903889997,21.60838485,87,-0.319841925842042,-1.2331033167923,-0.235554933708899,-0.90316583443994,0.589595216798255,0,"large","first","dist.05","dist.05","dist.10",0,0.780709172556517,-0.459228290836701,-0.207070274097309,1.10864751842364,-1.04779207805897,-0.519894914297499,-0.347422909026337
"2850-57879","2850-57620","2850-57879_2850-57620",2,"CHR",112,"CHR-112","0",11,4.669147474,0,-10,0.154838709677419,"CHR_112_2",1,NA,0,4,"no",19.28,14.99234629,31.94793453,86.66666667,2.30307908737845,-0.324477446700752,0.908946604529733,18.2,8.903889997,21.60838485,87,-0.319841925842042,-1.2331033167923,-0.235554933708899,-0.90316583443994,-0.75378628983068,0,"large","second","dist.05","dist.05","dist.10",0,-1.00681645190596,-0.459228290836701,-0.207070274097309,1.10864751842364,-1.04779207805897,-0.519894914297499,-0.347422909026337
"2850-57879","2850-57653","2850-57879_2850-57653",1,"CHR",112,"CHR-112","0",11,12.6934362,5,-5,0.3,"CHR_112_1",1,NA,0,4,"no",19.28,14.99234629,31.94793453,86.66666667,2.30307908737845,-0.324477446700752,0.908946604529733,16.37,8.467490861,27.15053506,78,-1.39510816701437,-1.34521287106915,0.897405470214174,0.244489085741008,0.589595216798255,0,"large","first","dist.20","dist.20","dist.20",0,0.780709172556517,-0.459228290836701,-0.207070274097309,1.10864751842364,0.182274551131745,-1.12841701146077,0.110874711490428
"2850-57879","2850-57653","2850-57879_2850-57653",2,"CHR",112,"CHR-112","0",11,14.75912949,0,-26,0.154838709677419,"CHR_112_2",1,NA,0,4,"no",19.28,14.99234629,31.94793453,86.66666667,2.30307908737845,-0.324477446700752,0.908946604529733,16.37,8.467490861,27.15053506,78,-1.39510816701437,-1.34521287106915,0.897405470214174,0.539929983844761,-0.75378628983068,0,"large","second","dist.20","dist.20","dist.20",0,-1.00681645190596,-0.459228290836701,-0.207070274097309,1.10864751842364,0.182274551131745,-1.12841701146077,0.110874711490428
"2850-57879","2850-57669","2850-57879_2850-57669",1,"CHR",112,"CHR-112","0",11,1.843261856,6,-5,0.296774193548387,"CHR_112_1",1,NA,0,4,"no",19.28,14.99234629,31.94793453,86.66666667,2.30307908737845,-0.324477446700752,0.908946604529733,17.82,14.07982054,27.72719176,89.66666667,-0.0012445206519955,0.0965768275416075,1.01528917653778,-1.30733144264618,0.858271518124042,0,"large","first","dist.05","dist.05","dist.10",0,0.740986380901795,-0.459228290836701,-0.207070274097309,1.10864751842364,NA,NA,NA
"2850-57879","2850-57669","2850-57879_2850-57669",2,"CHR",112,"CHR-112","0",11,1.249984969,6,-5,0.135483870967742,"CHR_112_2",1,NA,0,4,"no",19.28,14.99234629,31.94793453,86.66666667,2.30307908737845,-0.324477446700752,0.908946604529733,17.82,14.07982054,27.72719176,89.66666667,-0.0012445206519955,0.0965768275416075,1.01528917653778,-1.39218346650084,0.858271518124042,0,"large","second","dist.05","dist.05","dist.10",0,-1.24515320183429,-0.459228290836701,-0.207070274097309,1.10864751842364,NA,NA,NA
"2850-57879","2850-57671","2850-57879_2850-57671",1,"CHR",112,"CHR-112","0",11,16.72153987,10,-1,0.283870967741935,"CHR_112_1",1,NA,0,4,"no",19.28,14.99234629,31.94793453,86.66666667,2.30307908737845,-0.324477446700752,0.908946604529733,17.53,16.28350449,28.84180791,75.83333333,-1.65396855880595,0.662696246718346,1.24314585953504,0.820599087976542,1.93297672342719,0,"large","first","dist.20","dist.20","dist.20",0,0.582095214282903,-0.459228290836701,-0.207070274097309,1.10864751842364,0.606435458890079,1.16785270969026,0.187430780520441
"2850-57879","2850-57671","2850-57879_2850-57671",2,"CHR",112,"CHR-112","0",0,16.72153987,0,-55,0.154838709677419,"CHR_112_2",1,NA,0,4,"no",19.28,14.99234629,31.94793453,86.66666667,2.30307908737845,-0.324477446700752,0.908946604529733,17.53,16.28350449,28.84180791,75.83333333,-1.65396855880595,0.662696246718346,1.24314585953504,0.820599087976542,-0.75378628983068,0,"large","second","dist.20","dist.20","dist.20",0,-1.00681645190596,-0.459228290836701,-0.207070274097309,1.10864751842364,0.606435458890079,1.16785270969026,0.187430780520441
"2850-57879","2850-57731","2850-57879_2850-57731",1,"CHR",112,"CHR-112","0",11,1.783308813,0,-23,0.316129032258064,"CHR_112_1",1,NA,0,4,"no",19.28,14.99234629,31.94793453,86.66666667,2.30307908737845,-0.324477446700752,0.908946604529733,15.9,10.9634214,23.24545364,91,0.158054181345658,-0.704016229851986,0.0991047285683272,-1.31590608485164,-0.75378628983068,0,"large","first","dist.05","dist.05","dist.10",0,0.97932313083012,-0.459228290836701,-0.207070274097309,1.10864751842364,-1.17504035013197,-0.720064302121302,-0.918055636034195
"2850-57879","2850-57731","2850-57879_2850-57731",2,"CHR",112,"CHR-112","0",11,3.694681618,0,13,0.154838709677419,"CHR_112_2",1,NA,0,4,"no",19.28,14.99234629,31.94793453,86.66666667,2.30307908737845,-0.324477446700752,0.908946604529733,15.9,10.9634214,23.24545364,91,0.158054181345658,-0.704016229851986,0.0991047285683272,-1.04253650919683,-0.75378628983068,0,"large","second","dist.05","dist.05","dist.10",0,-1.00681645190596,-0.459228290836701,-0.207070274097309,1.10864751842364,-1.17504035013197,-0.720064302121302,-0.918055636034195
"2850-57879","2850-57733","2850-57879_2850-57733",2,"CHR",112,"CHR-112","0",11,9.054214797,0,12,0.154838709677419,"CHR_112_2",1,NA,0,4,"no",19.28,14.99234629,31.94793453,86.66666667,2.30307908737845,-0.324477446700752,0.908946604529733,15.66,14.84394317,20.45213858,102,1.47226847611183,0.292877508261001,-0.471921901664779,-0.276001949838008,-0.75378628983068,0,"large","second","dist.10","dist.10","dist.10",0,-1.00681645190596,-0.459228290836701,-0.207070274097309,1.10864751842364,0.606435458890079,-1.12204057333336,-0.450386497816471
"2850-57879","2850-57733","2850-57879_2850-57733",1,"CHR",112,"CHR-112","0",0,9.054214797,0,20,0.316129032258064,"CHR_112_1",1,NA,0,4,"no",19.28,14.99234629,31.94793453,86.66666667,2.30307908737845,-0.324477446700752,0.908946604529733,15.66,14.84394317,20.45213858,102,1.47226847611183,0.292877508261001,-0.471921901664779,-0.276001949838008,-0.75378628983068,0,"large","first","dist.10","dist.10","dist.10",0,0.97932313083012,-0.459228290836701,-0.207070274097309,1.10864751842364,0.606435458890079,-1.12204057333336,-0.450386497816471
"2850-57879","2850-57742","2850-57879_2850-57742",1,"CHR",112,"CHR-112","0",11,3.099674315,0,-15,0.316129032258064,"CHR_112_1",1,NA,0,4,"no",19.28,14.99234629,31.94793453,86.66666667,2.30307908737845,-0.324477446700752,0.908946604529733,16.98,13.00562645,26.1463443,93,0.397002234939508,-0.179380228057897,0.692122624034258,-1.12763602170801,-0.75378628983068,0,"large","first","dist.05","dist.05","dist.10",0,0.97932313083012,-0.459228290836701,-0.207070274097309,1.10864751842364,0.564019367350756,-0.96234197733198,-0.610003960994292
"2850-57879","2850-57742","2850-57879_2850-57742",2,"CHR",112,"CHR-112","0",11,4.311943687,0,-23,0.154838709677419,"CHR_112_2",1,NA,0,4,"no",19.28,14.99234629,31.94793453,86.66666667,2.30307908737845,-0.324477446700752,0.908946604529733,16.98,13.00562645,26.1463443,93,0.397002234939508,-0.179380228057897,0.692122624034258,-0.954254061403848,-0.75378628983068,0,"large","second","dist.05","dist.05","dist.10",0,-1.00681645190596,-0.459228290836701,-0.207070274097309,1.10864751842364,0.564019367350756,-0.96234197733198,-0.610003960994292
"2850-57879","2850-57744","2850-57879_2850-57744",1,"CHR",112,"CHR-112","0",8,13.53171341,8,3,0.290322580645161,"CHR_112_1",1,NA,0,4,"no",19.28,14.99234629,31.94793453,86.66666667,2.30307908737845,-0.324477446700752,0.908946604529733,14.77,24.63866733,20.45419575,84.5,-0.618526992834355,2.80911108724386,-0.47150136233152,0.364381701445979,1.39562412077562,0,"large","first","dist.20","dist.20","dist.20",0,0.661540797592348,-0.459228290836701,-0.207070274097309,1.10864751842364,-0.411550717693951,1.14723185861105,0.256764043881684
"2850-57879","2850-57744","2850-57879_2850-57744",2,"CHR",112,"CHR-112","0",11,13.53171341,10,1,0.12258064516129,"CHR_112_2",1,NA,0,4,"no",19.28,14.99234629,31.94793453,86.66666667,2.30307908737845,-0.324477446700752,0.908946604529733,14.77,24.63866733,20.45419575,84.5,-0.618526992834355,2.80911108724386,-0.47150136233152,0.364381701445979,1.93297672342719,0,"large","second","dist.20","dist.20","dist.20",0,-1.40404436845318,-0.459228290836701,-0.207070274097309,1.10864751842364,-0.411550717693951,1.14723185861105,0.256764043881684
"2850-57879","2850-57745","2850-57879_2850-57745",1,"CHR",112,"CHR-112","0",11,12.42611995,1,-10,0.312903225806452,"CHR_112_1",1,NA,0,4,"no",19.28,14.99234629,31.94793453,86.66666667,2.30307908737845,-0.324477446700752,0.908946604529733,16.33,11.89491525,19.28173812,85,-0.558789979435893,-0.464718413425676,-0.711182356121742,0.206256811201486,-0.485109988504893,0,"large","first","dist.20","dist.20","dist.20",0,0.939600339175409,-0.459228290836701,-0.207070274097309,1.10864751842364,NA,NA,NA
"2850-57879","2850-57745","2850-57879_2850-57745",2,"CHR",112,"CHR-112","0",11,11.82419288,0,-29,0.154838709677419,"CHR_112_2",1,NA,0,4,"no",19.28,14.99234629,31.94793453,86.66666667,2.30307908737845,-0.324477446700752,0.908946604529733,16.33,11.89491525,19.28173812,85,-0.558789979435893,-0.464718413425676,-0.711182356121742,0.12016761537815,-0.75378628983068,0,"large","second","dist.20","dist.20","dist.20",0,-1.00681645190596,-0.459228290836701,-0.207070274097309,1.10864751842364,NA,NA,NA
"2850-57879","2850-57806","2850-57879_2850-57806",1,"CHR",112,"CHR-112","0",11,7.192032508,0,-18,0.316129032258064,"CHR_112_1",1,NA,0,4,"no",19.28,14.99234629,31.94793453,86.66666667,2.30307908737845,-0.324477446700752,0.908946604529733,15.88,11.25502825,14.26422898,83.83333333,-0.698176344430552,-0.62910335473214,-1.73689240845576,-0.542336168261627,-0.75378628983068,0,"large","first","dist.10","dist.10","dist.10",0,0.97932313083012,-0.459228290836701,-0.207070274097309,1.10864751842364,0.224690642671068,-0.312822534834813,0.766781208645738
"2850-57879","2850-57806","2850-57879_2850-57806",2,"CHR",112,"CHR-112","0",11,8.702820146,0,-20,0.154838709677419,"CHR_112_2",1,NA,0,4,"no",19.28,14.99234629,31.94793453,86.66666667,2.30307908737845,-0.324477446700752,0.908946604529733,15.88,11.25502825,14.26422898,83.83333333,-0.698176344430552,-0.62910335473214,-1.73689240845576,-0.32625933886225,-0.75378628983068,0,"large","second","dist.10","dist.10","dist.10",0,-1.00681645190596,-0.459228290836701,-0.207070274097309,1.10864751842364,0.224690642671068,-0.312822534834813,0.766781208645738
"2850-57879","2850-57808","2850-57879_2850-57808",1,"CHR",112,"CHR-112","0",11,3.546625264,0,-18,0.316129032258064,"CHR_112_1",1,NA,0,4,"no",19.28,14.99234629,31.94793453,86.66666667,2.30307908737845,-0.324477446700752,0.908946604529733,17.44,11.46748421,15.37756564,100,1.23332042251798,-0.574524092276724,-1.50929728666711,-1.06371191912215,-0.75378628983068,0,"large","first","dist.05","dist.05","dist.10",0,0.97932313083012,-0.459228290836701,-0.207070274097309,1.10864751842364,0.564019367350756,-2.00209196155345,-1.05591017852521
"2850-57879","2850-57808","2850-57879_2850-57808",2,"CHR",112,"CHR-112","0",11,3.77388294,0,-24,0.154838709677419,"CHR_112_2",1,NA,0,4,"no",19.28,14.99234629,31.94793453,86.66666667,2.30307908737845,-0.324477446700752,0.908946604529733,17.44,11.46748421,15.37756564,100,1.23332042251798,-0.574524092276724,-1.50929728666711,-1.03120892740337,-0.75378628983068,0,"large","second","dist.05","dist.05","dist.10",0,-1.00681645190596,-0.459228290836701,-0.207070274097309,1.10864751842364,0.564019367350756,-2.00209196155345,-1.05591017852521
"2850-57879","2850-57881","2850-57879_2850-57881",1,"CHR",112,"CHR-112","0",11,6.536178806,0,-13,0.316129032258064,"CHR_112_1",1,NA,0,4,"no",19.28,14.99234629,31.94793453,86.66666667,2.30307908737845,-0.324477446700752,0.908946604529733,16.55,11.73463277,21.93833167,84.83333333,-0.578702317633627,-0.50589447430401,-0.16810517715307,-0.636138093107669,-0.75378628983068,0,"large","first","dist.10","dist.10","dist.10",0,0.97932313083012,-0.459228290836701,-0.207070274097309,1.10864751842364,-0.835711625452285,0.553081751767378,1.79200900661347
"2850-57879","2850-57881","2850-57879_2850-57881",2,"CHR",112,"CHR-112","0",11,6.62356231,0,-10,0.154838709677419,"CHR_112_2",1,NA,0,4,"no",19.28,14.99234629,31.94793453,86.66666667,2.30307908737845,-0.324477446700752,0.908946604529733,16.55,11.73463277,21.93833167,84.83333333,-0.578702317633627,-0.50589447430401,-0.16810517715307,-0.623640274081877,-0.75378628983068,0,"large","second","dist.10","dist.10","dist.10",0,-1.00681645190596,-0.459228290836701,-0.207070274097309,1.10864751842364,-0.835711625452285,0.553081751767378,1.79200900661347
"2850-57883","2640-97588","2850-57883_2640-97588",1,"CHR",99,"CHR-99","0",11,9.910183806,0,-23,0.293548387096774,"CHR_99_1",1,NA,0,4,"no",16.69,20.88361083,25.27007145,77.83333333,0.0550262790587415,1.59216462744548,-0.0904874492207969,18.7,11.85018943,14.45612662,87,-0.319841925842042,-0.476208334764261,-1.69766351362466,-0.153579006416461,-0.75378628983068,0,"large","first","dist.10","dist.10","dist.10",0,0.701263589247072,0.217791194744121,-0.741801149826969,-1.44812434290995,0.224690642671068,-0.0934822025987468,-1.95280566010936
"2850-57883","2640-97588","2850-57883_2640-97588",2,"CHR",99,"CHR-99","0",10,9.910183806,0,-25,0.193548387096774,"CHR_99_2",1,NA,0,4,"no",16.69,20.88361083,25.27007145,77.83333333,0.0550262790587415,1.59216462744548,-0.0904874492207969,18.7,11.85018943,14.45612662,87,-0.319841925842042,-0.476208334764261,-1.69766351362466,-0.153579006416461,-0.75378628983068,0,"large","second","dist.10","dist.10","dist.10",0,-0.530142952049302,0.217791194744121,-0.741801149826969,-1.44812434290995,0.224690642671068,-0.0934822025987468,-1.95280566010936
"2850-57883","2640-97589","2850-57883_2640-97589",1,"CHR",99,"CHR-99","0",11,2.609073064,0,-21,0.293548387096774,"CHR_99_1",1,NA,0,4,"no",16.69,20.88361083,25.27007145,77.83333333,0.0550262790587415,1.59216462744548,-0.0904874492207969,16.1,11.8153556,16.91354271,99.66666667,1.19349574731726,-0.485157035237985,-1.19530341502793,-1.19780310551853,-0.75378628983068,0,"large","first","dist.05","dist.05","dist.10",0,0.701263589247072,0.217791194744121,-0.741801149826969,-1.44812434290995,0.98818027510909,-0.478534822267752,-0.867541507603602
"2850-57883","2640-97589","2850-57883_2640-97589",2,"CHR",99,"CHR-99","0",10,2.609073064,0,-22,0.193548387096774,"CHR_99_2",1,"ep_same",2,4,"yes",16.69,20.88361083,25.27007145,77.83333333,0.0550262790587415,1.59216462744548,-0.0904874492207969,16.1,11.8153556,16.91354271,99.66666667,1.19349574731726,-0.485157035237985,-1.19530341502793,-1.19780310551853,-0.75378628983068,1,"large","second","dist.05","dist.05","dist.10",0.5,-0.530142952049302,0.217791194744121,-0.741801149826969,-1.44812434290995,0.98818027510909,-0.478534822267752,-0.867541507603602
"2850-57883","2811-83208","2850-57883_2811-83208",1,"CHR",99,"CHR-99","0",11,18.78723311,4,-6,0.280645161290323,"CHR_99_1",1,NA,0,4,"no",16.69,20.88361083,25.27007145,77.83333333,0.0550262790587415,1.59216462744548,-0.0904874492207969,16.9,18.73416916,21.00459455,87,-0.319841925842042,1.29226422972124,-0.358985457287731,1.11603997892916,0.320918915472468,0,"large","first","dist.20","dist.20","dist.20",0,0.542372422628193,0.217791194744121,-0.741801149826969,-1.44812434290995,-0.411550717693951,-0.159665267146272,1.94192717350385
"2850-57883","2811-83208","2850-57883_2811-83208",2,"CHR",99,"CHR-99","0",10,18.78723311,3,-7,0.182795698924731,"CHR_99_2",1,NA,0,4,"no",16.69,20.88361083,25.27007145,77.83333333,0.0550262790587415,1.59216462744548,-0.0904874492207969,16.9,18.73416916,21.00459455,87,-0.319841925842042,1.29226422972124,-0.358985457287731,1.11603997892916,0.0522426141466809,0,"large","second","dist.20","dist.20","dist.20",0,-0.662552257565041,0.217791194744121,-0.741801149826969,-1.44812434290995,-0.411550717693951,-0.159665267146272,1.94192717350385
"2850-57883","2850-57567","2850-57883_2850-57567",1,"CHR",99,"CHR-99","0",11,6.959151179,3,-8,0.283870967741935,"CHR_99_1",1,NA,0,4,"no",16.69,20.88361083,25.27007145,77.83333333,0.0550262790587415,1.59216462744548,-0.0904874492207969,16.6,10.56012296,26.35612994,102.1666667,1.49218081789379,-0.807622320284185,0.735008293751907,-0.575643469652608,0.0522426141466809,0,"large","first","dist.10","dist.10","dist.10",0,0.582095214282903,0.217791194744121,-0.741801149826969,-1.44812434290995,-1.17504035013197,0.922800644787313,-0.818227574717981
"2850-57883","2850-57567","2850-57883_2850-57567",2,"CHR",99,"CHR-99","0",0,6.959151179,0,-58,0.193548387096774,"CHR_99_2",1,NA,0,4,"no",16.69,20.88361083,25.27007145,77.83333333,0.0550262790587415,1.59216462744548,-0.0904874492207969,16.6,10.56012296,26.35612994,102.1666667,1.49218081789379,-0.807622320284185,0.735008293751907,-0.575643469652608,-0.75378628983068,0,"large","second","dist.10","dist.10","dist.10",0,-0.530142952049302,0.217791194744121,-0.741801149826969,-1.44812434290995,-1.17504035013197,0.922800644787313,-0.818227574717981
"2850-57883","2850-57570","2850-57883_2850-57570",1,"CHR",99,"CHR-99","0",7,4.127994156,7,4,0.270967741935484,"CHR_99_1",1,NA,0,4,"no",16.69,20.88361083,25.27007145,77.83333333,0.0550262790587415,1.59216462744548,-0.0904874492207969,16.51,16.84077767,23.06811898,90,0.038580154548733,0.805857959623855,0.0628528876022267,-0.980563008093801,1.12694781944983,0,"large","first","dist.05","dist.05","dist.10",0,0.423204047664024,0.217791194744121,-0.741801149826969,-1.44812434290995,-0.157054173547943,-1.42571858026568,-1.08665491345185
"2850-57883","2850-57570","2850-57883_2850-57570",2,"CHR",99,"CHR-99","0",10,6.577697441,0,-26,0.193548387096774,"CHR_99_2",1,NA,0,4,"no",16.69,20.88361083,25.27007145,77.83333333,0.0550262790587415,1.59216462744548,-0.0904874492207969,16.51,16.84077767,23.06811898,90,0.038580154548733,0.805857959623855,0.0628528876022267,-0.630199988514977,-0.75378628983068,0,"large","second","dist.10","dist.10","dist.10",0,-0.530142952049302,0.217791194744121,-0.741801149826969,-1.44812434290995,-0.157054173547943,-1.42571858026568,-1.08665491345185
"2850-57883","2850-57577","2850-57883_2850-57577",1,"CHR",99,"CHR-99","0",7,10.85140017,7,4,0.270967741935484,"CHR_99_1",1,NA,0,4,"no",16.69,20.88361083,25.27007145,77.83333333,0.0550262790587415,1.59216462744548,-0.0904874492207969,18.2,20.92472416,28.83623131,90.83333333,0.138141843147924,1.85501086327307,1.24200585669334,-0.0189637616285426,1.12694781944983,0,"large","first","dist.20","dist.20","dist.20",0,0.423204047664024,0.217791194744121,-0.741801149826969,-1.44812434290995,-0.666047261839958,0.264789915692027,-0.462001728113777
"2850-57883","2850-57577","2850-57883_2850-57577",2,"CHR",99,"CHR-99","0",10,11.24600998,7,3,0.168458781362007,"CHR_99_2",1,NA,0,4,"no",16.69,20.88361083,25.27007145,77.83333333,0.0550262790587415,1.59216462744548,-0.0904874492207969,18.2,20.92472416,28.83623131,90.83333333,0.138141843147924,1.85501086327307,1.24200585669334,0.0374743733217587,1.12694781944983,0,"large","second","dist.20","dist.20","dist.20",0,-0.839097998252692,0.217791194744121,-0.741801149826969,-1.44812434290995,-0.666047261839958,0.264789915692027,-0.462001728113777
"2850-57883","2850-57579","2850-57883_2850-57579",1,"CHR",99,"CHR-99","0",11,7.747253326,0,12,0.293548387096774,"CHR_99_1",1,NA,0,4,"no",16.69,20.88361083,25.27007145,77.83333333,0.0550262790587415,1.59216462744548,-0.0904874492207969,16.3,11.31949153,24.77905949,93.5,0.456739248337971,-0.612542942504321,0.412613860843324,-0.462927023685367,-0.75378628983068,0,"large","first","dist.10","dist.10","dist.10",0,0.701263589247072,0.217791194744121,-0.741801149826969,-1.44812434290995,0.394355006283394,0.252942547897877,-0.257226498974273
"2850-57883","2850-57579","2850-57883_2850-57579",2,"CHR",99,"CHR-99","0",4,9.016913962,0,-38,0.193548387096774,"CHR_99_2",1,NA,0,4,"no",16.69,20.88361083,25.27007145,77.83333333,0.0550262790587415,1.59216462744548,-0.0904874492207969,16.3,11.31949153,24.77905949,93.5,0.456739248337971,-0.612542942504321,0.412613860843324,-0.281336813559437,-0.75378628983068,0,"large","second","dist.10","dist.10","dist.10",0,-0.530142952049302,0.217791194744121,-0.741801149826969,-1.44812434290995,0.394355006283394,0.252942547897877,-0.257226498974273
"2850-57883","2850-57580","2850-57883_2850-57580",1,"CHR",99,"CHR-99","0",11,13.62674793,5,-5,0.27741935483871,"CHR_99_1",1,NA,0,4,"no",16.69,20.88361083,25.27007145,77.83333333,0.0550262790587415,1.59216462744548,-0.0904874492207969,16.2,9.142844799,27.48113161,87.83333333,-0.220280237242851,-1.17171658585126,0.964988048569367,0.377973788942986,0.589595216798255,0,"large","first","dist.20","dist.20","dist.20",0,0.502649630973469,0.217791194744121,-0.741801149826969,-1.44812434290995,0.564019367350756,0.594981908524202,0.613110506001452
"2850-57883","2850-57580","2850-57883_2850-57580",2,"CHR",99,"CHR-99","0",0,13.62674793,0,-55,0.193548387096774,"CHR_99_2",1,NA,0,4,"no",16.69,20.88361083,25.27007145,77.83333333,0.0550262790587415,1.59216462744548,-0.0904874492207969,16.2,9.142844799,27.48113161,87.83333333,-0.220280237242851,-1.17171658585126,0.964988048569367,0.377973788942986,-0.75378628983068,0,"large","second","dist.20","dist.20","dist.20",0,-0.530142952049302,0.217791194744121,-0.741801149826969,-1.44812434290995,0.564019367350756,0.594981908524202,0.613110506001452
"2850-57883","2850-57581","2850-57883_2850-57581",1,"CHR",99,"CHR-99","0",11,13.25550717,0,-15,0.293548387096774,"CHR_99_1",1,NA,0,4,"no",16.69,20.88361083,25.27007145,77.83333333,0.0550262790587415,1.59216462744548,-0.0904874492207969,15.5,12.5018158,18.94245264,82.5,-0.857475046428205,-0.308807586528723,-0.780541178943333,0.324877957108667,-0.75378628983068,0,"large","first","dist.20","dist.20","dist.20",0,0.701263589247072,0.217791194744121,-0.741801149826969,-1.44812434290995,-0.920543805985966,0.0923616887128494,-0.0652425713766268
"2850-57883","2850-57581","2850-57883_2850-57581",2,"CHR",99,"CHR-99","0",10,15.1632651,0,-16,0.193548387096774,"CHR_99_2",1,NA,0,4,"no",16.69,20.88361083,25.27007145,77.83333333,0.0550262790587415,1.59216462744548,-0.0904874492207969,15.5,12.5018158,18.94245264,82.5,-0.857475046428205,-0.308807586528723,-0.780541178943333,0.597730523814618,-0.75378628983068,0,"large","second","dist.20","dist.20","dist.20",0,-0.530142952049302,0.217791194744121,-0.741801149826969,-1.44812434290995,-0.920543805985966,0.0923616887128494,-0.0652425713766268
"2850-57883","2850-57589","2850-57883_2850-57589",1,"CHR",99,"CHR-99","0",11,8.114828014,2,-9,0.287096774193548,"CHR_99_1",1,NA,0,4,"no",16.69,20.88361083,25.27007145,77.83333333,0.0550262790587415,1.59216462744548,-0.0904874492207969,17.5,12.65077601,16.92662014,97,0.874898342127209,-0.270540180912031,-1.19263004642303,-0.41035552312977,-0.216433687179106,0,"large","first","dist.10","dist.10","dist.10",0,0.621818005937626,0.217791194744121,-0.741801149826969,-1.44812434290995,0.394355006283394,-0.220209818057244,-0.7238327207249
"2850-57883","2850-57589","2850-57883_2850-57589",2,"CHR",99,"CHR-99","0",10,9.577634021,4,-6,0.17921146953405,"CHR_99_2",1,NA,0,4,"no",16.69,20.88361083,25.27007145,77.83333333,0.0550262790587415,1.59216462744548,-0.0904874492207969,17.5,12.65077601,16.92662014,97,0.874898342127209,-0.270540180912031,-1.19263004642303,-0.201141153043083,0.320918915472468,0,"large","second","dist.10","dist.10","dist.10",0,-0.706688692736953,0.217791194744121,-0.741801149826969,-1.44812434290995,0.394355006283394,-0.220209818057244,-0.7238327207249
"2850-57883","2850-57620","2850-57883_2850-57620",1,"CHR",99,"CHR-99","0",11,2.738914154,4,-6,0.280645161290323,"CHR_99_1",1,NA,0,4,"no",16.69,20.88361083,25.27007145,77.83333333,0.0550262790587415,1.59216462744548,-0.0904874492207969,18.2,8.903889997,21.60838485,87,-0.319841925842042,-1.2331033167923,-0.235554933708899,-1.17923289065359,0.320918915472468,0,"large","first","dist.05","dist.05","dist.10",0,0.542372422628193,0.217791194744121,-0.741801149826969,-1.44812434290995,-1.04779207805897,-0.519894914297499,-0.347422909026337
"2850-57883","2850-57620","2850-57883_2850-57620",2,"CHR",99,"CHR-99","0",10,2.738914154,3,-7,0.182795698924731,"CHR_99_2",1,NA,0,4,"no",16.69,20.88361083,25.27007145,77.83333333,0.0550262790587415,1.59216462744548,-0.0904874492207969,18.2,8.903889997,21.60838485,87,-0.319841925842042,-1.2331033167923,-0.235554933708899,-1.17923289065359,0.0522426141466809,0,"large","second","dist.05","dist.05","dist.10",0,-0.662552257565041,0.217791194744121,-0.741801149826969,-1.44812434290995,-1.04779207805897,-0.519894914297499,-0.347422909026337
"2850-57883","2850-57647","2850-57883_2850-57647",1,"CHR",99,"CHR-99","0",11,2.683141701,10,-1,0.261290322580645,"CHR_99_1",1,NA,0,4,"no",16.69,20.88361083,25.27007145,77.83333333,0.0550262790587415,1.59216462744548,-0.0904874492207969,15.8,12.89783981,28.1838767,85.83333333,-0.459228290836701,-0.207070274097309,1.10864751842364,-1.18720961386005,1.93297672342719,0,"large","first","dist.05","dist.05","dist.10",0,0.304035672699855,0.217791194744121,-0.741801149826969,-1.44812434290995,2.30307908737845,-0.324477446700752,0.908946604529733
"2850-57883","2850-57647","2850-57883_2850-57647",2,"CHR",99,"CHR-99","0",10,2.683141701,7,3,0.168458781362007,"CHR_99_2",1,NA,0,4,"no",16.69,20.88361083,25.27007145,77.83333333,0.0550262790587415,1.59216462744548,-0.0904874492207969,15.8,12.89783981,28.1838767,85.83333333,-0.459228290836701,-0.207070274097309,1.10864751842364,-1.18720961386005,1.12694781944983,0,"large","second","dist.05","dist.05","dist.10",0,-0.839097998252692,0.217791194744121,-0.741801149826969,-1.44812434290995,2.30307908737845,-0.324477446700752,0.908946604529733
"2850-57883","2850-57653","2850-57883_2850-57653",1,"CHR",99,"CHR-99","0",11,10.76603077,4,-6,0.280645161290323,"CHR_99_1",1,NA,0,4,"no",16.69,20.88361083,25.27007145,77.83333333,0.0550262790587415,1.59216462744548,-0.0904874492207969,16.37,8.467490861,27.15053506,78,-1.39510816701437,-1.34521287106915,0.897405470214174,-0.0311735181924411,0.320918915472468,0,"large","first","dist.20","dist.20","dist.20",0,0.542372422628193,0.217791194744121,-0.741801149826969,-1.44812434290995,0.182274551131745,-1.12841701146077,0.110874711490428
"2850-57883","2850-57653","2850-57883_2850-57653",2,"CHR",99,"CHR-99","0",10,12.97952929,0,-23,0.193548387096774,"CHR_99_2",1,NA,0,4,"no",16.69,20.88361083,25.27007145,77.83333333,0.0550262790587415,1.59216462744548,-0.0904874492207969,16.37,8.467490861,27.15053506,78,-1.39510816701437,-1.34521287106915,0.897405470214174,0.285406873420358,-0.75378628983068,0,"large","second","dist.20","dist.20","dist.20",0,-0.530142952049302,0.217791194744121,-0.741801149826969,-1.44812434290995,0.182274551131745,-1.12841701146077,0.110874711490428
"2850-57883","2850-57669","2850-57883_2850-57669",1,"CHR",99,"CHR-99","0",11,1.525611055,5,-6,0.27741935483871,"CHR_99_1",1,NA,0,4,"no",16.69,20.88361083,25.27007145,77.83333333,0.0550262790587415,1.59216462744548,-0.0904874492207969,17.82,14.07982054,27.72719176,89.66666667,-0.0012445206519955,0.0965768275416075,1.01528917653778,-1.3527626973175,0.589595216798255,0,"large","first","dist.05","dist.05","dist.10",0,0.502649630973469,0.217791194744121,-0.741801149826969,-1.44812434290995,NA,NA,NA
"2850-57883","2850-57669","2850-57883_2850-57669",2,"CHR",99,"CHR-99","0",10,3.632665505,9,-2,0.161290322580645,"CHR_99_2",1,NA,0,4,"no",16.69,20.88361083,25.27007145,77.83333333,0.0550262790587415,1.59216462744548,-0.0904874492207969,17.82,14.07982054,27.72719176,89.66666667,-0.0012445206519955,0.0965768275416075,1.01528917653778,-1.05140621711055,1.6643004221014,0,"large","second","dist.05","dist.05","dist.10",0,-0.927370868596519,0.217791194744121,-0.741801149826969,-1.44812434290995,NA,NA,NA
"2850-57883","2850-57671","2850-57883_2850-57671",1,"CHR",99,"CHR-99","0",11,18.36382867,9,-2,0.264516129032258,"CHR_99_1",1,NA,0,4,"no",16.69,20.88361083,25.27007145,77.83333333,0.0550262790587415,1.59216462744548,-0.0904874492207969,17.53,16.28350449,28.84180791,75.83333333,-1.65396855880595,0.662696246718346,1.24314585953504,1.05548356011313,1.6643004221014,0,"large","first","dist.20","dist.20","dist.20",0,0.343758464354578,0.217791194744121,-0.741801149826969,-1.44812434290995,0.606435458890079,1.16785270969026,0.187430780520441
"2850-57883","2850-57671","2850-57883_2850-57671",2,"CHR",99,"CHR-99","0",0,18.36382867,0,-52,0.193548387096774,"CHR_99_2",1,NA,0,4,"no",16.69,20.88361083,25.27007145,77.83333333,0.0550262790587415,1.59216462744548,-0.0904874492207969,17.53,16.28350449,28.84180791,75.83333333,-1.65396855880595,0.662696246718346,1.24314585953504,1.05548356011313,-0.75378628983068,0,"large","second","dist.20","dist.20","dist.20",0,-0.530142952049302,0.217791194744121,-0.741801149826969,-1.44812434290995,0.606435458890079,1.16785270969026,0.187430780520441
"2850-57883","2850-57731","2850-57883_2850-57731",1,"CHR",99,"CHR-99","0",11,2.895473875,0,-24,0.293548387096774,"CHR_99_1",1,NA,0,4,"no",16.69,20.88361083,25.27007145,77.83333333,0.0550262790587415,1.59216462744548,-0.0904874492207969,15.9,10.9634214,23.24545364,91,0.158054181345658,-0.704016229851986,0.0991047285683272,-1.15684130677082,-0.75378628983068,0,"large","first","dist.05","dist.05","dist.10",0,0.701263589247072,0.217791194744121,-0.741801149826969,-1.44812434290995,-1.17504035013197,-0.720064302121302,-0.918055636034195
"2850-57883","2850-57731","2850-57883_2850-57731",2,"CHR",99,"CHR-99","0",10,1.012269787,0,16,0.193548387096774,"CHR_99_2",1,NA,0,4,"no",16.69,20.88361083,25.27007145,77.83333333,0.0550262790587415,1.59216462744548,-0.0904874492207969,15.9,10.9634214,23.24545364,91,0.158054181345658,-0.704016229851986,0.0991047285683272,-1.42618211828664,-0.75378628983068,0,"large","second","dist.05","dist.05","dist.10",0,-0.530142952049302,0.217791194744121,-0.741801149826969,-1.44812434290995,-1.17504035013197,-0.720064302121302,-0.918055636034195
"2850-57883","2850-57733","2850-57883_2850-57733",2,"CHR",99,"CHR-99","0",10,11.07522903,0,15,0.193548387096774,"CHR_99_2",1,NA,0,4,"no",16.69,20.88361083,25.27007145,77.83333333,0.0550262790587415,1.59216462744548,-0.0904874492207969,15.66,14.84394317,20.45213858,102,1.47226847611183,0.292877508261001,-0.471921901664779,0.0130488317898826,-0.75378628983068,0,"large","second","dist.20","dist.20","dist.20",0,-0.530142952049302,0.217791194744121,-0.741801149826969,-1.44812434290995,0.606435458890079,-1.12204057333336,-0.450386497816471
"2850-57883","2850-57733","2850-57883_2850-57733",1,"CHR",99,"CHR-99","0",0,11.07522903,0,19,0.293548387096774,"CHR_99_1",1,NA,0,4,"no",16.69,20.88361083,25.27007145,77.83333333,0.0550262790587415,1.59216462744548,-0.0904874492207969,15.66,14.84394317,20.45213858,102,1.47226847611183,0.292877508261001,-0.471921901664779,0.0130488317898826,-0.75378628983068,0,"large","first","dist.20","dist.20","dist.20",0,0.701263589247072,0.217791194744121,-0.741801149826969,-1.44812434290995,0.606435458890079,-1.12204057333336,-0.450386497816471
"2850-57883","2850-57742","2850-57883_2850-57742",1,"CHR",99,"CHR-99","0",11,5.621648063,0,-16,0.293548387096774,"CHR_99_1",1,NA,0,4,"no",16.69,20.88361083,25.27007145,77.83333333,0.0550262790587415,1.59216462744548,-0.0904874492207969,16.98,13.00562645,26.1463443,93,0.397002234939508,-0.179380228057897,0.692122624034258,-0.76693669005495,-0.75378628983068,0,"large","first","dist.10","dist.10","dist.10",0,0.701263589247072,0.217791194744121,-0.741801149826969,-1.44812434290995,0.564019367350756,-0.96234197733198,-0.610003960994292
"2850-57883","2850-57742","2850-57883_2850-57742",2,"CHR",99,"CHR-99","0",10,6.945628703,0,-20,0.193548387096774,"CHR_99_2",1,NA,0,4,"no",16.69,20.88361083,25.27007145,77.83333333,0.0550262790587415,1.59216462744548,-0.0904874492207969,16.98,13.00562645,26.1463443,93,0.397002234939508,-0.179380228057897,0.692122624034258,-0.577577489806213,-0.75378628983068,0,"large","second","dist.10","dist.10","dist.10",0,-0.530142952049302,0.217791194744121,-0.741801149826969,-1.44812434290995,0.564019367350756,-0.96234197733198,-0.610003960994292
"2850-57883","2850-57744","2850-57883_2850-57744",1,"CHR",99,"CHR-99","0",9,15.82780332,9,2,0.264516129032258,"CHR_99_1",1,NA,0,4,"no",16.69,20.88361083,25.27007145,77.83333333,0.0550262790587415,1.59216462744548,-0.0904874492207969,14.77,24.63866733,20.45419575,84.5,-0.618526992834355,2.80911108724386,-0.47150136233152,0.692774531311524,1.6643004221014,0,"large","first","dist.20","dist.20","dist.20",0,0.343758464354578,0.217791194744121,-0.741801149826969,-1.44812434290995,-0.411550717693951,1.14723185861105,0.256764043881684
"2850-57883","2850-57744","2850-57883_2850-57744",2,"CHR",99,"CHR-99","0",10,15.82780332,6,4,0.172043010752688,"CHR_99_2",1,NA,0,4,"no",16.69,20.88361083,25.27007145,77.83333333,0.0550262790587415,1.59216462744548,-0.0904874492207969,14.77,24.63866733,20.45419575,84.5,-0.618526992834355,2.80911108724386,-0.47150136233152,0.692774531311524,0.858271518124042,0,"large","second","dist.20","dist.20","dist.20",0,-0.79496156308078,0.217791194744121,-0.741801149826969,-1.44812434290995,-0.411550717693951,1.14723185861105,0.256764043881684
"2850-57883","2850-57745","2850-57883_2850-57745",1,"CHR",99,"CHR-99","0",11,10.02551878,0,-11,0.293548387096774,"CHR_99_1",1,NA,0,4,"no",16.69,20.88361083,25.27007145,77.83333333,0.0550262790587415,1.59216462744548,-0.0904874492207969,16.33,11.89491525,19.28173812,85,-0.558789979435893,-0.464718413425676,-0.711182356121742,-0.137083494490131,-0.75378628983068,0,"large","first","dist.20","dist.20","dist.20",0,0.701263589247072,0.217791194744121,-0.741801149826969,-1.44812434290995,NA,NA,NA
"2850-57883","2850-57745","2850-57883_2850-57745",2,"CHR",99,"CHR-99","0",10,9.46622366,0,-26,0.193548387096774,"CHR_99_2",1,NA,0,4,"no",16.69,20.88361083,25.27007145,77.83333333,0.0550262790587415,1.59216462744548,-0.0904874492207969,16.33,11.89491525,19.28173812,85,-0.558789979435893,-0.464718413425676,-0.711182356121742,-0.217075356475531,-0.75378628983068,0,"large","second","dist.10","dist.10","dist.10",0,-0.530142952049302,0.217791194744121,-0.741801149826969,-1.44812434290995,NA,NA,NA
"2850-57883","2850-57806","2850-57883_2850-57806",1,"CHR",99,"CHR-99","0",11,4.649295834,0,-19,0.293548387096774,"CHR_99_1",1,NA,0,4,"no",16.69,20.88361083,25.27007145,77.83333333,0.0550262790587415,1.59216462744548,-0.0904874492207969,15.88,11.25502825,14.26422898,83.83333333,-0.698176344430552,-0.62910335473214,-1.73689240845576,-0.906005068308213,-0.75378628983068,0,"large","first","dist.05","dist.05","dist.10",0,0.701263589247072,0.217791194744121,-0.741801149826969,-1.44812434290995,0.224690642671068,-0.312822534834813,0.766781208645738
"2850-57883","2850-57806","2850-57883_2850-57806",2,"CHR",99,"CHR-99","0",10,6.33536267,0,-17,0.193548387096774,"CHR_99_2",1,NA,0,4,"no",16.69,20.88361083,25.27007145,77.83333333,0.0550262790587415,1.59216462744548,-0.0904874492207969,15.88,11.25502825,14.26422898,83.83333333,-0.698176344430552,-0.62910335473214,-1.73689240845576,-0.664859346093665,-0.75378628983068,0,"large","second","dist.10","dist.10","dist.10",0,-0.530142952049302,0.217791194744121,-0.741801149826969,-1.44812434290995,0.224690642671068,-0.312822534834813,0.766781208645738
"2850-57883","2850-57808","2850-57883_2850-57808",1,"CHR",99,"CHR-99","0",11,2.800078,0,-19,0.293548387096774,"CHR_99_1",1,NA,0,4,"no",16.69,20.88361083,25.27007145,77.83333333,0.0550262790587415,1.59216462744548,-0.0904874492207969,17.44,11.46748421,15.37756564,100,1.23332042251798,-0.574524092276724,-1.50929728666711,-1.17048507621221,-0.75378628983068,0,"large","first","dist.05","dist.05","dist.10",0,0.701263589247072,0.217791194744121,-0.741801149826969,-1.44812434290995,0.564019367350756,-2.00209196155345,-1.05591017852521
"2850-57883","2850-57808","2850-57883_2850-57808",2,"CHR",99,"CHR-99","0",10,3.704275342,0,-21,0.193548387096774,"CHR_99_2",1,NA,0,4,"no",16.69,20.88361083,25.27007145,77.83333333,0.0550262790587415,1.59216462744548,-0.0904874492207969,17.44,11.46748421,15.37756564,100,1.23332042251798,-0.574524092276724,-1.50929728666711,-1.0411643895078,-0.75378628983068,0,"large","second","dist.05","dist.05","dist.10",0,-0.530142952049302,0.217791194744121,-0.741801149826969,-1.44812434290995,0.564019367350756,-2.00209196155345,-1.05591017852521
"2850-57883","2850-57881","2850-57883_2850-57881",1,"CHR",99,"CHR-99","0",11,5.053284364,0,-14,0.293548387096774,"CHR_99_1",1,NA,0,4,"no",16.69,20.88361083,25.27007145,77.83333333,0.0550262790587415,1.59216462744548,-0.0904874492207969,16.55,11.73463277,21.93833167,84.83333333,-0.578702317633627,-0.50589447430401,-0.16810517715307,-0.84822556410756,-0.75378628983068,0,"large","first","dist.10","dist.10","dist.10",0,0.701263589247072,0.217791194744121,-0.741801149826969,-1.44812434290995,-0.835711625452285,0.553081751767378,1.79200900661347
"2850-57883","2850-57881","2850-57883_2850-57881",2,"CHR",99,"CHR-99","0",10,5.443176722,3,-7,0.182795698924731,"CHR_99_2",1,NA,0,4,"no",16.69,20.88361083,25.27007145,77.83333333,0.0550262790587415,1.59216462744548,-0.0904874492207969,16.55,11.73463277,21.93833167,84.83333333,-0.578702317633627,-0.50589447430401,-0.16810517715307,-0.792462131574306,0.0522426141466809,0,"large","second","dist.10","dist.10","dist.10",0,-0.662552257565041,0.217791194744121,-0.741801149826969,-1.44812434290995,-0.835711625452285,0.553081751767378,1.79200900661347
"2870-64908","2640-97588","2870-64908_2640-97588",2,"CHR",101,"CHR-101","0",3,20.33348743,0,-40,0.032258064516129,"CHR_101_2",1,NA,0,4,"no",18.58,12.54084247,22.86535394,80,0.606435458890079,-1.12204057333336,-0.450386497816471,18.7,11.85018943,14.45612662,87,-0.319841925842042,-0.476208334764261,-1.69766351362466,1.33718934665433,-0.75378628983068,0,"large","second","dist.20+","dist.20+","dist.20+",0,-2.51628253478539,1.47226847611183,0.292877508261001,-0.471921901664779,0.224690642671068,-0.0934822025987468,-1.95280566010936
"2870-64908","2640-97589","2870-64908_2640-97589",2,"CHR",101,"CHR-101","0",6,8.720414678,0,-37,0.032258064516129,"CHR_101_2",1,NA,0,4,"no",18.58,12.54084247,22.86535394,80,0.606435458890079,-1.12204057333336,-0.450386497816471,16.1,11.8153556,16.91354271,99.66666667,1.19349574731726,-0.485157035237985,-1.19530341502793,-0.323742922528344,-0.75378628983068,0,"large","second","dist.10","dist.10","dist.10",0,-2.51628253478539,1.47226847611183,0.292877508261001,-0.471921901664779,0.98818027510909,-0.478534822267752,-0.867541507603602
"2870-64908","2811-83208","2870-64908_2811-83208",2,"CHR",101,"CHR-101","0",10,7.888844382,0,-22,0.032258064516129,"CHR_101_2",1,NA,0,4,"no",18.58,12.54084247,22.86535394,80,0.606435458890079,-1.12204057333336,-0.450386497816471,16.9,18.73416916,21.00459455,87,-0.319841925842042,1.29226422972124,-0.358985457287731,-0.442676297718155,-0.75378628983068,0,"large","second","dist.10","dist.10","dist.10",0,-2.51628253478539,1.47226847611183,0.292877508261001,-0.471921901664779,-0.411550717693951,-0.159665267146272,1.94192717350385
"2870-64908","2850-57567","2870-64908_2850-57567",2,"CHR",101,"CHR-101","0",0,16.91537459,0,-73,0.032258064516129,"CHR_101_2",1,NA,0,4,"no",18.58,12.54084247,22.86535394,80,0.606435458890079,-1.12204057333336,-0.450386497816471,16.6,10.56012296,26.35612994,102.1666667,1.49218081789379,-0.807622320284185,0.735008293751907,0.848321840447935,-0.75378628983068,0,"large","second","dist.20","dist.20","dist.20",0,-2.51628253478539,1.47226847611183,0.292877508261001,-0.471921901664779,-1.17504035013197,0.922800644787313,-0.818227574717981
"2870-64908","2850-57570","2870-64908_2850-57570",2,"CHR",101,"CHR-101","0",1,17.11645183,0,-41,0.032258064516129,"CHR_101_2",1,NA,0,4,"no",18.58,12.54084247,22.86535394,80,0.606435458890079,-1.12204057333336,-0.450386497816471,16.51,16.84077767,23.06811898,90,0.038580154548733,0.805857959623855,0.0628528876022267,0.877080437216105,-0.75378628983068,0,"large","second","dist.20","dist.20","dist.20",0,-2.51628253478539,1.47226847611183,0.292877508261001,-0.471921901664779,-0.157054173547943,-1.42571858026568,-1.08665491345185
"2870-64908","2850-57577","2870-64908_2850-57577",2,"CHR",101,"CHR-101","0",10,22.05824628,0,-12,0.032258064516129,"CHR_101_2",1,NA,0,4,"no",18.58,12.54084247,22.86535394,80,0.606435458890079,-1.12204057333336,-0.450386497816471,18.2,20.92472416,28.83623131,90.83333333,0.138141843147924,1.85501086327307,1.24200585669334,1.58386890267709,-0.75378628983068,0,"large","second","dist.20+","dist.20+","dist.20+",0,-2.51628253478539,1.47226847611183,0.292877508261001,-0.471921901664779,-0.666047261839958,0.264789915692027,-0.462001728113777
"2870-64908","2850-57578","2870-64908_2850-57578",2,"CHR",101,"CHR-101","0",10,10.91361437,0,-15,0.032258064516129,"CHR_101_2",1,NA,0,4,"no",18.58,12.54084247,22.86535394,80,0.606435458890079,-1.12204057333336,-0.450386497816471,17.2,10.81633932,15.67680791,91.5,0.217791194744121,-0.741801149826969,-1.44812434290995,-0.0100657227900632,-0.75378628983068,0,"large","second","dist.20","dist.20","dist.20",0,-2.51628253478539,1.47226847611183,0.292877508261001,-0.471921901664779,0.0550262790587415,1.59216462744548,-0.0904874492207969
"2870-64908","2850-57579","2870-64908_2850-57579",2,"CHR",101,"CHR-101","0",0,3.124989672,0,-53,0.032258064516129,"CHR_101_2",1,NA,0,4,"no",18.58,12.54084247,22.86535394,80,0.606435458890079,-1.12204057333336,-0.450386497816471,16.3,11.31949153,24.77905949,93.5,0.456739248337971,-0.612542942504321,0.412613860843324,-1.12401535263574,-0.75378628983068,0,"large","second","dist.05","dist.05","dist.10",0,-2.51628253478539,1.47226847611183,0.292877508261001,-0.471921901664779,0.394355006283394,0.252942547897877,-0.257226498974273
"2870-64908","2850-57580","2870-64908_2850-57580",2,"CHR",101,"CHR-101","0",0,2.800205834,0,-70,0.032258064516129,"CHR_101_2",1,NA,0,4,"no",18.58,12.54084247,22.86535394,80,0.606435458890079,-1.12204057333336,-0.450386497816471,16.2,9.142844799,27.48113161,87.83333333,-0.220280237242851,-1.17171658585126,0.964988048569367,-1.17046679305665,-0.75378628983068,0,"large","second","dist.05","dist.05","dist.10",0,-2.51628253478539,1.47226847611183,0.292877508261001,-0.471921901664779,0.564019367350756,0.594981908524202,0.613110506001452
"2870-64908","2850-57581","2870-64908_2850-57581",2,"CHR",101,"CHR-101","0",10,5.627100609,0,-31,0.032258064516129,"CHR_101_2",1,NA,0,4,"no",18.58,12.54084247,22.86535394,80,0.606435458890079,-1.12204057333336,-0.450386497816471,15.5,12.5018158,18.94245264,82.5,-0.857475046428205,-0.308807586528723,-0.780541178943333,-0.766156852556813,-0.75378628983068,0,"large","second","dist.10","dist.10","dist.10",0,-2.51628253478539,1.47226847611183,0.292877508261001,-0.471921901664779,-0.920543805985966,0.0923616887128494,-0.0652425713766268
"2870-64908","2850-57589","2870-64908_2850-57589",2,"CHR",101,"CHR-101","0",10,1.493579003,0,-21,0.032258064516129,"CHR_101_2",1,NA,0,4,"no",18.58,12.54084247,22.86535394,80,0.606435458890079,-1.12204057333336,-0.450386497816471,17.5,12.65077601,16.92662014,97,0.874898342127209,-0.270540180912031,-1.19263004642303,-1.35734400580932,-0.75378628983068,0,"large","second","dist.05","dist.05","dist.10",0,-2.51628253478539,1.47226847611183,0.292877508261001,-0.471921901664779,0.394355006283394,-0.220209818057244,-0.7238327207249
"2870-64908","2850-57620","2870-64908_2850-57620",2,"CHR",101,"CHR-101","0",10,13.39427517,0,-22,0.032258064516129,"CHR_101_2",1,NA,0,4,"no",18.58,12.54084247,22.86535394,80,0.606435458890079,-1.12204057333336,-0.450386497816471,18.2,8.903889997,21.60838485,87,-0.319841925842042,-1.2331033167923,-0.235554933708899,0.344724922167097,-0.75378628983068,0,"large","second","dist.20","dist.20","dist.20",0,-2.51628253478539,1.47226847611183,0.292877508261001,-0.471921901664779,-1.04779207805897,-0.519894914297499,-0.347422909026337
"2870-64908","2850-57647","2870-64908_2850-57647",2,"CHR",101,"CHR-101","0",10,8.790176277,0,-12,0.032258064516129,"CHR_101_2",1,NA,0,4,"no",18.58,12.54084247,22.86535394,80,0.606435458890079,-1.12204057333336,-0.450386497816471,15.8,12.89783981,28.1838767,85.83333333,-0.459228290836701,-0.207070274097309,1.10864751842364,-0.313765434795054,-0.75378628983068,0,"large","second","dist.10","dist.10","dist.10",0,-2.51628253478539,1.47226847611183,0.292877508261001,-0.471921901664779,2.30307908737845,-0.324477446700752,0.908946604529733
"2870-64908","2850-57653","2870-64908_2850-57653",2,"CHR",101,"CHR-101","0",5,23.54694022,0,-38,0.032258064516129,"CHR_101_2",1,NA,0,4,"no",18.58,12.54084247,22.86535394,80,0.606435458890079,-1.12204057333336,-0.450386497816471,16.37,8.467490861,27.15053506,78,-1.39510816701437,-1.34521287106915,0.897405470214174,1.79678583316449,-0.75378628983068,0,"large","second","dist.20+","dist.20+","dist.20+",0,-2.51628253478539,1.47226847611183,0.292877508261001,-0.471921901664779,0.182274551131745,-1.12841701146077,0.110874711490428
"2870-64908","2850-57669","2870-64908_2850-57669",2,"CHR",101,"CHR-101","0",10,8.907972863,0,-17,0.032258064516129,"CHR_101_2",1,NA,0,4,"no",18.58,12.54084247,22.86535394,80,0.606435458890079,-1.12204057333336,-0.450386497816471,17.82,14.07982054,27.72719176,89.66666667,-0.0012445206519955,0.0965768275416075,1.01528917653778,-0.296917856633344,-0.75378628983068,0,"large","second","dist.10","dist.10","dist.10",0,-2.51628253478539,1.47226847611183,0.292877508261001,-0.471921901664779,NA,NA,NA
"2870-64908","2850-57671","2870-64908_2850-57671",2,"CHR",101,"CHR-101","0",0,8.397474954,0,-67,0.032258064516129,"CHR_101_2",1,NA,0,4,"no",18.58,12.54084247,22.86535394,80,0.606435458890079,-1.12204057333336,-0.450386497816471,17.53,16.28350449,28.84180791,75.83333333,-1.65396855880595,0.662696246718346,1.24314585953504,-0.369930612905137,-0.75378628983068,0,"large","second","dist.10","dist.10","dist.10",0,-2.51628253478539,1.47226847611183,0.292877508261001,-0.471921901664779,0.606435458890079,1.16785270969026,0.187430780520441
"2870-64908","2850-57731","2870-64908_2850-57731",2,"CHR",101,"CHR-101","0",10,8.3995873559,9,1,0,"CHR_101_2",1,NA,0,4,"no",18.58,12.54084247,22.86535394,80,0.606435458890079,-1.12204057333336,-0.450386497816471,15.9,10.9634214,23.24545364,91,0.158054181345658,-0.704016229851986,0.0991047285683272,-0.369628491618539,1.6643004221014,0,"large","second","dist.10","dist.10","dist.10",0,-2.9135104513326,1.47226847611183,0.292877508261001,-0.471921901664779,-1.17504035013197,-0.720064302121302,-0.918055636034195
"2870-64908","2850-57742","2870-64908_2850-57742",2,"CHR",101,"CHR-101","0",8,5.420616721,0,-35,0.032258064516129,"CHR_101_2",1,NA,0,4,"no",18.58,12.54084247,22.86535394,80,0.606435458890079,-1.12204057333336,-0.450386497816471,16.98,13.00562645,26.1463443,93,0.397002234939508,-0.179380228057897,0.692122624034258,-0.795688722370204,-0.75378628983068,0,"large","second","dist.10","dist.10","dist.10",0,-2.51628253478539,1.47226847611183,0.292877508261001,-0.471921901664779,0.564019367350756,-0.96234197733198,-0.610003960994292
"2870-64908","2850-57744","2870-64908_2850-57744",2,"CHR",101,"CHR-101","0",10,5.025876694,0,-11,0.032258064516129,"CHR_101_2",1,NA,0,4,"no",18.58,12.54084247,22.86535394,80,0.606435458890079,-1.12204057333336,-0.450386497816471,14.77,24.63866733,20.45419575,84.5,-0.618526992834355,2.80911108724386,-0.47150136233152,-0.852145481299009,-0.75378628983068,0,"large","second","dist.10","dist.10","dist.10",0,-2.51628253478539,1.47226847611183,0.292877508261001,-0.471921901664779,-0.411550717693951,1.14723185861105,0.256764043881684
"2870-64908","2850-57745","2870-64908_2850-57745",2,"CHR",101,"CHR-101","0",0,20.37910039,0,-41,0.032258064516129,"CHR_101_2",1,NA,0,4,"no",18.58,12.54084247,22.86535394,80,0.606435458890079,-1.12204057333336,-0.450386497816471,16.33,11.89491525,19.28173812,85,-0.558789979435893,-0.464718413425676,-0.711182356121742,1.34371303239838,-0.75378628983068,0,"large","second","dist.20+","dist.20+","dist.20+",0,-2.51628253478539,1.47226847611183,0.292877508261001,-0.471921901664779,NA,NA,NA
"2870-64908","2850-57806","2870-64908_2850-57806",2,"CHR",101,"CHR-101","0",10,17.24895326,0,-32,0.032258064516129,"CHR_101_2",1,NA,0,4,"no",18.58,12.54084247,22.86535394,80,0.606435458890079,-1.12204057333336,-0.450386497816471,15.88,11.25502825,14.26422898,83.83333333,-0.698176344430552,-0.62910335473214,-1.73689240845576,0.896031140918702,-0.75378628983068,0,"large","second","dist.20","dist.20","dist.20",0,-2.51628253478539,1.47226847611183,0.292877508261001,-0.471921901664779,0.224690642671068,-0.312822534834813,0.766781208645738
"2870-64908","2850-57808","2870-64908_2850-57808",2,"CHR",101,"CHR-101","0",6,8.273421124,0,-36,0.032258064516129,"CHR_101_2",1,NA,0,4,"no",18.58,12.54084247,22.86535394,80,0.606435458890079,-1.12204057333336,-0.450386497816471,17.44,11.46748421,15.37756564,100,1.23332042251798,-0.574524092276724,-1.50929728666711,-0.387673118593583,-0.75378628983068,0,"large","second","dist.10","dist.10","dist.10",0,-2.51628253478539,1.47226847611183,0.292877508261001,-0.471921901664779,0.564019367350756,-2.00209196155345,-1.05591017852521
"2870-64908","2850-57881","2870-64908_2850-57881",2,"CHR",101,"CHR-101","0",10,10.47337724,0,-22,0.032258064516129,"CHR_101_2",1,NA,0,4,"no",18.58,12.54084247,22.86535394,80,0.606435458890079,-1.12204057333336,-0.450386497816471,16.55,11.73463277,21.93833167,84.83333333,-0.578702317633627,-0.50589447430401,-0.16810517715307,-0.0730295972894663,-0.75378628983068,0,"large","second","dist.20","dist.20","dist.20",0,-2.51628253478539,1.47226847611183,0.292877508261001,-0.471921901664779,-0.835711625452285,0.553081751767378,1.79200900661347
"2870-64909","2640-97588","2870-64909_2640-97588",1,"CHR",148,"CHR-148","0",11,21.76215859,0,-29,0.138709677419355,"CHR_148_2",1,NA,0,4,"no",17.46,13.53066633,38.09591392,72,-1.42953689427798,-0.800014963519235,1.82907627632923,18.7,11.85018943,14.45612662,87,-0.319841925842042,-0.476208334764261,-1.69766351362466,1.54152166096674,-0.75378628983068,0,"large","first","dist.20+","dist.20+","dist.20+",0,-1.20543041017957,-0.140630885646655,NA,1.17303054549732,0.224690642671068,-0.0934822025987468,-1.95280566010936
"2870-64909","2640-97589","2870-64909_2640-97589",1,"CHR",148,"CHR-148","0",11,10.26536114,0,-26,0.138709677419355,"CHR_148_2",1,NA,0,4,"no",17.46,13.53066633,38.09591392,72,-1.42953689427798,-0.800014963519235,1.82907627632923,16.1,11.8153556,16.91354271,99.66666667,1.19349574731726,-0.485157035237985,-1.19530341502793,-0.10278060810097,-0.75378628983068,0,"large","first","dist.20","dist.20","dist.20",0,-1.20543041017957,-0.140630885646655,NA,1.17303054549732,0.98818027510909,-0.478534822267752,-0.867541507603602
"2870-64909","2811-83208","2870-64909_2811-83208",1,"CHR",148,"CHR-148","0",11,7.9486736,0,-11,0.138709677419355,"CHR_148_2",1,NA,0,4,"no",17.46,13.53066633,38.09591392,72,-1.42953689427798,-0.800014963519235,1.82907627632923,16.9,18.73416916,21.00459455,87,-0.319841925842042,1.29226422972124,-0.358985457287731,-0.434119365290512,-0.75378628983068,0,"large","first","dist.10","dist.10","dist.10",0,-1.20543041017957,-0.140630885646655,NA,1.17303054549732,-0.411550717693951,-0.159665267146272,1.94192717350385
"2870-64909","2850-57570","2870-64909_2850-57570",1,"CHR",148,"CHR-148","0",11,18.44421548,0,-30,0.138709677419355,"CHR_148_2",1,NA,0,4,"no",17.46,13.53066633,38.09591392,72,-1.42953689427798,-0.800014963519235,1.82907627632923,16.51,16.84077767,23.06811898,90,0.038580154548733,0.805857959623855,0.0628528876022267,1.06698069352449,-0.75378628983068,0,"large","first","dist.20","dist.20","dist.20",0,-1.20543041017957,-0.140630885646655,NA,1.17303054549732,-0.157054173547943,-1.42571858026568,-1.08665491345185
"2870-64909","2850-57577","2870-64909_2850-57577",1,"CHR",148,"CHR-148","0",11,22.23282802,10,-1,0.106451612903226,"CHR_148_2",1,NA,0,4,"no",17.46,13.53066633,38.09591392,72,-1.42953689427798,-0.800014963519235,1.82907627632923,18.2,20.92472416,28.83623131,90.83333333,0.138141843147924,1.85501086327307,1.24200585669334,1.60883804321107,1.93297672342719,0,"large","first","dist.20+","dist.20+","dist.20+",0,-1.60265832672678,-0.140630885646655,NA,1.17303054549732,-0.666047261839958,0.264789915692027,-0.462001728113777
"2870-64909","2850-57578","2870-64909_2850-57578",1,"CHR",148,"CHR-148","0",11,11.90113039,6,-4,0.119354838709677,"CHR_148_2",1,NA,0,4,"no",17.46,13.53066633,38.09591392,72,-1.42953689427798,-0.800014963519235,1.82907627632923,17.2,10.81633932,15.67680791,91.5,0.217791194744121,-0.741801149826969,-1.44812434290995,0.131171420813499,0.858271518124042,0,"large","first","dist.20","dist.20","dist.20",0,-1.4437671601079,-0.140630885646655,NA,1.17303054549732,0.0550262790587415,1.59216462744548,-0.0904874492207969
"2870-64909","2850-57581","2870-64909_2850-57581",1,"CHR",148,"CHR-148","0",11,8.444183217,0,-20,0.138709677419355,"CHR_148_2",1,NA,0,4,"no",17.46,13.53066633,38.09591392,72,-1.42953689427798,-0.800014963519235,1.82907627632923,15.5,12.5018158,18.94245264,82.5,-0.857475046428205,-0.308807586528723,-0.780541178943333,-0.363250274039541,-0.75378628983068,0,"large","first","dist.10","dist.10","dist.10",0,-1.20543041017957,-0.140630885646655,NA,1.17303054549732,-0.920543805985966,0.0923616887128494,-0.0652425713766268
"2870-64909","2850-57589","2870-64909_2850-57589",1,"CHR",148,"CHR-148","0",11,3.416815522,0,-10,0.138709677419355,"CHR_148_2",1,NA,0,4,"no",17.46,13.53066633,38.09591392,72,-1.42953689427798,-0.800014963519235,1.82907627632923,17.5,12.65077601,16.92662014,97,0.874898342127209,-0.270540180912031,-1.19263004642303,-1.08227765051352,-0.75378628983068,0,"large","first","dist.05","dist.05","dist.10",0,-1.20543041017957,-0.140630885646655,NA,1.17303054549732,0.394355006283394,-0.220209818057244,-0.7238327207249
"2870-64909","2850-57620","2870-64909_2850-57620",1,"CHR",148,"CHR-148","0",11,14.60087856,0,-11,0.138709677419355,"CHR_148_2",1,NA,0,4,"no",17.46,13.53066633,38.09591392,72,-1.42953689427798,-0.800014963519235,1.82907627632923,18.2,8.903889997,21.60838485,87,-0.319841925842042,-1.2331033167923,-0.235554933708899,0.517296518793929,-0.75378628983068,0,"large","first","dist.20","dist.20","dist.20",0,-1.20543041017957,-0.140630885646655,NA,1.17303054549732,-1.04779207805897,-0.519894914297499,-0.347422909026337
"2870-64909","2850-57647","2870-64909_2850-57647",1,"CHR",148,"CHR-148","0",11,10.39671176,10,-1,0.106451612903226,"CHR_148_2",1,NA,0,4,"no",17.46,13.53066633,38.09591392,72,-1.42953689427798,-0.800014963519235,1.82907627632923,15.8,12.89783981,28.1838767,85.83333333,-0.459228290836701,-0.207070274097309,1.10864751842364,-0.0839944962773286,1.93297672342719,0,"large","first","dist.20","dist.20","dist.20",0,-1.60265832672678,-0.140630885646655,NA,1.17303054549732,2.30307908737845,-0.324477446700752,0.908946604529733
"2870-64909","2850-57653","2870-64909_2850-57653",1,"CHR",148,"CHR-148","0",11,24.87527375,0,-27,0.138709677419355,"CHR_148_2",1,NA,0,4,"no",17.46,13.53066633,38.09591392,72,-1.42953689427798,-0.800014963519235,1.82907627632923,16.37,8.467490861,27.15053506,78,-1.39510816701437,-1.34521287106915,0.897405470214174,1.98676759521229,-0.75378628983068,0,"large","first","dist.20+","dist.20+","dist.20+",0,-1.20543041017957,-0.140630885646655,NA,1.17303054549732,0.182274551131745,-1.12841701146077,0.110874711490428
"2870-64909","2850-57669","2870-64909_2850-57669",1,"CHR",148,"CHR-148","0",11,10.89631925,5,-6,0.12258064516129,"CHR_148_2",1,NA,0,4,"no",17.46,13.53066633,38.09591392,72,-1.42953689427798,-0.800014963519235,1.82907627632923,17.82,14.07982054,27.72719176,89.66666667,-0.0012445206519955,0.0965768275416075,1.01528917653778,-0.0125393164306816,0.589595216798255,0,"large","first","dist.20","dist.20","dist.20",0,-1.40404436845318,-0.140630885646655,NA,1.17303054549732,NA,NA,NA
"2870-64909","2850-57731","2870-64909_2850-57731",1,"CHR",148,"CHR-148","0",11,12.53760024,0,12,0.138709677419355,"CHR_148_2",1,NA,0,4,"no",17.46,13.53066633,38.09591392,72,-1.42953689427798,-0.800014963519235,1.82907627632923,15.9,10.9634214,23.24545364,91,0.158054181345658,-0.704016229851986,0.0991047285683272,0.2222010160638,-0.75378628983068,0,"large","first","dist.20","dist.20","dist.20",0,-1.20543041017957,-0.140630885646655,NA,1.17303054549732,-1.17504035013197,-0.720064302121302,-0.918055636034195
"2870-64909","2850-57733","2870-64909_2850-57733",1,"CHR",148,"CHR-148","0",11,2.923397422,0,11,0.138709677419355,"CHR_148_2",1,NA,0,4,"no",17.46,13.53066633,38.09591392,72,-1.42953689427798,-0.800014963519235,1.82907627632923,15.66,14.84394317,20.45213858,102,1.47226847611183,0.292877508261001,-0.471921901664779,-1.15284760749133,-0.75378628983068,0,"large","first","dist.05","dist.05","dist.10",0,-1.20543041017957,-0.140630885646655,NA,1.17303054549732,0.606435458890079,-1.12204057333336,-0.450386497816471
"2870-64909","2850-57742","2870-64909_2850-57742",1,"CHR",148,"CHR-148","0",11,8.152147368,0,-24,0.138709677419355,"CHR_148_2",1,NA,0,4,"no",17.46,13.53066633,38.09591392,72,-1.42953689427798,-0.800014963519235,1.82907627632923,16.98,13.00562645,26.1463443,93,0.397002234939508,-0.179380228057897,0.692122624034258,-0.405018010772158,-0.75378628983068,0,"large","first","dist.10","dist.10","dist.10",0,-1.20543041017957,-0.140630885646655,NA,1.17303054549732,0.564019367350756,-0.96234197733198,-0.610003960994292
"2870-64909","2850-57744","2870-64909_2850-57744",1,"CHR",148,"CHR-148","0",11,6.510952843,11,0,0.106451612903226,"CHR_148_2",1,NA,0,4,"no",17.46,13.53066633,38.09591392,72,-1.42953689427798,-0.800014963519235,1.82907627632923,14.77,24.63866733,20.45419575,84.5,-0.618526992834355,2.80911108724386,-0.47150136233152,-0.639745976814476,2.20165302475298,0,"large","first","dist.10","dist.10","dist.10",0,-1.60265832672678,-0.140630885646655,NA,1.17303054549732,-0.411550717693951,1.14723185861105,0.256764043881684
"2870-64909","2850-57745","2870-64909_2850-57745",1,"CHR",148,"CHR-148","0",11,21.10205484,0,-30,0.138709677419355,"CHR_148_2",1,NA,0,4,"no",17.46,13.53066633,38.09591392,72,-1.42953689427798,-0.800014963519235,1.82907627632923,16.33,11.89491525,19.28173812,85,-0.558789979435893,-0.464718413425676,-0.711182356121742,1.4471118830555,-0.75378628983068,0,"large","first","dist.20+","dist.20+","dist.20+",0,-1.20543041017957,-0.140630885646655,NA,1.17303054549732,NA,NA,NA
"2870-64909","2850-57806","2870-64909_2850-57806",1,"CHR",148,"CHR-148","0",11,18.05448395,0,-21,0.138709677419355,"CHR_148_2",1,NA,0,4,"no",17.46,13.53066633,38.09591392,72,-1.42953689427798,-0.800014963519235,1.82907627632923,15.88,11.25502825,14.26422898,83.83333333,-0.698176344430552,-0.62910335473214,-1.73689240845576,1.01124026303563,-0.75378628983068,0,"large","first","dist.20","dist.20","dist.20",0,-1.20543041017957,-0.140630885646655,NA,1.17303054549732,0.224690642671068,-0.312822534834813,0.766781208645738
"2870-64909","2850-57808","2870-64909_2850-57808",1,"CHR",148,"CHR-148","0",11,8.515313388,0,-25,0.138709677419355,"CHR_148_2",1,NA,0,4,"no",17.46,13.53066633,38.09591392,72,-1.42953689427798,-0.800014963519235,1.82907627632923,17.44,11.46748421,15.37756564,100,1.23332042251798,-0.574524092276724,-1.50929728666711,-0.353077049532183,-0.75378628983068,0,"large","first","dist.10","dist.10","dist.10",0,-1.20543041017957,-0.140630885646655,NA,1.17303054549732,0.564019367350756,-2.00209196155345,-1.05591017852521
"2870-64909","2850-57881","2870-64909_2850-57881",1,"CHR",148,"CHR-148","0",11,9.714686708,0,-11,0.138709677419355,"CHR_148_2",1,NA,0,4,"no",17.46,13.53066633,38.09591392,72,-1.42953689427798,-0.800014963519235,1.82907627632923,16.55,11.73463277,21.93833167,84.83333333,-0.578702317633627,-0.50589447430401,-0.16810517715307,-0.181539516570317,-0.75378628983068,0,"large","first","dist.10","dist.10","dist.10",0,-1.20543041017957,-0.140630885646655,NA,1.17303054549732,-0.835711625452285,0.553081751767378,1.79200900661347
"2870-65003","2640-97588","2870-65003_2640-97588",1,"CHR",128,"CHR-128","0",10,6.614013398,0,21,0.189964157706093,"CHR_128_1",1,NA,0,4,"no",16.1,16.80360253,22.7877451,75,-0.666047261839958,0.264789915692027,-0.462001728113777,18.7,11.85018943,14.45612662,87,-0.319841925842042,-0.476208334764261,-1.69766351362466,-0.625005984640579,-0.75378628983068,0,"large","first","dist.10","dist.10","dist.10",0,-0.574279387221214,0.138141843147924,1.85501086327307,1.24200585669334,0.224690642671068,-0.0934822025987468,-1.95280566010936
"2870-65003","2640-97588","2870-65003_2640-97588",2,"CHR",150,"CHR-150","0",11,7.907090795,0,-28,0.154838709677419,"CHR_150_2",1,NA,0,1,"no",16.1,16.80360253,22.7877451,75,-0.666047261839958,0.264789915692027,-0.462001728113777,18.7,11.85018943,14.45612662,87,-0.319841925842042,-0.476208334764261,-1.69766351362466,-0.440066647645713,-0.75378628983068,0,"large","second","dist.10","dist.10","dist.10",0,-1.00681645190596,0.138141843147924,1.85501086327307,1.24200585669334,0.224690642671068,-0.0934822025987468,-1.95280566010936
"2870-65003","2640-97589","2870-65003_2640-97589",1,"CHR",128,"CHR-128","0",10,13.36803151,0,24,0.189964157706093,"CHR_128_1",1,NA,0,4,"no",16.1,16.80360253,22.7877451,75,-0.666047261839958,0.264789915692027,-0.462001728113777,16.1,11.8153556,16.91354271,99.66666667,1.19349574731726,-0.485157035237985,-1.19530341502793,0.34097148475339,-0.75378628983068,0,"large","first","dist.20","dist.20","dist.20",0,-0.574279387221214,0.138141843147924,1.85501086327307,1.24200585669334,0.98818027510909,-0.478534822267752,-0.867541507603602
"2870-65003","2640-97589","2870-65003_2640-97589",2,"CHR",150,"CHR-150","0",11,13.98501706,0,-25,0.154838709677419,"CHR_150_2",1,NA,0,1,"no",16.1,16.80360253,22.7877451,75,-0.666047261839958,0.264789915692027,-0.462001728113777,16.1,11.8153556,16.91354271,99.66666667,1.19349574731726,-0.485157035237985,-1.19530341502793,0.429214384070276,-0.75378628983068,0,"large","second","dist.20","dist.20","dist.20",0,-1.00681645190596,0.138141843147924,1.85501086327307,1.24200585669334,0.98818027510909,-0.478534822267752,-0.867541507603602
"2870-65003","2811-83208","2870-65003_2811-83208",1,"CHR",128,"CHR-128","0",10,29.43897383,0,-10,0.189964157706093,"CHR_128_1",1,NA,0,4,"no",16.1,16.80360253,22.7877451,75,-0.666047261839958,0.264789915692027,-0.462001728113777,16.9,18.73416916,21.00459455,87,-0.319841925842042,1.29226422972124,-0.358985457287731,2.63948000747528,-0.75378628983068,0,"large","first","dist.20+","dist.20+","dist.20+",0,-0.574279387221214,0.138141843147924,1.85501086327307,1.24200585669334,-0.411550717693951,-0.159665267146272,1.94192717350385
"2870-65003","2811-83208","2870-65003_2811-83208",2,"CHR",150,"CHR-150","0",11,29.77877437,0,-10,0.154838709677419,"CHR_150_2",1,NA,0,1,"no",16.1,16.80360253,22.7877451,75,-0.666047261839958,0.264789915692027,-0.462001728113777,16.9,18.73416916,21.00459455,87,-0.319841925842042,1.29226422972124,-0.358985457287731,2.68807917619008,-0.75378628983068,0,"large","second","dist.20+","dist.20+","dist.20+",0,-1.00681645190596,0.138141843147924,1.85501086327307,1.24200585669334,-0.411550717693951,-0.159665267146272,1.94192717350385
"2870-65003","2850-57567","2870-65003_2850-57567",1,"CHR",128,"CHR-128","0",10,8.376653586,0,-12,0.189964157706093,"CHR_128_1",1,NA,0,4,"no",16.1,16.80360253,22.7877451,75,-0.666047261839958,0.264789915692027,-0.462001728113777,16.6,10.56012296,26.35612994,102.1666667,1.49218081789379,-0.807622320284185,0.735008293751907,-0.372908539827516,-0.75378628983068,0,"large","first","dist.10","dist.10","dist.10",0,-0.574279387221214,0.138141843147924,1.85501086327307,1.24200585669334,-1.17504035013197,0.922800644787313,-0.818227574717981
"2870-65003","2850-57567","2870-65003_2850-57567",2,"CHR",150,"CHR-150","0",0,9.545469371,0,-61,0.154838709677419,"CHR_150_2",1,NA,0,1,"no",16.1,16.80360253,22.7877451,75,-0.666047261839958,0.264789915692027,-0.462001728113777,16.6,10.56012296,26.35612994,102.1666667,1.49218081789379,-0.807622320284185,0.735008293751907,-0.205741426050308,-0.75378628983068,0,"large","second","dist.10","dist.10","dist.10",0,-1.00681645190596,0.138141843147924,1.85501086327307,1.24200585669334,-1.17504035013197,0.922800644787313,-0.818227574717981
"2870-65003","2850-57570","2870-65003_2850-57570",1,"CHR",128,"CHR-128","0",10,8.987406143,10,0,0.157706093189964,"CHR_128_1",1,NA,0,4,"no",16.1,16.80360253,22.7877451,75,-0.666047261839958,0.264789915692027,-0.462001728113777,16.51,16.84077767,23.06811898,90,0.038580154548733,0.805857959623855,0.0628528876022267,-0.285557099595436,1.93297672342719,0,"large","first","dist.10","dist.10","dist.10",0,-0.971507303768431,0.138141843147924,1.85501086327307,1.24200585669334,-0.157054173547943,-1.42571858026568,-1.08665491345185
"2870-65003","2850-57570","2870-65003_2850-57570",2,"CHR",150,"CHR-150","0",11,7.917279286,0,-29,0.154838709677419,"CHR_150_2",1,NA,0,1,"no",16.1,16.80360253,22.7877451,75,-0.666047261839958,0.264789915692027,-0.462001728113777,16.51,16.84077767,23.06811898,90,0.038580154548733,0.805857959623855,0.0628528876022267,-0.438609462812933,-0.75378628983068,0,"large","second","dist.10","dist.10","dist.10",0,-1.00681645190596,0.138141843147924,1.85501086327307,1.24200585669334,-0.157054173547943,-1.42571858026568,-1.08665491345185
"2870-65003","2850-57578","2870-65003_2850-57578",1,"CHR",128,"CHR-128","0",10,10.85140017,7,-4,0.164874551971326,"CHR_128_1",1,NA,0,4,"no",16.1,16.80360253,22.7877451,75,-0.666047261839958,0.264789915692027,-0.462001728113777,17.2,10.81633932,15.67680791,91.5,0.217791194744121,-0.741801149826969,-1.44812434290995,-0.0189637616285426,1.12694781944983,0,"large","first","dist.20","dist.20","dist.20",0,-0.883234433424605,0.138141843147924,1.85501086327307,1.24200585669334,0.0550262790587415,1.59216462744548,-0.0904874492207969
"2870-65003","2850-57578","2870-65003_2850-57578",2,"CHR",150,"CHR-150","0",11,11.41512847,7,-3,0.132258064516129,"CHR_150_2",1,NA,0,1,"no",16.1,16.80360253,22.7877451,75,-0.666047261839958,0.264789915692027,-0.462001728113777,17.2,10.81633932,15.67680791,91.5,0.217791194744121,-0.741801149826969,-1.44812434290995,0.0616621454433164,1.12694781944983,0,"large","second","dist.20","dist.20","dist.20",0,-1.28487599348901,0.138141843147924,1.85501086327307,1.24200585669334,0.0550262790587415,1.59216462744548,-0.0904874492207969
"2870-65003","2850-57579","2870-65003_2850-57579",1,"CHR",128,"CHR-128","0",10,18.57789804,2,8,0.182795698924731,"CHR_128_1",1,NA,0,4,"no",16.1,16.80360253,22.7877451,75,-0.666047261839958,0.264789915692027,-0.462001728113777,16.3,11.31949153,24.77905949,93.5,0.456739248337971,-0.612542942504321,0.412613860843324,1.08610032555235,-0.216433687179106,0,"large","first","dist.20","dist.20","dist.20",0,-0.662552257565041,0.138141843147924,1.85501086327307,1.24200585669334,0.394355006283394,0.252942547897877,-0.257226498974273
"2870-65003","2850-57579","2870-65003_2850-57579",2,"CHR",150,"CHR-150","0",1,19.6399152,0,-41,0.154838709677419,"CHR_150_2",1,NA,0,1,"no",16.1,16.80360253,22.7877451,75,-0.666047261839958,0.264789915692027,-0.462001728113777,16.3,11.31949153,24.77905949,93.5,0.456739248337971,-0.612542942504321,0.412613860843324,1.23799281853324,-0.75378628983068,0,"large","second","dist.20","dist.20","dist.20",0,-1.00681645190596,0.138141843147924,1.85501086327307,1.24200585669334,0.394355006283394,0.252942547897877,-0.257226498974273
"2870-65003","2850-57580","2870-65003_2850-57580",1,"CHR",128,"CHR-128","0",10,24.26838259,1,-9,0.186379928315412,"CHR_128_1",1,NA,0,4,"no",16.1,16.80360253,22.7877451,75,-0.666047261839958,0.264789915692027,-0.462001728113777,16.2,9.142844799,27.48113161,87.83333333,-0.220280237242851,-1.17171658585126,0.964988048569367,1.89996842215518,-0.485109988504893,0,"large","first","dist.20+","dist.20+","dist.20+",0,-0.618415822393128,0.138141843147924,1.85501086327307,1.24200585669334,0.564019367350756,0.594981908524202,0.613110506001452
"2870-65003","2850-57580","2870-65003_2850-57580",2,"CHR",150,"CHR-150","0",0,24.62128642,0,-58,0.154838709677419,"CHR_150_2",1,NA,0,1,"no",16.1,16.80360253,22.7877451,75,-0.666047261839958,0.264789915692027,-0.462001728113777,16.2,9.142844799,27.48113161,87.83333333,-0.220280237242851,-1.17171658585126,0.964988048569367,1.95044165793717,-0.75378628983068,0,"large","second","dist.20+","dist.20+","dist.20+",0,-1.00681645190596,0.138141843147924,1.85501086327307,1.24200585669334,0.564019367350756,0.594981908524202,0.613110506001452
"2870-65003","2850-57581","2870-65003_2850-57581",1,"CHR",128,"CHR-128","0",10,24.06060461,0,-19,0.189964157706093,"CHR_128_1",1,NA,0,4,"no",16.1,16.80360253,22.7877451,75,-0.666047261839958,0.264789915692027,-0.462001728113777,15.5,12.5018158,18.94245264,82.5,-0.857475046428205,-0.308807586528723,-0.780541178943333,1.8702514678936,-0.75378628983068,0,"large","first","dist.20+","dist.20+","dist.20+",0,-0.574279387221214,0.138141843147924,1.85501086327307,1.24200585669334,-0.920543805985966,0.0923616887128494,-0.0652425713766268
"2870-65003","2850-57581","2870-65003_2850-57581",2,"CHR",150,"CHR-150","0",11,26.57651967,0,-19,0.154838709677419,"CHR_150_2",1,NA,0,1,"no",16.1,16.80360253,22.7877451,75,-0.666047261839958,0.264789915692027,-0.462001728113777,15.5,12.5018158,18.94245264,82.5,-0.857475046428205,-0.308807586528723,-0.780541178943333,2.2300842700223,-0.75378628983068,0,"large","second","dist.20+","dist.20+","dist.20+",0,-1.00681645190596,0.138141843147924,1.85501086327307,1.24200585669334,-0.920543805985966,0.0923616887128494,-0.0652425713766268
"2870-65003","2850-57589","2870-65003_2850-57589",1,"CHR",128,"CHR-128","0",10,18.96419155,0,-13,0.189964157706093,"CHR_128_1",1,NA,0,4,"no",16.1,16.80360253,22.7877451,75,-0.666047261839958,0.264789915692027,-0.462001728113777,17.5,12.65077601,16.92662014,97,0.874898342127209,-0.270540180912031,-1.19263004642303,1.14134904136052,-0.75378628983068,0,"large","first","dist.20","dist.20","dist.20",0,-0.574279387221214,0.138141843147924,1.85501086327307,1.24200585669334,0.394355006283394,-0.220209818057244,-0.7238327207249
"2870-65003","2850-57589","2870-65003_2850-57589",2,"CHR",150,"CHR-150","0",11,20.62371574,1,-9,0.151612903225806,"CHR_150_2",1,NA,0,1,"no",16.1,16.80360253,22.7877451,75,-0.666047261839958,0.264789915692027,-0.462001728113777,17.5,12.65077601,16.92662014,97,0.874898342127209,-0.270540180912031,-1.19263004642303,1.37869856439571,-0.485109988504893,0,"large","second","dist.20+","dist.20+","dist.20+",0,-1.04653924356069,0.138141843147924,1.85501086327307,1.24200585669334,0.394355006283394,-0.220209818057244,-0.7238327207249
"2870-65003","2850-57620","2870-65003_2850-57620",1,"CHR",128,"CHR-128","0",10,8.922176166,0,-10,0.189964157706093,"CHR_128_1",1,NA,0,4,"no",16.1,16.80360253,22.7877451,75,-0.666047261839958,0.264789915692027,-0.462001728113777,18.2,8.903889997,21.60838485,87,-0.319841925842042,-1.2331033167923,-0.235554933708899,-0.294886462808,-0.75378628983068,0,"large","first","dist.10","dist.10","dist.10",0,-0.574279387221214,0.138141843147924,1.85501086327307,1.24200585669334,-1.04779207805897,-0.519894914297499,-0.347422909026337
"2870-65003","2850-57620","2870-65003_2850-57620",2,"CHR",150,"CHR-150","0",11,9.707677172,0,-10,0.154838709677419,"CHR_150_2",1,NA,0,1,"no",16.1,16.80360253,22.7877451,75,-0.666047261839958,0.264789915692027,-0.462001728113777,18.2,8.903889997,21.60838485,87,-0.319841925842042,-1.2331033167923,-0.235554933708899,-0.182542038881425,-0.75378628983068,0,"large","second","dist.10","dist.10","dist.10",0,-1.00681645190596,0.138141843147924,1.85501086327307,1.24200585669334,-1.04779207805897,-0.519894914297499,-0.347422909026337
"2870-65003","2850-57647","2870-65003_2850-57647",1,"CHR",128,"CHR-128","0",10,13.3869908,6,-5,0.168458781362007,"CHR_128_1",1,NA,0,4,"no",16.1,16.80360253,22.7877451,75,-0.666047261839958,0.264789915692027,-0.462001728113777,15.8,12.89783981,28.1838767,85.83333333,-0.459228290836701,-0.207070274097309,1.10864751842364,0.343683092373033,0.858271518124042,0,"large","first","dist.20","dist.20","dist.20",0,-0.839097998252692,0.138141843147924,1.85501086327307,1.24200585669334,2.30307908737845,-0.324477446700752,0.908946604529733
"2870-65003","2850-57647","2870-65003_2850-57647",2,"CHR",150,"CHR-150","0",11,14.0212532,11,0,0.119354838709677,"CHR_150_2",1,NA,0,1,"no",16.1,16.80360253,22.7877451,75,-0.666047261839958,0.264789915692027,-0.462001728113777,15.8,12.89783981,28.1838767,85.83333333,-0.459228290836701,-0.207070274097309,1.10864751842364,0.434396972306991,2.20165302475298,0,"large","second","dist.20","dist.20","dist.20",0,-1.4437671601079,0.138141843147924,1.85501086327307,1.24200585669334,2.30307908737845,-0.324477446700752,0.908946604529733
"2870-65003","2850-57653","2870-65003_2850-57653",1,"CHR",128,"CHR-128","0",10,5.150742905,0,-10,0.189964157706093,"CHR_128_1",1,NA,0,4,"no",16.1,16.80360253,22.7877451,75,-0.666047261839958,0.264789915692027,-0.462001728113777,16.37,8.467490861,27.15053506,78,-1.39510816701437,-1.34521287106915,0.897405470214174,-0.834286786739057,-0.75378628983068,0,"large","first","dist.10","dist.10","dist.10",0,-0.574279387221214,0.138141843147924,1.85501086327307,1.24200585669334,0.182274551131745,-1.12841701146077,0.110874711490428
"2870-65003","2850-57653","2870-65003_2850-57653",2,"CHR",150,"CHR-150","0",11,7.973090562,0,-26,0.154838709677419,"CHR_150_2",1,NA,0,1,"no",16.1,16.80360253,22.7877451,75,-0.666047261839958,0.264789915692027,-0.462001728113777,16.37,8.467490861,27.15053506,78,-1.39510816701437,-1.34521287106915,0.897405470214174,-0.430627187038703,-0.75378628983068,0,"large","second","dist.10","dist.10","dist.10",0,-1.00681645190596,0.138141843147924,1.85501086327307,1.24200585669334,0.182274551131745,-1.12841701146077,0.110874711490428
"2870-65003","2850-57669","2870-65003_2850-57669",1,"CHR",128,"CHR-128","0",10,11.6279427,1,-10,0.186379928315412,"CHR_128_1",1,NA,0,4,"no",16.1,16.80360253,22.7877451,75,-0.666047261839958,0.264789915692027,-0.462001728113777,17.82,14.07982054,27.72719176,89.66666667,-0.0012445206519955,0.0965768275416075,1.01528917653778,0.0920993974520397,-0.485109988504893,0,"large","first","dist.20","dist.20","dist.20",0,-0.618415822393128,0.138141843147924,1.85501086327307,1.24200585669334,NA,NA,NA
"2870-65003","2850-57669","2870-65003_2850-57669",2,"CHR",150,"CHR-150","0",11,14.66795339,6,-5,0.135483870967742,"CHR_150_2",1,NA,0,1,"no",16.1,16.80360253,22.7877451,75,-0.666047261839958,0.264789915692027,-0.462001728113777,17.82,14.07982054,27.72719176,89.66666667,-0.0012445206519955,0.0965768275416075,1.01528917653778,0.526889737744336,0.858271518124042,0,"large","second","dist.20","dist.20","dist.20",0,-1.24515320183429,0.138141843147924,1.85501086327307,1.24200585669334,NA,NA,NA
"2870-65003","2850-57671","2870-65003_2850-57671",1,"CHR",128,"CHR-128","0",10,28.42927924,5,-6,0.172043010752688,"CHR_128_1",1,NA,0,4,"no",16.1,16.80360253,22.7877451,75,-0.666047261839958,0.264789915692027,-0.462001728113777,17.53,16.28350449,28.84180791,75.83333333,-1.65396855880595,0.662696246718346,1.24314585953504,2.49507082634264,0.589595216798255,0,"large","first","dist.20+","dist.20+","dist.20+",0,-0.79496156308078,0.138141843147924,1.85501086327307,1.24200585669334,0.606435458890079,1.16785270969026,0.187430780520441
"2870-65003","2850-57671","2870-65003_2850-57671",2,"CHR",150,"CHR-150","0",0,28.57936034,0,-55,0.154838709677419,"CHR_150_2",1,NA,0,1,"no",16.1,16.80360253,22.7877451,75,-0.666047261839958,0.264789915692027,-0.462001728113777,17.53,16.28350449,28.84180791,75.83333333,-1.65396855880595,0.662696246718346,1.24314585953504,2.51653582077673,-0.75378628983068,0,"large","second","dist.20+","dist.20+","dist.20+",0,-1.00681645190596,0.138141843147924,1.85501086327307,1.24200585669334,0.606435458890079,1.16785270969026,0.187430780520441
"2870-65003","2850-57731","2870-65003_2850-57731",1,"CHR",128,"CHR-128","0",10,13.66075475,0,21,0.189964157706093,"CHR_128_1",1,NA,0,4,"no",16.1,16.80360253,22.7877451,75,-0.666047261839958,0.264789915692027,-0.462001728113777,15.9,10.9634214,23.24545364,91,0.158054181345658,-0.704016229851986,0.0991047285683272,0.382837533958323,-0.75378628983068,0,"large","first","dist.20","dist.20","dist.20",0,-0.574279387221214,0.138141843147924,1.85501086327307,1.24200585669334,-1.17504035013197,-0.720064302121302,-0.918055636034195
"2870-65003","2850-57731","2870-65003_2850-57731",2,"CHR",150,"CHR-150","0",11,10.45609907,0,13,0.154838709677419,"CHR_150_2",1,NA,0,1,"no",16.1,16.80360253,22.7877451,75,-0.666047261839958,0.264789915692027,-0.462001728113777,15.9,10.9634214,23.24545364,91,0.158054181345658,-0.704016229851986,0.0991047285683272,-0.0755007666964159,-0.75378628983068,0,"large","second","dist.20","dist.20","dist.20",0,-1.00681645190596,0.138141843147924,1.85501086327307,1.24200585669334,-1.17504035013197,-0.720064302121302,-0.918055636034195
"2870-65003","2850-57733","2870-65003_2850-57733",2,"CHR",150,"CHR-150","0",11,22.11213637,0,12,0.154838709677419,"CHR_150_2",1,NA,0,1,"no",16.1,16.80360253,22.7877451,75,-0.666047261839958,0.264789915692027,-0.462001728113777,15.66,14.84394317,20.45213858,102,1.47226847611183,0.292877508261001,-0.471921901664779,1.59157640536665,-0.75378628983068,0,"large","second","dist.20+","dist.20+","dist.20+",0,-1.00681645190596,0.138141843147924,1.85501086327307,1.24200585669334,0.606435458890079,-1.12204057333336,-0.450386497816471
"2870-65003","2850-57733","2870-65003_2850-57733",1,"CHR",128,"CHR-128","0",0,21.73798496,0,15,0.189964157706093,"CHR_128_1",1,NA,0,4,"no",16.1,16.80360253,22.7877451,75,-0.666047261839958,0.264789915692027,-0.462001728113777,15.66,14.84394317,20.45213858,102,1.47226847611183,0.292877508261001,-0.471921901664779,1.53806428469883,-0.75378628983068,0,"large","first","dist.20+","dist.20+","dist.20+",0,-0.574279387221214,0.138141843147924,1.85501086327307,1.24200585669334,0.606435458890079,-1.12204057333336,-0.450386497816471
"2870-65003","2850-57742","2870-65003_2850-57742",1,"CHR",128,"CHR-128","0",10,15.75477188,0,-20,0.189964157706093,"CHR_128_1",1,NA,0,4,"no",16.1,16.80360253,22.7877451,75,-0.666047261839958,0.264789915692027,-0.462001728113777,16.98,13.00562645,26.1463443,93,0.397002234939508,-0.179380228057897,0.692122624034258,0.682329382301329,-0.75378628983068,0,"large","first","dist.20","dist.20","dist.20",0,-0.574279387221214,0.138141843147924,1.85501086327307,1.24200585669334,0.564019367350756,-0.96234197733198,-0.610003960994292
"2870-65003","2850-57742","2870-65003_2850-57742",2,"CHR",150,"CHR-150","0",11,18.33185936,0,-23,0.154838709677419,"CHR_150_2",1,NA,0,1,"no",16.1,16.80360253,22.7877451,75,-0.666047261839958,0.264789915692027,-0.462001728113777,16.98,13.00562645,26.1463443,93,0.397002234939508,-0.179380228057897,0.692122624034258,1.05091122514749,-0.75378628983068,0,"large","second","dist.20","dist.20","dist.20",0,-1.00681645190596,0.138141843147924,1.85501086327307,1.24200585669334,0.564019367350756,-0.96234197733198,-0.610003960994292
"2870-65003","2850-57744","2870-65003_2850-57744",1,"CHR",128,"CHR-128","0",10,26.62753665,9,-2,0.157706093189964,"CHR_128_1",1,NA,0,4,"no",16.1,16.80360253,22.7877451,75,-0.666047261839958,0.264789915692027,-0.462001728113777,14.77,24.63866733,20.45419575,84.5,-0.618526992834355,2.80911108724386,-0.47150136233152,2.2373808529481,1.6643004221014,0,"large","first","dist.20+","dist.20+","dist.20+",0,-0.971507303768431,0.138141843147924,1.85501086327307,1.24200585669334,-0.411550717693951,1.14723185861105,0.256764043881684
"2870-65003","2850-57744","2870-65003_2850-57744",2,"CHR",150,"CHR-150","0",11,27.06540954,10,1,0.12258064516129,"CHR_150_2",1,NA,0,1,"no",16.1,16.80360253,22.7877451,75,-0.666047261839958,0.264789915692027,-0.462001728113777,14.77,24.63866733,20.45419575,84.5,-0.618526992834355,2.80911108724386,-0.47150136233152,2.30000658761216,1.93297672342719,0,"large","second","dist.20+","dist.20+","dist.20+",0,-1.40404436845318,0.138141843147924,1.85501086327307,1.24200585669334,-0.411550717693951,1.14723185861105,0.256764043881684
"2870-65003","2850-57745","2870-65003_2850-57745",1,"CHR",128,"CHR-128","0",10,1.750754902,0,-15,0.189964157706093,"CHR_128_1",1,NA,0,4,"no",16.1,16.80360253,22.7877451,75,-0.666047261839958,0.264789915692027,-0.462001728113777,16.33,11.89491525,19.28173812,85,-0.558789979435893,-0.464718413425676,-0.711182356121742,-1.32056203099292,-0.75378628983068,0,"large","first","dist.05","dist.05","dist.10",0,-0.574279387221214,0.138141843147924,1.85501086327307,1.24200585669334,NA,NA,NA
"2870-65003","2850-57745","2870-65003_2850-57745",2,"CHR",150,"CHR-150","0",11,3.621011196,0,-29,0.154838709677419,"CHR_150_2",1,NA,0,1,"no",16.1,16.80360253,22.7877451,75,-0.666047261839958,0.264789915692027,-0.462001728113777,16.33,11.89491525,19.28173812,85,-0.558789979435893,-0.464718413425676,-0.711182356121742,-1.05307304709659,-0.75378628983068,0,"large","second","dist.05","dist.05","dist.10",0,-1.00681645190596,0.138141843147924,1.85501086327307,1.24200585669334,NA,NA,NA
"2870-65003","2850-57806","2870-65003_2850-57806",1,"CHR",128,"CHR-128","0",10,6.207264631,0,-23,0.189964157706093,"CHR_128_1",1,NA,0,4,"no",16.1,16.80360253,22.7877451,75,-0.666047261839958,0.264789915692027,-0.462001728113777,15.88,11.25502825,14.26422898,83.83333333,-0.698176344430552,-0.62910335473214,-1.73689240845576,-0.683180265211087,-0.75378628983068,0,"large","first","dist.10","dist.10","dist.10",0,-0.574279387221214,0.138141843147924,1.85501086327307,1.24200585669334,0.224690642671068,-0.312822534834813,0.766781208645738
"2870-65003","2850-57806","2870-65003_2850-57806",2,"CHR",150,"CHR-150","0",11,5.738242995,0,-20,0.154838709677419,"CHR_150_2",1,NA,0,1,"no",16.1,16.80360253,22.7877451,75,-0.666047261839958,0.264789915692027,-0.462001728113777,15.88,11.25502825,14.26422898,83.83333333,-0.698176344430552,-0.62910335473214,-1.73689240845576,-0.750260975615065,-0.75378628983068,0,"large","second","dist.10","dist.10","dist.10",0,-1.00681645190596,0.138141843147924,1.85501086327307,1.24200585669334,0.224690642671068,-0.312822534834813,0.766781208645738
"2870-65003","2850-57808","2870-65003_2850-57808",1,"CHR",128,"CHR-128","0",10,12.51519135,0,-23,0.189964157706093,"CHR_128_1",1,NA,0,4,"no",16.1,16.80360253,22.7877451,75,-0.666047261839958,0.264789915692027,-0.462001728113777,17.44,11.46748421,15.37756564,100,1.23332042251798,-0.574524092276724,-1.50929728666711,0.218996037561348,-0.75378628983068,0,"large","first","dist.20","dist.20","dist.20",0,-0.574279387221214,0.138141843147924,1.85501086327307,1.24200585669334,0.564019367350756,-2.00209196155345,-1.05591017852521
"2870-65003","2850-57808","2870-65003_2850-57808",2,"CHR",150,"CHR-150","0",11,13.87186793,0,-24,0.154838709677419,"CHR_150_2",1,NA,0,1,"no",16.1,16.80360253,22.7877451,75,-0.666047261839958,0.264789915692027,-0.462001728113777,17.44,11.46748421,15.37756564,100,1.23332042251798,-0.574524092276724,-1.50929728666711,0.413031497313231,-0.75378628983068,0,"large","second","dist.20","dist.20","dist.20",0,-1.00681645190596,0.138141843147924,1.85501086327307,1.24200585669334,0.564019367350756,-2.00209196155345,-1.05591017852521
"2870-65003","2850-57881","2870-65003_2850-57881",1,"CHR",128,"CHR-128","0",10,11.9443778,0,-18,0.189964157706093,"CHR_128_1",1,NA,0,4,"no",16.1,16.80360253,22.7877451,75,-0.666047261839958,0.264789915692027,-0.462001728113777,16.55,11.73463277,21.93833167,84.83333333,-0.578702317633627,-0.50589447430401,-0.16810517715307,0.137356779362571,-0.75378628983068,0,"large","first","dist.20","dist.20","dist.20",0,-0.574279387221214,0.138141843147924,1.85501086327307,1.24200585669334,-0.835711625452285,0.553081751767378,1.79200900661347
"2870-65003","2850-57881","2870-65003_2850-57881",2,"CHR",150,"CHR-150","0",11,12.75965136,0,-10,0.154838709677419,"CHR_150_2",1,NA,0,1,"no",16.1,16.80360253,22.7877451,75,-0.666047261839958,0.264789915692027,-0.462001728113777,16.55,11.73463277,21.93833167,84.83333333,-0.578702317633627,-0.50589447430401,-0.16810517715307,0.253959352422507,-0.75378628983068,0,"large","second","dist.20","dist.20","dist.20",0,-1.00681645190596,0.138141843147924,1.85501086327307,1.24200585669334,-0.835711625452285,0.553081751767378,1.79200900661347
"2850-57650","2850-57671","2850-57650_2850-57671",1,"CHR",25,"CHR-25","0",0,16.66597055,0,12,0.287390029325513,"CHR_25_1",1,NA,0,4,"no",16.49,17.68973745,37.8482436,74.33333333,-0.835711625452285,0.553081751767378,1.79200900661347,17.53,16.28350449,28.84180791,75.83333333,-1.65396855880595,0.662696246718346,1.24314585953504,0.812651417387064,-0.75378628983068,0,"large","first","dist.20","dist.20","dist.20",0,0.62542916881533,-0.578702317633627,-0.50589447430401,-0.16810517715307,0.606435458890079,1.16785270969026,0.187430780520441
"2850-57650","2850-57671","2850-57650_2850-57671",2,"CHR",95,"CHR-95","0",0,15.88814409,0,-45,0.172043010752688,"CHR_95_2",1,NA,0,3,"no",16.49,17.68973745,37.8482436,74.33333333,-0.835711625452285,0.553081751767378,1.79200900661347,17.53,16.28350449,28.84180791,75.83333333,-1.65396855880595,0.662696246718346,1.24314585953504,0.701404627254312,-0.75378628983068,0,"large","second","dist.20","dist.20","dist.20",0,-0.79496156308078,-0.578702317633627,-0.50589447430401,-0.16810517715307,0.606435458890079,1.16785270969026,0.187430780520441
"2850-57654","2850-57733","2850-57654_2850-57733",1,"CHR",80,"CHR-80","0",0,2.551559921,0,24,0.372759856630824,"CHR_80_1",1,"ep_same",1,4,"yes",16.58,17.81852775,29.97126288,79.83333333,0.564019367350756,0.594981908524202,0.613110506001452,15.66,14.84394317,20.45213858,102,1.47226847611183,0.292877508261001,-0.471921901664779,-1.20602878679607,-0.75378628983068,1,"large","first","dist.05","dist.05","dist.10",0.25,1.67667880654635,-0.220280237242851,-1.17171658585126,0.964988048569367,0.606435458890079,-1.12204057333336,-0.450386497816471
"2850-57670","2850-57733","2850-57670_2850-57733",1,"CHR",73,"CHR-73","0",0,7.926572026,0,21,0.332258064516129,"CHR_73_1",1,NA,0,5,"no",18.2,19.57938518,27.12702227,80,0.606435458890079,1.16785270969026,0.187430780520441,15.66,14.84394317,20.45213858,102,1.47226847611183,0.292877508261001,-0.471921901664779,-0.437280390648767,-0.75378628983068,0,"large","first","dist.10","dist.10","dist.10",0,1.17793708910373,-1.65396855880595,0.662696246718346,1.24314585953504,0.606435458890079,-1.12204057333336,-0.450386497816471
"2850-57736","2850-57570","2850-57736_2850-57570",1,"CHR",43,"CHR-43","0",0,2.83997057,0,12,0.345161290322581,"CHR_43_1",1,NA,0,5,"no",18.71,18.82615819,20.40757062,73,-1.17504035013197,0.922800644787313,-0.818227574717981,16.51,16.84077767,23.06811898,90,0.038580154548733,0.805857959623855,0.0628528876022267,-1.16477953572103,-0.75378628983068,0,"large","first","dist.05","dist.05","dist.10",0,1.33682825572263,1.49218081789379,-0.807622320284185,0.735008293751907,-0.157054173547943,-1.42571858026568,-1.08665491345185
"2850-57736","2850-57577","2850-57736_2850-57577",1,"CHR",43,"CHR-43","0",0,8.376653586,0,12,0.345161290322581,"CHR_43_1",1,NA,0,5,"no",18.71,18.82615819,20.40757062,73,-1.17504035013197,0.922800644787313,-0.818227574717981,18.2,20.92472416,28.83623131,90.83333333,0.138141843147924,1.85501086327307,1.24200585669334,-0.372908539827516,-0.75378628983068,0,"large","first","dist.10","dist.10","dist.10",0,1.33682825572263,1.49218081789379,-0.807622320284185,0.735008293751907,-0.666047261839958,0.264789915692027,-0.462001728113777
"2850-57736","2850-57733","2850-57736_2850-57733",1,"CHR",43,"CHR-43","0",0,17.22238643,0,27,0.345161290322581,"CHR_43_1",1,NA,0,5,"no",18.71,18.82615819,20.40757062,73,-1.17504035013197,0.922800644787313,-0.818227574717981,15.66,14.84394317,20.45213858,102,1.47226847611183,0.292877508261001,-0.471921901664779,0.892231482879938,-0.75378628983068,0,"large","first","dist.20","dist.20","dist.20",0,1.33682825572263,1.49218081789379,-0.807622320284185,0.735008293751907,0.606435458890079,-1.12204057333336,-0.450386497816471
"2870-64909","2850-57567","2870-64909_2850-57567",1,"CHR",148,"CHR-148","0",0,18.55353287,0,-62,0.138709677419355,"CHR_148_2",1,NA,0,4,"no",17.46,13.53066633,38.09591392,72,-1.42953689427798,-0.800014963519235,1.82907627632923,16.6,10.56012296,26.35612994,102.1666667,1.49218081789379,-0.807622320284185,0.735008293751907,1.08261555472887,-0.75378628983068,0,"large","first","dist.20","dist.20","dist.20",0,-1.20543041017957,-0.140630885646655,NA,1.17303054549732,-1.17504035013197,0.922800644787313,-0.818227574717981
"2870-64909","2850-57579","2870-64909_2850-57579",1,"CHR",148,"CHR-148","0",0,2.929437939,0,-42,0.138709677419355,"CHR_148_2",1,NA,0,4,"no",17.46,13.53066633,38.09591392,72,-1.42953689427798,-0.800014963519235,1.82907627632923,16.3,11.31949153,24.77905949,93.5,0.456739248337971,-0.612542942504321,0.412613860843324,-1.15198367683128,-0.75378628983068,0,"large","first","dist.05","dist.05","dist.10",0,-1.20543041017957,-0.140630885646655,NA,1.17303054549732,0.394355006283394,0.252942547897877,-0.257226498974273
"2870-64909","2850-57580","2870-64909_2850-57580",1,"CHR",148,"CHR-148","0",0,3.544185385,0,-59,0.138709677419355,"CHR_148_2",1,NA,0,4,"no",17.46,13.53066633,38.09591392,72,-1.42953689427798,-0.800014963519235,1.82907627632923,16.2,9.142844799,27.48113161,87.83333333,-0.220280237242851,-1.17171658585126,0.964988048569367,-1.0640608770466,-0.75378628983068,0,"large","first","dist.05","dist.05","dist.10",0,-1.20543041017957,-0.140630885646655,NA,1.17303054549732,0.564019367350756,0.594981908524202,0.613110506001452
"2870-64909","2850-57671","2870-64909_2850-57671",1,"CHR",148,"CHR-148","0",0,6.474092626,0,-56,0.138709677419355,"CHR_148_2",1,NA,0,4,"no",17.46,13.53066633,38.09591392,72,-1.42953689427798,-0.800014963519235,1.82907627632923,17.53,16.28350449,28.84180791,75.83333333,-1.65396855880595,0.662696246718346,1.24314585953504,-0.645017822188374,-0.75378628983068,0,"large","first","dist.10","dist.10","dist.10",0,-1.20543041017957,-0.140630885646655,NA,1.17303054549732,0.606435458890079,1.16785270969026,0.187430780520441
